page,pos,token,ctx,fixed_denom,effect_denom,has_interval,candidate
README.md,6229,68%, sex-label permutation null's 95th percentile is **0.0281** against a median \|Δ\| of **0.0411** across the seven — **the null is 68% of the effect.** **Per-facet BH passes and aggregate strength does not; both have to be s,0,1,0,1
README.md,9536,−28.5%,"true correlation, the noise and the marginal skew all known, on four categories (as in GSS), 27 cells, 200 replicates each: **raw −28.5% · ceiling-normalised only −22.2% · disattenuated only −16.6% · both composed −9.5%** — **",0,0,0,0
README.md,9569,−22.2%,"he marginal skew all known, on four categories (as in GSS), 27 cells, 200 replicates each: **raw −28.5% · ceiling-normalised only −22.2% · disattenuated only −16.6% · both composed −9.5%** — **all four under-estimate, the comp",0,0,0,0
README.md,9597,−16.6%,"on four categories (as in GSS), 27 cells, 200 replicates each: **raw −28.5% · ceiling-normalised only −22.2% · disattenuated only −16.6% · both composed −9.5%** — **all four under-estimate, the composition is closest, and the ",0,0,0,0
README.md,9620,−9.5%,"in GSS), 27 cells, 200 replicates each: **raw −28.5% · ceiling-normalised only −22.2% · disattenuated only −16.6% · both composed −9.5%** — **all four under-estimate, the composition is closest, and the two improvements are c",0,0,0,0
README.md,9860,9.5%,"e, so they are not correcting the same thing and may be composed** (Entry 736). ⚠ **And even composed it still under-estimates by 9.5%, because four-category discretisation itself attenuates by 12–13% and none of the four es",0,0,0,0
README.md,9927,13%,"(Entry 736). ⚠ **And even composed it still under-estimates by 9.5%, because four-category discretisation itself attenuates by 12–13% and none of the four estimators repairs that.** ⇒ **Every normalised number on this page ",0,0,0,0
README.md,10515,4×,"count**, so normalisation does far more work here than the simulation suggested. The pre-registered mechanism check passed (mixed 4×5 ceiling 0.9544 < same-category 0.9914, normalisation contributing +0.036 against +0.007)",0,0,0,0
README.md,11587,1.61%,"ht one moving by a factor of 1.9. Measured, **only one kind bites**: at the same B = 4,000, a **permutation null's relative SD is 1.61%, while subsampling a structured block space is 10.73% — 6.7× worse**, and the combinatori",0,0,0,0
README.md,11640,10.73%,"e kind bites**: at the same B = 4,000, a **permutation null's relative SD is 1.61%, while subsampling a structured block space is 10.73% — 6.7× worse**, and the combinatorial arm is **not reliably improved by drawing more** (t",0,0,0,0
README.md,12036,2%,"eration** (MFQ k=6 · GSS k=4 · NSFG k=3/k7 · SCCS k=4); **for the remaining permutation-null rows the denominator wobbles at the ~2% level, which changes no ratio's reading** `[#719「分母自己的抖动量出来了,而咬人的只有一类」]`. ⚠ **Carrying th",0,0,0,0
README.md,15382,38%,"ts 0.5789 / 0.1726 cell for cell, with pair counts 200 / 4,750 identical to the word. **And 1,786 of the 4,750 cross-facet pairs (38%) are negative** ⇒ by the rule `#607` already established, **a median of absolute values o",0,0,0,0
README.md,21670,**9.85%,"s **halo null did not act**: permuting the four target values within a society moves the composite (a four-target z-mean) by only **9.85% of its own SD** — **it is a no-op control, and its giving ≈ the observed value on every r",0,1,0,1
README.md,23932,98.0%," how wrong cheating the state is) = +0.1317, disattenuated +0.1910**; **removing the latter entirely leaves the four sexual items 98.0% as coherent, and 97.2% even assuming the control is perfectly reliable**. ⚠ The thing mos",0,0,0,0
README.md,23955,97.2%," state is) = +0.1317, disattenuated +0.1910**; **removing the latter entirely leaves the four sexual items 98.0% as coherent, and 97.2% even assuming the control is perfectly reliable**. ⚠ The thing most likely to fool me her",0,0,0,0
README.md,25136,97%,th units give the same direction through completely different magnitudes (+0.6558 vs ≤+0.3030 at the society level; +0.13 against 97% retention at the person level) — exactly the shape `#737` established: direction transfer,0,1,0,1
README.md,25655,59.5%,"NEXT. On a second person-level instrument (MFQ, n=7267): **ρ(sex, general morality) = +0.3161, and partialling it out leaves only 59.5%** — **the two instruments disagree.** Do not average; find the assumption they differ on:",0,0,0,0
README.md,26055,94.9%,") = +0.0060 · (fairness) = −0.1685 · (ingroup) = +0.4194 · (authority) = +0.5001**; **partialling out harm+fairness leaves sex at 94.9%, agreeing with GSS's 97.2%; partialling out ingroup+authority leaves 60.6%.** ⇒ **How str",0,0,0,0
README.md,26082,97.2%,"−0.1685 · (ingroup) = +0.4194 · (authority) = +0.5001**; **partialling out harm+fairness leaves sex at 94.9%, agreeing with GSS's 97.2%; partialling out ingroup+authority leaves 60.6%.** ⇒ **How strict a person is about sex h",0,0,0,0
README.md,26130,60.6%,".5001**; **partialling out harm+fairness leaves sex at 94.9%, agreeing with GSS's 97.2%; partialling out ingroup+authority leaves 60.6%.** ⇒ **How strict a person is about sex has almost nothing to do with whether they think ",0,0,0,0
README.md,29349,63.6%,"h correlations are high"" may be one thing rather than two. Cut them apart: **partialling out ingroup leaves chastity×authority at 63.6% (14.0× its own null), while partialling out authority leaves chastity×ingroup at 26.5% (s",0,0,0,0
README.md,29436,26.5%,"g out ingroup leaves chastity×authority at 63.6% (14.0× its own null), while partialling out authority leaves chastity×ingroup at 26.5% (still 4.9× its own null, so not zero).** ⚠ **Neither pre-registered threshold was met, a",0,0,0,0
README.md,29703,75%,"than re-run with adjusted ones** — a threshold chosen after seeing the result is a narrative. **What could not be decided was the 75% I picked, not the world**: both partials sit far above their own nulls, so whether there ",0,0,0,0
README.md,33388,**80%,"n is **0.20×** that, below the noise floor; and injecting lead strengths of 0.1→0.8 gives detection rates of only 0.044→0.551, so **80% power is unreachable anywhere on the grid**. ⚠ Worth stating precisely: the detrended res",0,0,0,0
README.md,34539,87.7%,"SS probability sample (n≈16,000), partialling out `polviews` entirely leaves **`obey`'s link to the four sexual items at a median 87.7%** (86–90%), with a specification curve of **87.9% (linear) / 87.4% (seven dummies) / 78.6",0,0,0,0
README.md,34551,90%,"ty sample (n≈16,000), partialling out `polviews` entirely leaves **`obey`'s link to the four sexual items at a median 87.7%** (86–90%), with a specification curve of **87.9% (linear) / 87.4% (seven dummies) / 78.6% (plus ye",0,0,0,0
README.md,34587,**87.9%,"t `polviews` entirely leaves **`obey`'s link to the four sexual items at a median 87.7%** (86–90%), with a specification curve of **87.9% (linear) / 87.4% (seven dummies) / 78.6% (plus year dummies)** — all three on the same si",0,0,0,0
README.md,34606,87.4%,"ly leaves **`obey`'s link to the four sexual items at a median 87.7%** (86–90%), with a specification curve of **87.9% (linear) / 87.4% (seven dummies) / 78.6% (plus year dummies)** — all three on the same side. Politics does",0,0,0,0
README.md,34630,78.6%,"k to the four sexual items at a median 87.7%** (86–90%), with a specification curve of **87.9% (linear) / 87.4% (seven dummies) / 78.6% (plus year dummies)** — all three on the same side. Politics does explain something — **−",0,0,0,0
README.md,34806,12.1%," same side. Politics does explain something — **−0.0332, which is 594.5× its own spread, genuinely real** — **but it accounts for 12.1%.** ⇒ **Strip political left–right out entirely and seven-eighths of the link between want",0,0,0,0
README.md,35785,13.7%,"osite direction to what I expected: **MFQ's ""the more you value chastity the less you value fairness"", −0.2116, drops to −0.0290 (13.7%) once politics is removed**; GSS's `helpoth` sits near zero before and after. **⇒ With po",0,1,0,1
README.md,36087,12.1%," that negative sign was almost entirely political sorting.** ⚠ The two instruments disagree about how much politics explains (GSS 12.1%, MFQ about 30%), and MFQ comes from a politics-interest platform; **the verdict was place",0,0,0,0
README.md,36104,30%,"gn was almost entirely political sorting.** ⚠ The two instruments disagree about how much politics explains (GSS 12.1%, MFQ about 30%), and MFQ comes from a politics-interest platform; **the verdict was placed on the probab",0,0,0,0
README.md,36615,90.6%,"bound to piety"", which is again already known. On the same rows (n=9,580–10,467), partialling out each in turn: **politics leaves 90.6% · attendance 79.0% · fundamentalism 82.3% · strength of identification 86.2% · all three ",0,0,0,0
README.md,36634,79.0%,"ich is again already known. On the same rows (n=9,580–10,467), partialling out each in turn: **politics leaves 90.6% · attendance 79.0% · fundamentalism 82.3% · strength of identification 86.2% · all three religion measures t",0,0,0,0
README.md,36657,82.3%,"own. On the same rows (n=9,580–10,467), partialling out each in turn: **politics leaves 90.6% · attendance 79.0% · fundamentalism 82.3% · strength of identification 86.2% · all three religion measures together 66.9% · religio",0,0,0,0
README.md,36692,86.2%,"67), partialling out each in turn: **politics leaves 90.6% · attendance 79.0% · fundamentalism 82.3% · strength of identification 86.2% · all three religion measures together 66.9% · religion plus politics 62.4%**. ⇒ **Of the",0,0,0,0
README.md,36737,66.9%, leaves 90.6% · attendance 79.0% · fundamentalism 82.3% · strength of identification 86.2% · all three religion measures together 66.9% · religion plus politics 62.4%**. ⇒ **Of the link between policing other people's sex and,0,0,0,0
README.md,36768,62.4%,"% · fundamentalism 82.3% · strength of identification 86.2% · all three religion measures together 66.9% · religion plus politics 62.4%**. ⇒ **Of the link between policing other people's sex and wanting children to obey, abou",0,0,0,0
README.md,37132,21.0%,"And within religion, **how often you attend (what you do) explains more than how strongly you identify (what you call yourself) — 21.0% against 13.8%.** ⚠ **The verdict is W-M: 66.9% falls inside the 50%–75% band I pre-regist",0,0,0,0
README.md,37146,13.8%,"igion, **how often you attend (what you do) explains more than how strongly you identify (what you call yourself) — 21.0% against 13.8%.** ⚠ **The verdict is W-M: 66.9% falls inside the 50%–75% band I pre-registered, so it is",0,0,0,0
README.md,37179,66.9%,"at you do) explains more than how strongly you identify (what you call yourself) — 21.0% against 13.8%.** ⚠ **The verdict is W-M: 66.9% falls inside the 50%–75% band I pre-registered, so it is undecidable, and I did not chang",0,0,0,0
README.md,37202,50%,"e than how strongly you identify (what you call yourself) — 21.0% against 13.8%.** ⚠ **The verdict is W-M: 66.9% falls inside the 50%–75% band I pre-registered, so it is undecidable, and I did not change the threshold.** ⚠⚠",0,0,0,0
README.md,37206,75%,"an how strongly you identify (what you call yourself) — 21.0% against 13.8%.** ⚠ **The verdict is W-M: 66.9% falls inside the 50%–75% band I pre-registered, so it is undecidable, and I did not change the threshold.** ⚠⚠ **A",0,0,0,0
README.md,37434,63.6%,"at most deserves recording here is about me: this is the second consecutive landing inside my own middle band** (the previous was 63.6%). Neither time was the world being vague — **I am picking thresholds as round numbers**, ",0,0,0,0
README.md,37663,9.4%," they should be derived from something measurable: the effect's own null, the MDE, or another known explanator's share (politics' 9.4% here is a ready-made ruler). ⚠ The three religion measures are correlated with one anothe",0,1,0,1
README.md,38211,16.0%,"ird alone.** MFQ carries its own religious-attendance measure, so no exemption was available: on it (n=5,251) **religion explains 16.0%, politics 28.7%, and the residual after both is 62.6%** — **0.2 percentage points from GS",0,0,0,0
README.md,38227,28.7%," carries its own religious-attendance measure, so no exemption was available: on it (n=5,251) **religion explains 16.0%, politics 28.7%, and the residual after both is 62.6%** — **0.2 percentage points from GSS's 62.4%.** ⇒ *",0,0,0,0
README.md,38265,62.6%,"measure, so no exemption was available: on it (n=5,251) **religion explains 16.0%, politics 28.7%, and the residual after both is 62.6%** — **0.2 percentage points from GSS's 62.4%.** ⇒ **The two instruments reverse each othe",0,0,0,0
README.md,38310,62.4%," (n=5,251) **religion explains 16.0%, politics 28.7%, and the residual after both is 62.6%** — **0.2 percentage points from GSS's 62.4%.** ⇒ **The two instruments reverse each other on whether religion or politics matters (GS",0,0,0,0
README.md,39339,16.8%," on the same residual while reversing which factor dominates. ⚠ In passing, MFQ's chastity×fairness goes from −0.2040 to −0.0342 (16.8%) once politics is removed, matching the 13.7% measured on the same instrument above — **t",0,0,0,0
README.md,39385,13.7%,"ctor dominates. ⚠ In passing, MFQ's chastity×fairness goes from −0.2040 to −0.0342 (16.8%) once politics is removed, matching the 13.7% measured on the same instrument above — **that negative sign is political sorting, and it",0,0,0,0
README.md,39806,75%," had picked myself, which deserves its own repair because the world was not being vague.** The old form was ""does retention clear 75% or fall under 50%"", and that line was a round number I chose. The new form: **a verdict c",0,0,0,0
README.md,39824,50%,", which deserves its own repair because the world was not being vague.** The old form was ""does retention clear 75% or fall under 50%"", and that line was a round number I chose. The new form: **a verdict compares only measu",0,0,0,0
README.md,40726,75%,"d flatly: this is not relaxing a threshold after the fact.** Both old verdicts remain correct as answers to ""does retention clear 75%""; **what is retired is the form of the question** — when a question needs me to pick a li",0,0,0,0
README.md,41734,33.1%,"le**, and that is precisely the reference group for a religion analysis. Fixing it raises n from 9,580 to 12,151, moving religion 33.1%→33.5% and the residual 62.4%→**61.0%** — **a real defect with a small consequence, and th",0,0,0,0
README.md,41740,33.5%,"and that is precisely the reference group for a religion analysis. Fixing it raises n from 9,580 to 12,151, moving religion 33.1%→33.5% and the residual 62.4%→**61.0%** — **a real defect with a small consequence, and the clai",0,0,0,0
README.md,41763,62.4%,"he reference group for a religion analysis. Fixing it raises n from 9,580 to 12,151, moving religion 33.1%→33.5% and the residual 62.4%→**61.0%** — **a real defect with a small consequence, and the claim stands under it.** ⚠ ",0,0,0,0
README.md,41769,**61.0%,"erence group for a religion analysis. Fixing it raises n from 9,580 to 12,151, moving religion 33.1%→33.5% and the residual 62.4%→**61.0%** — **a real defect with a small consequence, and the claim stands under it.** ⚠ The expo",0,0,0,0
README.md,42422,33.3%,"rded by me as ""residual"".** Dividing the control constructs' correlations by √reliability and recomputing the partial: **religion 33.3%→47.1%, residual 63.3%→49.0%, and residual/religion falls from 1.90× to 1.04×.** ⇒ **The p",0,0,0,0
README.md,42428,47.1%,"y me as ""residual"".** Dividing the control constructs' correlations by √reliability and recomputing the partial: **religion 33.3%→47.1%, residual 63.3%→49.0%, and residual/religion falls from 1.90× to 1.04×.** ⇒ **The previou",0,0,0,0
README.md,42444,63.3%,"l"".** Dividing the control constructs' correlations by √reliability and recomputing the partial: **religion 33.3%→47.1%, residual 63.3%→49.0%, and residual/religion falls from 1.90× to 1.04×.** ⇒ **The previous row's ""the res",0,0,0,0
README.md,42450,49.0%,"Dividing the control constructs' correlations by √reliability and recomputing the partial: **religion 33.3%→47.1%, residual 63.3%→49.0%, and residual/religion falls from 1.90× to 1.04×.** ⇒ **The previous row's ""the residual ",0,0,0,0
README.md,42859,33.3%,"cales, so the correction overshoots, **and it overshoots in exactly the direction that shrinks the residual**, giving **religion [33.3%, 47.1%], residual [49.0%, 63.3%], residual/religion [1.04×, 1.90×]** — **the interval con",0,1,1,0
README.md,42866,47.1%,"so the correction overshoots, **and it overshoots in exactly the direction that shrinks the residual**, giving **religion [33.3%, 47.1%], residual [49.0%, 63.3%], residual/religion [1.04×, 1.90×]** — **the interval contains 1",0,1,1,0
README.md,42884,49.0%,"overshoots, **and it overshoots in exactly the direction that shrinks the residual**, giving **religion [33.3%, 47.1%], residual [49.0%, 63.3%], residual/religion [1.04×, 1.90×]** — **the interval contains 1, so ""much larger ",0,1,1,0
README.md,42891,63.3%,"ots, **and it overshoots in exactly the direction that shrinks the residual**, giving **religion [33.3%, 47.1%], residual [49.0%, 63.3%], residual/religion [1.04×, 1.90×]** — **the interval contains 1, so ""much larger than re",0,1,1,0
README.md,43274,6.8%,"ternal consistency check I had not designed for came out right here: the political composite (`polviews`+`partyid`) explains only 6.8% raw, **less than `polviews` alone at 11.5%** — averaging a good indicator with a worse on",0,0,0,0
README.md,43316,11.5%,"d for came out right here: the political composite (`polviews`+`partyid`) explains only 6.8% raw, **less than `polviews` alone at 11.5%** — averaging a good indicator with a worse one adds noise — **and the reliability correc",0,0,0,0
README.md,43430,11.6%,"views` alone at 11.5%** — averaging a good indicator with a worse one adds noise — **and the reliability correction returns it to 11.6%, almost exactly the single indicator's value.**`[#765「我的过滤器删掉了参照组,而真正咬人的是控制量的信度」]`. ⚠ **T",0,0,0,0
README.md,43964,33.3%,"form loadings, λ² = [0.476, 0.717, 0.276], all inside (0,1)): **ω = 0.7352 > α = 0.7287**, tightening the interval to **religion [33.3%, 46.7%], residual [49.4%, 63.3%], residual/religion [1.06×, 1.90×]** — **still containing",0,0,1,0
README.md,43971,46.7%,"adings, λ² = [0.476, 0.717, 0.276], all inside (0,1)): **ω = 0.7352 > α = 0.7287**, tightening the interval to **religion [33.3%, 46.7%], residual [49.4%, 63.3%], residual/religion [1.06×, 1.90×]** — **still containing 1, so ",0,0,1,0
README.md,43989,49.4%,"6, 0.717, 0.276], all inside (0,1)): **ω = 0.7352 > α = 0.7287**, tightening the interval to **religion [33.3%, 46.7%], residual [49.4%, 63.3%], residual/religion [1.06×, 1.90×]** — **still containing 1, so the retraction abo",0,0,1,0
README.md,43996,63.3%,"7, 0.276], all inside (0,1)): **ω = 0.7352 > α = 0.7287**, tightening the interval to **religion [33.3%, 46.7%], residual [49.4%, 63.3%], residual/religion [1.06×, 1.90×]** — **still containing 1, so the retraction above stan",0,0,1,0
README.md,46006,1.9%,"d a different lead. The answer came in two layers: **a person's last-year conduct (partners, frequency, infidelity) explains only 1.9%** — under a third of politics' lower bound. ⚠⚠ **But the first arm used the wrong instrum",0,0,0,0
README.md,46337,**9.1%,"dentically 1 and says nothing about their history, **while the folk theory is about a lifetime**. Switching to lifetime partners: **9.1%, 4.8× the last-year figure**, landing inside politics' interval; and it is not age (age a",0,0,0,0
README.md,46447,1.4%," lifetime partners: **9.1%, 4.8× the last-year figure**, landing inside politics' interval; and it is not age (age alone explains 1.4%). ⚠⚠ **And the second arm carries a confound I did not write before the run and must stat",0,0,0,0
README.md,46745,**5.8%,"al sex, so `lifetime` and `premarsx` overlap semantically — on the least entangled item (attitudes to homosexuality) the share is **5.8%**. ⇒ **Own lifetime sexual history explains [5.8%, 12.4%]; religion explains [33.3%, 46.7",0,0,1,0
README.md,46797,5.8%,"cally — on the least entangled item (attitudes to homosexuality) the share is **5.8%**. ⇒ **Own lifetime sexual history explains [5.8%, 12.4%]; religion explains [33.3%, 46.7%].** **""Policing others is policing yourself"" is ",0,0,1,0
README.md,46803,12.4%,"— on the least entangled item (attitudes to homosexuality) the share is **5.8%**. ⇒ **Own lifetime sexual history explains [5.8%, 12.4%]; religion explains [33.3%, 46.7%].** **""Policing others is policing yourself"" is a littl",0,0,1,0
README.md,46830,33.3%,"em (attitudes to homosexuality) the share is **5.8%**. ⇒ **Own lifetime sexual history explains [5.8%, 12.4%]; religion explains [33.3%, 46.7%].** **""Policing others is policing yourself"" is a little bit true and nowhere near",0,0,1,0
README.md,46837,46.7%,"itudes to homosexuality) the share is **5.8%**. ⇒ **Own lifetime sexual history explains [5.8%, 12.4%]; religion explains [33.3%, 46.7%].** **""Policing others is policing yourself"" is a little bit true and nowhere near the ma",0,0,1,0
README.md,47399,5.8%," at 50 on a sample of women 15–44, **both of which compress the contrast.**`[#768「管别人的性,一点点是在管自己一生做过的事,几乎不是在管去年」]`. ⚠⚠ **And that 5.8% lower bound was picked by me after the fact, not measured** — I decided only after seeing",0,0,0,0
README.md,47914,12.2%,"**The slope is +0.2982 — the share does rise with entanglement, so the worry was correct** (`premarsx` at entanglement 0.34 gives 12.2%; `homosex` at 0.21 gives 5.9%). **The intercept is 1.9% with a 95% interval of [−2.2%, 6.",0,0,1,0
README.md,47945,5.9%,"are does rise with entanglement, so the worry was correct** (`premarsx` at entanglement 0.34 gives 12.2%; `homosex` at 0.21 gives 5.9%). **The intercept is 1.9% with a 95% interval of [−2.2%, 6.2%].** ⚠ **But the pre-registe",0,0,1,0
README.md,47971,1.9%,"ement, so the worry was correct** (`premarsx` at entanglement 0.34 gives 12.2%; `homosex` at 0.21 gives 5.9%). **The intercept is 1.9% with a 95% interval of [−2.2%, 6.2%].** ⚠ **But the pre-registered branch fires honestly:",0,0,1,0
README.md,47983,95%,"e worry was correct** (`premarsx` at entanglement 0.34 gives 12.2%; `homosex` at 0.21 gives 5.9%). **The intercept is 1.9% with a 95% interval of [−2.2%, 6.2%].** ⚠ **But the pre-registered branch fires honestly: that inter",0,0,1,0
README.md,48000,−2.2%,"ct** (`premarsx` at entanglement 0.34 gives 12.2%; `homosex` at 0.21 gives 5.9%). **The intercept is 1.9% with a 95% interval of [−2.2%, 6.2%].** ⚠ **But the pre-registered branch fires honestly: that interval is 8.4pp wide a",0,0,1,0
README.md,48007,6.2%,"premarsx` at entanglement 0.34 gives 12.2%; `homosex` at 0.21 gives 5.9%). **The intercept is 1.9% with a 95% interval of [−2.2%, 6.2%].** ⚠ **But the pre-registered branch fires honestly: that interval is 8.4pp wide against",0,0,1,0
README.md,48402,6%," stripped out, own lifetime sexual history becomes indistinguishable from nothing, and this design cannot tell whether it is 0 or 6%.**`[#769「纠缠度不该由我来排,而测出来之后是测不动的」]`. ⚠⚠ **And across all five of those rounds I reported an",1,0,0,0
README.md,51228,−37%,"tself creates, and cannot remove the real change in variance across strata — `xmarsex`'s attitude sd falls from 0.856 to **0.542 (−37%)**, because **the most devout agree with one another and there is less variance left to c",0,0,0,0
README.md,51818,87.8%,"that disagreement entirely: the answer is not in the people, it is in the scale.** Censoring first: **in the most devout tercile, 87.8% say extramarital sex is ""always wrong""** (`teensex` 82.2%, `homosex` 80.5%), against a pr",0,0,0,0
README.md,51876,82.2%,"e, it is in the scale.** Censoring first: **in the most devout tercile, 87.8% say extramarital sex is ""always wrong""** (`teensex` 82.2%, `homosex` 80.5%), against a pre-registered censoring threshold of 60% — **that four-poin",0,0,0,0
README.md,51893,80.5%,"cale.** Censoring first: **in the most devout tercile, 87.8% say extramarital sex is ""always wrong""** (`teensex` 82.2%, `homosex` 80.5%), against a pre-registered censoring threshold of 60% — **that four-point item is already",0,0,0,0
README.md,51949,60%,"7.8% say extramarital sex is ""always wrong""** (`teensex` 82.2%, `homosex` 80.5%), against a pre-registered censoring threshold of 60% — **that four-point item is already at its ceiling for them, and no strength-of-relation ",0,0,0,0
README.md,52951,46.4%,"riance and **cannot fix censoring**, which was written before the run. ⚠ The only item not at its ceiling is `premarsx` (endpoint 46.4%, sd **rising**, slope **not falling**), **three indicators agreeing — and this round does",0,0,0,0
README.md,54559,85.1%,"rly ceiling, the premise was refuted outright by the data:** in the devout tercile `xmarsex`'s endpoint share **never falls below 85.1%** (it was already 87.2% in 1988), and all six threshold windows **return 0 years** — **""b",0,0,0,0
README.md,54583,87.2%," was refuted outright by the data:** in the devout tercile `xmarsex`'s endpoint share **never falls below 85.1%** (it was already 87.2% in 1988), and all six threshold windows **return 0 years** — **""before it saturated"" does",0,0,0,0
README.md,55210,85.9%,"question I had not asked, with its own null attached: **among the devout, the share saying ""always wrong"" fell for `homosex` from 85.9% to 67.4% (2.38× its own null) and for `premarsx` from 53.6% to 40.9% (2.12×), while `xmar",0,0,0,0
README.md,55219,67.4%,"I had not asked, with its own null attached: **among the devout, the share saying ""always wrong"" fell for `homosex` from 85.9% to 67.4% (2.38× its own null) and for `premarsx` from 53.6% to 40.9% (2.12×), while `xmarsex` went",0,0,0,0
README.md,55270,53.6%,"g the devout, the share saying ""always wrong"" fell for `homosex` from 85.9% to 67.4% (2.38× its own null) and for `premarsx` from 53.6% to 40.9% (2.12×), while `xmarsex` went 87.2%→89.6% (0.76×, not clearing its null).** ⇒ **",0,0,0,0
README.md,55279,40.9%,"out, the share saying ""always wrong"" fell for `homosex` from 85.9% to 67.4% (2.38× its own null) and for `premarsx` from 53.6% to 40.9% (2.12×), while `xmarsex` went 87.2%→89.6% (0.76×, not clearing its null).** ⇒ **In one se",0,0,0,0
README.md,55315,87.2%," fell for `homosex` from 85.9% to 67.4% (2.38× its own null) and for `premarsx` from 53.6% to 40.9% (2.12×), while `xmarsex` went 87.2%→89.6% (0.76×, not clearing its null).** ⇒ **In one sentence about people: the most devout",0,0,0,0
README.md,55321,89.6%,"for `homosex` from 85.9% to 67.4% (2.38× its own null) and for `premarsx` from 53.6% to 40.9% (2.12×), while `xmarsex` went 87.2%→89.6% (0.76×, not clearing its null).** ⇒ **In one sentence about people: the most devout third",0,0,0,0
README.md,56130,61.1%,"e two side by side.** Over the same 28 years, across two stratifications and two statistics: **the least devout tercile fell from 61.1% to 21.8%** against the most devout's 85.9%→67.4%; **devout/non-devout ratios are 0.409–0.",0,0,0,0
README.md,56139,21.8%,"e by side.** Over the same 28 years, across two stratifications and two statistics: **the least devout tercile fell from 61.1% to 21.8%** against the most devout's 85.9%→67.4%; **devout/non-devout ratios are 0.409–0.431 on le",0,0,0,0
README.md,56173,85.9%,"s, across two stratifications and two statistics: **the least devout tercile fell from 61.1% to 21.8%** against the most devout's 85.9%→67.4%; **devout/non-devout ratios are 0.409–0.431 on level and 0.328–0.341 on endpoint sh",0,0,0,0
README.md,56179,67.4%,oss two stratifications and two statistics: **the least devout tercile fell from 61.1% to 21.8%** against the most devout's 85.9%→67.4%; **devout/non-devout ratios are 0.409–0.431 on level and 0.328–0.341 on endpoint share re,0,0,0,0
README.md,60065,**5%," thresholds × 2 cohort segmentations × 2 statistics = 50 cells, **37 readable and 13 not, all listed**; the ratio percentiles are **5% 0.185, median 0.375, 95% 0.692, max 1.128**. **Only one cell reaches 1.0: Seg-B · tercile",0,0,0,0
README.md,60091,95%,"mentations × 2 statistics = 50 cells, **37 readable and 13 not, all listed**; the ratio percentiles are **5% 0.185, median 0.375, 95% 0.692, max 1.128**. **Only one cell reaches 1.0: Seg-B · terciles · n≥60 · cohort 1975–19",0,0,0,0
README.md,62302,23%,"tance of the wrong-question-branch family, **and this time it changed the conclusion.** ⚠ Applied back across all 44 cells: **10 (23%) have intervals containing 1.0**, and the split by cohort is remarkably clean — **0/30 fo",0,0,0,0
README.md,64656,2×,"oving to **MSSCQ** (sexual self-concept, **n = 12,789 complete respondents**, resampling **people** rather than year-points): the 2×2 specification grid spans **0.0519**, the four bootstrap widths run 0.0110–0.0171, and **",1,0,1,0
README.md,65685,2×,"string already says ""`#721` measured: 0.5645 vs 0.5856""); ② **and calling it does not give 0.5645 either** — only enumerating the 2×2 matched: **`0.5645` = normalised ρ + per-facet median, `0.5856` = raw |ρ| + 200-pair poo",0,0,0,0
README.md,75047,30%,"sentence: the ""common latent shift"" control is **out of this design's reach** for the top pair — both calibration arms exceed the 30% reachable-range limit (`sexeduc` 42%/31%, `racmar` 72%/71%) ⇒ zero usable cells, **struct",0,0,0,0
README.md,75084,42%,"ontrol is **out of this design's reach** for the top pair — both calibration arms exceed the 30% reachable-range limit (`sexeduc` 42%/31%, `racmar` 72%/71%) ⇒ zero usable cells, **structurally impossible, not a debt**.** [#",0,0,0,0
README.md,75088,31%,"ol is **out of this design's reach** for the top pair — both calibration arms exceed the 30% reachable-range limit (`sexeduc` 42%/31%, `racmar` 72%/71%) ⇒ zero usable cells, **structurally impossible, not a debt**.** [#788「",0,0,0,0
README.md,75102,72%," this design's reach** for the top pair — both calibration arms exceed the 30% reachable-range limit (`sexeduc` 42%/31%, `racmar` 72%/71%) ⇒ zero usable cells, **structurally impossible, not a debt**.** [#788「挡住这个问题的不是数据,是我",0,0,0,0
README.md,75106,71%,"s design's reach** for the top pair — both calibration arms exceed the 30% reachable-range limit (`sexeduc` 42%/31%, `racmar` 72%/71%) ⇒ zero usable cells, **structurally impossible, not a debt**.** [#788「挡住这个问题的不是数据,是我那具自动",0,0,0,0
README.md,76240,95%,"me close to publishing ""one master brake"" exactly as pre-registered.** The control I added overturned it: **that difference's own 95% interval is [−2.067, +1.432], width 3.499, where resolving the question needs ≤0.330** — ",0,0,1,0
README.md,81881,30%,"sentence: the ""common latent shift"" control is **out of this design's reach** for the top pair — both calibration arms exceed the 30% reachable-range limit (`sexeduc` 42%/31%, `racmar` 72%/71%) ⇒ zero usable cells, **struct",0,0,0,0
README.md,81918,42%,"ontrol is **out of this design's reach** for the top pair — both calibration arms exceed the 30% reachable-range limit (`sexeduc` 42%/31%, `racmar` 72%/71%) ⇒ zero usable cells, **structurally impossible, not a debt**.** [#",0,0,0,0
README.md,81922,31%,"ol is **out of this design's reach** for the top pair — both calibration arms exceed the 30% reachable-range limit (`sexeduc` 42%/31%, `racmar` 72%/71%) ⇒ zero usable cells, **structurally impossible, not a debt**.** [#791「",0,0,0,0
README.md,81936,72%," this design's reach** for the top pair — both calibration arms exceed the 30% reachable-range limit (`sexeduc` 42%/31%, `racmar` 72%/71%) ⇒ zero usable cells, **structurally impossible, not a debt**.** [#791「不是一条轴,是三堆;而解释它",0,0,0,0
README.md,81940,71%,"s design's reach** for the top pair — both calibration arms exceed the 30% reachable-range limit (`sexeduc` 42%/31%, `racmar` 72%/71%) ⇒ zero usable cells, **structurally impossible, not a debt**.** [#791「不是一条轴,是三堆;而解释它这条路在",0,0,0,0
README.md,95741,30%,"sentence: the ""common latent shift"" control is **out of this design's reach** for the top pair — both calibration arms exceed the 30% reachable-range limit (`sexeduc` 42%/31%, `racmar` 72%/71%) ⇒ zero usable cells, **struct",0,0,0,0
README.md,95778,42%,"ontrol is **out of this design's reach** for the top pair — both calibration arms exceed the 30% reachable-range limit (`sexeduc` 42%/31%, `racmar` 72%/71%) ⇒ zero usable cells, **structurally impossible, not a debt**.** [#",0,0,0,0
README.md,95782,31%,"ol is **out of this design's reach** for the top pair — both calibration arms exceed the 30% reachable-range limit (`sexeduc` 42%/31%, `racmar` 72%/71%) ⇒ zero usable cells, **structurally impossible, not a debt**.** [#799「",0,0,0,0
README.md,95796,72%," this design's reach** for the top pair — both calibration arms exceed the 30% reachable-range limit (`sexeduc` 42%/31%, `racmar` 72%/71%) ⇒ zero usable cells, **structurally impossible, not a debt**.** [#799「顶对经住了造世界那一级:小分",0,0,0,0
README.md,95800,71%,"s design's reach** for the top pair — both calibration arms exceed the 30% reachable-range limit (`sexeduc` 42%/31%, `racmar` 72%/71%) ⇒ zero usable cells, **structurally impossible, not a debt**.** [#799「顶对经住了造世界那一级:小分母 + ",0,0,0,0
README.md,99530,**60.9%,"** its own Gaussian null (0.75× at quintiles), **indistinguishable from it**; the censoring gate also fails (top stratum endpoint **60.9%**). ⇒ **The verdict is UNVERIFIED; both gates were written before the run, and no thresho",0,0,0,0
README.md,100472,60.9%," not one of GSS's four sexual-attitude items can read a strength of relation — even premarital sex, the only unsaturated one, has 60.9% piled on the endpoint in the top quintile.**` ⚠ **and since `#806` this must carry one mo",0,0,0,0
README.md,100700,30%,"sentence: the ""common latent shift"" control is **out of this design's reach** for the top pair — both calibration arms exceed the 30% reachable-range limit (`sexeduc` 42%/31%, `racmar` 72%/71%) ⇒ zero usable cells, **struct",0,0,0,0
README.md,100737,42%,"ontrol is **out of this design's reach** for the top pair — both calibration arms exceed the 30% reachable-range limit (`sexeduc` 42%/31%, `racmar` 72%/71%) ⇒ zero usable cells, **structurally impossible, not a debt**.** [#",0,0,0,0
README.md,100741,31%,"ol is **out of this design's reach** for the top pair — both calibration arms exceed the 30% reachable-range limit (`sexeduc` 42%/31%, `racmar` 72%/71%) ⇒ zero usable cells, **structurally impossible, not a debt**.** [#773「",0,0,0,0
README.md,100755,72%," this design's reach** for the top pair — both calibration arms exceed the 30% reachable-range limit (`sexeduc` 42%/31%, `racmar` 72%/71%) ⇒ zero usable cells, **structurally impossible, not a debt**.** [#773「连唯一没饱和的那一题也判不了",0,0,0,0
README.md,100759,71%,"s design's reach** for the top pair — both calibration arms exceed the 30% reachable-range limit (`sexeduc` 42%/31%, `racmar` 72%/71%) ⇒ zero usable cells, **structurally impossible, not a debt**.** [#773「连唯一没饱和的那一题也判不了,而这是",0,0,0,0
README.md,101079,87.8%," a failure to replicate: GSS's item runs ""always wrong … not wrong at all"", where **the strict pole is the devout's modal answer (87.8%)**; NSFG's `sxok18` is an **agree/disagree** scale where **the strict pole is rare for ev",0,0,0,0
README.md,101182,0.8%,"the devout's modal answer (87.8%)**; NSFG's `sxok18` is an **agree/disagree** scale where **the strict pole is rare for everyone (0.8% overall, 1.2% in the most-attending stratum)** — **endpoint share is not the same statist",0,0,0,0
README.md,101196,1.2%,"odal answer (87.8%)**; NSFG's `sxok18` is an **agree/disagree** scale where **the strict pole is rare for everyone (0.8% overall, 1.2% in the most-attending stratum)** — **endpoint share is not the same statistic across the ",0,0,0,0
README.md,102060,37%,t opposite of GSS. ⚠⚠ **And the assumption they differ on is sitting in the per-stratum sd column**: **GSS's decline comes with a 37% variance collapse (0.856→0.542) while MFQ's rise comes with flat variance (0.783→0.838)**,0,0,0,0
README.md,105571,**89.8%," the defect I had written into the ledger one round earlier — I built it again**: `fit` calibration on the non-devout arm demands **89.8% of the reachable range**, where `#801` had just established ""no control may demand a chan",0,0,0,0
README.md,105721,30%,"able range**, where `#801` had just established ""no control may demand a change near the reachable limit"" and set the standard at 30%; **the two cells that dragged the median below 0.50 are exactly those.** The four interna",0,0,0,0
README.md,112569,93%,"GSS〕 ⟨18.46⟩| | **It is education, not cohort** | within five cohort cells the education Δ agrees in sign 5/5, median **+0.0718 = 93% of pooled** | the cohort gradient itself is only +0.0382; placebo +0.0208; ⚠ education is",0,0,0,0
README.md,112737,95%,"itself is only +0.0382; placebo +0.0208; ⚠ education is not randomised, so this is not causal (Entry 683 · 709;零由 `#709` 补上,格内打乱零 95% 分位 0.0207) 〔GSS〕 ⟨3.47⟩| | **Education makes people nearly unanimous on civil liberties a",0,0,0,0
README.md,113424,**−14%,"ducation tightens all moral judgements with each other, and sex is no exception~~ **demoted** | with stance held fixed it retains **−14% and flips sign**, its five cells scattered | swapping in cohort retains 96%, so this is n",0,0,0,0
README.md,113503,96%,"~~ **demoted** | with stance held fixed it retains **−14% and flips sign**, its five cells scattered | swapping in cohort retains 96%, so this is not a stratification artefact; **what tightens is the stance, not the structu",0,0,0,0
README.md,127725,85%,"eties: devout +0.1137 [−0.016,+0.238] contains zero · secular +0.6266 [+0.434,+0.818] excludes zero ⇒ the secular stratum carries 85% of the two strata's total departure**; **`G4`: all decades × both strata, 10 cells publis",0,0,1,0
README.md,128057,8%,"s genuinely ruled out here: the devout stratum moved 1.26 → 1.47 in the nineties with 2.74 of headroom still above it, using only 8% — it had ample room to move and did not depart**; ⇒ **a sentence about people, and this t",0,0,0,0
README.md,131507,44%,"own headroom table: by the 2010s the secular stratum had reached 3.08→3.49 on a scale ending at 4, leaving 0.92 of room and using 44% of it — for a stratum pressed against the ceiling, ""slowing down"" may not be slowing at a",0,0,0,0
README.md,132711,−38%,"correcting it makes the convergence weaker, not stronger**, with the gap-level 2010s departure falling from **+0.1384 to +0.0854 (−38%)** ⇒ **a confound can be named correctly and still point the opposite way, and only measu",0,0,0,0
README.md,134722,**4.2%,"*what cannot be fixed**: ① **the thresholds τ=[0.291,0.404,0.584] sit very close together** — the two middle categories hold only **4.2% and 6.4%**, so this ""latent scale"" is driven mostly by the 61%/28% split at the ends and ",0,0,1,0
README.md,134733,6.4%,"t be fixed**: ① **the thresholds τ=[0.291,0.404,0.584] sit very close together** — the two middle categories hold only **4.2% and 6.4%**, so this ""latent scale"" is driven mostly by the 61%/28% split at the ends and **is clos",0,0,1,0
README.md,134788,61%,"sit very close together** — the two middle categories hold only **4.2% and 6.4%**, so this ""latent scale"" is driven mostly by the 61%/28% split at the ends and **is close to a binary**; ② fixing the thresholds **assumes the",0,0,0,0
README.md,134792,28%,"very close together** — the two middle categories hold only **4.2% and 6.4%**, so this ""latent scale"" is driven mostly by the 61%/28% split at the ends and **is close to a binary**; ② fixing the thresholds **assumes the opt",0,0,0,0
README.md,135626,95%,"t widened / the rift closed"" is a claim about the GAP, and the gap's interval had never been computed** ⇒ compute `dep_gap`'s own 95% bootstrap interval (B=4000), **both rulers side by side whether or not they agree** | **M",0,0,1,0
README.md,140510,90.6%," about""** ⇒ so I measured its **false-positive rate**: 4000 **random** literals against the real artifacts (11,376 finite values, 90.6% of them in |v|<1) ⇒ **4 decimals 32.0% · 5 decimals 4.2% · 6 decimals 0.4% · 8 decimals 0",0,0,0,0
README.md,140549,32.0%,"ositive rate**: 4000 **random** literals against the real artifacts (11,376 finite values, 90.6% of them in |v|<1) ⇒ **4 decimals 32.0% · 5 decimals 4.2% · 6 decimals 0.4% · 8 decimals 0.0%**; **the first version reported 105",0,0,0,0
README.md,140568,4.2%,"0 **random** literals against the real artifacts (11,376 finite values, 90.6% of them in |v|<1) ⇒ **4 decimals 32.0% · 5 decimals 4.2% · 6 decimals 0.4% · 8 decimals 0.0%**; **the first version reported 1057 hits and most we",0,0,0,0
README.md,140586,0.4%,"als against the real artifacts (11,376 finite values, 90.6% of them in |v|<1) ⇒ **4 decimals 32.0% · 5 decimals 4.2% · 6 decimals 0.4% · 8 decimals 0.0%**; **the first version reported 1057 hits and most were coincidence** —",0,0,0,0
README.md,140604,0.0%,"al artifacts (11,376 finite values, 90.6% of them in |v|<1) ⇒ **4 decimals 32.0% · 5 decimals 4.2% · 6 decimals 0.4% · 8 decimals 0.0%**; **the first version reported 1057 hits and most were coincidence** — visible without a",0,0,0,0
README.md,141115,32%,"armless, whereas what actually went wrong in `#840` was **`0.6266 ← 0.626612`, a four-decimal rounding — sitting precisely in the 32% band** ⇒ **value matching structurally cannot catch the error it was built to catch, and ",0,0,0,0
README.md,143591,28%,"unt** (`#800`: survival is not evidence, and neither is a backlog)⟩| | **Fix the cut and count again: the population was inflated 28%, and `#833` had the defect's shape wrong too** | **Paying `#833`①'s debt — and the new co",0,0,0,0
README.md,144707,+28.9%,"he fix lives once, in `lib/page_units.py` | **Population: the Chinese page goes 417→385 units and 423,940→328,952 chars (inflated +28.9%); the English page 388→356 units and 1,030,060→805,977 chars (+27.8%)** — ⚠ **the unit co",0,0,0,0
README.md,144776,+27.8%," page goes 417→385 units and 423,940→328,952 chars (inflated +28.9%); the English page 388→356 units and 1,030,060→805,977 chars (+27.8%)** — ⚠ **the unit count moves by only 32 while the character count moves by nearly a thir",0,0,0,0
README.md,145202,−29%,"ast`, not one character retyped — the first positive use of `#841`'s new ruler): `#798` CLUMP 26→22, PTR 33→27; `#807` TOP 76→54 (−29%), MARK_TOP 49→43, MARK_GEN 8→6, GEN 4→4; `#828` MARKED 85→49 (−42%), TARGET 22→12 (−45%)*",0,0,0,0
README.md,145269,−42%,"s new ruler): `#798` CLUMP 26→22, PTR 33→27; `#807` TOP 76→54 (−29%), MARK_TOP 49→43, MARK_GEN 8→6, GEN 4→4; `#828` MARKED 85→49 (−42%), TARGET 22→12 (−45%)** ⇒ six of seven change, and **`#798` additionally has 4 units that",0,0,0,0
README.md,145290,−45%,"CLUMP 26→22, PTR 33→27; `#807` TOP 76→54 (−29%), MARK_TOP 49→43, MARK_GEN 8→6, GEN 4→4; `#828` MARKED 85→49 (−42%), TARGET 22→12 (−45%)** ⇒ six of seven change, and **`#798` additionally has 4 units that change owner** (748 ",0,0,0,0
README.md,146059,28%,"'s class: a verdict string saying what its own output did not** ⇒ **a sentence about method: a population definition was wrong by 28%, and that 28% is the same text counted twice; what repeats is text and not units, so coun",0,0,0,0
README.md,146073,28%,"rdict string saying what its own output did not** ⇒ **a sentence about method: a population definition was wrong by 28%, and that 28% is the same text counted twice; what repeats is text and not units, so counts of the form",0,0,0,0
README.md,146469,28%," it certainly does not mean an unchanged one either, and this round has earned only the first half of that sentence** `[#842「总体虚高 28%」]` (Entry 842) 〔this project's own pages〕 ⟨**Production plus one correction to `#833`; la",0,1,0,1
README.md,160541,95%,"he nineties **belongs to the question, not the group** | **Eight items × two strata, the 1990s departure (B=4000, each cell's own 95% bootstrap interval; the reference is set by each item-and-stratum's own full-span movemen",0,0,1,0
README.md,161802,60%," the eight items differ widely in headroom and `#838` had measured only `homosex` ⇒ headroom printed per cell with anything above 60% flagged `CEILING?` and excluded from the verdict — **0/16 fired**, so **this 1/8 is not m",0,0,0,0
README.md,170386,0.05×,"ing this round does is state its current status precisely**: `p = 0.0155` against BH's rank-2 threshold over a 16-cell family of `0.05×2/16 = 0.00625` ⇒ **it survives neither BH nor BY; it is not ""a weaker finding"" but ""a cel",0,0,0,0
README.md,181981,91%,ed score** — **combining them is me setting my own width** | **② the entry's round has a `results/` artifact directory: 113/124 = 91%** · **① its `NEXT` points to a later real entry: 2/124 = 2%** · both: **2/124 = 2%** ⇒ th,0,1,0,1
README.md,182042,2%,"**② the entry's round has a `results/` artifact directory: 113/124 = 91%** · **① its `NEXT` points to a later real entry: 2/124 = 2%** · both: **2/124 = 2%** ⇒ the pre-registered kill (≥60%) **fails**, verdict **OVERTURNED",0,1,0,1
README.md,182065,2%,"as a `results/` artifact directory: 113/124 = 91%** · **① its `NEXT` points to a later real entry: 2/124 = 2%** · both: **2/124 = 2%** ⇒ the pre-registered kill (≥60%) **fails**, verdict **OVERTURNED**, `Gate.admissible()`",0,1,0,1
README.md,182098,60%,"y: 113/124 = 91%** · **① its `NEXT` points to a later real entry: 2/124 = 2%** · both: **2/124 = 2%** ⇒ the pre-registered kill (≥60%) **fails**, verdict **OVERTURNED**, `Gate.admissible()`=**True**; **the pure machine work",0,0,0,0
README.md,182310,91%,"achine work over all 124 took <0.01 s, so ""too many to do"" is definitively false on the machine side**; ⚠⚠⚠ **and the gap between 91% and 2% is worth far more than the verdict, because it names the bottleneck: the evidence ",0,0,0,0
README.md,182318,2%,"ork over all 124 took <0.01 s, so ""too many to do"" is definitively false on the machine side**; ⚠⚠⚠ **and the gap between 91% and 2% is worth far more than the verdict, because it names the bottleneck: the evidence is almo",0,0,0,0
README.md,183962,**18.6%,"easure ""the cost of automatic verification""** — `#829` proved that inferring debt status from prose does not work (matcher recall **18.6%**); what was measured is **the machine work needed to put one debt in front of a human**,",0,0,0,0
README.md,208707,69.7%,"stronger than the result itself**: I feared the narrower sanction rift was **manufactured by a binary ceiling** (permissive rates 69.7%–88.4%) — **but on the latent scale, which no boundary compresses, |Δobject| is on average",0,0,0,0
README.md,208713,88.4%,"er than the result itself**: I feared the narrower sanction rift was **manufactured by a binary ceiling** (permissive rates 69.7%–88.4%) — **but on the latent scale, which no boundary compresses, |Δobject| is on average +0.13",0,0,0,0
README.md,212232,**66.4%,"* (400 draws); measured, **the offset sits 11.6 of its own spreads from that null** | **What stands**: `p(allow\|wrong)` averages **66.4%** across cells and the offset is significantly negative in **12/12**; for teaching in the",0,1,0,1
README.md,212337,**73.3%,"(allow\|wrong)` averages **66.4%** across cells and the offset is significantly negative in **12/12**; for teaching in the 2010s, **73.3%** of devout respondents who call it always wrong still say he may teach, and **70.0%** of",1,0,0,0
README.md,212422,**70.0%,"ive in **12/12**; for teaching in the 2010s, **73.3%** of devout respondents who call it always wrong still say he may teach, and **70.0%** of secular ones; ⚠⚠⚠ **and the most transferable thing here is that world C was killed ",1,0,0,0
README.md,212726,76%,")·Δ` is an identity, not a measurement** (residual **8.3e-17**), and the two strata's ""wrong"" base rates differ sharply (**devout 76% vs secular 33%**) ⇒ **the ratio of (1−s) is 2.8× against an observed offset ratio of 2.9×",0,0,0,0
README.md,212741,33%,"tity, not a measurement** (residual **8.3e-17**), and the two strata's ""wrong"" base rates differ sharply (**devout 76% vs secular 33%**) ⇒ **the ratio of (1−s) is 2.8× against an observed offset ratio of 2.9× — almost entir",0,0,0,0
README.md,213945,73.3%,"** (`#834`'s class); gates: ② **positive control**, constructing a world where everyone who says wrong denies ⇒ `p(allow\|wrong)` 73.3%→**0.0%** and offset −0.068→**−0.301**, **while the real data's −0.068 differs from that e",0,0,0,0
README.md,213951,**0.0%,"834`'s class); gates: ② **positive control**, constructing a world where everyone who says wrong denies ⇒ `p(allow\|wrong)` 73.3%→**0.0%** and offset −0.068→**−0.301**, **while the real data's −0.068 differs from that extreme*",0,0,0,0
README.md,214223,84%," fail""); ③ premise (**the ""always wrong"" group is progressively selected toward the extreme**) ⇒ printed per cell: **1990s devout 84% / secular 48%; 2010s devout 68% / secular 18%**, **so the strength of the selection sits ",0,0,0,0
README.md,214237,48%,"mise (**the ""always wrong"" group is progressively selected toward the extreme**) ⇒ printed per cell: **1990s devout 84% / secular 48%; 2010s devout 68% / secular 18%**, **so the strength of the selection sits beside the con",0,0,0,0
README.md,214255,68%,"s wrong"" group is progressively selected toward the extreme**) ⇒ printed per cell: **1990s devout 84% / secular 48%; 2010s devout 68% / secular 18%**, **so the strength of the selection sits beside the conclusion rather tha",0,0,0,0
README.md,214269,18%," is progressively selected toward the extreme**) ⇒ printed per cell: **1990s devout 84% / secular 48%; 2010s devout 68% / secular 18%**, **so the strength of the selection sits beside the conclusion rather than being explai",0,0,0,0
README.md,214801,66%,coexist inside one head — and the religious and the non-religious separate those two things to exactly the same degree** `[#859「有 66% 说可以让他去教书」]` (Entry 859) 〔GSS〕 ⟨⚠ **what this site structurally cannot do**: ① **cross-sec,0,0,0,0
README.md,219530,**73.1%,"he run was world B's chief rival, and it never had to be used, because B did not hold in the first place**: permissive rates went **73.1%→87.0% (teach), 81.1%→88.6% (speak), 70.7%→81.3% (library)**, **approaching the ceiling** ",0,0,0,0
README.md,219538,87.0%,"as world B's chief rival, and it never had to be used, because B did not hold in the first place**: permissive rates went **73.1%→87.0% (teach), 81.1%→88.6% (speak), 70.7%→81.3% (library)**, **approaching the ceiling** ⇒ I fe",0,0,0,0
README.md,219553,81.1%,"ief rival, and it never had to be used, because B did not hold in the first place**: permissive rates went **73.1%→87.0% (teach), 81.1%→88.6% (speak), 70.7%→81.3% (library)**, **approaching the ceiling** ⇒ I feared a ""narrowi",0,0,0,0
README.md,219559,88.6%,"val, and it never had to be used, because B did not hold in the first place**: permissive rates went **73.1%→87.0% (teach), 81.1%→88.6% (speak), 70.7%→81.3% (library)**, **approaching the ceiling** ⇒ I feared a ""narrowing san",0,0,0,0
README.md,219574,70.7%,"er had to be used, because B did not hold in the first place**: permissive rates went **73.1%→87.0% (teach), 81.1%→88.6% (speak), 70.7%→81.3% (library)**, **approaching the ceiling** ⇒ I feared a ""narrowing sanction rift"" wou",0,0,0,0
README.md,219580,81.3%," to be used, because B did not hold in the first place**: permissive rates went **73.1%→87.0% (teach), 81.1%→88.6% (speak), 70.7%→81.3% (library)**, **approaching the ceiling** ⇒ I feared a ""narrowing sanction rift"" would be ",0,0,0,0
README.md,221385,73%,es and the twenty-tens Americans became far more permissive about whether to stop him — the share allowing him to teach rose from 73% to 87%. But the distance between the devout and the secular on permitting did not move a ,0,0,0,0
README.md,221392,87%,the twenty-tens Americans became far more permissive about whether to stop him — the share allowing him to teach rose from 73% to 87%. But the distance between the devout and the secular on permitting did not move a step; w,0,0,0,0
README.md,229260,36.8%,"g between-axis correlation); ③ **it used one global floor of 0.0547 for seven different geometries**, while `educ`'s terciles are 36.8%/42.1% (**not 33/33 — heavy ties**), `polviews` 32.4%/64.1%, race 75.3%/15.6%, sex 50/50 ⇒",0,0,0,0
README.md,229266,42.1%,"een-axis correlation); ③ **it used one global floor of 0.0547 for seven different geometries**, while `educ`'s terciles are 36.8%/42.1% (**not 33/33 — heavy ties**), `polviews` 32.4%/64.1%, race 75.3%/15.6%, sex 50/50 ⇒ per-c",0,0,0,0
README.md,229313,32.4%,"loor of 0.0547 for seven different geometries**, while `educ`'s terciles are 36.8%/42.1% (**not 33/33 — heavy ties**), `polviews` 32.4%/64.1%, race 75.3%/15.6%, sex 50/50 ⇒ per-cell permutation floors here, **spanning 0.0316–",0,0,0,0
README.md,229319,64.1%,"f 0.0547 for seven different geometries**, while `educ`'s terciles are 36.8%/42.1% (**not 33/33 — heavy ties**), `polviews` 32.4%/64.1%, race 75.3%/15.6%, sex 50/50 ⇒ per-cell permutation floors here, **spanning 0.0316–0.1454",0,0,0,0
README.md,229331,75.3%," seven different geometries**, while `educ`'s terciles are 36.8%/42.1% (**not 33/33 — heavy ties**), `polviews` 32.4%/64.1%, race 75.3%/15.6%, sex 50/50 ⇒ per-cell permutation floors here, **spanning 0.0316–0.1454, the widest",0,0,0,0
README.md,229337,15.6%," different geometries**, while `educ`'s terciles are 36.8%/42.1% (**not 33/33 — heavy ties**), `polviews` 32.4%/64.1%, race 75.3%/15.6%, sex 50/50 ⇒ per-cell permutation floors here, **spanning 0.0316–0.1454, the widest 4.6× ",0,0,0,0
README.md,230651,84.2%,"=0**, ⚠ **and the control must also be able to PASS** (`realstat §4`): floor 0 < threshold 0.05 < ceiling **2.0399**; **retention 84.2% · MDE 0.12** — **`G2` requires both and `#862` reported neither**; ⑤ negative control, re",0,0,0,0
README.md,234087,100%,orld; the measurement is how far `R = η²÷(g²/6)` departs from 1** | **① The winning axis agrees in 42/42 cells** — η² (which uses 100% of respondents) and `|g|` (which uses 68%) pick the same axis without exception ⇒ **`#862,1,0,0,0
README.md,234130,68%,²/6)` departs from 1** | **① The winning axis agrees in 42/42 cells** — η² (which uses 100% of respondents) and `|g|` (which uses 68%) pick the same axis without exception ⇒ **`#862`/`#863`'s conclusions are not an artifact,1,0,0,0
README.md,236556,51%,"** — a 95th-percentile floor over 34 cells **expects 1.7 exceedances**, `P(X=0)=0.175`, and the criterion ""≤1 exceedance"" **fails 51% of the time when everything is correct** ⇒ **a control that fails half the time under nor",0,0,0,0
README.md,241407,40%,red sizes are religion 0.339 · age 0.340 · **politics 0.275** (`polviews` is a 7-point integer scale whose middle group is nearly 40%); switching to per-cell marginals moved the deviation from **0.0206 to 0.0009**; ② the fi,0,0,0,0
README.md,244987,0%,"d just made the same error — **the third time in four rounds**) ⇒ replaced by **a data-computed direction plus a dose-response**: 0%→0.1896 · 5%→0.2166 · 20%→0.3112 · 30%→0.3700 · 100%→0.8970, **monotone**, **MDE = a 5% pl",1,1,0,0
README.md,244999,5%,"the same error — **the third time in four rounds**) ⇒ replaced by **a data-computed direction plus a dose-response**: 0%→0.1896 · 5%→0.2166 · 20%→0.3112 · 30%→0.3700 · 100%→0.8970, **monotone**, **MDE = a 5% plant**; ② **t",1,1,0,0
README.md,245011,20%,"or — **the third time in four rounds**) ⇒ replaced by **a data-computed direction plus a dose-response**: 0%→0.1896 · 5%→0.2166 · 20%→0.3112 · 30%→0.3700 · 100%→0.8970, **monotone**, **MDE = a 5% plant**; ② **the placebo's ",1,1,0,0
README.md,245024,30%,"ird time in four rounds**) ⇒ replaced by **a data-computed direction plus a dose-response**: 0%→0.1896 · 5%→0.2166 · 20%→0.3112 · 30%→0.3700 · 100%→0.8970, **monotone**, **MDE = a 5% plant**; ② **the placebo's complement co",1,1,0,0
README.md,245037,100%,"our rounds**) ⇒ replaced by **a data-computed direction plus a dose-response**: 0%→0.1896 · 5%→0.2166 · 20%→0.3112 · 30%→0.3700 · 100%→0.8970, **monotone**, **MDE = a 5% plant**; ② **the placebo's complement contained people",1,1,0,0
README.md,245074,5%,"computed direction plus a dose-response**: 0%→0.1896 · 5%→0.2166 · 20%→0.3112 · 30%→0.3700 · 100%→0.8970, **monotone**, **MDE = a 5% plant**; ② **the placebo's complement contained people for whom the variable does not exi",0,1,0,1
README.md,260900,5%," among them** (values {0,1} ⊂ {−3..3}, **15,503** non-null > 10,000) ⇒ **those 8 rounds treated a sex covariate as a Likert item, 5% (1/20) of their item set**; ⚠ **the pairing's own defect is stated too**: 2 further files",1,0,0,0
README.md,263779,5%,"he impact as **`UNASSESSED`, explicitly forbidding both ""probably small"" and ""probably large""**; ⚠ **and this is not an arbitrary 5%**: all 8 files sit in `E01`'s `A05`–`A07`, whose products are ""the third dimension's prop",0,0,0,0
README.md,282637,835×,"the cost meter was run on a biased sample and I extrapolated from it** — `#872` had timed **38** scripts at ~3.5s and I projected 835×3.5s ≈ 49 min, but those 38 were exactly the scripts that derive the BKS item set, **fast ",0,0,0,0
README.md,283171,**0.0%,"ess it spawned keeps the captured pipe open, and the read blocks forever: measured, after **109 minutes** the parent was alive at **0.0% CPU** with **no file written for 30 minutes** — not slow, wedged; ⇒ **the round's own imp",0,0,0,0
README.md,286869,14.7%,"t a surprise — it matches `#816`/`#817`**, which measured that **about one seventh of the 1990s opening was cohort composition** (14.7% [1.1%, 37.9%]) ⇒ **an independent 1990s departure on the age axis is that same thing seen",0,0,1,0
README.md,286876,1.1%,"prise — it matches `#816`/`#817`**, which measured that **about one seventh of the 1990s opening was cohort composition** (14.7% [1.1%, 37.9%]) ⇒ **an independent 1990s departure on the age axis is that same thing seen direc",0,0,1,0
README.md,286882,37.9%,"— it matches `#816`/`#817`**, which measured that **about one seventh of the 1990s opening was cohort composition** (14.7% [1.1%, 37.9%]) ⇒ **an independent 1990s departure on the age axis is that same thing seen directly — t",0,1,1,0
README.md,294757,**85%," religious stratum moved +0.11, with an interval containing zero.** Of the two strata's total departure, the secular side carries **85%**. ⚠ And the explanation that ""religious people simply had nowhere left to go"" is genuine",0,0,0,0
README.md,294955,8%,"here left to go"" is genuinely ruled out here: **they moved 1.26 → 1.47 that decade with 2.74 of the scale still above them, using 8% of it — there was ample room, and they did not use it.** ⇒ **A sentence about people, and",0,0,0,0
README.md,297873,**95%,"rned — I measured both sides moving the same way, not the distance between them actually shrinking.** (⚠ every interval here is a **95% 自助区间**, B=1500; each cell's null comes from **that cell's own bootstrap distribution**, n",0,0,1,0
README.md,314315,18.6%,"he gate prints about itself**; **this round reports no effect**⟩| | **The matcher only recognises how I have been writing lately: 18.6% recall, and its blind spot coincides exactly with the debts' era** | **the whole difficul",0,1,0,1
README.md,314785,18.6%,"atcher uses verbs only** (eight execution words); **they share no pattern**; **ground truth 70 cases, matcher catches 13 ⇒ recall 18.6%** (threshold 70%, fixed before the run) ⇒ the kill fired against expectation | ⚠⚠ **the 5",0,0,0,0
README.md,314804,70%,"nly** (eight execution words); **they share no pattern**; **ground truth 70 cases, matcher catches 13 ⇒ recall 18.6%** (threshold 70%, fixed before the run) ⇒ the kill fired against expectation | ⚠⚠ **the 57 misses are a fa",0,0,0,0
README.md,316684,10.4%,"d; negative control: a non-existent `#999`① **fires on neither side**; ⚠ the pre-written confound: **the ground truth covers only 10.4% of the ledger's 671 references** ⇒ **high recall would only mean ""consistent within the p",0,0,0,0
README.md,316944,**18.6%,"; ⚠ **what cannot be fixed**: the ground truth is also a rule I wrote, **and it may fail for the same reason the matcher does** ⇒ **18.6% is an upper-bound estimate; true recall can only be lower**⟩|  **And `#827` counted, `#82",0,0,0,0
README.md,321504,18.6%,sition only; the matcher uses verbs only; they share no pattern. Result: of 70 ground-truth cases the matcher catches 13 — recall 18.6%.** ⚠⚠ **And the 57 misses diagnose far more than the recall figure does: the hits' median,0,0,0,0
README.md,329407,5.9%,d on the family definition; the two-thousands cell depends on what you count as one family.**| | **The negative control failed at 5.9% — which is exactly a 95% interval's nominal rate: the grid has never had multiplicity app,0,0,0,0
README.md,329433,95%,; the two-thousands cell depends on what you count as one family.**| | **The negative control failed at 5.9% — which is exactly a 95% interval's nominal rate: the grid has never had multiplicity applied** | **`#820`'s regis,0,0,0,0
README.md,329966,5.9%,"ndary** (`homosex`/1980s, `teensex`/2000s, `sexeduc`/1990s, identically at both `B`) | ⚠⚠ **the negative control failed at 2/34 = 5.9% — not a bug but precisely the nominal false-positive rate of a 95% bootstrap interval** ⇒",0,0,1,0
README.md,330034,95%,"lly at both `B`) | ⚠⚠ **the negative control failed at 2/34 = 5.9% — not a bug but precisely the nominal false-positive rate of a 95% bootstrap interval** ⇒ **two things are true at once, and the first may not excuse the se",0,0,1,0
README.md,330251,5%,"the second**: **① my negative control's expectation was mis-specified** — I demanded **0** from a procedure whose nominal rate is 5% (`realstat`'s ""the control fails for its own reasons"", form ②: it presupposes something t",0,0,0,0
README.md,330662,5%," I had only ever achieved ""report the whole grid"", never adjusting the marking threshold for the number of cells** ⇒ **34 cells × 5% ⇒ about 1.7 markings expected from pure noise, while `#819`'s real grid marked only 4–5 i",0,0,0,0
README.md,331567,5.9%," size hands you one or two ""unusual"" ones by luck alone. I counted the markings and never subtracted luck's share.** `[#825「负控失败在 5.9%」]` (Entry 825) 〔GSS〕 ⟨positive control: with the entire shift concentrated in `homosex`'s",0,0,0,0
README.md,337475,5.9%,"ng due.** **The result: not one cell flipped across five seeds at either value of `B`; but the negative control failed, at 2/34 = 5.9%.** **⚠⚠ And 5.9% is not a bug — it is precisely the nominal false-positive rate of a 95% ",0,0,0,0
README.md,337492,5.9%,"esult: not one cell flipped across five seeds at either value of `B`; but the negative control failed, at 2/34 = 5.9%.** **⚠⚠ And 5.9% is not a bug — it is precisely the nominal false-positive rate of a 95% bootstrap interva",0,0,1,0
README.md,337565,95%," the negative control failed, at 2/34 = 5.9%.** **⚠⚠ And 5.9% is not a bug — it is precisely the nominal false-positive rate of a 95% bootstrap interval.** ⇒ **Two things are true at once: ① my negative control demanded 0 f",0,0,1,0
README.md,337696,5%,"5% bootstrap interval.** ⇒ **Two things are true at once: ① my negative control demanded 0 from a procedure whose nominal rate is 5%, so its expectation was mis-specified; ② and more importantly — the grid has never had a ",0,0,1,0
README.md,337836,5%," expectation was mis-specified; ② and more importantly — the grid has never had a multiplicity correction applied.** **34 cells × 5% gives about 1.7 markings from pure noise, while `#819`'s real grid marked only 4–5 in tot",0,0,0,0
README.md,338345,5.9%," size hands you one or two ""unusual"" ones by luck alone. I counted the markings and never subtracted luck's share.** `[#825「负控失败在 5.9%」]` | **More years only buys precision for an estimator that uses them all — and `#111c` f",0,0,0,0
README.md,340398,95%," not an answer but a boundary** `[#823「更多年份只对「用上全部年份」的估计量有用」]` (Entry 823) 〔GSS〕 ⟨⚠ **the positive control needs unmasking**: its 95% range is [−0.2515, −0.2515], **exactly zero width** — not ""tiny noise"" but **a planted wo",0,0,1,0
README.md,343368,15%,"osex` 0.856; `cluster` (a different set of years) median 1.000, `homosex` 1.090** ⇒ **the kill fired against expectation: about a 15% reduction under `within`, and none at all — slightly worse — under `cluster`** | ⚠⚠ **thi",0,0,0,0
README.md,349319,15%," within a decade"" the highest-value single change — so it was measured before anything was rebuilt on it.** **The result: about a 15% reduction in the respondent-resampling sense; and in the year-resampling sense, none at a",0,0,0,0
README.md,351308,76.9%,"ews` modal decade holds **1 of 7**), and world A (the two axes give the same grid) does not hold either (cell agreement **30/39 = 76.9%**, and **8 of the 9 disagreements are ""religiosity says departure, politics says unresolv",0,0,0,0
README.md,366870,**14.7%,"ence"", **and it had not tested the ""movement"" premise either**): 1990s Δgap −0.587 = attitude −0.501 + composition −0.086 ⇒ share **14.7% [1.1%, 37.9%]**; 2000s Δgap −0.466 = attitude −0.423 + composition −0.043 ⇒ share **9.2% ",0,0,1,0
README.md,366879,1.1%,"and it had not tested the ""movement"" premise either**): 1990s Δgap −0.587 = attitude −0.501 + composition −0.086 ⇒ share **14.7% [1.1%, 37.9%]**; 2000s Δgap −0.466 = attitude −0.423 + composition −0.043 ⇒ share **9.2% [0.5%,",0,0,1,0
README.md,366885,37.9%," had not tested the ""movement"" premise either**): 1990s Δgap −0.587 = attitude −0.501 + composition −0.086 ⇒ share **14.7% [1.1%, 37.9%]**; 2000s Δgap −0.466 = attitude −0.423 + composition −0.043 ⇒ share **9.2% [0.5%, 37.8%]",0,0,1,0
README.md,366960,**9.2%,"ude −0.501 + composition −0.086 ⇒ share **14.7% [1.1%, 37.9%]**; 2000s Δgap −0.466 = attitude −0.423 + composition −0.043 ⇒ share **9.2% [0.5%, 37.8%]** ⇒ **the intervals overlap, so the decades' mechanisms cannot be told apar",0,0,1,0
README.md,366968,0.5%,"01 + composition −0.086 ⇒ share **14.7% [1.1%, 37.9%]**; 2000s Δgap −0.466 = attitude −0.423 + composition −0.043 ⇒ share **9.2% [0.5%, 37.8%]** ⇒ **the intervals overlap, so the decades' mechanisms cannot be told apart; and",0,0,1,0
README.md,366974,37.8%,"omposition −0.086 ⇒ share **14.7% [1.1%, 37.9%]**; 2000s Δgap −0.466 = attitude −0.423 + composition −0.043 ⇒ share **9.2% [0.5%, 37.8%]** ⇒ **the intervals overlap, so the decades' mechanisms cannot be told apart; and both s",0,0,1,0
README.md,369886,14.7%,"0.802 = attitude **+0.667** + composition +0.135 ⇒ **`Δgap` −0.587 = attitude −0.501 + composition −0.086, a composition share of 14.7% with a bootstrap interval of [1.2%, 36.5%] — the upper bound crosses the pre-registered 1",1,0,1,0
README.md,369922,1.2%,"ition +0.135 ⇒ **`Δgap` −0.587 = attitude −0.501 + composition −0.086, a composition share of 14.7% with a bootstrap interval of [1.2%, 36.5%] — the upper bound crosses the pre-registered 1/3, so the kill fired against expec",1,0,1,0
README.md,369928,36.5%,"+0.135 ⇒ **`Δgap` −0.587 = attitude −0.501 + composition −0.086, a composition share of 14.7% with a bootstrap interval of [1.2%, 36.5%] — the upper bound crosses the pre-registered 1/3, so the kill fired against expectation*",1,0,1,0
README.md,372027,95%,"117**, per the rule `#815` had just established; ⚠ **the positive control needs unmasking, or it reads stronger than it is**: its 95% range is [1.000, 1.000] with half-width 0.000, and **that is not ""tiny noise"" — in the wo",0,0,1,0
README.md,376095,95%,"base, and carrying a number across bases is the very error `#813` had just named): both medians return to ~1.0, while **their own 95% noise half-widths are 0.29–0.57** ⇒ **the tolerance of 0.08 was only 0.14×–0.28× of that*",0,0,0,0
README.md,379896,95%,"oosening the tolerance would be bending the gate to fit the result, which is not allowed** ⇒ redrawn **200 times: median +1.0057, 95% range [+0.7657, +1.4390]** ⇒ **the instrument is unbiased and that failure was sampling n",0,0,1,0
README.md,381074,38%,"rected** intervals (bias +0.0057, conclusion unchanged); ⚠ the screen dropped the **non-devout arm** in both the 1990s and 2000s (38%/32% of reachable range) ⇒ **each decade retains one calibration arm, so the ""specificatio",0,0,0,0
README.md,381078,32%,"ed** intervals (bias +0.0057, conclusion unchanged); ⚠ the screen dropped the **non-devout arm** in both the 1990s and 2000s (38%/32% of reachable range) ⇒ **each decade retains one calibration arm, so the ""specification cu",0,0,0,0
README.md,381970,14.7%,"16` decomposes the 1990→1998 `Δgap` by birth cohort: **attitude term −0.501, composition term −0.086, the composition share being 14.7% [1.2%, 36.5%], an interval excluding 0** ⇒ **most of it really was people changing their ",0,0,1,0
README.md,381977,1.2%,"omposes the 1990→1998 `Δgap` by birth cohort: **attitude term −0.501, composition term −0.086, the composition share being 14.7% [1.2%, 36.5%], an interval excluding 0** ⇒ **most of it really was people changing their minds ",0,0,1,0
README.md,381983,36.5%,"s the 1990→1998 `Δgap` by birth cohort: **attitude term −0.501, composition term −0.086, the composition share being 14.7% [1.2%, 36.5%], an interval excluding 0** ⇒ **most of it really was people changing their minds (and bo",0,0,1,0
README.md,386653,95%," two previous rounds**: this round's negative control failed on a single draw, and redrawn 200 times its median is +1.0057 with a 95% range of [+0.77, +1.44] — **the instrument is unbiased and that failure was noise; but `#",1,0,1,0
README.md,402412,42%,"""** on this pair (**the register of a debt**, which a reader takes as ""it will be filled later""), while `#806` measured `sexeduc` 42%/31% and `racmar` 72%/71% — both calibration arms over the 30% reachable-range limit ⇒ zer",0,0,0,0
README.md,402416,31%,"on this pair (**the register of a debt**, which a reader takes as ""it will be filled later""), while `#806` measured `sexeduc` 42%/31% and `racmar` 72%/71% — both calibration arms over the 30% reachable-range limit ⇒ zero us",0,0,0,0
README.md,402433,72%,"he register of a debt**, which a reader takes as ""it will be filled later""), while `#806` measured `sexeduc` 42%/31% and `racmar` 72%/71% — both calibration arms over the 30% reachable-range limit ⇒ zero usable cells ⇒ **it",0,0,0,0
README.md,402437,71%,"egister of a debt**, which a reader takes as ""it will be filled later""), while `#806` measured `sexeduc` 42%/31% and `racmar` 72%/71% — both calibration arms over the 30% reachable-range limit ⇒ zero usable cells ⇒ **it did",0,0,0,0
README.md,402474,30%,"akes as ""it will be filled later""), while `#806` measured `sexeduc` 42%/31% and `racmar` 72%/71% — both calibration arms over the 30% reachable-range limit ⇒ zero usable cells ⇒ **it did not fail to run, it cannot run** — *",0,0,0,0
README.md,404279,0.6%,"ock, registered as next round's structural problem rather than pretended solved**⟩| | **Changing sides was not made by the scale (0.6%) — and the top pair is out of this design's reach** | **the common-shift control extended",0,0,0,0
README.md,404720,0.6%,"352, still on the original side**; neither cell reproduces the crossing, and the **bootstrap reproduction rate over 1000 draws is 0.6%/0.7%**, `explained` = **−0.011 [−0.033, +0.008]**; `spanking` +0.008 to +0.036 with all f",0,0,1,0
README.md,404725,0.7%,"still on the original side**; neither cell reproduces the crossing, and the **bootstrap reproduction rate over 1000 draws is 0.6%/0.7%**, `explained` = **−0.011 [−0.033, +0.008]**; `spanking` +0.008 to +0.036 with all four c",0,0,1,0
README.md,405077,42%,"question"" stands, and it now has a control** | ⚠⚠ **the same grid delivered three unwelcome things**: ① **the top pair (`sexeduc` 42%/31%, `racmar` 72%/71%) has both calibration arms over the 30% reachable-range limit ⇒ zer",0,0,0,0
README.md,405081,31%,"tion"" stands, and it now has a control** | ⚠⚠ **the same grid delivered three unwelcome things**: ① **the top pair (`sexeduc` 42%/31%, `racmar` 72%/71%) has both calibration arms over the 30% reachable-range limit ⇒ zero us",0,0,0,0
README.md,405095,72%,"and it now has a control** | ⚠⚠ **the same grid delivered three unwelcome things**: ① **the top pair (`sexeduc` 42%/31%, `racmar` 72%/71%) has both calibration arms over the 30% reachable-range limit ⇒ zero usable cells — t",0,0,0,0
README.md,405099,71%,"it now has a control** | ⚠⚠ **the same grid delivered three unwelcome things**: ① **the top pair (`sexeduc` 42%/31%, `racmar` 72%/71%) has both calibration arms over the 30% reachable-range limit ⇒ zero usable cells — this ",0,0,0,0
README.md,405139,30%,"rid delivered three unwelcome things**: ① **the top pair (`sexeduc` 42%/31%, `racmar` 72%/71%) has both calibration arms over the 30% reachable-range limit ⇒ zero usable cells — this design **structurally** cannot reach it,",0,0,0,0
README.md,406959,95%," on this row **does not hold** — that round drew its **negative control once**, and `#814` redrew it 200 times to measure its own 95% noise half-width at **0.29–0.57**, against which the tolerance of 0.08 is only **0.14×–0.",0,0,0,0
README.md,409838,63.5%,"gate I built one round earlier misfired**: the first version used `headroom_control` to **screen**, the non-devout arm came in at 63.5% over the limit ⇒ control row FAIL ⇒ the whole round's `admissible()` = False, **even thou",0,0,0,0
README.md,411665,95%," on this row **does not hold** — that round drew its **negative control once**, and `#814` redrew it 200 times to measure its own 95% noise half-width at **0.29–0.57**, against which the tolerance of 0.08 is only **0.14×–0.",0,0,0,0
README.md,412432,0.6%,"e predicted end gap is −0.352, still on the original side, and across a thousand bootstrap draws only six reproduce the crossing (0.6%).** ⇒ **A sentence about people: on government aid to Black Americans, devout Americans w",0,0,1,0
README.md,412914,30%,"ten down: ① **the top pair (`sexeduc`, `racmar`) is out of this design's reach, structurally** — both calibration arms exceed the 30% reachable-range limit, leaving zero usable cells, and the page's entire `r` story rests o",0,0,0,0
README.md,413823,30%,"edger enforces nothing** | **`#801` established ""no control may demand a change near the reachable limit"" and set the standard at 30% of the reachable range — and one round later `#803` built the violation again** ⇒ it is n",0,0,0,0
README.md,414183,181.8%,"sses `admissible()`); **backtested on 4 cases whose answers were known in advance: 2/2 of the should-catch caught (`#801` pre-fix 181.8%; `#803` `fit` calibrated on non-devout 89.8%), 2/2 of the should-pass passed (30.0%, 21.8",0,0,0,0
README.md,414229,89.8%,"whose answers were known in advance: 2/2 of the should-catch caught (`#801` pre-fix 181.8%; `#803` `fit` calibrated on non-devout 89.8%), 2/2 of the should-pass passed (30.0%, 21.8%)**; ⚠ **and it rules on two cells I had nev",0,0,0,0
README.md,414268,30.0%,"2 of the should-catch caught (`#801` pre-fix 181.8%; `#803` `fit` calibrated on non-devout 89.8%), 2/2 of the should-pass passed (30.0%, 21.8%)**; ⚠ **and it rules on two cells I had never judged** (`raw` on non-devout 63.5% ",0,0,0,0
README.md,414275,21.8%,"e should-catch caught (`#801` pre-fix 181.8%; `#803` `fit` calibrated on non-devout 89.8%), 2/2 of the should-pass passed (30.0%, 21.8%)**; ⚠ **and it rules on two cells I had never judged** (`raw` on non-devout 63.5% caught;",0,0,0,0
README.md,414357,63.5%,"t 89.8%), 2/2 of the should-pass passed (30.0%, 21.8%)**; ⚠ **and it rules on two cells I had never judged** (`raw` on non-devout 63.5% caught; `fit` on devout 28.0% passed) ⇒ **only two cells satisfy both ""internally consist",0,0,0,0
README.md,414387,28.0%,"ss passed (30.0%, 21.8%)**; ⚠ **and it rules on two cells I had never judged** (`raw` on non-devout 63.5% caught; `fit` on devout 28.0% passed) ⇒ **only two cells satisfy both ""internally consistent (raw)"" and the 30% ceiling",0,0,0,0
README.md,414471,30%,"` on non-devout 63.5% caught; `fit` on devout 28.0% passed) ⇒ **only two cells satisfy both ""internally consistent (raw)"" and the 30% ceiling: +0.429 and +0.557, median +0.493 — still astride 0.50** ⇒ **`#803`'s substantive",0,0,0,0
README.md,416221,30%,"nterval. Tightened to the only internally consistent specification (raw endpoints) and screening each calibration arm against the 30% reachable-range limit, only the devout-calibrated arm survives: **`explained` = +0.429 [+",0,0,0,0
README.md,418865,**68%,"roup ceiling**; ⚠⚠ **and the verdict on those seven is UNVERIFIED**: the sex-label permutation null's 95th percentile, 0.0281, is **68%** of the seven's median \|Δ\| of 0.0411 (Entry 720 · 727 · 728) 〔MSSCQ〕 ⟨ordering **2.10×",0,0,0,0
README.md,419926,89.8%,"s, and the first is exactly the rule `#801` had established one round before**: `fit` calibration on the non-devout arm **demands 89.8% of the reachable range** (1.923 → 3.789 against a ceiling of 4) ⇒ Δ saturates at +2.018/+",0,0,0,0
README.md,422365,**60.9%,"raw ρ's spread is only **0.8×** the Gaussian null (0.75× at quintiles), while the censoring gate also fails (top stratum endpoint **60.9% ≥ 60%**) | ⚠ **both gates FAIL and both were written before the run ⇒ the verdict is UNVE",0,0,0,0
README.md,422375,60%,"read is only **0.8×** the Gaussian null (0.75× at quintiles), while the censoring gate also fails (top stratum endpoint **60.9% ≥ 60%**) | ⚠ **both gates FAIL and both were written before the run ⇒ the verdict is UNVERIFIED",0,0,0,0
README.md,423204,**60.9%,"n rule, and the interaction line is suspended here** (Entry 773) 〔GSS〕 ⟨raw spread **0.8×** its own Gaussian null; endpoint share **60.9%** against a pre-registered 60%⟩| | **Five divides widened, three narrowed — and the one o",0,0,0,0
README.md,423239,60%," suspended here** (Entry 773) 〔GSS〕 ⟨raw spread **0.8×** its own Gaussian null; endpoint share **60.9%** against a pre-registered 60%⟩| | **Five divides widened, three narrowed — and the one on homosexuality roughly tripled",0,0,0,0
README.md,427643,30%,"10 on a 1–3 scale and **can only move 0.110 downward** ⇒ the bisection saturated and the positive control returned 0.5502; set to 30% of the reachable range (−0.033) **the positive control returns exactly 1.0000**, **and th",0,0,0,0
README.md,430111,30%,"sentence: the ""common latent shift"" control is **out of this design's reach** for the top pair — both calibration arms exceed the 30% reachable-range limit (`sexeduc` 42%/31%, `racmar` 72%/71%) ⇒ zero usable cells, **struct",0,0,0,0
README.md,430148,42%,"ontrol is **out of this design's reach** for the top pair — both calibration arms exceed the 30% reachable-range limit (`sexeduc` 42%/31%, `racmar` 72%/71%) ⇒ zero usable cells, **structurally impossible, not a debt**.**| |",0,0,0,0
README.md,430152,31%,"ol is **out of this design's reach** for the top pair — both calibration arms exceed the 30% reachable-range limit (`sexeduc` 42%/31%, `racmar` 72%/71%) ⇒ zero usable cells, **structurally impossible, not a debt**.**| | **T",0,0,0,0
README.md,430166,72%," this design's reach** for the top pair — both calibration arms exceed the 30% reachable-range limit (`sexeduc` 42%/31%, `racmar` 72%/71%) ⇒ zero usable cells, **structurally impossible, not a debt**.**| | **The top pair su",0,0,0,0
README.md,430170,71%,"s design's reach** for the top pair — both calibration arms exceed the 30% reachable-range limit (`sexeduc` 42%/31%, `racmar` 72%/71%) ⇒ zero usable cells, **structurally impossible, not a debt**.**| | **The top pair surviv",0,0,0,0
README.md,432452,30%,"sentence: the ""common latent shift"" control is **out of this design's reach** for the top pair — both calibration arms exceed the 30% reachable-range limit (`sexeduc` 42%/31%, `racmar` 72%/71%) ⇒ zero usable cells, **struct",0,0,0,0
README.md,432489,42%,"ontrol is **out of this design's reach** for the top pair — both calibration arms exceed the 30% reachable-range limit (`sexeduc` 42%/31%, `racmar` 72%/71%) ⇒ zero usable cells, **structurally impossible, not a debt**.**| |",0,0,0,0
README.md,432493,31%,"ol is **out of this design's reach** for the top pair — both calibration arms exceed the 30% reachable-range limit (`sexeduc` 42%/31%, `racmar` 72%/71%) ⇒ zero usable cells, **structurally impossible, not a debt**.**| | **T",0,0,0,0
README.md,432507,72%," this design's reach** for the top pair — both calibration arms exceed the 30% reachable-range limit (`sexeduc` 42%/31%, `racmar` 72%/71%) ⇒ zero usable cells, **structurally impossible, not a debt**.**| | **The retraction ",0,0,0,0
README.md,432511,71%,"s design's reach** for the top pair — both calibration arms exceed the 30% reachable-range limit (`sexeduc` 42%/31%, `racmar` 72%/71%) ⇒ zero usable cells, **structurally impossible, not a debt**.**| | **The retraction land",0,0,0,0
README.md,436742,30%,"sentence: the ""common latent shift"" control is **out of this design's reach** for the top pair — both calibration arms exceed the 30% reachable-range limit (`sexeduc` 42%/31%, `racmar` 72%/71%) ⇒ zero usable cells, **struct",0,0,0,0
README.md,436779,42%,"ontrol is **out of this design's reach** for the top pair — both calibration arms exceed the 30% reachable-range limit (`sexeduc` 42%/31%, `racmar` 72%/71%) ⇒ zero usable cells, **structurally impossible, not a debt**.**| |",0,0,0,0
README.md,436783,31%,"ol is **out of this design's reach** for the top pair — both calibration arms exceed the 30% reachable-range limit (`sexeduc` 42%/31%, `racmar` 72%/71%) ⇒ zero usable cells, **structurally impossible, not a debt**.**| | **T",0,0,0,0
README.md,436797,72%," this design's reach** for the top pair — both calibration arms exceed the 30% reachable-range limit (`sexeduc` 42%/31%, `racmar` 72%/71%) ⇒ zero usable cells, **structurally impossible, not a debt**.**| | **The clumps are ",0,0,0,0
README.md,436801,71%,"s design's reach** for the top pair — both calibration arms exceed the 30% reachable-range limit (`sexeduc` 42%/31%, `racmar` 72%/71%) ⇒ zero usable cells, **structurally impossible, not a debt**.**| | **The clumps are not ",0,0,0,0
README.md,438907,95%," that is what exposed the identity (Entry 796) 〔GSS〕 ⟨**each `ind` value's own null is that item's `agg` year-clustered bootstrap 95% interval** (32 clusters, B=1200): `sexeduc` [+1.681,+3.317], `racmar` [+1.637,+2.133], `s",0,0,1,0
README.md,439470,30%,"sentence: the ""common latent shift"" control is **out of this design's reach** for the top pair — both calibration arms exceed the 30% reachable-range limit (`sexeduc` 42%/31%, `racmar` 72%/71%) ⇒ zero usable cells, **struct",0,0,0,0
README.md,439507,42%,"ontrol is **out of this design's reach** for the top pair — both calibration arms exceed the 30% reachable-range limit (`sexeduc` 42%/31%, `racmar` 72%/71%) ⇒ zero usable cells, **structurally impossible, not a debt**.**| |",0,0,0,0
README.md,439511,31%,"ol is **out of this design's reach** for the top pair — both calibration arms exceed the 30% reachable-range limit (`sexeduc` 42%/31%, `racmar` 72%/71%) ⇒ zero usable cells, **structurally impossible, not a debt**.**| | **T",0,0,0,0
README.md,439525,72%," this design's reach** for the top pair — both calibration arms exceed the 30% reachable-range limit (`sexeduc` 42%/31%, `racmar` 72%/71%) ⇒ zero usable cells, **structurally impossible, not a debt**.**| | **The defect was ",0,0,0,0
README.md,439529,71%,"s design's reach** for the top pair — both calibration arms exceed the 30% reachable-range limit (`sexeduc` 42%/31%, `racmar` 72%/71%) ⇒ zero usable cells, **structurally impossible, not a debt**.**| | **The defect was real",0,0,0,0
README.md,443146,30%,"sentence: the ""common latent shift"" control is **out of this design's reach** for the top pair — both calibration arms exceed the 30% reachable-range limit (`sexeduc` 42%/31%, `racmar` 72%/71%) ⇒ zero usable cells, **struct",0,0,0,0
README.md,443183,42%,"ontrol is **out of this design's reach** for the top pair — both calibration arms exceed the 30% reachable-range limit (`sexeduc` 42%/31%, `racmar` 72%/71%) ⇒ zero usable cells, **structurally impossible, not a debt**.**| |",0,0,0,0
README.md,443187,31%,"ol is **out of this design's reach** for the top pair — both calibration arms exceed the 30% reachable-range limit (`sexeduc` 42%/31%, `racmar` 72%/71%) ⇒ zero usable cells, **structurally impossible, not a debt**.**| | **W",0,0,0,0
README.md,443201,72%," this design's reach** for the top pair — both calibration arms exceed the 30% reachable-range limit (`sexeduc` 42%/31%, `racmar` 72%/71%) ⇒ zero usable cells, **structurally impossible, not a debt**.**| | **With the popula",0,0,0,0
README.md,443205,71%,"s design's reach** for the top pair — both calibration arms exceed the 30% reachable-range limit (`sexeduc` 42%/31%, `racmar` 72%/71%) ⇒ zero usable cells, **structurally impossible, not a debt**.**| | **With the population",0,0,0,0
README.md,445244,80%,licted defects: a regex requiring the closing paren to follow the digits (4 rows missed) and a completeness criterion written as ≥80% (**which called it complete with 4 rows missing**) (Entry 793) 〔the README itself〕 ⟨all 9,0,0,0,0
README.md,447306,80%,"r separates from everything else, and the MDE** | **MDE**: at n=8 the permutation null's 95th percentile is |ρ|=**0.714** and the 80%-power **MDE is |ρ| ≈ 0.90** ⇒ **no candidate explanatory variable could be detected here*",0,0,0,0
README.md,449435,30%,"sentence: the ""common latent shift"" control is **out of this design's reach** for the top pair — both calibration arms exceed the 30% reachable-range limit (`sexeduc` 42%/31%, `racmar` 72%/71%) ⇒ zero usable cells, **struct",0,0,0,0
README.md,449472,42%,"ontrol is **out of this design's reach** for the top pair — both calibration arms exceed the 30% reachable-range limit (`sexeduc` 42%/31%, `racmar` 72%/71%) ⇒ zero usable cells, **structurally impossible, not a debt**.**| |",0,0,0,0
README.md,449476,31%,"ol is **out of this design's reach** for the top pair — both calibration arms exceed the 30% reachable-range limit (`sexeduc` 42%/31%, `racmar` 72%/71%) ⇒ zero usable cells, **structurally impossible, not a debt**.**| | **T",0,0,0,0
README.md,449490,72%," this design's reach** for the top pair — both calibration arms exceed the 30% reachable-range limit (`sexeduc` 42%/31%, `racmar` 72%/71%) ⇒ zero usable cells, **structurally impossible, not a debt**.**| | **The instability",0,0,0,0
README.md,449494,71%,"s design's reach** for the top pair — both calibration arms exceed the 30% reachable-range limit (`sexeduc` 42%/31%, `racmar` 72%/71%) ⇒ zero usable cells, **structurally impossible, not a debt**.**| | **The instability com",0,0,0,0
README.md,451548,95%,"roup medians are almost identical (sexual **0.409** vs non-sexual **0.410**, a difference of +0.002), **and that difference's own 95% interval is [−2.067, +1.432], width 3.499** — resolving ""≤0.165"" requires ≤0.330 | ⚠⚠ **t",0,0,1,0
README.md,453074,30%,"sentence: the ""common latent shift"" control is **out of this design's reach** for the top pair — both calibration arms exceed the 30% reachable-range limit (`sexeduc` 42%/31%, `racmar` 72%/71%) ⇒ zero usable cells, **struct",0,0,0,0
README.md,453111,42%,"ontrol is **out of this design's reach** for the top pair — both calibration arms exceed the 30% reachable-range limit (`sexeduc` 42%/31%, `racmar` 72%/71%) ⇒ zero usable cells, **structurally impossible, not a debt**.**| |",0,0,0,0
README.md,453115,31%,"ol is **out of this design's reach** for the top pair — both calibration arms exceed the 30% reachable-range limit (`sexeduc` 42%/31%, `racmar` 72%/71%) ⇒ zero usable cells, **structurally impossible, not a debt**.**| | **W",0,0,0,0
README.md,453129,72%," this design's reach** for the top pair — both calibration arms exceed the 30% reachable-range limit (`sexeduc` 42%/31%, `racmar` 72%/71%) ⇒ zero usable cells, **structurally impossible, not a debt**.**| | **What blocks thi",0,0,0,0
README.md,453133,71%,"s design's reach** for the top pair — both calibration arms exceed the 30% reachable-range limit (`sexeduc` 42%/31%, `racmar` 72%/71%) ⇒ zero usable cells, **structurally impossible, not a debt**.**| | **What blocks this qu",0,0,0,0
README.md,455207,30%,"sentence: the ""common latent shift"" control is **out of this design's reach** for the top pair — both calibration arms exceed the 30% reachable-range limit (`sexeduc` 42%/31%, `racmar` 72%/71%) ⇒ zero usable cells, **struct",0,0,0,0
README.md,455244,42%,"ontrol is **out of this design's reach** for the top pair — both calibration arms exceed the 30% reachable-range limit (`sexeduc` 42%/31%, `racmar` 72%/71%) ⇒ zero usable cells, **structurally impossible, not a debt**.**| |",0,0,0,0
README.md,455248,31%,"ol is **out of this design's reach** for the top pair — both calibration arms exceed the 30% reachable-range limit (`sexeduc` 42%/31%, `racmar` 72%/71%) ⇒ zero usable cells, **structurally impossible, not a debt**.**| | **C",0,0,0,0
README.md,455262,72%," this design's reach** for the top pair — both calibration arms exceed the 30% reachable-range limit (`sexeduc` 42%/31%, `racmar` 72%/71%) ⇒ zero usable cells, **structurally impossible, not a debt**.**| | **Change only the",0,0,0,0
README.md,455266,71%,"s design's reach** for the top pair — both calibration arms exceed the 30% reachable-range limit (`sexeduc` 42%/31%, `racmar` 72%/71%) ⇒ zero usable cells, **structurally impossible, not a debt**.**| | **Change only the set",0,0,0,0
README.md,462516,2×," point estimate** ⚠⚠ **and a second arm narrowed this within the same round**: on **MSSCQ** (n=12,789, resampling **people**) the 2×2 specification span is 0.0519 against a median bootstrap width of 0.0129 = **0.25×, the o",0,0,1,0
README.md,463448,95%," a criterion that never tested the ratio** | the cell that triggered the retraction has ratio 1.128 with a **year-level bootstrap 95% interval of [0.561, 2.851], width 2.29 — containing 1.0, 0.623 and 0.821 at once** ⇒ it c",0,0,1,0
README.md,463646,23%,"nd 0.821 at once** ⇒ it cannot even establish which side of 1 the ratio is on; applied back across all 44 computable cells, **10 (23%) have intervals containing 1.0**, and by cohort **1935–54/1950–64/1955–74/1965–79 give 0/",0,0,0,0
README.md,465128,**5%,"× 2 per-year thresholds × 2 cohort segmentations × 2 statistics = **50 cells, 37 readable and 13 not**; the ratio percentiles are **5% 0.185, median 0.375, 95% 0.692, max 1.128**; the single cell at or above 1.0 is **Seg-B ·",0,0,0,0
README.md,465154,95%,"2 cohort segmentations × 2 statistics = **50 cells, 37 readable and 13 not**; the ratio percentiles are **5% 0.185, median 0.375, 95% 0.692, max 1.128**; the single cell at or above 1.0 is **Seg-B · terciles · n≥60 · cohort",0,0,0,0
README.md,469136,**61.1%,"ange their minds, but by only a third to two-fifths of everyone else's** | over the same years the least devout tercile went from **61.1% to 21.8%** on ""homosexuality is always wrong"", against the most devout tercile's 85.9%→67",0,0,0,0
README.md,469147,21.8%,"minds, but by only a third to two-fifths of everyone else's** | over the same years the least devout tercile went from **61.1% to 21.8%** on ""homosexuality is always wrong"", against the most devout tercile's 85.9%→67.4% ⇒ **d",0,0,0,0
README.md,469225,85.9%,"years the least devout tercile went from **61.1% to 21.8%** on ""homosexuality is always wrong"", against the most devout tercile's 85.9%→67.4% ⇒ **devout/non-devout ratios: level 0.409–0.431, endpoint relative to baseline 0.32",0,0,0,0
README.md,469231,67.4%,"the least devout tercile went from **61.1% to 21.8%** on ""homosexuality is always wrong"", against the most devout tercile's 85.9%→67.4% ⇒ **devout/non-devout ratios: level 0.409–0.431, endpoint relative to baseline 0.328–0.34",0,0,0,0
README.md,470598,85.9%,"arital sex since the first year we can see** | the share saying ""always wrong"" in the most devout tercile, 1988→2024: **`homosex` 85.9%→67.4% (2.38× its own null)**, `premarsx` 53.6%→40.9% (2.12×), `teensex` 83.6%→77.6% (1.37",0,0,0,0
README.md,470604,67.4%," sex since the first year we can see** | the share saying ""always wrong"" in the most devout tercile, 1988→2024: **`homosex` 85.9%→67.4% (2.38× its own null)**, `premarsx` 53.6%→40.9% (2.12×), `teensex` 83.6%→77.6% (1.37×), an",0,0,0,0
README.md,470645,53.6%,"the share saying ""always wrong"" in the most devout tercile, 1988→2024: **`homosex` 85.9%→67.4% (2.38× its own null)**, `premarsx` 53.6%→40.9% (2.12×), `teensex` 83.6%→77.6% (1.37×), and **`xmarsex` 87.2%→89.6% (0.76×, not cle",0,0,0,0
README.md,470651,40.9%,"are saying ""always wrong"" in the most devout tercile, 1988→2024: **`homosex` 85.9%→67.4% (2.38× its own null)**, `premarsx` 53.6%→40.9% (2.12×), `teensex` 83.6%→77.6% (1.37×), and **`xmarsex` 87.2%→89.6% (0.76×, not clearing ",0,0,0,0
README.md,470676,83.6%," in the most devout tercile, 1988→2024: **`homosex` 85.9%→67.4% (2.38× its own null)**, `premarsx` 53.6%→40.9% (2.12×), `teensex` 83.6%→77.6% (1.37×), and **`xmarsex` 87.2%→89.6% (0.76×, not clearing its null)** | ⚠⚠ **the pr",0,0,0,0
README.md,470682,77.6%,"e most devout tercile, 1988→2024: **`homosex` 85.9%→67.4% (2.38× its own null)**, `premarsx` 53.6%→40.9% (2.12×), `teensex` 83.6%→77.6% (1.37×), and **`xmarsex` 87.2%→89.6% (0.76×, not clearing its null)** | ⚠⚠ **the pre-regi",0,0,0,0
README.md,470713,87.2%,"4: **`homosex` 85.9%→67.4% (2.38× its own null)**, `premarsx` 53.6%→40.9% (2.12×), `teensex` 83.6%→77.6% (1.37×), and **`xmarsex` 87.2%→89.6% (0.76×, not clearing its null)** | ⚠⚠ **the pre-registered question came back UNVER",0,0,0,0
README.md,470719,89.6%,"homosex` 85.9%→67.4% (2.38× its own null)**, `premarsx` 53.6%→40.9% (2.12×), `teensex` 83.6%→77.6% (1.37×), and **`xmarsex` 87.2%→89.6% (0.76×, not clearing its null)** | ⚠⚠ **the pre-registered question came back UNVERIFIED ",0,0,0,0
README.md,470906,**85.1%,"istered question came back UNVERIFIED because its premise was refuted by the data**: `xmarsex`'s endpoint share never falls below **85.1%** across the whole series, and all six threshold windows return **0 years** ⇒ **""before i",0,0,0,0
README.md,473340,**87.8%,"t its ceiling among the most devout, so that direction is the scale hitting a wall, not a relation** | in the most devout tercile **87.8%** say extramarital sex is ""always wrong"" (`teensex` 82.2%, `homosex` 80.5%), and the sd f",0,1,0,1
README.md,473400,82.2%,"e scale hitting a wall, not a relation** | in the most devout tercile **87.8%** say extramarital sex is ""always wrong"" (`teensex` 82.2%, `homosex` 80.5%), and the sd falls from 0.856 to **0.542** ⇒ **the pre-registered censor",0,0,0,0
README.md,473417,80.5%," wall, not a relation** | in the most devout tercile **87.8%** say extramarital sex is ""always wrong"" (`teensex` 82.2%, `homosex` 80.5%), and the sd falls from 0.856 to **0.542** ⇒ **the pre-registered censoring threshold of ",0,0,0,0
README.md,473512,60%,"wrong"" (`teensex` 82.2%, `homosex` 80.5%), and the sd falls from 0.856 to **0.542** ⇒ **the pre-registered censoring threshold of 60% is breached and no strength-of-relation reading is legible in that stratum** | ⚠⚠ **this ",0,0,0,0
README.md,473784,88%,"row above, and the direction is that they never disagreed about the world** — GSS uses a single four-point item that saturates at 88% among the devout, while **MFQ's authority score is a continuous multi-item mean with flat",0,1,0,1
README.md,474199,46.4%,"or `xmarsex` +0.1170→+0.0176; marginal-matched ρ +0.1909→+0.0801); ⚠ **`premarsx` is the only item not at its ceiling** (endpoint 46.4%, sd **rising** 0.888→1.252, slope **not falling** +0.1495→+0.1863) — **three indicators a",0,0,0,0
README.md,474632,**87.8%,"a must-fail inverted check inside the same Gate (recorded in `#767`, **third occurrence**) (Entry 772) 〔GSS〕〔MFQ〕 ⟨endpoint share **87.8%** against a pre-registered 60%; post-matching marginal gap **0.0001** against 0.1194 befo",0,0,0,0
README.md,474667,60%,"he same Gate (recorded in `#767`, **third occurrence**) (Entry 772) 〔GSS〕〔MFQ〕 ⟨endpoint share **87.8%** against a pre-registered 60%; post-matching marginal gap **0.0001** against 0.1194 before⟩| | **The first non-derivati",0,0,0,0
README.md,475582,−37%,"tratification itself creates, not the real change in variance across strata: `xmarsex`'s attitude sd falls from 0.856 to **0.542 (−37%)**, because **the most devout agree with one another and there is less variance left to c",0,0,0,0
README.md,477965,1.9%,"ρ| with lifetime partners**: **slope +0.2982** (the share does rise with semantic entanglement), **intercept at zero entanglement 1.9%, 95% interval [−2.2%, 6.2%]** | ⚠ **the pre-registered branch fires honestly: the interce",0,0,1,0
README.md,477971,95%,"h lifetime partners**: **slope +0.2982** (the share does rise with semantic entanglement), **intercept at zero entanglement 1.9%, 95% interval [−2.2%, 6.2%]** | ⚠ **the pre-registered branch fires honestly: the intercept's ",0,0,1,0
README.md,477985,−2.2%,"tners**: **slope +0.2982** (the share does rise with semantic entanglement), **intercept at zero entanglement 1.9%, 95% interval [−2.2%, 6.2%]** | ⚠ **the pre-registered branch fires honestly: the intercept's interval is 8.4p",0,0,1,0
README.md,477992,6.2%,": **slope +0.2982** (the share does rise with semantic entanglement), **intercept at zero entanglement 1.9%, 95% interval [−2.2%, 6.2%]** | ⚠ **the pre-registered branch fires honestly: the intercept's interval is 8.4pp wide",0,0,1,0
README.md,478233,5.8%,"-ordered 6.6pp above ⇒ this replaces ""what I picked"" with ""what cannot be resolved"", not a tightening**, and the row above keeps [5.8%, 12.4%]; ⚠ **but the positive slope is real** ⇒ ordering by entanglement was itself right",0,0,1,0
README.md,478239,12.4%,"ed 6.6pp above ⇒ this replaces ""what I picked"" with ""what cannot be resolved"", not a tightening**, and the row above keeps [5.8%, 12.4%]; ⚠ **but the positive slope is real** ⇒ ordering by entanglement was itself right, and `",0,0,1,0
README.md,478346,12.2%,"row above keeps [5.8%, 12.4%]; ⚠ **but the positive slope is real** ⇒ ordering by entanglement was itself right, and `premarsx`'s 12.2% is partly semantic overlap; ⚠ **the interval contains 0** ⇒ once the overlap is stripped,",0,0,1,0
README.md,478964,**1.9%, spot** — the first time this gate library has stopped me rather than someone else (Entry 769) 〔GSS〕 ⟨zero-entanglement intercept **1.9%** against its own 95% interval width of **8.4pp**⟩| | **Policing other people's sex is a ,0,0,0,0
README.md,478989,95%,this gate library has stopped me rather than someone else (Entry 769) 〔GSS〕 ⟨zero-entanglement intercept **1.9%** against its own 95% interval width of **8.4pp**⟩| | **Policing other people's sex is a little bit about what ,0,0,0,0
README.md,479243,**1.9%," and almost nothing about last year** | a person's **last-year** sexual conduct (partners · frequency · infidelity) explains only **1.9%**; switching to **lifetime partners** gives **9.1%**, a factor of **4.8**; and on the ite",0,0,0,0
README.md,479294,**9.1%,"**last-year** sexual conduct (partners · frequency · infidelity) explains only **1.9%**; switching to **lifetime partners** gives **9.1%**, a factor of **4.8**; and on the item least semantically entangled with it (attitudes t",0,0,0,0
README.md,479413,**5.8%,"rs** gives **9.1%**, a factor of **4.8**; and on the item least semantically entangled with it (attitudes to homosexuality) it is **5.8%** ⇒ **own lifetime sexual history [5.8%, 12.4%]**. For comparison: politics **[6.8%, 11.6",0,0,1,0
README.md,479455,5.8%,"and on the item least semantically entangled with it (attitudes to homosexuality) it is **5.8%** ⇒ **own lifetime sexual history [5.8%, 12.4%]**. For comparison: politics **[6.8%, 11.6%]**, religion **[33.3%, 46.7%]** | ⚠ pe",0,0,1,0
README.md,479461,12.4%," the item least semantically entangled with it (attitudes to homosexuality) it is **5.8%** ⇒ **own lifetime sexual history [5.8%, 12.4%]**. For comparison: politics **[6.8%, 11.6%]**, religion **[33.3%, 46.7%]** | ⚠ per hard ",0,0,1,0
README.md,479499,6.8%," with it (attitudes to homosexuality) it is **5.8%** ⇒ **own lifetime sexual history [5.8%, 12.4%]**. For comparison: politics **[6.8%, 11.6%]**, religion **[33.3%, 46.7%]** | ⚠ per hard rule ③ this is not a fourth candidate",0,0,1,0
README.md,479505,11.6%,"it (attitudes to homosexuality) it is **5.8%** ⇒ **own lifetime sexual history [5.8%, 12.4%]**. For comparison: politics **[6.8%, 11.6%]**, religion **[33.3%, 46.7%]** | ⚠ per hard rule ③ this is not a fourth candidate from t",0,0,1,0
README.md,479527,33.3%,"exuality) it is **5.8%** ⇒ **own lifetime sexual history [5.8%, 12.4%]**. For comparison: politics **[6.8%, 11.6%]**, religion **[33.3%, 46.7%]** | ⚠ per hard rule ③ this is not a fourth candidate from the same matrix of soci",0,0,1,0
README.md,479534,46.7%,"y) it is **5.8%** ⇒ **own lifetime sexual history [5.8%, 12.4%]**. For comparison: politics **[6.8%, 11.6%]**, religion **[33.3%, 46.7%]** | ⚠ per hard rule ③ this is not a fourth candidate from the same matrix of social cate",0,0,1,0
README.md,480230,1.9%, is why the least-entangled cell is quoted; ⚠ all conduct measures are self-reported and **the condemning may under-report ⇒ both 1.9% and 5.8% are lower bounds** (a direction that works against my own conclusion); ⚠ the met,0,1,0,1
README.md,480239,5.8%,he least-entangled cell is quoted; ⚠ all conduct measures are self-reported and **the condemning may under-report ⇒ both 1.9% and 5.8% are lower bounds** (a direction that works against my own conclusion); ⚠ the methodologic,0,1,0,1
README.md,480907,33.3%," a number from a different run into the ledger** | McDonald's ω = **0.7352** > α = 0.7287, tightening the interval to religion **[33.3%, 46.7%]**, residual **[49.4%, 63.3%]**, residual/religion **[1.06×, 1.90×]** — **still co",0,0,1,0
README.md,480914,46.7%,"er from a different run into the ledger** | McDonald's ω = **0.7352** > α = 0.7287, tightening the interval to religion **[33.3%, 46.7%]**, residual **[49.4%, 63.3%]**, residual/religion **[1.06×, 1.90×]** — **still containin",0,0,1,0
README.md,480936,49.4%,"n into the ledger** | McDonald's ω = **0.7352** > α = 0.7287, tightening the interval to religion **[33.3%, 46.7%]**, residual **[49.4%, 63.3%]**, residual/religion **[1.06×, 1.90×]** — **still containing 1, so the retraction",0,0,1,0
README.md,480943,63.3%,"the ledger** | McDonald's ω = **0.7352** > α = 0.7287, tightening the interval to religion **[33.3%, 46.7%]**, residual **[49.4%, 63.3%]**, residual/religion **[1.06×, 1.90×]** — **still containing 1, so the retraction stands",0,0,1,0
README.md,482467,62.4%,"single category**) was deleted wholesale by my `.where(x>0)` ⇒ fixing it raises n from 9,580 to **12,151** and moves the residual 62.4%→**61.0%**; reliability: religion α **0.7287** (⚠ this page first said 0.4804, which was m",0,0,0,0
README.md,482473,**61.0%," category**) was deleted wholesale by my `.where(x>0)` ⇒ fixing it raises n from 9,580 to **12,151** and moves the residual 62.4%→**61.0%**; reliability: religion α **0.7287** (⚠ this page first said 0.4804, which was measured ",0,0,0,0
README.md,482670,33.3%,"id 0.4804, which was measured on the **pre-fix** sample; corrected in `#767`), politics SB **0.5965** ⇒ correcting moves religion 33.3%→**47.1%**, the residual 63.3%→**49.0%**, and **residual/religion 1.90×→1.04×** | ⚠⚠ **thi",0,0,0,0
README.md,482676,**47.1%,"804, which was measured on the **pre-fix** sample; corrected in `#767`), politics SB **0.5965** ⇒ correcting moves religion 33.3%→**47.1%**, the residual 63.3%→**49.0%**, and **residual/religion 1.90×→1.04×** | ⚠⚠ **this retrac",0,0,0,0
README.md,482700,63.3%,"on the **pre-fix** sample; corrected in `#767`), politics SB **0.5965** ⇒ correcting moves religion 33.3%→**47.1%**, the residual 63.3%→**49.0%**, and **residual/religion 1.90×→1.04×** | ⚠⚠ **this retracts `#764`'s ""the resid",0,0,0,0
README.md,482706,**49.0%," **pre-fix** sample; corrected in `#767`), politics SB **0.5965** ⇒ correcting moves religion 33.3%→**47.1%**, the residual 63.3%→**49.0%**, and **residual/religion 1.90×→1.04×** | ⚠⚠ **this retracts `#764`'s ""the residual is 1",0,0,0,0
README.md,483078,33.3%,"or heterogeneous scales, so the correction overshoots, and it overshoots in the direction that shrinks the residual ⇒ religion **[33.3%, 47.1%]**, residual **[49.0%, 63.3%]**, residual/religion **[1.04×, 1.90×]**, **which con",0,1,1,0
README.md,483085,47.1%,"rogeneous scales, so the correction overshoots, and it overshoots in the direction that shrinks the residual ⇒ religion **[33.3%, 47.1%]**, residual **[49.0%, 63.3%]**, residual/religion **[1.04×, 1.90×]**, **which contains 1",0,1,1,0
README.md,483107,49.0%,"he correction overshoots, and it overshoots in the direction that shrinks the residual ⇒ religion **[33.3%, 47.1%]**, residual **[49.0%, 63.3%]**, residual/religion **[1.04×, 1.90×]**, **which contains 1, so ""much larger"" is ",0,1,1,0
README.md,483114,63.3%,"ection overshoots, and it overshoots in the direction that shrinks the residual ⇒ religion **[33.3%, 47.1%]**, residual **[49.0%, 63.3%]**, residual/religion **[1.04×, 1.90×]**, **which contains 1, so ""much larger"" is unsuppo",0,1,1,0
README.md,483578,6.8%, arm were checked clean; ⚠ an internal consistency check I had not designed came out right: the political composite explains only 6.8% raw — less than the single indicator's 11.5% — and **the reliability correction returns i,0,0,0,0
README.md,483622,11.5%,stency check I had not designed came out right: the political composite explains only 6.8% raw — less than the single indicator's 11.5% — and **the reliability correction returns it to 11.6%** (Entry 765) 〔GSS〕 ⟨the correctio,0,0,0,0
README.md,483677,11.6%,"itical composite explains only 6.8% raw — less than the single indicator's 11.5% — and **the reliability correction returns it to 11.6%** (Entry 765) 〔GSS〕 ⟨the correction's shrinkage is **22.6×** its own spread, and the corr",0,0,0,0
README.md,484564,75%,"* | ⚠⚠ **this is not relaxing a threshold after the fact** — both old verdicts remain correct as answers to ""does retention clear 75%""; what is retired is **the form of the question**, marked RETIRED-AS-BADLY-POSED and **no",0,0,0,0
README.md,485289,**33.1%,"struments reverse each other on whether religion or politics matters, and land 0.2 points apart on what is left** | GSS: religion **33.1%** · politics 9.4% · residual **62.4%**; MFQ: religion 16.0% · politics **28.7%** · residu",0,0,0,0
README.md,485310,9.4%,"h other on whether religion or politics matters, and land 0.2 points apart on what is left** | GSS: religion **33.1%** · politics 9.4% · residual **62.4%**; MFQ: religion 16.0% · politics **28.7%** · residual **62.6%** | ⚠ *",0,0,0,0
README.md,485326,**62.4%,"er religion or politics matters, and land 0.2 points apart on what is left** | GSS: religion **33.1%** · politics 9.4% · residual **62.4%**; MFQ: religion 16.0% · politics **28.7%** · residual **62.6%** | ⚠ **not averaged** (re",0,0,0,0
README.md,485351,16.0%,"atters, and land 0.2 points apart on what is left** | GSS: religion **33.1%** · politics 9.4% · residual **62.4%**; MFQ: religion 16.0% · politics **28.7%** · residual **62.6%** | ⚠ **not averaged** (realstat §2.5) — part of ",0,0,0,0
README.md,485368,**28.7%,0.2 points apart on what is left** | GSS: religion **33.1%** · politics 9.4% · residual **62.4%**; MFQ: religion 16.0% · politics **28.7%** · residual **62.6%** | ⚠ **not averaged** (realstat §2.5) — part of the disagreement is,0,0,0,0
README.md,485389,**62.6%,hat is left** | GSS: religion **33.1%** · politics 9.4% · residual **62.4%**; MFQ: religion 16.0% · politics **28.7%** · residual **62.6%** | ⚠ **not averaged** (realstat §2.5) — part of the disagreement is attributable: **MFQ ,0,0,0,0
README.md,486075,**62.4%,"); ⚠ this **narrows the row above** — those two shares are GSS's, not general facts about people (Entry 763) 〔GSS〕〔MFQ〕 ⟨residual **62.4% vs 62.6%**, against splits of 3.5× and 0.56×⟩| | **Religion explains a third, politics a ",0,0,0,0
README.md,486086,62.6%,"*narrows the row above** — those two shares are GSS's, not general facts about people (Entry 763) 〔GSS〕〔MFQ〕 ⟨residual **62.4% vs 62.6%**, against splits of 3.5× and 0.56×⟩| | **Religion explains a third, politics a tenth, an",0,0,0,0
README.md,486516,16.0%," two shares are GSS's, and a second instrument in the same round reversed them — while the residual did not**: on MFQ religion is 16.0%, politics 28.7%, and the residual **62.6%**, 0.2 percentage points from GSS's 62.4%) | on",0,0,0,0
README.md,486532,28.7%,"GSS's, and a second instrument in the same round reversed them — while the residual did not**: on MFQ religion is 16.0%, politics 28.7%, and the residual **62.6%**, 0.2 percentage points from GSS's 62.4%) | on the same rows (",0,0,0,0
README.md,486556,**62.6%,"rument in the same round reversed them — while the residual did not**: on MFQ religion is 16.0%, politics 28.7%, and the residual **62.6%**, 0.2 percentage points from GSS's 62.4%) | on the same rows (n=9,580–10,467), partialli",0,0,0,0
README.md,486600,62.4%,"le the residual did not**: on MFQ religion is 16.0%, politics 28.7%, and the residual **62.6%**, 0.2 percentage points from GSS's 62.4%) | on the same rows (n=9,580–10,467), partialling out: politics leaves **90.6%** · attend",0,0,0,0
README.md,486677,**90.6%,"residual **62.6%**, 0.2 percentage points from GSS's 62.4%) | on the same rows (n=9,580–10,467), partialling out: politics leaves **90.6%** · attendance 79.0% · fundamentalism 82.3% · strength of identification 86.2% · **all th",0,0,0,0
README.md,486700,79.0%," percentage points from GSS's 62.4%) | on the same rows (n=9,580–10,467), partialling out: politics leaves **90.6%** · attendance 79.0% · fundamentalism 82.3% · strength of identification 86.2% · **all three religion measures",0,0,0,0
README.md,486723,82.3%," GSS's 62.4%) | on the same rows (n=9,580–10,467), partialling out: politics leaves **90.6%** · attendance 79.0% · fundamentalism 82.3% · strength of identification 86.2% · **all three religion measures together 66.9%** · **r",0,0,0,0
README.md,486758,86.2%,"=9,580–10,467), partialling out: politics leaves **90.6%** · attendance 79.0% · fundamentalism 82.3% · strength of identification 86.2% · **all three religion measures together 66.9%** · **religion plus politics 62.4%** | ⚠ *",0,0,0,0
README.md,486805,66.9%,s **90.6%** · attendance 79.0% · fundamentalism 82.3% · strength of identification 86.2% · **all three religion measures together 66.9%** · **religion plus politics 62.4%** | ⚠ **verdict W-M: 66.9% falls inside the pre-regist,0,0,0,0
README.md,486840,62.4%,"ndamentalism 82.3% · strength of identification 86.2% · **all three religion measures together 66.9%** · **religion plus politics 62.4%** | ⚠ **verdict W-M: 66.9% falls inside the pre-registered 50%–75% band, so it is undecid",0,0,0,0
README.md,486867,66.9%,"th of identification 86.2% · **all three religion measures together 66.9%** · **religion plus politics 62.4%** | ⚠ **verdict W-M: 66.9% falls inside the pre-registered 50%–75% band, so it is undecidable and the threshold was ",0,0,0,0
README.md,486905,50%,"ee religion measures together 66.9%** · **religion plus politics 62.4%** | ⚠ **verdict W-M: 66.9% falls inside the pre-registered 50%–75% band, so it is undecidable and the threshold was not changed**; ⚠⚠ **this is the seco",0,0,0,0
README.md,486909,75%,"eligion measures together 66.9%** · **religion plus politics 62.4%** | ⚠ **verdict W-M: 66.9% falls inside the pre-registered 50%–75% band, so it is undecidable and the threshold was not changed**; ⚠⚠ **this is the second c",0,0,0,0
README.md,487072,63.6%,"d the threshold was not changed**; ⚠⚠ **this is the second consecutive time I have landed inside my own middle band** (`#754` was 63.6%) — the world is not being vague, **I am picking thresholds as round numbers** when they s",0,0,0,0
README.md,487603,**33.1%,rtial correlation is not causal adjustment (Entry 762) 〔GSS〕 ⟨religion contributes **542.8×** its own spread while accounting for **33.1%**⟩| | **Remove political left–right entirely and obedience still carries seven-eighths of,0,0,0,0
README.md,488056,**12.3%,"edience and +0.22…+0.32 with sexual attitudes** 〔persisted in `#774`〕. ⚠ And the same sentence ""how much politics explains"" takes **12.3% / 11.5% / 9.4%** across three samples, **each correct on its own** — **a number that move",0,0,0,0
README.md,488066,11.5%,"d +0.22…+0.32 with sexual attitudes** 〔persisted in `#774`〕. ⚠ And the same sentence ""how much politics explains"" takes **12.3% / 11.5% / 9.4%** across three samples, **each correct on its own** — **a number that moves with w",0,0,0,0
README.md,488074,9.4%,"+0.32 with sexual attitudes** 〔persisted in `#774`〕. ⚠ And the same sentence ""how much politics explains"" takes **12.3% / 11.5% / 9.4%** across three samples, **each correct on its own** — **a number that moves with who is i",0,0,0,0
README.md,488322,**87.7%,"be read as a measurement of the world**) | GSS probability sample, n≈16,000: partialling out `polviews` leaves `obey` at a median **87.7%** (86–90% across the four items); the specification curve gives 87.9% / 87.4% / 78.6%; wh",0,0,0,0
README.md,488336,90%,"easurement of the world**) | GSS probability sample, n≈16,000: partialling out `polviews` leaves `obey` at a median **87.7%** (86–90% across the four items); the specification curve gives 87.9% / 87.4% / 78.6%; what politic",0,0,0,0
README.md,488394,87.9%,"000: partialling out `polviews` leaves `obey` at a median **87.7%** (86–90% across the four items); the specification curve gives 87.9% / 87.4% / 78.6%; what politics does explain is **−0.0332, or 594.5× its own spread** — **",0,0,0,0
README.md,488402,87.4%,"tialling out `polviews` leaves `obey` at a median **87.7%** (86–90% across the four items); the specification curve gives 87.9% / 87.4% / 78.6%; what politics does explain is **−0.0332, or 594.5× its own spread** — **real, bu",0,0,0,0
README.md,488410,78.6%," out `polviews` leaves `obey` at a median **87.7%** (86–90% across the four items); the specification curve gives 87.9% / 87.4% / 78.6%; what politics does explain is **−0.0332, or 594.5× its own spread** — **real, but only 1",0,0,0,0
README.md,488504,12.1%,"ication curve gives 87.9% / 87.4% / 78.6%; what politics does explain is **−0.0332, or 594.5× its own spread** — **real, but only 12.1%** | ⚠⚠ **this step was chosen because its positive outcome was one I would not welcome** ",0,0,0,0
README.md,489110,12.1%,"ange); ⚠ the verdict was placed on the **probability sample** as pre-registered rather than averaged — GSS says politics explains 12.1%, MFQ about 30%, and MFQ comes from a politics-interest platform; ⚠ **the retention ratios",0,0,0,0
README.md,489127,30%,"ict was placed on the **probability sample** as pre-registered rather than averaged — GSS says politics explains 12.1%, MFQ about 30%, and MFQ comes from a politics-interest platform; ⚠ **the retention ratios for `workhard`",0,0,0,0
README.md,489416,−290.3%,"e smaller than their own noise, and a ratio with a near-zero denominator must not be reported (`#745`); the first version printed −290.3% (Entry 760) 〔GSS〕〔MFQ〕 ⟨politics contributes **594.5×** its own spread while accounting f",0,0,0,0
README.md,489521,**12.1%,"he first version printed −290.3% (Entry 760) 〔GSS〕〔MFQ〕 ⟨politics contributes **594.5×** its own spread while accounting for only **12.1%**⟩| | **This data cannot support the question of direction, and only computing the MDE fi",0,1,0,1
README.md,490317,**80%," decade level has only **22 time points**, and injecting lead strengths of 0.1→0.8 yields detection rates of only 0.044→0.551, so **80% power is unreachable anywhere on the grid**; ⚠ and the residual sd / sampling se ratio is",0,0,0,0
README.md,492096,**63.6%,"ded was my threshold, not the world** | ρ(authority, ingroup) = **+0.7005**; partialling out ingroup leaves chastity×authority at **63.6%** (14.0× its own null), partialling out authority leaves chastity×ingroup at **26.5%** (s",0,0,0,0
README.md,492181,**26.5%,"ing out ingroup leaves chastity×authority at **63.6%** (14.0× its own null), partialling out authority leaves chastity×ingroup at **26.5%** (still 4.9× its own null, so not zero) | ⚠ **neither pre-registered threshold was met, ",0,0,0,0
README.md,492395,75%,"old was met, so the verdict was honoured as W-3 rather than re-run with adjusted thresholds** — what could not be decided was the 75% I picked, not the world; ⚠ both partials sit far above their own nulls, so **whether ther",0,0,0,0
README.md,494033,**94.9%,"+0.0060** · (fairness) **−0.1685** · (ingroup) **+0.4194** · (authority) **+0.5001**; partialling out harm+fairness leaves sex at **94.9%** (≈ GSS's 97.2%), partialling out ingroup+authority leaves only **60.6%** | ⚠⚠ **an onto",0,0,0,0
README.md,494052,97.2%,"ss) **−0.1685** · (ingroup) **+0.4194** · (authority) **+0.5001**; partialling out harm+fairness leaves sex at **94.9%** (≈ GSS's 97.2%), partialling out ingroup+authority leaves only **60.6%** | ⚠⚠ **an ontology shift: the d",0,0,0,0
README.md,494106,**60.6%,"**+0.5001**; partialling out harm+fairness leaves sex at **94.9%** (≈ GSS's 97.2%), partialling out ingroup+authority leaves only **60.6%** | ⚠⚠ **an ontology shift: the decomposition itself — ""sexual morality vs general morali",0,0,0,0
README.md,494908,**94.9%,"ted sample, and `chastity` is an abstract virtue statement where the GSS four are concrete acts (Entry 752) 〔MFQ〕〔GSS〕 ⟨retention **94.9% vs 60.6%**, each specification's own null 95th percentile being +0.486⟩| | **A person's s",0,0,0,0
README.md,494919,60.6%," and `chastity` is an abstract virtue statement where the GSS four are concrete acts (Entry 752) 〔MFQ〕〔GSS〕 ⟨retention **94.9% vs 60.6%**, each specification's own null 95th percentile being +0.486⟩| | **A person's strictness",0,0,0,0
README.md,495332,**98.0%," to cover only the harm-and-fairness half) | disattenuated **+0.1910**; removing the latter entirely leaves the four sexual items **98.0%** as coherent with each other, and **97.2%** even assuming the control is perfectly relia",0,0,0,0
README.md,495375,**97.2%,"| disattenuated **+0.1910**; removing the latter entirely leaves the four sexual items **98.0%** as coherent with each other, and **97.2%** even assuming the control is perfectly reliable | ⚠ **this step was chosen because its ",0,0,0,0
README.md,495948,**97.2%,"e state, not general morality; ⚠ the two batteries are coded in opposite directions, read off the value labels (Entry 751) 〔GSS〕 ⟨**97.2%** retained against a permuted-pairing null of +0.3379…+0.3421, the observed +0.3334 falli",0,1,0,1
README.md,496717,9.85%,"cation; only the discriminant half is a finding**; ⚠ **the halo null is a no-op for a four-target mean (it moves the composite by 9.85% of its own SD), so it did not act this round** (Entry 749) 〔SCCS〕 ⟨**3.69×**〕| | **The do",0,1,0,1
README.md,498103,1.22%,"design guarantees. Null sampled over 200,000 blocks (C(100,5)=75,287,520, **not enumerable**), q95 0.1837, cross-seed relative SD 1.22% (how this differs from `#542`'s `|ρ|` convention is in the narrative) (Entry 720 · 721) 〔",0,0,0,0
README.md,500452,53%,"*the gradient is larger, not smaller**; **but the gate returns UNVERIFIED because it compares |null| against |effect| (0.00151 is 53% of 0.00287), and that comparison is blind to sign.** ⇒ **the downgrade stands: neither re",0,1,0,1
README.md,501313,84%,"al sit **outside** it, **rarely/never sits inside** ([−0.00196, +0.00190]); the placebo (random three-way split) gives +0.00563 = 84%, so **stratification alone costs 16% while religion costs 36%**; ⚠ **a difference, not a ",0,0,1,0
README.md,501350,16%," sits inside** ([−0.00196, +0.00190]); the placebo (random three-way split) gives +0.00563 = 84%, so **stratification alone costs 16% while religion costs 36%**; ⚠ **a difference, not a ratio** — a ratio is meaningless when",0,0,1,0
README.md,501375,36%,", +0.00190]); the placebo (random three-way split) gives +0.00563 = 84%, so **stratification alone costs 16% while religion costs 36%**; ⚠ **a difference, not a ratio** — a ratio is meaningless when the denominator is near ",0,0,0,0
README.md,501610,95%,") (Entry 740 · 745) 〔GSS〕 ⟨**gap +0.1191/36yr**〕| | **Nor is it age, nor education** | pooled within fixed age bands **+0.00640 = 95% of the within-cohort slope** (the three bands give +0.0069 / +0.0054 / +0.0069); within e",0,0,0,0
README.md,501734,77%,"640 = 95% of the within-cohort slope** (the three bands give +0.0069 / +0.0054 / +0.0069); within education terciles **+0.00521 = 77%** | ⚠ **inside a birth cohort `age = year − cohort` is an identity**, so `#740`'s within-",0,0,0,0
README.md,501936,91%,", so `#740`'s within-cohort slope is by construction period *and* age combined; the placebo (stratifying by sex) gives +0.00610 = 91%, **so stratification itself costs only ~9%**; the null (years shuffled within age band) i",0,0,0,0
README.md,501980,9%,"truction period *and* age combined; the placebo (stratifying by sex) gives +0.00610 = 91%, **so stratification itself costs only ~9%**; the null (years shuffled within age band) is [−0.00082, +0.00079]; ⚠ **(age × educatio",0,0,1,0
README.md,502401,−7%,"emarsx × homosex` **+0.00672/yr, rank 2 of 253 pairs**; homosex against the **19 non-sexual items** has a median of **−0.00025** (−7%), and **against the abortion four −0.00445 — it moved further away** | **the median of al",0,0,0,0
README.md,502760,−23%," within-cohort year-shuffled null is [−0.00155, +0.00215]; ⚠ the normalised version is stronger in the same direction (non-sexual −23%); ⚠ ~~of the three sexual items `xmarsex` gains only +0.00075 — infidelity did not join~~",0,1,1,0
README.md,503205,113%,"ohorts dying out: the same birth cohorts made the link themselves** | the pooled within-cohort slope is **+0.2418 over 36 years = 113% of the total**, so **compositional change contributes −13%**; all four cohorts move the s",0,0,0,0
README.md,503264,−13%,"selves** | the pooled within-cohort slope is **+0.2418 over 36 years = 113% of the total**, so **compositional change contributes −13%**; all four cohorts move the same way: 1929–45 **+0.142** · Boomers **+0.273** · X **+0.2",0,0,0,0
README.md,504001,2%,"eld constant and only the cutpoints move along GSS's **real year-by-year marginals**, `premarsx × homosex` gains just **+0.0056 = 2% of the observed** (17% even under the most generous ρ setting) | ④ positive control: with",0,0,0,0
README.md,504023,17%,"the cutpoints move along GSS's **real year-by-year marginals**, `premarsx × homosex` gains just **+0.0056 = 2% of the observed** (17% even under the most generous ρ setting) | ④ positive control: with cutpoints frozen the s",0,0,0,0
README.md,504199,86%,④ positive control: with cutpoints frozen the simulation moves **−0.0020** over 36 years; ⚠ **and the same simulation explains 60–86% of the three small movers** (`xmarsex×teensex` 86% · `xmarsex×homosex` 64% · `homosex×tee,0,0,0,0
README.md,504250,86%,ation moves **−0.0020** over 36 years; ⚠ **and the same simulation explains 60–86% of the three small movers** (`xmarsex×teensex` 86% · `xmarsex×homosex` 64% · `homosex×teensex` 60%) — **the control fires where it should** ,0,0,0,0
README.md,504274,64%,over 36 years; ⚠ **and the same simulation explains 60–86% of the three small movers** (`xmarsex×teensex` 86% · `xmarsex×homosex` 64% · `homosex×teensex` 60%) — **the control fires where it should** (Entry 738 · 739) 〔GSS〕 ,0,0,0,0
README.md,504298,60%,he same simulation explains 60–86% of the three small movers** (`xmarsex×teensex` 86% · `xmarsex×homosex` 64% · `homosex×teensex` 60%) — **the control fires where it should** (Entry 738 · 739) 〔GSS〕 ⟨**48×** (observed ÷ the,0,0,0,0
README.md,507008,84%,"–4.56×, and that range is the finding**〕| | **The two instruments do not disagree about people: the observations nearly match and 84% of the gap is the denominator** | GSS k=3 observed **0.4154** · NSFG k=3 observed **0.345",0,0,0,0
README.md,507526,**84%,"uestionnaire asks ⇒ ratios are not comparable across instruments** (Entry 718 · 730) 〔GSS·NSFG〕 ⟨GSS 3.10× · NSFG 0.96×, of which **84% of the gap is the denominator**〕| | ⛔ ~~""Sex is one block"" on two instruments~~ **one leg",0,0,0,0
README.md,508564,88%," with k ⇒ **the two ratios are not on one scale, so ""equally tight"" is not false but ill-posed**; verdict **UNVERIFIED** (null is 88% of the effect) (Entry 650 · 734) 〔NSFG〕 ⟨**1.03×–1.24×**〕| | And the family seven are not",0,1,0,1
README.md,509269,29%,"/*.json`, or a JSON without a null) ⇒ **whether the null belongs to that effect cannot be checked**. Across the page, **7 of 24 = 29%** are pairable (Entry 695).  ## What this cannot do  | Cannot | Why | |---|---| | Decide ",0,1,0,1
README.md,511973,22%,"try 694) | | **Most numbers on this page have no null behind them** | of the 93 ledger entries after the six-hundredth, only **14–22%** report their own null (both the strict and loose readings are given) ⇒ **for the other ",0,0,0,0
README.md,512069,86%,"fter the six-hundredth, only **14–22%** report their own null (both the strict and loose readings are given) ⇒ **for the other 78–86% there is no way to tell whether the number has only just cleared noise**. The fragile-den",0,0,0,0
README.md,516178,1.4%,"very person-level dimension this project established, **entered together** against the same 29 > outcomes, explains a **median of 1.4%** of the variance — **7.8% at its best** (`animated`), **2.8%** > for shame. The degrees-",0,0,0,0
README.md,516203,**7.8%,"on this project established, **entered together** against the same 29 > outcomes, explains a **median of 1.4%** of the variance — **7.8% at its best** (`animated`), **2.8%** > for shame. The degrees-of-freedom floor is **0.14%",0,0,0,0
README.md,516238,**2.8%,"red together** against the same 29 > outcomes, explains a **median of 1.4%** of the variance — **7.8% at its best** (`animated`), **2.8%** > for shame. The degrees-of-freedom floor is **0.14%**, and the same pipeline reaches *",0,0,0,0
README.md,516292,**0.14%,"s a **median of 1.4%** of the variance — **7.8% at its best** (`animated`), **2.8%** > for shame. The degrees-of-freedom floor is **0.14%**, and the same pipeline reaches **49%** when a > deliberately strong predictor is added,",0,0,0,0
README.md,516333,**49%,"**7.8% at its best** (`animated`), **2.8%** > for shame. The degrees-of-freedom floor is **0.14%**, and the same pipeline reaches **49%** when a > deliberately strong predictor is added, so the machinery is not blind and the ",0,0,0,0
README.md,516638,0.14%,"led — **and they are small**. > **Two readings this does not license.** It does *not* mean the findings are empty (the floor is > 0.14%, and every dimension clears its own family-wise threshold). It does *not* mean sexual > p",0,0,0,0
README.md,516762,**1.4%," is > 0.14%, and every dimension clears its own family-wise threshold). It does *not* mean sexual > preference is mostly random — **1.4% is the reach of *these six coordinates*, not a ceiling on > explainability**. ⚠ And note ",0,0,0,0
README.md,516974,0.715%,"*. ⚠ And note the ordering: the *least reliable* standing dimension (position, 0.432) > contributes the *largest* incremental R² (0.715%). **Reliability and explanatory power are different > things — a quantity can stably meas",0,0,0,0
README.md,517146,1.4%,er are different > things — a quantity can stably measure something that hardly moves anything.** > ⚠ **`#301` `#302`:**in-sample 1.4% / out-of-sample 0.87%**. Held out — 5-fold person-level cross-validation with the six coo,0,0,0,0
README.md,517167,0.87%,ings — a quantity can stably measure something that hardly moves anything.** > ⚠ **`#301` `#302`:**in-sample 1.4% / out-of-sample 0.87%**. Held out — 5-fold person-level cross-validation with the six coordinates **re-estimate,0,0,0,0
README.md,517325,**0.869%,"erson-level cross-validation with the six coordinates **re-estimated inside every fold** — the same pipeline delivers a median of **0.869%**; with the coordinates held fixed it is 1.087%, and ridge-CV 1.056%. On 2 of the 29 outc",0,0,0,0
README.md,517375,1.087%,"tes **re-estimated inside every fold** — the same pipeline delivers a median of **0.869%**; with the coordinates held fixed it is 1.087%, and ridge-CV 1.056%. On 2 of the 29 outcomes the held-out R² is **negative**. **Over a t",0,0,0,0
README.md,517396,1.056%,"side every fold** — the same pipeline delivers a median of **0.869%**; with the coordinates held fixed it is 1.087%, and ridge-CV 1.056%. On 2 of the 29 outcomes the held-out R² is **negative**. **Over a third of the published",0,0,0,0
README.md,517701,1.390%,"LIBER.md) (**0.52pp**, against 0.18pp for every analysis knob). Both numbers are legitimate and they answer different questions — 1.390% is what these coordinates explain **in the people they were built from**, 0.869% is what ",0,0,0,0
README.md,517782,0.869%,"legitimate and they answer different questions — 1.390% is what these coordinates explain **in the people they were built from**, 0.869% is what they deliver **on people they have never seen**. ⚠ **`#356`: and part of that 1.4",0,0,0,0
README.md,517875,1.4%,"n the people they were built from**, 0.869% is what they deliver **on people they have never seen**. ⚠ **`#356`: and part of that 1.4% is co-linear with how much a person reported.** Adding ""how many onset categories you fil",0,0,0,0
README.md,518143,**18.2%,"ommonality decomposition across all 29 outcomes, the shared component is positive for **22 of 29** outcomes, median **0.345pp** — **18.2% of the median outcome's explained variance** — and it grows with how well the outcome is ",0,0,0,0
README.md,521137,**86%,"e c3 row overlap heavily** — their outcome profiles correlate **+0.7826** against an attenuation ceiling of 0.9142 ± 0.0171, i.e. **86% of ceiling**, resolvably below it (7.7× the spread) but by only 0.13 in absolute terms. T",0,0,1,0
README.md,523009,**59.6%,"ghtness, BMI, partner count, pick count, porn habit, self-reported honesty), a commonality decomposition on shame leaves c3⁻ with **59.6%** of its own R² (unique 0.996pp of 1.671pp; shared **+0.674pp** against a row-permutation",0,1,0,1
README.md,523239,**18.9%,"ll of +0.007 ± 0.017). **13 of the 20 exceed their own permutation threshold individually**, though no single one takes more than **18.9%** (partner count), then extraversion 14.9%, age 8.8%, neuroticism 8.3%, powerlessness 7.3",0,0,1,0
README.md,523284,14.9%,"their own permutation threshold individually**, though no single one takes more than **18.9%** (partner count), then extraversion 14.9%, age 8.8%, neuroticism 8.3%, powerlessness 7.3%. **All five biggest bites point the same ",0,0,0,0
README.md,523295,8.8%,"ermutation threshold individually**, though no single one takes more than **18.9%** (partner count), then extraversion 14.9%, age 8.8%, neuroticism 8.3%, powerlessness 7.3%. **All five biggest bites point the same way**: you",0,0,0,0
README.md,523313,8.3%,"ld individually**, though no single one takes more than **18.9%** (partner count), then extraversion 14.9%, age 8.8%, neuroticism 8.3%, powerlessness 7.3%. **All five biggest bites point the same way**: younger, fewer partne",0,0,0,0
README.md,523333,7.3%,"hough no single one takes more than **18.9%** (partner count), then extraversion 14.9%, age 8.8%, neuroticism 8.3%, powerlessness 7.3%. **All five biggest bites point the same way**: younger, fewer partners, less extraverted",0,0,0,0
README.md,523481,40%,"iggest bites point the same way**: younger, fewer partners, less extraverted, more neurotic, less agency, together carrying about 40% of this route's shame. The other 60% none of the twenty can see. ⚠ **`#367`: that 40% is ",0,0,0,0
README.md,523518,60%,"unger, fewer partners, less extraverted, more neurotic, less agency, together carrying about 40% of this route's shame. The other 60% none of the twenty can see. ⚠ **`#367`: that 40% is ONE dimension, not twenty — but half ",0,0,0,0
README.md,523567,40%,"rotic, less agency, together carrying about 40% of this route's shame. The other 60% none of the twenty can see. ⚠ **`#367`: that 40% is ONE dimension, not twenty — but half of the sentence above was rhetoric.** Sign-aligne",0,0,0,0
README.md,523754,**28.9%,"ce above was rhetoric.** Sign-aligned, all 10 off-diagonal correlations among the five are positive (median +0.092) and PC1 takes **28.9%** against an offset null of **20.88% ± 0.23%** (+35 sd) — the null is not zero because si",0,0,1,0
README.md,523790,**20.88%,"d, all 10 off-diagonal correlations among the five are positive (median +0.092) and PC1 takes **28.9%** against an offset null of **20.88% ± 0.23%** (+35 sd) — the null is not zero because sign-aligning on a common target *induc",0,0,1,0
README.md,523801,0.23%,ff-diagonal correlations among the five are positive (median +0.092) and PC1 takes **28.9%** against an offset null of **20.88% ± 0.23%** (+35 sd) — the null is not zero because sign-aligning on a common target *induces* a fl,0,0,1,0
README.md,524035,59.6%,"t is built by synthesising five variables with the observed \|r\| to c3⁻ and nothing else in common. **A real single factor gives 59.6%, so the common direction is genuine but thin.** And that single PC1 takes **37.1%** of c3",0,1,0,1
README.md,524115,**37.1%,"hing else in common. **A real single factor gives 59.6%, so the common direction is genuine but thin.** And that single PC1 takes **37.1%** of c3⁻'s shame where all twenty take 40.4% — **92% of the work of twenty variables done",0,1,0,1
README.md,524162,40.4%,"es 59.6%, so the common direction is genuine but thin.** And that single PC1 takes **37.1%** of c3⁻'s shame where all twenty take 40.4% — **92% of the work of twenty variables done by one dimension** — against random 5-subset",0,1,0,1
README.md,524170,**92%,", so the common direction is genuine but thin.** And that single PC1 takes **37.1%** of c3⁻'s shame where all twenty take 40.4% — **92% of the work of twenty variables done by one dimension** — against random 5-subsets taking",0,1,0,1
README.md,524266,**8.3%,"ame where all twenty take 40.4% — **92% of the work of twenty variables done by one dimension** — against random 5-subsets taking **8.3% ± 7.7%** (beyond all 300 draws, +3.8 sd), which is the control the selected-on-the-same-d",0,0,1,0
README.md,524275,7.7%," all twenty take 40.4% — **92% of the work of twenty variables done by one dimension** — against random 5-subsets taking **8.3% ± 7.7%** (beyond all 300 draws, +3.8 sd), which is the control the selected-on-the-same-data fiv",0,0,1,0
README.md,524530,**28.2%,"n: the sign agreement itself carries almost no information.** 16 of the 20 variables are same-signed, so a random 5-subset agrees **28.2%** of the time. ⚠ **`#369`: and the sharing is uniform along that line — the two numbers a",0,0,0,0
README.md,524859,95%,"05, `#368`), so the question was re-estimated as a single interaction on all 6,609 people: `c3⁻ × PC1` = **−0.00042** (se 0.0120, 95% CI [−0.024, +0.023 [R15 3× curveball · scope stated]]), **−0.04 sd** from an offset null ",0,0,1,0
README.md,525605,54.8%,"e will shame them. ⚠ For scale, not as a test (k differs): a variable that genuinely **is** c3⁻ plus equal-magnitude noise leaves 54.8%. ⚠ c3⁻ is estimated in-sample (`#347`), so the absolute pp is an upper bound; the retaine",0,0,0,0
README.md,526076,56%,"s controlled (`#114` — **`#452` corrects this citation, which read `#289`; that entry is about measurement invariance by sex**) · 56% survives a cross-half split | | **`form_i` — what ""opened by drawn things"" and ""opened by",0,0,0,0
README.md,528428,**110.2%,"p its own ruler does not remove the non-invariance**: rebuilt with within-group rarity, the gap goes from −0.2061 to **−0.2270** (**110.2% retained**), with a `SEX × S` interaction sweep flat at g=0. **Both facts are true and ne",0,0,0,0
README.md,528855,**84.3%,"so come from the outcomes themselves (range restriction, response style), and partialling a response-style reference curve leaves **84.3%** of the gap — but that arm's positive control **fails** (planting noise in six outcomes ",0,0,0,0
README.md,529029,**−18.5%,"ve control **fails** (planting noise in six outcomes for one group, the partialling makes the artificial gap **larger**, recovery **−18.5%**), so it is UNVERIFIED, not a confirmation. **The sex non-invariance is reported here at",0,0,0,0
README.md,531456,100%,"finitions disagree, and there they behave the same. Over the option-subset grid (keep the most reference-group-divergent 10/25/50/100% per block) the two definitions decorrelate from **+0.8865 to +0.6722**, and both routes *",0,0,0,0
README.md,531574,+41.6%,"nt 10/25/50/100% per block) the two definitions decorrelate from **+0.8865 to +0.6722**, and both routes **strengthen together** (+41.6% and +62% among people readable both ways) while their difference stays at **+0.0113 again",0,0,0,0
README.md,531585,+62%,"/100% per block) the two definitions decorrelate from **+0.8865 to +0.6722**, and both routes **strengthen together** (+41.6% and +62% among people readable both ways) while their difference stays at **+0.0113 against a dete",0,0,0,0
README.md,531855,90%,"e of four cells. **The earlier reading that only content carries shame held on the full option set, where the two definitions are 90% the same quantity — it does not survive the grid.** ⚠ **`#304`: and the two routes are no",0,0,0,0
README.md,533529,**58%,"ll eight (route × moderator) interactions gives an R² drop of **0.094pp** against a permutation null of **0.121 ± 0.061pp**, with **58% of permutations exceeding the observed value**. The same test detects a planted buffer of",0,0,1,0
README.md,533625,**10%,"null of **0.121 ± 0.061pp**, with **58% of permutations exceeding the observed value**. The same test detects a planted buffer of **10%** in three of the four variables (30% for openness), against **54.8%** for the single-coe",0,0,1,0
README.md,533665,30%,"of permutations exceeding the observed value**. The same test detects a planted buffer of **10%** in three of the four variables (30% for openness), against **54.8%** for the single-coefficient test it replaces. **This is a",0,1,0,1
README.md,533692,**54.8%,"he observed value**. The same test detects a planted buffer of **10%** in three of the four variables (30% for openness), against **54.8%** for the single-coefficient test it replaces. **This is a null with power**: if any of t",0,1,0,1
README.md,541838,25%,"rvive: the five-item score goes +0.0881 → **+0.0657** (threshold 0.0235) and c3⁻ +0.1093 → **+0.0932** (threshold 0.0264), losing 25% and 15% respectively. **Having unusual tastes and finding that ordinary things do little ",0,0,0,0
README.md,541846,15%,"he five-item score goes +0.0881 → **+0.0657** (threshold 0.0235) and c3⁻ +0.1093 → **+0.0932** (threshold 0.0264), losing 25% and 15% respectively. **Having unusual tastes and finding that ordinary things do little for you ",0,0,0,0
README.md,543606,**11.55%,"ear correlation is **+0.0005** across all 15,501 respondents: not negative, zero. Split at both medians, the both-high cell holds **11.55%** of people (**1,790**) against an offset null of **10.43% ± 0.18%** built by keeping bot",1,0,1,0
README.md,543665,**10.43%,"s: not negative, zero. Split at both medians, the both-high cell holds **11.55%** of people (**1,790**) against an offset null of **10.43% ± 0.18%** built by keeping both marginal distributions and breaking only the pairing — **",0,0,1,0
README.md,543676,0.18%,"tive, zero. Split at both medians, the both-high cell holds **11.55%** of people (**1,790**) against an offset null of **10.43% ± 0.18%** built by keeping both marginal distributions and breaking only the pairing — **+6.13 sd",0,0,1,0
README.md,552022,40%," scattered one — and the outcome-specific qualifier above stands for a reason that has now been tested rather than assumed. ⚠ MDE 40% against a meaningful 50%, sweep unsaturated. ⚠ **`#411`: and shame barely suppresses acti",0,0,0,0
README.md,552047,50%,"outcome-specific qualifier above stands for a reason that has now been tested rather than assumed. ⚠ MDE 40% against a meaningful 50%, sweep unsaturated. ⚠ **`#411`: and shame barely suppresses action at all in people who h",0,0,0,0
README.md,552518,+89.4%,"st, a difference of **−0.062** past a random-restratification threshold of 0.042 at the wide caliber (n = 12,516, guard-25 growth +89.4%). All three computable cells carry the pre-registered negative sign; only the widest clea",0,0,0,0
README.md,554237,104%,"able thresholds (+0.090, +0.085, +0.069, +0.064, +0.063 against thresholds of 0.024–0.026), and dropping any one item leaves **86–104%** of the five-item score — the largest single contribution is 14%, and two of the items s",0,0,0,0
README.md,554304,14%,"esholds of 0.024–0.026), and dropping any one item leaves **86–104%** of the five-item score — the largest single contribution is 14%, and two of the items slightly dilute rather than carry it. This rules out the `#325` pat",0,0,0,0
README.md,556016,79%," shame at **−0.1024** raw and **−0.0810** after controlling both how many categories a person reports and their position score S (79% retained, 2×MDE = 0.068); **28 of 31 categories are negative** individually. Category spl",0,0,0,0
README.md,556030,2×,".1024** raw and **−0.0810** after controlling both how many categories a person reports and their position score S (79% retained, 2×MDE = 0.068); **28 of 31 categories are negative** individually. Category split-half relia",0,0,0,0
README.md,556195,95%,"es are negative** individually. Category split-half reliability is **0.924**, giving a disattenuated **−0.1065** with a bootstrap 95% interval of **[−0.134, −0.082]**. It survives dropping everyone with a censored (""26yo+"")",0,0,1,0
README.md,556309,83%,"ith a bootstrap 95% interval of **[−0.134, −0.082]**. It survives dropping everyone with a censored (""26yo+"") onset (**−0.0684**, 83% of the sample) and three different numeric codings of the age bins (range 0.004). ⚠ Onset",1,0,1,0
README.md,557945,**77.1%,"tegories (n = 6,473), the rank correlation between their own onset ages and category rarity averages **+0.2219** (median +0.2532; **77.1%** of people positive) against an offset null of **+0.0884 ± 0.0034** — **+38.9 sd**. That",0,0,1,0
README.md,558670,95%,"her way carry more shame.** Regressing shame on that within-person ordering, controlling category count and S, gives **−0.0287** (95% CI [−0.047, −0.011], −3.00 sd from a person-shuffle null) at the wide caliber (n = 11,535",0,0,1,0
README.md,559263,**48.4%,"arlier at everything.** Adding mean onset age to the same model drops the ordering coefficient from **−0.0287** to **−0.0148**, a **48.4%** drop (bootstrap 95% CI [+31.4%, +83.8%]) against an offset floor of −0.11% ± 5.01% buil",0,1,1,0
README.md,559289,95%,"ding mean onset age to the same model drops the ordering coefficient from **−0.0287** to **−0.0148**, a **48.4%** drop (bootstrap 95% CI [+31.4%, +83.8%]) against an offset floor of −0.11% ± 5.01% built from a synthetic con",0,1,1,0
README.md,559297,+31.4%,"n onset age to the same model drops the ordering coefficient from **−0.0287** to **−0.0148**, a **48.4%** drop (bootstrap 95% CI [+31.4%, +83.8%]) against an offset floor of −0.11% ± 5.01% built from a synthetic control with t",0,1,1,0
README.md,559305,+83.8%,"age to the same model drops the ordering coefficient from **−0.0287** to **−0.0148**, a **48.4%** drop (bootstrap 95% CI [+31.4%, +83.8%]) against an offset floor of −0.11% ± 5.01% built from a synthetic control with the same ",0,1,1,0
README.md,559341,−0.11%,"ring coefficient from **−0.0287** to **−0.0148**, a **48.4%** drop (bootstrap 95% CI [+31.4%, +83.8%]) against an offset floor of −0.11% ± 5.01% built from a synthetic control with the same correlation to the ordering but none",0,1,1,0
README.md,559350,5.01%,"ficient from **−0.0287** to **−0.0148**, a **48.4%** drop (bootstrap 95% CI [+31.4%, +83.8%]) against an offset floor of −0.11% ± 5.01% built from a synthetic control with the same correlation to the ordering but none to sham",0,0,1,0
README.md,562099,30%,"*, and relationship style from **3 to 2**. Coarsening a moderator attenuates interaction detection, so the per-variable MDE of 10–30% is partly the release's doing, not the population's. The publisher also states the anonym",0,0,0,0
README.md,562223,25%,"of 10–30% is partly the release's doing, not the population's. The publisher also states the anonymization leaves correlations **~25% weaker than the original** — so every correlation on this page is a **lower bound**. ⚠ **",0,0,0,0
README.md,564760,**1.9%,"greeableness`, which correlates −0.0749 with sex, gives −0.0016). The three outcomes that differ > most: `I sometimes find peop…` **1.9% vs 5.0%**, `I find the thought of…` **3.2% vs 0.6%**, `animated` > **6.4% vs 8.9%**. ⚠ Th",0,0,0,0
README.md,564770,5.0%,"ss`, which correlates −0.0749 with sex, gives −0.0016). The three outcomes that differ > most: `I sometimes find peop…` **1.9% vs 5.0%**, `I find the thought of…` **3.2% vs 0.6%**, `animated` > **6.4% vs 8.9%**. ⚠ This does ",0,0,0,0
README.md,564803,**3.2%,"h sex, gives −0.0016). The three outcomes that differ > most: `I sometimes find peop…` **1.9% vs 5.0%**, `I find the thought of…` **3.2% vs 0.6%**, `animated` > **6.4% vs 8.9%**. ⚠ This does **not** say any column is wrong — e",0,0,0,0
README.md,564813,0.6%,"es −0.0016). The three outcomes that differ > most: `I sometimes find peop…` **1.9% vs 5.0%**, `I find the thought of…` **3.2% vs 0.6%**, `animated` > **6.4% vs 8.9%**. ⚠ This does **not** say any column is wrong — every one",0,0,0,0
README.md,564834,**6.4%,"e outcomes that differ > most: `I sometimes find peop…` **1.9% vs 5.0%**, `I find the thought of…` **3.2% vs 0.6%**, `animated` > **6.4% vs 8.9%**. ⚠ This does **not** say any column is wrong — every one was controlled for sex",0,0,0,0
README.md,564844,8.9%," that differ > most: `I sometimes find peop…` **1.9% vs 5.0%**, `I find the thought of…` **3.2% vs 0.6%**, `animated` > **6.4% vs 8.9%**. ⚠ This does **not** say any column is wrong — every one was controlled for sex. It > s",0,0,0,0
README.md,566144,95%,"9. The reliability 0.380 was always right; the pair correlation was not.**), so the disattenuated value is **+0.1293** (bootstrap 95% interval **[+0.088, +0.167]**, `#320`) — the same size as position (+0.1185 [cov≥8 · scop",0,0,1,0
README.md,566346,61%,"+0.1185 [cov≥8 · scope stated]) and breadth-type c3 (+0.1286). It survives controlling response style (**+0.0791** disattenuated, 61% retained). What is absent is not the signal but its *unique* part: after removing both th",0,0,0,0
README.md,571069,13%,"lation to one's own body goes with a wider sexual life, not a narrower one.** ⚠ Scope: only **2,061** people answered that block (13% of the sample, and the item wording selects on body type), so this is a statement about t",1,0,0,0
README.md,579188,**39.8%,"because the two oppose each other. ⚠ **`#435` retracts the share I first reported here.** I wrote that the indirect route cancels **39.8%** of the direct one; bootstrapping that ratio gives **[−3.6, +2.2]**, because its denomin",0,1,1,0
README.md,579818,8.1%,"three-path split for five quantities at once, with the algebraic identity holding to 2e-16 in every case: **rarity of taste loses 8.1%** of its route to behaviour through shame **[−12.4%, −4.8%]**, while **""ordinary content ",0,0,1,0
README.md,579868,−12.4%," the algebraic identity holding to 2e-16 in every case: **rarity of taste loses 8.1%** of its route to behaviour through shame **[−12.4%, −4.8%]**, while **""ordinary content also works"" gains 7.2%** **[+4.2%, +11.9%]** — two i",0,0,1,0
README.md,579876,−4.8%,"ebraic identity holding to 2e-16 in every case: **rarity of taste loses 8.1%** of its route to behaviour through shame **[−12.4%, −4.8%]**, while **""ordinary content also works"" gains 7.2%** **[+4.2%, +11.9%]** — two interval",0,0,1,0
README.md,579930,7.2%,"ty of taste loses 8.1%** of its route to behaviour through shame **[−12.4%, −4.8%]**, while **""ordinary content also works"" gains 7.2%** **[+4.2%, +11.9%]** — two intervals that do not overlap. ⚠ The **signs** here are algeb",0,0,1,0
README.md,579940,+4.2%,"e loses 8.1%** of its route to behaviour through shame **[−12.4%, −4.8%]**, while **""ordinary content also works"" gains 7.2%** **[+4.2%, +11.9%]** — two intervals that do not overlap. ⚠ The **signs** here are algebra, not evi",0,0,1,0
README.md,579947,+11.9%," 8.1%** of its route to behaviour through shame **[−12.4%, −4.8%]**, while **""ordinary content also works"" gains 7.2%** **[+4.2%, +11.9%]** — two intervals that do not overlap. ⚠ The **signs** here are algebra, not evidence: t",0,0,1,0
README.md,581490,**1.7%,"t ten times the permutations the threshold settles at **2.384** with its own bootstrap interval **[2.323, 2.434]** and a drift of **1.7%** between 2,000 and 4,000 draws, while the observed **2.276** sits below that whole inter",0,0,1,0
README.md,582429,**−2.4%,"ng is that it works through experience. It does not. Decomposed with acting as the mediator, the route through experience carries **−2.4%** of the total **[−6.4%, −0.5%]** — and the minus sign is the point: it runs the **opposi",0,0,1,0
README.md,582455,−6.4%,"h experience. It does not. Decomposed with acting as the mediator, the route through experience carries **−2.4%** of the total **[−6.4%, −0.5%]** — and the minus sign is the point: it runs the **opposite** way. Breadth type g",0,0,1,0
README.md,582462,−0.5%,"ience. It does not. Decomposed with acting as the mediator, the route through experience carries **−2.4%** of the total **[−6.4%, −0.5%]** — and the minus sign is the point: it runs the **opposite** way. Breadth type goes wit",0,0,1,0
README.md,583332,3.3%,"er than the first being quietly replaced. ⚠ n = 6,715, cross-sectional, shame in the model throughout; the family threshold moved 3.3% between 400 and 4,000 permutations.  ⚠ **`#440`: and it is not what you like — it is how ",0,0,0,0
README.md,587168,**31%,"icients go from **0.052 / 0.053 / 0.035** to **0.052 / 0.062 / 0.047** — none collapses and two **grow**, the breadth-type one by **31%**. **So involvement was masking the relationship rather than producing it, and what the l",0,0,0,0
README.md,597003,**95%," stand-in covariate — labelled a stand-in, not the real control — leaves the coefficient at **+0.048** from **+0.050**, retaining **95%**. ⚠ The separation is not total: the residual within-person tilt still correlates **+0.2",0,1,0,1
README.md,600779,**0.74%,"ssibly move the other's coefficient is fixed by three correlations, so it is knowable in advance: for these two arms the bound is **0.74%** and **0.36%** of the total effect, and what the full fits actually moved was **0.7%** a",0,1,0,1
README.md,600793,**0.36%,"e other's coefficient is fixed by three correlations, so it is knowable in advance: for these two arms the bound is **0.74%** and **0.36%** of the total effect, and what the full fits actually moved was **0.7%** and **0.5%**. T",0,1,0,1
README.md,600866,**0.7%,"n advance: for these two arms the bound is **0.74%** and **0.36%** of the total effect, and what the full fits actually moved was **0.7%** and **0.5%**. The same calculation says the page's porn-use mediation **does** have roo",0,1,0,1
README.md,600879,**0.5%,"r these two arms the bound is **0.74%** and **0.36%** of the total effect, and what the full fits actually moved was **0.7%** and **0.5%**. The same calculation says the page's porn-use mediation **does** have room, so this is",0,1,0,1
README.md,605714,**21%,".** Taking that strongest correlate — the endorsed-sex-act count — out of the breadth-type coordinate altogether: it accounts for **21%** of the coordinate's variance, and the residual still predicts shame at **+0.069** where",0,0,0,0
README.md,605847,**87%,"1%** of the coordinate's variance, and the residual still predicts shame at **+0.069** where the original was **+0.078**, keeping **87%**, and still predicts the changeability outcome not at all. **So what a person's openness",0,0,0,0
README.md,606383,**31%,"66` removes every countable quantity at once, and two things come out.** The six counts on this page **jointly** account for only **31%** of the breadth-type coordinate — the strongest alone was 21% — so **69% of it is untouc",0,0,0,0
README.md,606448,21%," out.** The six counts on this page **jointly** account for only **31%** of the breadth-type coordinate — the strongest alone was 21% — so **69% of it is untouched by any of them**, and after removing all six the link to sh",0,0,0,0
README.md,606457,**69%,"he six counts on this page **jointly** account for only **31%** of the breadth-type coordinate — the strongest alone was 21% — so **69% of it is untouched by any of them**, and after removing all six the link to shame keeps *",0,0,0,0
README.md,606551,**74%," — the strongest alone was 21% — so **69% of it is untouched by any of them**, and after removing all six the link to shame keeps **74%** of its size (**+0.059** from **+0.079**). **So there is a substantial piece of ""where a",0,0,0,0
README.md,619142,2×,"ally** — `animated` ↔ shame **+0.0985**, `written` ↔ shame **+0.0515**, a difference sitting exactly on this design's resolution (2×MDE = 0.047). The direction is shared; the share is not. On sex the two diverge far more (",0,1,0,1
README.md,619564,**45%,"ing ≥8 of the 32 blocks (n = 6,717). Relaxing that inclusion rule to ≥6 and ≥4 (n = 12,720) gives **+0.1477** and **+0.1715** — a **45% swing**, larger than any analysis knob in [`CALIBER.md`](CALIBER.md). ⚠ The direction is ",0,1,0,1
README.md,620857,1.4%," (each was controlled and > scoped separately); it overturns reading the six as six independent coordinates. > ⚠ **Caliber of the 1.4%** (`#264`, `#271`): old S + least squares; the alternative caliber (S varying > with bloc",0,0,0,0
README.md,620967,**1.21%," ⚠ **Caliber of the 1.4%** (`#264`, `#271`): old S + least squares; the alternative caliber (S varying > with block subset) gives **1.21%**. Both sit in 1.2–1.4%. The knobs that move this number are listed > and measured in [`C",0,0,0,0
README.md,620994,1.4%,"(`#264`, `#271`): old S + least squares; the alternative caliber (S varying > with block subset) gives **1.21%**. Both sit in 1.2–1.4%. The knobs that move this number are listed > and measured in [`CALIBER.md`](CALIBER.md) ",0,0,0,0
README.md,623042,66.5%,"ration 17.0. Using it to guess which of any two interests came first reaches **66.852 ± 0.191**, against a theoretical ceiling of 66.5% for ""everyone shares one ordering"" — the schedule has nearly exhausted what a shared orde",0,0,1,0
README.md,623220,60.5%,"chedule has nearly exhausted what a shared ordering can provide | `#75` 8 seeds · 35,438 pairs · 6,230 people; all-pairs bound **[60.5%, 66.5%]** `#63` | | **Content and individualised valuation move endorsement probability b",0,0,1,0
README.md,623227,66.5%," has nearly exhausted what a shared ordering can provide | `#75` 8 seeds · 35,438 pairs · 6,230 people; all-pairs bound **[60.5%, 66.5%]** `#63` | | **Content and individualised valuation move endorsement probability by the s",0,0,1,0
README.md,623394,5%,"vidualised valuation move endorsement probability by the same amount** | option base rate **±21.5 pp** (ledger records ±22.6; **a 5% drift that is not explained**, `#157e`) · person overall rate **±16.7 pp** · person × opt",0,0,1,0
README.md,624889,**85%,"ing of +0.832. **And the name itself is now tested** (`#163`): split the blocks into their two most content-dissimilar halves and **85% of the reliability survives**, while a pure *position* plant survives at 100% and a pure ",0,0,0,0
README.md,624968,100%," into their two most content-dissimilar halves and **85% of the reliability survives**, while a pure *position* plant survives at 100% and a pure *content* plant collapses to −2% — **""prefers uncommon things"" is a transferab",0,0,0,0
README.md,625013,−2%,"s and **85% of the reliability survives**, while a pure *position* plant survives at 100% and a pure *content* plant collapses to −2% — **""prefers uncommon things"" is a transferable position, not ""likes one family that happ",0,0,0,0
README.md,625244,**102%,"e uncommon""**. **And it is not a shadow of sex** (`#164`): regressing sex out of *every* block-level score leaves the tendency at **102%** (4.9× its own spread, and the direction is *up*), while a purely sex-driven position pl",0,1,0,1
README.md,625357,**−0%," the tendency at **102%** (4.9× its own spread, and the direction is *up*), while a purely sex-driven position plant collapses to **−0%** and a purely personal one survives at **+0.986** under the same treatment; **67%** surv",0,1,0,1
README.md,625440,**67%," purely sex-driven position plant collapses to **−0%** and a purely personal one survives at **+0.986** under the same treatment; **67%** survives removing the pick count, and its correlation with pick count (+0.608) is **low",0,0,0,0
README.md,626422,**4.5%,"count (+0.1155), sex (+0.1154), and the **content** score itself (**+0.1132, 9.0× its own bootstrap sd**) — content mediates only **4.5%**, so shame does *not* track *which* families you like. Permuting shame across people giv",0,0,1,0
README.md,626543,1%,"tes only **4.5%**, so shame does *not* track *which* families you like. Permuting shame across people gives **+0.0008 ± 0.0118** (1% of the effect). The internal discriminant: on the same pipeline the *therapeutic* item st",0,1,1,0
README.md,630880,24.5%,"near-absent there (`corr = +0.0428`; controlled beta **+0.1344 ± 0.0099**). **But the two scores correlate only +0.1336, which is 24.5% of their attenuation ceiling of 0.5452** — the registered 50% was not met, while the same",0,0,1,0
README.md,630944,50%," 0.0099**). **But the two scores correlate only +0.1336, which is 24.5% of their attenuation ceiling of 0.5452** — the registered 50% was not met, while the same arithmetic gives 95.4% for two disjoint halves *within* the b",0,0,0,0
README.md,630993,95.4%,"0.1336, which is 24.5% of their attenuation ceiling of 0.5452** — the registered 50% was not met, while the same arithmetic gives 95.4% for two disjoint halves *within* the block instrument. **So ""opening in rarer domains ↔ s",0,0,0,0
README.md,634094,**2.8%,"ean `corr(onset, rating) = −0.1175`, negative in 23 of 24 matched categories; both ends of the positive control fire) leaves only **2.8%** of the asymmetry — *but that comparison silently changed the sample from 2,740 to 6,301",0,0,0,0
README.md,634328,70.2%,", because residualisation moves the median split and therefore the ≥4-per-half filter. **On the same people the asymmetry retains 70.2%** (−0.0690 → −0.0484) yet is **no longer resolvable** (0.85× its own spread). So the reca",0,0,0,0
README.md,635079,**98.5%,"n the **4,718 people who have both** — ordinary **−0.0589**, transgressive **+0.1012**, gap **+0.1601** against 2× spread 0.0394, **98.5% of the original retained**. The conclusion is unchanged; this line is the scope. ⚠ **`#29",0,0,0,0
README.md,636124,43%,"apping endpoint intervals. **A synthetic relation of fixed true strength declines by 0.074 over the same thresholds**, so roughly 43% of the observed 0.174 drop is selection and range restriction and roughly 0.10 is not; co",0,0,0,0
README.md,637014,43%,"usion artifact explains it. ⚠ This also corrects the split above: real outcomes decline **less** than the synthetic baseline, so ""43% is selection"" was generous and the unexplained share is larger. | **Two orthogonal person",0,0,0,0
README.md,641846,**4%,"'s own repertoire) reproduces it independently: +0.0767 with the schedule removed, 14.5×**. `#114`'s recall bias contributes only **4%**, and with the opposite sign. ⚠ **`#211` adds the boundary this claim never had**: rerun",0,0,0,0
README.md,643119,65%,"mber, and under the fixed-margin null (the scheme this project uses most) the negative control **fails**: margins alone reproduce 65% of it. **`#212` separates the two readings and it is the window, not the artifact**: spli",0,0,0,0
README.md,643763,30%,ect does not exist.** ⚠ The post-14 half is itself age-selected (contributor median age 26.5 vs 22.5) and its permutation null is 30% of the effect ⚠ **`#243` — and it is not a population effect at all**: split people by wh,0,1,0,1
README.md,644288,1%,"om same-size subset lands on the full-sample value (−0.0298), a 15-year threshold reproduces −0.1407, and the permutation null is 1% of the effect. **Range restriction cannot explain it**: the early group has *lower* withi",0,1,0,1
README.md,645203,**79%,"0.0190. Entering both, the early-group indicator falls from −0.1892 to **−0.0400 ± 0.0134** while A8 keeps **+0.2213 ± 0.0139** — **79% of the dichotomy is just position on this line**. **There are not two kinds of people; th",0,0,1,0
README.md,646037,19%,"urface rather than two lines — `rate` −0.2995 ± 0.0130 and `A_close` +0.2439 ± 0.0099 with a real but small interaction (−0.0571, 19% of the main effect); both ends of the positive control are exact. **A quantity whose rang",0,1,1,0
README.md,649067,31%,"4 (15.2×). What arrives late is the relational family (power dynamics · bondage · sadomasochism · mental alteration · sensory, 26–31% after age 19); what arrives early is the concrete family (appearance 8.6% · clothing 10.9",0,0,0,0
README.md,649140,8.6%,"ondage · sadomasochism · mental alteration · sensory, 26–31% after age 19); what arrives early is the concrete family (appearance 8.6% · clothing 10.9% · body parts 11.1%). At the item level: the late family's mutual connect",0,0,0,0
README.md,649156,10.9%,"ochism · mental alteration · sensory, 26–31% after age 19); what arrives early is the concrete family (appearance 8.6% · clothing 10.9% · body parts 11.1%). At the item level: the late family's mutual connectivity is **+0.067",0,0,0,0
README.md,649175,11.1%,"eration · sensory, 26–31% after age 19); what arrives early is the concrete family (appearance 8.6% · clothing 10.9% · body parts 11.1%). At the item level: the late family's mutual connectivity is **+0.0674**, the early fami",0,0,0,0
README.md,649357,**9.4%,"connectivity is **+0.0674**, the early family's −0.0075. **And ""a set"" is literal**: the relational family's acquisition ages are **9.4% tighter** than an equally-sized random draw (17.7×, after removing the population schedul",0,0,0,0
README.md,649486,**9.0%," **9.4% tighter** than an equally-sized random draw (17.7×, after removing the population schedule), while the concrete family is **9.0% more dispersed** (12.1×). **Development is not one kind of thing arriving in order; it is",0,0,0,0
README.md,649905,**33.3%,"gory count | `#135` `#136` | | **For a third of people the map closed at 17; for the rest it opens outward** | In the 29–32 band, **33.3% report no new interest at all after 17**. Among those with later entries, the later-acqui",0,0,0,0
README.md,650073,89%,"after 17**. Among those with later entries, the later-acquired categories are **less connected** to their earlier ones, retaining 89% after stripping rarity at the pair level, with `#114` opposite-signed, and **all five age",0,0,0,0
README.md,650712,**68.4%,"n your own sequence""** | `#133` `#134` | | **The sexual map is largely fixed by the end of adolescence** | Among 29–32 year olds, **68.4% of their own reported interests were acquired before 17**, and the latest one averages **",0,0,0,0
README.md,650970,+4.5%,"easurement, no cross-sectional assumption). Cross-sectionally the category count grows only from 12.4 to 12.9 over fifteen years (+4.5%; cohort-confounded, weaker). **This puts a time boundary on model C: if recursive reshapi",0,0,0,0
README.md,652138,61%,"tal schedule projected onto each person** — **five different definitions of the schedule all explain most of it, sign consistent (61%–104%)**. ⚠ **The magnitude is specification-dependent**: `#148`'s ""80%, exceeding a rando",0,0,0,0
README.md,652142,104%,"schedule projected onto each person** — **five different definitions of the schedule all explain most of it, sign consistent (61%–104%)**. ⚠ **The magnitude is specification-dependent**: `#148`'s ""80%, exceeding a random bas",0,0,0,0
README.md,652209,80%,"s of the schedule all explain most of it, sign consistent (61%–104%)**. ⚠ **The magnitude is specification-dependent**: `#148`'s ""80%, exceeding a random baseline by 44 points at 20.0×"" is **withdrawn** — that baseline was ",0,0,0,0
README.md,652337,−61%," ""80%, exceeding a random baseline by 44 points at 20.0×"" is **withdrawn** — that baseline was **one** random draw (20 draws span −61%..+118%) and the denominator was wrong; the correct reading is **61 ± 44 points = 1.4×, un",0,0,1,0
README.md,652343,+118%," exceeding a random baseline by 44 points at 20.0×"" is **withdrawn** — that baseline was **one** random draw (20 draws span −61%..+118%) and the denominator was wrong; the correct reading is **61 ± 44 points = 1.4×, unresolva",0,0,1,0
README.md,653410,63.30%,"*: at the item level Spearman(rarity, **median** onset) = +0.437, but the median is a **worse** schedule (held-out pairwise order 63.30% vs the mean's 66.70%), and the mean ordering is unrelated to rarity (+0.011). The left-ta",0,0,0,0
README.md,653431,66.70%,"Spearman(rarity, **median** onset) = +0.437, but the median is a **worse** schedule (held-out pairwise order 63.30% vs the mean's 66.70%), and the mean ordering is unrelated to rarity (+0.011). The left-tail explanation is dea",0,0,0,0
README.md,653754,91%," taste, the larger that head start** | −0.0459; **after 1:1 caliper matching on the number of categories answered, −0.0417 (3.1×, 91% retained)**, three matching specifications agreeing at 85–100%, permutation null 17%, pla",0,0,0,0
README.md,653816,100%,"liper matching on the number of categories answered, −0.0417 (3.1×, 91% retained)**, three matching specifications agreeing at 85–100%, permutation null 17%, planted positive control +0.5878. `#114`'s recall bias contributes",0,0,0,0
README.md,653839,17%,"umber of categories answered, −0.0417 (3.1×, 91% retained)**, three matching specifications agreeing at 85–100%, permutation null 17%, planted positive control +0.5878. `#114`'s recall bias contributes 39%. **It reproduces ",0,0,0,0
README.md,653911,39%,"hing specifications agreeing at 85–100%, permutation null 17%, planted positive control +0.5878. `#114`'s recall bias contributes 39%. **It reproduces on a discrete statistic: matched +0.0532, 5.1×**. **And `#150`'s pre-reg",0,0,0,0
README.md,654340,86%,"depend on which statistic I use**. ⚠ But CONSISTENT, not PROVEN: the equivalence bound can only exclude a discrepancy larger than 86% of the effect, and `#151` shows **this release has no instrument that can weld it shut** ",0,1,0,1
README.md,655282,11%,"rests as arriving about nine months earlier** | −0.2000 years per rating sd (**19.8× SE**); a within-category shuffle null is **0–11%** of the effect (`#153`: the original round drew it **once**, and that draw was the small",0,1,0,1
README.md,655415,5.5%,"** of the effect (`#153`: the original round drew it **once**, and that draw was the smallest of 20; the null's realisation sd is 5.5% of the effect); the planted ladder is monotone. **This is the first recall bias directly ",0,1,0,1
README.md,656916,**6%,"remaining preferences are pulled toward whichever came first** | displacement **+0.0339 — 3.1× its own spread**, with the null at **6% of the effect**, positive in 46 of 68 pairs, with a generative positive control firing mo",0,1,0,1
README.md,657745,**37%,"y ladder (positive control: SUBSTANCE against itself r_true = **+1.018**; sham +0.023), **POWER–SUBSTANCE r_true = +0.605**, i.e. **37% shared variance, not 5%**. The pre-registered kill lands in the middle band (0.45 < 0.605",0,0,0,0
README.md,657772,5%," SUBSTANCE against itself r_true = **+1.018**; sham +0.023), **POWER–SUBSTANCE r_true = +0.605**, i.e. **37% shared variance, not 5%**. The pre-registered kill lands in the middle band (0.45 < 0.605 < 0.70) → **UNVERIFIED*",0,0,0,0
README.md,658385,**82.7%,"directions** | abjection and filth ↔ blood, burning, weapons — people who like one end systematically dislike the other | A02 | | **82.7% say ""porn gave me this interest"", and that sentence leaves no trace in either their prefe",0,1,0,1
README.md,658708,10%,"ntration discriminator is null at **8.8× the required power**) · no structural signature (misfit < 0.1 sd, extremity difference < 10%) · it **tracks how much the person ticked overall** (rho **+0.2922** uncontrolled, **+0.2",0,0,0,0
README.md,658848,85%,"**tracks how much the person ticked overall** (rho **+0.2922** uncontrolled, **+0.2523** with all response-style indicators; the ""85% of it is response style"" step is **UNVERIFIED** — every item is erotic content with no re",0,0,0,0
README.md,659063,85%,"th no reverse-keying, so general agreeableness and general erotic endorsement are not separable in this release). ⚠ But the step ""85% of that is response style"" was downgraded to **UNVERIFIED** by `#26` — every item is erot",0,0,0,0
README.md,660064,95%,"s in *reporting* having seen an X-rated film in the past year was **−1.34** in 1973–1988 and **−1.44** in 2006–2024: **Δ = −0.10, 95% CI [−0.29, +0.09]**, against a **minimum detectable effect of 0.27** — so a shift of the ",0,1,1,0
README.md,661567,95%,"s are balanced (max |z| = 1.95 over five demographics). They do not report the same thing: **0.320 vs 0.425 positive, Δ = +0.105, 95% CI [+0.079, +0.135]** — a tenth of the population moves in or out of ""has seen any"" depen",0,0,1,0
README.md,661805,95%,"uestion they were handed. The **condemnation gap itself**, though, is not distinguishable between the arms: **Δ log-odds = −0.27, 95% CI [−0.61, +0.08]**, against an MDE of **0.50**. ⚠ Two things vary together between the a",0,0,1,0
README.md,663119,95%," right""* (agree/disagree) and whether the respondent has ever had same-sex contact. Among women in 2017–2019, **log-odds = −1.22, 95% CI [−1.41, −1.05]** (n = 5,895), against **−1.42** for the GSS pornography pair. Across b",0,0,1,0
README.md,665711,43%," the question.** Their intervals do not overlap ([−0.64, −0.41] vs [−1.25, −0.90]). ⚠ The share who condemn also differs sharply (43% vs 85%), so who counts as a ""condemner"" is not held fixed; across all six pairs the conde",0,0,1,0
README.md,665718,85%,"estion.** Their intervals do not overlap ([−0.64, −0.41] vs [−1.25, −0.90]). ⚠ The share who condemn also differs sharply (43% vs 85%), so who counts as a ""condemner"" is not held fixed; across all six pairs the condemnation",0,0,1,0
README.md,666153,95%," it is not carried by how many people condemn.** Across the six topics, the gap does track the share who condemn — slope **+0.60, 95% CI [+0.27, +0.93]**. But that association is confounded: the share and the topic vary tog",0,0,1,0
README.md,674247,30%,"nd *the English version* of the same claim. Counting: **39 lines on this page contain Chinese characters, and none of them — at a 30%, 50% or 70% threshold alike — is a Chinese line.** Every one is an English line carrying ",0,0,0,0
README.md,674252,50%,"he English version* of the same claim. Counting: **39 lines on this page contain Chinese characters, and none of them — at a 30%, 50% or 70% threshold alike — is a Chinese line.** Every one is an English line carrying a Chi",0,0,0,0
README.md,674259,70%,"ish version* of the same claim. Counting: **39 lines on this page contain Chinese characters, and none of them — at a 30%, 50% or 70% threshold alike — is a Chinese line.** Every one is an English line carrying a Chinese-ph",0,0,0,0
README.md,684602,**16.3%,"sharing most of their characters therefore score **0.000**; the same pair written in English scores **0.727**. On the real pages, **16.3% of the Chinese page's paragraphs collapse to two tokens or fewer, against 6.6% of the Eng",0,0,0,0
README.md,684684,6.6%,"in English scores **0.727**. On the real pages, **16.3% of the Chinese page's paragraphs collapse to two tokens or fewer, against 6.6% of the English page's** — so on a pure-Chinese paragraph the match threshold can never be",0,0,0,0
README.md,685849,0%,"re are **three** departed magnitudes in total, and all three were already matched before the change — so the unmatched rate reads 0% before and 0% after, which is not evidence that the fix works and not evidence that it do",0,0,0,0
README.md,685863,0%,"** departed magnitudes in total, and all three were already matched before the change — so the unmatched rate reads 0% before and 0% after, which is not evidence that the fix works and not evidence that it doesn't. **The r",0,0,0,0
README.md,700183,29%,"st a resolution of 0.0063 — while the coupling among the family items climbs monotonically across all six bands, 0.124 → 0.160, a 29% relative rise `[#539「一个在十五岁就已经成形」]`. The gap between them is itself flat, so the ordering",0,0,0,0
README.md,703073,**30.7%,"d those items were *answered by the same people*: across the 1,271 available combinations of a sexual pair with a reference pair, **30.7% share not one respondent** — the GSS runs split ballots, and the flagship comparison rest",0,0,0,0
README.md,704695,32%,"the **only** one of the five that does not weaken when the response scale changes (0.493 → 0.512 across formats, while harm loses 32% and authority 19%). ⚠ And the rival that could not be tested at all in the GSS — that thi",0,0,0,0
README.md,704713,19%,"f the five that does not weaken when the response scale changes (0.493 → 0.512 across formats, while harm loses 32% and authority 19%). ⚠ And the rival that could not be tested at all in the GSS — that this is really religi",0,0,0,0
README.md,704959,82%,"re, because the same people also reported how often they attend religious services.** Removing religious attendance, purity keeps 82% of its coherence while the other four keep 92–103%, and **purity's lead over the next dom",0,0,0,0
README.md,705009,103%,"n they attend religious services.** Removing religious attendance, purity keeps 82% of its coherence while the other four keep 92–103%, and **purity's lead over the next domain falls from +0.171 to +0.087 — about half of it ",0,0,0,0
README.md,705213,103%," — about half of it is religion, and about half is not** (+0.087 is 9× its own spread; partialling age instead leaves the lead at 103%, the control that failed outright in the GSS). ⚠ Only **one** of the six purity items nam",0,0,0,0
README.md,705721,**78%,"God — is wrong, and wrong in the opposite direction** `[#609「撑住它的不是上帝,也不是贞洁」]`. Removing religious attendance, the God item keeps **78%** of its coherence with the rest of the family while the other five keep **83–93%** and t",0,1,0,1
README.md,705805,93%,"ving religious attendance, the God item keeps **78%** of its coherence with the rest of the family while the other five keep **83–93%** and the other four domains keep **97%** — so it does carry more of the religion than it",0,0,0,0
README.md,705843,**97%,m keeps **78%** of its coherence with the rest of the family while the other five keep **83–93%** and the other four domains keep **97%** — so it does carry more of the religion than its neighbours. But **delete it and purity,0,0,0,0
README.md,708621,**0.95%,"le than the rest (SD 1.47 against 1.36), and artificially collapsing every item's top two response categories moves the ratios by **0.95%**, which is what the attenuation algebra predicts, since an item's own reliability cancel",0,0,0,0
README.md,710520,**12.4%,"er side of it** `[#613「那道政治题不是一个道德维度的简写,是恰好两个的」]`. Removing the first moral factor and *then* politics, politics still takes away **12.4%** of the shared structure on its own — more than a marginal-matched sham (+0.005), more t",0,0,0,0
README.md,711577,41%,"lt** `[#614「两条轴各自不是一个域,是一捆域 —— 而这一句是对仪器的验证,不是发现」]`. The axes themselves are solid: the first two eigenvalues are 6.81 and 4.00, a 41% gap, and each axis reproduces itself across resampling at |cos| 0.999. But **no single mo",0,0,0,0
README.md,716647,6%,". Collapsing all three items to the same three levels — the control for the scale asymmetry — costs **0.041 of the 0.654**, about 6%. And **a second ethnographic team, coding fifteen years later, on their own three-level s",0,0,0,0
README.md,718653,**86%,"this instrument offers. So a person's severity about one sexual practice does predict their severity about the others, at roughly **86%** of the coherence of a near-duplicate battery, and that figure does not move across 51 y",0,0,0,0
README.md,719156,**13%,".238** at the strict cutpoint and **+0.151** at the broad one, against a reference spread of 0.036 — so scale length accounts for **13% to 45%** of it and the honest figure is an interval, **between +0.15 and +0.27** `[#535「格",0,0,0,0
README.md,719165,45%," the strict cutpoint and **+0.151** at the broad one, against a reference spread of 0.036 — so scale length accounts for **13% to 45%** of it and the honest figure is an interval, **between +0.15 and +0.27** `[#535「格式解释掉一部分",0,0,0,0
README.md,720662,**41%,"ion, and against a placebo band reaching **0.436** when the years are shuffled `[#532「一件一件松开」]`. So cross-topic movement is about **41%** of within-topic movement and is **not separable from noise at this resolution** — the h",0,0,0,0
README.md,720816,41%,"movement and is **not separable from noise at this resolution** — the honest statement is a ratio and a limit, not a zero. ⚠ That 41% is for movement between *adjacent* surveys, and the regime matters: widening the window t",0,0,0,0
README.md,728715,**83%," every labelled variable in both national surveys, the pattern turns out to be the rule rather than the exception in one of them: **83% of the NSFG variables whose label begins ""Whether"" or ""Ever"" are coded 1-and-5, not 0-and",0,0,0,0
README.md,728855,11%,"he NSFG variables whose label begins ""Whether"" or ""Ever"" are coded 1-and-5, not 0-and-1** (54 such variables in the other survey, 11% of them). A pre-registered rule said that any source above 5% forces a recheck of every v",0,0,0,0
README.md,728918,5%,"ded 1-and-5, not 0-and-1** (54 such variables in the other survey, 11% of them). A pre-registered rule said that any source above 5% forces a recheck of every variable this project has used from it; both tripped it, the re",0,0,0,0
README.md,729227,73%,"eady been mapped explicitly and guarded by a base-rate assertion `[#548「触发了,而重查是干净的」]`. ⚠ The first version of the check reported 73%, and inspection showed most of those were five-point items whose *question wording* happe",0,0,0,0
README.md,730718,49%,"out a codebook is the shape, and one pass over the file gives it: **433,323 respondents, 350 columns, and a median column that is 49% empty**. A hundred and twelve columns are more than 90% empty, and eight of them are **en",1,0,0,0
README.md,730774,90%,"gives it: **433,323 respondents, 350 columns, and a median column that is 49% empty**. A hundred and twelve columns are more than 90% empty, and eight of them are **entirely** empty — present in the file, carrying nothing `",1,0,0,0
README.md,737320,**93%,"the gap is **+0.264** at the strict cut and **+0.271** at the broad one, against **+0.285** with everything left at five points — **93% and 95% of it survives making the formats identical** `[#580「格式不是解释」]`. Building the asym",0,0,0,0
README.md,737330,95%," **+0.264** at the strict cut and **+0.271** at the broad one, against **+0.285** with everything left at five points — **93% and 95% of it survives making the formats identical** `[#580「格式不是解释」]`. Building the asymmetry ba",0,0,0,0
README.md,739461,**14%,"ate a noise band, where they in fact shrink it, 0.46 against 0.76 — and one held: reducing five-point items to yes/no costs about **14% of their internal reliability**, so the earlier ""93% survives"" needs no discount `[#585「四",0,0,0,0
README.md,739516,93%,"ainst 0.76 — and one held: reducing five-point items to yes/no costs about **14% of their internal reliability**, so the earlier ""93% survives"" needs no discount `[#585「四堵墙,只有一堵是它自己说的那样」]`. ⚠ Getting that number required no",0,0,0,0
README.md,743401,**12%,ked with the two explanations that would make it uninteresting. Removing how liberal or conservative she says she is accounts for **12%** of it; removing her habit of choosing the end-points of scales accounts for **28%**; af,0,0,0,0
README.md,743485,**28%," or conservative she says she is accounts for **12%** of it; removing her habit of choosing the end-points of scales accounts for **28%**; after both, the link still stands at **0.15 to 0.21** against a placebo of 0.008 `[#59",0,0,0,0
README.md,744231,**15.7%,"ond changes what kind of thing it is. **It is not carried by one or two questions**: dropping any single item moves it by at most **15.7%**, and dropping any of the comparison items by at most 6.1%. **And it is not constant** —",0,0,0,0
README.md,744294,6.1%,"e or two questions**: dropping any single item moves it by at most **15.7%**, and dropping any of the comparison items by at most 6.1%. **And it is not constant** — across fifty-two years the link rises from **0.227 in 1972 ",0,0,0,0
README.md,744779,15%," the same shape while opinions moved inside it; **it tightened around this one point.** ⚠ The slope clears its resolution by only 15%, and the number of usable years differs between items, so the direction is the finding an",0,1,0,1
README.md,745285,1%," band it rises **+0.0016 per year of birth**, each clearing its own resolution, and shuffling birth years collapses the second to 1% of itself `[#593「两个方向都动,而它们不可分」]`. ⚠ This is not a gap that more data would close: age pl",0,0,0,0
README.md,747201,95%,"rporal punishment of late-childhood boys* against Lang 1998's coding of the same construct, rank correlation **+0.6301** (n = 60, 95% CI [+0.4768, +0.7550]), against a **cross-team** median of **0.105** over arbitrary varia",0,0,1,0
README.md,749725,8%," pair's ceiling is only **0.93** (eleven codes against three cannot be coupled comonotonically), so the two conventions differ by 8% on this row alone. **Nineteen lines of this page carry a ρ; two of them say which convent",0,0,0,0
README.md,753844,95%,"/ +0.2194 / +0.2045** (n = 57–62), median **+0.2243**. **What is resolved is that these are not the same act**: the highest upper 95% bound across the four is **+0.4401**, all below 0.60 and half the distance short of +0.83",0,0,0,0
README.md,756626,95%,"tion carry verbal anchors in the codebook), **the median across targets is +0.8451 and the median across techniques is +0.2288** (95% interval [+0.1317, +0.2934]) — **a gap of +0.6164**. **The halo world could have won and ",0,0,1,0
README.md,758563,95%," |ρ| with the other four techniques is **+0.0450**, while those four **among themselves** run **+0.3536** — a gap of **+0.3087** (95% interval [+0.1525, +0.3650], **excluding zero**); rebinning every variable to the same 6 ",0,0,1,0
README.md,764880,**188%," A pairs range over **0.5281** (the criterion asked for < 0.30), and the placebo (police composite × birth cohort) is **0.1501**, **188% of the effect** — **so this is UNVERIFIED, and an instrument that fails its own self-chec",0,1,0,1
README.md,765822,−124%,"eeing the failure, and the ceiling formula holds only in the positive direction** (one pair is negative and its share computes to −124%, a formula artefact rather than an over-ceiling) — **so it is a diagnosis, not a result, ",0,1,0,1
README.md,768498,44%,"thin one format are untouched), **but it changes what ""0.35 is a moderate correlation"" means: against a ceiling of 0.79, +0.35 is 44% of everything the data could show** `[#647 ""方法是好的,是那四道题撑不住它 —— 而顺手量出连四档题的天花板也远低于一""]`.  - ",0,0,0,0
README.md,769539,95%,"RITY 0.3371 > HARM 0.3311 > FAIRNESS 0.3243 > INGROUP 0.2522** — **unchanged** — while the lead goes from **+0.1748 to +0.2021**, 95% interval **[+0.1802, +0.2226]**: **the raw figure falls below the interval's lower bound,",0,0,1,0
README.md,769839,9%,"ve raw values reproduce to **0.0008**; shuffling the domain assignment leaves a normalised within-minus-cross gap of **+0.0191**, 9% of the effect (and that null **keeps every marginal and therefore every ceiling**, so the",0,1,0,1
README.md,785575,84%,"two nulls are 0.1369 against 0.3587, a denominator ratio of 2.62×.** 1.20 × 2.62 = 3.15, exactly the 3.03× against 0.96× gap. **⇒ 84% of the gap comes from the denominator and 16% from the numerator.** And the denominator i",0,0,0,0
README.md,785621,16%,"ator ratio of 2.62×.** 1.20 × 2.62 = 3.15, exactly the 3.03× against 0.96× gap. **⇒ 84% of the gap comes from the denominator and 16% from the numerator.** And the denominator is set by **whatever else that questionnaire as",0,0,0,0
README.md,788021,88%,"e stricter exclusion **1.13× and 0.98×** — **both blocks sit essentially on their own nulls** (verdict UNVERIFIED, the null being 88% of the effect; the placebo returns +0.0015 / −0.0007 once rows are shuffled). ⚠ The origi",0,1,0,1
README.md,791444,−28.5%,"h the true correlation known (four categories, 27 cells, 200 replicates each), the four estimators' median relative bias is **raw −28.5% · ceiling-only −22.2% · disattenuation-only −16.6% · composed −9.5%** — **all four under-",0,0,0,0
README.md,791466,−22.2%," known (four categories, 27 cells, 200 replicates each), the four estimators' median relative bias is **raw −28.5% · ceiling-only −22.2% · disattenuation-only −16.6% · composed −9.5%** — **all four under-estimate**, and the tw",0,0,0,0
README.md,791495,−16.6%,"ells, 200 replicates each), the four estimators' median relative bias is **raw −28.5% · ceiling-only −22.2% · disattenuation-only −16.6% · composed −9.5%** — **all four under-estimate**, and the two improvements are close to a",0,0,0,0
README.md,791513,−9.5%,"es each), the four estimators' median relative bias is **raw −28.5% · ceiling-only −22.2% · disattenuation-only −16.6% · composed −9.5%** — **all four under-estimate**, and the two improvements are close to additive, so **cei",0,0,0,0
README.md,791747,9.5%,"alisation and disattenuation are not correcting the same thing and may be composed**; **even composed it still under-estimates by 9.5%, because four-category discretisation attenuates by 12–13% and no estimator repairs it** ",0,0,0,0
README.md,791807,13%,"ng and may be composed**; **even composed it still under-estimates by 9.5%, because four-category discretisation attenuates by 12–13% and no estimator repairs it** (Entry 736). ⇒ **So the 0.3002 above is a lower bound and t",0,0,0,0
README.md,794408,2%,"on constant and lets only the cutpoints travel along the real marginals**. The result: **`premarsx × homosex` gains just +0.0056, 2% of the observed +0.2703**; substituting the 2024 value of ρ — the most generous setting —",0,0,0,0
README.md,794518,17%,"gains just +0.0056, 2% of the observed +0.2703**; substituting the 2024 value of ρ — the most generous setting — still gives only 17%. ④ Positive control: **with the cutpoints frozen the simulation moves −0.0020 over 36 yea",0,0,0,0
README.md,794766,**86%,"es not manufacture trends. ⚠ **And what makes the control credible is that it fired elsewhere**: the same simulation accounts for **86%** of `xmarsex×teensex`, 64% of `xmarsex×homosex` and 60% of `homosex×teensex` — **the thr",0,0,0,0
README.md,794796,64%,"*And what makes the control credible is that it fired elsewhere**: the same simulation accounts for **86%** of `xmarsex×teensex`, 64% of `xmarsex×homosex` and 60% of `homosex×teensex` — **the three small movers are almost e",0,0,0,0
README.md,794825,60%,"redible is that it fired elsewhere**: the same simulation accounts for **86%** of `xmarsex×teensex`, 64% of `xmarsex×homosex` and 60% of `homosex×teensex` — **the three small movers are almost entirely range restriction, an",0,0,0,0
README.md,795544,113%,"Boomers **+0.273** · X **+0.212** · Millennials **+0.314**; the n-weighted **within-cohort pooled slope is +0.2418 over 36 years, 113% of the total** ⇒ **compositional change contributes −13%: not merely not the driver, but ",0,0,0,0
README.md,795601,−13%,"*; the n-weighted **within-cohort pooled slope is +0.2418 over 36 years, 113% of the total** ⇒ **compositional change contributes −13%: not merely not the driver, but very slightly against it.** ④ Positive control: the withi",0,0,0,0
README.md,796825,95%," ⇒ A different cut: **hold the age band fixed (25–39 / 40–54 / 55–69) and let cohort move with year.** The result is **+0.00640 = 95% of the within-cohort slope**, consistent across the three bands (+0.0069 / +0.0054 / +0.0",0,0,0,0
README.md,797210,91%,"tifying costs n, and lost n shrinks slopes through noise alone. Stratifying by **sex** at the same granularity gives **+0.00610 = 91%**, so **stratification itself costs about 9% and age a further 5%.** ⇒ **Pure age is excl",0,0,0,0
README.md,797256,9%,"ough noise alone. Stratifying by **sex** at the same granularity gives **+0.00610 = 91%**, so **stratification itself costs about 9% and age a further 5%.** ⇒ **Pure age is excluded.** ⚠ Education was asked too (`#676` sho",0,0,0,0
README.md,797277,5%,"atifying by **sex** at the same granularity gives **+0.00610 = 91%**, so **stratification itself costs about 9% and age a further 5%.** ⇒ **Pure age is excluded.** ⚠ Education was asked too (`#676` showed education itself ",0,0,0,0
README.md,797435,77%,"ed.** ⚠ Education was asked too (`#676` showed education itself produces the same fusion): **within education terciles +0.00521 = 77%**, with all three terciles moving ⇒ **education explains at most a quarter.** ⚠ And the t",0,0,0,0
README.md,798613,−7%,remarsx × homosex`'s +0.00672 **ranks 2nd of 253**. > `homosex` against the **19 non-sexual items** has a median of **−0.00025** (−7% of the sexual side); by family: > **abortion −0.00445 · spending −0.00220 · police 0.0000,0,0,0,0
README.md,799305,99%,hree pairs are > **`premarsx×homosex` +0.00581 · `xmarsex×homosex` +0.00574 · `teensex×homosex` +0.00688 — essentially identical (99%).** > Meanwhile that pair's ceiling fell from **0.947 to 0.558** over the same years — **,0,0,0,0
README.md,799650,64%,"ity did not join"" is withdrawn.** > ⚠ And the part worth remembering: **`#739` had already measured that pair's artefact share at 64%** — > **the number was in my hands, and one round later I wrote a substantive claim off t",0,0,0,0
README.md,802707,84%,"hed to their judgement about premarital sex. ⚠ The placebo guards this round's own trap: a random three-way split gives +0.00563 (84% of the total), so **stratification alone costs 16% while religion costs 36% — the differe",0,0,0,0
README.md,802758,16%,"placebo guards this round's own trap: a random three-way split gives +0.00563 (84% of the total), so **stratification alone costs 16% while religion costs 36% — the difference is real.** ⛔ ~~One reading: among the rarely-at",0,0,0,0
README.md,802783,36%,"'s own trap: a random three-way split gives +0.00563 (84% of the total), so **stratification alone costs 16% while religion costs 36% — the difference is real.** ⛔ ~~One reading: among the rarely-attending, `premarsx` was a",0,0,0,0
README.md,806770,84%,"ll four cells. Only after excluding **any block lying entirely within one true domain** do the numbers above exist `[#730「两具仪器的分歧,84% 在分母,而分母是问卷的性质」]`. ⚠ **And the thing that did not move is exactly the thing I deliberately",0,0,0,0
README.md,812446,95%,"than levels, because the seventh already measured that *what looks like a shared climate is mostly a common trend*): **−0.3413**, 95% interval [−0.6373, −0.1221]. ⚠ **But the placebo failed, and heavily**: taking **support ",0,0,1,0
README.md,812721,167%,"g to do with sex — through the same differencing gives a correlation with condemnation of extramarital sex of **+0.5697, which is 167% of the main effect.** **Two morally unrelated things still move together after the trend ",0,1,0,1
README.md,814739,95%,"n be **measured directly rather than inferred**: 2022 gives face-to-face **0.7051** against web **0.5951** (a gap of **+0.1099**, 95% interval [+0.069, +0.151]); 2024 gives **0.7917** against **0.6057** (**+0.1860**, [+0.14",0,1,1,0
README.md,816361,95%,"s, two waves and two modes, the first pass looked clean: sexual median **+0.0735**, non-sexual **−0.0074**, a gap of **+0.0809** (95% interval [+0.033, +0.155]), ceiling-normalised **+0.1574** ([+0.062, +0.226]), both versi",0,0,1,0
README.md,816557,18%,"0.062, +0.226]), both versions same sign and excluding zero, the positive control reproducing to four decimals and the placebo at 18% of the effect. ⚠ **Then the check: code 1 does not mean the same thing across items** — f",0,1,0,1
README.md,817002,**95%,"** Recomputed on absolute values, the non-sexual median is **+0.0378** rather than −0.0074, the gap falls to **+0.0357**, and its **95% interval [−0.020, +0.102] contains zero**; the normalised version likewise. **So ""specifi",0,0,1,0
README.md,818697,95%,"d control fixed last round, resampling the non-sexual group down to the same 12 cells gives a median agreement rate of **0.750**, 95% interval [0.583, 0.917], and **the sexual group's 0.833 sits at the 76.6th percentile, em",0,0,1,0
README.md,818987,**127%,: shuffling the sexual/non-sexual labels across the 34 cells gives a median absolute difference in agreement rate of **0.1061** — **127% of the observed 0.0833; random relabelling produces bigger gaps than the real split.** Th,0,0,0,0
README.md,820320,95%,"est between-stratum gradient is **political**: liberals **+0.2274** against conservatives **+0.0517**, a gradient of **+0.1756**, 95% interval [+0.097, +0.256], excluding zero. ⚠ **But it died twice, and both deaths were fi",0,0,1,0
README.md,820551,69%,"re the run.** ① **The placebo**: the same stratification applied to the **death penalty** gives a largest gradient of **+0.1211 — 69% of the effect**. **The death penalty has no mode effect of its own, yet it has a gradient",0,1,0,1
README.md,821363,56%," (the largest composition difference sits on the lowest-gradient stratum). **But its own death-penalty gradient is +0.0781, still 56% of it, and it fails the same placebo.** **A pretty monotone shape earns no exemption for ",0,0,0,0
README.md,821777,73%,"people. This line closes here** `[#663 ""死刑没有方式效应,却有方式效应的梯度""]`.  - **A thirty-seventh, and it prices everything else on this page: 73% of what is said here stands on a single way of asking — and the first time I actually che",0,1,0,1
README.md,824955,95%,"**excluded and reported separately.** ⚠ The result: same project **+0.7966** (n=97), and with Murdock's coding **+0.6725** (n=86, 95% interval [+0.530, +0.801]) — **a drop of 0.124.** The positive control reproduces the ori",0,0,1,0
README.md,825088,12%," interval [+0.530, +0.801]) — **a drop of 0.124.** The positive control reproduces the original to 0.0034, the placebo is 0.0778 (12% of the effect), and the two projects' condemnation codings correlate only **+0.7064 < 0.9",0,1,1,0
README.md,827004,95%,"entirely, does his frequency coding still predict **a different project's** norm coding? **It does — partial correlation +0.3094, 95% interval [+0.093, +0.520], excluding zero**; and the positive control (the reverse: attit",0,0,1,0
README.md,827324,4.2%,"ch carries information the other does not.** Swapping the control for a variable unrelated to sex moves the estimate by **0.0145, 4.2% of the real control's 0.3417.** ⚠ One correction: my preregistration said *swapping in an",0,0,0,0
README.md,829697,37%,"first author**, so this is **cross-publication, not cross-independent-team**; and the placebo (obedience × latitude) is **0.2897, 37% of the effect** — passing but high `[#667 ""一个为「先查再说话」而设的步骤,自己带着一个假覆盖的 bug""]`.  - **A fort",0,1,0,1
README.md,835853,125%,"re strongly on every stratifier (age +1.00, education +1.00, attendance +0.80, against the main effect's +0.80 / +0.80 / +0.60) — 125% of the effect, where the criterion required under half.** ⚠ **And this names an older fai",0,1,0,1
README.md,836062,69%,es an older failure**: an earlier round found that the mode effect's between-stratum gradient also appeared on the death penalty (69% of the effect) and could only record *the gradient is not specific to sexual items*; **th,0,1,0,1
README.md,843367,22%," in the same iteration**: the two batteries come from different samples and different years (15,000 and 29,591 separately, losing 22% and 61% to the intersection) ⇒ rerun on the **same 11,576 people who answered all seven**",0,0,0,0
README.md,843375,61%,"same iteration**: the two batteries come from different samples and different years (15,000 and 29,591 separately, losing 22% and 61% to the intersection) ⇒ rerun on the **same 11,576 people who answered all seven**, with b",0,0,0,0
README.md,844974,61%,"0 / 0.0175 / 0.0050) **and falls back to the floor on the same people** — that significance was the different era brought in by a 61% sample loss, not an effect `[#675「教育让性道德变成一个立场,年龄让性别角色变成一个立场」]`. - **A forty-eighth, and ",0,1,0,1
README.md,845796,52%,"an rises from 1.633 to 2.698, and the sexual quartet's weakest pair ceiling from 0.4658 to 0.5362 — the ceiling movement alone is 52% of the previous entry's observed value.** So it was split into four curves, reported sepa",0,0,0,0
README.md,856244,95%,": **external↔external moves +0.1549 with education, sex↔external +0.2107, a difference of only +0.0558 whose item-level bootstrap 95% interval is [−0.0164, +0.1140] — containing zero.** ⚠ The bootstrap unit must be the **it",0,0,1,0
README.md,856715,74%,"ns all moral judgements with each other, and sex is no exception"" — a much weaker and truer claim, of which the general factor is 74%.** ⚠ **And the placebo delivers what is genuinely new here, in the opposite direction**: ",0,1,0,1
README.md,858738,78%," published, and they give opposite pictures: **regressing out entropy drops the general factor from +0.1549 to +0.0343, absorbing 78%; while restricting to the twenty-one items whose ceilings have not collapsed leaves it at",0,0,0,0
README.md,860993,93%,"s the change along education is +0.2103, +0.0718, +0.0727, +0.0447 and +0.0546 — five of five same sign, median +0.0718, which is 93% of the pooled figure** — against a placebo of +0.0208. **⇒ It is education.** ⚠ One incom",0,0,0,0
README.md,861687,82%,"ree to four times the others**; this round does not explain it and only records that dropping it leaves the median at +0.0632, or 82% of the pooled figure — **the conclusion is unchanged**. ⚠ And what *it is education* mean",0,0,0,0
README.md,862153,93%,""" means ""within one cohort there is still a gradient along the education axis"", not ""education caused it""** `[#683「分层掉世代之后,教育效应留下 93%」]`. - **A fifty-sixth, in which three of my own gates turned out to be broken — the third",0,1,0,1
README.md,863122,46.3%,"ies. ⚠ The second also came before running: printing first showed that **of the 36,840 people answering all seven abortion items, 46.3% (17,075) give seven identical answers**, leaving the rank correlation undefined for them ",0,0,0,0
README.md,866246,92.3%," 4 of 4, and this time against **the script's own computed order** rather than the previous round's literal: attacking with fists 92.3%, attempting to escape 76.0%, a murder suspect under questioning 9.9%, vulgar words 9.4% —",0,0,0,0
README.md,866274,76.0%,"st **the script's own computed order** rather than the previous round's literal: attacking with fists 92.3%, attempting to escape 76.0%, a murder suspect under questioning 9.9%, vulgar words 9.4% — every rank correct. **Resul",0,0,0,0
README.md,866316,9.9%,"her than the previous round's literal: attacking with fists 92.3%, attempting to escape 76.0%, a murder suspect under questioning 9.9%, vulgar words 9.4% — every rank correct. **Result: the raw correlation is +0.0530 and cle",0,0,0,0
README.md,866335,9.4%,"us round's literal: attacking with fists 92.3%, attempting to escape 76.0%, a murder suspect under questioning 9.9%, vulgar words 9.4% — every rank correct. **Result: the raw correlation is +0.0530 and clears its shuffled nu",0,0,0,0
README.md,868847,68%,"mputed inside five cohort cells it is −0.2730, −0.1490, −0.1135, −0.1020, −0.0923, five of five the same sign, with the median at 68% of the pooled figure.** ⇒ The criterion the previous entry fixed in advance lands on the ",0,0,0,0
README.md,870585,79.5%,"e the preregistered 0.3 threshold, so the split is usable), and in the lowest decile of total variation the permissive side holds 79.5% against the harsh side's 20.5%, where the full sample is fifty-fifty. ⚠ Because part of t",0,0,0,0
README.md,870616,20.5%,"ld, so the split is usable), and in the lowest decile of total variation the permissive side holds 79.5% against the harsh side's 20.5%, where the full sample is fifty-fifty. ⚠ Because part of that 79.5% is manufactured by th",0,0,0,0
README.md,870684,79.5%,"tion the permissive side holds 79.5% against the harsh side's 20.5%, where the full sample is fifty-fifty. ⚠ Because part of that 79.5% is manufactured by the −0.2189, **a random split is not a sufficient placebo**: a random ",0,0,0,0
README.md,872999,95%,"inals preserved, all cross-item structure destroyed) gives a mean–SD correlation of **−0.2086** against an observed −0.2189, **so 95% of it is arithmetically forced**. That makes the half that survives below harder, and the",0,0,0,0
README.md,873216,55%,"nd the half that collapses less arguable. **The verdict splits: within-person compression goes from −0.1574 to −0.0872, retaining 55% with its sign; the general factor goes from +0.0616 to −0.0088, retaining −14% with its s",0,0,0,0
README.md,873294,−14%,"compression goes from −0.1574 to −0.0872, retaining 55% with its sign; the general factor goes from +0.0616 to −0.0088, retaining −14% with its sign flipped, and its five stance-quintile cells are −0.0161, +0.0063, +0.0412, ",0,0,0,0
README.md,873556,102%,"** ⚠ The placebo shows this is not a method artefact: swapping stance for cohort in the same operation, the two quantities retain 102% and 96%. **⇒ ""Education tightens all moral judgements with each other, and sex is no exce",0,0,0,0
README.md,873565,96%,"placebo shows this is not a method artefact: swapping stance for cohort in the same operation, the two quantities retain 102% and 96%. **⇒ ""Education tightens all moral judgements with each other, and sex is no exception"" i",0,0,0,0
README.md,876853,24.3%,"ith **twenty-two same-scale items on nine points**, 9,881 respondents, **and three fake words built in as a validity check, which 24.3% of people claimed to know**. The sample definition was fixed before the main analysis (al",1,0,0,0
README.md,877983,14%,"mechanical**; recomputed from a single shuffle, the baseline is +0.0617 against an observed −0.4316, **so the forced part is only 14% and points the other way, and the correction strengthens the conclusion**. **Second, the ",0,0,0,0
README.md,884294,14%,"d both were. **Result: of the 93 entries after the six-hundredth, those reporting their own null number 13 on the strict reading (14%) and 20 on the loose one (22%); 55 merely contain the word, which is an upper bound and n",0,0,0,0
README.md,884324,22%,"93 entries after the six-hundredth, those reporting their own null number 13 on the strict reading (14%) and 20 on the loose one (22%); 55 merely contain the word, which is an upper bound and not a measurement.** ⇒ **An int",0,0,0,0
README.md,884445,22%,"ose one (22%); 55 merely contain the word, which is an upper bound and not a measurement.** ⇒ **An interval, not a point: only 14–22% report their own null, leaving 78–86% where fragility is structurally undecidable.** ⚠ **",0,0,0,0
README.md,884483,86%,"ord, which is an upper bound and not a measurement.** ⇒ **An interval, not a point: only 14–22% report their own null, leaving 78–86% where fragility is structurally undecidable.** ⚠ **And this nails down the previous entry",0,0,0,0
README.md,885305,22%,"at every conclusion must carry its own null, so this round made it a rule on the gate.** The previous entry measured that only 14–22% of the later ledger reports its own null, so a third audit would be futile — the data doe",0,0,0,0
README.md,887872,29%,"o appear verbatim in its own output — they all do, so the count is admissible. **Result: of twenty-four rows, seven are pairable (29%); eleven come from rounds that produced no script output at all, mostly the earliest soci",1,0,0,0
README.md,890665,59%,"of the four items, so three of the six pairs were untouched and their real correlations stayed in the median, pushing the null to 59% of the observation. **A null that does not destroy the structure it claims to destroy is ",0,0,0,0
README.md,905617,48%,"ument replication as ""unknown"", so the control failed; **and the reason it failed is the product — thirteen of twenty-seven rows (48%) name no instrument in their own text, which is the page's omission, not a miscount**. Re",0,0,0,0
README.md,905922,29%,"nce a certain round), the control passes. **Result: by archive, the largest single-instrument cluster is six or seven entries, 25–29%, under half ⇒ no single instrument dominates; subdivided by coding project, the largest p",0,0,0,0
README.md,911192,**13.4%,"measured, and the two kinds of anchor are not alike. Over the 509 ledger entries, a **number** anchor is weak — `0.20` appears in **13.4% of the ledger**, so a wrong entry passes that check about one time in seven — while each ",0,0,0,0
README.md,912894,10%,"t is a symmetric widening, not a subgroup `#99` | | ""The earlier something enters the map, the more central it is"" | **Withdrawn, 10% remains** | That was not time, it was ""people who rate everything highly"" `#115` | | ""The",0,0,0,0
README.md,913089,91%,"hing highly"" `#115` | | ""The trait tracks earlier acquisition age"" | **Withdrawn** | −0.030 against a null of −0.028; the null is 91% of the effect `#102` | | ""The √n accumulation across blocks reflects latent structure"" | ",0,1,0,1
README.md,913395,30%,"-  # What this data cannot do (each measured, not guessed)  | Cannot | The measured bound | |---|---| | See structure carried by ≤30% of people (variance-explained methods) | 5% carriers at **±50 pp** leave skill on the flo",0,0,1,0
README.md,913440,5%," not guessed)  | Cannot | The measured bound | |---|---| | See structure carried by ≤30% of people (variance-explained methods) | 5% carriers at **±50 pp** leave skill on the floor; ≈30% is required `#91` | | Distinguish """,0,0,1,0
README.md,913493,30%,"--| | See structure carried by ≤30% of people (variance-explained methods) | 5% carriers at **±50 pp** leave skill on the floor; ≈30% is required `#91` | | Distinguish ""a small group unusually intense about a few things"" fr",0,0,1,0
README.md,914850,**58%,"| **Say what makes some interests carry more shame than their rarity predicts** | Across the 31 onset categories, rarity explains **58%** of how ashamed a category's holders are (`r` = +0.758). The remaining **42% is real** —",0,0,0,0
README.md,914928,**42%,"* | Across the 31 onset categories, rarity explains **58%** of how ashamed a category's holders are (`r` = +0.758). The remaining **42% is real** — residual sd **0.145** against a per-category sampling floor of **0.029** (**4",0,0,0,0
README.md,919755,**37%,"r (positive control: SUBSTANCE against itself r_true = **+1.018**; sham +0.023), **POWER–SUBSTANCE r_true = +0.605** — they share **37% of variance, not 5%**. The pre-registered kill lands in the middle band (0.45 < 0.605 < 0",0,0,0,0
README.md,919778,5%,"BSTANCE against itself r_true = **+1.018**; sham +0.023), **POWER–SUBSTANCE r_true = +0.605** — they share **37% of variance, not 5%**. The pre-registered kill lands in the middle band (0.45 < 0.605 < 0.70): **UNVERIFIED**",0,0,0,0
README.md,920014,95%,"construct nor confirmed distinct. ⚠ **`#321`: and that is now a resolved intermediate, not a failure to measure** — the bootstrap 95% interval is **[+0.561, +0.659]**, entirely inside the band, so the two share **31–43% of ",0,0,1,0
README.md,920100,43%," not a failure to measure** — the bootstrap 95% interval is **[+0.561, +0.659]**, entirely inside the band, so the two share **31–43% of variance**; the positive control (SUBSTANCE against disjoint halves of itself) recover",0,0,1,0
README.md,920895,31%,"he cross-domain grammar (#49) it carries predictable variance: person-level onset→preference R² = +0.0136 against a −0.0043 null, 31% of the same-domain ceiling after stripping intensity leakage ⚠ **`#358`: the schedule now",0,0,0,0
README.md,921171,19%,"ry means are resolved — span **3.37 y** against a mean bootstrap interval of **0.34 y**, with only **87 of 465 pairs overlapping (19%)** — and the ordering is **not** a rarity artifact (`corr(mean onset, category rarity)` =",0,0,1,0
README.md,922047,95%,"rries structure preference does not: observed top residual eigenvalue 0.959 against a purpose-built rival world at 0.441 ± 0.040 (95% upper 0.532), positive control fires at injection 0.3 and stays silent at 0.0. The attach",0,0,1,0
README.md,922144,80%,"lt rival world at 0.441 ± 0.040 (95% upper 0.532), positive control fires at injection 0.3 and stays silent at 0.0. The attached '80% of the sd' is descriptive, not tested — interests a person does *not* like together were ",0,0,1,0
README.md,924246,85%,"he table does not carry. **[CORRECTED — RETRACTIONS #26, caught by #144]** an earlier version of this page reported ""rho +0.2515, 85% surviving response-style control"" — that pair **appears nowhere in the ledger** and came ",0,0,0,0
README.md,924379,85%," surviving response-style control"" — that pair **appears nowhere in the ledger** and came from a pre-A09 draft of this page. The ""85% is response style"" step is **UNVERIFIED**: every item is erotic content with no reverse-k",0,0,0,0
README.md,924781,**0.88%,outcome measure — phase 3 must be prospective.  **[R07 · breadth](A07_breadth)** — Quantity without shape. A person's set is only **0.88%** more concentrated in coordinate space than a size-matched base-rate set — negligible. ⚠,0,0,0,0
README.md,925004,−0.01%,"e. ⚠ **That figure was computed at one setting (K=6) and never swept**, and the ledger's own sweep of the same quantity runs from −0.01% at K=2 to −2.56% at K=16, giving −0.29% at the K where 0.88% was reported; the t-value on",0,0,0,0
README.md,925021,−2.56%,"e was computed at one setting (K=6) and never swept**, and the ledger's own sweep of the same quantity runs from −0.01% at K=2 to −2.56% at K=16, giving −0.29% at the K where 0.88% was reported; the t-value once printed alongs",0,0,0,0
README.md,925044,−0.29%,"etting (K=6) and never swept**, and the ledger's own sweep of the same quantity runs from −0.01% at K=2 to −2.56% at K=16, giving −0.29% at the K where 0.88% was reported; the t-value once printed alongside it has no surviving",0,0,0,0
README.md,925066,0.88%," swept**, and the ledger's own sweep of the same quantity runs from −0.01% at K=2 to −2.56% at K=16, giving −0.29% at the K where 0.88% was reported; the t-value once printed alongside it has no surviving source in this repos",0,0,0,0
README.md,925177,**24.2%,29% at the K where 0.88% was reported; the t-value once printed alongside it has no surviving source in this repository. Sets are **24.2%** of the way from chance to perfect nesting. Breadth is moderately one trait (Spearman–Br,0,0,0,0
README.md,925328,13%,from chance to perfect nesting. Breadth is moderately one trait (Spearman–Brown 0.557). **[UNVERIFIED — RETRACTIONS #26]** the '9–13% response style' figure comes from an index that is orthogonal to the POWER axis (+0.024) ,0,0,0,0
README.md,926977,**6.4%,"not CONFIRMED**.  ---  ## How the shared signal accumulates  **[RETRACTIONS #60]** `increment = 0.00723 × √(source domains)` — CV **6.4%** across n=1…31, against 11.2% for log and 51.9% for linear (`#60`), with a permuted-labe",0,0,0,0
README.md,927009,11.2%,"e shared signal accumulates  **[RETRACTIONS #60]** `increment = 0.00723 × √(source domains)` — CV **6.4%** across n=1…31, against 11.2% for log and 51.9% for linear (`#60`), with a permuted-label null of exactly 0.0000 at eve",0,0,0,0
README.md,927027,51.9%,"cumulates  **[RETRACTIONS #60]** `increment = 0.00723 × √(source domains)` — CV **6.4%** across n=1…31, against 11.2% for log and 51.9% for linear (`#60`), with a permuted-label null of exactly 0.0000 at every n. **[MECHANISM",0,0,0,0
README.md,927707,87%,"polated beyond the measured range.  ## Within-block vs cross-domain  **[RETRACTIONS #59]** Two largely independent contributions, 87% additive, both against two exactly-null controls: **cross-block factors +0.0409** (fitted",0,0,0,0
README.md,928305,**71%,".0206** held-out R² over a marginals base, against the person factors' **+0.0289** and a random-neighbour control's **+0.0006** — **71% of the person margin**, on 578,989 held-out cells. **[#58]** Fitted jointly, the two are ",0,0,0,0
README.md,928400,**67%,"-neighbour control's **+0.0006** — **71% of the person margin**, on 578,989 held-out cells. **[#58]** Fitted jointly, the two are **67% the same structure**: combined increment +0.0359 against the person margin's +0.0293, so ",0,0,0,0
README.md,928925,13.4%,"aim without all five is a claim without a boundary. Anchors are phrases rather than numbers, because a cited number collides with 13.4% of this project's ledger while a cited phrase collides with none.  | Assertion | Unit | I",0,0,0,0
README.md,930533,41%,"Attitudes soften one at a time, not as a tide `[#532「一件一件松开」]` | decade | GSS 1972–2024 | 21–30 shared survey years | cross-topic 41% of within-topic | not separable from noise; disjoint respondents still share a country | ",1,0,0,0
README.md,930987,45%,"| GSS, within year | 30 survey years | 0.375 vs 0.093, ceiling 0.437 | domain vs question format | | …of which format explains 13–45% `[#535「格式解释掉一部分」]` | person | same | same | excess +0.15 to +0.27 | domain content; no fo",0,0,0,0
README.md,939359,**2.5%,"t have had one in the last five years, so that contradiction rate is a direct read on what the two ways of asking do differently: **2.5%** (n = 2,702). But the same contradiction computed for **live births** — a fact carrying ",0,1,0,1
README.md,939476,**1.6%,"differently: **2.5%** (n = 2,702). But the same contradiction computed for **live births** — a fact carrying no shame at all — is **1.6%** (n = 2,427), and the gap of 0.9 points sits inside its own resampling spread of 1.4 `[#",0,0,0,0
README.md,939580,1.6%,"ying no shame at all — is **1.6%** (n = 2,427), and the gap of 0.9 points sits inside its own resampling spread of 1.4 `[#569「地板是 1.6%」]`. ⚠ So the honest result is a **resolution, not an effect**: these two instruments alre",0,1,0,1
README.md,948560,**12%," two explanations that would make it dull** — political self-rating, and the habit of picking scale end-points | They account for **12%** and **28%**; the link survives at 0.15–0.21 against a placebo of 0.008. **Not explained",0,0,0,0
README.md,948572,**28%,"tions that would make it dull** — political self-rating, and the habit of picking scale end-points | They account for **12%** and **28%**; the link survives at 0.15–0.21 against a placebo of 0.008. **Not explained.** | | 5 | ",0,0,0,0
README.md,948742,15.7%,"against a placebo of 0.008. **Not explained.** | | 5 | **Drop each item in turn; then plot it by year** | No item carries it (max 15.7%), and it is **not a constant**: 0.227 in 1972 → 0.301 in 2024. **It is a process.** | | 6",0,0,0,0
README.md,949206,1%,"act; the cohort margin is the steadier of the two (spread 0.0004 against the age margin's 0.0005, and a placebo that collapses to 1% rather than 26%). |  **Where it ends:** how a person judges sex has become a steadily bet",0,0,0,0
README.md,949221,26%," margin is the steadier of the two (spread 0.0004 against the age margin's 0.0005, and a placebo that collapses to 1% rather than 26%). |  **Where it ends:** how a person judges sex has become a steadily better predictor of",0,0,0,0
README.md,952416,25%,"ional · one instrument · one population (18–32, US/Canada/Europe) · aggressively anonymised, with correlations attenuated roughly 25% by design · every measure self-report. No causal claim in this repository is identified, ",0,0,0,0
README_zh.md,1471,95%,"335**); 其余四个域里总有一对低得多(公平只有 **0.062** —— Entry 653)。 ⚠ **但「只有纯洁」这句话是那个选定的 0.30 造出来的,现在撤回了**:拿同一份问卷、同样六道题的 **全部 593,770 个随机块**当零,零的 95% 分位只有 **0.0299** —— **五个域全部高于它**, 纯洁 **11.23×** > 权威 5.68× > 内群 4.99× > 伤害 4.65× > 公平 2.08",0,1,0,1
README_zh.md,1668,**99%,"4.99× > 伤害 4.65× > 公平 2.08×(Entry 716)。  > **五个道德域都比随机凑的六道题更连成一片。纯洁是最紧的那一个 —— 领先第二名一倍 —— > 而不是唯一的那一个。**(Entry 653 · 716) > ⚠ 而在零的 **99%** 分位 0.2019 那一刀上,**确实只有纯洁过得去**。 > **两刀都报:判决取决于那一刀切在哪,所以承重的是那个排序,不是任何一个二分。** > ⚠ 而零的**最大值是",0,0,0,0
README_zh.md,2761,95%,"自己的性需要」进来(p=0.0075)。**⚠ 掉出去的那一个,正是 `#720` 里唯一贴着自己零(1.02×)的那个面 —— **同一个面在两次互不相干的检验里各掉一次。**⚠⚠ **而整段的裁决是 UNVERIFIED,不是确认**:打乱性别标签后零的 95% 分位是 **0.0281**,而七个面 \|Δ\| 的中位只有 **0.0411** —— **零占了效应的 68%**。**逐面 BH 过得去,聚合强度过不去,两件事都要说。*",1,1,0,0
README_zh.md,2820,68%,"个面 —— **同一个面在两次互不相干的检验里各掉一次。**⚠⚠ **而整段的裁决是 UNVERIFIED,不是确认**:打乱性别标签后零的 95% 分位是 **0.0281**,而七个面 \|Δ\| 的中位只有 **0.0411** —— **零占了效应的 68%**。**逐面 BH 过得去,聚合强度过不去,两件事都要说。** 站得住的仍然是**排序同一套**(2.10×);**一致度那七个面是一条 1.46 倍的线索,不是一个结论** `",1,1,0,0
README_zh.md,4065,95%,"` 那个「12/12」本身是用**未定向**的差算的 —— **也就是用它自己上一段刚刚诊断出来的那个缺陷算的。** **我命名了缺陷,然后把一个带着这个缺陷的数留给了下一轮。**  ---  ## 站得住的 **⟨…⟩** = **效应 ÷ 它自己那个零的 95% 分位**(算不出的写 `⟨—⟩`:8 条那一轮没持久化结果,10 条有输出但取不到配套的效应—零对)。 ⚠⚠ **而这一页所有的归一数都是低估,这一条是在合成世界里量出来的,不是",0,1,0,1
README_zh.md,4216,−28.5%,"8 条那一轮没持久化结果,10 条有输出但取不到配套的效应—零对)。 ⚠⚠ **而这一页所有的归一数都是低估,这一条是在合成世界里量出来的,不是假设的。** 真值已知、噪声已知、边际偏斜已知,4 档(与 GSS 同)· 27 格 · 每格 200 次:**生 −28.5% · 只归一 −22.2% · 只衰减 −16.6% · 两者复合 −9.5%** —— **四个全都低估,而复合最接近真值,两者的改善近似可加 ⇒ 它们修的不是同一件事,可以复合",0,1,0,1
README_zh.md,4229,−22.2%,"10 条有输出但取不到配套的效应—零对)。 ⚠⚠ **而这一页所有的归一数都是低估,这一条是在合成世界里量出来的,不是假设的。** 真值已知、噪声已知、边际偏斜已知,4 档(与 GSS 同)· 27 格 · 每格 200 次:**生 −28.5% · 只归一 −22.2% · 只衰减 −16.6% · 两者复合 −9.5%** —— **四个全都低估,而复合最接近真值,两者的改善近似可加 ⇒ 它们修的不是同一件事,可以复合**(Entry 736)",0,1,0,1
README_zh.md,4242,−16.6%,"的效应—零对)。 ⚠⚠ **而这一页所有的归一数都是低估,这一条是在合成世界里量出来的,不是假设的。** 真值已知、噪声已知、边际偏斜已知,4 档(与 GSS 同)· 27 格 · 每格 200 次:**生 −28.5% · 只归一 −22.2% · 只衰减 −16.6% · 两者复合 −9.5%** —— **四个全都低估,而复合最接近真值,两者的改善近似可加 ⇒ 它们修的不是同一件事,可以复合**(Entry 736)。⚠ **而即使复合仍低估",0,1,0,1
README_zh.md,4256,−9.5%,"而这一页所有的归一数都是低估,这一条是在合成世界里量出来的,不是假设的。** 真值已知、噪声已知、边际偏斜已知,4 档(与 GSS 同)· 27 格 · 每格 200 次:**生 −28.5% · 只归一 −22.2% · 只衰减 −16.6% · 两者复合 −9.5%** —— **四个全都低估,而复合最接近真值,两者的改善近似可加 ⇒ 它们修的不是同一件事,可以复合**(Entry 736)。⚠ **而即使复合仍低估 9.5%,因为 4 档离",0,0,0,0
README_zh.md,4339,9.5%," 次:**生 −28.5% · 只归一 −22.2% · 只衰减 −16.6% · 两者复合 −9.5%** —— **四个全都低估,而复合最接近真值,两者的改善近似可加 ⇒ 它们修的不是同一件事,可以复合**(Entry 736)。⚠ **而即使复合仍低估 9.5%,因为 4 档离散化本身就衰减 12–13%,四个估计量没有一个修它。** ⇒ **页上每一个归一数都要读成下界,不是点估计** `[#736「四种校正全都低估,而页上的数一直是保",0,0,0,0
README_zh.md,4362,13%,".2% · 只衰减 −16.6% · 两者复合 −9.5%** —— **四个全都低估,而复合最接近真值,两者的改善近似可加 ⇒ 它们修的不是同一件事,可以复合**(Entry 736)。⚠ **而即使复合仍低估 9.5%,因为 4 档离散化本身就衰减 12–13%,四个估计量没有一个修它。** ⇒ **页上每一个归一数都要读成下界,不是点估计** `[#736「四种校正全都低估,而页上的数一直是保守的」]`。 ⚠ **而那组数的**量级**",0,0,0,0
README_zh.md,4600,4×,":合成世界里天花板是 **0.95–0.99**,而 **GSS 六对的天花板是 0.4770–0.8515(中位 0.7335)** —— **真数据里压低天花板的是边际偏斜,不是档数**,所以归一在这一页做的功远大于合成所示。预注册的机制检验通过(混合档 4×5 的天花板 0.9544 < 同档 0.9914,归一贡献 +0.036 > +0.007),**机制是对的,regime 不同** `[#737「合成世界的天花板是 0.95,",0,0,0,0
README_zh.md,5056,1.61%,"个分母自己也是估的,所以它自己抖多少是量过的**:页上 **28 个带 ⟨…⟩ 的行里,25 行从未声明分母是全枚举还是抽样估的**,而 `#716` 见过一次分母抖 1.9 倍。实测下来**只有一类会咬人**:同一个 B=4,000,**置换零的相对标准差 1.61%,而「从结构化块空间里组合抽样」是 10.73% —— 后者是前者的 6.7 倍**,且组合臂**抽更多也未必更稳**(最弱一环的分布高度离散,95% 分位坐在平台上跳)。⇒ **",0,0,0,0
README_zh.md,5079,10.73%,"*:页上 **28 个带 ⟨…⟩ 的行里,25 行从未声明分母是全枚举还是抽样估的**,而 `#716` 见过一次分母抖 1.9 倍。实测下来**只有一类会咬人**:同一个 B=4,000,**置换零的相对标准差 1.61%,而「从结构化块空间里组合抽样」是 10.73% —— 后者是前者的 6.7 倍**,且组合臂**抽更多也未必更稳**(最弱一环的分布高度离散,95% 分位坐在平台上跳)。⇒ **凡块空间可枚举的格子都已改成全枚举**(MFQ ",0,0,0,0
README_zh.md,5133,95%,"过一次分母抖 1.9 倍。实测下来**只有一类会咬人**:同一个 B=4,000,**置换零的相对标准差 1.61%,而「从结构化块空间里组合抽样」是 10.73% —— 后者是前者的 6.7 倍**,且组合臂**抽更多也未必更稳**(最弱一环的分布高度离散,95% 分位坐在平台上跳)。⇒ **凡块空间可枚举的格子都已改成全枚举**(MFQ k=6 · GSS k=4 · NSFG k=3/k7 · SCCS k=4);**其余用置换零的行,",0,0,0,0
README_zh.md,5233,2%,",且组合臂**抽更多也未必更稳**(最弱一环的分布高度离散,95% 分位坐在平台上跳)。⇒ **凡块空间可枚举的格子都已改成全枚举**(MFQ k=6 · GSS k=4 · NSFG k=3/k7 · SCCS k=4);**其余用置换零的行,分母的抖动在 2% 量级,不改变任何比值的读法** `[#719「分母自己的抖动量出来了,而咬人的只有一类」]`。 ⚠ **而把这套仪器纪律带回对象之后,第三具仪器给的不是复制,是一个相邻的答案。*",0,0,0,0
README_zh.md,6643,38%,"的是 `|ρ|` 的中位(生),四格对照下 **生 `|ρ|` = 面内 0.5856 / 面间 0.1734**,与它写的 0.5789 / 0.1726 逐格吻合,配对数 200 / 4,750 也逐字相同。**而面间 4,750 对里有 1,786 对(38%)是负的** ⇒ 按 `#607` 早就判过的那条,**一堆符号本质随机的相关取绝对值后的中位,量的是「没有东西」在这个样本量下的大小** —— 所以 0.1734 是上界,**有",1,0,0,0
README_zh.md,7431,95%,"。 ⚠ **而这一页最老的那条教育结论,在新工具下一动不动,原因是结构性的而不是运气。** `#676` 说「教育把两组题的立场都推向宽容,而且对性别角色推得更狠;但只有性这一组,四个判断同时变得彼此绑在一起」——边际匹配后 Δ **+0.1604**,零的 95% 分位 **0.0372**,**4.31 倍**。拿 `#718` 的最优符号重算:**性四题 Δ 贪心 +0.1837 / 最优 +0.1837;性别角色三题 +0.0221 ",0,0,0,0
README_zh.md,8071,95%,"找回来的族是 `barry1976traits` 的「十个品格 × 四个对象」,而性克制正是其中第十个** ——同一个团队、同一批社会、同一条编码,`Self-restraint`(自制)是它减去性的近邻对照。**全枚举 91,380 个同池同 k 的块当零(95% 分位 0.1537),十个品格全部高于零的中位。****而性克制的最弱一环是 +0.6838,在十个里排第 3(竞争 0.7575 · 服从 0.6885 · 性克制 0.683",0,0,0,0
README_zh.md,8829,95%,"队(`broude1976cross`)编的**「成年女性婚前性态度」**相关:**性克制 +0.6558,排第 1**;而第二名**服从只有 +0.3030**,九个非性品格全部落在 **−0.10 到 +0.30** 之间。松零(社会间打乱那道成人题)的 95% 分位是 **0.1779**,而 **MDE 在跑之前就算了(n≈112 ⇒ 0.19)**。换一种合成(取最弱一环而非均值)次序不变:性克制 +0.5695 对服从 +0.27",0,0,0,0
README_zh.md,9163,**9.85%,"个发现(`#542` 因同样的形状被 `prior_art` 规则降级过)。真正是发现的是判别的那一半:服从、勤勉、自制这些「一般的严」最多只到 0.30。** ⚠ 而本轮 **halo 零没有作用**:社会内互换四个对象的值,合成量(四对象 z 均值)只变 **9.85% 的自身 sd** —— **它是一条空操作的控制,而它每一行都给出 ≈ 观测值,正是空操作的告示牌。不许把它算作一条通过了的控制。** `[#749「一个社会对性的严厉,不是它一",0,0,0,0
README_zh.md,10111,98.0%,"的非性道德条目只有两条 —— 逃税与骗福利 —— **而硬规则①量出它们只问过 1991 与 1998 两年,重叠 n=734**。结果:**ρ(性的严, 觉得骗国家有多错) = +0.1317,去衰减 +0.1910**;**把后者整个扣掉,四题性彼此保留 98.0%,即使假设控制量完美可靠仍保留 97.2%**。⚠ 这里最容易骗到我自己的是:**社会层我扣掉九个品格,人层只能扣两条题,控制量越薄「性还剩下」越容易得到** —— 两题的信度只有",0,0,0,0
README_zh.md,10132,97.2%," —— **而硬规则①量出它们只问过 1991 与 1998 两年,重叠 n=734**。结果:**ρ(性的严, 觉得骗国家有多错) = +0.1317,去衰减 +0.1910**;**把后者整个扣掉,四题性彼此保留 98.0%,即使假设控制量完美可靠仍保留 97.2%**。⚠ 这里最容易骗到我自己的是:**社会层我扣掉九个品格,人层只能扣两条题,控制量越薄「性还剩下」越容易得到** —— 两题的信度只有 0.7031,**偏掉不可靠的控制量必然",0,0,0,0
README_zh.md,10506,97%,"层扣掉的只有「对国家不诚实」这一格,不是一般道德,**所以本轮支持的是「性与觉得骗国家有多错是两条线」,不是「性与一般道德是两条线」。** ⇒ **两个单位给出同一个方向,而量级完全不同(社会层 +0.6558 对 ≤+0.3030;人层 +0.13 对保留 97%)—— 这正是 `#737` 定下的形状:只有方向可搬,量级不可搬。** `[#751「一个人对性的严,和他觉得逃税骗福利有多错,只共享 +0.13」]`。 ⚠⚠ **而这句话在同",0,0,0,0
README_zh.md,10748,59.5%,"* `readme_gate` 的 `single_instrument` 当场阻断了只有一具仪器的那一轮 —— 它指出的正是我自己刚写进 NEXT 的弱点。换第二具人层仪器(MFQ,n=7267):**ρ(性, 一般道德) = +0.3161,偏掉后只保留 59.5%** —— **两具仪器不同意。** 不许平均,去找分歧的那个假设:**GSS 的两条题是逃税与骗福利,内容上靠近伤害-公平;MFQ 的里面还装着内群体与权威。** 拆开量:**ρ",0,0,0,0
README_zh.md,10936,94.9%,"容上靠近伤害-公平;MFQ 的里面还装着内群体与权威。** 拆开量:**ρ(chastity, 伤害) = +0.0060 · (公平) = −0.1685 · (内群体) = +0.4194 · (权威) = +0.5001**;**偏掉伤害+公平后性保留 94.9%,与 GSS 的 97.2% 对上了;偏掉内群体+权威后只剩 60.6%。** ⇒ **一个人对性有多严,和「伤害别人对不对、公不公平」几乎无关,却和「该不该服从权威、忠于自己人」",0,0,0,0
README_zh.md,10950,97.2%,"的里面还装着内群体与权威。** 拆开量:**ρ(chastity, 伤害) = +0.0060 · (公平) = −0.1685 · (内群体) = +0.4194 · (权威) = +0.5001**;**偏掉伤害+公平后性保留 94.9%,与 GSS 的 97.2% 对上了;偏掉内群体+权威后只剩 60.6%。** ⇒ **一个人对性有多严,和「伤害别人对不对、公不公平」几乎无关,却和「该不该服从权威、忠于自己人」强相关。** ⚠⚠ **所以",0,0,0,0
README_zh.md,10972,60.6%,"ρ(chastity, 伤害) = +0.0060 · (公平) = −0.1685 · (内群体) = +0.4194 · (权威) = +0.5001**;**偏掉伤害+公平后性保留 94.9%,与 GSS 的 97.2% 对上了;偏掉内群体+权威后只剩 60.6%。** ⇒ **一个人对性有多严,和「伤害别人对不对、公不公平」几乎无关,却和「该不该服从权威、忠于自己人」强相关。** ⚠⚠ **所以我这三轮的世界分解本身是错的**:「性道德 ",0,0,0,0
README_zh.md,12182,63.6%,"*而同一把刀也得切人层那个族,否则我只是在偏爱一个单位。** 最便宜的那个问题先问:**ρ(权威, 内群体) = +0.7005** —— 它们本来就大半是一件事,所以「两个 ρ 都高」可能是一件事而非两件。切开:**偏掉内群体后 chastity×权威保留 63.6%(是自己零的 14.0 倍),偏掉权威后 chastity×内群体只剩 26.5%(仍是自己零的 4.9 倍,不是零)。** ⚠ **预注册的两条阈值都没到,我按 W-3 认下,没",0,0,0,0
README_zh.md,12223,26.5%,":**ρ(权威, 内群体) = +0.7005** —— 它们本来就大半是一件事,所以「两个 ρ 都高」可能是一件事而非两件。切开:**偏掉内群体后 chastity×权威保留 63.6%(是自己零的 14.0 倍),偏掉权威后 chastity×内群体只剩 26.5%(仍是自己零的 4.9 倍,不是零)。** ⚠ **预注册的两条阈值都没到,我按 W-3 认下,没有改阈值再跑一次** —— 结果出来之后选的阈值是叙事。**判不了的是我拍的那个 ",0,0,0,0
README_zh.md,12318,75%,"是自己零的 14.0 倍),偏掉权威后 chastity×内群体只剩 26.5%(仍是自己零的 4.9 倍,不是零)。** ⚠ **预注册的两条阈值都没到,我按 W-3 认下,没有改阈值再跑一次** —— 结果出来之后选的阈值是叙事。**判不了的是我拍的那个 75%,不是世界**:两个偏相关各自都远在自己的零之上,所以「有没有」是清楚的,「够不够格叫两件事」是我没定义好。⇒ 两臂放在一起:**社会层是「服从一个」,人层是「权威为主 + 内群体",0,0,0,0
README_zh.md,13709,95%,"**:`obey` 与 `premarsx` 共同年份 22 个,去趋势后同期互相关 **+0.6426**(最高),不对称 (lag+1 − lag−1) = **−0.1295**。⚠⚠ **但 −0.1295 不许被读成「谁领先」** —— 它自己零的 95% 分位是 **0.6462**,观测只有 **0.20 倍**,落在噪声底之下;而注入领先强度 0.1→0.8,检出率只有 0.044→0.551,**80% 功效在整个网格内都达",0,0,0,0
README_zh.md,13786,**80%,") = **−0.1295**。⚠⚠ **但 −0.1295 不许被读成「谁领先」** —— 它自己零的 95% 分位是 **0.6462**,观测只有 **0.20 倍**,落在噪声底之下;而注入领先强度 0.1→0.8,检出率只有 0.044→0.551,**80% 功效在整个网格内都达不到。** ⚠ 值得说清的是:去趋势后残差 sd / 抽样 se = 2.53–3.11×,**残差里确实有超出抽样噪声的真信号** —— 问题不是「只剩噪声",0,0,0,0
README_zh.md,14217,87.7%,"5(公平)。**若是这样,「性绑在权威上」就压缩成「性绑在保守主义上」—— 一句已知的旧话。**这个正面结果我不欢迎,所以它必须先被测。**在 GSS 概率样本上(n≈16,000)把 `polviews` 整个偏掉:**`obey` 与四题性的关系保留中位 87.7%**(86–90%),规格曲线 **87.9%(线性)/ 87.4%(七档哑变量)/ 78.6%(再加年份哑变量)**,三格都在同一侧。政治确实解释了东西 —— **−0.0332",1,0,0,0
README_zh.md,14228,90%,"样,「性绑在权威上」就压缩成「性绑在保守主义上」—— 一句已知的旧话。**这个正面结果我不欢迎,所以它必须先被测。**在 GSS 概率样本上(n≈16,000)把 `polviews` 整个偏掉:**`obey` 与四题性的关系保留中位 87.7%**(86–90%),规格曲线 **87.9%(线性)/ 87.4%(七档哑变量)/ 78.6%(再加年份哑变量)**,三格都在同一侧。政治确实解释了东西 —— **−0.0332,是它自己展布的 ",1,0,0,0
README_zh.md,14238,**87.9%,"就压缩成「性绑在保守主义上」—— 一句已知的旧话。**这个正面结果我不欢迎,所以它必须先被测。**在 GSS 概率样本上(n≈16,000)把 `polviews` 整个偏掉:**`obey` 与四题性的关系保留中位 87.7%**(86–90%),规格曲线 **87.9%(线性)/ 87.4%(七档哑变量)/ 78.6%(再加年份哑变量)**,三格都在同一侧。政治确实解释了东西 —— **−0.0332,是它自己展布的 594.5 倍,真的** —",1,0,0,0
README_zh.md,14251,87.4%,"」—— 一句已知的旧话。**这个正面结果我不欢迎,所以它必须先被测。**在 GSS 概率样本上(n≈16,000)把 `polviews` 整个偏掉:**`obey` 与四题性的关系保留中位 87.7%**(86–90%),规格曲线 **87.9%(线性)/ 87.4%(七档哑变量)/ 78.6%(再加年份哑变量)**,三格都在同一侧。政治确实解释了东西 —— **−0.0332,是它自己展布的 594.5 倍,真的** —— **但它只占 12",1,0,0,0
README_zh.md,14265,78.6%,"这个正面结果我不欢迎,所以它必须先被测。**在 GSS 概率样本上(n≈16,000)把 `polviews` 整个偏掉:**`obey` 与四题性的关系保留中位 87.7%**(86–90%),规格曲线 **87.9%(线性)/ 87.4%(七档哑变量)/ 78.6%(再加年份哑变量)**,三格都在同一侧。政治确实解释了东西 —— **−0.0332,是它自己展布的 594.5 倍,真的** —— **但它只占 12.1%。** ⇒ **把政治",1,0,0,0
README_zh.md,14344,12.1%,"中位 87.7%**(86–90%),规格曲线 **87.9%(线性)/ 87.4%(七档哑变量)/ 78.6%(再加年份哑变量)**,三格都在同一侧。政治确实解释了东西 —— **−0.0332,是它自己展布的 594.5 倍,真的** —— **但它只占 12.1%。** ⇒ **把政治左右整个偏掉,「要孩子服从」与管别人性的关系还剩八成八:性不是绑在保守主义上,是绑在服从上。** ⚠⚠ 而**我跑之前写下的混淆被自己的测量推翻了,在此收回*",1,0,0,0
README_zh.md,14693,13.7%,"那不是全距。判词仍按预注册判在 GSS 上,理由从「全距」换成**它是概率样本**,而这个理由跑前跑后都成立。⚠ 顺带解决了上一格留下的两具仪器分歧,方向与我预期的相反:**MFQ 那个「越看重贞洁越不看重公平」−0.2116,偏掉政治后只剩 −0.0290(13.7%)**;GSS 的 `helpoth` 偏前偏后都在零附近。**⇒ 去掉政治,性与公平/关怀是零,不是此消彼长 —— 那个负号几乎全是政治排序。** ⚠ 两具仪器对「政治解释多少」",1,0,0,0
README_zh.md,14797,12.1%,"平」−0.2116,偏掉政治后只剩 −0.0290(13.7%)**;GSS 的 `helpoth` 偏前偏后都在零附近。**⇒ 去掉政治,性与公平/关怀是零,不是此消彼长 —— 那个负号几乎全是政治排序。** ⚠ 两具仪器对「政治解释多少」并不一致(GSS 12.1% · MFQ 约 30%),而 MFQ 来自一个政治兴趣平台;**按预注册判在概率样本上,不取平均。**`[#760「把政治左右整个偏掉,服从与管性还剩八成八」]`。 ⚠ **那剩",1,0,0,0
README_zh.md,14811,30%,"后只剩 −0.0290(13.7%)**;GSS 的 `helpoth` 偏前偏后都在零附近。**⇒ 去掉政治,性与公平/关怀是零,不是此消彼长 —— 那个负号几乎全是政治排序。** ⚠ 两具仪器对「政治解释多少」并不一致(GSS 12.1% · MFQ 约 30%),而 MFQ 来自一个政治兴趣平台;**按预注册判在概率样本上,不取平均。**`[#760「把政治左右整个偏掉,服从与管性还剩八成八」]`。 ⚠ **那剩下的九成是什么?最强候选",1,0,0,0
README_zh.md,14992,90.6%,"政治左右整个偏掉,服从与管性还剩八成八」]`。 ⚠ **那剩下的九成是什么?最强候选是宗教** —— 而这一格我不欢迎的正面结果同样明确:若宗教解释掉它,发现就压成「性绑在虔诚上」,还是旧话。在同一批人上(n=9,580–10,467)逐个偏掉:**政治保留 90.6% · 出席频率 79.0% · 原教旨-自由 82.3% · 认同强度 86.2% · 三个宗教量一起 66.9% · 宗教加政治全放 62.4%**。⇒ **管别人的性与「要孩子",0,0,0,0
README_zh.md,15005,79.0%,"性还剩八成八」]`。 ⚠ **那剩下的九成是什么?最强候选是宗教** —— 而这一格我不欢迎的正面结果同样明确:若宗教解释掉它,发现就压成「性绑在虔诚上」,还是旧话。在同一批人上(n=9,580–10,467)逐个偏掉:**政治保留 90.6% · 出席频率 79.0% · 原教旨-自由 82.3% · 认同强度 86.2% · 三个宗教量一起 66.9% · 宗教加政治全放 62.4%**。⇒ **管别人的性与「要孩子服从」的关系里,约十分之一",0,0,0,0
README_zh.md,15020,82.3%,"那剩下的九成是什么?最强候选是宗教** —— 而这一格我不欢迎的正面结果同样明确:若宗教解释掉它,发现就压成「性绑在虔诚上」,还是旧话。在同一批人上(n=9,580–10,467)逐个偏掉:**政治保留 90.6% · 出席频率 79.0% · 原教旨-自由 82.3% · 认同强度 86.2% · 三个宗教量一起 66.9% · 宗教加政治全放 62.4%**。⇒ **管别人的性与「要孩子服从」的关系里,约十分之一是政治,约三分之一是宗教;把 ",0,0,0,0
README_zh.md,15033,86.2%,"选是宗教** —— 而这一格我不欢迎的正面结果同样明确:若宗教解释掉它,发现就压成「性绑在虔诚上」,还是旧话。在同一批人上(n=9,580–10,467)逐个偏掉:**政治保留 90.6% · 出席频率 79.0% · 原教旨-自由 82.3% · 认同强度 86.2% · 三个宗教量一起 66.9% · 宗教加政治全放 62.4%**。⇒ **管别人的性与「要孩子服从」的关系里,约十分之一是政治,约三分之一是宗教;把 GSS 手上所有宗教与政治",0,0,0,0
README_zh.md,15049,66.9%,"欢迎的正面结果同样明确:若宗教解释掉它,发现就压成「性绑在虔诚上」,还是旧话。在同一批人上(n=9,580–10,467)逐个偏掉:**政治保留 90.6% · 出席频率 79.0% · 原教旨-自由 82.3% · 认同强度 86.2% · 三个宗教量一起 66.9% · 宗教加政治全放 62.4%**。⇒ **管别人的性与「要孩子服从」的关系里,约十分之一是政治,约三分之一是宗教;把 GSS 手上所有宗教与政治测量全部偏掉,还剩六成二。** ",0,0,0,0
README_zh.md,15065,62.4%,"释掉它,发现就压成「性绑在虔诚上」,还是旧话。在同一批人上(n=9,580–10,467)逐个偏掉:**政治保留 90.6% · 出席频率 79.0% · 原教旨-自由 82.3% · 认同强度 86.2% · 三个宗教量一起 66.9% · 宗教加政治全放 62.4%**。⇒ **管别人的性与「要孩子服从」的关系里,约十分之一是政治,约三分之一是宗教;把 GSS 手上所有宗教与政治测量全部偏掉,还剩六成二。** ⇒ 而宗教这一侧,**「去教堂的",0,0,0,0
README_zh.md,15193,21.0%,"放 62.4%**。⇒ **管别人的性与「要孩子服从」的关系里,约十分之一是政治,约三分之一是宗教;把 GSS 手上所有宗教与政治测量全部偏掉,还剩六成二。** ⇒ 而宗教这一侧,**「去教堂的频率」(做什么)比「宗教认同的强度」(自称什么)解释得更多 —— 21.0% vs 13.8%。** ⚠ **判词是 W-M:66.9% 落在我预注册的 50%–75% 之间,判不了,而我没有改阈值。** ⚠⚠ **而本轮最该记的是关于我自己的:这是连着第",0,0,0,0
README_zh.md,15202,13.8%,"。⇒ **管别人的性与「要孩子服从」的关系里,约十分之一是政治,约三分之一是宗教;把 GSS 手上所有宗教与政治测量全部偏掉,还剩六成二。** ⇒ 而宗教这一侧,**「去教堂的频率」(做什么)比「宗教认同的强度」(自称什么)解释得更多 —— 21.0% vs 13.8%。** ⚠ **判词是 W-M:66.9% 落在我预注册的 50%–75% 之间,判不了,而我没有改阈值。** ⚠⚠ **而本轮最该记的是关于我自己的:这是连着第二次落进自己留的中",0,0,0,0
README_zh.md,15223,66.9%,"里,约十分之一是政治,约三分之一是宗教;把 GSS 手上所有宗教与政治测量全部偏掉,还剩六成二。** ⇒ 而宗教这一侧,**「去教堂的频率」(做什么)比「宗教认同的强度」(自称什么)解释得更多 —— 21.0% vs 13.8%。** ⚠ **判词是 W-M:66.9% 落在我预注册的 50%–75% 之间,判不了,而我没有改阈值。** ⚠⚠ **而本轮最该记的是关于我自己的:这是连着第二次落进自己留的中间带**(上一次 63.6%)。两次都不是",0,0,0,0
README_zh.md,15237,50%,"之一是宗教;把 GSS 手上所有宗教与政治测量全部偏掉,还剩六成二。** ⇒ 而宗教这一侧,**「去教堂的频率」(做什么)比「宗教认同的强度」(自称什么)解释得更多 —— 21.0% vs 13.8%。** ⚠ **判词是 W-M:66.9% 落在我预注册的 50%–75% 之间,判不了,而我没有改阈值。** ⚠⚠ **而本轮最该记的是关于我自己的:这是连着第二次落进自己留的中间带**(上一次 63.6%)。两次都不是世界含糊,**是我把阈值",0,0,0,0
README_zh.md,15241,75%,"教;把 GSS 手上所有宗教与政治测量全部偏掉,还剩六成二。** ⇒ 而宗教这一侧,**「去教堂的频率」(做什么)比「宗教认同的强度」(自称什么)解释得更多 —— 21.0% vs 13.8%。** ⚠ **判词是 W-M:66.9% 落在我预注册的 50%–75% 之间,判不了,而我没有改阈值。** ⚠⚠ **而本轮最该记的是关于我自己的:这是连着第二次落进自己留的中间带**(上一次 63.6%)。两次都不是世界含糊,**是我把阈值当成圆整",0,0,0,0
README_zh.md,15306,63.6%,"度」(自称什么)解释得更多 —— 21.0% vs 13.8%。** ⚠ **判词是 W-M:66.9% 落在我预注册的 50%–75% 之间,判不了,而我没有改阈值。** ⚠⚠ **而本轮最该记的是关于我自己的:这是连着第二次落进自己留的中间带**(上一次 63.6%)。两次都不是世界含糊,**是我把阈值当成圆整数去拍** —— 它应当由某个可测的量导出:该效应自己的零、MDE、或另一个已知解释变量的份额(本轮政治的 9.4% 就是一把现成的尺",0,1,0,1
README_zh.md,15388,9.4%,"值。** ⚠⚠ **而本轮最该记的是关于我自己的:这是连着第二次落进自己留的中间带**(上一次 63.6%)。两次都不是世界含糊,**是我把阈值当成圆整数去拍** —— 它应当由某个可测的量导出:该效应自己的零、MDE、或另一个已知解释变量的份额(本轮政治的 9.4% 就是一把现成的尺子)。⚠ 三个宗教量彼此相关(ρ(出席, 认同强度) = −0.5083),所以**「三个一起」不是三份独立的解释**;而它们全是自我报告,偏相关也不是因果调整。",0,1,0,1
README_zh.md,15599,16.0%,"告,偏相关也不是因果调整。`[#762「宗教解释三分之一,政治解释一成,而还剩六成二」]`。 ⚠⚠ **而同一轮的第二具仪器把前两个份额反了过来 —— 却没有反第三个。** MFQ 自带宗教出席变量,换得动就不许写豁免:在它上面(n=5,251)**宗教解释 16.0%、政治解释 28.7%,而两者全放后的残余是 62.6%** —— **与 GSS 的 62.4% 差 0.2 个百分点。** ⇒ **两具仪器在「宗教重要还是政治重要」上完全相反",0,1,0,1
README_zh.md,15610,28.7%,"整。`[#762「宗教解释三分之一,政治解释一成,而还剩六成二」]`。 ⚠⚠ **而同一轮的第二具仪器把前两个份额反了过来 —— 却没有反第三个。** MFQ 自带宗教出席变量,换得动就不许写豁免:在它上面(n=5,251)**宗教解释 16.0%、政治解释 28.7%,而两者全放后的残余是 62.6%** —— **与 GSS 的 62.4% 差 0.2 个百分点。** ⇒ **两具仪器在「宗教重要还是政治重要」上完全相反(GSS 宗教是政治的",0,1,0,1
README_zh.md,15627,62.6%,",政治解释一成,而还剩六成二」]`。 ⚠⚠ **而同一轮的第二具仪器把前两个份额反了过来 —— 却没有反第三个。** MFQ 自带宗教出席变量,换得动就不许写豁免:在它上面(n=5,251)**宗教解释 16.0%、政治解释 28.7%,而两者全放后的残余是 62.6%** —— **与 GSS 的 62.4% 差 0.2 个百分点。** ⇒ **两具仪器在「宗教重要还是政治重要」上完全相反(GSS 宗教是政治的 3.5 倍,MFQ 政治是宗教的",0,1,0,1
README_zh.md,15648,62.4%," **而同一轮的第二具仪器把前两个份额反了过来 —— 却没有反第三个。** MFQ 自带宗教出席变量,换得动就不许写豁免:在它上面(n=5,251)**宗教解释 16.0%、政治解释 28.7%,而两者全放后的残余是 62.6%** —— **与 GSS 的 62.4% 差 0.2 个百分点。** ⇒ **两具仪器在「宗教重要还是政治重要」上完全相反(GSS 宗教是政治的 3.5 倍,MFQ 政治是宗教的 1.8 倍),却在「解释不掉的还剩多少」",0,1,0,1
README_zh.md,16071,16.8%,"而变,而它们合起来解释不掉的那六成二,不随人群变。** 这比任何一边的拆分都强 —— 两个不同构念、不同抽样的样本在残余上落到同一个数,而在谁占大头上完全相反。⚠ 顺带,MFQ 的 chastity×公平 偏前 −0.2040、偏掉政治后只剩 −0.0342(16.8%),与上一格在同一具仪器上量到的 13.7% 一致 —— **那个负号是政治排序,这一条在两个不同子样本上重现了。**`[#763「两具仪器在宗教还是政治上完全相反,却在剩多少上差",1,0,0,0
README_zh.md,16093,13.7%,"群变。** 这比任何一边的拆分都强 —— 两个不同构念、不同抽样的样本在残余上落到同一个数,而在谁占大头上完全相反。⚠ 顺带,MFQ 的 chastity×公平 偏前 −0.2040、偏掉政治后只剩 −0.0342(16.8%),与上一格在同一具仪器上量到的 13.7% 一致 —— **那个负号是政治排序,这一条在两个不同子样本上重现了。**`[#763「两具仪器在宗教还是政治上完全相反,却在剩多少上差 0.2 个百分点」]`。 ⚠⚠ **而这两",1,0,0,0
README_zh.md,16249,75%,"条在两个不同子样本上重现了。**`[#763「两具仪器在宗教还是政治上完全相反,却在剩多少上差 0.2 个百分点」]`。 ⚠⚠ **而这两轮我都判了「判不了」,连着第二次落进自己拍的中间带 —— 这一格值得单独修,因为它不是世界含糊。** 旧写法是「保留率 ≥75% / ≤50%」,而那条线是我挑的圆整数。新写法:**判词只比已测量的量,每个量各自带它自己的零。** 按 `#623` 回测到催生它的两处,从已持久化的结果文件里算 —— **两",1,0,0,0
README_zh.md,16256,50%,"样本上重现了。**`[#763「两具仪器在宗教还是政治上完全相反,却在剩多少上差 0.2 个百分点」]`。 ⚠⚠ **而这两轮我都判了「判不了」,连着第二次落进自己拍的中间带 —— 这一格值得单独修,因为它不是世界含糊。** 旧写法是「保留率 ≥75% / ≤50%」,而那条线是我挑的圆整数。新写法:**判词只比已测量的量,每个量各自带它自己的零。** 按 `#623` 回测到催生它的两处,从已持久化的结果文件里算 —— **两处都从「判不了",1,0,0,0
README_zh.md,16605,75%,"9 倍、是政治的 6.61 倍**。⇒ **管别人的性与「要孩子服从」之间那条线,最大的一份「解释」是我们没测到的东西 —— 它是政治的 6.6 倍、是宗教的 1.9 倍。** ⚠⚠ **必须说死的一条:这不是事后放宽阈值。** 两条旧判词作为「保留率过不过 75%」的答案照旧正确,**被退役的是那个问法** —— 一个需要我拍一条线才能回答的问题,它的答案里有一部分是我拍的那条线,而那部分不是关于世界的。所以它们标注为 RETIRED-AS",0,0,0,0
README_zh.md,17045,33.1%,"缺失过滤,而 GSS 的 `.dta` 本来就把 DK/NA 设成缺失了 —— 于是 **`attend` 码 0 = never(n=14,883,最大的一档)被整档删除**,那正是宗教分析的参照组。修好后 n 从 9,580 涨到 12,151,宗教解释 33.1%→33.5%、残余 62.4%→**61.0%** —— **缺陷是真的,后果小,主张站住。** ⚠ 暴露面已量并锁死:全仓 13 个脚本用这个过滤,只有那一处碰了含 0 的变量。",0,0,0,0
README_zh.md,17051,33.5%," GSS 的 `.dta` 本来就把 DK/NA 设成缺失了 —— 于是 **`attend` 码 0 = never(n=14,883,最大的一档)被整档删除**,那正是宗教分析的参照组。修好后 n 从 9,580 涨到 12,151,宗教解释 33.1%→33.5%、残余 62.4%→**61.0%** —— **缺陷是真的,后果小,主张站住。** ⚠ 暴露面已量并锁死:全仓 13 个脚本用这个过滤,只有那一处碰了含 0 的变量。**第二件咬",0,0,0,0
README_zh.md,17060,62.4%,"dta` 本来就把 DK/NA 设成缺失了 —— 于是 **`attend` 码 0 = never(n=14,883,最大的一档)被整档删除**,那正是宗教分析的参照组。修好后 n 从 9,580 涨到 12,151,宗教解释 33.1%→33.5%、残余 62.4%→**61.0%** —— **缺陷是真的,后果小,主张站住。** ⚠ 暴露面已量并锁死:全仓 13 个脚本用这个过滤,只有那一处碰了含 0 的变量。**第二件咬穿了:控制量自己的",0,0,0,0
README_zh.md,17066,**61.0%,"来就把 DK/NA 设成缺失了 —— 于是 **`attend` 码 0 = never(n=14,883,最大的一档)被整档删除**,那正是宗教分析的参照组。修好后 n 从 9,580 涨到 12,151,宗教解释 33.1%→33.5%、残余 62.4%→**61.0%** —— **缺陷是真的,后果小,主张站住。** ⚠ 暴露面已量并锁死:全仓 13 个脚本用这个过滤,只有那一处碰了含 0 的变量。**第二件咬穿了:控制量自己的信度。** 宗教",0,0,0,0
README_zh.md,17318,33.3%,"4804,是修过滤器之前样本上的数)、政治构念 Spearman-Brown = **0.5965** —— **偏掉一个不可靠的控制量必然校正不足,而校正不足留下的东西会被我记成「残余」。** 把相关矩阵中涉及控制构念的相关除以 √信度再算偏相关:**宗教 33.3%→47.1%、残余 63.3%→49.0%,残余/宗教 从 1.90× 落到 1.04×。** ⇒ **撤回上一行那句「残余是宗教的 1.89 倍」** —— 校正后两者一样大。⚠",1,0,0,0
README_zh.md,17324,47.1%,"修过滤器之前样本上的数)、政治构念 Spearman-Brown = **0.5965** —— **偏掉一个不可靠的控制量必然校正不足,而校正不足留下的东西会被我记成「残余」。** 把相关矩阵中涉及控制构念的相关除以 √信度再算偏相关:**宗教 33.3%→47.1%、残余 63.3%→49.0%,残余/宗教 从 1.90× 落到 1.04×。** ⇒ **撤回上一行那句「残余是宗教的 1.89 倍」** —— 校正后两者一样大。⚠ **而诚实",1,0,0,0
README_zh.md,17333,63.3%,"的数)、政治构念 Spearman-Brown = **0.5965** —— **偏掉一个不可靠的控制量必然校正不足,而校正不足留下的东西会被我记成「残余」。** 把相关矩阵中涉及控制构念的相关除以 √信度再算偏相关:**宗教 33.3%→47.1%、残余 63.3%→49.0%,残余/宗教 从 1.90× 落到 1.04×。** ⇒ **撤回上一行那句「残余是宗教的 1.89 倍」** —— 校正后两者一样大。⚠ **而诚实的形式是区间,不是",0,0,1,0
README_zh.md,17339,49.0%,"构念 Spearman-Brown = **0.5965** —— **偏掉一个不可靠的控制量必然校正不足,而校正不足留下的东西会被我记成「残余」。** 把相关矩阵中涉及控制构念的相关除以 √信度再算偏相关:**宗教 33.3%→47.1%、残余 63.3%→49.0%,残余/宗教 从 1.90× 落到 1.04×。** ⇒ **撤回上一行那句「残余是宗教的 1.89 倍」** —— 校正后两者一样大。⚠ **而诚实的形式是区间,不是另一个点**",0,0,1,0
README_zh.md,17481,33.3%,"从 1.90× 落到 1.04×。** ⇒ **撤回上一行那句「残余是宗教的 1.89 倍」** —— 校正后两者一样大。⚠ **而诚实的形式是区间,不是另一个点**:α 对异质量表低估信度 ⇒ 校正过头,**而过头的方向正是把残余压小**,所以 **宗教 [33.3%, 47.1%] · 残余 [49.0%, 63.3%] · 残余/宗教 [1.04×, 1.90×]** —— **区间含 1,所以「明显大于宗教」不被支持;而「残余仍是最大的单",0,0,1,0
README_zh.md,17488,47.1%," 落到 1.04×。** ⇒ **撤回上一行那句「残余是宗教的 1.89 倍」** —— 校正后两者一样大。⚠ **而诚实的形式是区间,不是另一个点**:α 对异质量表低估信度 ⇒ 校正过头,**而过头的方向正是把残余压小**,所以 **宗教 [33.3%, 47.1%] · 残余 [49.0%, 63.3%] · 残余/宗教 [1.04×, 1.90×]** —— **区间含 1,所以「明显大于宗教」不被支持;而「残余仍是最大的单项」在两端都成",0,0,1,0
README_zh.md,17501,49.0%,"⇒ **撤回上一行那句「残余是宗教的 1.89 倍」** —— 校正后两者一样大。⚠ **而诚实的形式是区间,不是另一个点**:α 对异质量表低估信度 ⇒ 校正过头,**而过头的方向正是把残余压小**,所以 **宗教 [33.3%, 47.1%] · 残余 [49.0%, 63.3%] · 残余/宗教 [1.04×, 1.90×]** —— **区间含 1,所以「明显大于宗教」不被支持;而「残余仍是最大的单项」在两端都成立,「残余是政治的 4.2",0,0,1,0
README_zh.md,17508,63.3%,"一行那句「残余是宗教的 1.89 倍」** —— 校正后两者一样大。⚠ **而诚实的形式是区间,不是另一个点**:α 对异质量表低估信度 ⇒ 校正过头,**而过头的方向正是把残余压小**,所以 **宗教 [33.3%, 47.1%] · 残余 [49.0%, 63.3%] · 残余/宗教 [1.04×, 1.90×]** —— **区间含 1,所以「明显大于宗教」不被支持;而「残余仍是最大的单项」在两端都成立,「残余是政治的 4.24–9.3 倍",0,0,1,0
README_zh.md,17672,6.8%," **区间含 1,所以「明显大于宗教」不被支持;而「残余仍是最大的单项」在两端都成立,「残余是政治的 4.24–9.3 倍」也在两端都成立。** ⚠ 一条我没为它设计的内部一致性检查在这里对上了:政治合成(`polviews`+`partyid`)原始只解释 6.8%,**比单用 `polviews` 的 11.5% 还少** —— 把好指标和差指标平均会加噪 —— 而**信度校正后回到 11.6%,与单指标几乎重合。**`[#765「我的过滤",0,0,1,0
README_zh.md,17696,11.5%,"而「残余仍是最大的单项」在两端都成立,「残余是政治的 4.24–9.3 倍」也在两端都成立。** ⚠ 一条我没为它设计的内部一致性检查在这里对上了:政治合成(`polviews`+`partyid`)原始只解释 6.8%,**比单用 `polviews` 的 11.5% 还少** —— 把好指标和差指标平均会加噪 —— 而**信度校正后回到 11.6%,与单指标几乎重合。**`[#765「我的过滤器删掉了参照组,而真正咬人的是控制量的信度」]`。",0,0,0,0
README_zh.md,17738,11.6%,"都成立。** ⚠ 一条我没为它设计的内部一致性检查在这里对上了:政治合成(`polviews`+`partyid`)原始只解释 6.8%,**比单用 `polviews` 的 11.5% 还少** —— 把好指标和差指标平均会加噪 —— 而**信度校正后回到 11.6%,与单指标几乎重合。**`[#765「我的过滤器删掉了参照组,而真正咬人的是控制量的信度」]`。 ⚠ **而那个区间的上界靠的是 Cronbach α,α 只在各题载荷相等时无偏 ",0,0,1,0
README_zh.md,17977,33.3%,"于是我的校正过头了。** 换成不假设等载荷的 McDonald ω(三题单因子恰好可识别,载荷有闭式,λ² = [0.476, 0.717, 0.276] 全在 (0,1) 内):**ω = 0.7352 > α = 0.7287**,区间收窄到 **宗教 [33.3%, 46.7%] · 残余 [49.4%, 63.3%] · 残余/宗教 [1.06×, 1.90×]** —— **仍含 1,所以上一行那个撤回不变。** ⚠ 政治只有两题,**",0,0,1,0
README_zh.md,17984,46.7%,"头了。** 换成不假设等载荷的 McDonald ω(三题单因子恰好可识别,载荷有闭式,λ² = [0.476, 0.717, 0.276] 全在 (0,1) 内):**ω = 0.7352 > α = 0.7287**,区间收窄到 **宗教 [33.3%, 46.7%] · 残余 [49.4%, 63.3%] · 残余/宗教 [1.06×, 1.90×]** —— **仍含 1,所以上一行那个撤回不变。** ⚠ 政治只有两题,**ω 结构上不可",0,0,1,0
README_zh.md,17997,49.4%,"荷的 McDonald ω(三题单因子恰好可识别,载荷有闭式,λ² = [0.476, 0.717, 0.276] 全在 (0,1) 内):**ω = 0.7352 > α = 0.7287**,区间收窄到 **宗教 [33.3%, 46.7%] · 残余 [49.4%, 63.3%] · 残余/宗教 [1.06×, 1.90×]** —— **仍含 1,所以上一行那个撤回不变。** ⚠ 政治只有两题,**ω 结构上不可识别**,只能用 Spea",0,0,1,0
README_zh.md,18004,63.3%,"nald ω(三题单因子恰好可识别,载荷有闭式,λ² = [0.476, 0.717, 0.276] 全在 (0,1) 内):**ω = 0.7352 > α = 0.7287**,区间收窄到 **宗教 [33.3%, 46.7%] · 残余 [49.4%, 63.3%] · 残余/宗教 [1.06×, 1.90×]** —— **仍含 1,所以上一行那个撤回不变。** ⚠ 政治只有两题,**ω 结构上不可识别**,只能用 Spearman-Br",0,0,1,0
README_zh.md,18753,1.9%,"的空缺,硬规则③ 禁止再从社会分类里找第四个候选 —— 换一类变量:这个人自己做过什么。** 若「管别人 = 管自己」成立,本体就要从「权威」转向「自我管理」,这条弧的主角要换人。结果分两层:**本人「去年」的性经历(伴侣数 · 频率 · 是否出过轨)只解释 1.9%** —— 不到政治下界的三分之一。⚠⚠ **但第一臂用错了仪器,这是我自己发现并当场补的**:对一个已婚五十岁的人,「去年伴侣数」恒等于 1,与他的历史无关,**而这个理论讲的是",0,0,0,0
README_zh.md,18860,**9.1%,"历(伴侣数 · 频率 · 是否出过轨)只解释 1.9%** —— 不到政治下界的三分之一。⚠⚠ **但第一臂用错了仪器,这是我自己发现并当场补的**:对一个已婚五十岁的人,「去年伴侣数」恒等于 1,与他的历史无关,**而这个理论讲的是一生**。换成一生伴侣数:**9.1%,是「去年」那组的 4.8 倍**,落在政治的区间之内;而它不是年龄(年龄单独只解释 1.4%)。⚠⚠ **而第二臂有一条我跑前没写、跑完必须自己说出来的混淆**:伴侣多的人几乎必",0,0,1,0
README_zh.md,18909,1.4%,"*但第一臂用错了仪器,这是我自己发现并当场补的**:对一个已婚五十岁的人,「去年伴侣数」恒等于 1,与他的历史无关,**而这个理论讲的是一生**。换成一生伴侣数:**9.1%,是「去年」那组的 4.8 倍**,落在政治的区间之内;而它不是年龄(年龄单独只解释 1.4%)。⚠⚠ **而第二臂有一条我跑前没写、跑完必须自己说出来的混淆**:伴侣多的人几乎必然有过婚前性行为,所以 `lifetime` 与 `premarsx` 之间有语义重叠 —— ",0,0,1,0
README_zh.md,19022,**5.8%,"内;而它不是年龄(年龄单独只解释 1.4%)。⚠⚠ **而第二臂有一条我跑前没写、跑完必须自己说出来的混淆**:伴侣多的人几乎必然有过婚前性行为,所以 `lifetime` 与 `premarsx` 之间有语义重叠 —— 看纠缠最小的那一题(同性恋态度)只有 **5.8%**。⇒ **本人一生性史解释 [5.8%, 12.4%];而宗教是 [33.3%, 46.7%]。** **「管别人是在管自己」有一点真,但远不是主因。** ⚠ 而本轮真正的方法",0,0,1,0
README_zh.md,19045,5.8%,"⚠⚠ **而第二臂有一条我跑前没写、跑完必须自己说出来的混淆**:伴侣多的人几乎必然有过婚前性行为,所以 `lifetime` 与 `premarsx` 之间有语义重叠 —— 看纠缠最小的那一题(同性恋态度)只有 **5.8%**。⇒ **本人一生性史解释 [5.8%, 12.4%];而宗教是 [33.3%, 46.7%]。** **「管别人是在管自己」有一点真,但远不是主因。** ⚠ 而本轮真正的方法论断言是「同一个名字下的两个时间窗是两个构",0,0,1,0
README_zh.md,19051,12.4%,"第二臂有一条我跑前没写、跑完必须自己说出来的混淆**:伴侣多的人几乎必然有过婚前性行为,所以 `lifetime` 与 `premarsx` 之间有语义重叠 —— 看纠缠最小的那一题(同性恋态度)只有 **5.8%**。⇒ **本人一生性史解释 [5.8%, 12.4%];而宗教是 [33.3%, 46.7%]。** **「管别人是在管自己」有一点真,但远不是主因。** ⚠ 而本轮真正的方法论断言是「同一个名字下的两个时间窗是两个构念」,那必须换",0,0,1,0
README_zh.md,19064,33.3%,"完必须自己说出来的混淆**:伴侣多的人几乎必然有过婚前性行为,所以 `lifetime` 与 `premarsx` 之间有语义重叠 —— 看纠缠最小的那一题(同性恋态度)只有 **5.8%**。⇒ **本人一生性史解释 [5.8%, 12.4%];而宗教是 [33.3%, 46.7%]。** **「管别人是在管自己」有一点真,但远不是主因。** ⚠ 而本轮真正的方法论断言是「同一个名字下的两个时间窗是两个构念」,那必须换仪器:NSFG 同时有两种",0,0,1,0
README_zh.md,19071,46.7%,"来的混淆**:伴侣多的人几乎必然有过婚前性行为,所以 `lifetime` 与 `premarsx` 之间有语义重叠 —— 看纠缠最小的那一题(同性恋态度)只有 **5.8%**。⇒ **本人一生性史解释 [5.8%, 12.4%];而宗教是 [33.3%, 46.7%]。** **「管别人是在管自己」有一点真,但远不是主因。** ⚠ 而本轮真正的方法论断言是「同一个名字下的两个时间窗是两个构念」,那必须换仪器:NSFG 同时有两种伴侣数,**3",0,0,1,0
README_zh.md,19301,5.8%,"一生」更强、一格反向 ⇒ 按预注册判「不是普遍规律」**,且 NSFG 把一生伴侣数顶编在 50、样本只有 15–44 岁女性,**两者都压缩这个对比**。`[#768「管别人的性,一点点是在管自己一生做过的事,几乎不是在管去年」]`。 ⚠⚠ **而那个下界 5.8% 是我事后挑的,不是测出来的** —— 我看完结果才认定同性恋态度与本人异性伴侣数纠缠最小。可测的替代:**纠缠度 = 该题与一生伴侣数的双变量 |ρ|**,把四题的份额对它回归,",1,1,0,0
README_zh.md,19468,12.2%,"与本人异性伴侣数纠缠最小。可测的替代:**纠缠度 = 该题与一生伴侣数的双变量 |ρ|**,把四题的份额对它回归,取零纠缠处的截距。**斜率 +0.2982 —— 份额确实随纠缠上升,所以我担心的那件事是对的**(`premarsx` 纠缠度 0.34、份额 12.2%;`homosex` 0.21、5.9%)。**截距 1.9%,95% 区间 [−2.2%, 6.2%]。** ⚠ **但判词照实开火:这个区间宽 8.4pp,比我手排的 6.6p",0,1,1,0
README_zh.md,19489,5.9%,"纠缠度 = 该题与一生伴侣数的双变量 |ρ|**,把四题的份额对它回归,取零纠缠处的截距。**斜率 +0.2982 —— 份额确实随纠缠上升,所以我担心的那件事是对的**(`premarsx` 纠缠度 0.34、份额 12.2%;`homosex` 0.21、5.9%)。**截距 1.9%,95% 区间 [−2.2%, 6.2%]。** ⚠ **但判词照实开火:这个区间宽 8.4pp,比我手排的 6.6pp 还宽 —— 那是把「我拍的」换成了「",0,1,1,0
README_zh.md,19500,1.9%,"伴侣数的双变量 |ρ|**,把四题的份额对它回归,取零纠缠处的截距。**斜率 +0.2982 —— 份额确实随纠缠上升,所以我担心的那件事是对的**(`premarsx` 纠缠度 0.34、份额 12.2%;`homosex` 0.21、5.9%)。**截距 1.9%,95% 区间 [−2.2%, 6.2%]。** ⚠ **但判词照实开火:这个区间宽 8.4pp,比我手排的 6.6pp 还宽 —— 那是把「我拍的」换成了「测不动的」,不是收窄。",0,1,1,0
README_zh.md,19505,95%,"变量 |ρ|**,把四题的份额对它回归,取零纠缠处的截距。**斜率 +0.2982 —— 份额确实随纠缠上升,所以我担心的那件事是对的**(`premarsx` 纠缠度 0.34、份额 12.2%;`homosex` 0.21、5.9%)。**截距 1.9%,95% 区间 [−2.2%, 6.2%]。** ⚠ **但判词照实开火:这个区间宽 8.4pp,比我手排的 6.6pp 还宽 —— 那是把「我拍的」换成了「测不动的」,不是收窄。** ⇒",0,1,1,0
README_zh.md,19513,−2.2%,",把四题的份额对它回归,取零纠缠处的截距。**斜率 +0.2982 —— 份额确实随纠缠上升,所以我担心的那件事是对的**(`premarsx` 纠缠度 0.34、份额 12.2%;`homosex` 0.21、5.9%)。**截距 1.9%,95% 区间 [−2.2%, 6.2%]。** ⚠ **但判词照实开火:这个区间宽 8.4pp,比我手排的 6.6pp 还宽 —— 那是把「我拍的」换成了「测不动的」,不是收窄。** ⇒ **能说的只有:剥",0,1,1,0
README_zh.md,19520,6.2%,"对它回归,取零纠缠处的截距。**斜率 +0.2982 —— 份额确实随纠缠上升,所以我担心的那件事是对的**(`premarsx` 纠缠度 0.34、份额 12.2%;`homosex` 0.21、5.9%)。**截距 1.9%,95% 区间 [−2.2%, 6.2%]。** ⚠ **但判词照实开火:这个区间宽 8.4pp,比我手排的 6.6pp 还宽 —— 那是把「我拍的」换成了「测不动的」,不是收窄。** ⇒ **能说的只有:剥掉语义重叠之",0,1,1,0
README_zh.md,19654,6%,"]。** ⚠ **但判词照实开火:这个区间宽 8.4pp,比我手排的 6.6pp 还宽 —— 那是把「我拍的」换成了「测不动的」,不是收窄。** ⇒ **能说的只有:剥掉语义重叠之后,本人一生性史的解释力落到与零无法区分;而这个设计分辨不了它到底是 0 还是 6%。**`[#769「纠缠度不该由我来排,而测出来之后是测不动的」]`。 ⚠⚠ **而这五轮都在报「解释份额」,我却一次也没问过:它可不可能是别的样子?** 单控制量下偏相关有闭式,",0,1,1,0
README_zh.md,20639,−37%,"的人那里,谴责已经由宗教供给了,服从这一条就不必再承担它。** ⚠⚠ **而幅度不可读,这一条跑之前就写下了**:高斯零减掉了「分层本身造成的差异」,却减不掉方差随层变化的真实幅度 —— `xmarsex` 的态度 sd 从 0.856 掉到 **0.542(−37%)**,**最虔诚的人彼此意见一致,可相关的方差本来就少**。⇒ **支持的是「交互存在」,不是「交互有多大」。** ⚠ 而 `premarsx` 的 **1.08% 就在零上、不",0,0,0,0
README_zh.md,20719,**1.08%,"差随层变化的真实幅度 —— `xmarsex` 的态度 sd 从 0.856 掉到 **0.542(−37%)**,**最虔诚的人彼此意见一致,可相关的方差本来就少**。⇒ **支持的是「交互存在」,不是「交互有多大」。** ⚠ 而 `premarsx` 的 **1.08% 就在零上、不算数**,它也是唯一非单调的一题(+0.1759→+0.1267→+0.1970),**方向与其余三题相反 —— 不许现在解释它。**`[#771「第一个不是推导的量",0,0,0,0
README_zh.md,20891,87.8%,"1267→+0.1970),**方向与其余三题相反 —— 不许现在解释它。**`[#771「第一个不是推导的量:交互;而它的方向被第二具仪器推翻了」]`。 ⚠⚠ **而下一轮把那个分歧彻底解释掉了,答案不在人那里,在量表上。** 先看删失:**最虔诚三分位里,87.8% 说婚外性「总是错」**(`teensex` 82.2% · `homosex` 80.5%),而预注册的删失阈值是 60% —— **那道四档题在他们身上已经到顶,该层的任何关系",0,1,0,1
README_zh.md,20919,82.2%," 不许现在解释它。**`[#771「第一个不是推导的量:交互;而它的方向被第二具仪器推翻了」]`。 ⚠⚠ **而下一轮把那个分歧彻底解释掉了,答案不在人那里,在量表上。** 先看删失:**最虔诚三分位里,87.8% 说婚外性「总是错」**(`teensex` 82.2% · `homosex` 80.5%),而预注册的删失阈值是 60% —— **那道四档题在他们身上已经到顶,该层的任何关系强度读数都不可读。** ⇒ **一句关于人的话:在最虔诚",0,1,0,1
README_zh.md,20937,80.5%,"第一个不是推导的量:交互;而它的方向被第二具仪器推翻了」]`。 ⚠⚠ **而下一轮把那个分歧彻底解释掉了,答案不在人那里,在量表上。** 先看删失:**最虔诚三分位里,87.8% 说婚外性「总是错」**(`teensex` 82.2% · `homosex` 80.5%),而预注册的删失阈值是 60% —— **那道四档题在他们身上已经到顶,该层的任何关系强度读数都不可读。** ⇒ **一句关于人的话:在最虔诚的三分之一美国人里,这道题问不出差别",1,1,0,0
README_zh.md,20955,60%,"被第二具仪器推翻了」]`。 ⚠⚠ **而下一轮把那个分歧彻底解释掉了,答案不在人那里,在量表上。** 先看删失:**最虔诚三分位里,87.8% 说婚外性「总是错」**(`teensex` 82.2% · `homosex` 80.5%),而预注册的删失阈值是 60% —— **那道四档题在他们身上已经到顶,该层的任何关系强度读数都不可读。** ⇒ **一句关于人的话:在最虔诚的三分之一美国人里,这道题问不出差别,因为他们彼此意见一致;所谓「越",1,1,0,0
README_zh.md,21299,46.4%,"上分歧,是一具仪器在那一层看不见东西。** ⚠ 不吃 sd(Y) 的统计量(原始值 OLS 斜率、边际匹配后的 ρ)照报,但**按预注册标为不可读** —— 因为斜率修方差,**修不了删失**,这一条写在跑之前。⚠ 唯一没到顶的是 `premarsx`(端点 46.4%、sd **反向上升**、斜率**不降**),**三个指标一致 —— 而本轮不解释它,留给下一轮。**`[#772「那道题在最虔诚的人身上已经到顶了,所以那个方向是撞墙不是关系」]",0,0,0,0
README_zh.md,21984,85.1%,"的是均值移动的后果。`[#776「虔诚者不是越来越一致,是越来越分散;只有婚外性纹丝不动」]`。 ⚠⚠ **而「只有婚外性纹丝不动」这句话,下一轮问它是「真稳定」还是「早就到顶」时,前提直接被数据推翻:**虔诚层里 `xmarsex` 的端点占比**全期最低 85.1%**(1988 年就 87.2%),六个阈值窗口**全部返回 0 年** ——**「到顶之前」在 GSS 里不存在。** ⇒ 能说的只有「在能看见的 36 年里一直一致」,**而我",1,1,0,0
README_zh.md,22000,87.2%,"「虔诚者不是越来越一致,是越来越分散;只有婚外性纹丝不动」]`。 ⚠⚠ **而「只有婚外性纹丝不动」这句话,下一轮问它是「真稳定」还是「早就到顶」时,前提直接被数据推翻:**虔诚层里 `xmarsex` 的端点占比**全期最低 85.1%**(1988 年就 87.2%),六个阈值窗口**全部返回 0 年** ——**「到顶之前」在 GSS 里不存在。** ⇒ 能说的只有「在能看见的 36 年里一直一致」,**而我上一行写的「真的一致」是越了界的",1,1,0,0
README_zh.md,22223,85.9%,"界的**。⚠ 正控是过的(在 28 年序列上种一个 3× 零的斜率原样取回、g=0 时取回 0),**所以窗口空不是功效问题,是数据本身没有那段历史。** ⚠ 而数据顺手回答了一个我没问的问题,它自带零:**虔诚层里说「总是错」的占比,`homosex` 从 85.9% 掉到 67.4%(2.38× 自己的零)、`premarsx` 53.6%→40.9%(2.12×),而 `xmarsex` 87.2%→89.6%(0.76×,不超零)。** ",1,1,0,0
README_zh.md,22232,67.4%,"是过的(在 28 年序列上种一个 3× 零的斜率原样取回、g=0 时取回 0),**所以窗口空不是功效问题,是数据本身没有那段历史。** ⚠ 而数据顺手回答了一个我没问的问题,它自带零:**虔诚层里说「总是错」的占比,`homosex` 从 85.9% 掉到 67.4%(2.38× 自己的零)、`premarsx` 53.6%→40.9%(2.12×),而 `xmarsex` 87.2%→89.6%(0.76×,不超零)。** ⇒ **一句关于人",1,1,0,0
README_zh.md,22261,53.6%,"g=0 时取回 0),**所以窗口空不是功效问题,是数据本身没有那段历史。** ⚠ 而数据顺手回答了一个我没问的问题,它自带零:**虔诚层里说「总是错」的占比,`homosex` 从 85.9% 掉到 67.4%(2.38× 自己的零)、`premarsx` 53.6%→40.9%(2.12×),而 `xmarsex` 87.2%→89.6%(0.76×,不超零)。** ⇒ **一句关于人的话:美国最虔诚的三分之一人,在同性恋上真的改了主意 ——",1,1,0,0
README_zh.md,22267,40.9%,"回 0),**所以窗口空不是功效问题,是数据本身没有那段历史。** ⚠ 而数据顺手回答了一个我没问的问题,它自带零:**虔诚层里说「总是错」的占比,`homosex` 从 85.9% 掉到 67.4%(2.38× 自己的零)、`premarsx` 53.6%→40.9%(2.12×),而 `xmarsex` 87.2%→89.6%(0.76×,不超零)。** ⇒ **一句关于人的话:美国最虔诚的三分之一人,在同性恋上真的改了主意 —— 十八个百分",1,1,0,0
README_zh.md,22292,87.2%,"有那段历史。** ⚠ 而数据顺手回答了一个我没问的问题,它自带零:**虔诚层里说「总是错」的占比,`homosex` 从 85.9% 掉到 67.4%(2.38× 自己的零)、`premarsx` 53.6%→40.9%(2.12×),而 `xmarsex` 87.2%→89.6%(0.76×,不超零)。** ⇒ **一句关于人的话:美国最虔诚的三分之一人,在同性恋上真的改了主意 —— 十八个百分点;而在婚外性上他们没有动过。** ⚠ 端点占比是",1,1,0,0
README_zh.md,22298,89.6%,"** ⚠ 而数据顺手回答了一个我没问的问题,它自带零:**虔诚层里说「总是错」的占比,`homosex` 从 85.9% 掉到 67.4%(2.38× 自己的零)、`premarsx` 53.6%→40.9%(2.12×),而 `xmarsex` 87.2%→89.6%(0.76×,不超零)。** ⇒ **一句关于人的话:美国最虔诚的三分之一人,在同性恋上真的改了主意 —— 十八个百分点;而在婚外性上他们没有动过。** ⚠ 端点占比是**均值一侧",1,1,0,0
README_zh.md,22611,61.1%,"过」]`。 ⚠⚠ **而这句话缺了一半,下一轮把它补上了:掉 18.5 点 —— 相对谁?** `#747` 早已量到「常去教堂的人水平变动只有别人的一半」,**而我从没把这两条并排读过。** 同一批 28 年、两种分层、两个统计量:**同期最不虔诚三分位从 61.1% 掉到 21.8%**,而最虔诚三分位 85.9%→67.4%;**虔诚/非虔诚 比:水平 0.409–0.431 · 端点(相对基线)0.328–0.341,两者相差仅 1.26",0,0,0,0
README_zh.md,22620,21.8%,"**而这句话缺了一半,下一轮把它补上了:掉 18.5 点 —— 相对谁?** `#747` 早已量到「常去教堂的人水平变动只有别人的一半」,**而我从没把这两条并排读过。** 同一批 28 年、两种分层、两个统计量:**同期最不虔诚三分位从 61.1% 掉到 21.8%**,而最虔诚三分位 85.9%→67.4%;**虔诚/非虔诚 比:水平 0.409–0.431 · 端点(相对基线)0.328–0.341,两者相差仅 1.26 倍。** ⇒ *",0,0,0,0
README_zh.md,22636,85.9%,"补上了:掉 18.5 点 —— 相对谁?** `#747` 早已量到「常去教堂的人水平变动只有别人的一半」,**而我从没把这两条并排读过。** 同一批 28 年、两种分层、两个统计量:**同期最不虔诚三分位从 61.1% 掉到 21.8%**,而最虔诚三分位 85.9%→67.4%;**虔诚/非虔诚 比:水平 0.409–0.431 · 端点(相对基线)0.328–0.341,两者相差仅 1.26 倍。** ⇒ **带着比较的那句话是:美国最虔诚",0,0,0,0
README_zh.md,22642,67.4%,"18.5 点 —— 相对谁?** `#747` 早已量到「常去教堂的人水平变动只有别人的一半」,**而我从没把这两条并排读过。** 同一批 28 年、两种分层、两个统计量:**同期最不虔诚三分位从 61.1% 掉到 21.8%**,而最虔诚三分位 85.9%→67.4%;**虔诚/非虔诚 比:水平 0.409–0.431 · 端点(相对基线)0.328–0.341,两者相差仅 1.26 倍。** ⇒ **带着比较的那句话是:美国最虔诚的三分之一人",0,0,0,0
README_zh.md,24188,**5%,"780「切法在决定答案,而护栏是对着我开的火」]`。 ⚠⚠ **而把整族自由度一起扫之后,预注册的撤回条件开火了。** 2 切法 × 2 个 n 门槛 × 2 世代切段 × 2 统计量 = 50 格,**可读 37、不可读 13(全部列出)**;比值的分位是 **5% 0.185 · 中位 0.375 · 95% 0.692 · 最大 1.128**。**而 ≥1.0 的只有一格:Seg-B · 三分位 · n≥60 · 世代 1975–199",1,0,0,0
README_zh.md,24212,95%,"`。 ⚠⚠ **而把整族自由度一起扫之后,预注册的撤回条件开火了。** 2 切法 × 2 个 n 门槛 × 2 世代切段 × 2 统计量 = 50 格,**可读 37、不可读 13(全部列出)**;比值的分位是 **5% 0.185 · 中位 0.375 · 95% 0.692 · 最大 1.128**。**而 ≥1.0 的只有一格:Seg-B · 三分位 · n≥60 · 世代 1975–1994 · 水平统计量 = 1.128**(同世代",1,0,0,0
README_zh.md,25105,23%,":第一版把判据写成「区间是否包含整段 [0.44, 1.13]」,因 0.561 > 0.44 返回「真反号」,**而预注册问的是能不能分辨它们** —— 「判词分支测错问题」那一族的又一次,**这次它改变了结论。** ⚠ 回溯到全部 44 格:**10 格(23%)的区间含 1.0**,而按世代分得极干净 —— **1935–54 / 1950–64 / 1955–74 / 1965–79 是 0/30;1975–94 是 4/4;1980",0,0,1,0
README_zh.md,26098,2×,"的普遍主张,**而它只在 GSS 一具仪器上量过**(`readme_gate` 的 `single_instrument` 当场阻断了提交)。换到 **MSSCQ**(性自我概念,**完整作答 n = 12,789**,重抽的是**人**而不是年份点)之后:2×2 规格网格的跨度 **0.0519**,四格自助宽度 0.0110–0.0171,**中位 0.0129 ÷ 0.0519 = 0.25× —— 与 GSS 的 6.3× 反号。",0,0,1,0
README_zh.md,26561,2×,"重写了**项目里已经有的函数**(`lib/blocks.py::median_of_group_medians`,它的 docstring 就写着「`#721` 实测:0.5645 对 0.5856」);② **而调用它也不给 0.5645** —— 枚举 2×2 才对上:**`0.5645` = 归一 ρ + 逐面中位,`0.5856` = 生 |ρ| + 200 对合并。⇒ 页面上并排写的这两个数,同时差了两个自由度,它根本不是一个规",0,0,0,0
README_zh.md,30213,30%," 正控在这里做了它该做的事:它一开口就说「本轮的仪器与上一轮不是同一具」,**而如果没有它,我会拿着 4 道题的结果去回答一个需要 18 道题的问题。**` ⚠ **而 `#806` 之后要带着一句:这套「共同位移」对照对顶对**够不着**,两条定标臂都超过 30% 可达幅度(`sexeduc` 42%/31% · `racmar` 72%/71%)⇒ 零个可用格,**结构性不可能,不是欠账**。** [#788「挡住这个问题的不是数据,是我",0,0,0,0
README_zh.md,30232,42%,"说「本轮的仪器与上一轮不是同一具」,**而如果没有它,我会拿着 4 道题的结果去回答一个需要 18 道题的问题。**` ⚠ **而 `#806` 之后要带着一句:这套「共同位移」对照对顶对**够不着**,两条定标臂都超过 30% 可达幅度(`sexeduc` 42%/31% · `racmar` 72%/71%)⇒ 零个可用格,**结构性不可能,不是欠账**。** [#788「挡住这个问题的不是数据,是我那具自动定向仪器的边界」]`。 ⚠⚠ ",0,0,0,0
README_zh.md,30236,31%,"的仪器与上一轮不是同一具」,**而如果没有它,我会拿着 4 道题的结果去回答一个需要 18 道题的问题。**` ⚠ **而 `#806` 之后要带着一句:这套「共同位移」对照对顶对**够不着**,两条定标臂都超过 30% 可达幅度(`sexeduc` 42%/31% · `racmar` 72%/71%)⇒ 零个可用格,**结构性不可能,不是欠账**。** [#788「挡住这个问题的不是数据,是我那具自动定向仪器的边界」]`。 ⚠⚠ **而下",0,0,0,0
README_zh.md,30251,72%,"*而如果没有它,我会拿着 4 道题的结果去回答一个需要 18 道题的问题。**` ⚠ **而 `#806` 之后要带着一句:这套「共同位移」对照对顶对**够不着**,两条定标臂都超过 30% 可达幅度(`sexeduc` 42%/31% · `racmar` 72%/71%)⇒ 零个可用格,**结构性不可能,不是欠账**。** [#788「挡住这个问题的不是数据,是我那具自动定向仪器的边界」]`。 ⚠⚠ **而下一轮先把上一行那条边界杀了,再",0,0,0,0
README_zh.md,30255,71%,"没有它,我会拿着 4 道题的结果去回答一个需要 18 道题的问题。**` ⚠ **而 `#806` 之后要带着一句:这套「共同位移」对照对顶对**够不着**,两条定标臂都超过 30% 可达幅度(`sexeduc` 42%/31% · `racmar` 72%/71%)⇒ 零个可用格,**结构性不可能,不是欠账**。** [#788「挡住这个问题的不是数据,是我那具自动定向仪器的边界」]`。 ⚠⚠ **而下一轮先把上一行那条边界杀了,再撞上一件",0,0,0,0
README_zh.md,30687,95%,"它,而这堵墙是我自己在一天前砌的。** 边界一拆,题目从 4 道变成 24 道候选、8 道可读。⇒ **两组的中位几乎相等(性 0.409 · 非性 0.410),而我差一点就照预注册把「虔诚是一个总闸」发出去了。** 补的那条控制推翻了它:**那个差自己的 95% 区间是 [−2.067, +1.432],宽 3.499,而要分辨需要 ≤0.330** —— 阈值 0.165 是**题内**的抖动,这里比的却是**题间**的中位数。⇒ **",0,1,1,0
README_zh.md,32056,95%,"次序之前写下来」,**而我已经看过那个次序** —— 所以任何候选量都是对着答案编的,而把做不到的判准标成「计划中」是禁止的。⇒ 只做两件不需要候选量的事。**第一件是 MDE,它只依赖设计:n=8 上,一个候选量要被检出需要 |ρ| ≥ 0.90(置换零的 95% 分位是 0.714)—— 社会科学里跨题的解释变量几乎没有到这个量级的。而上一行已经证明这具仪器给不出更多题。两半合起来是一堵完整的墙。** **第二件是次序本身:联合年份自助(",0,0,1,0
README_zh.md,32770,30%,"的那一半**是:`0/8` 组内不可分辨 —— 那是「顶对与其余全部分得开」的证据,**不是三层划分的证据**;`#797` 拆开后中/底只解了 4/8。` ⚠ **而 `#806` 之后要带着一句:这套「共同位移」对照对顶对**够不着**,两条定标臂都超过 30% 可达幅度(`sexeduc` 42%/31% · `racmar` 72%/71%)⇒ 零个可用格,**结构性不可能,不是欠账**。** [#791「不是一条轴,是三堆;而解释它",0,0,0,0
README_zh.md,32789,42%,"辨 —— 那是「顶对与其余全部分得开」的证据,**不是三层划分的证据**;`#797` 拆开后中/底只解了 4/8。` ⚠ **而 `#806` 之后要带着一句:这套「共同位移」对照对顶对**够不着**,两条定标臂都超过 30% 可达幅度(`sexeduc` 42%/31% · `racmar` 72%/71%)⇒ 零个可用格,**结构性不可能,不是欠账**。** [#791「不是一条轴,是三堆;而解释它这条路在算术上就是关着的」]`。 ⚠⚠",0,0,0,0
README_zh.md,32793,31%," 那是「顶对与其余全部分得开」的证据,**不是三层划分的证据**;`#797` 拆开后中/底只解了 4/8。` ⚠ **而 `#806` 之后要带着一句:这套「共同位移」对照对顶对**够不着**,两条定标臂都超过 30% 可达幅度(`sexeduc` 42%/31% · `racmar` 72%/71%)⇒ 零个可用格,**结构性不可能,不是欠账**。** [#791「不是一条轴,是三堆;而解释它这条路在算术上就是关着的」]`。 ⚠⚠ **而",0,0,0,0
README_zh.md,32808,72%,"的证据,**不是三层划分的证据**;`#797` 拆开后中/底只解了 4/8。` ⚠ **而 `#806` 之后要带着一句:这套「共同位移」对照对顶对**够不着**,两条定标臂都超过 30% 可达幅度(`sexeduc` 42%/31% · `racmar` 72%/71%)⇒ 零个可用格,**结构性不可能,不是欠账**。** [#791「不是一条轴,是三堆;而解释它这条路在算术上就是关着的」]`。 ⚠⚠ **而在按新的切法重组页面之前,下一",0,0,0,0
README_zh.md,32812,71%,"**不是三层划分的证据**;`#797` 拆开后中/底只解了 4/8。` ⚠ **而 `#806` 之后要带着一句:这套「共同位移」对照对顶对**够不着**,两条定标臂都超过 30% 可达幅度(`sexeduc` 42%/31% · `racmar` 72%/71%)⇒ 零个可用格,**结构性不可能,不是欠账**。** [#791「不是一条轴,是三堆;而解释它这条路在算术上就是关着的」]`。 ⚠⚠ **而在按新的切法重组页面之前,下一轮先去数",0,0,0,0
README_zh.md,37940,30%,"噪声,小分母只是放大器** —— 所以「不稳定由分母驱动」要读成「区间变宽」,**不是「点估计被推高」;两者是不同的机制,而我此前把它们当成了一件事。**` ⚠ **而 `#806` 之后要带着一句:这套「共同位移」对照对顶对**够不着**,两条定标臂都超过 30% 可达幅度(`sexeduc` 42%/31% · `racmar` 72%/71%)⇒ 零个可用格,**结构性不可能,不是欠账**。** [#799「顶对经住了造世界那一级:小分",0,0,1,0
README_zh.md,37959,42%,"「不稳定由分母驱动」要读成「区间变宽」,**不是「点估计被推高」;两者是不同的机制,而我此前把它们当成了一件事。**` ⚠ **而 `#806` 之后要带着一句:这套「共同位移」对照对顶对**够不着**,两条定标臂都超过 30% 可达幅度(`sexeduc` 42%/31% · `racmar` 72%/71%)⇒ 零个可用格,**结构性不可能,不是欠账**。** [#799「顶对经住了造世界那一级:小分母 + 噪声造不出 2.19 与 1.",0,0,1,0
README_zh.md,37963,31%,"由分母驱动」要读成「区间变宽」,**不是「点估计被推高」;两者是不同的机制,而我此前把它们当成了一件事。**` ⚠ **而 `#806` 之后要带着一句:这套「共同位移」对照对顶对**够不着**,两条定标臂都超过 30% 可达幅度(`sexeduc` 42%/31% · `racmar` 72%/71%)⇒ 零个可用格,**结构性不可能,不是欠账**。** [#799「顶对经住了造世界那一级:小分母 + 噪声造不出 2.19 与 1.84」]",0,0,1,0
README_zh.md,37978,72%,",**不是「点估计被推高」;两者是不同的机制,而我此前把它们当成了一件事。**` ⚠ **而 `#806` 之后要带着一句:这套「共同位移」对照对顶对**够不着**,两条定标臂都超过 30% 可达幅度(`sexeduc` 42%/31% · `racmar` 72%/71%)⇒ 零个可用格,**结构性不可能,不是欠账**。** [#799「顶对经住了造世界那一级:小分母 + 噪声造不出 2.19 与 1.84」]`。 ⚠⚠ **而上一行留下的",0,0,0,0
README_zh.md,37982,71%,"是「点估计被推高」;两者是不同的机制,而我此前把它们当成了一件事。**` ⚠ **而 `#806` 之后要带着一句:这套「共同位移」对照对顶对**够不着**,两条定标臂都超过 30% 可达幅度(`sexeduc` 42%/31% · `racmar` 72%/71%)⇒ 零个可用格,**结构性不可能,不是欠账**。** [#799「顶对经住了造世界那一级:小分母 + 噪声造不出 2.19 与 1.84」]`。 ⚠⚠ **而上一行留下的那句「不",0,0,0,0
README_zh.md,39494,**60.9%,"计量 × 两种切法,六格里方向不一致:三分位下原始升、斜率升、**边际匹配降**;五分位下原始**降**、斜率升、匹配降。而原始 ρ 的 spread 只有它自己高斯零的 **0.8×**(五分位 0.75×),**与零分不开**;删失守门也没过(最高层端点 **60.9%**)。⇒ **判词 UNVERIFIED,两条闸都是跑之前写的,我不改阈值也不选边。** 唯一在两种切法上都单调的是**边际匹配 ρ,而它是下降的** ⇒ **上一行挂起的那个「",0,0,0,0
README_zh.md,39834,60.9%,"次 UNVERIFIED ⇒ 换方向,不许追第三次;交互这条线就此挂起。** ⇒ **本轮唯一能说的一句关于人的话是关于仪器能力的:在美国最虔诚的那一层,GSS 四道性态度题里已经没有一道能读出关系强度 ——连婚前性这道唯一没饱和的题,切成五分位后最高层也有 60.9% 挤在端点。**` ⚠ **而 `#806` 之后要带着一句:这套「共同位移」对照对顶对**够不着**,两条定标臂都超过 30% 可达幅度(`sexeduc` 42%/31% · ",0,0,0,0
README_zh.md,39900,30%,"在美国最虔诚的那一层,GSS 四道性态度题里已经没有一道能读出关系强度 ——连婚前性这道唯一没饱和的题,切成五分位后最高层也有 60.9% 挤在端点。**` ⚠ **而 `#806` 之后要带着一句:这套「共同位移」对照对顶对**够不着**,两条定标臂都超过 30% 可达幅度(`sexeduc` 42%/31% · `racmar` 72%/71%)⇒ 零个可用格,**结构性不可能,不是欠账**。** [#773「连唯一没饱和的那一题也判不了",0,0,0,0
README_zh.md,39919,42%,"度题里已经没有一道能读出关系强度 ——连婚前性这道唯一没饱和的题,切成五分位后最高层也有 60.9% 挤在端点。**` ⚠ **而 `#806` 之后要带着一句:这套「共同位移」对照对顶对**够不着**,两条定标臂都超过 30% 可达幅度(`sexeduc` 42%/31% · `racmar` 72%/71%)⇒ 零个可用格,**结构性不可能,不是欠账**。** [#773「连唯一没饱和的那一题也判不了,而这是第二次 ⇒ 换方向」]`。 ⚠",0,0,0,0
README_zh.md,39923,31%,"经没有一道能读出关系强度 ——连婚前性这道唯一没饱和的题,切成五分位后最高层也有 60.9% 挤在端点。**` ⚠ **而 `#806` 之后要带着一句:这套「共同位移」对照对顶对**够不着**,两条定标臂都超过 30% 可达幅度(`sexeduc` 42%/31% · `racmar` 72%/71%)⇒ 零个可用格,**结构性不可能,不是欠账**。** [#773「连唯一没饱和的那一题也判不了,而这是第二次 ⇒ 换方向」]`。 ⚠ 而那条",0,0,0,0
README_zh.md,39938,72%,"连婚前性这道唯一没饱和的题,切成五分位后最高层也有 60.9% 挤在端点。**` ⚠ **而 `#806` 之后要带着一句:这套「共同位移」对照对顶对**够不着**,两条定标臂都超过 30% 可达幅度(`sexeduc` 42%/31% · `racmar` 72%/71%)⇒ 零个可用格,**结构性不可能,不是欠账**。** [#773「连唯一没饱和的那一题也判不了,而这是第二次 ⇒ 换方向」]`。 ⚠ 而那条能力边界换 NSFG 验时,返",0,0,0,0
README_zh.md,39942,71%,"这道唯一没饱和的题,切成五分位后最高层也有 60.9% 挤在端点。**` ⚠ **而 `#806` 之后要带着一句:这套「共同位移」对照对顶对**够不着**,两条定标臂都超过 30% 可达幅度(`sexeduc` 42%/31% · `racmar` 72%/71%)⇒ 零个可用格,**结构性不可能,不是欠账**。** [#773「连唯一没饱和的那一题也判不了,而这是第二次 ⇒ 换方向」]`。 ⚠ 而那条能力边界换 NSFG 验时,返回的是*",0,0,0,0
README_zh.md,40081,87.8%,"用格,**结构性不可能,不是欠账**。** [#773「连唯一没饱和的那一题也判不了,而这是第二次 ⇒ 换方向」]`。 ⚠ 而那条能力边界换 NSFG 验时,返回的是**仪器不匹配**而非「没重现」:GSS 的题是「总是错…完全不错」,**严端是虔诚者的众数(87.8%)**;NSFG 的 `sxok18` 是 **agree/disagree** 量表,**严端对所有人都罕见(全样本 0.8%,出席最多层 1.2%)** —— **端点占比在两",1,1,0,0
README_zh.md,40146,0.8%,"能力边界换 NSFG 验时,返回的是**仪器不匹配**而非「没重现」:GSS 的题是「总是错…完全不错」,**严端是虔诚者的众数(87.8%)**;NSFG 的 `sxok18` 是 **agree/disagree** 量表,**严端对所有人都罕见(全样本 0.8%,出席最多层 1.2%)** —— **端点占比在两种题上不是同一个统计量。** ⇒ **那条边界维持为 GSS 特有,不升格成「这类题都这样」。** ⚠ 而这一臂先抓出我自己三个",1,1,0,0
README_zh.md,40157,1.2%,"验时,返回的是**仪器不匹配**而非「没重现」:GSS 的题是「总是错…完全不错」,**严端是虔诚者的众数(87.8%)**;NSFG 的 `sxok18` 是 **agree/disagree** 量表,**严端对所有人都罕见(全样本 0.8%,出席最多层 1.2%)** —— **端点占比在两种题上不是同一个统计量。** ⇒ **那条边界维持为 GSS 特有,不升格成「这类题都这样」。** ⚠ 而这一臂先抓出我自己三个真错(丢掉 `attn",1,1,0,0
README_zh.md,40482,37%,"`chastity` · 权威,换得动就不许写豁免:**MFQ 上高虔诚层的 ρ(chastity, 权威) 反而更高(+0.3865 → +0.5211)**,与 GSS 完全相反。⚠⚠ **而分歧的假设就摆在每层 sd 那一列**:**GSS 的下降伴着 37% 的方差塌缩(0.856→0.542),MFQ 的上升伴着平坦的方差(0.783→0.838)** —— **最虔诚的人对婚外性彼此意见一致,可相关的方差本来就少,相关被机械压低。",1,0,0,0
README_zh.md,41844,89.8%,"词说不会(八格中位 `explained` = +0.385 < 0.50 ⇒ 真分歧),四条控制全过。**⚠⚠ 而判词执行完之后再读那八格,发现其中四格带着我一轮前刚写进账本的毛病 —— 我又建了一遍**:`fit` 定标在非虔诚臂上要求走完**可达幅度的 89.8%**,而 `#801` 刚立下「不许要求接近可达上限的变化」并把标准定在 30%;**把中位拖到 0.50 以下的恰恰就是那两格。** 四个内部自洽的格是 +0.403 · +0.",0,0,0,0
README_zh.md,41886,30%,"歧),四条控制全过。**⚠⚠ 而判词执行完之后再读那八格,发现其中四格带着我一轮前刚写进账本的毛病 —— 我又建了一遍**:`fit` 定标在非虔诚臂上要求走完**可达幅度的 89.8%**,而 `#801` 刚立下「不许要求接近可达上限的变化」并把标准定在 30%;**把中位拖到 0.50 以下的恰恰就是那两格。** 四个内部自洽的格是 +0.403 · +0.429 · +0.527 · +0.557,**中位 +0.478,骑在阈值上。",0,0,0,0
README_zh.md,42878,95%,"个社会)  | 一句话 | 数 | 控制 | |---|---|---| | **管孩子的轴够得到性,而够到它的是强制那一端** —— ⚠ **仅在它自己那 75 个社会上** | ρ(施加轴, 婚前性谴责) **+0.3631**(n=75);halo 零 95% **0.2381** | 放任 **−0.4299** · 体罚 **+0.3826** · 讲道理 +0.2569 · **疼爱 −0.0208 几乎为零**;⚠ **缩到同时",0,0,0,0
README_zh.md,43171,95%,"05;⚠ 婚外性与婚前限制的码不可序(Entry 700 · 701) 〔SCCS〕 ⟨—⟩| | **怎么管孩子是一条「施加↔温暖」的轴,而这形状不是 halo** | 六对预测符号 **6/6 命中**;统计量 **+0.3243** vs halo 零 95% 分位 **+0.1231** | 打与讲道理一头、放任与疼爱一头;⚠ 轴不均匀(讲道理×疼爱只有 −0.0603);⚠ 以身作则**预先排除,本轮未测**;⚠ 五块同源,halo",0,0,0,0
README_zh.md,43367,95%,"作则**预先排除,本轮未测**;⚠ 五块同源,halo 与真结构不可分(Entry 699) 〔SCCS〕 ⟨2.63⟩| | **halo 解释得了「谁挨打」,解释不了「用哪一种手段」** | 跨手段 **\|ρ\| 中位 +0.3241**;halo 零 95% 分位 **0.1684**(中位 0.1300) | 同一个 halo 零在「对象」维度上把 +0.8679 完全吃掉(零中位 0.8558);⚠ 带号中位 **−0.0720*",0,0,0,0
README_zh.md,43614,95%,"块同源,halo 与真结构不可分(Entry 697 · 698) 〔SCCS〕 ⟨1.92⟩| | ⛔ ~~换谁挨打,几乎不改变一个社会下手的力度~~ **已降级为 halo** | 观测 **+0.8679**;**halo 零的中位就是 +0.8558、95% 分位 0.8670** | 把每个社会自己的四个分数在四个对象之间打乱(保住该社会整体水平),那个数原样回来 ⇒ **它说的是「这个社会整体被打了相近的分」,没说出任何关于对象的",0,0,0,0
README_zh.md,44700,95%,".1242** | 这一页第一条三具仪器的声明;三具题目内容各不相同(Entry 686 · 689 · 690) 〔GSS〕 ⟨5.84⟩| | **人内压缩在第二具仪器上复制** | MFQ `ρ(educ, totvar)` **−0.0542**(零 95% 0.0328) | 与 GSS 的 −0.1574 同向且超零;⚠ MFQ 无 cohort、题目内容不同 ⇒ 是「同一问题在第二具仪器上」,不是同一测量的复制(Entry 68",0,0,0,0
README_zh.md,45117,93%,"⚠ ρ(educ,立场)=+0.3555 是**先行研究**,非本项目发现(Entry 686 · 687) 〔GSS〕 ⟨18.46⟩| | **是教育,不是世代** | cohort 五格内 educ Δ 同号 5/5,中位 **+0.0718 = 整体 93%** | 沿 cohort 自身只有 +0.0382;安慰剂 +0.0208;⚠ 教育非随机 ⇒ 不是因果(Entry 683 · 709;零由 `#709` 补上,格内打乱零 9",0,0,0,0
README_zh.md,45209,95%,"t 五格内 educ Δ 同号 5/5,中位 **+0.0718 = 整体 93%** | 沿 cohort 自身只有 +0.0382;安慰剂 +0.0208;⚠ 教育非随机 ⇒ 不是因果(Entry 683 · 709;零由 `#709` 补上,格内打乱零 95% 分位 0.0207) 〔GSS〕 ⟨3.47⟩| | **教育让人对公民自由几乎一致,对性和安乐死更分裂** | 容忍题熵 **−0.64…−0.10**;性四题 **+0.22",0,0,0,0
README_zh.md,45526,−14%,"~ **方向反了,见下行** | ~~7/7 全负~~ | **Entry 679 的负号是编码极性,Entry 680 已对齐重立** ° 〔GSS〕 ⟨—⟩| | ⛔ ~~教育让所有道德判断彼此绑紧,性不例外~~ **已降级** | 固定立场后 **保留 −14%(变号)**,五格散开 | 安慰剂换 cohort 保留 96% ⇒ 不是分层方法的问题;**绑紧的是立场,不是结构**(Entry 688) ° 〔GSS〕 ⟨—⟩| | ⛔ ~",0,0,0,0
README_zh.md,45559,96%,"ntry 679 的负号是编码极性,Entry 680 已对齐重立** ° 〔GSS〕 ⟨—⟩| | ⛔ ~~教育让所有道德判断彼此绑紧,性不例外~~ **已降级** | 固定立场后 **保留 −14%(变号)**,五格散开 | 安慰剂换 cohort 保留 96% ⇒ 不是分层方法的问题;**绑紧的是立场,不是结构**(Entry 688) ° 〔GSS〕 ⟨—⟩| | ⛔ ~~而例外是性别角色~~ **一并降级** | 建立在同一个一般因",0,0,0,0
README_zh.md,46004,95%,"在动** | 含它三对中位 **+0.2033** · 不含 **+0.0423**(超零 p=0.0167)· 安慰剂 **+0.0040** | ⛔ **原文的「近五倍」「10.6×」已删**:两个比值的经验 p 是 0.1000 / 0.0800,零的 95% 分位 9.86 / 28.17 ⇒ **比值不可分辨,两组各自的值仍站得住**(Entry 677 · 692) ° 〔GSS〕 ⟨—⟩| | **变宽容和变成一个立场是两件事*",0,0,0,0
README_zh.md,46181,95%,"ry 677 · 692) ° 〔GSS〕 ⟨—⟩| | **变宽容和变成一个立场是两件事** | 边际匹配后 **+0.1604** · p=0.0000 | 安慰剂水平位移**更大**(+0.3035>+0.2626)而一致性 +0.0054 落地板;零 95% 分位 **0.0372**(Entry 676 · 723) 〔GSS〕 ⟨**4.31×**〕| | **两层墙:那个问句不可识别,而能识别的那个版本没有功效** | **`#",0,0,0,0
README_zh.md,51462,85%,"4,264 · 全程 50 年位移 虔诚层 +0.5958 / 世俗层 +1.3183**;**九十年代:虔诚层 +0.1137 [−0.016,+0.238] 含零 · 世俗层 +0.6266 [+0.434,+0.818] 排零 ⇒ 世俗层占两层偏离总量 85%**;**`G4` 全部十年 × 两层共 10 格全报(含不同意的格)⇒ BH 存活 5 · BY 存活 4**;⚠ **跑前写下的天花板混淆在这里真被排除:虔诚层 1990s 从",1,1,1,0
README_zh.md,51587,8%,"偏离总量 85%**;**`G4` 全部十年 × 两层共 10 格全报(含不同意的格)⇒ BH 存活 5 · BY 存活 4**;⚠ **跑前写下的天花板混淆在这里真被排除:虔诚层 1990s 从 1.26 走到 1.47,离上端还有 2.74 余量、只用掉 8% —— 它有的是位移空间却没有偏离**;⇒ **一句关于人的话,而这一次它站得住:九十年代那条缝张开,不是因为信教的人变得更不容忍,是因为不信教的人走得比他们自己前二十年更快;缝是",0,1,0,1
README_zh.md,52896,44%,"反** | **`§3` basin:`#838` 那个「先拉开、后追上」的故事很好听,而好听正是要查的理由** ⇒ **威胁就写在 `#838` 自己印出的余量表里:二〇一〇年代世俗层已走到 3.08→3.49,量表上端只有 4,只剩 0.92 余量、用掉 44% —— 一个贴天花板的层,它的「慢下来」可能不是它慢了,是尺子到头了** ⇒ **换估计量不换仪器**:把 1–4 作答看成潜在连续量被三阈值切开(有序 probit,**阈值全样",0,0,0,0
README_zh.md,53409,−38%," 世俗层潜在 **+0.2586** 比均值尺 **+0.1947** 更大,**天花板一直在压低世俗层那一格,偏向的正是「虔诚层追上来」这个我喜欢的故事;修掉它之后收敛变弱而非变强**,差距层面 2010s 偏离从 **+0.1384 降到 +0.0854(−38%)** ⇒ **一个混淆写对了名字,方向可以完全反,而只有量出来才知道**;⚠ **因此 `#838` 那句「追上来」拆成两句,只有第一句站得住**:① 虔诚层在 2010s 偏离",0,0,0,0
README_zh.md,54091,**4.2%,"前提:整张 10 格都重跑而非只重跑受威胁那格 ⇒ 过;⑤ kill(预注册)⇒ 过;`Gate.admissible()`=**True**;⚠ **改不了的**:① **阈值 τ=[0.291,0.404,0.584] 挤得非常近** —— 中间两类只占 **4.2% 与 6.4%**,所以这把「潜在尺」主要由两端的 61% 与 28% 驱动,**接近一个二值量**;② 固定阈值**假设那几个选项词的含义五十年没变**,**这是写下来的假设不是",1,0,1,0
README_zh.md,54100,6.4%,"格都重跑而非只重跑受威胁那格 ⇒ 过;⑤ kill(预注册)⇒ 过;`Gate.admissible()`=**True**;⚠ **改不了的**:① **阈值 τ=[0.291,0.404,0.584] 挤得非常近** —— 中间两类只占 **4.2% 与 6.4%**,所以这把「潜在尺」主要由两端的 61% 与 28% 驱动,**接近一个二值量**;② 固定阈值**假设那几个选项词的含义五十年没变**,**这是写下来的假设不是被检验的结论*",1,0,1,0
README_zh.md,54123,61%,"ll(预注册)⇒ 过;`Gate.admissible()`=**True**;⚠ **改不了的**:① **阈值 τ=[0.291,0.404,0.584] 挤得非常近** —— 中间两类只占 **4.2% 与 6.4%**,所以这把「潜在尺」主要由两端的 61% 与 28% 驱动,**接近一个二值量**;② 固定阈值**假设那几个选项词的含义五十年没变**,**这是写下来的假设不是被检验的结论** ⇒ 本轮判的是「**在词义不变的假设下*",1,0,1,0
README_zh.md,54129,28%,")⇒ 过;`Gate.admissible()`=**True**;⚠ **改不了的**:① **阈值 τ=[0.291,0.404,0.584] 挤得非常近** —— 中间两类只占 **4.2% 与 6.4%**,所以这把「潜在尺」主要由两端的 61% 与 28% 驱动,**接近一个二值量**;② 固定阈值**假设那几个选项词的含义五十年没变**,**这是写下来的假设不是被检验的结论** ⇒ 本轮判的是「**在词义不变的假设下**天花板解不",1,0,1,0
README_zh.md,54550,95%,"要比的是那个量本身,不是两个量各自与零的关系** —— `#838`/`#839` 报的是**两层各自**的偏离,而我从里面读出了「先拉开、后追上」;**而「缝拉开了/缝合上了」是关于差距的主张,差距的区间从没算过** ⇒ 给 `dep_gap` 算它自己的 95% 自助区间(B=4000),**两把尺子并排,不论同不同意** | **均值尺:1990s −0.5129 [−0.740,−0.287] 排零 · 2000s −0.3601 [",0,0,1,0
README_zh.md,56571,90.6%,"是我差点就发了它** | ⚠⚠⚠ **而 `realstat` 有一条正好针对这个:「正控只问『这仪器看得见吗』,从不问『它看见的是不是我要主张的东西』」** ⇒ 于是量了它的**误报率**:4000 个**随机**字面量比对真实产物(11,376 个有限值,90.6% 落在 |v|<1)⇒ **4 位小数 32.0% · 5 位 4.2% · 6 位 0.4% · 8 位 0.0%**;**而第一版报了 1057 处,一大半是巧合** —— 不",0,0,0,0
README_zh.md,56596,32.0%,"lstat` 有一条正好针对这个:「正控只问『这仪器看得见吗』,从不问『它看见的是不是我要主张的东西』」** ⇒ 于是量了它的**误报率**:4000 个**随机**字面量比对真实产物(11,376 个有限值,90.6% 落在 |v|<1)⇒ **4 位小数 32.0% · 5 位 4.2% · 6 位 0.4% · 8 位 0.0%**;**而第一版报了 1057 处,一大半是巧合** —— 不用统计也看得见:**`E01/R001` 的字面量",0,0,0,0
README_zh.md,56608,4.2%,"针对这个:「正控只问『这仪器看得见吗』,从不问『它看见的是不是我要主张的东西』」** ⇒ 于是量了它的**误报率**:4000 个**随机**字面量比对真实产物(11,376 个有限值,90.6% 落在 |v|<1)⇒ **4 位小数 32.0% · 5 位 4.2% · 6 位 0.4% · 8 位 0.0%**;**而第一版报了 1057 处,一大半是巧合** —— 不用统计也看得见:**`E01/R001` 的字面量被判为抄自 `E03/",0,0,0,0
README_zh.md,56619,0.4%,"这仪器看得见吗』,从不问『它看见的是不是我要主张的东西』」** ⇒ 于是量了它的**误报率**:4000 个**随机**字面量比对真实产物(11,376 个有限值,90.6% 落在 |v|<1)⇒ **4 位小数 32.0% · 5 位 4.2% · 6 位 0.4% · 8 位 0.0%**;**而第一版报了 1057 处,一大半是巧合** —— 不用统计也看得见:**`E01/R001` 的字面量被判为抄自 `E03/R195`/`R265",0,0,0,0
README_zh.md,56630,0.0%,"问『它看见的是不是我要主张的东西』」** ⇒ 于是量了它的**误报率**:4000 个**随机**字面量比对真实产物(11,376 个有限值,90.6% 落在 |v|<1)⇒ **4 位小数 32.0% · 5 位 4.2% · 6 位 0.4% · 8 位 0.0%**;**而第一版报了 1057 处,一大半是巧合** —— 不用统计也看得见:**`E01/R001` 的字面量被判为抄自 `E03/R195`/`R265`,而那两轮在它之后好",0,0,0,0
README_zh.md,56833,32%,"195`/`R265`,而那两轮在它之后好几百轮才存在**;⚠ **把门槛提到 6 位也救不了它**:6 位命中的是**全精度复制**(数值上无害),而 `#840` 真正出事的是 **`0.6266 ← 0.626612` 一个四位四舍五入 —— 恰好落在 32% 那一档** ⇒ **数值比对这个代理结构上抓不到它被造出来要抓的错,不是调参数能救的**;⇒ **第二版换代理,不看数值看出处**(引用了别轮编号 + 附近有 ≥3 有效小数位 ",0,0,0,0
README_zh.md,57777,28%,"合理引用**,零容忍会逼我改几百个旧文件(`L81`);⚠ **357 处不是「357 个错」**,它是**待人工判的队列而我一条都没判过** ⇒ **不许当成项目的缺陷计数**(`#800`:存活不构成证据,存量同理)⟩| | **修好切法再重数:总体虚高 28%,而 `#833` 自己也记错了缺陷的形状** | **还 `#833`① 的债,而新写的控制在还债之前先逼出了对 `#833` 自己的更正**:`#833` 写的是「锚后追加的注",1,1,0,0
README_zh.md,58248,+28.9%,"nits()` 拷贝(`R237`/`R246`/`R267`)实测**语义相同** ⇒ 缺陷统一,修在一处 `lib/page_units.py` | **总体:`README_zh.md` 单位 417→385、字符 423,940→328,952(虚高 +28.9%);`README.md` 单位 388→356、字符 1,030,060→805,977(+27.8%)** —— ⚠ **单位数只变 32 而字符变近三成,因为重复的是文本不是",0,1,0,1
README_zh.md,58300,+27.8%,"一处 `lib/page_units.py` | **总体:`README_zh.md` 单位 417→385、字符 423,940→328,952(虚高 +28.9%);`README.md` 单位 388→356、字符 1,030,060→805,977(+27.8%)** —— ⚠ **单位数只变 32 而字符变近三成,因为重复的是文本不是单位**(表行正文同时坐在 `row` 与某个 `para` 里);**三轮关键计数(谓词用 `ast`",0,1,0,1
README_zh.md,58490,−29%,"ow` 与某个 `para` 里);**三轮关键计数(谓词用 `ast` 从它们自己的文件读出,一个字符都不手抄 —— `#841` 那把新尺子的第一个正面用例):`#798` CLUMP 26→22 · PTR 33→27;`#807` TOP 76→54(−29%) · MARK_TOP 49→43 · MARK_GEN 8→6 · GEN 4→4;`#828` MARKED 85→49(−42%) · TARGET 22→12(−45%)",0,0,0,0
README_zh.md,58558,−42%,"把新尺子的第一个正面用例):`#798` CLUMP 26→22 · PTR 33→27;`#807` TOP 76→54(−29%) · MARK_TOP 49→43 · MARK_GEN 8→6 · GEN 4→4;`#828` MARKED 85→49(−42%) · TARGET 22→12(−45%)** ⇒ 七项里六项变,**`#798` 另有 4 个单位换了 owner**(748 与 825 各两处,一个在使用侧一个在撤回侧)⇒",0,0,0,0
README_zh.md,58579,−45%,"CLUMP 26→22 · PTR 33→27;`#807` TOP 76→54(−29%) · MARK_TOP 49→43 · MARK_GEN 8→6 · GEN 4→4;`#828` MARKED 85→49(−42%) · TARGET 22→12(−45%)** ⇒ 七项里六项变,**`#798` 另有 4 个单位换了 owner**(748 与 825 各两处,一个在使用侧一个在撤回侧)⇒ 判词 **OVERTURNED**,`G",0,0,0,0
README_zh.md,58928,28%,"ed==0`、`#807`/`#828` 的「两条更正都落地」**一个都没重算**)⇒ **登记为未测,既不是「受影响」也不是「没事」** —— **这正是 `#834` 那一类:判词串说了它自己的输出没说的话**;⇒ **一句关于方法的话:一个总体定义错了 28%,而这 28% 是同一段文本被数了两次;重复的是文本不是单位,所以「有几个单位命中」这种计数受影响,而「有没有一个单位裸着」这种判词可能完全不受影响。计数变了不等于结论变了,但也绝",0,1,0,1
README_zh.md,58935,28%,"`#807`/`#828` 的「两条更正都落地」**一个都没重算**)⇒ **登记为未测,既不是「受影响」也不是「没事」** —— **这正是 `#834` 那一类:判词串说了它自己的输出没说的话**;⇒ **一句关于方法的话:一个总体定义错了 28%,而这 28% 是同一段文本被数了两次;重复的是文本不是单位,所以「有几个单位命中」这种计数受影响,而「有没有一个单位裸着」这种判词可能完全不受影响。计数变了不等于结论变了,但也绝不等于结论没变",0,1,0,1
README_zh.md,59063,28%,"这 28% 是同一段文本被数了两次;重复的是文本不是单位,所以「有几个单位命中」这种计数受影响,而「有没有一个单位裸着」这种判词可能完全不受影响。计数变了不等于结论变了,但也绝不等于结论没变 —— 这两句话我这一轮只有资格说前半句** `[#842「总体虚高 28%」]`(Entry 842) 〔本项目自己的页面〕 ⟨**Production + 一次对 `#833` 的更正,诚实标注:本轮不产生新的关于人的判断**;闸:① 控制(`lib/",0,1,0,1
README_zh.md,64961,95%,"关于人** —— 世俗那层在九十年代**普遍**比自己的步子快,同性恋只是他们经过的一道题;**S2 关于题** —— 只有在同性恋这道题上是世俗层在动,那么九十年代发生的事**属于这个题目** | **八题 × 两层,九十年代偏离(B=4000,每格自己的 95% 自助区间;参照由每题每层自己的全程位移定 ⇒ 题目极性自动抵消,`#789` 的规范检查)**:`homosex` 虔诚 +0.1137 [−0.013,+0.243] / **",0,0,1,0
README_zh.md,65661,60%,"层严格匀速的世界 ⇒ **−7.4e−16 / +2.8e−17**(⚠ **这个零该是零**,无离散化 ⇒ **解析零**)⇒ 过;④ **前提(跑前写下的最强混淆)**:八题天花板余量差别很大而 `#838` 只量过 `homosex` ⇒ 逐格印余量、>60% 标 `CEILING?` 不计入判词,实测 **0/16 触发** ⇒ **这个 1/8 不是天花板造出来的**;⑤ **kill 没过** ⇒ 判词 **OVERTURNED*",0,0,0,0
README_zh.md,69206,0.05×,"时顺手捞到一格**:虔诚层在 `sexeduc`(该不该在学校教性教育)上九十年代偏离 **+0.0720 [+0.015,+0.126]**;⚠ **本轮第一件事是把它现在的地位说准**:`p = 0.0155`,而 BH 在 16 格族上的秩-2 阈是 `0.05×2/16 = 0.00625` ⇒ **它没过 BH 也没过 BY,不是「较弱的发现」,是「被多重性校正拒绝了的格」** ⇒ **唯一能让它翻身的不是再算一遍同一批人,是拿它没被发",0,0,1,0
README_zh.md,74135,91%,"做」,而「该做」听起来比「做不了」体面 ⇒ **判据只用两个客观事实,不含任何需要我读懂文本的判断,并且两个事实分开报绝不合成一个分数** —— **合成就是我在给自己定宽窄** | **② 该条目的轮次有 `results/` 产物目录:113/124 = 91%** · **① 它的 `NEXT` 指向一个更晚的真实条目:2/124 = 2%** · 两者都满足 **2/124 = 2%** ⇒ 预注册 kill(≥60%)**没过**,",1,0,0,0
README_zh.md,74177,2%,"读懂文本的判断,并且两个事实分开报绝不合成一个分数** —— **合成就是我在给自己定宽窄** | **② 该条目的轮次有 `results/` 产物目录:113/124 = 91%** · **① 它的 `NEXT` 指向一个更晚的真实条目:2/124 = 2%** · 两者都满足 **2/124 = 2%** ⇒ 预注册 kill(≥60%)**没过**,判词 **OVERTURNED**,`Gate.admissible()`=**T",1,0,0,0
README_zh.md,74200,2%,"分数** —— **合成就是我在给自己定宽窄** | **② 该条目的轮次有 `results/` 产物目录:113/124 = 91%** · **① 它的 `NEXT` 指向一个更晚的真实条目:2/124 = 2%** · 两者都满足 **2/124 = 2%** ⇒ 预注册 kill(≥60%)**没过**,判词 **OVERTURNED**,`Gate.admissible()`=**True**;**纯机器动作 124 笔总耗时 ",1,1,0,0
README_zh.md,74217,60%,"自己定宽窄** | **② 该条目的轮次有 `results/` 产物目录:113/124 = 91%** · **① 它的 `NEXT` 指向一个更晚的真实条目:2/124 = 2%** · 两者都满足 **2/124 = 2%** ⇒ 预注册 kill(≥60%)**没过**,判词 **OVERTURNED**,`Gate.admissible()`=**True**;**纯机器动作 124 笔总耗时 <0.01 s ⇒ 「做不完」在机器",1,1,0,0
README_zh.md,74328,91%,"= 2%** ⇒ 预注册 kill(≥60%)**没过**,判词 **OVERTURNED**,`Gate.admissible()`=**True**;**纯机器动作 124 笔总耗时 <0.01 s ⇒ 「做不完」在机器这一侧明确为假**;⚠⚠⚠ **而 91% 与 2% 这个落差比判词值钱得多,它把瓶颈指认出来了:证据几乎全都在(九成的轮次产物还躺在盘上),缺的是从欠账到它归宿的那一条边** —— 账本几乎从不写「这笔后来在哪一轮还的」",1,1,0,0
README_zh.md,74334,2%," ⇒ 预注册 kill(≥60%)**没过**,判词 **OVERTURNED**,`Gate.admissible()`=**True**;**纯机器动作 124 笔总耗时 <0.01 s ⇒ 「做不完」在机器这一侧明确为假**;⚠⚠⚠ **而 91% 与 2% 这个落差比判词值钱得多,它把瓶颈指认出来了:证据几乎全都在(九成的轮次产物还躺在盘上),缺的是从欠账到它归宿的那一条边** —— 账本几乎从不写「这笔后来在哪一轮还的」⇒ **这",1,1,0,0
README_zh.md,74986,**18.6%,"事实必须都为假 ⇒ 过(⚠ **「这个假该不该是假?」该** —— 不存在的条目按定义没有正文也没有产物目录);④ kill ⇒ 没过;⚠ **改不了的**:**本轮量的不是「自动查实的代价」** —— `#829` 已证从散文反推欠账状态不可行(匹配器召回 **18.6%**),量的是**把一笔欠账送到人面前所需的机器动作**,**人判那一步的代价本轮量不了** ⇒ **「代价由人判主导」是已知边界,不是「做不完」——两者不同,页面按前者写**;⚠",0,0,0,0
README_zh.md,85626,69.7%,",全部超安慰剂地板 0.0713**,判词 **OVERTURNED**,`Gate.admissible()`=**True**;⚠⚠ **而跑前写下的那条混淆被反向证伪了,这比结果本身更强**:我担心「制裁那条缝更窄」是**二值天花板压出来的**(允许率 69.7%–88.4%)—— **而换到不受边界压缩的潜在尺上,|Δobject| 平均还大了 +0.131** ⇒ **压缩确实存在,但它把效应压小了,不是造出来的**;闸:③ **正控*",0,1,0,1
README_zh.md,85632,88.4%,"剂地板 0.0713**,判词 **OVERTURNED**,`Gate.admissible()`=**True**;⚠⚠ **而跑前写下的那条混淆被反向证伪了,这比结果本身更强**:我担心「制裁那条缝更窄」是**二值天花板压出来的**(允许率 69.7%–88.4%)—— **而换到不受边界压缩的潜在尺上,|Δobject| 平均还大了 +0.131** ⇒ **压缩确实存在,但它把效应压小了,不是造出来的**;闸:③ **正控**只往道德题",0,1,0,1
README_zh.md,86675,66%,"注册**的:`|Δobject|` 从 1990s 的 0.26–0.50 涨到 2010s 的 0.54–0.88,**判断与制裁之间的裂口自己在变宽** ⇒ **现在只是假设**(`#111`,记 `#858`②)⟩| | **说「永远是错的」的人里,有 66% 说可以让他去教书** | ⚠ **作用域**:GSS 的道德题 + 三道 Stouffer 公民自由题,与 `#858` 同一作用域。**还 `#858`①** —— `#858",1,0,0,0
README_zh.md,87116,66.4%,"rol`**,**零的种类写死**:`独立零 = 同年同层的边际放行率(不是 0)`,零分布由**打乱「谁说错」标签**给出(400 次),实测 **offset 距独立零 11.6 个自身展布** | **站得住的**:`p(放行\|说错)` **全格平均 66.4%**,offset 在 **12/12** 格显著为负;2010s 教书:虔诚层说错的人里 **73.3%** 说可以让他教,世俗层 **70.0%**;⚠⚠⚠ **而本轮最该带走",1,0,0,0
README_zh.md,87167,**73.3%,"「谁说错」标签**给出(400 次),实测 **offset 距独立零 11.6 个自身展布** | **站得住的**:`p(放行\|说错)` **全格平均 66.4%**,offset 在 **12/12** 格显著为负;2010s 教书:虔诚层说错的人里 **73.3%** 说可以让他教,世俗层 **70.0%**;⚠⚠⚠ **而本轮最该带走的是世界 C 被它自己的算术杀掉了,在读结果之前查出来的**:**`offset = (1−s)·Δ` 是",1,0,0,0
README_zh.md,87188,**70.0%," **offset 距独立零 11.6 个自身展布** | **站得住的**:`p(放行\|说错)` **全格平均 66.4%**,offset 在 **12/12** 格显著为负;2010s 教书:虔诚层说错的人里 **73.3%** 说可以让他教,世俗层 **70.0%**;⚠⚠⚠ **而本轮最该带走的是世界 C 被它自己的算术杀掉了,在读结果之前查出来的**:**`offset = (1−s)·Δ` 是恒等式不是测量**(核对偏差 **8.3e",1,0,0,0
README_zh.md,87310,76%,"让他教,世俗层 **70.0%**;⚠⚠⚠ **而本轮最该带走的是世界 C 被它自己的算术杀掉了,在读结果之前查出来的**:**`offset = (1−s)·Δ` 是恒等式不是测量**(核对偏差 **8.3e-17**),而两层「说错」基率差很多(**虔诚 76% vs 世俗 33%**)⇒ **(1−s) 之比 2.8×,而观测 offset 层间比 2.9× ⇒ 几乎全是基率** ⇒ 改用不被基率压缩的 `Δ = p(放行\|说错) −",0,0,0,0
README_zh.md,87320,33%,"70.0%**;⚠⚠⚠ **而本轮最该带走的是世界 C 被它自己的算术杀掉了,在读结果之前查出来的**:**`offset = (1−s)·Δ` 是恒等式不是测量**(核对偏差 **8.3e-17**),而两层「说错」基率差很多(**虔诚 76% vs 世俗 33%**)⇒ **(1−s) 之比 2.8×,而观测 offset 层间比 2.9× ⇒ 几乎全是基率** ⇒ 改用不被基率压缩的 `Δ = p(放行\|说错) − p(放行\|没说错",0,0,0,0
README_zh.md,87791,73.3%,"一致方向**,**只要求量级会让符号翻转也通过** ⇒ 本轮把方向一致加为 C 的必要条件,**并同时报出「按字面阈值 C 会开火」,不掩盖判据与世界的脱节**(`#834` 那一类);闸:② **正控**构造「说错的人一律不放行」⇒ `p(放行\|说错)` 73.3%→**0.0%**、offset −0.068→**−0.301**,**而真实 −0.068 ≠ 极端值**(⚠ `G2` 要的「控制必须能失败」);③ 前提(**「说错」这群人",0,0,0,0
README_zh.md,87797,**0.0%,",**只要求量级会让符号翻转也通过** ⇒ 本轮把方向一致加为 C 的必要条件,**并同时报出「按字面阈值 C 会开火」,不掩盖判据与世界的脱节**(`#834` 那一类);闸:② **正控**构造「说错的人一律不放行」⇒ `p(放行\|说错)` 73.3%→**0.0%**、offset −0.068→**−0.301**,**而真实 −0.068 ≠ 极端值**(⚠ `G2` 要的「控制必须能失败」);③ 前提(**「说错」这群人随时间被筛选得",0,0,0,0
README_zh.md,87917,84%,"错)` 73.3%→**0.0%**、offset −0.068→**−0.301**,**而真实 −0.068 ≠ 极端值**(⚠ `G2` 要的「控制必须能失败」);③ 前提(**「说错」这群人随时间被筛选得更极端**)⇒ 逐格印出 **1990s 虔诚 84%/世俗 48%、2010s 虔诚 68%/世俗 18%**,**让筛选强度与结论并排**;④ 非退化(最小 n_wrong=417);`Gate.admissible()`=**T",0,0,0,0
README_zh.md,87924,48%,"3%→**0.0%**、offset −0.068→**−0.301**,**而真实 −0.068 ≠ 极端值**(⚠ `G2` 要的「控制必须能失败」);③ 前提(**「说错」这群人随时间被筛选得更极端**)⇒ 逐格印出 **1990s 虔诚 84%/世俗 48%、2010s 虔诚 68%/世俗 18%**,**让筛选强度与结论并排**;④ 非退化(最小 n_wrong=417);`Gate.admissible()`=**True**;⇒",0,0,0,0
README_zh.md,87937,68%,"ffset −0.068→**−0.301**,**而真实 −0.068 ≠ 极端值**(⚠ `G2` 要的「控制必须能失败」);③ 前提(**「说错」这群人随时间被筛选得更极端**)⇒ 逐格印出 **1990s 虔诚 84%/世俗 48%、2010s 虔诚 68%/世俗 18%**,**让筛选强度与结论并排**;④ 非退化(最小 n_wrong=417);`Gate.admissible()`=**True**;⇒ **一句关于人的话:说「",0,0,0,0
README_zh.md,87944,18%,"0.068→**−0.301**,**而真实 −0.068 ≠ 极端值**(⚠ `G2` 要的「控制必须能失败」);③ 前提(**「说错」这群人随时间被筛选得更极端**)⇒ 逐格印出 **1990s 虔诚 84%/世俗 48%、2010s 虔诚 68%/世俗 18%**,**让筛选强度与结论并排**;④ 非退化(最小 n_wrong=417);`Gate.admissible()`=**True**;⇒ **一句关于人的话:说「同性性行为永远",0,0,0,0
README_zh.md,88149,66%,"*一句关于人的话:说「同性性行为永远是错的」的美国人里,仍有三分之二说可以让他去教书、让他上台讲话、让他的书留在图书馆。道德上的谴责和公共上的放行,在同一个脑子里是可以并存的 —— 而且信教的人和不信教的人,把这两件事分开的程度是一样的** `[#859「有 66% 说可以让他去教书」]`(Entry 859) 〔GSS〕 ⟨⚠ **本站结构性做不到的**:① **横断面** ⇒ 不能问「先有判断还是先有放行」,只报共现不报顺序;② 三道题问",1,0,0,0
README_zh.md,90266,**73.1%,"−0.012 · −0.037 · −0.108 —— **0/6** ⇒ 判词 **OVERTURNED**,`admissible`=**True**;⚠⚠ **跑前写下的最强混淆是 B 的头号对手,而它这次没派上用场,因为 B 本来就没成立**:允许率 **73.1%→87.0%(教书)· 81.1%→88.6%(发言)· 70.7%→81.3%(图书馆)**,**逼近天花板** ⇒ 我担心「制裁缝变窄」是压出来的,于是潜在尺同跑(`#858`",0,0,0,0
README_zh.md,90274,87.0%," −0.037 · −0.108 —— **0/6** ⇒ 判词 **OVERTURNED**,`admissible`=**True**;⚠⚠ **跑前写下的最强混淆是 B 的头号对手,而它这次没派上用场,因为 B 本来就没成立**:允许率 **73.1%→87.0%(教书)· 81.1%→88.6%(发言)· 70.7%→81.3%(图书馆)**,**逼近天花板** ⇒ 我担心「制裁缝变窄」是压出来的,于是潜在尺同跑(`#858` 已证它**",0,0,0,0
README_zh.md,90285,81.1%,"0.108 —— **0/6** ⇒ 判词 **OVERTURNED**,`admissible`=**True**;⚠⚠ **跑前写下的最强混淆是 B 的头号对手,而它这次没派上用场,因为 B 本来就没成立**:允许率 **73.1%→87.0%(教书)· 81.1%→88.6%(发言)· 70.7%→81.3%(图书馆)**,**逼近天花板** ⇒ 我担心「制裁缝变窄」是压出来的,于是潜在尺同跑(`#858` 已证它**放大**而非缩小效应)",0,1,0,1
README_zh.md,90291,88.6%,"—— **0/6** ⇒ 判词 **OVERTURNED**,`admissible`=**True**;⚠⚠ **跑前写下的最强混淆是 B 的头号对手,而它这次没派上用场,因为 B 本来就没成立**:允许率 **73.1%→87.0%(教书)· 81.1%→88.6%(发言)· 70.7%→81.3%(图书馆)**,**逼近天花板** ⇒ 我担心「制裁缝变窄」是压出来的,于是潜在尺同跑(`#858` 已证它**放大**而非缩小效应)—— **而",0,1,0,1
README_zh.md,90302,70.7%,"⇒ 判词 **OVERTURNED**,`admissible`=**True**;⚠⚠ **跑前写下的最强混淆是 B 的头号对手,而它这次没派上用场,因为 B 本来就没成立**:允许率 **73.1%→87.0%(教书)· 81.1%→88.6%(发言)· 70.7%→81.3%(图书馆)**,**逼近天花板** ⇒ 我担心「制裁缝变窄」是压出来的,于是潜在尺同跑(`#858` 已证它**放大**而非缩小效应)—— **而制裁分量在两把尺上都没",0,1,0,1
README_zh.md,90308,81.3%,"*OVERTURNED**,`admissible`=**True**;⚠⚠ **跑前写下的最强混淆是 B 的头号对手,而它这次没派上用场,因为 B 本来就没成立**:允许率 **73.1%→87.0%(教书)· 81.1%→88.6%(发言)· 70.7%→81.3%(图书馆)**,**逼近天花板** ⇒ 我担心「制裁缝变窄」是压出来的,于是潜在尺同跑(`#858` 已证它**放大**而非缩小效应)—— **而制裁分量在两把尺上都没动;混淆写对",0,1,0,1
README_zh.md,91013,73%,"⇒ **同尺下 `Δg_道德` 三格极差只有 0.0054**,**它们几乎是同一个测量重复三次,不是三次独立证据**;⇒ **一句关于人的话,而它是反直觉的那一句:从九十年代到二〇一〇年代,美国人在「该不该拦着他」上整体放宽了很多 —— 允许他教书的比例从 73% 涨到 87%。但虔诚的人和世俗的人在「放不放行」上的距离一步没动;变宽的是他们在「这样对不对」上的距离。社会在放行这件事上一起往前走了,而没有因此更同意彼此;分歧没有消失,它换了",1,0,0,0
README_zh.md,91020,87%," `Δg_道德` 三格极差只有 0.0054**,**它们几乎是同一个测量重复三次,不是三次独立证据**;⇒ **一句关于人的话,而它是反直觉的那一句:从九十年代到二〇一〇年代,美国人在「该不该拦着他」上整体放宽了很多 —— 允许他教书的比例从 73% 涨到 87%。但虔诚的人和世俗的人在「放不放行」上的距离一步没动;变宽的是他们在「这样对不对」上的距离。社会在放行这件事上一起往前走了,而没有因此更同意彼此;分歧没有消失,它换了地方 —— 从",1,0,0,0
README_zh.md,94343,36.8%," 9 格一起发表**;② **拿「最大−次大」去比一个为「单个 `|g|`」造的地板** —— 两个不同的量 ⇒ 本轮**为边际单造零分布**(七轴同一次置换,保留轴间相关);③ **用一个全局地板 0.0547 去量七种几何**,而 `educ` 三分位是 36.8%/42.1%(**不是 33/33,重并极多**)、`polviews` 32.4%/64.1%、`种族` 75.3%/15.6%、`sex` 50/50 ⇒ 本轮每格自己的置换地",0,0,0,0
README_zh.md,94349,42.1%,"发表**;② **拿「最大−次大」去比一个为「单个 `|g|`」造的地板** —— 两个不同的量 ⇒ 本轮**为边际单造零分布**(七轴同一次置换,保留轴间相关);③ **用一个全局地板 0.0547 去量七种几何**,而 `educ` 三分位是 36.8%/42.1%(**不是 33/33,重并极多**)、`polviews` 32.4%/64.1%、`种族` 75.3%/15.6%、`sex` 50/50 ⇒ 本轮每格自己的置换地板,**跨度",0,0,0,0
README_zh.md,94385,32.4%,"** —— 两个不同的量 ⇒ 本轮**为边际单造零分布**(七轴同一次置换,保留轴间相关);③ **用一个全局地板 0.0547 去量七种几何**,而 `educ` 三分位是 36.8%/42.1%(**不是 33/33,重并极多**)、`polviews` 32.4%/64.1%、`种族` 75.3%/15.6%、`sex` 50/50 ⇒ 本轮每格自己的置换地板,**跨度 0.0316–0.1454,最宽是最窄的 4.6 倍**;④ **把 ",0,0,0,0
README_zh.md,94391,64.1%,"两个不同的量 ⇒ 本轮**为边际单造零分布**(七轴同一次置换,保留轴间相关);③ **用一个全局地板 0.0547 去量七种几何**,而 `educ` 三分位是 36.8%/42.1%(**不是 33/33,重并极多**)、`polviews` 32.4%/64.1%、`种族` 75.3%/15.6%、`sex` 50/50 ⇒ 本轮每格自己的置换地板,**跨度 0.0316–0.1454,最宽是最窄的 4.6 倍**;④ **把 `Δg` 印",0,0,0,0
README_zh.md,94402,75.3%,"**为边际单造零分布**(七轴同一次置换,保留轴间相关);③ **用一个全局地板 0.0547 去量七种几何**,而 `educ` 三分位是 36.8%/42.1%(**不是 33/33,重并极多**)、`polviews` 32.4%/64.1%、`种族` 75.3%/15.6%、`sex` 50/50 ⇒ 本轮每格自己的置换地板,**跨度 0.0316–0.1454,最宽是最窄的 4.6 倍**;④ **把 `Δg` 印成「`|g|` 动」*",0,0,0,0
README_zh.md,94408,15.6%,"造零分布**(七轴同一次置换,保留轴间相关);③ **用一个全局地板 0.0547 去量七种几何**,而 `educ` 三分位是 36.8%/42.1%(**不是 33/33,重并极多**)、`polviews` 32.4%/64.1%、`种族` 75.3%/15.6%、`sex` 50/50 ⇒ 本轮每格自己的置换地板,**跨度 0.0316–0.1454,最宽是最窄的 4.6 倍**;④ **把 `Δg` 印成「`|g|` 动」**(`g<0",0,0,0,0
README_zh.md,95032,84.2%,"0.30 ⇒ **宗教 Δg +0.1782 · 教育 +0.0105**,**plant=0 恰为 0**,⚠ **而控制也必须能通过**(`realstat §4`):floor 0 < 阈 0.05 < ceiling **2.0399**;**保留率 84.2% · MDE 0.12** —— **`G2` 明写要报这两个而 `#862` 一个都没报**;⑤ 负控打乱宗教标签 **0.0526 ≤ 该格地板 0.0540**;⑥ **安慰",0,0,0,0
README_zh.md,96464,100%,"*1.0000 / 1.0000 / 1.0000**,n=4e6)⇒ **「换成方差份额」在正态世界里是同一个数换了个写法,真正的测量是 `R = η²÷(g²/6)` 偏离 1 有多远** | **① 主轴排名 42/42 格完全一致** —— η²(用 100% 的人)与 `|g|`(用 68%)选出同一根主轴,无一例外 ⇒ **`#862`/`#863` 的结论不是尺的产物**;**② R 中位 1.347,落在预注册区间 [0.8,1",0,1,1,0
README_zh.md,96482,68%," 1.0000**,n=4e6)⇒ **「换成方差份额」在正态世界里是同一个数换了个写法,真正的测量是 `R = η²÷(g²/6)` 偏离 1 有多远** | **① 主轴排名 42/42 格完全一致** —— η²(用 100% 的人)与 `|g|`(用 68%)选出同一根主轴,无一例外 ⇒ **`#862`/`#863` 的结论不是尺的产物**;**② R 中位 1.347,落在预注册区间 [0.8,1.25] 之外 ⇒ kill `O",0,1,1,0
README_zh.md,97690,51%,"成「植入」(灵敏度那一半成立,方向那一半的措辞错);② **`#863` 的安慰剂 34/34 被读成「干净」** —— 95 分位地板套 34 格**期望就有 1.7 个越界**,`P(X=0)=0.175`,而「≤1 个越界」这个判据**在一切正常时也有 51% 概率报错** ⇒ **一个正常情况下一半时间会失败的控制不是控制**;⚠ **本轮自己也犯了同族的错,提交前抓到**:`λ` 的方向标签第一版把宗教/年龄/政治三根轴全标反了 —",0,0,0,0
README_zh.md,101000,0%," · 教书 0.207 · **图书馆 0.690**)⇒ TVD **0.1896 → 0.0274(−0.16)**,**证明了灵敏度却证反了方向**(`#863` 刚犯过同一个错 —— **四轮里第三次**)⇒ 改成**方向由数据算 + 剂量-反应**:0%→0.1896 · 5%→0.2166 · 20%→0.3112 · 30%→0.3700 · 100%→0.8970,**单调**,**MDE = 5% 植入比例**;② **安",1,0,0,0
README_zh.md,101012,5%,"· **图书馆 0.690**)⇒ TVD **0.1896 → 0.0274(−0.16)**,**证明了灵敏度却证反了方向**(`#863` 刚犯过同一个错 —— **四轮里第三次**)⇒ 改成**方向由数据算 + 剂量-反应**:0%→0.1896 · 5%→0.2166 · 20%→0.3112 · 30%→0.3700 · 100%→0.8970,**单调**,**MDE = 5% 植入比例**;② **安慰剂的补集里混进了「这个",1,0,0,0
README_zh.md,101024,20%,"0**)⇒ TVD **0.1896 → 0.0274(−0.16)**,**证明了灵敏度却证反了方向**(`#863` 刚犯过同一个错 —— **四轮里第三次**)⇒ 改成**方向由数据算 + 剂量-反应**:0%→0.1896 · 5%→0.2166 · 20%→0.3112 · 30%→0.3700 · 100%→0.8970,**单调**,**MDE = 5% 植入比例**;② **安慰剂的补集里混进了「这个变量根本不存在」的人** ",1,0,0,0
README_zh.md,101037,30%,".1896 → 0.0274(−0.16)**,**证明了灵敏度却证反了方向**(`#863` 刚犯过同一个错 —— **四轮里第三次**)⇒ 改成**方向由数据算 + 剂量-反应**:0%→0.1896 · 5%→0.2166 · 20%→0.3112 · 30%→0.3700 · 100%→0.8970,**单调**,**MDE = 5% 植入比例**;② **安慰剂的补集里混进了「这个变量根本不存在」的人** —— 写的是 `ballo",1,0,0,0
README_zh.md,101050,100%,"4(−0.16)**,**证明了灵敏度却证反了方向**(`#863` 刚犯过同一个错 —— **四轮里第三次**)⇒ 改成**方向由数据算 + 剂量-反应**:0%→0.1896 · 5%→0.2166 · 20%→0.3112 · 30%→0.3700 · 100%→0.8970,**单调**,**MDE = 5% 植入比例**;② **安慰剂的补集里混进了「这个变量根本不存在」的人** —— 写的是 `ballot==1` vs **其余一",1,0,0,0
README_zh.md,101077,5%,"(`#863` 刚犯过同一个错 —— **四轮里第三次**)⇒ 改成**方向由数据算 + 剂量-反应**:0%→0.1896 · 5%→0.2166 · 20%→0.3112 · 30%→0.3700 · 100%→0.8970,**单调**,**MDE = 5% 植入比例**;② **安慰剂的补集里混进了「这个变量根本不存在」的人** —— 写的是 `ballot==1` vs **其余一切**,而 **`ballot` 1988 年才有",1,0,0,0
README_zh.md,107730,5%,"/BKSPublic.csv` 上鸭子类型规则选出 **20 列**,**`biomale` 就在里面**(取值 {0,1} ⊂ {−3..3}、非缺 **15,503** > 10,000)⇒ **那 8 轮把一个性别协变量当成了 likert 题,占题集 5%(1/20)**;⚠ **配对本身的缺陷也要说出来**:另有 **2 个文件有排除行却没有这条发现规则** ⇒ **`38−32=6` 是错的,正确差集是 8** —— **仪器的",1,0,0,0
README_zh.md,108957,5%,"两版。还 `#869`① —— `#869` 查出发现规则有 **38 份拷贝、8 份漏了 `if c!='biomale'`**,把影响登记为 **`UNASSESSED` 并明写「不许说影响很小,也不许说影响很大」**,本轮去量;⚠ **而这不是随便一个 5%**:那 8 个文件全部落在 `E01` 的 `A05`–`A07`,产物正是「第三个维度的正名是 breadth」「宽度有形状,第一个名字是体液」「ALS 载荷当人层变量」—— ",0,0,0,0
README_zh.md,125157,835×,"the cost meter was run on a biased sample and I extrapolated from it** — `#872` had timed **38** scripts at ~3.5s and I projected 835×3.5s ≈ 49 min, but those 38 were exactly the scripts that derive the BKS item set, **fast ",0,0,0,0
README_zh.md,125691,**0.0%,"ess it spawned keeps the captured pipe open, and the read blocks forever: measured, after **109 minutes** the parent was alive at **0.0% CPU** with **no file written for 30 minutes** — not slow, wedged; ⇒ **the round's own imp",0,0,0,0
README_zh.md,128380,14.7%,"场、按地区、按种族、按性别切开,那个十年都没有可比的裂口;而在对任意依赖都有效的校正下,只有「信不信教」那条线还站着**;⚠ **年龄那一格不是意外,它与 `#816`/`#817` 对得上**:那两轮测得九十年代那次张开里**约七分之一是世代构成的改变**(14.7% [1.1%, 37.9%])⇒ **年龄轴单独出现 1990s 偏离,是同一件事被直接看见 —— 两条独立设计指向同一个东西** `[#834「那条缝沿着两条线裂」]`(Entr",0,1,1,0
README_zh.md,128387,1.1%,"种族、按性别切开,那个十年都没有可比的裂口;而在对任意依赖都有效的校正下,只有「信不信教」那条线还站着**;⚠ **年龄那一格不是意外,它与 `#816`/`#817` 对得上**:那两轮测得九十年代那次张开里**约七分之一是世代构成的改变**(14.7% [1.1%, 37.9%])⇒ **年龄轴单独出现 1990s 偏离,是同一件事被直接看见 —— 两条独立设计指向同一个东西** `[#834「那条缝沿着两条线裂」]`(Entry 834)",0,1,1,0
README_zh.md,128393,37.9%,"切开,那个十年都没有可比的裂口;而在对任意依赖都有效的校正下,只有「信不信教」那条线还站着**;⚠ **年龄那一格不是意外,它与 `#816`/`#817` 对得上**:那两轮测得九十年代那次张开里**约七分之一是世代构成的改变**(14.7% [1.1%, 37.9%])⇒ **年龄轴单独出现 1990s 偏离,是同一件事被直接看见 —— 两条独立设计指向同一个东西** `[#834「那条缝沿着两条线裂」]`(Entry 834) 〔GSS,同",0,1,1,0
README_zh.md,131260,**85%,"有一轮问过:缝张开的时候,是哪一边在动。** 分开来看,答案很清楚:**九十年代那十年里,不信教的那一层比自己前二十年的步子快了 +0.63(区间 [+0.43,+0.82],排除零);信教的那一层是 +0.11,区间含零。** 两层偏离的总量里,世俗那边占 **85%**。⚠ 而「信教的人只是没地方可走」这个解释在这里被真正排除了:**他们那十年从 1.26 走到 1.47,离量表上端还有 2.74 的余量,只用掉 8% —— 有的是空间,只是",1,1,1,0
README_zh.md,131341,8%,"+0.82],排除零);信教的那一层是 +0.11,区间含零。** 两层偏离的总量里,世俗那边占 **85%**。⚠ 而「信教的人只是没地方可走」这个解释在这里被真正排除了:**他们那十年从 1.26 走到 1.47,离量表上端还有 2.74 的余量,只用掉 8% —— 有的是空间,只是没走。** ⇒ **一句关于人的话,而这一次它站得住:九十年代那条缝张开,不是因为信教的人变得更不容忍,是因为不信教的人走得比他们自己前二十年更快。缝是被一",1,1,1,0
README_zh.md,132530,**95%,"用域同样适用于这一条**:本轮也**只跑过 `homosex`**。八题实测,世俗层排零 **1/8**、虔诚层 **1/8**(`sexeduc`)⇒ **这里说的「缝」自始至终是同性恋这一道题上的缝,不是一条关于那两群人的普遍性质。** (⚠ 全部区间为 **95% 自助区间**,B=1500;每格的零由**该格自己的自助分布**给出,不是共用一个零) `[#839「天花板偏的方向和我担心的相反」]`  **而上一轮结尾我自己记下的那笔债,这",0,0,1,0
README_zh.md,139144,18.6%,"alstat`:空总体不许通过);⚠ **改不了的**:**闸不能也不打算判定任何一笔欠账的真假**(`#829` 已证从散文反推不可行),**自洽 ≠ 正确,而这条写在闸自己的输出里**;**本轮不报效应**⟩| | **那个匹配器只认得我最近的写法:召回 18.6%,而它的盲区正好是欠账的年代** | **本轮全部难点是一句话:真值集不能用匹配器的模式去建,否则是自证** ⇒ **真值集只用位置**(条目前 400 字符内引用了更早的 `` ",0,1,0,1
README_zh.md,139311,18.6%,"真值集不能用匹配器的模式去建,否则是自证** ⇒ **真值集只用位置**(条目前 400 字符内引用了更早的 `` `#M`x ``)· **匹配器只用动词**(八个执行词)· **两者不共用任何模式**;**真值集 70 条,匹配器抓到 13 条 ⇒ 召回 18.6%**(门槛 70%,跑前定的)⇒ kill 反着开火 | ⚠⚠ **漏掉的 57 条给出的诊断比召回率重要得多**:**抓到的中位条目号 `#808`,漏掉的中位 `#762`**",0,0,0,0
README_zh.md,139322,70%,"式去建,否则是自证** ⇒ **真值集只用位置**(条目前 400 字符内引用了更早的 `` `#M`x ``)· **匹配器只用动词**(八个执行词)· **两者不共用任何模式**;**真值集 70 条,匹配器抓到 13 条 ⇒ 召回 18.6%**(门槛 70%,跑前定的)⇒ kill 反着开火 | ⚠⚠ **漏掉的 57 条给出的诊断比召回率重要得多**:**抓到的中位条目号 `#808`,漏掉的中位 `#762`** —— 抓到的几乎",0,0,0,0
README_zh.md,140089,10.4%,"`(Entry 829) 〔账本自己〕 ⟨正控:已知阳性 `#802`①→`#808` **同时**进真值集且被抓到 ⇒ 两个仪器都不瞎;负控:不存在的 `#999`① **两边都不开火**;⚠ 跑前写下的最强混淆:**真值集只覆盖账本全部 671 处引用的 10.4%** ⇒ **召回率高也只说明「在我看得见的那部分里一致」,不是全局召回**;⚠ **改不了的**:真值集也是我写的规则,**它与匹配器可能因同一个原因同时失效** ⇒ **18.",0,0,0,0
README_zh.md,140179,**18.6%,"不开火**;⚠ 跑前写下的最强混淆:**真值集只覆盖账本全部 671 处引用的 10.4%** ⇒ **召回率高也只说明「在我看得见的那部分里一致」,不是全局召回**;⚠ **改不了的**:真值集也是我写的规则,**它与匹配器可能因同一个原因同时失效** ⇒ **18.6% 是上界估计,真实召回只会更低**⟩|  **而 `#827` 数、`#828` 列、`#829` 量 —— 三轮各造了一把新尺子去量同一件事,三轮都失败了。****所以这一轮不造",1,0,0,0
README_zh.md,141980,18.6%,"不了**⟩|  **而 `#828` 那个「0/26」被自己标成不可引用之后,这一轮去量它 —— 难点只有一句话:真值集不能用匹配器的模式去建,否则是自证。****真值集只用位置,匹配器只用动词,两者不共用任何模式。结果:70 条真值里只抓到 13 条,召回 18.6%。**⚠⚠ **而漏掉的 57 条给出的诊断比召回率重要得多:抓到的中位条目号是 `#808`,漏掉的中位是 `#762`。****这个匹配器认得的是我最近的写法。** 早期条目写",0,0,0,0
README_zh.md,145354,5.9%," 62 格族配最保守的 BY);而 `homosex`/2000s 在窄族下存活、在 62 格族与 `religion34`+BY 下都死。** ⇒ **正确说法:九十年代那一格与家族定义无关;两千年代那一格取决于你把什么算作一族。**| | **负控失败在 5.9%,而那正是 95% 区间的额定值:整张网格从来没做过多重性** | **`#820` 登记的那笔债到期**(「补上多种子之前,单个格子不许当硬事实」,而我随即用单个格子拼出一个计数",0,0,1,0
README_zh.md,145364,95%,"的 BY);而 `homosex`/2000s 在窄族下存活、在 62 格族与 `religion34`+BY 下都死。** ⇒ **正确说法:九十年代那一格与家族定义无关;两千年代那一格取决于你把什么算作一族。**| | **负控失败在 5.9%,而那正是 95% 区间的额定值:整张网格从来没做过多重性** | **`#820` 登记的那笔债到期**(「补上多种子之前,单个格子不许当硬事实」,而我随即用单个格子拼出一个计数写进 NEXT):",0,0,1,0
README_zh.md,145628,5.9%,"**;**逐格标记的种子间翻转数 = 0**;**6 个格的边界距离 < 0.10**(`homosex`/1980s · `teensex`/2000s · `sexeduc`/1990s,两个 `B` 下相同)| ⚠⚠ **负控失败,失败值 2/34 = 5.9% —— 那不是 bug,那正是 95% 自助区间的额定假阳率** ⇒ **两件事同时为真,而不许用第一件开脱第二件**:**① 我的负控期望写错了** —— 我向一个 5% 额定率",0,0,1,0
README_zh.md,145648,95%,"**;**6 个格的边界距离 < 0.10**(`homosex`/1980s · `teensex`/2000s · `sexeduc`/1990s,两个 `B` 下相同)| ⚠⚠ **负控失败,失败值 2/34 = 5.9% —— 那不是 bug,那正是 95% 自助区间的额定假阳率** ⇒ **两件事同时为真,而不许用第一件开脱第二件**:**① 我的负控期望写错了** —— 我向一个 5% 额定率的程序索要 **0**(`realst",0,0,1,0
README_zh.md,145716,5%,"`/1990s,两个 `B` 下相同)| ⚠⚠ **负控失败,失败值 2/34 = 5.9% —— 那不是 bug,那正是 95% 自助区间的额定假阳率** ⇒ **两件事同时为真,而不许用第一件开脱第二件**:**① 我的负控期望写错了** —— 我向一个 5% 额定率的程序索要 **0**(`realstat`「控制因为自己的理由失败」第 ② 型:预设了方法做不到的事);**②(六轮以来最该被发现的)整张网格从来没做过多重性校正** —",0,0,1,0
README_zh.md,145879,5%,"自己的理由失败」第 ② 型:预设了方法做不到的事);**②(六轮以来最该被发现的)整张网格从来没做过多重性校正** —— **`G3` 要的是 family-wise 整张网格,而我一直只做到「整张网格全报」,从没按格数调过标记阈值** ⇒ **34 格 × 5% ⇒ 纯噪声下期望约 1.7 格被标记,而 `#819` 的真实网格一共只标记了 4–5 格** ⇒ **观测标记数只有期望假阳数的 2.5–3 倍,且没有一个做过校正 ⇒ `#8",0,0,0,0
README_zh.md,146260,5.9%,"被校正杀掉的那个**;⇒ **一句关于人的话,而这一轮它是关于我自己的读法的:我一直在一张三十多格的网格上找「哪几个十年不寻常」,而一张这么大的网格,纯靠运气就会给出一两个「不寻常」。我数了标记,却从来没有减掉运气该给的那一份。** `[#825「负控失败在 5.9%」]`(Entry 825) 〔GSS〕 ⟨正控:位移全集中在 `homosex` 1990s ⇒ 该格 **5/5** 种子被标记,仪器会开火;⚠ 前提:**两个 `B` 都跑并",0,0,0,0
README_zh.md,147498,95%,"x`**(零 2.26)⇒ **kill 反着开火:不是五种下的冠军,最小倍数 1.49 < 1.5** | ⚠⚠ **最锋利的一条不是 kill,是负控**:**八个带噪声的量取 max ÷ 亚军按构造 > 1** —— 匀速世界的中位就有 1.4–1.6、95% 分位 1.75–2.26,**而观测的 1.49× 与 1.56× 比那个零还小** ⇒ **「它比别人跳得更厉害」在任何按作答离散度标准化的口径下都不成立**;⚠ 而 ① 与 ",0,0,0,0
README_zh.md,148560,5.9%,"**⟩|  **而 `#824`② 那条「唯一」建立在单个格子上,`#820` 早就登记过「补上多种子之前,单个格子不许当硬事实」——这一轮是那笔债到期。****结果:逐格标记在五个种子间一次都没翻(两个 `B` 都是),但负控失败了,失败值是 2/34 = 5.9%。****⚠⚠ 而 5.9% 不是 bug —— 那正是 95% 自助区间的额定假阳率。**⇒ **两件事同时为真:① 我的负控向一个 5% 额定率的程序索要 0,期望写错了;② ",0,0,1,0
README_zh.md,148574,5.9%,"4`② 那条「唯一」建立在单个格子上,`#820` 早就登记过「补上多种子之前,单个格子不许当硬事实」——这一轮是那笔债到期。****结果:逐格标记在五个种子间一次都没翻(两个 `B` 都是),但负控失败了,失败值是 2/34 = 5.9%。****⚠⚠ 而 5.9% 不是 bug —— 那正是 95% 自助区间的额定假阳率。**⇒ **两件事同时为真:① 我的负控向一个 5% 额定率的程序索要 0,期望写错了;② 而更重要的是 —— 整张网格",0,0,1,0
README_zh.md,148593,95%,"`#820` 早就登记过「补上多种子之前,单个格子不许当硬事实」——这一轮是那笔债到期。****结果:逐格标记在五个种子间一次都没翻(两个 `B` 都是),但负控失败了,失败值是 2/34 = 5.9%。****⚠⚠ 而 5.9% 不是 bug —— 那正是 95% 自助区间的额定假阳率。**⇒ **两件事同时为真:① 我的负控向一个 5% 额定率的程序索要 0,期望写错了;② 而更重要的是 —— 整张网格从来没有做过多重性校正。****34",0,0,1,0
README_zh.md,148632,5%,"笔债到期。****结果:逐格标记在五个种子间一次都没翻(两个 `B` 都是),但负控失败了,失败值是 2/34 = 5.9%。****⚠⚠ 而 5.9% 不是 bug —— 那正是 95% 自助区间的额定假阳率。**⇒ **两件事同时为真:① 我的负控向一个 5% 额定率的程序索要 0,期望写错了;② 而更重要的是 —— 整张网格从来没有做过多重性校正。****34 个格 × 5%,纯噪声下期望约 1.7 个格被标记,而 `#819` 的真",0,0,1,0
README_zh.md,148692,5%,"9%。****⚠⚠ 而 5.9% 不是 bug —— 那正是 95% 自助区间的额定假阳率。**⇒ **两件事同时为真:① 我的负控向一个 5% 额定率的程序索要 0,期望写错了;② 而更重要的是 —— 整张网格从来没有做过多重性校正。****34 个格 × 5%,纯噪声下期望约 1.7 个格被标记,而 `#819` 的真实网格一共只标记了 4–5 个。**⇒ **观测只有期望假阳的 2.5–3 倍,且一个都没校正过。**⇒ **一句关于人",0,0,1,0
README_zh.md,148894,5.9%,"且一个都没校正过。**⇒ **一句关于人的话,而这一轮它是关于我自己的读法的:我一直在一张三十多格的网格上找「哪几个十年不寻常」,而一张这么大的网格,纯靠运气就会给出一两个「不寻常」。我数了标记,却从来没有减掉运气该给的那一份。** `[#825「负控失败在 5.9%」]` | **更多年份只对「用上全部年份」的估计量有用;而 `#111c` 在这里开火** | **把「噪声底真的降下来了吗」写成闸 ⓪,排在所有关于人的判断之前(`#822` ",0,0,0,0
README_zh.md,149689,95%,"*换方向,不许追第三次** ⇒ **这个问题就此关闭,而它是被规矩关闭的,不是被答案关闭的 —— 它留下的不是一个答案,是一条边界** `[#823「更多年份只对「用上全部年份」的估计量有用」]`(Entry 823) 〔GSS〕 ⟨⚠ **正控要自己揭**:95% 跨度 [−0.2515, −0.2515],**宽度恰好为零** —— 那不是「噪声极小」,是**我造的植入世界里末年由首年同世代均值确定性生成,按构造不抖** ⇒ **它是确定",0,0,1,0
README_zh.md,150177,95%,"`#823` 派我去解释那个「2.5 倍」——于是先用零算力的一击打它自己:那个倍数是原始量表分算的,而八题的档数是 2–5。****五种归一化下:原始分 2.24 倍,除以人际标准差只剩 1.49 倍,而八题全匀速时随机产生的倍数,中位就有 1.4–1.6、95% 分位 1.75。****观测比那个零还小。第五种口径下冠军甚至换成了 `teensex`。**⇒ **「2.5 倍」在此撤回,而 `#823` 派我去解释的东西不存在 —— 一次",0,0,0,0
README_zh.md,153904,76.9%,"/2000s 只有 −0.293/−0.325 且都判分辨不出** ⇒ **两个预注册世界都死了**:世界 B(政治轴同步)被 kill 打掉(`polviews` 众数 **1/7** 题),世界 A(两轴同一张网格)也不成立(逐格一致 **30/39 = 76.9%**,而 **9 个不一致里有 8 个是「虔诚判偏离、政治判分辨不出」**)| ⚠⚠ **跑前写下的最强混淆被实测大幅推翻,这是本轮成立的关键**:我预写「虔诚与政治保守高度相关 ",0,0,0,0
README_zh.md,157242,95%,"不足 ⇒ **「2010 年代之后」本轮答不了**⟩ ⚠⚠ **`#824` 追加 —— 这一行里的「2.5 倍」已撤回**:那个倍数是**原始量表分**算的,而八题档数 2–5;换成除以人际 SD 只剩 **1.49×**,而**八题全匀速时随机产生的倍数,95% 分位就有 1.75** ⇒ **观测比零还小**;第五种归一化下冠军甚至换成 `teensex` ⇒ **「它比别人跳得更厉害」不成立**。⚠ **本行没有被撤的部分**:「只有",0,0,0,0
README_zh.md,160115,**14.7%,"粹的「走」;而两千年代的虔诚者根本没动** | **世代拆解推到 2000s**(`#813` 说那个十年「几乎全是分歧」,**而它同样没检验过「走」这个前提**):1990s Δgap −0.587 = 态度 −0.501 + 构成 −0.086 ⇒ 份额 **14.7% [1.1%, 37.9%]**;2000s Δgap −0.466 = 态度 −0.423 + 构成 −0.043 ⇒ 份额 **9.2% [0.5%, 37.8%]** ⇒ *",0,1,1,0
README_zh.md,160124,1.1%,"年代的虔诚者根本没动** | **世代拆解推到 2000s**(`#813` 说那个十年「几乎全是分歧」,**而它同样没检验过「走」这个前提**):1990s Δgap −0.587 = 态度 −0.501 + 构成 −0.086 ⇒ 份额 **14.7% [1.1%, 37.9%]**;2000s Δgap −0.466 = 态度 −0.423 + 构成 −0.043 ⇒ 份额 **9.2% [0.5%, 37.8%]** ⇒ **两个区间重",0,1,1,0
README_zh.md,160130,37.9%,"根本没动** | **世代拆解推到 2000s**(`#813` 说那个十年「几乎全是分歧」,**而它同样没检验过「走」这个前提**):1990s Δgap −0.587 = 态度 −0.501 + 构成 −0.086 ⇒ 份额 **14.7% [1.1%, 37.9%]**;2000s Δgap −0.466 = 态度 −0.423 + 构成 −0.043 ⇒ 份额 **9.2% [0.5%, 37.8%]** ⇒ **两个区间重叠 ⇒ 说不出",0,1,1,0
README_zh.md,160186,**9.2%,"过「走」这个前提**):1990s Δgap −0.587 = 态度 −0.501 + 构成 −0.086 ⇒ 份额 **14.7% [1.1%, 37.9%]**;2000s Δgap −0.466 = 态度 −0.423 + 构成 −0.043 ⇒ 份额 **9.2% [0.5%, 37.8%]** ⇒ **两个区间重叠 ⇒ 说不出两个十年的机制不同;而两个份额区间都排除 0 ⇒ 两次张开都不是纯粹的「走」** | ⚠⚠ **并排放在一起之后冒",0,1,1,0
README_zh.md,160194,0.5%,"**):1990s Δgap −0.587 = 态度 −0.501 + 构成 −0.086 ⇒ 份额 **14.7% [1.1%, 37.9%]**;2000s Δgap −0.466 = 态度 −0.423 + 构成 −0.043 ⇒ 份额 **9.2% [0.5%, 37.8%]** ⇒ **两个区间重叠 ⇒ 说不出两个十年的机制不同;而两个份额区间都排除 0 ⇒ 两次张开都不是纯粹的「走」** | ⚠⚠ **并排放在一起之后冒出一件 `#",0,1,1,0
README_zh.md,160200,37.8%,"90s Δgap −0.587 = 态度 −0.501 + 构成 −0.086 ⇒ 份额 **14.7% [1.1%, 37.9%]**;2000s Δgap −0.466 = 态度 −0.423 + 构成 −0.043 ⇒ 份额 **9.2% [0.5%, 37.8%]** ⇒ **两个区间重叠 ⇒ 说不出两个十年的机制不同;而两个份额区间都排除 0 ⇒ 两次张开都不是纯粹的「走」** | ⚠⚠ **并排放在一起之后冒出一件 `#813` 与 ",0,1,1,0
README_zh.md,161426,14.7%,"项**:虔诚层 +0.215 = 态度 **+0.166** + 构成 +0.049;非虔诚层 +0.802 = 态度 **+0.667** + 构成 +0.135 ⇒ **`Δgap` −0.587 = 态度 −0.501 + 构成 −0.086,构成项占 14.7%,自助区间 [1.2%, 36.5%] —— 上界越过预注册的 1/3,kill 反着开火** | ⚠⚠ **`#813` 那句「两群人朝不同方向走」预设了同一批人在移动,而那个前",1,0,1,0
README_zh.md,161438,1.2%,"15 = 态度 **+0.166** + 构成 +0.049;非虔诚层 +0.802 = 态度 **+0.667** + 构成 +0.135 ⇒ **`Δgap` −0.587 = 态度 −0.501 + 构成 −0.086,构成项占 14.7%,自助区间 [1.2%, 36.5%] —— 上界越过预注册的 1/3,kill 反着开火** | ⚠⚠ **`#813` 那句「两群人朝不同方向走」预设了同一批人在移动,而那个前提从没被检验过** —",1,0,1,0
README_zh.md,161444,36.5%,"度 **+0.166** + 构成 +0.049;非虔诚层 +0.802 = 态度 **+0.667** + 构成 +0.135 ⇒ **`Δgap` −0.587 = 态度 −0.501 + 构成 −0.086,构成项占 14.7%,自助区间 [1.2%, 36.5%] —— 上界越过预注册的 1/3,kill 反着开火** | ⚠⚠ **`#813` 那句「两群人朝不同方向走」预设了同一批人在移动,而那个前提从没被检验过** —— **一个反",1,0,1,0
README_zh.md,162208,95%,"世代权重冻结、只有态度变)⇒ 份额中位 **0.044** [0.003, 0.237],⚠ **这一次参照真的是 0**,而容差按 `#815` 刚立的规矩取它**自己量出来的噪声半宽 0.117**;⚠ **正控要自己揭一下,不然读起来比实际强**:它的 95% 跨度是 [1.000, 1.000]、半宽 0.000,**那不是「噪声极小」,是我造的世界里态度项按构造恒为 0 ⇒ 份额恒等于 1** ⇒ **它是一条确定性的代码检查,不是",0,1,1,0
README_zh.md,163815,95%,"805`/`#806` 的负控各重抽 200 次,每个起点跑两个合成样本量**(⚠ **不搬 `#813` 那个 ±0.33** —— 它是在 1990 起点上量的,搬一个数正是 `#813` 自己刚点名的错):两轮负控中位都回到 ~1.0,而**它们自己的 95% 噪声半宽是 0.29–0.57** ⇒ **当初的容差 0.08 只有它的 0.14×–0.28×**,四个格全部如此,**且不随合成样本量翻转**(n=2000 与 4000 ",1,0,1,0
README_zh.md,165321,95%,"没人问的问题**;⚠⚠⚠ **而最该带走的一条打到 `#805` 与 `#806` 自己身上**:第一版负控只抽一次得 +0.8475(容差 0.10)⇒ FAIL,**而放宽容差就是拿闸迁就结果,不许** ⇒ 改成 **200 次重抽:中位 +1.0057,95% 范围 [+0.7657, +1.4390]** ⇒ **仪器没有偏,那次失败是抽样噪声**;**但回头看,`#805`/`#806` 的同一条负控也各自只抽了一次,而容差是 0.",0,0,1,0
README_zh.md,165814,38%,"分歧」]`(Entry 813) 〔GSS〕 ⟨正控(Δ 不同)+0.4300 < 0.80;正控在 g=0 时不开火;kill 判的是**偏差校正之后**的区间(偏差 +0.0057,结论不变);⚠ 筛子剔除 1990s 与 2000s 的**非虔诚臂**(38%/32% 可达幅度)⇒ **两个十年都只剩一条定标臂,「规格曲线」是 2 格 = 2 个连接函数,不是曲线**;⚠ **`#812`③ 的新规矩本轮第一次执行**:凡 `UNRES",0,0,1,0
README_zh.md,165818,32%,"`(Entry 813) 〔GSS〕 ⟨正控(Δ 不同)+0.4300 < 0.80;正控在 g=0 时不开火;kill 判的是**偏差校正之后**的区间(偏差 +0.0057,结论不变);⚠ 筛子剔除 1990s 与 2000s 的**非虔诚臂**(38%/32% 可达幅度)⇒ **两个十年都只剩一条定标臂,「规格曲线」是 2 格 = 2 个连接函数,不是曲线**;⚠ **`#812`③ 的新规矩本轮第一次执行**:凡 `UNRESOLVE",0,0,1,0
README_zh.md,166185,14.7%,"⟩ ⚠⚠ **`#816` 追加**:这一行说的「两群人朝不同方向走」**预设了同一批人在移动,而那个前提当时没被检验过**。`#816` 把 1990→1998 的 `Δgap` 按出生世代拆开:**态度项 −0.501 · 构成项 −0.086,构成项占 14.7% [1.2%, 36.5%],区间排除 0** ⇒ **大部分确实是改了主意(而且两层都改了:虔诚者态度项 +0.166,其余人 +0.667),但大约七分之一根本不是「走」,是两",1,0,1,0
README_zh.md,166192,1.2%,"`#816` 追加**:这一行说的「两群人朝不同方向走」**预设了同一批人在移动,而那个前提当时没被检验过**。`#816` 把 1990→1998 的 `Δgap` 按出生世代拆开:**态度项 −0.501 · 构成项 −0.086,构成项占 14.7% [1.2%, 36.5%],区间排除 0** ⇒ **大部分确实是改了主意(而且两层都改了:虔诚者态度项 +0.166,其余人 +0.667),但大约七分之一根本不是「走」,是两群人的世代构",1,0,1,0
README_zh.md,166198,36.5%," 追加**:这一行说的「两群人朝不同方向走」**预设了同一批人在移动,而那个前提当时没被检验过**。`#816` 把 1990→1998 的 `Δgap` 按出生世代拆开:**态度项 −0.501 · 构成项 −0.086,构成项占 14.7% [1.2%, 36.5%],区间排除 0** ⇒ **大部分确实是改了主意(而且两层都改了:虔诚者态度项 +0.166,其余人 +0.667),但大约七分之一根本不是「走」,是两群人的世代构成变了** ⇒",1,0,1,0
README_zh.md,168151,95%,"它的数没有错):它算在整段五十年上,**把两个裂开的十年和三个没动的十年混在一起 —— 它描述的不是任何一个真实发生过的过程。** ⚠⚠⚠ **而最该带走的一条打在我自己前两轮身上**:本轮负控第一次只抽一次就失败,而重抽 200 次后中位是 +1.0057、95% 范围 [+0.77, +1.44] ——**仪器没有偏,那次失败是噪声;可 `#805` 与 `#806` 的同一条负控也各自只抽了一次,容差却是 0.08,比它自己的噪声跨度窄",0,0,1,0
README_zh.md,174733,42%,"注 13/版** | ⚠⚠ **这一轮要说的不是「补了 24 处」,是那 24 处补的到底是什么**:`#801` 页面上写的是「那套对照**从来没跑到**这一对上」(**语气是欠账**,读者读到「以后会补」),而 `#806` 实测的是 `sexeduc` 42%/31% · `racmar` 72%/71% 两条定标臂全超 30% 可达幅度 ⇒ 零个可用格 ⇒ **不是没跑,是跑不了** ——**「欠账」与「结构性不可能」对读者的意思相反",0,0,0,0
README_zh.md,174737,31%,"/版** | ⚠⚠ **这一轮要说的不是「补了 24 处」,是那 24 处补的到底是什么**:`#801` 页面上写的是「那套对照**从来没跑到**这一对上」(**语气是欠账**,读者读到「以后会补」),而 `#806` 实测的是 `sexeduc` 42%/31% · `racmar` 72%/71% 两条定标臂全超 30% 可达幅度 ⇒ 零个可用格 ⇒ **不是没跑,是跑不了** ——**「欠账」与「结构性不可能」对读者的意思相反:一个说",0,0,0,0
README_zh.md,174752,72%,"要说的不是「补了 24 处」,是那 24 处补的到底是什么**:`#801` 页面上写的是「那套对照**从来没跑到**这一对上」(**语气是欠账**,读者读到「以后会补」),而 `#806` 实测的是 `sexeduc` 42%/31% · `racmar` 72%/71% 两条定标臂全超 30% 可达幅度 ⇒ 零个可用格 ⇒ **不是没跑,是跑不了** ——**「欠账」与「结构性不可能」对读者的意思相反:一个说这条路以后会通,一个说这条路没",0,0,0,0
README_zh.md,174756,71%,"是「补了 24 处」,是那 24 处补的到底是什么**:`#801` 页面上写的是「那套对照**从来没跑到**这一对上」(**语气是欠账**,读者读到「以后会补」),而 `#806` 实测的是 `sexeduc` 42%/31% · `racmar` 72%/71% 两条定标臂全超 30% 可达幅度 ⇒ 零个可用格 ⇒ **不是没跑,是跑不了** ——**「欠账」与「结构性不可能」对读者的意思相反:一个说这条路以后会通,一个说这条路没有,而页",0,0,0,0
README_zh.md,174768,30%,"那 24 处补的到底是什么**:`#801` 页面上写的是「那套对照**从来没跑到**这一对上」(**语气是欠账**,读者读到「以后会补」),而 `#806` 实测的是 `sexeduc` 42%/31% · `racmar` 72%/71% 两条定标臂全超 30% 可达幅度 ⇒ 零个可用格 ⇒ **不是没跑,是跑不了** ——**「欠账」与「结构性不可能」对读者的意思相反:一个说这条路以后会通,一个说这条路没有,而页面整整六轮一直在用前一种",0,0,0,0
README_zh.md,175418,0.6%,"不欠;⚠ **改不了的**:标注是同一句话复制 24 遍,**保证了一致性也保证了噪声** —— 更好的做法是页面顶部一个「能力边界」区块 + 逐处指过去,**而页面现在没有这个区块,登记为下一轮的结构问题,不假装本轮解决了**⟩| | **换边不是刻度造的(0.6%);而顶对这个设计够不着** | **共同位移对照推到八题(18 格全报,6/8 题有可用格)**:`helpblk`(5 档)两层差距 **−0.344 → +0.333,跨过零",0,0,0,0
README_zh.md,175568,0.6%," **共同位移对照推到八题(18 格全报,6/8 题有可用格)**:`helpblk`(5 档)两层差距 **−0.344 → +0.333,跨过零**,而共同位移下预测末年是 **−0.352(仍在原侧)**,两格都没复现跨零,**自助 1000 次复现率 0.6%/0.7%**,`explained` = **−0.011 [−0.033, +0.008]**;`spanking` +0.008 ~ +0.036 四格全排除 1;`homo",0,0,1,0
README_zh.md,175573,0.7%,"位移对照推到八题(18 格全报,6/8 题有可用格)**:`helpblk`(5 档)两层差距 **−0.344 → +0.333,跨过零**,而共同位移下预测末年是 **−0.352(仍在原侧)**,两格都没复现跨零,**自助 1000 次复现率 0.6%/0.7%**,`explained` = **−0.011 [−0.033, +0.008]**;`spanking` +0.008 ~ +0.036 四格全排除 1;`homosex` ",0,0,1,0
README_zh.md,175792,42%,"sex` +0.429 [+0.242,+0.754] · +0.557 [+0.311,+0.949] ⇒ **「虔诚层在这道题上从落后走到领先」站得住,而它现在有对照了** | ⚠⚠ **同一张网格给了三件不想要的事**:① **顶对(`sexeduc` 42%/31% · `racmar` 72%/71%)两条定标臂都超 30% 可达幅度 ⇒ 零个可用格 —— 这个设计**结构性**够不着,而整页的 `r` 故事就靠这一对撑着;`#80",0,0,1,0
README_zh.md,175796,31%," +0.429 [+0.242,+0.754] · +0.557 [+0.311,+0.949] ⇒ **「虔诚层在这道题上从落后走到领先」站得住,而它现在有对照了** | ⚠⚠ **同一张网格给了三件不想要的事**:① **顶对(`sexeduc` 42%/31% · `racmar` 72%/71%)两条定标臂都超 30% 可达幅度 ⇒ 零个可用格 —— 这个设计**结构性**够不着,而整页的 `r` 故事就靠这一对撑着;`#801` 当",0,0,1,0
README_zh.md,175811,72%,",+0.754] · +0.557 [+0.311,+0.949] ⇒ **「虔诚层在这道题上从落后走到领先」站得住,而它现在有对照了** | ⚠⚠ **同一张网格给了三件不想要的事**:① **顶对(`sexeduc` 42%/31% · `racmar` 72%/71%)两条定标臂都超 30% 可达幅度 ⇒ 零个可用格 —— 这个设计**结构性**够不着,而整页的 `r` 故事就靠这一对撑着;`#801` 当时写「从来没跑到这一对上」,*",0,0,1,0
README_zh.md,175815,71%,"754] · +0.557 [+0.311,+0.949] ⇒ **「虔诚层在这道题上从落后走到领先」站得住,而它现在有对照了** | ⚠⚠ **同一张网格给了三件不想要的事**:① **顶对(`sexeduc` 42%/31% · `racmar` 72%/71%)两条定标臂都超 30% 可达幅度 ⇒ 零个可用格 —— 这个设计**结构性**够不着,而整页的 `r` 故事就靠这一对撑着;`#801` 当时写「从来没跑到这一对上」,**现在才",0,0,1,0
README_zh.md,175827,30%,"7 [+0.311,+0.949] ⇒ **「虔诚层在这道题上从落后走到领先」站得住,而它现在有对照了** | ⚠⚠ **同一张网格给了三件不想要的事**:① **顶对(`sexeduc` 42%/31% · `racmar` 72%/71%)两条定标臂都超 30% 可达幅度 ⇒ 零个可用格 —— 这个设计**结构性**够不着,而整页的 `r` 故事就靠这一对撑着;`#801` 当时写「从来没跑到这一对上」,**现在才知道不是没跑,是跑不了*",0,0,1,0
README_zh.md,176604,95%,";⚠ 档数 [2,4,5],**不跨档排序**⟩ ⚠⚠ **`#814` 追加(而两轮的结论都不改变,改变的是能声称的强度)**:这一行当初写的「控制全过」**不成立** —— 该轮的**负控只抽了一次**,而 `#814` 把它重抽 200 次量出它自己的 95% 噪声半宽是 **0.29–0.57**,**当初的容差 0.08 只有它的 0.14×–0.28×**(两个合成样本量同判)⇒ **那条负控是随机开火的:通过与失败都不携带信息*",1,0,1,0
README_zh.md,177780,63.5%,"坐落于阈值上的量上没有分辨力** ⇒ 改成**两个互相独立的排除**(排除 1 ⇒ 有分歧;排除 0 ⇒ 刻度在贡献);⚠⚠ **而本轮真正的机械发现是我一轮前刚建的那个闸出了问题**:第一版拿 `headroom_control` 去**筛选**,非虔诚臂 63.5% 超限 ⇒ 控制行 FAIL ⇒ 整轮 `admissible()` = False,**可是那条臂已经被正确剔除、从来没进过网格** ⇒ **筛子失败 = 这一格不能用;控制失败",0,0,0,0
README_zh.md,178509,95%," 共享阈值是假设,**DIF 结构性测不了**⟩ ⚠⚠ **`#814` 追加(而两轮的结论都不改变,改变的是能声称的强度)**:这一行当初写的「控制全过」**不成立** —— 该轮的**负控只抽了一次**,而 `#814` 把它重抽 200 次量出它自己的 95% 噪声半宽是 **0.29–0.57**,**当初的容差 0.08 只有它的 0.14×–0.28×**(两个合成样本量同判)⇒ **那条负控是随机开火的:通过与失败都不携带信息*",1,0,0,0
README_zh.md,178797,0.6%,"一个对照推到八题上 —— 最尖锐的那一格给了一个干净的答案。****`helpblk`(政府该不该帮黑人)的两层差距从 −0.344 走到 +0.333,跨过了零;而共同位移下的预测末年差距是 −0.352,仍在原来那一侧,自助一千次里只有六次能造出这次换边(0.6%)。**⇒ **一句关于人的话:在「政府该不该帮黑人」上,虔诚的美国人不是走得慢 —— 他们换了边。****1975 年他们比其余人更不支持,2024 年他们比其余人更支持,而这不",0,0,1,0
README_zh.md,178982,30%,"***1975 年他们比其余人更不支持,2024 年他们比其余人更支持,而这不是尺子的错觉。** ⚠⚠ 同一张网格给了三件我不想要的事,三件都要写:① **顶对(`sexeduc`·`racmar`)这个设计够不着,而且是结构性的** —— 两条定标臂都超过 30% 可达幅度,零个可用格;而整页的 `r` 故事就靠这一对撑着。`#801` 当时写的是「那套对照从来没跑到这一对上」,**现在才知道不是没跑,是跑不了。**② **三题的区间跨到 ",0,0,1,0
README_zh.md,179381,30%,"几乎解释不了任何一部分,**所以那句一般化的话要缩回 `homosex`。** `[#806「换边不是刻度造的」]` | **那条规矩写在账本里,而账本不执行任何东西** | **`#801` 立下「控制不许要求一个接近可达上限的变化」并把标准定在可达幅度的 30%,而一轮之后 `#803` 又建了一遍** ⇒ 变成 `lib/gates.py` 里的 `Gate.headroom()` + `Gate.headroom_control()`",0,0,0,0
README_zh.md,179573,181.8%,"()` + `Gate.headroom_control()`(`HEADROOM_MAX = 0.30`,进 `_control_rows` ⇒ 直接压 `admissible()`);**回测 4 例、答案事先已知:2/2 该抓的抓住(`#801` 修前 181.8% · `#803` `fit` 定标=非虔诚 89.8%),2/2 该过的过(30.0% · 21.8%)**;⚠ **而它对两格我没判过的格子给出新判定**(`raw` 定标=非",0,1,0,1
README_zh.md,179602,89.8%,")`(`HEADROOM_MAX = 0.30`,进 `_control_rows` ⇒ 直接压 `admissible()`);**回测 4 例、答案事先已知:2/2 该抓的抓住(`#801` 修前 181.8% · `#803` `fit` 定标=非虔诚 89.8%),2/2 该过的过(30.0% · 21.8%)**;⚠ **而它对两格我没判过的格子给出新判定**(`raw` 定标=非虔诚 63.5% 抓住 · `fit` 定标=虔诚 28",0,1,0,1
README_zh.md,179618,30.0%," = 0.30`,进 `_control_rows` ⇒ 直接压 `admissible()`);**回测 4 例、答案事先已知:2/2 该抓的抓住(`#801` 修前 181.8% · `#803` `fit` 定标=非虔诚 89.8%),2/2 该过的过(30.0% · 21.8%)**;⚠ **而它对两格我没判过的格子给出新判定**(`raw` 定标=非虔诚 63.5% 抓住 · `fit` 定标=虔诚 28.0% 过)⇒ **同时满足「r",0,1,0,1
README_zh.md,179626,21.8%,",进 `_control_rows` ⇒ 直接压 `admissible()`);**回测 4 例、答案事先已知:2/2 该抓的抓住(`#801` 修前 181.8% · `#803` `fit` 定标=非虔诚 89.8%),2/2 该过的过(30.0% · 21.8%)**;⚠ **而它对两格我没判过的格子给出新判定**(`raw` 定标=非虔诚 63.5% 抓住 · `fit` 定标=虔诚 28.0% 过)⇒ **同时满足「raw 口径自洽」",0,1,0,1
README_zh.md,179672,63.5%,"4 例、答案事先已知:2/2 该抓的抓住(`#801` 修前 181.8% · `#803` `fit` 定标=非虔诚 89.8%),2/2 该过的过(30.0% · 21.8%)**;⚠ **而它对两格我没判过的格子给出新判定**(`raw` 定标=非虔诚 63.5% 抓住 · `fit` 定标=虔诚 28.0% 过)⇒ **同时满足「raw 口径自洽」与「三成上限」的只剩两格:+0.429 与 +0.557,中位 +0.493 —— 仍骑在 ",0,0,0,0
README_zh.md,179695,28.0%,"801` 修前 181.8% · `#803` `fit` 定标=非虔诚 89.8%),2/2 该过的过(30.0% · 21.8%)**;⚠ **而它对两格我没判过的格子给出新判定**(`raw` 定标=非虔诚 63.5% 抓住 · `fit` 定标=虔诚 28.0% 过)⇒ **同时满足「raw 口径自洽」与「三成上限」的只剩两格:+0.429 与 +0.557,中位 +0.493 —— 仍骑在 0.50 上** ⇒ **`#803` 的实质",0,0,0,0
README_zh.md,180404,30%,"**⟩|  **而 `#803` 与 `#804` 两次都骑在阈值 0.50 上(+0.478、+0.493),那不是数值巧合,是一个阈值判据在坐落于阈值上的量上没有分辨力** ⇒ 换判据,报区间。收紧到唯一自洽的口径(端点只取 `raw`)、每条定标臂先过 30% 可达幅度的筛子之后,只剩虔诚定标那一条臂:**`explained` = +0.429 [+0.240, +0.747](probit)与 +0.557 [+0.327, +0.",0,0,1,0
README_zh.md,181427,95%,"+0.975** [+0.965, +0.980];零(打乱面标签)0.453;⚠ **预注册的判据按字面判「结构不同」,而安慰剂证明它的参照类错了 —— 组间量不能比组内天花板**;⚠⚠ **而那七个面的裁决是 UNVERIFIED**:打乱性别标签的零其 95% 分位 0.0281,是七个面 \|Δ\| 中位 0.0411 的 **68%**(Entry 720 · 727 · 728) 〔MSSCQ〕 ⟨排序 **2.10×** · 七",0,0,1,0
README_zh.md,181464,**68%,"53;⚠ **预注册的判据按字面判「结构不同」,而安慰剂证明它的参照类错了 —— 组间量不能比组内天花板**;⚠⚠ **而那七个面的裁决是 UNVERIFIED**:打乱性别标签的零其 95% 分位 0.0281,是七个面 \|Δ\| 中位 0.0411 的 **68%**(Entry 720 · 727 · 728) 〔MSSCQ〕 ⟨排序 **2.10×** · 七个面仅 **1.46×**〕| | **预注册说「真分歧」,而它的八格里有四格",0,0,0,0
README_zh.md,181973,89.8%,"判词是「这个设计分不开 A 与 B」:鸿沟扩大的部分里约一半是共同转变在这把尺上的投影,另一半不是** | ⚠⚠ **判据的四个 `fit` 格带着两处缺陷,而第一处正是 `#801` 一轮前刚立的规矩**:`fit` 定标在非虔诚臂上**要求走完可达幅度的 89.8%**(1.923 → 3.789,天花板 4)⇒ Δ 顶到 +2.018/+3.476、差距几乎不动 ⇒ `explained` 变负,**而把中位拖到 0.50 以下的恰恰就是这",0,0,0,0
README_zh.md,182824,95%,"线 ⇒ 偏掉是有意义的;⚠ **主规格是按 MDE 选的** —— 要求九个齐全会把 n 从 121 砍到 59、MDE 从 0.19 抬到 0.25(Entry 749 · 750) 〔SCCS〕 ⟨**2.94×**(0.5618 ÷ 打乱社会配对后的零 95% 分位 0.191);另为非性品格双变量上限 0.3030 的 1.85 倍〕| | **连唯一没饱和的那一题也判不了,而这是第二次 ⇒ 换方向** | 三个统计量在方向上不一致:",0,0,0,0
README_zh.md,183031,**60.9%," | 三个统计量在方向上不一致:三分位下原始**升**、斜率**升**、边际匹配**降**;五分位下原始**降**、斜率**升**、匹配**降**。而原始 ρ 的 spread 只有高斯零的 **0.8×**(五分位 0.75×),删失守门也未过(最高层端点 **60.9% ≥ 60%**) | ⚠ **闸两条都 FAIL,而两条都是跑之前写的 ⇒ 判词 UNVERIFIED,不改阈值、不选边**;⚠ 唯一在两种切法上都单调的是**边际匹配 ρ,而它",0,0,0,0
README_zh.md,183041,60%,"向上不一致:三分位下原始**升**、斜率**升**、边际匹配**降**;五分位下原始**降**、斜率**升**、匹配**降**。而原始 ρ 的 spread 只有高斯零的 **0.8×**(五分位 0.75×),删失守门也未过(最高层端点 **60.9% ≥ 60%**) | ⚠ **闸两条都 FAIL,而两条都是跑之前写的 ⇒ 判词 UNVERIFIED,不改阈值、不选边**;⚠ 唯一在两种切法上都单调的是**边际匹配 ρ,而它是下降的**",0,0,0,0
README_zh.md,183388,**60.9%,"平,**它们分歧的地方就是「这个交互定义在什么上」还没定下来**;⚠⚠ **同一问题连着第二次 UNVERIFIED ⇒ 触发换方向规则,交互这条线就此挂起**(Entry 773) 〔GSS〕 ⟨原始 spread **0.8×** 自己的高斯零;端点占比 **60.9%** 对预注册的 60%⟩| | **五条鸿沟在裂,三条在合;而同性恋那条翻了三倍** | **八题的两层差距(虔诚 − 非虔诚),拟合端点,两个规格方向一致 8/8**:`hom",1,0,0,0
README_zh.md,183404,60%,"交互定义在什么上」还没定下来**;⚠⚠ **同一问题连着第二次 UNVERIFIED ⇒ 触发换方向规则,交互这条线就此挂起**(Entry 773) 〔GSS〕 ⟨原始 spread **0.8×** 自己的高斯零;端点占比 **60.9%** 对预注册的 60%⟩| | **五条鸿沟在裂,三条在合;而同性恋那条翻了三倍** | **八题的两层差距(虔诚 − 非虔诚),拟合端点,两个规格方向一致 8/8**:`homosex` **−0.1",1,0,0,0
README_zh.md,185547,30%,"缩** —— **「起跑线远所以有更多空间」在这个模型里是假的**;⚠ 第一版控制「因自己的理由失败」:`dB` 硬写成 −0.20 而非虔诚层坐在 1.110(量表 1–3)**只能向下走 0.110** ⇒ 二分饱和、正控给 0.5502;改成可达幅度的 30%(−0.033)后**正控恰好回到 1.0000**,**而负控仍不单调 ⇒ 不是饱和的副作用,是真方向反了**(Entry 801) 〔GSS〕 ⟨正控 `identity_co",0,0,0,0
README_zh.md,186593,30%,"顶对的切法必须判存活 · 负控:`#789` 已杀的性/非性必须判被杀 · **六个候选定义跑前写死,跑完不许增删改**(否则我可以调措辞隔离出任何一对)⟩ ⚠ **而 `#806` 之后要带着一句:这套「共同位移」对照对顶对**够不着**,两条定标臂都超过 30% 可达幅度(`sexeduc` 42%/31% · `racmar` 72%/71%)⇒ 零个可用格,**结构性不可能,不是欠账**。**| | **顶对经住了造世界那一级:小分母",0,0,0,0
README_zh.md,186612,42%,"89` 已杀的性/非性必须判被杀 · **六个候选定义跑前写死,跑完不许增删改**(否则我可以调措辞隔离出任何一对)⟩ ⚠ **而 `#806` 之后要带着一句:这套「共同位移」对照对顶对**够不着**,两条定标臂都超过 30% 可达幅度(`sexeduc` 42%/31% · `racmar` 72%/71%)⇒ 零个可用格,**结构性不可能,不是欠账**。**| | **顶对经住了造世界那一级:小分母 + 噪声造不出 2.19 与 1.8",0,0,0,0
README_zh.md,186616,31%,"已杀的性/非性必须判被杀 · **六个候选定义跑前写死,跑完不许增删改**(否则我可以调措辞隔离出任何一对)⟩ ⚠ **而 `#806` 之后要带着一句:这套「共同位移」对照对顶对**够不着**,两条定标臂都超过 30% 可达幅度(`sexeduc` 42%/31% · `racmar` 72%/71%)⇒ 零个可用格,**结构性不可能,不是欠账**。**| | **顶对经住了造世界那一级:小分母 + 噪声造不出 2.19 与 1.84** ",0,0,0,0
README_zh.md,186631,72%,"**六个候选定义跑前写死,跑完不许增删改**(否则我可以调措辞隔离出任何一对)⟩ ⚠ **而 `#806` 之后要带着一句:这套「共同位移」对照对顶对**够不着**,两条定标臂都超过 30% 可达幅度(`sexeduc` 42%/31% · `racmar` 72%/71%)⇒ 零个可用格,**结构性不可能,不是欠账**。**| | **顶对经住了造世界那一级:小分母 + 噪声造不出 2.19 与 1.84** | 造一个**分母全部取自真实",0,0,0,0
README_zh.md,186635,71%,"候选定义跑前写死,跑完不许增删改**(否则我可以调措辞隔离出任何一对)⟩ ⚠ **而 `#806` 之后要带着一句:这套「共同位移」对照对顶对**够不着**,两条定标臂都超过 30% 可达幅度(`sexeduc` 42%/31% · `racmar` 72%/71%)⇒ 零个可用格,**结构性不可能,不是欠账**。**| | **顶对经住了造世界那一级:小分母 + 噪声造不出 2.19 与 1.84** | 造一个**分母全部取自真实观测、而",0,0,0,0
README_zh.md,187618,30%,"ity_control`(参照 **0.45 不是 0**)· 生成器中位偏差 ≤0.013 · **0.0043 离门槛 0.10 有 23 倍余量**⟩ ⚠ **而 `#806` 之后要带着一句:这套「共同位移」对照对顶对**够不着**,两条定标臂都超过 30% 可达幅度(`sexeduc` 42%/31% · `racmar` 72%/71%)⇒ 零个可用格,**结构性不可能,不是欠账**。**| | **撤回落地了,而更正分两种:断言",0,0,0,0
README_zh.md,187637,42%,".45 不是 0**)· 生成器中位偏差 ≤0.013 · **0.0043 离门槛 0.10 有 23 倍余量**⟩ ⚠ **而 `#806` 之后要带着一句:这套「共同位移」对照对顶对**够不着**,两条定标臂都超过 30% 可达幅度(`sexeduc` 42%/31% · `racmar` 72%/71%)⇒ 零个可用格,**结构性不可能,不是欠账**。**| | **撤回落地了,而更正分两种:断言它 vs 证明它稳定** | 结构定总",0,1,0,1
README_zh.md,187641,31%,"不是 0**)· 生成器中位偏差 ≤0.013 · **0.0043 离门槛 0.10 有 23 倍余量**⟩ ⚠ **而 `#806` 之后要带着一句:这套「共同位移」对照对顶对**够不着**,两条定标臂都超过 30% 可达幅度(`sexeduc` 42%/31% · `racmar` 72%/71%)⇒ 零个可用格,**结构性不可能,不是欠账**。**| | **撤回落地了,而更正分两种:断言它 vs 证明它稳定** | 结构定总体(带 ",0,1,0,1
README_zh.md,187656,72%,"差 ≤0.013 · **0.0043 离门槛 0.10 有 23 倍余量**⟩ ⚠ **而 `#806` 之后要带着一句:这套「共同位移」对照对顶对**够不着**,两条定标臂都超过 30% 可达幅度(`sexeduc` 42%/31% · `racmar` 72%/71%)⇒ 零个可用格,**结构性不可能,不是欠账**。**| | **撤回落地了,而更正分两种:断言它 vs 证明它稳定** | 结构定总体(带 `(Entry N)` 的表行",0,1,0,1
README_zh.md,187660,71%,".013 · **0.0043 离门槛 0.10 有 23 倍余量**⟩ ⚠ **而 `#806` 之后要带着一句:这套「共同位移」对照对顶对**够不着**,两条定标臂都超过 30% 可达幅度(`sexeduc` 42%/31% · `racmar` 72%/71%)⇒ 零个可用格,**结构性不可能,不是欠账**。**| | **撤回落地了,而更正分两种:断言它 vs 证明它稳定** | 结构定总体(带 `(Entry N)` 的表行 **9",0,1,0,1
README_zh.md,189407,30%,"× · `helpblk` 1.83×;底题区间宽 0.67 / 1.06 —— **要排出层次需要更窄的区间,而 `#790` 已证明没有更多年份点**⟩ ⚠ **而 `#806` 之后要带着一句:这套「共同位移」对照对顶对**够不着**,两条定标臂都超过 30% 可达幅度(`sexeduc` 42%/31% · `racmar` 72%/71%)⇒ 零个可用格,**结构性不可能,不是欠账**。**| | **三堆不是逐年取均值取出来的;而",0,0,1,0
README_zh.md,189426,42%,";底题区间宽 0.67 / 1.06 —— **要排出层次需要更窄的区间,而 `#790` 已证明没有更多年份点**⟩ ⚠ **而 `#806` 之后要带着一句:这套「共同位移」对照对顶对**够不着**,两条定标臂都超过 30% 可达幅度(`sexeduc` 42%/31% · `racmar` 72%/71%)⇒ 零个可用格,**结构性不可能,不是欠账**。**| | **三堆不是逐年取均值取出来的;而我那三个估计量其实是两个** | 页面",0,0,1,0
README_zh.md,189430,31%,"间宽 0.67 / 1.06 —— **要排出层次需要更窄的区间,而 `#790` 已证明没有更多年份点**⟩ ⚠ **而 `#806` 之后要带着一句:这套「共同位移」对照对顶对**够不着**,两条定标臂都超过 30% 可达幅度(`sexeduc` 42%/31% · `racmar` 72%/71%)⇒ 零个可用格,**结构性不可能,不是欠账**。**| | **三堆不是逐年取均值取出来的;而我那三个估计量其实是两个** | 页面中心此前",0,0,1,0
README_zh.md,189445,72%,"—— **要排出层次需要更窄的区间,而 `#790` 已证明没有更多年份点**⟩ ⚠ **而 `#806` 之后要带着一句:这套「共同位移」对照对顶对**够不着**,两条定标臂都超过 30% 可达幅度(`sexeduc` 42%/31% · `racmar` 72%/71%)⇒ 零个可用格,**结构性不可能,不是欠账**。**| | **三堆不是逐年取均值取出来的;而我那三个估计量其实是两个** | 页面中心此前**只用过一个估计量**(逐年",0,0,1,0
README_zh.md,189449,71%,"*要排出层次需要更窄的区间,而 `#790` 已证明没有更多年份点**⟩ ⚠ **而 `#806` 之后要带着一句:这套「共同位移」对照对顶对**够不着**,两条定标臂都超过 30% 可达幅度(`sexeduc` 42%/31% · `racmar` 72%/71%)⇒ 零个可用格,**结构性不可能,不是欠账**。**| | **三堆不是逐年取均值取出来的;而我那三个估计量其实是两个** | 页面中心此前**只用过一个估计量**(逐年均值 →",0,0,1,0
README_zh.md,190426,95%,"> d_agg` 直接命名差异来源,而两者都是 0.031 —— **一个比较报出来之前必须先问它分不分得开**,而查下去才发现它们一样大正是因为那条恒等(Entry 796) 〔GSS〕 ⟨**每个 `ind` 值自己的零是同题 `agg` 的年份聚类自助 95% 区间**(32 个聚类 · B=1200),逐题为 `sexeduc` [+1.681,+3.317] · `racmar` [+1.637,+2.133] · `spankin",0,1,1,0
README_zh.md,190796,30%,"642,+0.351] —— **8/8 落在内**;正控:植入 r=0.40 三估法都取回 **+0.383**,g=0 时都回到 **1.0057**⟩ ⚠ **而 `#806` 之后要带着一句:这套「共同位移」对照对顶对**够不着**,两条定标臂都超过 30% 可达幅度(`sexeduc` 42%/31% · `racmar` 72%/71%)⇒ 零个可用格,**结构性不可能,不是欠账**。**| | **缺陷是真的,而它一次都没到过账",0,0,0,0
README_zh.md,190815,42%,"8 落在内**;正控:植入 r=0.40 三估法都取回 **+0.383**,g=0 时都回到 **1.0057**⟩ ⚠ **而 `#806` 之后要带着一句:这套「共同位移」对照对顶对**够不着**,两条定标臂都超过 30% 可达幅度(`sexeduc` 42%/31% · `racmar` 72%/71%)⇒ 零个可用格,**结构性不可能,不是欠账**。**| | **缺陷是真的,而它一次都没到过账本:救我的是一条从没写下来的惯例** ",0,0,0,0
README_zh.md,190819,31%,"内**;正控:植入 r=0.40 三估法都取回 **+0.383**,g=0 时都回到 **1.0057**⟩ ⚠ **而 `#806` 之后要带着一句:这套「共同位移」对照对顶对**够不着**,两条定标臂都超过 30% 可达幅度(`sexeduc` 42%/31% · `racmar` 72%/71%)⇒ 零个可用格,**结构性不可能,不是欠账**。**| | **缺陷是真的,而它一次都没到过账本:救我的是一条从没写下来的惯例** | 修法",0,0,0,0
README_zh.md,190834,72%,"0 三估法都取回 **+0.383**,g=0 时都回到 **1.0057**⟩ ⚠ **而 `#806` 之后要带着一句:这套「共同位移」对照对顶对**够不着**,两条定标臂都超过 30% 可达幅度(`sexeduc` 42%/31% · `racmar` 72%/71%)⇒ 零个可用格,**结构性不可能,不是欠账**。**| | **缺陷是真的,而它一次都没到过账本:救我的是一条从没写下来的惯例** | 修法是一条**机械规则**:**方",0,0,0,0
README_zh.md,190838,71%,"法都取回 **+0.383**,g=0 时都回到 **1.0057**⟩ ⚠ **而 `#806` 之后要带着一句:这套「共同位移」对照对顶对**够不着**,两条定标臂都超过 30% 可达幅度(`sexeduc` 42%/31% · `racmar` 72%/71%)⇒ 零个可用格,**结构性不可能,不是欠账**。**| | **缺陷是真的,而它一次都没到过账本:救我的是一条从没写下来的惯例** | 修法是一条**机械规则**:**方法名里带",0,0,0,0
README_zh.md,192423,30%," 这条检验偏向「没动」**,如实标注(Entry 794) 〔GSS〕 ⟨漂移 −0.302 SD 超过预注册的 0.25 门槛;**8/8 在宽度内**⟩ ⚠ **而 `#806` 之后要带着一句:这套「共同位移」对照对顶对**够不着**,两条定标臂都超过 30% 可达幅度(`sexeduc` 42%/31% · `racmar` 72%/71%)⇒ 零个可用格,**结构性不可能,不是欠账**。**| | **结构定总体之后,受影响的只有一",0,1,0,1
README_zh.md,192442,42%,"Entry 794) 〔GSS〕 ⟨漂移 −0.302 SD 超过预注册的 0.25 门槛;**8/8 在宽度内**⟩ ⚠ **而 `#806` 之后要带着一句:这套「共同位移」对照对顶对**够不着**,两条定标臂都超过 30% 可达幅度(`sexeduc` 42%/31% · `racmar` 72%/71%)⇒ 零个可用格,**结构性不可能,不是欠账**。**| | **结构定总体之后,受影响的只有一条;而判据又错了一次,同一族第三次**",0,1,0,1
README_zh.md,192446,31%,"y 794) 〔GSS〕 ⟨漂移 −0.302 SD 超过预注册的 0.25 门槛;**8/8 在宽度内**⟩ ⚠ **而 `#806` 之后要带着一句:这套「共同位移」对照对顶对**够不着**,两条定标臂都超过 30% 可达幅度(`sexeduc` 42%/31% · `racmar` 72%/71%)⇒ 零个可用格,**结构性不可能,不是欠账**。**| | **结构定总体之后,受影响的只有一条;而判据又错了一次,同一族第三次** | 枚",0,1,0,1
README_zh.md,192461,72%,"移 −0.302 SD 超过预注册的 0.25 门槛;**8/8 在宽度内**⟩ ⚠ **而 `#806` 之后要带着一句:这套「共同位移」对照对顶对**够不着**,两条定标臂都超过 30% 可达幅度(`sexeduc` 42%/31% · `racmar` 72%/71%)⇒ 零个可用格,**结构性不可能,不是欠账**。**| | **结构定总体之后,受影响的只有一条;而判据又错了一次,同一族第三次** | 枚举主表 **91 条主张**(",0,1,0,1
README_zh.md,192465,71%,".302 SD 超过预注册的 0.25 门槛;**8/8 在宽度内**⟩ ⚠ **而 `#806` 之后要带着一句:这套「共同位移」对照对顶对**够不着**,两条定标臂都超过 30% 可达幅度(`sexeduc` 42%/31% · `racmar` 72%/71%)⇒ 零个可用格,**结构性不可能,不是欠账**。**| | **结构定总体之后,受影响的只有一条;而判据又错了一次,同一族第三次** | 枚举主表 **91 条主张**(表行 2",0,1,0,1
README_zh.md,193159,80%,"` 数计数而问题问结构 · `#792` 正对照与筛子共享盲点 · 本轮判据判「用没用」而决定问「倒没倒」 —— **三次都不是算错,是把一个相邻的量当成了要判的那个量**;⚠ 完整性检查抓到两处自伤:正则要求右括号紧跟数字(漏 4 行)· 完整性判据写成 ≥80%(**让 4 行漏掉还判「完整」**)(Entry 793) 〔README 自身〕 ⟨91 条主张全枚举;`#792` **猜中**而本轮**定下来** —— 那一轮靠一具召回为",0,0,0,0
README_zh.md,193998,95%,"做重组决定**⟩| | **不是一条轴,是三堆;而解释它这条路在算术上就是关着的** ⚠⚠ **「三堆」已在 `#797` 撤回 —— 现行形状是「一对 + 六题」;本行站得住的是「顶对与其余全部分得开」与那条 MDE** | **MDE**:n=8、置换零 95% 分位 |ρ|=**0.714**,80% 功效的 **MDE = |ρ| ≈ 0.90** ⇒ **任何候选解释量都检不出来**;**可分辨对**:联合年份自助 + BH 全族,",0,0,1,0
README_zh.md,194019,80%,"三堆;而解释它这条路在算术上就是关着的** ⚠⚠ **「三堆」已在 `#797` 撤回 —— 现行形状是「一对 + 六题」;本行站得住的是「顶对与其余全部分得开」与那条 MDE** | **MDE**:n=8、置换零 95% 分位 |ρ|=**0.714**,80% 功效的 **MDE = |ρ| ≈ 0.90** ⇒ **任何候选解释量都检不出来**;**可分辨对**:联合年份自助 + BH 全族,主格 **16/28**,规格曲线 8 格",0,0,1,0
README_zh.md,194890,30%,"corr(可分辨,|Δr|)=**+0.779** vs corr(可分辨,宽度和)=+0.324 —— 没有它,「16/28」可能只是「最窄的对最宽的」⟩ ⚠ **而 `#806` 之后要带着一句:这套「共同位移」对照对顶对**够不着**,两条定标臂都超过 30% 可达幅度(`sexeduc` 42%/31% · `racmar` 72%/71%)⇒ 零个可用格,**结构性不可能,不是欠账**。**| | **不稳来自分母,所以 n=8 是",0,0,0,0
README_zh.md,194909,42%,".779** vs corr(可分辨,宽度和)=+0.324 —— 没有它,「16/28」可能只是「最窄的对最宽的」⟩ ⚠ **而 `#806` 之后要带着一句:这套「共同位移」对照对顶对**够不着**,两条定标臂都超过 30% 可达幅度(`sexeduc` 42%/31% · `racmar` 72%/71%)⇒ 零个可用格,**结构性不可能,不是欠账**。**| | **不稳来自分母,所以 n=8 是硬天花板:抗拒只能在真的发生过的变化上",0,0,0,0
README_zh.md,194913,31%,"** vs corr(可分辨,宽度和)=+0.324 —— 没有它,「16/28」可能只是「最窄的对最宽的」⟩ ⚠ **而 `#806` 之后要带着一句:这套「共同位移」对照对顶对**够不着**,两条定标臂都超过 30% 可达幅度(`sexeduc` 42%/31% · `racmar` 72%/71%)⇒ 零个可用格,**结构性不可能,不是欠账**。**| | **不稳来自分母,所以 n=8 是硬天花板:抗拒只能在真的发生过的变化上被测量*",0,0,0,0
README_zh.md,194928,72%,"宽度和)=+0.324 —— 没有它,「16/28」可能只是「最窄的对最宽的」⟩ ⚠ **而 `#806` 之后要带着一句:这套「共同位移」对照对顶对**够不着**,两条定标臂都超过 30% 可达幅度(`sexeduc` 42%/31% · `racmar` 72%/71%)⇒ 零个可用格,**结构性不可能,不是欠账**。**| | **不稳来自分母,所以 n=8 是硬天花板:抗拒只能在真的发生过的变化上被测量** ⚠⚠ **机制在 `#79",0,0,0,0
README_zh.md,194932,71%,"=+0.324 —— 没有它,「16/28」可能只是「最窄的对最宽的」⟩ ⚠ **而 `#806` 之后要带着一句:这套「共同位移」对照对顶对**够不着**,两条定标臂都超过 30% 可达幅度(`sexeduc` 42%/31% · `racmar` 72%/71%)⇒ 零个可用格,**结构性不可能,不是欠账**。**| | **不稳来自分母,所以 n=8 是硬天花板:抗拒只能在真的发生过的变化上被测量** ⚠⚠ **机制在 `#799` 被",0,0,0,0
README_zh.md,195888,95%,"`homosex` +0.409 · `teensex` +0.364 · `prayer` +0.126 · `helpblk` +0.105。两组中位几乎相等(性 **0.409** vs 非性 **0.410**,差 +0.002),**而那个差自己的 95% 区间是 [−2.067, +1.432],宽 3.499** —— 要分辨「≤0.165」需 ≤0.330 | ⚠⚠ **同一轮里先杀掉了上一行那条边界**:我要的 `r = s",0,0,1,0
README_zh.md,196519,30%,"动了但比值不稳** —— 两件事(Entry 789) 〔GSS〕 ⟨可读 8/24;差的区间宽 3.499 对需要的 0.330 = **10.6×**⟩ ⚠ **而 `#806` 之后要带着一句:这套「共同位移」对照对顶对**够不着**,两条定标臂都超过 30% 可达幅度(`sexeduc` 42%/31% · `racmar` 72%/71%)⇒ 零个可用格,**结构性不可能,不是欠账**。**| | **挡住这个问题的不是数据,是我那",0,0,1,0
README_zh.md,196538,42%,"try 789) 〔GSS〕 ⟨可读 8/24;差的区间宽 3.499 对需要的 0.330 = **10.6×**⟩ ⚠ **而 `#806` 之后要带着一句:这套「共同位移」对照对顶对**够不着**,两条定标臂都超过 30% 可达幅度(`sexeduc` 42%/31% · `racmar` 72%/71%)⇒ 零个可用格,**结构性不可能,不是欠账**。**| | **挡住这个问题的不是数据,是我那具自动定向仪器的边界** | 18 道",0,0,1,0
README_zh.md,196542,31%,"789) 〔GSS〕 ⟨可读 8/24;差的区间宽 3.499 对需要的 0.330 = **10.6×**⟩ ⚠ **而 `#806` 之后要带着一句:这套「共同位移」对照对顶对**够不着**,两条定标臂都超过 30% 可达幅度(`sexeduc` 42%/31% · `racmar` 72%/71%)⇒ 零个可用格,**结构性不可能,不是欠账**。**| | **挡住这个问题的不是数据,是我那具自动定向仪器的边界** | 18 道候选里 ",0,0,1,0
README_zh.md,196557,72%,"8/24;差的区间宽 3.499 对需要的 0.330 = **10.6×**⟩ ⚠ **而 `#806` 之后要带着一句:这套「共同位移」对照对顶对**够不着**,两条定标臂都超过 30% 可达幅度(`sexeduc` 42%/31% · `racmar` 72%/71%)⇒ 零个可用格,**结构性不可能,不是欠账**。**| | **挡住这个问题的不是数据,是我那具自动定向仪器的边界** | 18 道候选里 **14 道的方向 `labe",0,0,1,0
README_zh.md,196561,71%,";差的区间宽 3.499 对需要的 0.330 = **10.6×**⟩ ⚠ **而 `#806` 之后要带着一句:这套「共同位移」对照对顶对**够不着**,两条定标臂都超过 30% 可达幅度(`sexeduc` 42%/31% · `racmar` 72%/71%)⇒ 零个可用格,**结构性不可能,不是欠账**。**| | **挡住这个问题的不是数据,是我那具自动定向仪器的边界** | 18 道候选里 **14 道的方向 `label_po",0,0,1,0
README_zh.md,197323,30%,"正控 FAIL 立刻报出「本轮的仪器与 `#786` 不是同一具」;`premarsx` 不可读**但非虔诚层确实动了** ⇒ 「比值不稳」≠「社会没动」⟩ ⚠ **而 `#806` 之后要带着一句:这套「共同位移」对照对顶对**够不着**,两条定标臂都超过 30% 可达幅度(`sexeduc` 42%/31% · `racmar` 72%/71%)⇒ 零个可用格,**结构性不可能,不是欠账**。**| | **同一道题只动年份集合,而同性恋",0,0,0,0
README_zh.md,197342,42%," `#786` 不是同一具」;`premarsx` 不可读**但非虔诚层确实动了** ⇒ 「比值不稳」≠「社会没动」⟩ ⚠ **而 `#806` 之后要带着一句:这套「共同位移」对照对顶对**够不着**,两条定标臂都超过 30% 可达幅度(`sexeduc` 42%/31% · `racmar` 72%/71%)⇒ 零个可用格,**结构性不可能,不是欠账**。**| | **同一道题只动年份集合,而同性恋那条在三个窗口下纹丝不动** | `h",0,0,0,0
README_zh.md,197346,31%,"86` 不是同一具」;`premarsx` 不可读**但非虔诚层确实动了** ⇒ 「比值不稳」≠「社会没动」⟩ ⚠ **而 `#806` 之后要带着一句:这套「共同位移」对照对顶对**够不着**,两条定标臂都超过 30% 可达幅度(`sexeduc` 42%/31% · `racmar` 72%/71%)⇒ 零个可用格,**结构性不可能,不是欠账**。**| | **同一道题只动年份集合,而同性恋那条在三个窗口下纹丝不动** | `homos",0,0,0,0
README_zh.md,197361,72%,"marsx` 不可读**但非虔诚层确实动了** ⇒ 「比值不稳」≠「社会没动」⟩ ⚠ **而 `#806` 之后要带着一句:这套「共同位移」对照对顶对**够不着**,两条定标臂都超过 30% 可达幅度(`sexeduc` 42%/31% · `racmar` 72%/71%)⇒ 零个可用格,**结构性不可能,不是欠账**。**| | **同一道题只动年份集合,而同性恋那条在三个窗口下纹丝不动** | `homosex` 全跨度 28 点 **",0,0,0,0
README_zh.md,197365,71%,"x` 不可读**但非虔诚层确实动了** ⇒ 「比值不稳」≠「社会没动」⟩ ⚠ **而 `#806` 之后要带着一句:这套「共同位移」对照对顶对**够不着**,两条定标臂都超过 30% 可达幅度(`sexeduc` 42%/31% · `racmar` 72%/71%)⇒ 零个可用格,**结构性不可能,不是欠账**。**| | **同一道题只动年份集合,而同性恋那条在三个窗口下纹丝不动** | `homosex` 全跨度 28 点 **4/4 ",0,0,0,0
README_zh.md,200706,2×,"个预列诱饵捞到 5 个,**还有 1 个两边都没预料到:`0.561`,那是 `#782` 区间的下端不是点估计**(Entry 783) 〔GSS〕 ⚠⚠ **而第二臂把这句话缩了一圈**:换到 **MSSCQ**(n=12,789,重抽的是**人**)后,2×2 规格跨度 0.0519 对自助宽度中位 0.0129 = **0.25×,与 GSS 的 6.3× 反号** ⇒ **限定不在我怎么写,在被重抽的单位有多少个**;⚠ 而第二臂",1,0,1,0
README_zh.md,201107,95%,"度 [0.328, 0.431] = **3.2×**;MSSCQ 自助/跨度 **0.25×** 对 GSS **6.3×**⟩| | **撤回维持,但理由换了人:不是世界有反号,是我的判据没检验比值** | 触发撤回那一格的比值 1.128,**年份自助 95% 区间 [0.561, 2.851],宽 2.29 —— 同时包含 1.0、0.623、0.821** ⇒ 它连「比值在 1 的哪一边」都定不了;回溯到全部 44 格:**10 格",0,0,1,0
README_zh.md,201201,23%,"判据没检验比值** | 触发撤回那一格的比值 1.128,**年份自助 95% 区间 [0.561, 2.851],宽 2.29 —— 同时包含 1.0、0.623、0.821** ⇒ 它连「比值在 1 的哪一边」都定不了;回溯到全部 44 格:**10 格(23%)区间含 1.0**,而按世代 **1935–54/1950–64/1955–74/1965–79 是 0/30**,**1975–94 是 4/4**、**1980–99 是 2",0,0,1,0
README_zh.md,201908,**5%,".42**,95 分位 **7.68**,最大 **8.54**⟩| | **三十七个规格里有一个反号,而预注册说那就撤回** | 2 切法 × 2 个 n 门槛 × 2 世代切段 × 2 统计量 = **50 格,可读 37 · 不可读 13**;比值分位 **5% 0.185 · 中位 0.375 · 95% 0.692 · 最大 1.128**;唯一 ≥1.0 的一格是 **Seg-B · k3 · n≥60 · 1975–1994 · ",0,0,0,0
README_zh.md,201932,95%,"**8.54**⟩| | **三十七个规格里有一个反号,而预注册说那就撤回** | 2 切法 × 2 个 n 门槛 × 2 世代切段 × 2 统计量 = **50 格,可读 37 · 不可读 13**;比值分位 **5% 0.185 · 中位 0.375 · 95% 0.692 · 最大 1.128**;唯一 ≥1.0 的一格是 **Seg-B · k3 · n≥60 · 1975–1994 · 水平 = 1.128**(同世代另三格 0.4",0,0,0,0
README_zh.md,203596,**61.1%,"*不是「一生的虔诚度」**(Entry 779) 〔GSS〕 ⟨虔诚层端点斜率高出自己的零 **7.0×** 展布 · 非虔诚层 **6.8×**⟩| | **他们确实改了主意,但只有别人的三分之一到五分之二** | 同期最不虔诚三分位说同性恋「总是错」的从 **61.1% 掉到 21.8%**,而最虔诚三分位 85.9%→67.4% ⇒ **虔诚/非虔诚 比:水平 0.409–0.431 · 端点(相对基线)0.328–0.341** | ⚠⚠ *",0,1,0,1
README_zh.md,203607,21.8%,"**(Entry 779) 〔GSS〕 ⟨虔诚层端点斜率高出自己的零 **7.0×** 展布 · 非虔诚层 **6.8×**⟩| | **他们确实改了主意,但只有别人的三分之一到五分之二** | 同期最不虔诚三分位说同性恋「总是错」的从 **61.1% 掉到 21.8%**,而最虔诚三分位 85.9%→67.4% ⇒ **虔诚/非虔诚 比:水平 0.409–0.431 · 端点(相对基线)0.328–0.341** | ⚠⚠ **这补上了上一行缺",0,1,0,1
README_zh.md,203623,85.9%,"SS〕 ⟨虔诚层端点斜率高出自己的零 **7.0×** 展布 · 非虔诚层 **6.8×**⟩| | **他们确实改了主意,但只有别人的三分之一到五分之二** | 同期最不虔诚三分位说同性恋「总是错」的从 **61.1% 掉到 21.8%**,而最虔诚三分位 85.9%→67.4% ⇒ **虔诚/非虔诚 比:水平 0.409–0.431 · 端点(相对基线)0.328–0.341** | ⚠⚠ **这补上了上一行缺的那一半** —— 我写过「真的",0,1,0,1
README_zh.md,203629,67.4%,"诚层端点斜率高出自己的零 **7.0×** 展布 · 非虔诚层 **6.8×**⟩| | **他们确实改了主意,但只有别人的三分之一到五分之二** | 同期最不虔诚三分位说同性恋「总是错」的从 **61.1% 掉到 21.8%**,而最虔诚三分位 85.9%→67.4% ⇒ **虔诚/非虔诚 比:水平 0.409–0.431 · 端点(相对基线)0.328–0.341** | ⚠⚠ **这补上了上一行缺的那一半** —— 我写过「真的改了主意」并",0,1,0,1
README_zh.md,204166,85.9%,"虔诚层端点斜率高出自己的零 **13.5×** 展布 · 非虔诚层 **14.2×**⟩| | **虔诚的人在同性恋上真的改了主意,在婚外性上从我们看得见的第一年起就没动过** | 最虔诚三分位里说「总是错」的占比 1988→2024:**`homosex` 85.9%→67.4%(2.38× 自己的零)** · `premarsx` 53.6%→40.9%(2.12×) · `teensex` 83.6%→77.6%(1.37×) · **`x",1,1,0,0
README_zh.md,204172,67.4%,"率高出自己的零 **13.5×** 展布 · 非虔诚层 **14.2×**⟩| | **虔诚的人在同性恋上真的改了主意,在婚外性上从我们看得见的第一年起就没动过** | 最虔诚三分位里说「总是错」的占比 1988→2024:**`homosex` 85.9%→67.4%(2.38× 自己的零)** · `premarsx` 53.6%→40.9%(2.12×) · `teensex` 83.6%→77.6%(1.37×) · **`xmarsex",1,1,0,0
README_zh.md,204205,53.6%,"2×**⟩| | **虔诚的人在同性恋上真的改了主意,在婚外性上从我们看得见的第一年起就没动过** | 最虔诚三分位里说「总是错」的占比 1988→2024:**`homosex` 85.9%→67.4%(2.38× 自己的零)** · `premarsx` 53.6%→40.9%(2.12×) · `teensex` 83.6%→77.6%(1.37×) · **`xmarsex` 87.2%→89.6%(0.76×,不超零)** | ⚠⚠ *",1,1,0,0
README_zh.md,204211,40.9%," | **虔诚的人在同性恋上真的改了主意,在婚外性上从我们看得见的第一年起就没动过** | 最虔诚三分位里说「总是错」的占比 1988→2024:**`homosex` 85.9%→67.4%(2.38× 自己的零)** · `premarsx` 53.6%→40.9%(2.12×) · `teensex` 83.6%→77.6%(1.37×) · **`xmarsex` 87.2%→89.6%(0.76×,不超零)** | ⚠⚠ **而预注册的",1,1,0,0
README_zh.md,204236,83.6%,"上从我们看得见的第一年起就没动过** | 最虔诚三分位里说「总是错」的占比 1988→2024:**`homosex` 85.9%→67.4%(2.38× 自己的零)** · `premarsx` 53.6%→40.9%(2.12×) · `teensex` 83.6%→77.6%(1.37×) · **`xmarsex` 87.2%→89.6%(0.76×,不超零)** | ⚠⚠ **而预注册的那一问 UNVERIFIED,原因是前提被数据推翻",1,1,0,0
README_zh.md,204242,77.6%,"见的第一年起就没动过** | 最虔诚三分位里说「总是错」的占比 1988→2024:**`homosex` 85.9%→67.4%(2.38× 自己的零)** · `premarsx` 53.6%→40.9%(2.12×) · `teensex` 83.6%→77.6%(1.37×) · **`xmarsex` 87.2%→89.6%(0.76×,不超零)** | ⚠⚠ **而预注册的那一问 UNVERIFIED,原因是前提被数据推翻**:`xm",1,1,0,0
README_zh.md,204269,87.2%,"」的占比 1988→2024:**`homosex` 85.9%→67.4%(2.38× 自己的零)** · `premarsx` 53.6%→40.9%(2.12×) · `teensex` 83.6%→77.6%(1.37×) · **`xmarsex` 87.2%→89.6%(0.76×,不超零)** | ⚠⚠ **而预注册的那一问 UNVERIFIED,原因是前提被数据推翻**:`xmarsex` 的端点占比全期最低 **85.1%**,",1,0,0,0
README_zh.md,204275,89.6%,"988→2024:**`homosex` 85.9%→67.4%(2.38× 自己的零)** · `premarsx` 53.6%→40.9%(2.12×) · `teensex` 83.6%→77.6%(1.37×) · **`xmarsex` 87.2%→89.6%(0.76×,不超零)** | ⚠⚠ **而预注册的那一问 UNVERIFIED,原因是前提被数据推翻**:`xmarsex` 的端点占比全期最低 **85.1%**,六个阈值窗口",1,0,0,0
README_zh.md,204354,**85.1%,"· `teensex` 83.6%→77.6%(1.37×) · **`xmarsex` 87.2%→89.6%(0.76×,不超零)** | ⚠⚠ **而预注册的那一问 UNVERIFIED,原因是前提被数据推翻**:`xmarsex` 的端点占比全期最低 **85.1%**,六个阈值窗口全部返回 **0 年** ⇒ **「到顶之前」在 GSS 里不存在,「真稳定」与「早熟的天花板」不可分**;⚠ **这收窄了上一行**:我写过「`xmarsex`",1,0,0,0
README_zh.md,205343,95%,":MFQ 单次采集无年代、NSFG 的 `SXOK18` 在 2017–19 卷字典里不存在、SCCS 的单位是社会(Entry 776) 〔GSS〕 ⟨`homosex` **2.20×** · `xmarsex` **0.13×**,各对自己打乱年份的零 95% 分位⟩| | **那道题在最虔诚的人身上已经到顶了,所以那个方向是撞墙不是关系** | 最虔诚三分位里说婚外性「总是错」的占 **87.8%**(`teensex` 82.2% ",1,1,0,0
README_zh.md,205410,**87.8%,"6) 〔GSS〕 ⟨`homosex` **2.20×** · `xmarsex` **0.13×**,各对自己打乱年份的零 95% 分位⟩| | **那道题在最虔诚的人身上已经到顶了,所以那个方向是撞墙不是关系** | 最虔诚三分位里说婚外性「总是错」的占 **87.8%**(`teensex` 82.2% · `homosex` 80.5%),而 sd 从 0.856 掉到 **0.542** ⇒ **预注册的删失阈值 60% 被突破,该层的关系",1,1,0,0
README_zh.md,205430,82.2%,"**2.20×** · `xmarsex` **0.13×**,各对自己打乱年份的零 95% 分位⟩| | **那道题在最虔诚的人身上已经到顶了,所以那个方向是撞墙不是关系** | 最虔诚三分位里说婚外性「总是错」的占 **87.8%**(`teensex` 82.2% · `homosex` 80.5%),而 sd 从 0.856 掉到 **0.542** ⇒ **预注册的删失阈值 60% 被突破,该层的关系强度读数不可读** | ⚠⚠ **这",1,1,0,0
README_zh.md,205448,80.5%,"ex` **0.13×**,各对自己打乱年份的零 95% 分位⟩| | **那道题在最虔诚的人身上已经到顶了,所以那个方向是撞墙不是关系** | 最虔诚三分位里说婚外性「总是错」的占 **87.8%**(`teensex` 82.2% · `homosex` 80.5%),而 sd 从 0.856 掉到 **0.542** ⇒ **预注册的删失阈值 60% 被突破,该层的关系强度读数不可读** | ⚠⚠ **这把上一行两具仪器的分歧解释掉了,而方",1,1,0,0
README_zh.md,205494,60%,"人身上已经到顶了,所以那个方向是撞墙不是关系** | 最虔诚三分位里说婚外性「总是错」的占 **87.8%**(`teensex` 82.2% · `homosex` 80.5%),而 sd 从 0.856 掉到 **0.542** ⇒ **预注册的删失阈值 60% 被突破,该层的关系强度读数不可读** | ⚠⚠ **这把上一行两具仪器的分歧解释掉了,而方向是:它们从来没有在世界上分歧** —— GSS 用四档单题、在虔诚层饱和到 88%;*",1,1,0,0
README_zh.md,205582,88%,"%),而 sd 从 0.856 掉到 **0.542** ⇒ **预注册的删失阈值 60% 被突破,该层的关系强度读数不可读** | ⚠⚠ **这把上一行两具仪器的分歧解释掉了,而方向是:它们从来没有在世界上分歧** —— GSS 用四档单题、在虔诚层饱和到 88%;**MFQ 的权威分是多题连续均值、sd 平坦(0.783→0.838),没有天花板** ⇒ MFQ 那一侧可读,GSS 那一侧不可读;⚠ **不吃 sd(Y) 的统计量仍照报但",0,0,0,0
README_zh.md,205775,46.4%,"S 那一侧不可读;⚠ **不吃 sd(Y) 的统计量仍照报但按预注册标为不可读**(OLS 斜率 `xmarsex` +0.1170→+0.0176;边际匹配后 ρ +0.1909→+0.0801);⚠ **`premarsx` 是唯一没到顶的一题**(端点 46.4%,sd **反向上升** 0.888→1.252,斜率**不降** +0.1495→+0.1863)—— **三个指标一致,但本轮不解释它**;⚠⚠ 本轮两次栽在闸上:把常数与自己",0,0,0,0
README_zh.md,205978,**87.8%,"它**;⚠⚠ 本轮两次栽在闸上:把常数与自己比(库的 `_degenerate` **只认全零**,已补标注)· 把「必须 FAIL」的反向检查放进同一个 Gate(`#767` 记过,**第三次**)(Entry 772) 〔GSS〕〔MFQ〕 ⟨端点占比 **87.8%** 对预注册阈值 60%;匹配后边际差 **0.0001** 对匹配前 0.1194⟩| | **第一个不是推导的量:交互;而它的方向被第二具仪器推翻了** | 宗教三分位内 ρ",1,0,0,0
README_zh.md,205995,60%,"常数与自己比(库的 `_degenerate` **只认全零**,已补标注)· 把「必须 FAIL」的反向检查放进同一个 Gate(`#767` 记过,**第三次**)(Entry 772) 〔GSS〕〔MFQ〕 ⟨端点占比 **87.8%** 对预注册阈值 60%;匹配后边际差 **0.0001** 对匹配前 0.1194⟩| | **第一个不是推导的量:交互;而它的方向被第二具仪器推翻了** | 宗教三分位内 ρ(obey, `xmars",1,0,0,0
README_zh.md,206348,−37%,"这条线上找到的第一个非推导量**(对照 `#770`:份额是推导);⚠⚠ **但幅度不可读,这一条跑前就写下了** —— 高斯零减掉了「分层本身造成的差异」,减不掉方差随层变化的真实幅度:`xmarsex` 的态度 sd 从 0.856 掉到 **0.542(−37%)**,**最虔诚的人彼此意见一致,可相关的方差本来就少** ⇒ 支持的是「交互存在」,不是「有多大」;⚠ `premarsx` 的 **1.08× 就在零上,不算数**,而且它是",0,1,0,1
README_zh.md,207281,1.9%,";合成 vs 真 **0.89pp**,而偏度差 0.38⟩| | **纠缠度不该由我来排,而测出来之后是测不动的** | 把每题的份额对**它与一生伴侣数的双变量 |ρ|** 回归:**斜率 +0.2982**(份额确实随语义纠缠上升),**零纠缠处的截距 1.9%,95% 区间 [−2.2%, 6.2%]** | ⚠ **判词照实开火:截距区间宽 8.4pp,而上一行手排的区间宽 6.6pp ⇒ 这是把「我拍的」换成「测不动的」,不是收窄*",0,1,1,0
README_zh.md,207286,95%,"s 真 **0.89pp**,而偏度差 0.38⟩| | **纠缠度不该由我来排,而测出来之后是测不动的** | 把每题的份额对**它与一生伴侣数的双变量 |ρ|** 回归:**斜率 +0.2982**(份额确实随语义纠缠上升),**零纠缠处的截距 1.9%,95% 区间 [−2.2%, 6.2%]** | ⚠ **判词照实开火:截距区间宽 8.4pp,而上一行手排的区间宽 6.6pp ⇒ 这是把「我拍的」换成「测不动的」,不是收窄**,上一",0,1,1,0
README_zh.md,207294,−2.2%,"89pp**,而偏度差 0.38⟩| | **纠缠度不该由我来排,而测出来之后是测不动的** | 把每题的份额对**它与一生伴侣数的双变量 |ρ|** 回归:**斜率 +0.2982**(份额确实随语义纠缠上升),**零纠缠处的截距 1.9%,95% 区间 [−2.2%, 6.2%]** | ⚠ **判词照实开火:截距区间宽 8.4pp,而上一行手排的区间宽 6.6pp ⇒ 这是把「我拍的」换成「测不动的」,不是收窄**,上一行的 [5.8%, ",0,1,1,0
README_zh.md,207301,6.2%,"而偏度差 0.38⟩| | **纠缠度不该由我来排,而测出来之后是测不动的** | 把每题的份额对**它与一生伴侣数的双变量 |ρ|** 回归:**斜率 +0.2982**(份额确实随语义纠缠上升),**零纠缠处的截距 1.9%,95% 区间 [−2.2%, 6.2%]** | ⚠ **判词照实开火:截距区间宽 8.4pp,而上一行手排的区间宽 6.6pp ⇒ 这是把「我拍的」换成「测不动的」,不是收窄**,上一行的 [5.8%, 12.4%]",0,1,1,0
README_zh.md,207383,5.8%,"82**(份额确实随语义纠缠上升),**零纠缠处的截距 1.9%,95% 区间 [−2.2%, 6.2%]** | ⚠ **判词照实开火:截距区间宽 8.4pp,而上一行手排的区间宽 6.6pp ⇒ 这是把「我拍的」换成「测不动的」,不是收窄**,上一行的 [5.8%, 12.4%] 维持;⚠ **但正斜率是真的** ⇒ 按纠缠排序这件事本身是对的,`premarsx` 的 12.2% 确有一部分是语义重叠;⚠ **区间含 0** ⇒ 剥掉重叠",0,1,1,0
README_zh.md,207389,12.4%,"额确实随语义纠缠上升),**零纠缠处的截距 1.9%,95% 区间 [−2.2%, 6.2%]** | ⚠ **判词照实开火:截距区间宽 8.4pp,而上一行手排的区间宽 6.6pp ⇒ 这是把「我拍的」换成「测不动的」,不是收窄**,上一行的 [5.8%, 12.4%] 维持;⚠ **但正斜率是真的** ⇒ 按纠缠排序这件事本身是对的,`premarsx` 的 12.2% 确有一部分是语义重叠;⚠ **区间含 0** ⇒ 剥掉重叠后,本人一生性",0,0,1,0
README_zh.md,207442,12.2%," **判词照实开火:截距区间宽 8.4pp,而上一行手排的区间宽 6.6pp ⇒ 这是把「我拍的」换成「测不动的」,不是收窄**,上一行的 [5.8%, 12.4%] 维持;⚠ **但正斜率是真的** ⇒ 按纠缠排序这件事本身是对的,`premarsx` 的 12.2% 确有一部分是语义重叠;⚠ **区间含 0** ⇒ 剥掉重叠后,本人一生性史的解释力落到与零无法区分;⚠ 四点两参数 **只剩 2 个自由度**,而截距是**外推**到一个没有观测",0,0,1,0
README_zh.md,207675,**1.9%,"此不可检验;⚠⚠ 我写的仪器检查第一版是空洞的(最小二乘残差和恒为 0),**被 `lib/gates.py` 的 `_degenerate` 当场判 DEGENERATE** —— 这是这套闸第一次主动拦下我(Entry 769) 〔GSS〕 ⟨零纠缠截距 **1.9%**,而它自己的 95% 区间宽 **8.4pp**⟩| | **管别人的性,一点点是在管自己一生做过的事,几乎不是在管去年** | 本人「去年」的性经历(伴侣数·频率·出轨)只解",0,0,1,0
README_zh.md,207690,95%,"查第一版是空洞的(最小二乘残差和恒为 0),**被 `lib/gates.py` 的 `_degenerate` 当场判 DEGENERATE** —— 这是这套闸第一次主动拦下我(Entry 769) 〔GSS〕 ⟨零纠缠截距 **1.9%**,而它自己的 95% 区间宽 **8.4pp**⟩| | **管别人的性,一点点是在管自己一生做过的事,几乎不是在管去年** | 本人「去年」的性经历(伴侣数·频率·出轨)只解释 **1.9%**;换",0,0,1,0
README_zh.md,207773,**1.9%,"一次主动拦下我(Entry 769) 〔GSS〕 ⟨零纠缠截距 **1.9%**,而它自己的 95% 区间宽 **8.4pp**⟩| | **管别人的性,一点点是在管自己一生做过的事,几乎不是在管去年** | 本人「去年」的性经历(伴侣数·频率·出轨)只解释 **1.9%**;换成**一生伴侣数**是 **9.1%**,**4.8 倍**;而语义重叠最小的那一题(同性恋态度)只有 **5.8%** ⇒ **本人一生性史 [5.8%, 12.4%]*",0,0,1,0
README_zh.md,207795,**9.1%,"S〕 ⟨零纠缠截距 **1.9%**,而它自己的 95% 区间宽 **8.4pp**⟩| | **管别人的性,一点点是在管自己一生做过的事,几乎不是在管去年** | 本人「去年」的性经历(伴侣数·频率·出轨)只解释 **1.9%**;换成**一生伴侣数**是 **9.1%**,**4.8 倍**;而语义重叠最小的那一题(同性恋态度)只有 **5.8%** ⇒ **本人一生性史 [5.8%, 12.4%]**。对照:政治 **[6.8%, 11.6%",0,0,1,0
README_zh.md,207835,**5.8%,"**⟩| | **管别人的性,一点点是在管自己一生做过的事,几乎不是在管去年** | 本人「去年」的性经历(伴侣数·频率·出轨)只解释 **1.9%**;换成**一生伴侣数**是 **9.1%**,**4.8 倍**;而语义重叠最小的那一题(同性恋态度)只有 **5.8%** ⇒ **本人一生性史 [5.8%, 12.4%]**。对照:政治 **[6.8%, 11.6%]** · 宗教 **[33.3%, 46.7%]** | ⚠ 硬规则③:这不是",0,0,1,0
README_zh.md,207856,5.8%,"自己一生做过的事,几乎不是在管去年** | 本人「去年」的性经历(伴侣数·频率·出轨)只解释 **1.9%**;换成**一生伴侣数**是 **9.1%**,**4.8 倍**;而语义重叠最小的那一题(同性恋态度)只有 **5.8%** ⇒ **本人一生性史 [5.8%, 12.4%]**。对照:政治 **[6.8%, 11.6%]** · 宗教 **[33.3%, 46.7%]** | ⚠ 硬规则③:这不是社会分类里的第四个候选,是**一类不同",0,0,1,0
README_zh.md,207862,12.4%,"的事,几乎不是在管去年** | 本人「去年」的性经历(伴侣数·频率·出轨)只解释 **1.9%**;换成**一生伴侣数**是 **9.1%**,**4.8 倍**;而语义重叠最小的那一题(同性恋态度)只有 **5.8%** ⇒ **本人一生性史 [5.8%, 12.4%]**。对照:政治 **[6.8%, 11.6%]** · 宗教 **[33.3%, 46.7%]** | ⚠ 硬规则③:这不是社会分类里的第四个候选,是**一类不同的变量**;⚠",0,0,1,0
README_zh.md,207880,6.8%,"「去年」的性经历(伴侣数·频率·出轨)只解释 **1.9%**;换成**一生伴侣数**是 **9.1%**,**4.8 倍**;而语义重叠最小的那一题(同性恋态度)只有 **5.8%** ⇒ **本人一生性史 [5.8%, 12.4%]**。对照:政治 **[6.8%, 11.6%]** · 宗教 **[33.3%, 46.7%]** | ⚠ 硬规则③:这不是社会分类里的第四个候选,是**一类不同的变量**;⚠⚠ **第一臂用错了仪器,我自己发",0,0,1,0
README_zh.md,207886,11.6%,"经历(伴侣数·频率·出轨)只解释 **1.9%**;换成**一生伴侣数**是 **9.1%**,**4.8 倍**;而语义重叠最小的那一题(同性恋态度)只有 **5.8%** ⇒ **本人一生性史 [5.8%, 12.4%]**。对照:政治 **[6.8%, 11.6%]** · 宗教 **[33.3%, 46.7%]** | ⚠ 硬规则③:这不是社会分类里的第四个候选,是**一类不同的变量**;⚠⚠ **第一臂用错了仪器,我自己发现并当场补**",0,0,1,0
README_zh.md,207903,33.3%,"**1.9%**;换成**一生伴侣数**是 **9.1%**,**4.8 倍**;而语义重叠最小的那一题(同性恋态度)只有 **5.8%** ⇒ **本人一生性史 [5.8%, 12.4%]**。对照:政治 **[6.8%, 11.6%]** · 宗教 **[33.3%, 46.7%]** | ⚠ 硬规则③:这不是社会分类里的第四个候选,是**一类不同的变量**;⚠⚠ **第一臂用错了仪器,我自己发现并当场补**:对已婚五十岁的人「去年伴侣数」恒",0,0,1,0
README_zh.md,207910,46.7%,"*;换成**一生伴侣数**是 **9.1%**,**4.8 倍**;而语义重叠最小的那一题(同性恋态度)只有 **5.8%** ⇒ **本人一生性史 [5.8%, 12.4%]**。对照:政治 **[6.8%, 11.6%]** · 宗教 **[33.3%, 46.7%]** | ⚠ 硬规则③:这不是社会分类里的第四个候选,是**一类不同的变量**;⚠⚠ **第一臂用错了仪器,我自己发现并当场补**:对已婚五十岁的人「去年伴侣数」恒等于 1,而这",0,0,1,0
README_zh.md,208140,1.9%,"是一生;⚠⚠ **而第二臂有一条我跑前没写、跑完自己说出来的混淆**:伴侣多的人几乎必然有过婚前性行为 ⇒ `lifetime`×`premarsx` 有语义重叠,所以按纠缠度排序取最小那格;⚠ 性经历全是自我报告,**condemning 的人可能少报 ⇒ 1.9% 与 5.8% 都是下界**(方向对我的结论不利);⚠ 换 NSFG 验「去年 vs 一生」这条方法论断言:**3/4 题「一生」更强,一格反向(`sxok16` 0.43×)⇒ ",0,0,0,0
README_zh.md,208147,5.8%,"**而第二臂有一条我跑前没写、跑完自己说出来的混淆**:伴侣多的人几乎必然有过婚前性行为 ⇒ `lifetime`×`premarsx` 有语义重叠,所以按纠缠度排序取最小那格;⚠ 性经历全是自我报告,**condemning 的人可能少报 ⇒ 1.9% 与 5.8% 都是下界**(方向对我的结论不利);⚠ 换 NSFG 验「去年 vs 一生」这条方法论断言:**3/4 题「一生」更强,一格反向(`sxok16` 0.43×)⇒ 按预注册判「不",0,0,0,0
README_zh.md,208450,33.3%,"一生 vs 去年 **4.8×**;偏掉真性史是自己展布的 **407.3×**⟩| | **区间只动了一点,而我发现自己把另一次运行的数抄进了账本** | McDonald ω = **0.7352** > α = 0.7287 ⇒ 区间收窄到 宗教 **[33.3%, 46.7%]** · 残余 **[49.4%, 63.3%]** · 残余/宗教 **[1.06×, 1.90×]**,**仍含 1,撤回不变** | ⚠⚠ **而本轮真正的发",0,0,1,0
README_zh.md,208457,46.7%,"年 **4.8×**;偏掉真性史是自己展布的 **407.3×**⟩| | **区间只动了一点,而我发现自己把另一次运行的数抄进了账本** | McDonald ω = **0.7352** > α = 0.7287 ⇒ 区间收窄到 宗教 **[33.3%, 46.7%]** · 残余 **[49.4%, 63.3%]** · 残余/宗教 **[1.06×, 1.90×]**,**仍含 1,撤回不变** | ⚠⚠ **而本轮真正的发现是关于账本的",0,0,1,0
README_zh.md,208474,49.4%,"自己展布的 **407.3×**⟩| | **区间只动了一点,而我发现自己把另一次运行的数抄进了账本** | McDonald ω = **0.7352** > α = 0.7287 ⇒ 区间收窄到 宗教 **[33.3%, 46.7%]** · 残余 **[49.4%, 63.3%]** · 残余/宗教 **[1.06×, 1.90×]**,**仍含 1,撤回不变** | ⚠⚠ **而本轮真正的发现是关于账本的**:`#765` 里那个 α =",0,0,1,0
README_zh.md,208481,63.3%,"*407.3×**⟩| | **区间只动了一点,而我发现自己把另一次运行的数抄进了账本** | McDonald ω = **0.7352** > α = 0.7287 ⇒ 区间收窄到 宗教 **[33.3%, 46.7%]** · 残余 **[49.4%, 63.3%]** · 残余/宗教 **[1.06×, 1.90×]**,**仍含 1,撤回不变** | ⚠⚠ **而本轮真正的发现是关于账本的**:`#765` 里那个 α = 0.4804",0,0,1,0
README_zh.md,209159,62.4%,"我的过滤器删掉了参照组,而真正咬人的是控制量的信度** | 过滤器:`attend` 码 0 = never(**n=14,883,最大的一档**)被我的 `.where(x>0)` 整档删除 ⇒ 修好后 n 从 9,580 涨到 **12,151**,残余 62.4%→**61.0%**;信度:宗教 α **0.7287**(⚠ 页上原写 0.4804,那是**修过滤器之前**样本上的数,`#767` 更正)· 政治 SB **0.5965**",1,0,0,0
README_zh.md,209165,**61.0%,"掉了参照组,而真正咬人的是控制量的信度** | 过滤器:`attend` 码 0 = never(**n=14,883,最大的一档**)被我的 `.where(x>0)` 整档删除 ⇒ 修好后 n 从 9,580 涨到 **12,151**,残余 62.4%→**61.0%**;信度:宗教 α **0.7287**(⚠ 页上原写 0.4804,那是**修过滤器之前**样本上的数,`#767` 更正)· 政治 SB **0.5965** ⇒ 校正后宗教",1,0,0,0
README_zh.md,209263,33.3%," 从 9,580 涨到 **12,151**,残余 62.4%→**61.0%**;信度:宗教 α **0.7287**(⚠ 页上原写 0.4804,那是**修过滤器之前**样本上的数,`#767` 更正)· 政治 SB **0.5965** ⇒ 校正后宗教 33.3%→**47.1%**、残余 63.3%→**49.0%**、**残余/宗教 1.90×→1.04×** | ⚠⚠ **撤回 `#764` 的「残余是宗教的 1.89 倍」** ——",1,0,0,0
README_zh.md,209269,**47.1%,"80 涨到 **12,151**,残余 62.4%→**61.0%**;信度:宗教 α **0.7287**(⚠ 页上原写 0.4804,那是**修过滤器之前**样本上的数,`#767` 更正)· 政治 SB **0.5965** ⇒ 校正后宗教 33.3%→**47.1%**、残余 63.3%→**49.0%**、**残余/宗教 1.90×→1.04×** | ⚠⚠ **撤回 `#764` 的「残余是宗教的 1.89 倍」** —— 校正后两者一样",1,0,0,0
README_zh.md,209282,63.3%,"1**,残余 62.4%→**61.0%**;信度:宗教 α **0.7287**(⚠ 页上原写 0.4804,那是**修过滤器之前**样本上的数,`#767` 更正)· 政治 SB **0.5965** ⇒ 校正后宗教 33.3%→**47.1%**、残余 63.3%→**49.0%**、**残余/宗教 1.90×→1.04×** | ⚠⚠ **撤回 `#764` 的「残余是宗教的 1.89 倍」** —— 校正后两者一样大;⚠ **诚实的形式",1,0,0,0
README_zh.md,209288,**49.0%," 62.4%→**61.0%**;信度:宗教 α **0.7287**(⚠ 页上原写 0.4804,那是**修过滤器之前**样本上的数,`#767` 更正)· 政治 SB **0.5965** ⇒ 校正后宗教 33.3%→**47.1%**、残余 63.3%→**49.0%**、**残余/宗教 1.90×→1.04×** | ⚠⚠ **撤回 `#764` 的「残余是宗教的 1.89 倍」** —— 校正后两者一样大;⚠ **诚实的形式是区间不是另一个",1,0,1,0
README_zh.md,209428,33.3%,"**残余/宗教 1.90×→1.04×** | ⚠⚠ **撤回 `#764` 的「残余是宗教的 1.89 倍」** —— 校正后两者一样大;⚠ **诚实的形式是区间不是另一个点**:α 对异质量表低估信度 ⇒ 校正过头,而过头方向正是压小残余 ⇒ 宗教 **[33.3%, 47.1%]** · 残余 **[49.0%, 63.3%]** · 残余/宗教 **[1.04×, 1.90×]**,**含 1 ⇒ 「明显大于」不被支持,而「残余仍是最大单",0,0,1,0
README_zh.md,209435,47.1%," 1.90×→1.04×** | ⚠⚠ **撤回 `#764` 的「残余是宗教的 1.89 倍」** —— 校正后两者一样大;⚠ **诚实的形式是区间不是另一个点**:α 对异质量表低估信度 ⇒ 校正过头,而过头方向正是压小残余 ⇒ 宗教 **[33.3%, 47.1%]** · 残余 **[49.0%, 63.3%]** · 残余/宗教 **[1.04×, 1.90×]**,**含 1 ⇒ 「明显大于」不被支持,而「残余仍是最大单项」两端都成立",0,0,1,0
README_zh.md,209452,49.0%,"⚠⚠ **撤回 `#764` 的「残余是宗教的 1.89 倍」** —— 校正后两者一样大;⚠ **诚实的形式是区间不是另一个点**:α 对异质量表低估信度 ⇒ 校正过头,而过头方向正是压小残余 ⇒ 宗教 **[33.3%, 47.1%]** · 残余 **[49.0%, 63.3%]** · 残余/宗教 **[1.04×, 1.90×]**,**含 1 ⇒ 「明显大于」不被支持,而「残余仍是最大单项」两端都成立**;⚠ 暴露面已量并锁死在一处:",0,0,1,0
README_zh.md,209459,63.3%," `#764` 的「残余是宗教的 1.89 倍」** —— 校正后两者一样大;⚠ **诚实的形式是区间不是另一个点**:α 对异质量表低估信度 ⇒ 校正过头,而过头方向正是压小残余 ⇒ 宗教 **[33.3%, 47.1%]** · 残余 **[49.0%, 63.3%]** · 残余/宗教 **[1.04×, 1.90×]**,**含 1 ⇒ 「明显大于」不被支持,而「残余仍是最大单项」两端都成立**;⚠ 暴露面已量并锁死在一处:全仓 13 个",0,0,1,0
README_zh.md,209640,6.8%,"被支持,而「残余仍是最大单项」两端都成立**;⚠ 暴露面已量并锁死在一处:全仓 13 个脚本用 `x>0`,只有 `#762` 碰了含 0 的变量,`R112`/`R113` 与 MFQ 臂经查干净;⚠ 一条我没设计的内部一致性检查对上了:政治合成原始只解释 6.8%(比单指标 11.5% 还少),**校正后回到 11.6%**(Entry 765) 〔GSS〕 ⟨校正的收缩是自己展布的 **22.6×**,而校正后矩阵四格全正定⟩| | **",0,0,0,0
README_zh.md,209650,11.5%,"最大单项」两端都成立**;⚠ 暴露面已量并锁死在一处:全仓 13 个脚本用 `x>0`,只有 `#762` 碰了含 0 的变量,`R112`/`R113` 与 MFQ 臂经查干净;⚠ 一条我没设计的内部一致性检查对上了:政治合成原始只解释 6.8%(比单指标 11.5% 还少),**校正后回到 11.6%**(Entry 765) 〔GSS〕 ⟨校正的收缩是自己展布的 **22.6×**,而校正后矩阵四格全正定⟩| | **两次落进自己拍的中间带",0,0,0,0
README_zh.md,209668,11.6%,"已量并锁死在一处:全仓 13 个脚本用 `x>0`,只有 `#762` 碰了含 0 的变量,`R112`/`R113` 与 MFQ 臂经查干净;⚠ 一条我没设计的内部一致性检查对上了:政治合成原始只解释 6.8%(比单指标 11.5% 还少),**校正后回到 11.6%**(Entry 765) 〔GSS〕 ⟨校正的收缩是自己展布的 **22.6×**,而校正后矩阵四格全正定⟩| | **两次落进自己拍的中间带,而问题不在阈值高低,在问法**(⚠",0,0,0,0
README_zh.md,210025,75%,"的 **14.0×**、内群体 **4.9×**,前者是后者 2.9 倍;`#762` 宗教是政治的 **3.50 倍**,而**残余是宗教的 1.89 倍、是政治的 6.61 倍** | ⚠⚠ **这不是事后放宽阈值** —— 两条旧判词作为「保留率过不过 75%」的答案照旧正确,**被退役的是那个问法**,标注为 RETIRED-AS-BADLY-POSED 而**不是 OVERTURNED**;⚠ 新写法能判不是因为更宽松,是因为它只比",0,0,0,0
README_zh.md,210323,**33.1%,"因 —— 解释份额是相关意义上的,不是因果分解(Entry 764) 〔GSS〕〔MFQ〕 ⟨残余是政治的 **6.61×**、是宗教的 **1.89×**⟩| | **两具仪器在宗教还是政治上完全相反,却在剩多少上差 0.2 个百分点** | GSS:宗教 **33.1%** · 政治 9.4% · 残余 **62.4%**;MFQ:宗教 16.0% · 政治 **28.7%** · 残余 **62.6%** | ⚠ **不许平均**(realst",0,1,0,1
README_zh.md,210338,9.4%,"的,不是因果分解(Entry 764) 〔GSS〕〔MFQ〕 ⟨残余是政治的 **6.61×**、是宗教的 **1.89×**⟩| | **两具仪器在宗教还是政治上完全相反,却在剩多少上差 0.2 个百分点** | GSS:宗教 **33.1%** · 政治 9.4% · 残余 **62.4%**;MFQ:宗教 16.0% · 政治 **28.7%** · 残余 **62.6%** | ⚠ **不许平均**(realstat §2.5)—— 分",0,0,0,0
README_zh.md,210348,**62.4%,"ntry 764) 〔GSS〕〔MFQ〕 ⟨残余是政治的 **6.61×**、是宗教的 **1.89×**⟩| | **两具仪器在宗教还是政治上完全相反,却在剩多少上差 0.2 个百分点** | GSS:宗教 **33.1%** · 政治 9.4% · 残余 **62.4%**;MFQ:宗教 16.0% · 政治 **28.7%** · 残余 **62.6%** | ⚠ **不许平均**(realstat §2.5)—— 分歧的一部分可归因:**MF",0,0,0,0
README_zh.md,210365,16.0%,"FQ〕 ⟨残余是政治的 **6.61×**、是宗教的 **1.89×**⟩| | **两具仪器在宗教还是政治上完全相反,却在剩多少上差 0.2 个百分点** | GSS:宗教 **33.1%** · 政治 9.4% · 残余 **62.4%**;MFQ:宗教 16.0% · 政治 **28.7%** · 残余 **62.6%** | ⚠ **不许平均**(realstat §2.5)—— 分歧的一部分可归因:**MFQ 只有一个宗教量而 GSS ",0,0,0,0
README_zh.md,210376,**28.7%," **6.61×**、是宗教的 **1.89×**⟩| | **两具仪器在宗教还是政治上完全相反,却在剩多少上差 0.2 个百分点** | GSS:宗教 **33.1%** · 政治 9.4% · 残余 **62.4%**;MFQ:宗教 16.0% · 政治 **28.7%** · 残余 **62.6%** | ⚠ **不许平均**(realstat §2.5)—— 分歧的一部分可归因:**MFQ 只有一个宗教量而 GSS 有三个**,宗教份额被结构",0,1,0,1
README_zh.md,210391,**62.6%," **1.89×**⟩| | **两具仪器在宗教还是政治上完全相反,却在剩多少上差 0.2 个百分点** | GSS:宗教 **33.1%** · 政治 9.4% · 残余 **62.4%**;MFQ:宗教 16.0% · 政治 **28.7%** · 残余 **62.6%** | ⚠ **不许平均**(realstat §2.5)—— 分歧的一部分可归因:**MFQ 只有一个宗教量而 GSS 有三个**,宗教份额被结构性低估;⚠ **但它解释不了反",0,1,0,1
README_zh.md,210687,**62.4%,"*;⚠ 闸三条全过(常数控制差 0.000082 · 打乱差 0.000002 · 偏掉真宗教是自己展布的 570.7×);⚠ 这**收窄了上一行** —— 那两个份额是 GSS 上的,不是关于人的一般事实(Entry 763) 〔GSS〕〔MFQ〕 ⟨残余 **62.4% vs 62.6%**,而拆分是 3.5× vs 0.56×⟩| | **宗教解释三分之一,政治解释一成,而还剩六成二**(⚠ **推导** —— 本行等价于:**虔诚度与看重服从",0,1,0,1
README_zh.md,210698,62.6%,"数控制差 0.000082 · 打乱差 0.000002 · 偏掉真宗教是自己展布的 570.7×);⚠ 这**收窄了上一行** —— 那两个份额是 GSS 上的,不是关于人的一般事实(Entry 763) 〔GSS〕〔MFQ〕 ⟨残余 **62.4% vs 62.6%**,而拆分是 3.5× vs 0.56×⟩| | **宗教解释三分之一,政治解释一成,而还剩六成二**(⚠ **推导** —— 本行等价于:**虔诚度与看重服从相关 +0.27、",0,1,0,1
README_zh.md,210881,16.0%,"成二**(⚠ **推导** —— 本行等价于:**虔诚度与看重服从相关 +0.27、与性态度相关 +0.25…+0.47**〔`#774` 持久化〕)(⚠ **前两个份额是 GSS 上的,同一轮的第二具仪器把它们反了过来 —— 而残余没反**:MFQ 上宗教 16.0% · 政治 28.7% · 残余 **62.6%**,与 GSS 的 62.4% 差 0.2 个百分点) | 同一批人(n=9,580–10,467)上偏掉:政治 **90.6%*",0,1,0,1
README_zh.md,210892,28.7%,"** —— 本行等价于:**虔诚度与看重服从相关 +0.27、与性态度相关 +0.25…+0.47**〔`#774` 持久化〕)(⚠ **前两个份额是 GSS 上的,同一轮的第二具仪器把它们反了过来 —— 而残余没反**:MFQ 上宗教 16.0% · 政治 28.7% · 残余 **62.6%**,与 GSS 的 62.4% 差 0.2 个百分点) | 同一批人(n=9,580–10,467)上偏掉:政治 **90.6%** 保留 · 出席 7",0,1,0,1
README_zh.md,210903,**62.6%,":**虔诚度与看重服从相关 +0.27、与性态度相关 +0.25…+0.47**〔`#774` 持久化〕)(⚠ **前两个份额是 GSS 上的,同一轮的第二具仪器把它们反了过来 —— 而残余没反**:MFQ 上宗教 16.0% · 政治 28.7% · 残余 **62.6%**,与 GSS 的 62.4% 差 0.2 个百分点) | 同一批人(n=9,580–10,467)上偏掉:政治 **90.6%** 保留 · 出席 79.0% · 原教旨 82",0,1,0,1
README_zh.md,210921,62.4%,"7、与性态度相关 +0.25…+0.47**〔`#774` 持久化〕)(⚠ **前两个份额是 GSS 上的,同一轮的第二具仪器把它们反了过来 —— 而残余没反**:MFQ 上宗教 16.0% · 政治 28.7% · 残余 **62.6%**,与 GSS 的 62.4% 差 0.2 个百分点) | 同一批人(n=9,580–10,467)上偏掉:政治 **90.6%** 保留 · 出席 79.0% · 原教旨 82.3% · 认同强度 86.2%",0,1,0,1
README_zh.md,210968,**90.6%,"GSS 上的,同一轮的第二具仪器把它们反了过来 —— 而残余没反**:MFQ 上宗教 16.0% · 政治 28.7% · 残余 **62.6%**,与 GSS 的 62.4% 差 0.2 个百分点) | 同一批人(n=9,580–10,467)上偏掉:政治 **90.6%** 保留 · 出席 79.0% · 原教旨 82.3% · 认同强度 86.2% · **三个宗教量一起 66.9%** · **宗教+政治全放 62.4%** | ⚠ **判词",0,0,0,0
README_zh.md,210986,79.0%,"们反了过来 —— 而残余没反**:MFQ 上宗教 16.0% · 政治 28.7% · 残余 **62.6%**,与 GSS 的 62.4% 差 0.2 个百分点) | 同一批人(n=9,580–10,467)上偏掉:政治 **90.6%** 保留 · 出席 79.0% · 原教旨 82.3% · 认同强度 86.2% · **三个宗教量一起 66.9%** · **宗教+政治全放 62.4%** | ⚠ **判词 W-M:66.9% 落在预注册",0,0,0,0
README_zh.md,210998,82.3%,"没反**:MFQ 上宗教 16.0% · 政治 28.7% · 残余 **62.6%**,与 GSS 的 62.4% 差 0.2 个百分点) | 同一批人(n=9,580–10,467)上偏掉:政治 **90.6%** 保留 · 出席 79.0% · 原教旨 82.3% · 认同强度 86.2% · **三个宗教量一起 66.9%** · **宗教+政治全放 62.4%** | ⚠ **判词 W-M:66.9% 落在预注册的 50%–75% 之间",0,0,0,0
README_zh.md,211011,86.2%,"16.0% · 政治 28.7% · 残余 **62.6%**,与 GSS 的 62.4% 差 0.2 个百分点) | 同一批人(n=9,580–10,467)上偏掉:政治 **90.6%** 保留 · 出席 79.0% · 原教旨 82.3% · 认同强度 86.2% · **三个宗教量一起 66.9%** · **宗教+政治全放 62.4%** | ⚠ **判词 W-M:66.9% 落在预注册的 50%–75% 之间,判不了,而我没有改阈值*",0,0,0,0
README_zh.md,211029,66.9%," 残余 **62.6%**,与 GSS 的 62.4% 差 0.2 个百分点) | 同一批人(n=9,580–10,467)上偏掉:政治 **90.6%** 保留 · 出席 79.0% · 原教旨 82.3% · 认同强度 86.2% · **三个宗教量一起 66.9%** · **宗教+政治全放 62.4%** | ⚠ **判词 W-M:66.9% 落在预注册的 50%–75% 之间,判不了,而我没有改阈值**;⚠⚠ **而这是我连着第二次落进",0,0,0,0
README_zh.md,211049,62.4%,"的 62.4% 差 0.2 个百分点) | 同一批人(n=9,580–10,467)上偏掉:政治 **90.6%** 保留 · 出席 79.0% · 原教旨 82.3% · 认同强度 86.2% · **三个宗教量一起 66.9%** · **宗教+政治全放 62.4%** | ⚠ **判词 W-M:66.9% 落在预注册的 50%–75% 之间,判不了,而我没有改阈值**;⚠⚠ **而这是我连着第二次落进自己留的中间带**(`#754` 是 6",0,0,0,0
README_zh.md,211070,66.9%," 同一批人(n=9,580–10,467)上偏掉:政治 **90.6%** 保留 · 出席 79.0% · 原教旨 82.3% · 认同强度 86.2% · **三个宗教量一起 66.9%** · **宗教+政治全放 62.4%** | ⚠ **判词 W-M:66.9% 落在预注册的 50%–75% 之间,判不了,而我没有改阈值**;⚠⚠ **而这是我连着第二次落进自己留的中间带**(`#754` 是 63.6%)—— 不是世界含糊,是**我把阈",0,0,0,0
README_zh.md,211083,50%,"–10,467)上偏掉:政治 **90.6%** 保留 · 出席 79.0% · 原教旨 82.3% · 认同强度 86.2% · **三个宗教量一起 66.9%** · **宗教+政治全放 62.4%** | ⚠ **判词 W-M:66.9% 落在预注册的 50%–75% 之间,判不了,而我没有改阈值**;⚠⚠ **而这是我连着第二次落进自己留的中间带**(`#754` 是 63.6%)—— 不是世界含糊,是**我把阈值当圆整数去拍**,而",0,0,0,0
README_zh.md,211087,75%,"467)上偏掉:政治 **90.6%** 保留 · 出席 79.0% · 原教旨 82.3% · 认同强度 86.2% · **三个宗教量一起 66.9%** · **宗教+政治全放 62.4%** | ⚠ **判词 W-M:66.9% 落在预注册的 50%–75% 之间,判不了,而我没有改阈值**;⚠⚠ **而这是我连着第二次落进自己留的中间带**(`#754` 是 63.6%)—— 不是世界含糊,是**我把阈值当圆整数去拍**,而它应当由",0,0,0,0
README_zh.md,211143,63.6%,".2% · **三个宗教量一起 66.9%** · **宗教+政治全放 62.4%** | ⚠ **判词 W-M:66.9% 落在预注册的 50%–75% 之间,判不了,而我没有改阈值**;⚠⚠ **而这是我连着第二次落进自己留的中间带**(`#754` 是 63.6%)—— 不是世界含糊,是**我把阈值当圆整数去拍**,而它应当由可测的量导出(该效应自己的零 / MDE / 另一个已知解释变量的份额);⚠ 三个宗教量彼此相关(ρ(attend,",0,1,0,1
README_zh.md,211344,**33.1%,"额);⚠ 三个宗教量彼此相关(ρ(attend, reliten) = −0.5083),**「三个一起」不是三份独立的解释**;⚠ 都是自我报告,偏相关不是因果调整(Entry 762) 〔GSS〕 ⟨宗教的贡献 **542.8×** 自己的展布,而它只占 **33.1%**⟩| | **把政治左右整个偏掉,服从与管性还剩八成八**(⚠ **推导,不是独立测量** —— 按 `#770`,份额是 `(r_XY, r_XZ, r_YZ)` 的确定函数",1,1,0,0
README_zh.md,211521,**12.3%,"是独立测量** —— 按 `#770`,份额是 `(r_XY, r_XZ, r_YZ)` 的确定函数;本行等价于:**政治与看重服从相关 +0.17、与性态度相关 +0.22…+0.32**〔`#774` 持久化〕。⚠ 而同一句「政治解释多少」在三个样本上是 **12.3% / 11.5% / 9.4%**,**各自都对** —— **一个随样本走的数,不该被读成一次对世界的测量**) | GSS 概率样本 n≈16,000:`obey` 偏掉 `p",1,1,0,0
README_zh.md,211531,11.5%," 按 `#770`,份额是 `(r_XY, r_XZ, r_YZ)` 的确定函数;本行等价于:**政治与看重服从相关 +0.17、与性态度相关 +0.22…+0.32**〔`#774` 持久化〕。⚠ 而同一句「政治解释多少」在三个样本上是 **12.3% / 11.5% / 9.4%**,**各自都对** —— **一个随样本走的数,不该被读成一次对世界的测量**) | GSS 概率样本 n≈16,000:`obey` 偏掉 `polviews`",1,1,0,0
README_zh.md,211539,9.4%,"`,份额是 `(r_XY, r_XZ, r_YZ)` 的确定函数;本行等价于:**政治与看重服从相关 +0.17、与性态度相关 +0.22…+0.32**〔`#774` 持久化〕。⚠ 而同一句「政治解释多少」在三个样本上是 **12.3% / 11.5% / 9.4%**,**各自都对** —— **一个随样本走的数,不该被读成一次对世界的测量**) | GSS 概率样本 n≈16,000:`obey` 偏掉 `polviews` 后保留中位 ",1,1,0,0
README_zh.md,211633,**87.7%,"一句「政治解释多少」在三个样本上是 **12.3% / 11.5% / 9.4%**,**各自都对** —— **一个随样本走的数,不该被读成一次对世界的测量**) | GSS 概率样本 n≈16,000:`obey` 偏掉 `polviews` 后保留中位 **87.7%**(四题 86–90%);规格曲线 87.9% / 87.4% / 78.6%;政治解释的那一部分是 **−0.0332,自己展布的 594.5×** —— **真,但只占 12",1,0,0,0
README_zh.md,211649,90%,"是 **12.3% / 11.5% / 9.4%**,**各自都对** —— **一个随样本走的数,不该被读成一次对世界的测量**) | GSS 概率样本 n≈16,000:`obey` 偏掉 `polviews` 后保留中位 **87.7%**(四题 86–90%);规格曲线 87.9% / 87.4% / 78.6%;政治解释的那一部分是 **−0.0332,自己展布的 594.5×** —— **真,但只占 12.1%** | ⚠⚠ *",1,0,0,0
README_zh.md,211659,87.9%,"/ 11.5% / 9.4%**,**各自都对** —— **一个随样本走的数,不该被读成一次对世界的测量**) | GSS 概率样本 n≈16,000:`obey` 偏掉 `polviews` 后保留中位 **87.7%**(四题 86–90%);规格曲线 87.9% / 87.4% / 78.6%;政治解释的那一部分是 **−0.0332,自己展布的 594.5×** —— **真,但只占 12.1%** | ⚠⚠ **这一步是故意挑的、正面",1,0,0,0
README_zh.md,211667,87.4%,"/ 9.4%**,**各自都对** —— **一个随样本走的数,不该被读成一次对世界的测量**) | GSS 概率样本 n≈16,000:`obey` 偏掉 `polviews` 后保留中位 **87.7%**(四题 86–90%);规格曲线 87.9% / 87.4% / 78.6%;政治解释的那一部分是 **−0.0332,自己展布的 594.5×** —— **真,但只占 12.1%** | ⚠⚠ **这一步是故意挑的、正面结果我不欢迎的一",1,0,0,0
README_zh.md,211675,78.6%,",**各自都对** —— **一个随样本走的数,不该被读成一次对世界的测量**) | GSS 概率样本 n≈16,000:`obey` 偏掉 `polviews` 后保留中位 **87.7%**(四题 86–90%);规格曲线 87.9% / 87.4% / 78.6%;政治解释的那一部分是 **−0.0332,自己展布的 594.5×** —— **真,但只占 12.1%** | ⚠⚠ **这一步是故意挑的、正面结果我不欢迎的一步** —— 若",1,0,0,0
README_zh.md,211728,12.1%,"≈16,000:`obey` 偏掉 `polviews` 后保留中位 **87.7%**(四题 86–90%);规格曲线 87.9% / 87.4% / 78.6%;政治解释的那一部分是 **−0.0332,自己展布的 594.5×** —— **真,但只占 12.1%** | ⚠⚠ **这一步是故意挑的、正面结果我不欢迎的一步** —— 若政治能解释掉它,这条弧的头号发现就压成「性绑在保守主义上」,一句已知的旧话;⚠⚠ **我跑前写下的混淆被自",1,0,0,0
README_zh.md,211937,12.1%,";⚠⚠ **我跑前写下的混淆被自己的测量推翻并收回**:我说 MFQ 政治全距受限,实测 sd 1.555 vs GSS 1.408,**更宽不是更窄**(左偏是真的,但那不是全距);⚠ 判词按预注册判在**概率样本**上,不取平均 —— GSS 说政治解释 12.1%,MFQ 说约 30%,而 MFQ 来自一个政治兴趣平台;⚠ **`workhard` 与 MFQ `HARM` 的保留率被判为不可读** —— 偏前值小于自己的噪声,近零分母的比",1,0,0,0
README_zh.md,211950,30%,"淆被自己的测量推翻并收回**:我说 MFQ 政治全距受限,实测 sd 1.555 vs GSS 1.408,**更宽不是更窄**(左偏是真的,但那不是全距);⚠ 判词按预注册判在**概率样本**上,不取平均 —— GSS 说政治解释 12.1%,MFQ 说约 30%,而 MFQ 来自一个政治兴趣平台;⚠ **`workhard` 与 MFQ `HARM` 的保留率被判为不可读** —— 偏前值小于自己的噪声,近零分母的比值不许报(`#745`",1,0,0,0
README_zh.md,212052,−290.3%,"均 —— GSS 说政治解释 12.1%,MFQ 说约 30%,而 MFQ 来自一个政治兴趣平台;⚠ **`workhard` 与 MFQ `HARM` 的保留率被判为不可读** —— 偏前值小于自己的噪声,近零分母的比值不许报(`#745`),第一版曾印出 −290.3%(Entry 760) 〔GSS〕〔MFQ〕 ⟨政治的贡献 **594.5×** 自己的展布,而它只占 **12.1%**⟩| | **方向这个问题这套数据撑不起,而这是先算 MD",1,0,0,0
README_zh.md,212111,**12.1%,"ard` 与 MFQ `HARM` 的保留率被判为不可读** —— 偏前值小于自己的噪声,近零分母的比值不许报(`#745`),第一版曾印出 −290.3%(Entry 760) 〔GSS〕〔MFQ〕 ⟨政治的贡献 **594.5×** 自己的展布,而它只占 **12.1%**⟩| | **方向这个问题这套数据撑不起,而这是先算 MDE 才知道的** | 去趋势后同期互相关 **+0.6426**(最高),而不对称 (lag+1 − lag−1) =",1,0,0,0
README_zh.md,212227,95%,"** 自己的展布,而它只占 **12.1%**⟩| | **方向这个问题这套数据撑不起,而这是先算 MDE 才知道的** | 去趋势后同期互相关 **+0.6426**(最高),而不对称 (lag+1 − lag−1) = **−0.1295**,只有自己零 95% 分位 **0.6462** 的 **0.20 倍** | ⚠⚠ **−0.1295 不许被读成「谁领先」** —— 它落在自己的噪声底之下;⚠ 人层**结构上**不可识别:GSS",1,0,0,0
README_zh.md,212447,**80%,"GSS 是重复横截面不是面板,同一个人只被问一次,**它需要面板数据**(按 realstat §2 记为 N/A + 需要什么,**不是「计划中」**);⚠ 年代层只有 **22 个时点**,注入领先强度 0.1→0.8 检出率只有 0.044→0.551,**80% 功效整个网格都达不到**;⚠ 而残差 sd / 抽样 se = 2.53–3.11× ⇒ **残差里确实有真信号,问题不是只剩噪声,是时点太少**(Entry 757) 〔GSS",0,0,0,0
README_zh.md,212569,95%,"4→0.551,**80% 功效整个网格都达不到**;⚠ 而残差 sd / 抽样 se = 2.53–3.11× ⇒ **残差里确实有真信号,问题不是只剩噪声,是时点太少**(Entry 757) 〔GSS〕 ⟨**0.20×** —— 观测不对称对自己零的 95% 分位⟩| | **一万六千人的概率样本上,管性最强的预测项是要不要孩子服从** | `obey` 在四题性上**都排第一**(三种统计量一致);`premarsx` 上 `obe",1,0,0,0
README_zh.md,213090,95%,"构念;⚠ `thnkself` 稳居第二,但它与 `obey` 题间相关 −0.469,**大半是第一名的镜像**(Entry 756) 〔GSS〕〔MFQ〕 ⟨`obey` **10.1×** vs `helpoth` **0.6×**,对各自年内打乱的零 95% 分位⟩| | **人层那个族大半是一件事,而判不了的是我的阈值不是世界** | ρ(权威, 内群体) = **+0.7005**;偏掉内群体后 chastity×权威保留 **6",0,0,0,0
README_zh.md,213180,**63.6%,"10.1×** vs `helpoth` **0.6×**,对各自年内打乱的零 95% 分位⟩| | **人层那个族大半是一件事,而判不了的是我的阈值不是世界** | ρ(权威, 内群体) = **+0.7005**;偏掉内群体后 chastity×权威保留 **63.6%**(是自己零的 14.0×),偏掉权威后 chastity×内群体只剩 **26.5%**(仍是自己零的 4.9×,不是零) | ⚠ **预注册的两条阈值都没到,按 W-3 认下",0,0,0,0
README_zh.md,213224,**26.5%,"分位⟩| | **人层那个族大半是一件事,而判不了的是我的阈值不是世界** | ρ(权威, 内群体) = **+0.7005**;偏掉内群体后 chastity×权威保留 **63.6%**(是自己零的 14.0×),偏掉权威后 chastity×内群体只剩 **26.5%**(仍是自己零的 4.9×,不是零) | ⚠ **预注册的两条阈值都没到,按 W-3 认下,不改阈值再跑** —— 判不了的是我拍的那个 75%,不是世界;⚠ 而两个偏相关各自都",0,0,0,0
README_zh.md,213301,75%,"ity×权威保留 **63.6%**(是自己零的 14.0×),偏掉权威后 chastity×内群体只剩 **26.5%**(仍是自己零的 4.9×,不是零) | ⚠ **预注册的两条阈值都没到,按 W-3 认下,不改阈值再跑** —— 判不了的是我拍的那个 75%,不是世界;⚠ 而两个偏相关各自都远在自己零之上,**所以「有没有」清楚,「够不够格叫两件事」是我没定义好**;⚠ 两族之间近乎正交:ρ(权威, 伤害) = −0.0549 · ρ",0,0,0,0
README_zh.md,213459,95%,"**所以「有没有」清楚,「够不够格叫两件事」是我没定义好**;⚠ 两族之间近乎正交:ρ(权威, 伤害) = −0.0549 · ρ(内群体, 公平) = −0.1407(Entry 754) 〔MFQ〕 ⟨**14.0×** 与 **4.9×**,对各自零的 95% 分位 0.0225 / 0.0227〕| | **社会层没有服从那一族,只有服从这一个** | 只偏掉服从的代价 **+0.0783**,而文献上与它同属 compliance ",0,0,0,0
README_zh.md,213866,95%," —— 防御是 Barry/Child/Bacon 1957–59 的已发表二分(比我早六十年)加一次不看结果变量的盲拆分;⚠ 文献二分只覆盖 4/9(Entry 753) 〔SCCS〕 ⟨代价 **+0.0783 vs +0.0046**,而各规格自己的零 95% 分位是 0.184–0.280〕| | **性独立于伤害与公平,却就是权威那一族的一部分** | ρ(chastity, 伤害) **+0.0060** · (公平) **−0.",0,0,0,0
README_zh.md,214017,**94.9%," | **性独立于伤害与公平,却就是权威那一族的一部分** | ρ(chastity, 伤害) **+0.0060** · (公平) **−0.1685** · (内群体) **+0.4194** · (权威) **+0.5001**;偏掉伤害+公平后性保留 **94.9%**(≈ GSS 的 97.2%),偏掉内群体+权威后只剩 **60.6%** | ⚠⚠ **本体论变化:「性 vs 一般道德是一件还是两件」这个分解本身是错的** —— 一般道德",0,0,0,0
README_zh.md,214035,97.2%,"权威那一族的一部分** | ρ(chastity, 伤害) **+0.0060** · (公平) **−0.1685** · (内群体) **+0.4194** · (权威) **+0.5001**;偏掉伤害+公平后性保留 **94.9%**(≈ GSS 的 97.2%),偏掉内群体+权威后只剩 **60.6%** | ⚠⚠ **本体论变化:「性 vs 一般道德是一件还是两件」这个分解本身是错的** —— 一般道德至少是两族,性独立于一族、就是另",0,0,0,0
README_zh.md,214054,**60.6%,"stity, 伤害) **+0.0060** · (公平) **−0.1685** · (内群体) **+0.4194** · (权威) **+0.5001**;偏掉伤害+公平后性保留 **94.9%**(≈ GSS 的 97.2%),偏掉内群体+权威后只剩 **60.6%** | ⚠⚠ **本体论变化:「性 vs 一般道德是一件还是两件」这个分解本身是错的** —— 一般道德至少是两族,性独立于一族、就是另一族的一部分;⚠ 两具仪器表面分歧其实是*",0,0,0,0
README_zh.md,214359,**94.9%,"_art:binding foundations 是 MFQ 自己的核心已发表主张,第二臂的一大半是验证不是发现**;⚠ MFQ 是自选样本,`chastity` 是抽象美德陈述而 GSS 四题是具体行为(Entry 752) 〔MFQ〕〔GSS〕 ⟨保留率 **94.9% vs 60.6%**,而两个规格各自的零 95% 上界都是 +0.486⟩| | **一个人对性的严,和他觉得逃税骗福利有多错,只共享 +0.13**(⚠ **同一轮的第二具仪器",1,0,0,0
README_zh.md,214370,60.6%,"g foundations 是 MFQ 自己的核心已发表主张,第二臂的一大半是验证不是发现**;⚠ MFQ 是自选样本,`chastity` 是抽象美德陈述而 GSS 四题是具体行为(Entry 752) 〔MFQ〕〔GSS〕 ⟨保留率 **94.9% vs 60.6%**,而两个规格各自的零 95% 上界都是 +0.486⟩| | **一个人对性的严,和他觉得逃税骗福利有多错,只共享 +0.13**(⚠ **同一轮的第二具仪器把这句话收窄了,见",1,0,0,0
README_zh.md,214388,95%,"Q 自己的核心已发表主张,第二臂的一大半是验证不是发现**;⚠ MFQ 是自选样本,`chastity` 是抽象美德陈述而 GSS 四题是具体行为(Entry 752) 〔MFQ〕〔GSS〕 ⟨保留率 **94.9% vs 60.6%**,而两个规格各自的零 95% 上界都是 +0.486⟩| | **一个人对性的严,和他觉得逃税骗福利有多错,只共享 +0.13**(⚠ **同一轮的第二具仪器把这句话收窄了,见下一行** —— GSS 那两条",1,0,0,0
README_zh.md,214532,**98.0%,"6⟩| | **一个人对性的严,和他觉得逃税骗福利有多错,只共享 +0.13**(⚠ **同一轮的第二具仪器把这句话收窄了,见下一行** —— GSS 那两条题恰好只覆盖了伤害-公平那一半) | 去衰减 **+0.1910**;把后者整个扣掉,四题性彼此保留 **98.0%**;即使假设控制量完美可靠仍保留 **97.2%** | ⚠ **这一步是故意选的、正面结果我不欢迎的一步** —— 前两轮同向 = basin;⚠ 硬规则①量出 `taxche",0,0,0,0
README_zh.md,214557,**97.2%,"有多错,只共享 +0.13**(⚠ **同一轮的第二具仪器把这句话收窄了,见下一行** —— GSS 那两条题恰好只覆盖了伤害-公平那一半) | 去衰减 **+0.1910**;把后者整个扣掉,四题性彼此保留 **98.0%**;即使假设控制量完美可靠仍保留 **97.2%** | ⚠ **这一步是故意选的、正面结果我不欢迎的一步** —— 前两轮同向 = basin;⚠ 硬规则①量出 `taxcheat`/`govcheat` **只问过 1991",0,0,0,0
README_zh.md,214779,**97.2%," 1991 与 1998 两年**,与四题性重叠 **n=734**,不是 GSS 的 4.6 万;⚠ **射程比它听起来窄** —— 扣掉的只有「对国家不诚实」这一格,不是一般道德;⚠ 编码方向相反,值标签实读后性题取负(Entry 751) 〔GSS〕 ⟨**97.2%** 保留,而打乱配对的零区间是 +0.3379…+0.3421,观测 +0.3334 落在其下〕| | **一个社会对性的严厉,不是它一般有多严的一个侧面** | 教孩子性克制 ",0,0,1,0
README_zh.md,215022,95%,"= +0.6558**,十个品格里**排第 1**;第二名服从只有 **+0.3030**,九个非性品格全在 **−0.10…+0.30** | 两端出自**不同编码团队**(`barry1976traits` × `broude1976cross`);松零 95% 分位 0.1779;MDE 跑之前算过(n≈112 ⇒ 0.19);⚠ **收敛的那一半是验证,判别的那一半才是发现**;⚠ **halo 零对「四对象均值」是空操作(只改 9.",0,0,0,0
README_zh.md,215113,9.85%,"rry1976traits` × `broude1976cross`);松零 95% 分位 0.1779;MDE 跑之前算过(n≈112 ⇒ 0.19);⚠ **收敛的那一半是验证,判别的那一半才是发现**;⚠ **halo 零对「四对象均值」是空操作(只改 9.85% 的 sd),本轮它没有作用**(Entry 749) 〔SCCS〕 ⟨**3.69×**〕| | **双重标准是一个偏移量,不是一条接缝** | 性克制四对象最弱一环 **+0.",0,0,0,0
README_zh.md,215325,95%,"四对象最弱一环 **+0.6838**,在十个品格里排**第 3**(不是例外);而 Whyte 判有双标的社会,\|女−男\| 中位 **0.750** vs 无双标 **0.000** | 同一编码团队 40 变量池 **全枚举 91,380 块**,零 95% 分位 0.1537;跨队臂(Whyte 1978)某一臂 n=22–28 **<30 ⇒ 只作观察,不进判决**(Entry 617 · 618 · 724) 〔SCCS〕 ⟨*",0,0,0,0
README_zh.md,215697,95%,"20 高于零** | 面内一致**是量表作者的设计**(同面常是近义改写,`#542` 已按 `prior_art` 降级为验证,本行承接);面间那一半不是设计能保证的。零抽 200,000 块(C(100,5)=75,287,520 **不可枚举**),零 95% 分位 0.1837,跨种子相对标准差 1.22%(面内那一半承接 `#542` 的验证降级、面间口径之别,均见叙述)(Entry 720 · 721) 〔MSSCQ〕 ⟨面内 *",0,0,0,0
README_zh.md,215720,1.22%,"设计**(同面常是近义改写,`#542` 已按 `prior_art` 降级为验证,本行承接);面间那一半不是设计能保证的。零抽 200,000 块(C(100,5)=75,287,520 **不可枚举**),零 95% 分位 0.1837,跨种子相对标准差 1.22%(面内那一半承接 `#542` 的验证降级、面间口径之别,均见叙述)(Entry 720 · 721) 〔MSSCQ〕 ⟨面内 **2.62×**;最弱的一个面 1.02×〕| |",0,0,0,0
README_zh.md,215940,95%,"×〕| | 一个社会「用不用这一招」对四种孩子一视同仁,而「对这个孩子用哪几招」不是一件事 | 同手段×四对象 **+0.645…+0.896**;同对象×四手段中位 **−0.0138** | 同一编码团队 20 变量池 **全枚举 4,840 块**,零 95% 分位 0.2504(贪心)/ 0.3048(最优符号)(Entry 653 · 717) 〔SCCS〕 ⟨2.6–3.6× vs **≈0×**〕| | 五个道德域**都**比随",0,0,0,0
README_zh.md,216152,95%,"个道德域**都**比随机凑的六题更连成一片,纯洁最紧(而公平在严的那种约定下贴着零) | 纯洁 **0.335** > 权威 0.170 > 内群 0.149 > 伤害 0.139 > 公平 0.062 | 同池同 k **全枚举 593,770** 块;零 95% 分位 **0.0299**(贪心)/ **0.0592**(最优符号)—— **比值腰斩但排序不变**;99% 分位 0.2019 处两种约定下**都只有纯洁过**(Entry ",0,0,0,0
README_zh.md,216208,99%,"* > 权威 0.170 > 内群 0.149 > 伤害 0.139 > 公平 0.062 | 同池同 k **全枚举 593,770** 块;零 95% 分位 **0.0299**(贪心)/ **0.0592**(最优符号)—— **比值腰斩但排序不变**;99% 分位 0.2019 处两种约定下**都只有纯洁过**(Entry 653 · 715 · 716 · 718) 〔MFQ〕 ⟨纯洁 11.23× / **5.66×** · 公平",0,0,0,0
README_zh.md,216927,53%,"轨迹单独作用会让归一耦合下降**,而「实测 − 模拟」是 **+0.00240 / +0.00403 / +0.00438**,**梯度反而更大**;**但闸判 UNVERIFIED,因为它比的是 |零| 对 |效应|(0.00151 是 0.00287 的 53%),而这个比较对符号是瞎的。**⇒ **维持降级:既没被恢复,也没被撤回** `[#748「模拟指向反方向,而闸只会比大小」]`(Entry 748):它可能是方差差造的;⚠ **",0,1,0,1
README_zh.md,217300,84%,"0.00044**;两端之差 **+0.00331/年 = 36 年 +0.1191** | 逐层对照**它自己的**零:常去与偶尔**在零之外**,**几乎不去落在零里**([−0.00196, +0.00190]);安慰剂(随机三分)+0.00563 = 84% ⇒ **分层本身只花 16%,而宗教分层花 36%**;⚠ **用差不用比** —— 分母近零时比值无意义(`#691`)(Entry 740 · 745) 〔GSS〕 ⟨**差",0,0,1,0
README_zh.md,217315,16%,"**+0.00331/年 = 36 年 +0.1191** | 逐层对照**它自己的**零:常去与偶尔**在零之外**,**几乎不去落在零里**([−0.00196, +0.00190]);安慰剂(随机三分)+0.00563 = 84% ⇒ **分层本身只花 16%,而宗教分层花 36%**;⚠ **用差不用比** —— 分母近零时比值无意义(`#691`)(Entry 740 · 745) 〔GSS〕 ⟨**差 +0.1191/36年**〕",0,0,1,0
README_zh.md,217326,36%,"年 = 36 年 +0.1191** | 逐层对照**它自己的**零:常去与偶尔**在零之外**,**几乎不去落在零里**([−0.00196, +0.00190]);安慰剂(随机三分)+0.00563 = 84% ⇒ **分层本身只花 16%,而宗教分层花 36%**;⚠ **用差不用比** —— 分母近零时比值无意义(`#691`)(Entry 740 · 745) 〔GSS〕 ⟨**差 +0.1191/36年**〕| | **也不是年龄",0,0,1,0
README_zh.md,217459,95%,"**;⚠ **用差不用比** —— 分母近零时比值无意义(`#691`)(Entry 740 · 745) 〔GSS〕 ⟨**差 +0.1191/36年**〕| | **也不是年龄,也不是教育** | 固定年龄段内合并斜率 **+0.00640 = 世代内的 95%**(三段 +0.0069 / +0.0054 / +0.0069);教育三分位内 **+0.00521 = 77%** | ⚠ **在一个出生世代内部 `age = year −",0,0,0,0
README_zh.md,217517,77%,"〕 ⟨**差 +0.1191/36年**〕| | **也不是年龄,也不是教育** | 固定年龄段内合并斜率 **+0.00640 = 世代内的 95%**(三段 +0.0069 / +0.0054 / +0.0069);教育三分位内 **+0.00521 = 77%** | ⚠ **在一个出生世代内部 `age = year − cohort` 是恒等式** ⇒ `#740` 的世代内斜率按构造是「年代+年龄」的合体;安慰剂(按性别分层)+0",0,0,0,0
README_zh.md,217619,91%,"0.0069);教育三分位内 **+0.00521 = 77%** | ⚠ **在一个出生世代内部 `age = year − cohort` 是恒等式** ⇒ `#740` 的世代内斜率按构造是「年代+年龄」的合体;安慰剂(按性别分层)+0.00610 = 91%,**所以分层本身只花掉 ~9%**;零(年龄段内打乱年份)[−0.00082, +0.00079];⚠ **(年龄×教育)0/9 格、(世代×教育)1/18 格过地板 ⇒ 判不了",0,0,1,0
README_zh.md,217636,9%,"+0.00521 = 77%** | ⚠ **在一个出生世代内部 `age = year − cohort` 是恒等式** ⇒ `#740` 的世代内斜率按构造是「年代+年龄」的合体;安慰剂(按性别分层)+0.00610 = 91%,**所以分层本身只花掉 ~9%**;零(年龄段内打乱年份)[−0.00082, +0.00079];⚠ **(年龄×教育)0/9 格、(世代×教育)1/18 格过地板 ⇒ 判不了,不进结论**(Entry 74",0,0,1,0
README_zh.md,217870,−7%,"S〕 ⟨**8.1×**〕| | **搬进的是「性道德」,不是「政治」** | `premarsx × homosex` **+0.00672/年,在 253 对里排第 2**;而 homosex × **19 个非性题**中位 **−0.00025**(占 −7%),**× 堕胎四题 −0.00445 —— 反而走远了** | **253 对的中位 +0.00001 ⇒ 不存在「什么都在靠拢」**;④ 正对照复现 `#740` 的 +0.0",1,0,0,0
README_zh.md,218024,−23%,"— 反而走远了** | **253 对的中位 +0.00001 ⇒ 不存在「什么都在靠拢」**;④ 正对照复现 `#740` 的 +0.00672(差 0.00000);零(世代内打乱年份)[−0.00155, +0.00215];⚠ 归一版同向更强(非性占 −23%);⚠ ~~三个性题里 `xmarsex` 只有 +0.00075 —— 出轨没有加入~~ **已撤回**:归一后三对是 **+0.00581 / +0.00574 / +0.00",1,0,1,0
README_zh.md,218261,113%,+0.00075 是天花板(0.947 → 0.558)说的(Entry 740 · 741 · 742) 〔GSS〕 ⟨**3.1×**〕| | **也不是老一代退出:同一批出生世代自己连的** | 世代内合并斜率 **+0.2418/36年 = 总斜率的 113%** ⇒ **构成变化贡献 −13%**;四个世代无一例外:1929–45 **+0.142** · 婴儿潮 **+0.273** · X **+0.212** · 千禧 **+0,0,1,0,1
README_zh.md,218279,−13%,7 → 0.558)说的(Entry 740 · 741 · 742) 〔GSS〕 ⟨**3.1×**〕| | **也不是老一代退出:同一批出生世代自己连的** | 世代内合并斜率 **+0.2418/36年 = 总斜率的 113%** ⇒ **构成变化贡献 −13%**;四个世代无一例外:1929–45 **+0.142** · 婴儿潮 **+0.273** · X **+0.212** · 千禧 **+0.314** | ④ 正对照:世代内,0,1,0,1
README_zh.md,218620,2%,"9 · 740) 〔GSS〕 ⟨**3.7×**〕| | **而那一对的融合不是「挪离地板」的机械后果** | ρ 恒定、只让切点按 GSS **真实逐年边际**移动的合成世界里,`premarsx × homosex` 只涨 **+0.0056 = 实测的 2%**(ρ 取 2024 值这个最宽松设定下也只有 17%) | ④ 正对照:切点固定时合成 36 年变化 **−0.0020**;⚠ **而同一套模拟解释了另外三对的 60–86%",0,0,0,0
README_zh.md,218647,17%,"| **而那一对的融合不是「挪离地板」的机械后果** | ρ 恒定、只让切点按 GSS **真实逐年边际**移动的合成世界里,`premarsx × homosex` 只涨 **+0.0056 = 实测的 2%**(ρ 取 2024 值这个最宽松设定下也只有 17%) | ④ 正对照:切点固定时合成 36 年变化 **−0.0020**;⚠ **而同一套模拟解释了另外三对的 60–86%**(`xmarsex×teensex` 86% · `",0,0,0,0
README_zh.md,218709,86%,",`premarsx × homosex` 只涨 **+0.0056 = 实测的 2%**(ρ 取 2024 值这个最宽松设定下也只有 17%) | ④ 正对照:切点固定时合成 36 年变化 **−0.0020**;⚠ **而同一套模拟解释了另外三对的 60–86%**(`xmarsex×teensex` 86% · `xmarsex×homosex` 64% · `homosex×teensex` 60%)—— **它在该开火的地方开火了*",0,0,0,0
README_zh.md,218733,86%, **+0.0056 = 实测的 2%**(ρ 取 2024 值这个最宽松设定下也只有 17%) | ④ 正对照:切点固定时合成 36 年变化 **−0.0020**;⚠ **而同一套模拟解释了另外三对的 60–86%**(`xmarsex×teensex` 86% · `xmarsex×homosex` 64% · `homosex×teensex` 60%)—— **它在该开火的地方开火了**(Entry 738 · 739) 〔GSS〕,0,0,0,0
README_zh.md,218757,64%,取 2024 值这个最宽松设定下也只有 17%) | ④ 正对照:切点固定时合成 36 年变化 **−0.0020**;⚠ **而同一套模拟解释了另外三对的 60–86%**(`xmarsex×teensex` 86% · `xmarsex×homosex` 64% · `homosex×teensex` 60%)—— **它在该开火的地方开火了**(Entry 738 · 739) 〔GSS〕 ⟨**48×**(实测 ÷ 限幅可解释部分)〕,0,0,0,0
README_zh.md,218781,60%," | ④ 正对照:切点固定时合成 36 年变化 **−0.0020**;⚠ **而同一套模拟解释了另外三对的 60–86%**(`xmarsex×teensex` 86% · `xmarsex×homosex` 64% · `homosex×teensex` 60%)—— **它在该开火的地方开火了**(Entry 738 · 739) 〔GSS〕 ⟨**48×**(实测 ÷ 限幅可解释部分)〕| | **1988–2024:整体松了一整格,",0,0,0,0
README_zh.md,220011,84%,")** | 每个池都全枚举、排除任何纯域块、最优符号;⚠ **裁决 UNVERIFIED**(控制与展布见叙述)(Entry 731) 〔GSS〕 ⟨**0.93×–4.56×,而这就是结论**〕| | **两具仪器的「分歧」不是关于人的:实测几乎一样,差的 84% 在分母** | GSS k=3 实测 **0.4154** · NSFG k=3 实测 **0.3452**(分子只差 1.20×);而零 **0.1369 对 0.3587**",0,0,0,0
README_zh.md,220277,**84%,"到 NSFG 的人群(女性15–44),GSS 反而升到 9.45×**;⚠ **零的分母由同一份问卷里其余那些题决定 ⇒ 跨仪器的比值不可直接比**(Entry 718 · 730) 〔GSS·NSFG〕 ⟨GSS 3.10× · NSFG 0.96×,而 **84% 的差是分母**〕| | ⛔ ~~「性是一块」在两具仪器上都成立~~ **只剩 GSS 一条腿** | GSS **0.416** · NSFG **0.346** | 同池同 k",0,1,0,1
README_zh.md,220415,99%,"是分母**〕| | ⛔ ~~「性是一块」在两具仪器上都成立~~ **只剩 GSS 一条腿** | GSS **0.416** · NSFG **0.346** | 同池同 k 全枚举的零,两种符号约定并列:GSS **7.25× / 4.56×**(两种都过 99% 分位);**NSFG 1.11× / 0.96×** —— **最优符号下落进自己的零**(Entry 653 · 715 · 716 · 718) 〔GSS·NSFG〕 ⟨GS",1,0,0,0
README_zh.md,220827,88%,"是两个观测量相除**,不是一次检验(`realstat`/`#716`:只能对照自己的零);⚠ 两块 **k=3 对 k=4**,而零随 k 变 ⇒ **两个比值不在同一把尺子上,「一样紧」不是假,是问得不对**;裁决 **UNVERIFIED**(零占效应 88%)(Entry 650 · 734) 〔NSFG〕 ⟨**1.03×–1.24×**〕| | 而家庭七题不是一个领域 | 最大子块 **4/7** | 四阈全给 4;正对照 3;*",1,1,0,0
README_zh.md,221168,29%,"示那条声明错了**(Entry 710 / `#710`)。  **°** = **零未配套**:该声明的零不在它那一轮的脚本输出里(无 `results/*.json`,或 JSON 内无零)⇒ **无法核对那个零配不配这个效应**。全页 **7/24 = 29%** 可配套(Entry 695)。  ## 做不到的  | 做不到 | 为什么 | |---|---| | 把「教育让性道德成一个立场」升格成关于「性」或「纯洁」的话 | 第二具",0,1,0,1
README_zh.md,222297,22%,"拦一放);历史 **201** 条只点名不阻断 | ⚠ 判不了「那个零配不配这个效应」—— 那正是清点失败的原因,纯文本账本上无法自动判定(Entry 694) | | **这一页上大多数数字后面没有零** | 账本第六百条之后的 93 条里,只有 **14–22%** 报了自己的零(紧/松两种读数都报)⇒ **其余 78–86% 无法判断那个数是不是刚刚越过噪声**。脆分母清点因此作废(Entry 693) | | **比值的阈值必须从它自",0,1,0,1
README_zh.md,222330,86%,"个零配不配这个效应」—— 那正是清点失败的原因,纯文本账本上无法自动判定(Entry 694) | | **这一页上大多数数字后面没有零** | 账本第六百条之后的 93 条里,只有 **14–22%** 报了自己的零(紧/松两种读数都报)⇒ **其余 78–86% 无法判断那个数是不是刚刚越过噪声**。脆分母清点因此作废(Entry 693) | | **比值的阈值必须从它自己的零里量** | 「压缩在一侧强 2.4 倍」归于「更一致」那一",0,1,0,1
README_zh.md,222453,95%,"*其余 78–86% 无法判断那个数是不是刚刚越过噪声**。脆分母清点因此作废(Entry 693) | | **比值的阈值必须从它自己的零里量** | 「压缩在一侧强 2.4 倍」归于「更一致」那一件,只到 **p=0.0423**;而**极端度比值的零的 95% 分位是 17.3** —— 分母近零时比值几乎没有分辨力。我预注册的 [0.5,2] 是凭直觉写的(Entry 691) | | **一条 UNVERIFIED 不进「站得住的」",0,0,1,0
README_zh.md,222972,95%,"」(Entry 647 · 649 · 651) | | **共享仪器** | 同一批编码者、同一份问卷自己会制造耦合。**说不出仪器的声明,是关于仪器的声明** | | **四层上的梯度,是量不出来的** | 「按层排序再算 ρ」在 3–4 层上,置换零的 95% 分位贴在 **1.0** —— **除非 ρ=±1 否则永不显著**。九组电池放到十分位再做 BH,过多重性的只剩机构信任(−0.90)与堕胎(+0.75),**性道德不在其中*",0,0,1,0
README_zh.md,224161,1.4%,"01…/A01…/R001_schema/run.py` 会重新下载并重建。  > ### 这一切到底有多大?(`#264`,先读这一段) > 这个项目建立的**每一个**人层维度,**放进同一个模型**去预测同样那 29 个结局, > 联合解释的**中位是 1.4%** —— **最好的一格 7.8%**(`animated`),**羞耻 2.8%**。 > 自由度地板是 **0.14%**,而同一条管道在加入一个故意做强的预测量时能到 **",0,0,0,0
README_zh.md,224179,7.8%,"ma/run.py` 会重新下载并重建。  > ### 这一切到底有多大?(`#264`,先读这一段) > 这个项目建立的**每一个**人层维度,**放进同一个模型**去预测同样那 29 个结局, > 联合解释的**中位是 1.4%** —— **最好的一格 7.8%**(`animated`),**羞耻 2.8%**。 > 自由度地板是 **0.14%**,而同一条管道在加入一个故意做强的预测量时能到 **49%** —— > 所以仪器不是瞎",0,0,0,0
README_zh.md,224203,2.8%,"### 这一切到底有多大?(`#264`,先读这一段) > 这个项目建立的**每一个**人层维度,**放进同一个模型**去预测同样那 29 个结局, > 联合解释的**中位是 1.4%** —— **最好的一格 7.8%**(`animated`),**羞耻 2.8%**。 > 自由度地板是 **0.14%**,而同一条管道在加入一个故意做强的预测量时能到 **49%** —— > 所以仪器不是瞎的,这些维度也不是噪声:它们是真的、可复现的、跨",0,0,0,0
README_zh.md,224220,**0.14%,"64`,先读这一段) > 这个项目建立的**每一个**人层维度,**放进同一个模型**去预测同样那 29 个结局, > 联合解释的**中位是 1.4%** —— **最好的一格 7.8%**(`animated`),**羞耻 2.8%**。 > 自由度地板是 **0.14%**,而同一条管道在加入一个故意做强的预测量时能到 **49%** —— > 所以仪器不是瞎的,这些维度也不是噪声:它们是真的、可复现的、跨仪器的、控制过的,**而且它们很小**。",0,0,0,0
README_zh.md,224253,**49%,"*放进同一个模型**去预测同样那 29 个结局, > 联合解释的**中位是 1.4%** —— **最好的一格 7.8%**(`animated`),**羞耻 2.8%**。 > 自由度地板是 **0.14%**,而同一条管道在加入一个故意做强的预测量时能到 **49%** —— > 所以仪器不是瞎的,这些维度也不是噪声:它们是真的、可复现的、跨仪器的、控制过的,**而且它们很小**。 > **两种读法这段话不支持。** 它**不**意味着这些发",0,0,0,0
README_zh.md,224357,0.14%,"**,而同一条管道在加入一个故意做强的预测量时能到 **49%** —— > 所以仪器不是瞎的,这些维度也不是噪声:它们是真的、可复现的、跨仪器的、控制过的,**而且它们很小**。 > **两种读法这段话不支持。** 它**不**意味着这些发现是空的(地板是 0.14%,每个维度都过了自己的全族阈值); > 它也**不**意味着性偏好基本随机 —— **1.4% 是这六个坐标的射程,不是可解释性的上限**。 > ⚠ 另外注意排序:**最不可靠**",0,0,0,0
README_zh.md,224403,**1.4%,"的,这些维度也不是噪声:它们是真的、可复现的、跨仪器的、控制过的,**而且它们很小**。 > **两种读法这段话不支持。** 它**不**意味着这些发现是空的(地板是 0.14%,每个维度都过了自己的全族阈值); > 它也**不**意味着性偏好基本随机 —— **1.4% 是这六个坐标的射程,不是可解释性的上限**。 > ⚠ 另外注意排序:**最不可靠**的那个仍站着的维度(位置分,0.432)贡献了**最大**的增量 R²(0.715%)。 > ",0,0,0,0
README_zh.md,224488,0.715%,".14%,每个维度都过了自己的全族阈值); > 它也**不**意味着性偏好基本随机 —— **1.4% 是这六个坐标的射程,不是可解释性的上限**。 > ⚠ 另外注意排序:**最不可靠**的那个仍站着的维度(位置分,0.432)贡献了**最大**的增量 R²(0.715%)。 > **信度与解释力是两回事 —— 一个量可以稳定地测到一个几乎不影响任何事的东西。** > ⚠ **`#301` `#302`:**样本内 1.4% / 样本外 0.87%",1,0,0,0
README_zh.md,224568,1.4%,"外注意排序:**最不可靠**的那个仍站着的维度(位置分,0.432)贡献了**最大**的增量 R²(0.715%)。 > **信度与解释力是两回事 —— 一个量可以稳定地测到一个几乎不影响任何事的东西。** > ⚠ **`#301` `#302`:**样本内 1.4% / 样本外 0.87%**。留出来算 —— 5 折人层交叉验证,**六个坐标在每一折内部重估** ——同一条流水线的中位是 **0.869%**;坐标固定时是 1.087%,岭+",1,0,0,0
README_zh.md,224579,0.87%,"靠**的那个仍站着的维度(位置分,0.432)贡献了**最大**的增量 R²(0.715%)。 > **信度与解释力是两回事 —— 一个量可以稳定地测到一个几乎不影响任何事的东西。** > ⚠ **`#301` `#302`:**样本内 1.4% / 样本外 0.87%**。留出来算 —— 5 折人层交叉验证,**六个坐标在每一折内部重估** ——同一条流水线的中位是 **0.869%**;坐标固定时是 1.087%,岭+CV 是 1.056%。",1,0,0,0
README_zh.md,224635,**0.869%,"释力是两回事 —— 一个量可以稳定地测到一个几乎不影响任何事的东西。** > ⚠ **`#301` `#302`:**样本内 1.4% / 样本外 0.87%**。留出来算 —— 5 折人层交叉验证,**六个坐标在每一折内部重估** ——同一条流水线的中位是 **0.869%**;坐标固定时是 1.087%,岭+CV 是 1.056%。29 个结局里有 **2 个的留出 R² 为负**。**已发表数字的三分之一以上是拟合。**估计量是 [`CALIBE",1,0,0,0
README_zh.md,224653,1.087%,"测到一个几乎不影响任何事的东西。** > ⚠ **`#301` `#302`:**样本内 1.4% / 样本外 0.87%**。留出来算 —— 5 折人层交叉验证,**六个坐标在每一折内部重估** ——同一条流水线的中位是 **0.869%**;坐标固定时是 1.087%,岭+CV 是 1.056%。29 个结局里有 **2 个的留出 R² 为负**。**已发表数字的三分之一以上是拟合。**估计量是 [`CALIBER.md`](CALIBER.m",1,0,0,0
README_zh.md,224667,1.056%,"西。** > ⚠ **`#301` `#302`:**样本内 1.4% / 样本外 0.87%**。留出来算 —— 5 折人层交叉验证,**六个坐标在每一折内部重估** ——同一条流水线的中位是 **0.869%**;坐标固定时是 1.087%,岭+CV 是 1.056%。29 个结局里有 **2 个的留出 R² 为负**。**已发表数字的三分之一以上是拟合。**估计量是 [`CALIBER.md`](CALIBER.md) 里最大的单个旋钮(**",1,0,0,0
README_zh.md,224816,1.390%," 个的留出 R² 为负**。**已发表数字的三分之一以上是拟合。**估计量是 [`CALIBER.md`](CALIBER.md) 里最大的单个旋钮(**0.52pp**,而每一个分析旋钮都不超过 0.18pp)。两个数都合法,而且回答的不是同一个问题 —— 1.390% 是这六个坐标在**建造它们的那批人**身上解释了多少,0.869% 是它们交到**从没见过的人**身上时兑现多少。 ⚠ **`#356`:而那 1.4% 里有一部分与「这个人报了",0,0,0,0
README_zh.md,224850,0.869%,"估计量是 [`CALIBER.md`](CALIBER.md) 里最大的单个旋钮(**0.52pp**,而每一个分析旋钮都不超过 0.18pp)。两个数都合法,而且回答的不是同一个问题 —— 1.390% 是这六个坐标在**建造它们的那批人**身上解释了多少,0.869% 是它们交到**从没见过的人**身上时兑现多少。 ⚠ **`#356`:而那 1.4% 里有一部分与「这个人报了多少」共线。**把「你填了多少个起始类别」加进六个坐标、对全部 29",0,0,0,0
README_zh.md,224895,1.4%,"52pp**,而每一个分析旋钮都不超过 0.18pp)。两个数都合法,而且回答的不是同一个问题 —— 1.390% 是这六个坐标在**建造它们的那批人**身上解释了多少,0.869% 是它们交到**从没见过的人**身上时兑现多少。 ⚠ **`#356`:而那 1.4% 里有一部分与「这个人报了多少」共线。**把「你填了多少个起始类别」加进六个坐标、对全部 29 个结局做共同性分解:共享成分在 **29 个里有 22 个**为正,中位 **0.3",0,0,0,0
README_zh.md,225015,18.2%,"`#356`:而那 1.4% 里有一部分与「这个人报了多少」共线。**把「你填了多少个起始类别」加进六个坐标、对全部 29 个结局做共同性分解:共享成分在 **29 个里有 22 个**为正,中位 **0.345pp** —— **相当于中位结局已解释方差的 18.2%** —— 而且结局越好解释,这个成分越大(`r` = **+0.609**)。把广度代理换成块覆盖数后它仍在(25/29 为正;两个代理的共享向量相关 **+0.892**)。⚠",0,0,0,0
README_zh.md,226449,86%,"*已验**(起始仪器 +0.1384) | +0.0830 | ~8–10/31  ⚠ **`#259`:这一行与宽度类型 c3 那一行高度重叠** —— 两者的结局剖面相关 **+0.7826**,而衰减上限是 0.9142 ± 0.0171,即**上限的 86%**;低于上限是可分辨的(7.7 个展布),但绝对差只有 0.13。保留两行是因为残差可分辨,不是因为它们独立。 | 勾选数在起始仪器上几乎不存在(+0.0428) | | **宽",0,0,1,0
README_zh.md,227405,**59.6%,"· 大五全部五个 · 无力感 · 心理疾病与童年逆境标记 · 成长环境 · 关系风格 · 童年性别容忍度 · 政治 · 异性恋 · 超重 · 性伴数 · 勾选类别总数 · 色情消费习惯 · 作答诚实度),在羞耻上做共同性分解:`c3⁻` 只保住自己 R² 的 **59.6%**(唯一 0.996pp / 单独 1.671pp;共享 **+0.674pp**,整行置换零 +0.007 ± 0.017)。**20 个里 13 个单独越过自己的置换阈**,",0,1,1,0
README_zh.md,227516,18.9%,"解:`c3⁻` 只保住自己 R² 的 **59.6%**(唯一 0.996pp / 单独 1.671pp;共享 **+0.674pp**,整行置换零 +0.007 ± 0.017)。**20 个里 13 个单独越过自己的置换阈**,但**没有任何一个吃掉超过 18.9%**(性伴数),其后外向性 14.9%、年龄 8.8%、神经质 8.3%、无力感 7.3%。**最大的五口方向完全一致**:更年轻 · 性经验更少 · 更不外向 · 更焦虑 · 更",0,0,1,0
README_zh.md,227535,14.9%,"**59.6%**(唯一 0.996pp / 单独 1.671pp;共享 **+0.674pp**,整行置换零 +0.007 ± 0.017)。**20 个里 13 个单独越过自己的置换阈**,但**没有任何一个吃掉超过 18.9%**(性伴数),其后外向性 14.9%、年龄 8.8%、神经质 8.3%、无力感 7.3%。**最大的五口方向完全一致**:更年轻 · 性经验更少 · 更不外向 · 更焦虑 · 更觉得没有主动权,合起来带着这条路上约 ",0,0,1,0
README_zh.md,227544,8.8%,"(唯一 0.996pp / 单独 1.671pp;共享 **+0.674pp**,整行置换零 +0.007 ± 0.017)。**20 个里 13 个单独越过自己的置换阈**,但**没有任何一个吃掉超过 18.9%**(性伴数),其后外向性 14.9%、年龄 8.8%、神经质 8.3%、无力感 7.3%。**最大的五口方向完全一致**:更年轻 · 性经验更少 · 更不外向 · 更焦虑 · 更觉得没有主动权,合起来带着这条路上约 40% 的羞耻;",0,0,1,0
README_zh.md,227553,8.3%,"pp / 单独 1.671pp;共享 **+0.674pp**,整行置换零 +0.007 ± 0.017)。**20 个里 13 个单独越过自己的置换阈**,但**没有任何一个吃掉超过 18.9%**(性伴数),其后外向性 14.9%、年龄 8.8%、神经质 8.3%、无力感 7.3%。**最大的五口方向完全一致**:更年轻 · 性经验更少 · 更不外向 · 更焦虑 · 更觉得没有主动权,合起来带着这条路上约 40% 的羞耻;**剩下的 60%",0,0,1,0
README_zh.md,227562,7.3%,".671pp;共享 **+0.674pp**,整行置换零 +0.007 ± 0.017)。**20 个里 13 个单独越过自己的置换阈**,但**没有任何一个吃掉超过 18.9%**(性伴数),其后外向性 14.9%、年龄 8.8%、神经质 8.3%、无力感 7.3%。**最大的五口方向完全一致**:更年轻 · 性经验更少 · 更不外向 · 更焦虑 · 更觉得没有主动权,合起来带着这条路上约 40% 的羞耻;**剩下的 60%,这二十个量合起来",0,0,1,0
README_zh.md,227630,40%,"*,但**没有任何一个吃掉超过 18.9%**(性伴数),其后外向性 14.9%、年龄 8.8%、神经质 8.3%、无力感 7.3%。**最大的五口方向完全一致**:更年轻 · 性经验更少 · 更不外向 · 更焦虑 · 更觉得没有主动权,合起来带着这条路上约 40% 的羞耻;**剩下的 60%,这二十个量合起来也认不出来。** ⚠ **`#367`:那 40% 是**一个**维度,不是二十个 —— 但上面那句话里有一半是修辞。** 按 `c3",0,0,0,0
README_zh.md,227644,60%,"过 18.9%**(性伴数),其后外向性 14.9%、年龄 8.8%、神经质 8.3%、无力感 7.3%。**最大的五口方向完全一致**:更年轻 · 性经验更少 · 更不外向 · 更焦虑 · 更觉得没有主动权,合起来带着这条路上约 40% 的羞耻;**剩下的 60%,这二十个量合起来也认不出来。** ⚠ **`#367`:那 40% 是**一个**维度,不是二十个 —— 但上面那句话里有一半是修辞。** 按 `c3⁻` 对齐符号后,五个量之间",0,0,0,0
README_zh.md,227678,40%,"、神经质 8.3%、无力感 7.3%。**最大的五口方向完全一致**:更年轻 · 性经验更少 · 更不外向 · 更焦虑 · 更觉得没有主动权,合起来带着这条路上约 40% 的羞耻;**剩下的 60%,这二十个量合起来也认不出来。** ⚠ **`#367`:那 40% 是**一个**维度,不是二十个 —— 但上面那句话里有一半是修辞。** 按 `c3⁻` 对齐符号后,五个量之间 **10/10 非对角全为正**(中位 +0.092),PC1 份",0,0,0,0
README_zh.md,227773,**28.9%," 60%,这二十个量合起来也认不出来。** ⚠ **`#367`:那 40% 是**一个**维度,不是二十个 —— 但上面那句话里有一半是修辞。** 按 `c3⁻` 对齐符号后,五个量之间 **10/10 非对角全为正**(中位 +0.092),PC1 份额 **28.9%**,对着 offset 零 **20.88% ± 0.23%**(+35 sd)。**这个零不是零** —— 按共同目标对齐符号本身会**诱导**一个下限,所以零由「合成五个量,",0,1,1,0
README_zh.md,227795,**20.88%,"⚠ **`#367`:那 40% 是**一个**维度,不是二十个 —— 但上面那句话里有一半是修辞。** 按 `c3⁻` 对齐符号后,五个量之间 **10/10 非对角全为正**(中位 +0.092),PC1 份额 **28.9%**,对着 offset 零 **20.88% ± 0.23%**(+35 sd)。**这个零不是零** —— 按共同目标对齐符号本身会**诱导**一个下限,所以零由「合成五个量,各自与 `c3⁻` 的相关等于实测 \|r\|",0,1,1,0
README_zh.md,227806,0.23%,"那 40% 是**一个**维度,不是二十个 —— 但上面那句话里有一半是修辞。** 按 `c3⁻` 对齐符号后,五个量之间 **10/10 非对角全为正**(中位 +0.092),PC1 份额 **28.9%**,对着 offset 零 **20.88% ± 0.23%**(+35 sd)。**这个零不是零** —— 按共同目标对齐符号本身会**诱导**一个下限,所以零由「合成五个量,各自与 `c3⁻` 的相关等于实测 \|r\|,其余独立」构造",0,1,1,0
README_zh.md,227912,59.6%,",对着 offset 零 **20.88% ± 0.23%**(+35 sd)。**这个零不是零** —— 按共同目标对齐符号本身会**诱导**一个下限,所以零由「合成五个量,各自与 `c3⁻` 的相关等于实测 \|r\|,其余独立」构造。**一个真单因子给 59.6%,所以这条共同线是真的,但很薄。** 而这**一个** PC1 拿走 `c3⁻` 那份羞耻的 **37.1%**,全二十个拿走 40.4% —— **一个维度做掉二十个变量 92%",0,0,1,0
README_zh.md,227964,**37.1%,"— 按共同目标对齐符号本身会**诱导**一个下限,所以零由「合成五个量,各自与 `c3⁻` 的相关等于实测 \|r\|,其余独立」构造。**一个真单因子给 59.6%,所以这条共同线是真的,但很薄。** 而这**一个** PC1 拿走 `c3⁻` 那份羞耻的 **37.1%**,全二十个拿走 40.4% —— **一个维度做掉二十个变量 92% 的活**;对照是随机 5 元组的 **8.3% ± 7.7%**(超过 300 次抽取的全部,+3.8 s",0,0,1,0
README_zh.md,227981,40.4%,"导**一个下限,所以零由「合成五个量,各自与 `c3⁻` 的相关等于实测 \|r\|,其余独立」构造。**一个真单因子给 59.6%,所以这条共同线是真的,但很薄。** 而这**一个** PC1 拿走 `c3⁻` 那份羞耻的 **37.1%**,全二十个拿走 40.4% —— **一个维度做掉二十个变量 92% 的活**;对照是随机 5 元组的 **8.3% ± 7.7%**(超过 300 次抽取的全部,+3.8 sd),这是「在同一份数据上挑出",0,0,1,0
README_zh.md,228004,92%,"`c3⁻` 的相关等于实测 \|r\|,其余独立」构造。**一个真单因子给 59.6%,所以这条共同线是真的,但很薄。** 而这**一个** PC1 拿走 `c3⁻` 那份羞耻的 **37.1%**,全二十个拿走 40.4% —— **一个维度做掉二十个变量 92% 的活**;对照是随机 5 元组的 **8.3% ± 7.7%**(超过 300 次抽取的全部,+3.8 sd),这是「在同一份数据上挑出来的五个」所必需的零。 ⚠ **要收回的是",0,0,1,0
README_zh.md,228025,**8.3%,"余独立」构造。**一个真单因子给 59.6%,所以这条共同线是真的,但很薄。** 而这**一个** PC1 拿走 `c3⁻` 那份羞耻的 **37.1%**,全二十个拿走 40.4% —— **一个维度做掉二十个变量 92% 的活**;对照是随机 5 元组的 **8.3% ± 7.7%**(超过 300 次抽取的全部,+3.8 sd),这是「在同一份数据上挑出来的五个」所必需的零。 ⚠ **要收回的是**:「方向一致」本身几乎不含信息 —— 20 ",0,0,1,0
README_zh.md,228034,7.7%,"一个真单因子给 59.6%,所以这条共同线是真的,但很薄。** 而这**一个** PC1 拿走 `c3⁻` 那份羞耻的 **37.1%**,全二十个拿走 40.4% —— **一个维度做掉二十个变量 92% 的活**;对照是随机 5 元组的 **8.3% ± 7.7%**(超过 300 次抽取的全部,+3.8 sd),这是「在同一份数据上挑出来的五个」所必需的零。 ⚠ **要收回的是**:「方向一致」本身几乎不含信息 —— 20 个变量里 16",0,0,1,0
README_zh.md,228148,**28.2%," 5 元组的 **8.3% ± 7.7%**(超过 300 次抽取的全部,+3.8 sd),这是「在同一份数据上挑出来的五个」所必需的零。 ⚠ **要收回的是**:「方向一致」本身几乎不含信息 —— 20 个变量里 16 个同号,随机 5 元组全同号的频率是 **28.2%**。 ⚠ **`#369`:而这份共享沿着那条线是**均匀**的 —— 上面两个数并不矛盾。** 五分位分段没有能力这么说(MDE +0.20 对着有意义的 +0.05,`#36",0,0,1,0
README_zh.md,228314,95%,"匀**的 —— 上面两个数并不矛盾。** 五分位分段没有能力这么说(MDE +0.20 对着有意义的 +0.05,`#368`),所以换成在全部 6,609 人上的**一个交互系数**:`c3⁻ × PC1` = **−0.00042**(se 0.0120,95% CI [−0.024, +0.023 [R15 3× curveball · scope stated]]),距 offset 零 **−0.04 sd**;零由**只置换 PC",0,1,1,0
README_zh.md,228656,54.8%,"跃,两种形状之间没有缝。**弱共变与强共享可以并存:共享只需要方向对,不需要幅度大。** 说成人话 —— **这条线决定的是一个人有多少羞耻,不是他的口味会不会让他羞耻。** ⚠ 作刻度而非检验(k 不同):一个**真是 `c3⁻` 加同幅噪声**的变量保留 54.8%。 ⚠ `c3⁻` 是样本内估的(`#347`),所以绝对 pp 是上界,可迁移的量是**保留比例**。 | | **rho_i** —— 你罕见的兴趣排在前还是后 | **+0.",1,0,0,0
README_zh.md,228901,56%," | 不适用(块仪器没有时间) | `UNCOMPUTED` | 11/31 | 当前年龄已控(+0.0226)· 回忆偏差已控(`#114` —— **`#452` 更正这条引用,原文写的是 `#289`,而那一条讲的是按性别的测量不变性**)· 跨半保住 56% | | **`form_i` —— 「被画的东西打开」与「被写的东西打开」之间那份共有** | **+0.3382**(两道题) | 块(`animated`/`written`",0,0,0,0
README_zh.md,229564,95%,"rown 的**分子 `2r`**,被当成了 `r` —— SB(0.468) 会是 0.638 而不是 0.380,而 2 × 0.2346 = 0.469。可靠性 0.380 一直是对的,配对相关不是。**),所以去衰减后是 **+0.1293**(自助 95% 区间 **[+0.088, +0.167]**,`#320`) —— 与位置分(+0.1185 [cov≥8 · scope stated])和广度型 c3(+0.1286)同量",0,0,1,0
README_zh.md,229690,61%,"(自助 95% 区间 **[+0.088, +0.167]**,`#320`) —— 与位置分(+0.1185 [cov≥8 · scope stated])和广度型 c3(+0.1286)同量级。它扛住了答题风格的控制(去衰减 **+0.0791**,保留 61%)。缺席的不是信号,而是它的**独有**部分:六坐标与答题风格都扣掉之后是 **+0.0168**,低于本设计 0.0348 的 MDE。**`form` 不是一个够不到羞耻的维度",0,0,1,0
README_zh.md,231694,13%,"方向一旦标定,这七题就说得出话了:它们问的是**觉得自己的身体**色情,而这样的人认可**更多**性行为、**更多**恋物类别 —— **与自己身体的色情关系,伴随的是更宽的性生活,不是更窄的。** ⚠ 范围:只有 **2,061** 人答了这一块(全样本的 13%,且题面措辞在身体类型上做了筛选),所以这是关于**他们**的陈述,不是关于这里每一个人的。  ⚠ **`#424`:而这份问卷里**没有一种「专精」的口味**。** 名单上最大的",1,0,0,0
README_zh.md,235043,**39.8%," = −0.0049**,越过其置换阈 0.0018,自助 **[−0.0067, −0.0032]** 不含 0)。净值(+0.0122)比直接值小,是因为两条路彼此相反。⚠ **`#435` 撤回我最初写在这里的那个份额。** 我写「间接路抵消掉直接路的 **39.8%**」;对这个比值做自助给出 **[−3.6, +2.2]** —— 因为它的分母(总效应 +0.0122)几乎贴在零上,**而一个分母近零的比值不是一个估计**。**间接效应本身",0,1,1,0
README_zh.md,235286,8.1%,"自身区间不含 0);**站不住的只是那个分数。**  ⚠ **`#435`:而这个刹车不是一刀切的税 —— 它有选择,而且有一个量是被反向刹的。** 把同一套三路径分解一次跑五个量,每一个的代数恒等式都保持到 2e-16:**口味的罕见程度**经羞耻**失去 8.1%** 的通往行为的路(**[−12.4%, −4.8%]**),而**「普通的东西也管用」反而得到 7.2%**(**[+4.2%, +11.9%]**)—— **两个区间不相交*",0,0,1,0
README_zh.md,235304,−12.4%,"那个分数。**  ⚠ **`#435`:而这个刹车不是一刀切的税 —— 它有选择,而且有一个量是被反向刹的。** 把同一套三路径分解一次跑五个量,每一个的代数恒等式都保持到 2e-16:**口味的罕见程度**经羞耻**失去 8.1%** 的通往行为的路(**[−12.4%, −4.8%]**),而**「普通的东西也管用」反而得到 7.2%**(**[+4.2%, +11.9%]**)—— **两个区间不相交**。⚠ 这里的**符号**是代数不是证据",0,0,1,0
README_zh.md,235312,−4.8%," ⚠ **`#435`:而这个刹车不是一刀切的税 —— 它有选择,而且有一个量是被反向刹的。** 把同一套三路径分解一次跑五个量,每一个的代数恒等式都保持到 2e-16:**口味的罕见程度**经羞耻**失去 8.1%** 的通往行为的路(**[−12.4%, −4.8%]**),而**「普通的东西也管用」反而得到 7.2%**(**[+4.2%, +11.9%]**)—— **两个区间不相交**。⚠ 这里的**符号**是代数不是证据:羞耻→行为那",0,0,1,0
README_zh.md,235340,7.2%,"它有选择,而且有一个量是被反向刹的。** 把同一套三路径分解一次跑五个量,每一个的代数恒等式都保持到 2e-16:**口味的罕见程度**经羞耻**失去 8.1%** 的通往行为的路(**[−12.4%, −4.8%]**),而**「普通的东西也管用」反而得到 7.2%**(**[+4.2%, +11.9%]**)—— **两个区间不相交**。⚠ 这里的**符号**是代数不是证据:羞耻→行为那一段是**共用**的,所以任何抬高羞耻的量必然失去、任",0,0,1,0
README_zh.md,235350,+4.2%,"量是被反向刹的。** 把同一套三路径分解一次跑五个量,每一个的代数恒等式都保持到 2e-16:**口味的罕见程度**经羞耻**失去 8.1%** 的通往行为的路(**[−12.4%, −4.8%]**),而**「普通的东西也管用」反而得到 7.2%**(**[+4.2%, +11.9%]**)—— **两个区间不相交**。⚠ 这里的**符号**是代数不是证据:羞耻→行为那一段是**共用**的,所以任何抬高羞耻的量必然失去、任何压低羞耻的量必然得到",0,0,1,0
README_zh.md,235357,+11.9%,"。** 把同一套三路径分解一次跑五个量,每一个的代数恒等式都保持到 2e-16:**口味的罕见程度**经羞耻**失去 8.1%** 的通往行为的路(**[−12.4%, −4.8%]**),而**「普通的东西也管用」反而得到 7.2%**(**[+4.2%, +11.9%]**)—— **两个区间不相交**。⚠ 这里的**符号**是代数不是证据:羞耻→行为那一段是**共用**的,所以任何抬高羞耻的量必然失去、任何压低羞耻的量必然得到;本轮**故意*",0,0,1,0
README_zh.md,235974,**1.7%,"一。**那是一次擦阈,不是塌掉。** ⚠ **`#437` 把它解决了,办法是去问「阈本身是不是那个限制」。** 把置换次数提高十倍,阈稳定在 **2.384**,自身自助区间 **[2.323, 2.434]**,2,000 到 4,000 次之间的漂移是 **1.7%**;而观测的 **2.276** **低于整个区间**。**所以答案不是「做得更少」不存在 —— 是这个设计无法把它与羞耻分开**,而这现在是一句**测出来的**话,不是一句悬着",0,0,1,0
README_zh.md,236332,**−2.4%,"— 一个人实践了多少能预测这个信念(**−0.039**),而羞耻不能。广度型也能预测它(**−0.035**),而且**几乎一样大**,所以显而易见的读法是:它是**经由经验**起作用的。**并不是。** 以「实践了多少」为中介做分解,经验那条路只占总量的 **−2.4%**(**[−6.4%, −0.5%]**)—— 而那个负号才是要点:**它是往反方向跑的**。广度型强的人**做得更少**(−0.027),而做得更少的人**更觉得自己能改**,",1,1,1,0
README_zh.md,236345,−6.4%,"这个信念(**−0.039**),而羞耻不能。广度型也能预测它(**−0.035**),而且**几乎一样大**,所以显而易见的读法是:它是**经由经验**起作用的。**并不是。** 以「实践了多少」为中介做分解,经验那条路只占总量的 **−2.4%**(**[−6.4%, −0.5%]**)—— 而那个负号才是要点:**它是往反方向跑的**。广度型强的人**做得更少**(−0.027),而做得更少的人**更觉得自己能改**,所以这条路本该把结果往",1,1,1,0
README_zh.md,236352,−0.5%,"−0.039**),而羞耻不能。广度型也能预测它(**−0.035**),而且**几乎一样大**,所以显而易见的读法是:它是**经由经验**起作用的。**并不是。** 以「实践了多少」为中介做分解,经验那条路只占总量的 **−2.4%**(**[−6.4%, −0.5%]**)—— 而那个负号才是要点:**它是往反方向跑的**。广度型强的人**做得更少**(−0.027),而做得更少的人**更觉得自己能改**,所以这条路本该把结果往回拉。它确实在",1,1,1,0
README_zh.md,236690,**3.3%,"的 kill 措辞是错的**:它问的是「间接效应是否 ≠ 0」(是),而不是「它是否承载了总量」(否);**两种读法都留在记录里**,而不是把前一个悄悄替换掉。⚠ n = 6,715,横断面,羞耻全程在模型里;族内阈在 400 与 4,000 次置换之间移动 **3.3%**。  ⚠ **`#440`:而这不是「你喜欢什么」,是「你的喜欢怎么分布」。** 广度型通往「这件事我改不了」的**直接**那条路,是本页最大的一块没有解释的东西,所以把它拆到",0,1,0,1
README_zh.md,238194,**31%,"只是「卷入得多的人更觉得改不了」。把那个计数加进控制集重拟合,**两臂都报**:三个系数从 **0.052 / 0.053 / 0.035** 变成 **0.052 / 0.062 / 0.047** —— **没有一个塌掉,两个反而变大**,广度型那个大了 **31%**。**⇒ 卷入度是在**遮蔽**这个关系,而不是在制造它;领头的残差结构跟着的是卷入度里没有的东西。** ⚠ 我预测的是第二个成分会塌。⚠ **`#443` 给了它第一个形状:",0,1,0,1
README_zh.md,242117,95%,"差,住在一个几乎正好已经被这个 focal 扣掉了的层里。** 再加一道检查:把**整体评分强度**作为**替代**协变量放进模型 —— **如实标注它是替代品,不是那个真正的控制** —— 系数从 **+0.050** 变成 **+0.048**,**保留 95%**。⚠ 这个分离不是彻底的:扣掉早熟度之后的人内倾斜,仍与平均起始年龄相关 **+0.27**。⚠ 横断面。 ⚠ **`#454`:而它是一条**斜坡**,不是一道**坎**。*",0,1,0,1
README_zh.md,243750,**0.74%,"一个机制的两张脸**,而本轮分不出世界是哪一种。 ⚠ **`#457` 把这条注意事项变成了一个可以在检验**跑之前**就算出来的数。** 控制一个结局最多能把另一个的系数移动多远,由**三个相关系数**完全决定,因此是可以事先知道的:这两臂的上界是总效应的 **0.74%** 与 **0.36%**,而两次完整拟合实际移动了 **0.7%** 与 **0.5%**。同一个计算说页面上那条色情使用量的中介**确实有空间**,所以这不是一条拒绝一切的规",0,1,0,1
README_zh.md,243762,**0.36%,"本轮分不出世界是哪一种。 ⚠ **`#457` 把这条注意事项变成了一个可以在检验**跑之前**就算出来的数。** 控制一个结局最多能把另一个的系数移动多远,由**三个相关系数**完全决定,因此是可以事先知道的:这两臂的上界是总效应的 **0.74%** 与 **0.36%**,而两次完整拟合实际移动了 **0.7%** 与 **0.5%**。同一个计算说页面上那条色情使用量的中介**确实有空间**,所以这不是一条拒绝一切的规则。**一个上界只有百分",0,1,0,1
README_zh.md,243785,**0.7%," 把这条注意事项变成了一个可以在检验**跑之前**就算出来的数。** 控制一个结局最多能把另一个的系数移动多远,由**三个相关系数**完全决定,因此是可以事先知道的:这两臂的上界是总效应的 **0.74%** 与 **0.36%**,而两次完整拟合实际移动了 **0.7%** 与 **0.5%**。同一个计算说页面上那条色情使用量的中介**确实有空间**,所以这不是一条拒绝一切的规则。**一个上界只有百分之零点几的中介检验不可能失败 ——****而",0,1,0,1
README_zh.md,243796,**0.5%,"一个可以在检验**跑之前**就算出来的数。** 控制一个结局最多能把另一个的系数移动多远,由**三个相关系数**完全决定,因此是可以事先知道的:这两臂的上界是总效应的 **0.74%** 与 **0.36%**,而两次完整拟合实际移动了 **0.7%** 与 **0.5%**。同一个计算说页面上那条色情使用量的中介**确实有空间**,所以这不是一条拒绝一切的规则。**一个上界只有百分之零点几的中介检验不可能失败 ——****而这件事现在是在跑之前被",0,1,0,1
README_zh.md,245855,**21%,"。**⇒ 所以给它命名的五次失败,不是因为缺一个外部相关物** —— 无论原因是什么,都不是这个。 ⚠ **`#465` 把「一个名字必须扛住什么」收窄了一步。** 把那个最强的相关物 —— 认可的性行为计数 —— 整个从广度型坐标里扣掉:它占这个坐标方差的 **21%**,而**残差**对羞耻的预测是 **+0.069**(原来 **+0.078**),**保留 87%**;对「能不能改」依然什么也不预测。**⇒ 所以一个人把开放度花在哪里,与",1,0,0,0
README_zh.md,245909,87%,"`#465` 把「一个名字必须扛住什么」收窄了一步。** 把那个最强的相关物 —— 认可的性行为计数 —— 整个从广度型坐标里扣掉:它占这个坐标方差的 **21%**,而**残差**对羞耻的预测是 **+0.069**(原来 **+0.078**),**保留 87%**;对「能不能改」依然什么也不预测。**⇒ 所以一个人把开放度花在哪里,与他实际做过多少有关,但**不是**它:****把「认可多少种性行为」抽走,通向羞耻的那条链子还剩八分之七",1,0,0,0
README_zh.md,246121,**31%,"的那条链子还剩八分之七。** ⚠ 这意味着那个未命名的东西**不是那个计数换了件衣服**,而任何一个给它的名字,都必须**扛得住同一次减法**。 ⚠ **`#466` 把所有可数量一次性全部扣掉,出来两件事。** 本页那六个计数**联合**只解释广度型坐标的 **31%** —— 单看最强的那个是 21% —— 所以**它有 69% 是这些计数一个都碰不到的**;而把六个全部扣掉之后,通向羞耻的联系仍保留 **74%**(从 **+0.079**",0,0,0,0
README_zh.md,246141,21%,"着那个未命名的东西**不是那个计数换了件衣服**,而任何一个给它的名字,都必须**扛得住同一次减法**。 ⚠ **`#466` 把所有可数量一次性全部扣掉,出来两件事。** 本页那六个计数**联合**只解释广度型坐标的 **31%** —— 单看最强的那个是 21% —— 所以**它有 69% 是这些计数一个都碰不到的**;而把六个全部扣掉之后,通向羞耻的联系仍保留 **74%**(从 **+0.079** 到 **+0.059**)。**⇒",0,0,0,0
README_zh.md,246155,69%,"个计数换了件衣服**,而任何一个给它的名字,都必须**扛得住同一次减法**。 ⚠ **`#466` 把所有可数量一次性全部扣掉,出来两件事。** 本页那六个计数**联合**只解释广度型坐标的 **31%** —— 单看最强的那个是 21% —— 所以**它有 69% 是这些计数一个都碰不到的**;而把六个全部扣掉之后,通向羞耻的联系仍保留 **74%**(从 **+0.079** 到 **+0.059**)。**⇒ 所以「一个人把开放度花在哪",0,0,0,0
README_zh.md,246196,**74%,"**`#466` 把所有可数量一次性全部扣掉,出来两件事。** 本页那六个计数**联合**只解释广度型坐标的 **31%** —— 单看最强的那个是 21% —— 所以**它有 69% 是这些计数一个都碰不到的**;而把六个全部扣掉之后,通向羞耻的联系仍保留 **74%**(从 **+0.079** 到 **+0.059**)。**⇒ 所以「一个人把开放度花在哪里」里,有一大块是这份问卷里任何计数都够不到的,****而四分之三的羞耻关系就住在那里",0,0,0,0
README_zh.md,251350,2×,"而这个残差有很大一块是性别的,与紧接着那处分歧一致。⚠ **`#325`:而两个指标带得并不一样多** —— `animated` ↔ 羞耻 **+0.0985**,`written` ↔ 羞耻 **+0.0515**,这个差**正好压在本设计的分辨率上**(2×MDE = 0.047)。方向是共享的,份额不是。在性别上两者相差远更大(**−0.061** vs **−0.267**),所以一个合成分的相关可以几乎全部来自其中一个指标。 |",0,1,0,1
README_zh.md,252046,**1.9%,.0161**(**12.8×**)。正对照**两端**都正常(按性别驱动的合成量给 −0.2553;与性别只相关 −0.0749 的 `agreeableness` 给 −0.0016)。差别最大的三个结局:`I sometimes find peop…` **1.9% vs 5.0%**、`I find the thought of…` **3.2% vs 0.6%**、`animated` **6.4% vs 8.9%**。⚠ 这**不**是,0,0,0,0
README_zh.md,252056,5.0%,12.8×**)。正对照**两端**都正常(按性别驱动的合成量给 −0.2553;与性别只相关 −0.0749 的 `agreeableness` 给 −0.0016)。差别最大的三个结局:`I sometimes find peop…` **1.9% vs 5.0%**、`I find the thought of…` **3.2% vs 0.6%**、`animated` **6.4% vs 8.9%**。⚠ 这**不**是说哪一列错了 —,1,0,0,0
README_zh.md,252088,**3.2%," −0.2553;与性别只相关 −0.0749 的 `agreeableness` 给 −0.0016)。差别最大的三个结局:`I sometimes find peop…` **1.9% vs 5.0%**、`I find the thought of…` **3.2% vs 0.6%**、`animated` **6.4% vs 8.9%**。⚠ 这**不**是说哪一列错了 —— 每一列都控制过性别;它说的是**这张表是一个平均,而那个平均掩盖",1,0,0,0
README_zh.md,252098,0.6%,"性别只相关 −0.0749 的 `agreeableness` 给 −0.0016)。差别最大的三个结局:`I sometimes find peop…` **1.9% vs 5.0%**、`I find the thought of…` **3.2% vs 0.6%**、`animated` **6.4% vs 8.9%**。⚠ 这**不**是说哪一列错了 —— 每一列都控制过性别;它说的是**这张表是一个平均,而那个平均掩盖了一个可分辨的分",1,0,0,0
README_zh.md,252116,**6.4%,"greeableness` 给 −0.0016)。差别最大的三个结局:`I sometimes find peop…` **1.9% vs 5.0%**、`I find the thought of…` **3.2% vs 0.6%**、`animated` **6.4% vs 8.9%**。⚠ 这**不**是说哪一列错了 —— 每一列都控制过性别;它说的是**这张表是一个平均,而那个平均掩盖了一个可分辨的分歧。** ⚠ **`#288`:剔掉每一",1,0,0,0
README_zh.md,252126,8.9%,"ss` 给 −0.0016)。差别最大的三个结局:`I sometimes find peop…` **1.9% vs 5.0%**、`I find the thought of…` **3.2% vs 0.6%**、`animated` **6.4% vs 8.9%**。⚠ 这**不**是说哪一列错了 —— 每一列都控制过性别;它说的是**这张表是一个平均,而那个平均掩盖了一个可分辨的分歧。** ⚠ **`#288`:剔掉每一道提到 male",1,0,0,0
README_zh.md,252672,110.2%,"性别劈 **+0.9039**,而随机劈同样大小是 **+0.9973 ± 0.0003**(**148.6 个展布**)。⚠ **但让每一组用自己的尺子并不能消掉非不变性**:用组内稀有度重建后,差从 −0.2061 变成 **−0.2270**(**保留 110.2%**),`SEX × S` 交互扫描在 g=0 处平坦。**两件事都为真,而其中一件不是另一件的原因** —— 差别不在尺子上,在被量的那个东西上。 ⚠ **`#296`:结局侧还",0,0,1,0
README_zh.md,252829,**84.3%,"=0 处平坦。**两件事都为真,而其中一件不是另一件的原因** —— 差别不在尺子上,在被量的那个东西上。 ⚠ **`#296`:结局侧还没被控制住。**联合 R² 曲线的组间差也可以来自**结局自己**(全距受限、答题风格);把答题风格参考曲线偏出后差保留 **84.3%**,**但那一臂的正对照 FAIL** —— 给一组的 6 个结局加噪,偏出反而让人为差**更大**(收回 **−18.5%**),所以按 UNVERIFIED 记,不是确认。*",0,0,0,0
README_zh.md,252891,**−18.5%,"6`:结局侧还没被控制住。**联合 R² 曲线的组间差也可以来自**结局自己**(全距受限、答题风格);把答题风格参考曲线偏出后差保留 **84.3%**,**但那一臂的正对照 FAIL** —— 给一组的 6 个结局加噪,偏出反而让人为差**更大**(收回 **−18.5%**),所以按 UNVERIFIED 记,不是确认。**这里的性别非不变性按 D5 报,不是 D6。 ⚠ **`#381`:而它**定位不到**位置分 `S` 上 —— 不是因为它",0,0,0,0
README_zh.md,253906,100%,"在这份数据上分不开。**把稀有度改在此人自己的参照群体内(性别×年龄)重算,可以分开「内容污名」与「跟像我这样的人不一样」——但只在两种稀有度定义**不一致**的地方分得开,而那里两条路的表现是一样的。在选项子集网格上(每块保留最不一致的前 10/25/50/100%),两种定义从 **+0.8865 拉到 +0.6722**,而两条路**一起变强**(在都可读的人身上 +41.6% 与 +62%),它们的**差却停在 +0.0113,而这个设",0,0,0,0
README_zh.md,253963,+41.6%,"不一样」——但只在两种稀有度定义**不一致**的地方分得开,而那里两条路的表现是一样的。在选项子集网格上(每块保留最不一致的前 10/25/50/100%),两种定义从 **+0.8865 拉到 +0.6722**,而两条路**一起变强**(在都可读的人身上 +41.6% 与 +62%),它们的**差却停在 +0.0113,而这个设计能测到 +0.0918**,并且符号在四格中的一格翻转。**先前「只有内容带羞耻」的读法成立于全部选项的口径 —— ",0,0,0,0
README_zh.md,253972,+62%,"两种稀有度定义**不一致**的地方分得开,而那里两条路的表现是一样的。在选项子集网格上(每块保留最不一致的前 10/25/50/100%),两种定义从 **+0.8865 拉到 +0.6722**,而两条路**一起变强**(在都可读的人身上 +41.6% 与 +62%),它们的**差却停在 +0.0113,而这个设计能测到 +0.0918**,并且符号在四格中的一格翻转。**先前「只有内容带羞耻」的读法成立于全部选项的口径 —— 那正是两种定义",0,0,0,0
README_zh.md,254832,**58%,"5(主效应的一半)。 `#311`:而且什么也挡不住它。**年龄、开放性、非一夫一妻的关系风格、性开放的成长环境 ——对全部八个(路径 × 调节变量)交互项的联合检验给出 R² 下降 **0.094pp**,而置换零是 **0.121 ± 0.061pp**,**58% 的置换值超过观测值**。同一个检验能在四个变量中的三个上抓到 **10%** 的植入缓冲(开放性是 30%),而它取代的单系数检验的 MDE 是 **54.8%**。**这是一个",0,1,1,0
README_zh.md,254869,**10%,"非一夫一妻的关系风格、性开放的成长环境 ——对全部八个(路径 × 调节变量)交互项的联合检验给出 R² 下降 **0.094pp**,而置换零是 **0.121 ± 0.061pp**,**58% 的置换值超过观测值**。同一个检验能在四个变量中的三个上抓到 **10%** 的植入缓冲(开放性是 30%),而它取代的单系数检验的 MDE 是 **54.8%**。**这是一个有功效的零**:如果这四样里有任何一样能把羞耻系数削掉哪怕一成,这个设计会",0,1,1,0
README_zh.md,254888,30%," ——对全部八个(路径 × 调节变量)交互项的联合检验给出 R² 下降 **0.094pp**,而置换零是 **0.121 ± 0.061pp**,**58% 的置换值超过观测值**。同一个检验能在四个变量中的三个上抓到 **10%** 的植入缓冲(开放性是 30%),而它取代的单系数检验的 MDE 是 **54.8%**。**这是一个有功效的零**:如果这四样里有任何一样能把羞耻系数削掉哪怕一成,这个设计会看见。 ⚠ **`#384`:而羞",0,1,1,0
README_zh.md,254911,**54.8%,"联合检验给出 R² 下降 **0.094pp**,而置换零是 **0.121 ± 0.061pp**,**58% 的置换值超过观测值**。同一个检验能在四个变量中的三个上抓到 **10%** 的植入缓冲(开放性是 30%),而它取代的单系数检验的 MDE 是 **54.8%**。**这是一个有功效的零**:如果这四样里有任何一样能把羞耻系数削掉哪怕一成,这个设计会看见。 ⚠ **`#384`:而羞耻改变的是一个人**做了什么**,不是他**相信什么*",0,1,1,0
README_zh.md,258209,25%,"与 `c3⁻` 各自独立。** 两者只相关 **+0.2395**,同时进模型时**都活下来**:五题从 +0.0881 到 **+0.0657**(阈 0.0235),`c3⁻` 从 +0.1093 到 **+0.0932**(阈 0.0264),各自只掉 25% 与 15%。**「口味偏」与「普通的东西对我没什么用」是两件不同的事,而两件事各自都带来羞耻** —— 一个人可以口味完全普通,却仍然因为**连普通的也打动不了他**而羞耻。 ⚠",0,0,0,0
README_zh.md,258215,15%,"` 各自独立。** 两者只相关 **+0.2395**,同时进模型时**都活下来**:五题从 +0.0881 到 **+0.0657**(阈 0.0235),`c3⁻` 从 +0.1093 到 **+0.0932**(阈 0.0264),各自只掉 25% 与 15%。**「口味偏」与「普通的东西对我没什么用」是两件不同的事,而两件事各自都带来羞耻** —— 一个人可以口味完全普通,却仍然因为**连普通的也打动不了他**而羞耻。 ⚠ `c3⁻`",0,0,0,0
README_zh.md,258958,**11.55%,"这份数据内部复制过。 ⚠ **`#401`:而羞耻与疗愈**不是同一条轴的两端** —— 有 1,790 个人两样都报。** 在全部 15,501 名作答者上,两者的线性相关是 **+0.0005**:不是负的,是零。按两者的中位数分割,「两者都高」那一格占 **11.55%**(**1,790 人**),对着 **10.43% ± 0.18%** 的 offset 零 —— 该零由「**保住两者的边际分布、只打断配对**」构造 —— **高出 +6.",1,0,1,0
README_zh.md,258985,**10.43%,"愈**不是同一条轴的两端** —— 有 1,790 个人两样都报。** 在全部 15,501 名作答者上,两者的线性相关是 **+0.0005**:不是负的,是零。按两者的中位数分割,「两者都高」那一格占 **11.55%**(**1,790 人**),对着 **10.43% ± 0.18%** 的 offset 零 —— 该零由「**保住两者的边际分布、只打断配对**」构造 —— **高出 +6.13 sd**,所以这些人不只是可能存在,而且比偶然预",1,0,1,0
README_zh.md,258996,0.18%,"端** —— 有 1,790 个人两样都报。** 在全部 15,501 名作答者上,两者的线性相关是 **+0.0005**:不是负的,是零。按两者的中位数分割,「两者都高」那一格占 **11.55%**(**1,790 人**),对着 **10.43% ± 0.18%** 的 offset 零 —— 该零由「**保住两者的边际分布、只打断配对**」构造 —— **高出 +6.13 sd**,所以这些人不只是可能存在,而且比偶然预期**还要多一点",1,0,1,0
README_zh.md,262712,40%,"「把块随机分成同样大小两组」给出的 offset 零 **0.651 ± 0.035**。**所以 `S` 不是两个方向的混合** —— 越轨那一半反而是更散的 —— 而上面那条「结局特定」的限定,现在有了一个**被检验过**而不是被假定的理由。 ⚠ MDE 40% 对着有意义的 50%,扫描未饱和。 ⚠ **`#411`:而在**从没有过性伴**的人身上,羞耻几乎完全不压制行动。** 把「羞耻 → 实践」按性伴数(0 vs ≥1)分层,控制",0,0,1,0
README_zh.md,262723,50%,"两组」给出的 offset 零 **0.651 ± 0.035**。**所以 `S` 不是两个方向的混合** —— 越轨那一半反而是更散的 —— 而上面那条「结局特定」的限定,现在有了一个**被检验过**而不是被假定的理由。 ⚠ MDE 40% 对着有意义的 50%,扫描未饱和。 ⚠ **`#411`:而在**从没有过性伴**的人身上,羞耻几乎完全不压制行动。** 把「羞耻 → 实践」按性伴数(0 vs ≥1)分层,控制年龄、类别数,窄臂另控",0,0,1,0
README_zh.md,262932,+89.4%,",控制年龄、类别数,窄臂另控 `S` 与 `c3⁻`:系数在从没有过性伴的人身上是 **−0.015**,在其余人身上是 **−0.077**,差 **−0.062**,越过随机重分层给出的阈 0.042(宽口径 n = 12,516,guard 25 增幅 +89.4%)。三个可算的格全部带着预注册的负号,只有最宽的那格越阈。 ⚠ **这确立的是「这个差不是噪声」,不是「羞耻需要观众」**:从没有过性伴的人**既没有观众,也没有机会**,而「实践",0,1,0,1
README_zh.md,263661,104%,"而不是一两题顶着一个名字。** 各自单独放进模型,五题同号且各自越过**它自己的**单变量阈(+0.090 · +0.085 · +0.069 · +0.064 · +0.063,阈 0.024–0.026);而**去掉任何一题**,五题分数仍保留 **86–104%** —— 最大的单题贡献只有 14%,其中两题反而略微**稀释**而非承载它。这排除了 `#325` 那种「一个构念的两个指标极不等量地带着它」的情形。 ⚠ 它**不触及**选择",0,0,0,0
README_zh.md,263681,14%,"放进模型,五题同号且各自越过**它自己的**单变量阈(+0.090 · +0.085 · +0.069 · +0.064 · +0.063,阈 0.024–0.026);而**去掉任何一题**,五题分数仍保留 **86–104%** —— 最大的单题贡献只有 14%,其中两题反而略微**稀释**而非承载它。这排除了 `#325` 那种「一个构念的两个指标极不等量地带着它」的情形。 ⚠ 它**不触及**选择问题:证明这五题内部一致,不等于证明这",0,0,0,0
README_zh.md,265213,79%,"片读成:关于删了什么是准的,关于压了多少是过时的。** ⚠ **`#332`:而还有第三个相关物 —— 它来得多早。**起始年龄均值与羞耻的相关是原样 **−0.1024**,在同时控制此人报了多少类别与其位置分 `S` 之后是 **−0.0810**(保留 79%,2×MDE = 0.068);**31 个类别里有 28 个单独为负**。类别分半信度 **0.924**,去衰减后 **−0.1065**,自助 95% 区间 **[−0.13",0,0,1,0
README_zh.md,265217,2×,"关于删了什么是准的,关于压了多少是过时的。** ⚠ **`#332`:而还有第三个相关物 —— 它来得多早。**起始年龄均值与羞耻的相关是原样 **−0.1024**,在同时控制此人报了多少类别与其位置分 `S` 之后是 **−0.0810**(保留 79%,2×MDE = 0.068);**31 个类别里有 28 个单独为负**。类别分半信度 **0.924**,去衰减后 **−0.1065**,自助 95% 区间 **[−0.134, ",0,0,1,0
README_zh.md,265291,95%,"−0.1024**,在同时控制此人报了多少类别与其位置分 `S` 之后是 **−0.0810**(保留 79%,2×MDE = 0.068);**31 个类别里有 28 个单独为负**。类别分半信度 **0.924**,去衰减后 **−0.1065**,自助 95% 区间 **[−0.134, −0.082]**。去掉所有报过删失档(「26yo+」)的人后仍是 **−0.0684**(占样本 83%),换三套不同的年龄数值编码极差只有 0.0",1,0,1,0
README_zh.md,265359,83%,"8);**31 个类别里有 28 个单独为负**。类别分半信度 **0.924**,去衰减后 **−0.1065**,自助 95% 区间 **[−0.134, −0.082]**。去掉所有报过删失档(「26yo+」)的人后仍是 **−0.0684**(占样本 83%),换三套不同的年龄数值编码极差只有 0.004。⚠ 起始年龄是回溯自报 —— 关联,不是因果。 ⚠ **`#380`:而这条路,在非生理男的作答者身上大约强一倍。** 在宽口径上",1,0,1,0
README_zh.md,266032,**77.1%,"⚠ **`#370`:而在一个人**自己**身上,冷门的东西是**后**到的 —— 远比共同时间表能解释的多。** 对每个报了 ≥8 个起始类别的人(n = 6,473),他自己的起始年龄与类别稀有度的秩相关平均 **+0.2219**(中位 +0.2532;**77.1%** 的人为正),对着 offset 零 **+0.0884 ± 0.0034** —— **+38.9 sd**。**这个零不是零,也不可能是**:在人口层,越冷门的类别确实开始",0,0,1,0
README_zh.md,266341,95%,"实测是零的 2.5 倍:几乎每个人都是从普通的地方开始的,而这个次序是个人的,不只是人口学的。** ⚠ **`#371`:而反过来的那少数人,更羞耻。** 把羞耻回归到这个人内次序上,控制类别数与 `S`:宽口径(n = 11,535)**−0.0287**(95% CI [−0.047, −0.011],距打乱人的零 −3.00 sd),窄口径(n = 6,473)**−0.0327**([−0.057, −0.009])—— 同号,两臂都",0,0,1,0
README_zh.md,266607,48.4%,"。**宽臂的 MDE 是 0.025 对着 0.029 的效应:够,不宽裕。 ⚠ **`#372`:而这里面大约一半,只是「这些人什么都来得早」。** 把平均起始年龄加进同一个模型,次序的系数从 **−0.0287** 掉到 **−0.0148**,**掉幅 48.4%**(bootstrap 95% CI [+31.4%, +83.8%]),对着 −0.11% ± 5.01% 的 offset 地板 —— **+9.69 sd**;地板由「与次",0,1,1,0
README_zh.md,266625,95%," 对着 0.029 的效应:够,不宽裕。 ⚠ **`#372`:而这里面大约一半,只是「这些人什么都来得早」。** 把平均起始年龄加进同一个模型,次序的系数从 **−0.0287** 掉到 **−0.0148**,**掉幅 48.4%**(bootstrap 95% CI [+31.4%, +83.8%]),对着 −0.11% ± 5.01% 的 offset 地板 —— **+9.69 sd**;地板由「与次序相关度相同、但与羞耻无关」的合",0,1,1,0
README_zh.md,266633,+31.4%,"9 的效应:够,不宽裕。 ⚠ **`#372`:而这里面大约一半,只是「这些人什么都来得早」。** 把平均起始年龄加进同一个模型,次序的系数从 **−0.0287** 掉到 **−0.0148**,**掉幅 48.4%**(bootstrap 95% CI [+31.4%, +83.8%]),对着 −0.11% ± 5.01% 的 offset 地板 —— **+9.69 sd**;地板由「与次序相关度相同、但与羞耻无关」的合成控制构造。**而剩下",0,1,1,0
README_zh.md,266641,+83.8%,"不宽裕。 ⚠ **`#372`:而这里面大约一半,只是「这些人什么都来得早」。** 把平均起始年龄加进同一个模型,次序的系数从 **−0.0287** 掉到 **−0.0148**,**掉幅 48.4%**(bootstrap 95% CI [+31.4%, +83.8%]),对着 −0.11% ± 5.01% 的 offset 地板 —— **+9.69 sd**;地板由「与次序相关度相同、但与羞耻无关」的合成控制构造。**而剩下的那一半自己站不",0,1,1,0
README_zh.md,266653,−0.11%,"72`:而这里面大约一半,只是「这些人什么都来得早」。** 把平均起始年龄加进同一个模型,次序的系数从 **−0.0287** 掉到 **−0.0148**,**掉幅 48.4%**(bootstrap 95% CI [+31.4%, +83.8%]),对着 −0.11% ± 5.01% 的 offset 地板 —— **+9.69 sd**;地板由「与次序相关度相同、但与羞耻无关」的合成控制构造。**而剩下的那一半自己站不住**:−0.0148 ",0,1,1,0
README_zh.md,266662,5.01%,"约一半,只是「这些人什么都来得早」。** 把平均起始年龄加进同一个模型,次序的系数从 **−0.0287** 掉到 **−0.0148**,**掉幅 48.4%**(bootstrap 95% CI [+31.4%, +83.8%]),对着 −0.11% ± 5.01% 的 offset 地板 —— **+9.69 sd**;地板由「与次序相关度相同、但与羞耻无关」的合成控制构造。**而剩下的那一半自己站不住**:−0.0148 对着**同模型*",0,1,1,0
README_zh.md,267874,30%,"量里有两个在发布前就被人为粗化了。**这份数据自己的列说明 ——一个本项目直到现在才读到的文件 —— 记录着「你的成长环境有多性开放」从 **7 档压成 3 档**,关系风格从 **3 档压成 2 档**。粗化一个调节变量会削弱交互的可探测性,所以那个 10–30% 的逐变量 MDE **有一部分是发布口径造成的,不是人群造成的**。发布方另外声明匿名化让相关**比原始弱约 25%** —— 所以这一页上每一个相关都是**下界**。  > ⚠",1,0,0,0
README_zh.md,267933,25%,"环境有多性开放」从 **7 档压成 3 档**,关系风格从 **3 档压成 2 档**。粗化一个调节变量会削弱交互的可探测性,所以那个 10–30% 的逐变量 MDE **有一部分是发布口径造成的,不是人群造成的**。发布方另外声明匿名化让相关**比原始弱约 25%** —— 所以这一页上每一个相关都是**下界**。  > ⚠ **`form_i` 是唯一一个**不**通向羞耻的仍站着的维度**(`#278`)。这个项目里其它每一样东西最后都",0,0,0,0
README_zh.md,268334,45%,"* ⚠ **`#346`:那个 +0.1185 对口径敏感。**它是在覆盖 32 个块中 ≥8 块的受访者上算的(n = 6,717)。放宽到 ≥6 与 ≥4(n = 12,720)分别给出 **+0.1477** 与 **+0.1715** —— **摆动 45%**,比 [`CALIBER.md`](CALIBER.md) 里任何一个分析旋钮都大。⚠ 方向与测量误差相反(块更少意味着 `S` 更吵,本该把相关**压低**),所以低覆盖的受",0,0,0,0
README_zh.md,268903,1.4%,"**, > 而相邻特征向量的估计误差会互相旋转。**相邻两列的一致,可能只是它们一起抖了一下。** > ⚠ 这**不**推翻任何一列自己的结论(每一列都各自控制、各自划过作用域); > 它推翻的是**把这六列当成六个独立坐标去联合解读**。 > ⚠ **那个 1.4% 的口径**(`#264` `#271`):旧 S + 最小二乘; > 替代口径(S 随块子集变化)给 **1.21%**,两者都在 1.2–1.4%。 > 会改变这个数的旋钮已在",1,0,0,0
README_zh.md,268959,**1.21%,"*不**推翻任何一列自己的结论(每一列都各自控制、各自划过作用域); > 它推翻的是**把这六列当成六个独立坐标去联合解读**。 > ⚠ **那个 1.4% 的口径**(`#264` `#271`):旧 S + 最小二乘; > 替代口径(S 随块子集变化)给 **1.21%**,两者都在 1.2–1.4%。 > 会改变这个数的旋钮已在 [`CALIBER.md`](CALIBER.md) 中逐一实测 —— **而那张表声明了自己不完整。**  # 这",1,0,0,0
README_zh.md,268978,1.4%,"都各自控制、各自划过作用域); > 它推翻的是**把这六列当成六个独立坐标去联合解读**。 > ⚠ **那个 1.4% 的口径**(`#264` `#271`):旧 S + 最小二乘; > 替代口径(S 随块子集变化)给 **1.21%**,两者都在 1.2–1.4%。 > 会改变这个数的旋钮已在 [`CALIBER.md`](CALIBER.md) 中逐一实测 —— **而那张表声明了自己不完整。**  # 这说明了关于人的什么  Each ",1,0,0,0
README_zh.md,269930,66.5%,",差 2–3 年** | 外观 14.0 · 身体部位 14.4 · 衣物 14.7 → 权力动态 16.8 · 束缚 16.9 · 精神改变 17.0。用它猜任意两个兴趣谁先谁后达 **66.852 ± 0.191**,而""全人群共享一个顺序""的理论上限是 66.5% —— 这个时间表几乎榨干了共享顺序能提供的全部信息 | `#75` 8 seeds · 35,438 对 · 6,230 人;全体对上界定 **[60.5%, 66.5%]** ",0,0,1,0
README_zh.md,270009,60.5%,"猜任意两个兴趣谁先谁后达 **66.852 ± 0.191**,而""全人群共享一个顺序""的理论上限是 66.5% —— 这个时间表几乎榨干了共享顺序能提供的全部信息 | `#75` 8 seeds · 35,438 对 · 6,230 人;全体对上界定 **[60.5%, 66.5%]** `#63` | | **内容与个体化估值,对认可概率的影响一样大** | 选项基率 **±21.5 pp**(账本记 ±22.6,**5% 漂移未解释**,`",0,0,1,0
README_zh.md,270016,66.5%,"谁先谁后达 **66.852 ± 0.191**,而""全人群共享一个顺序""的理论上限是 66.5% —— 这个时间表几乎榨干了共享顺序能提供的全部信息 | `#75` 8 seeds · 35,438 对 · 6,230 人;全体对上界定 **[60.5%, 66.5%]** `#63` | | **内容与个体化估值,对认可概率的影响一样大** | 选项基率 **±21.5 pp**(账本记 ±22.6,**5% 漂移未解释**,`#157e`)",0,0,1,0
README_zh.md,270090,**5%,"息 | `#75` 8 seeds · 35,438 对 · 6,230 人;全体对上界定 **[60.5%, 66.5%]** `#63` | | **内容与个体化估值,对认可概率的影响一样大** | 选项基率 **±21.5 pp**(账本记 ±22.6,**5% 漂移未解释**,`#157e`)· 人整体率 **±16.7 pp** · 人×选项交互 **±23.7 pp**(`#157` 把两条只写在账本散文里的校正装进了代码,交互逐位",0,0,1,0
README_zh.md,270714,85%,"—— 这个误差棒是它八轮之后才有的,`#167`;原来挂着的 −0.022 是 curveball **零假设地板**,答的是另一个问题),种植天花板 +0.832。**而这个名字本身现在被检验过了**(`#163`):把块分到内容最不像的两端,信度**保留 85%**,而纯**位置**种植保留 100%、纯**内容**种植塌到 −2% —— **「偏爱冷门」是一个可迁移的位置,不是「喜欢某一族恰好冷门的东西」**。**而它不是性别的影子**",0,0,0,0
README_zh.md,270733,100%,"#167`;原来挂着的 −0.022 是 curveball **零假设地板**,答的是另一个问题),种植天花板 +0.832。**而这个名字本身现在被检验过了**(`#163`):把块分到内容最不像的两端,信度**保留 85%**,而纯**位置**种植保留 100%、纯**内容**种植塌到 −2% —— **「偏爱冷门」是一个可迁移的位置,不是「喜欢某一族恰好冷门的东西」**。**而它不是性别的影子**(`#164`):把性别从**每一个**",0,0,0,0
README_zh.md,270750,−2%,"2 是 curveball **零假设地板**,答的是另一个问题),种植天花板 +0.832。**而这个名字本身现在被检验过了**(`#163`):把块分到内容最不像的两端,信度**保留 85%**,而纯**位置**种植保留 100%、纯**内容**种植塌到 −2% —— **「偏爱冷门」是一个可迁移的位置,不是「喜欢某一族恰好冷门的东西」**。**而它不是性别的影子**(`#164`):把性别从**每一个**块层分数里回归掉,这个倾向保留 ",0,0,0,0
README_zh.md,270843,**102%," 85%**,而纯**位置**种植保留 100%、纯**内容**种植塌到 −2% —— **「偏爱冷门」是一个可迁移的位置,不是「喜欢某一族恰好冷门的东西」**。**而它不是性别的影子**(`#164`):把性别从**每一个**块层分数里回归掉,这个倾向保留 **102%**(4.9× 自身展布,方向是**升**);而同样的处理让一个纯**性别驱动**的位置种植塌到 **−0%**、让一个纯**个人**的位置种植存活到 **+0.986**;移除勾",0,0,0,0
README_zh.md,270898,**−0%,"可迁移的位置,不是「喜欢某一族恰好冷门的东西」**。**而它不是性别的影子**(`#164`):把性别从**每一个**块层分数里回归掉,这个倾向保留 **102%**(4.9× 自身展布,方向是**升**);而同样的处理让一个纯**性别驱动**的位置种植塌到 **−0%**、让一个纯**个人**的位置种植存活到 **+0.986**;移除勾选数后存活 **67%**,而且它与勾选数的相关(+0.608)**低于**零的(+0.719) 。**而它",0,0,0,0
README_zh.md,270945,**67%,":把性别从**每一个**块层分数里回归掉,这个倾向保留 **102%**(4.9× 自身展布,方向是**升**);而同样的处理让一个纯**性别驱动**的位置种植塌到 **−0%**、让一个纯**个人**的位置种植存活到 **+0.986**;移除勾选数后存活 **67%**,而且它与勾选数的相关(+0.608)**低于**零的(+0.719) 。**而它也不是一个更大的「内容」维度的投影**(`#165`):直接在**选项矩阵**上给人打分 ——",0,1,0,1
README_zh.md,271361,**4.5%,"em 重叠**的独立 Likert 题(n=15,503):位置分预测**羞耻 +0.1185**,并且穿过每一层控制 —— 勾选数(+0.1155)、性别(+0.1154)、**内容分本身**(**+0.1132,9.0× 自身自助 sd**)。内容只中介 **4.5%**,所以羞耻**不跟着**你喜欢哪些家族走。跨人打乱羞耻给 **+0.0008 ± 0.0118**(效应的 1%)。内部判别:同一条管道上「疗愈」从 +0.0937 **一控制",0,1,1,0
README_zh.md,271423,1%," 勾选数(+0.1155)、性别(+0.1154)、**内容分本身**(**+0.1132,9.0× 自身自助 sd**)。内容只中介 **4.5%**,所以羞耻**不跟着**你喜欢哪些家族走。跨人打乱羞耻给 **+0.0008 ± 0.0118**(效应的 1%)。内部判别:同一条管道上「疗愈」从 +0.0937 **一控制勾选数就塌到 +0.0075** —— 所以这不是通用的方法学假象。⚠ 最严门槛(≥16 块,n=950)上羞耻衰减",0,1,1,0
README_zh.md,273399,24.5%,"减后 +0.2335 vs +0.0902**,并且本项目的常驻混杂在那把仪器上几乎不存在(`corr = +0.0428`;控制后 beta **+0.1344 ± 0.0099**)。**但两个分数只相关 +0.1336,是它们衰减上限 0.5452 的 24.5%** —— 注册的 50% 没达到,而同一套算法给块仪器**内部**两个不相交半边算出 95.4%。**所以「在更少人去的领域敞开 ↔ 羞耻」是关于人的;而剖面的维数、体液族、三个",0,0,1,0
README_zh.md,273414,50%,"0.0902**,并且本项目的常驻混杂在那把仪器上几乎不存在(`corr = +0.0428`;控制后 beta **+0.1344 ± 0.0099**)。**但两个分数只相关 +0.1336,是它们衰减上限 0.5452 的 24.5%** —— 注册的 50% 没达到,而同一套算法给块仪器**内部**两个不相交半边算出 95.4%。**所以「在更少人去的领域敞开 ↔ 羞耻」是关于人的;而剖面的维数、体液族、三个成分的身份(`#229`–",0,0,1,0
README_zh.md,273448,95.4%,"rr = +0.0428`;控制后 beta **+0.1344 ± 0.0099**)。**但两个分数只相关 +0.1336,是它们衰减上限 0.5452 的 24.5%** —— 注册的 50% 没达到,而同一套算法给块仪器**内部**两个不相交半边算出 95.4%。**所以「在更少人去的领域敞开 ↔ 羞耻」是关于人的;而剖面的维数、体液族、三个成分的身份(`#229`–`#232`)仍然只是**通过块这把仪器**测到的性质,没有被证明能换一",0,0,1,0
README_zh.md,274741,**2.8%,"理由比结果更值钱**:把每个起始年龄对**这个人自己对该类别的评分**残差化(`#114` 的通路在这份数据上确实存在 —— `corr(起始年龄, 评分)` 均值 **−0.1175**,24 个匹配类别里 23 个为负;正对照两端都点着)之后,不对称只剩 **2.8%** —— **但那个比较悄悄把样本从 2,740 人换成了 6,301 人**,因为残差化移动了中位数劈分,从而改变「每半 ≥4 个类别」的过滤。**在同一批人上,不对称保留 7",1,0,0,0
README_zh.md,274836,70.2%,"24 个匹配类别里 23 个为负;正对照两端都点着)之后,不对称只剩 **2.8%** —— **但那个比较悄悄把样本从 2,740 人换成了 6,301 人**,因为残差化移动了中位数劈分,从而改变「每半 ≥4 个类别」的过滤。**在同一批人上,不对称保留 70.2%**(−0.0690 → −0.0484),却**已不可分辨**(只有自身展布的 0.85×)。所以回忆偏差这个对手**既没被排除也没被证实** —— 是分辨率不够。⚠ **站住的",1,0,0,0
README_zh.md,275181,2×,"交集样本上重算**:两半是在不同的人身上算的(5,322 与 6,113,因为各自要求 ≥4 块覆盖),所以差值在**两者都有的 4,718 人**上重跑了一次 —— 普通半 **−0.0589**、越轨半 **+0.1012**、差 **+0.1601**,2×展布 0.0394,**保留原值的 98.5%**。结论不变,这一行是作用域。 ⚠ **`#290`:这个相关在两个性别里是同一件事** —— +0.1297 ± 0.0188 与",1,0,1,0
README_zh.md,275201,98.5%,"算的(5,322 与 6,113,因为各自要求 ≥4 块覆盖),所以差值在**两者都有的 4,718 人**上重跑了一次 —— 普通半 **−0.0589**、越轨半 **+0.1012**、差 **+0.1601**,2×展布 0.0394,**保留原值的 98.5%**。结论不变,这一行是作用域。 ⚠ **`#290`:这个相关在两个性别里是同一件事** —— +0.1297 ± 0.0188 与 +0.1081 ± 0.0186,差 −0.",0,0,1,0
README_zh.md,275771,43%,"20 → 950)它是 **+0.172 · +0.148 · +0.119 · +0.084 · +0.071 · −0.002**,单调,且两端区间不重叠。**一个真值固定的合成关系在同一批阈上也会掉 0.074**,所以观测到的 0.174 的下降里约 43% 是选择与全距受限,约 0.10 不是;控制勾选数后曲线压平到 0.123。**这个关系在 `S` 被测得最差的地方最强、在测得最好的地方消失** —— 与测量误差的方向相反,而本",0,0,1,0
README_zh.md,276125,43%,"93**,**29 个里只有 2 个**超过那条基线 —— 而羞耻的 **+0.1692** 排**第 1**,高出基线 **+6.5 个 sd**。所以没有任何一般性的纳入伪影能解释它。⚠ 这同时修正了上面那个拆分:真实结局的下降**小于**合成基线,所以「43% 是选择」是慷慨的估计,不能归给选择的那部分更大。 | **两个正交的人层维度,各自指向不同的东西** | 把**内容**分(你勾了哪些具体选项)对**位置**分(它们有多冷门)回",0,0,0,0
README_zh.md,278286,**4%,"熟之后,人内「起始年龄残差 × 类别稀有度」= **−0.0328**,题内跨人置换零 +0.0018,**8.8×**。**离散版本(最早一格 vs 他自己的曲目库)独立复现:扣掉时间表后 +0.0767,14.5×**。`#114` 的回忆偏差实际只贡献 **4%**,且对主量符号相反。⚠ **`#211` 给这条声明补上它一直没有的边界**:用同一条管道把起始年龄截到 14 / 16 / 18 岁(种植的效应在**每一档**都仍然开火),",0,1,0,1
README_zh.md,278915,65%," −0.120、人内 +0.053、**curveball 固定边际 −0.198** —— 所以它的净值是一个**区间 [−0.356, −0.105]**,不是一个数;而在固定边际那个零下(本项目用得最多的方案),负对照**失败**:光靠边际就能造出它的 65%。**`#212` 把两种读法分开了,而它是窗口不是假象**:在每个人**自己**的时间线上按 14 岁劈开(不需要跨人比较,因而不受截断影响),14 岁后那一半 **Δ = −0",0,0,1,0
README_zh.md,279201,30%,"(0.098 / 0.228),而种植在 14 岁后那一半 g=1 就开火。**全样本的 −0.0328 是被 14 岁前那段(那里没有效应)稀释的结果。**⚠ 14 岁后那一半本身是年龄选择的(贡献者年龄中位 26.5 对 22.5),且它的置换零是效应的 30% ⚠ **`#243` —— 而它根本不是一个人群效应**:按「**14 岁前是否报了 ≥8 个起始年龄**」把人分开,并把其余人按**总类别数**匹配(两组中位都是 14)。早期",1,1,0,0
README_zh.md,279456,1%,"=2,806),类别数匹配的非早期组给出 **+0.0268 ± 0.0060**(n=2,629)—— **符号相反,差是合并展布的 19.5×**。随机同样大小的子集落在全样本值上(−0.0298),阈值换成 15 岁仍给 −0.1407,置换零是效应的 1%。**范围受限解释不掉**:早期组的人内起始年龄 sd **更小**(2.278 vs 3.022)却给出更强的相关,而受限只会衰减。**全样本的 −0.0328,是两群反号的人抵",1,1,1,0
README_zh.md,279950,79%,"布的 13×**;正对照两端都点着;置换零的跨度是 −0.0019 ± 0.0190。两者同时进回归,早期组指示从 −0.1892 掉到 **−0.0400 ± 0.0134**,而 A8 保住 **+0.2213 ± 0.0139** —— **那个二分有 79% 只是这条线上的位置**。**不存在两类人,只有一条线,而它在 17 岁半左右穿过零。**⚠ 指示变量剩下的 3.0× 不是没有:连续化假设了线性,而这点残留正是这个假设不成立的地",0,0,1,0
README_zh.md,280327,19%," 个新兴趣**处。跨度 **0.4489,是全样本 −0.0328 的 13 倍**。它是一张曲面而不是两条线 —— `rate` −0.2995 ± 0.0130、`A_close` +0.2439 ± 0.0099,交互真实但小(−0.0571,主效应的 19%);正对照两端都精确。**一个跨度是自身均值 13 倍的量,它的人群平均值几乎不携带信息。**⚠ 唯一没被控制的边:`rate` 的分母是**回忆的**年龄跨度,把记忆压缩在一起的",1,1,1,0
README_zh.md,281547,31%,",晚来的东西是一整套** | 人内置换零下的三个块:早×早 **−0.01272(27.9×)** · **晚×晚 +0.02103(23.1×)** · 晚×早 −0.00484(15.2×)。晚到的是关系族(权力动态·束缚·施虐受虐·精神改变·感官,26–31% 在 19 岁后),早到的是具体族(外观 8.6%·衣物 10.9%·身体部位 11.1%)。题目层:晚族彼此 **+0.0674**,早族彼此 −0.0075。**而且""一整套""",0,0,0,0
README_zh.md,281571,8.6%,"块:早×早 **−0.01272(27.9×)** · **晚×晚 +0.02103(23.1×)** · 晚×早 −0.00484(15.2×)。晚到的是关系族(权力动态·束缚·施虐受虐·精神改变·感官,26–31% 在 19 岁后),早到的是具体族(外观 8.6%·衣物 10.9%·身体部位 11.1%)。题目层:晚族彼此 **+0.0674**,早族彼此 −0.0075。**而且""一整套""是字面意义的**:关系族的获得年龄比同样多个随机挑",0,0,0,0
README_zh.md,281579,10.9%,"−0.01272(27.9×)** · **晚×晚 +0.02103(23.1×)** · 晚×早 −0.00484(15.2×)。晚到的是关系族(权力动态·束缚·施虐受虐·精神改变·感官,26–31% 在 19 岁后),早到的是具体族(外观 8.6%·衣物 10.9%·身体部位 11.1%)。题目层:晚族彼此 **+0.0674**,早族彼此 −0.0075。**而且""一整套""是字面意义的**:关系族的获得年龄比同样多个随机挑的**靠拢 9.4",0,0,0,0
README_zh.md,281590,11.1%,".9×)** · **晚×晚 +0.02103(23.1×)** · 晚×早 −0.00484(15.2×)。晚到的是关系族(权力动态·束缚·施虐受虐·精神改变·感官,26–31% 在 19 岁后),早到的是具体族(外观 8.6%·衣物 10.9%·身体部位 11.1%)。题目层:晚族彼此 **+0.0674**,早族彼此 −0.0075。**而且""一整套""是字面意义的**:关系族的获得年龄比同样多个随机挑的**靠拢 9.4%**(17.7×,在",0,0,0,0
README_zh.md,281671,9.4%,"感官,26–31% 在 19 岁后),早到的是具体族(外观 8.6%·衣物 10.9%·身体部位 11.1%)。题目层:晚族彼此 **+0.0674**,早族彼此 −0.0075。**而且""一整套""是字面意义的**:关系族的获得年龄比同样多个随机挑的**靠拢 9.4%**(17.7×,在扣掉人群时间表之后),具体族反而**分散 9.0%**(12.1×)。**发育不是同一种东西按顺序到达,是两种不同组织度的东西以不同方式到达** —— 这是 `",0,0,0,0
README_zh.md,281706,9.0%,"衣物 10.9%·身体部位 11.1%)。题目层:晚族彼此 **+0.0674**,早族彼此 −0.0075。**而且""一整套""是字面意义的**:关系族的获得年龄比同样多个随机挑的**靠拢 9.4%**(17.7×,在扣掉人群时间表之后),具体族反而**分散 9.0%**(12.1×)。**发育不是同一种东西按顺序到达,是两种不同组织度的东西以不同方式到达** —— 这是 `#75` 的时间表没有的维度。⚠ 连通度**没有拐点**(1.6×),",0,0,0,0
README_zh.md,281886,**33.3%,"* —— 这是 `#75` 的时间表没有的维度。⚠ 连通度**没有拐点**(1.6×),所以""17 岁关上""只对类别数成立 | `#135` `#136` | | **三分之一的人,版图在 17 岁就关上了;剩下的人,它是向外开的** | 29–32 岁档里 **33.3% 报告 17 岁后一个新兴趣都没有**。而在有晚期条目的人身上,晚获得的类别与他早期那些**更不相连**,配对层剥掉稀有度后保留 89%,`#114` 符号相反,**五个年龄档全部",0,0,0,0
README_zh.md,281958,89%,"#136` | | **三分之一的人,版图在 17 岁就关上了;剩下的人,它是向外开的** | 29–32 岁档里 **33.3% 报告 17 岁后一个新兴趣都没有**。而在有晚期条目的人身上,晚获得的类别与他早期那些**更不相连**,配对层剥掉稀有度后保留 89%,`#114` 符号相反,**五个年龄档全部同号(5.3–10.9×)且无年龄梯度**(所以不是叙事整理)。**扩张,不是深化** —— 模型 C 不能被定域为""重排既有权重""。⚠",0,0,0,0
README_zh.md,282223,**68.4%,"5 → −0.0069(差 2.4 倍),且**人内中位数分割不可分辨(1.0×)—— 现象绑在绝对年龄上,不是""你序列里靠后的""** | `#133` `#134` | | **性版图在青春期结束时就基本定型** | 29–32 岁的人,自己报告的性兴趣有 **68.4% 是 17 岁前获得的**,最晚的那一个平均在 **22.6 岁**(人内测量,不依赖横断面假设)。横断面上 15 年里类别数只从 12.4 长到 12.9(+4.5%,队列混淆,",1,0,0,0
README_zh.md,282309,+4.5%,"| **性版图在青春期结束时就基本定型** | 29–32 岁的人,自己报告的性兴趣有 **68.4% 是 17 岁前获得的**,最晚的那一个平均在 **22.6 岁**(人内测量,不依赖横断面假设)。横断面上 15 年里类别数只从 12.4 长到 12.9(+4.5%,队列混淆,较弱)。**这给模型 C 划了时间边界:递归重塑若存在,作用窗口主要在青春期内** | `#132` | | **人群层面,版图确实从大家都有的东西开始** | 一个人",1,0,0,0
README_zh.md,282752,61%,"种植效应还小。内容线也不解释它(PC4 只 0.2×),稀有度离散度也不(+0.191)。**机制已定位**(`#148` `#152`):**它是那张所有人共享的发育时间表投影到每个人身上的样子** —— **五种不同的时间表定义下都解释掉大部分,符号一致(61%–104%)**。⚠ **量级是规格依赖的**:`#148` 报的「80%,超出随机基准 44 个百分点 20.0×」已撤回 —— 那个基准是**一次**随机抽样(20 抽跨 −6",0,1,0,1
README_zh.md,282756,104%,"还小。内容线也不解释它(PC4 只 0.2×),稀有度离散度也不(+0.191)。**机制已定位**(`#148` `#152`):**它是那张所有人共享的发育时间表投影到每个人身上的样子** —— **五种不同的时间表定义下都解释掉大部分,符号一致(61%–104%)**。⚠ **量级是规格依赖的**:`#148` 报的「80%,超出随机基准 44 个百分点 20.0×」已撤回 —— 那个基准是**一次**随机抽样(20 抽跨 −61%..+",0,0,0,0
README_zh.md,282789,80%,"+0.191)。**机制已定位**(`#148` `#152`):**它是那张所有人共享的发育时间表投影到每个人身上的样子** —— **五种不同的时间表定义下都解释掉大部分,符号一致(61%–104%)**。⚠ **量级是规格依赖的**:`#148` 报的「80%,超出随机基准 44 个百分点 20.0×」已撤回 —— 那个基准是**一次**随机抽样(20 抽跨 −61%..+118%),而判它用错了分母,正确读法是 **61 ± 44 个",0,0,1,0
README_zh.md,282843,−61%,"个人身上的样子** —— **五种不同的时间表定义下都解释掉大部分,符号一致(61%–104%)**。⚠ **量级是规格依赖的**:`#148` 报的「80%,超出随机基准 44 个百分点 20.0×」已撤回 —— 那个基准是**一次**随机抽样(20 抽跨 −61%..+118%),而判它用错了分母,正确读法是 **61 ± 44 个百分点 = 1.4×,不可分辨**。剩下的 **9.4×** 曾被当作""个人的"" —— 而 `#159` 证明",0,0,1,0
README_zh.md,282849,+118%,"子** —— **五种不同的时间表定义下都解释掉大部分,符号一致(61%–104%)**。⚠ **量级是规格依赖的**:`#148` 报的「80%,超出随机基准 44 个百分点 20.0×」已撤回 —— 那个基准是**一次**随机抽样(20 抽跨 −61%..+118%),而判它用错了分母,正确读法是 **61 ± 44 个百分点 = 1.4×,不可分辨**。剩下的 **9.4×** 曾被当作""个人的"" —— 而 `#159` 证明**它几乎不是",0,0,1,0
README_zh.md,283311,63.30%,"西是一个稳定的性质(`#100`:+0.4611,23.1×);什么时候得到它们,不是。**⚠ **机制 UNVERIFIED**:题目层 Spearman(稀有度, 起始年龄**中位数**)= +0.437,但中位数是一个**更差的时间表**(留出成对顺序 63.30% vs 均值 66.70%),而均值序与稀有度无关(+0.011)。左尾解释已死(−0.091)。**效应稳,机制未定** | `#130` `#131` | | **越是最终口味",0,1,0,1
README_zh.md,283324,66.70%,"00`:+0.4611,23.1×);什么时候得到它们,不是。**⚠ **机制 UNVERIFIED**:题目层 Spearman(稀有度, 起始年龄**中位数**)= +0.437,但中位数是一个**更差的时间表**(留出成对顺序 63.30% vs 均值 66.70%),而均值序与稀有度无关(+0.011)。左尾解释已死(−0.091)。**效应稳,机制未定** | `#130` `#131` | | **越是最终口味罕见的人,这个提前量越大*",0,1,0,1
README_zh.md,283467,91%,"稀有度无关(+0.011)。左尾解释已死(−0.091)。**效应稳,机制未定** | `#130` `#131` | | **越是最终口味罕见的人,这个提前量越大** | −0.0459;**按答题类别数卡钳 1:1 匹配后 −0.0417(3.1×,保留 91%)**,三个匹配规格 85–100% 一致,置换零 17%,种植正对照 +0.5878。`#114` 的回忆偏差实际贡献 39%。**换成离散统计量后复现:匹配后 +0.0532,",0,1,0,1
README_zh.md,283484,100%,"释已死(−0.091)。**效应稳,机制未定** | `#130` `#131` | | **越是最终口味罕见的人,这个提前量越大** | −0.0459;**按答题类别数卡钳 1:1 匹配后 −0.0417(3.1×,保留 91%)**,三个匹配规格 85–100% 一致,置换零 17%,种植正对照 +0.5878。`#114` 的回忆偏差实际贡献 39%。**换成离散统计量后复现:匹配后 +0.0532,5.1×**。**而 `#150` ",0,1,0,1
README_zh.md,283496,17%,"**效应稳,机制未定** | `#130` `#131` | | **越是最终口味罕见的人,这个提前量越大** | −0.0459;**按答题类别数卡钳 1:1 匹配后 −0.0417(3.1×,保留 91%)**,三个匹配规格 85–100% 一致,置换零 17%,种植正对照 +0.5878。`#114` 的回忆偏差实际贡献 39%。**换成离散统计量后复现:匹配后 +0.0532,5.1×**。**而 `#150` 的预注册点预测命中**",0,1,0,1
README_zh.md,283531,39%,"越是最终口味罕见的人,这个提前量越大** | −0.0459;**按答题类别数卡钳 1:1 匹配后 −0.0417(3.1×,保留 91%)**,三个匹配规格 85–100% 一致,置换零 17%,种植正对照 +0.5878。`#114` 的回忆偏差实际贡献 39%。**换成离散统计量后复现:匹配后 +0.0532,5.1×**。**而 `#150` 的预注册点预测命中**:换成""他最早那个有多罕见""来测,得 **+0.0370**(预测 +",0,0,0,0
README_zh.md,283708,86%,"的预注册点预测命中**:换成""他最早那个有多罕见""来测,得 **+0.0370**(预测 +0.0404,符号按定义相反,判别量 0.2×)—— **这句话不依赖我用哪个统计量**。⚠ 但只是 CONSISTENT 不是 PROVEN:等价界只能排除大于效应 86% 的差异,而 `#151` 证明**这个 release 里没有能焊死它的工具**(强制选择更干净但只有 10 块,信度 0.252 vs 0.461,净结果是分辨率损失) | `",0,1,0,1
README_zh.md,284181,11%," 23 倍 —— **这条声明安全,是因为设计而不是运气** | `#101` `#102` `#154` | | **人把最爱的性兴趣记得更早,约九个月** | −0.2000 年/评分标准差(**19.8× SE**),同类别内打乱零 = 效应的 **0–11%**(`#153`:原轮只抽了**一次**,那一抽是 20 抽里最小的;零的实现 sd 是效应的 5.5%),种植阶梯单调。**这是本数据集第一个被直接量出来的回忆偏差,而整个成熟",0,1,0,1
README_zh.md,284233,5.5%,"` | | **人把最爱的性兴趣记得更早,约九个月** | −0.2000 年/评分标准差(**19.8× SE**),同类别内打乱零 = 效应的 **0–11%**(`#153`:原轮只抽了**一次**,那一抽是 20 抽里最小的;零的实现 sd 是效应的 5.5%),种植阶梯单调。**这是本数据集第一个被直接量出来的回忆偏差,而整个成熟时间表建立在它之上**。⚠ **它是人群规律,不是个人的**(`#162`):按人估计的斜率,其分半信度*",0,1,0,1
README_zh.md,284797,**6%,"答水平""结构上免疫** —— 它的兄弟命题(""越早越在中心"")正是死在这个混淆上 | `#107` `#110` `#116` `#117` | | **而其余偏好被拉向先来的那一个** | 位移 **+0.0339 —— 3.1× 自身展布**,零是效应的 **6%**,68 对里 46 对为正,生成式正对照单调开火。⚠ **加倍样本并没有加强它**(3.093 → 3.048),而源码里那句""加强成功""已撤回;强度的一位小数本身在自助噪声内",1,1,1,0
README_zh.md,285159,37%,"条近乎独立""与""有效维度 2.95/3""**。用验证过的信度阶梯(正对照:SUBSTANCE 对自身 r_true = **+1.018**;sham = +0.023)测得 **POWER–SUBSTANCE r_true = +0.605**,即**共享 37% 方差,不是 5%**。预注册判定落在中带(0.45 < 0.605 < 0.70)→ **UNVERIFIED**:既不是一个构念,也不是已确认可分。⚠ **`#141` 整条撤",0,0,0,0
README_zh.md,285169,5%,"维度 2.95/3""**。用验证过的信度阶梯(正对照:SUBSTANCE 对自身 r_true = **+1.018**;sham = +0.023)测得 **POWER–SUBSTANCE r_true = +0.605**,即**共享 37% 方差,不是 5%**。预注册判定落在中带(0.45 < 0.605 < 0.70)→ **UNVERIFIED**:既不是一个构念,也不是已确认可分。⚠ **`#141` 整条撤回** —— 它靠",0,0,0,0
README_zh.md,285457,**82.7%,"原始**相关(0.112),而原始相关正是**被衰减压平**的那个 | `Entry 24` · `#143` | | **""极端""不是一条轴,是两个互斥的方向** | 卑贱污秽 ↔ 血/烧灼/武器 —— 喜欢一端的人系统性地不喜欢另一端 | A02 | | **82.7% 说""色情给了我这个癖好"",而这句话在他们的性癖结构和时间线上没有任何痕迹** | 无时序签名(1 年位移被排除,集中判别在 **8.8× 功率**下为零)· 无结构签名(错位 <",0,0,0,0
README_zh.md,285569,10%,"地不喜欢另一端 | A02 | | **82.7% 说""色情给了我这个癖好"",而这句话在他们的性癖结构和时间线上没有任何痕迹** | 无时序签名(1 年位移被排除,集中判别在 **8.8× 功率**下为零)· 无结构签名(错位 < 0.1 sd,极端度差 < 10%)· 它**追踪这个人整体勾了多少**(rho 未控制 **+0.2922**,控制全部作答风格指标后 **+0.2523**;而「其中 85% 是作答风格」这一步是 **UNVE",0,0,0,0
README_zh.md,285641,85%,"(1 年位移被排除,集中判别在 **8.8× 功率**下为零)· 无结构签名(错位 < 0.1 sd,极端度差 < 10%)· 它**追踪这个人整体勾了多少**(rho 未控制 **+0.2922**,控制全部作答风格指标后 **+0.2523**;而「其中 85% 是作答风格」这一步是 **UNVERIFIED** —— 每一道题都是情色内容且无反向计分,所以一般性同意倾向与一般性情色认可在这个 release 里分不开)。⚠ 但""其中 8",0,0,0,0
README_zh.md,285733,85%,"0.2922**,控制全部作答风格指标后 **+0.2523**;而「其中 85% 是作答风格」这一步是 **UNVERIFIED** —— 每一道题都是情色内容且无反向计分,所以一般性同意倾向与一般性情色认可在这个 release 里分不开)。⚠ 但""其中 85% 是作答风格""这一步 `#26` 已降级为 **UNVERIFIED** —— 全部题项都是情欲内容且无反向计分,""泛泛同意""与""泛泛认可情欲事物""在本 release 分不开 |",0,0,0,0
README_zh.md,286182,95%,"人非法的比例在 30 次调查中从 **0.38 掉到 0.18**。而谴责者与非谴责者在 **自报**过去一年看过 X 级影片上的对数优势差,1973–1988 年是 **−1.34**,2006–2024 年是 **−1.44**: **Δ = −0.10,95% CI [−0.29, +0.09]**,而**最小可检出效应是 0.27** —— 一个真正要紧的位移(0.5) 本会被看见,而它没有出现。在 36 格网格上(3 个年龄带 × ",1,1,1,0
README_zh.md,286783,95%,", 分别问两道行为题 —— *「过去一年看过 X 级电影吗」*(是非)与 *「过去一年看过色情内容吗」* (十级频率)。两臂人口学平衡(五项里最大 |z| = 1.95)。它们报的不是同一件事: **阳性率 0.320 vs 0.425,Δ = +0.105,95% CI [+0.079, +0.135]** —— **十分之一的人算不算「看过」,取决于他被递到哪一道题。** 但**谴责差距本身**在两臂之间量不出区别:**Δ 对数优势 = ",0,0,1,0
README_zh.md,286882,95%,"*阳性率 0.320 vs 0.425,Δ = +0.105,95% CI [+0.079, +0.135]** —— **十分之一的人算不算「看过」,取决于他被递到哪一道题。** 但**谴责差距本身**在两臂之间量不出区别:**Δ 对数优势 = −0.27,95% CI [−0.61, +0.08]**, 而 MDE 是 **0.50**。⚠ 两臂之间**同时变了两件事**(所指的对象、作答格式), 所以这个差**不可归因于任一个**;且两",0,0,1,0
README_zh.md,287414,95%,"**复制,不是**跨模式**复制 `[#571「#568 的更正范围漏了一段」]`】** 它带着同一对:*「两个同性成年人之间的性关系是可以的」*(同意/不同意)与「是否曾有过同性性接触」。 2017–2019 年的女性受访者中,**对数优势 = −1.22,95% CI [−1.41, −1.05]**(n = 5,895), 而 GSS 色情那一对是 **−1.42**。跨两波与两种「谴责」定义,**4/4 个可采信的格同号**,落在 *",0,0,1,0
README_zh.md,288498,43%,"、 *「未婚 **16** 岁…」*(−1.07)。**后两道问的是同一批人、同一件行为(16 岁及以前初次性交), 只差问题里印着的那个年龄。** 两条区间不重叠([−0.64, −0.41] vs [−1.25, −0.90])。 ⚠ 谴责者占比也差很多(43% vs 85%),所以「谁算谴责者」没有被固定; 六对里谴责占比并不单调地排出差距的大小,但那是观测,不是检验。 ⚠ 而区间越宽越偏向「重叠」,所以一个「不重叠」是在保守方向上得到",1,0,1,0
README_zh.md,288505,85%,"**16** 岁…」*(−1.07)。**后两道问的是同一批人、同一件行为(16 岁及以前初次性交), 只差问题里印着的那个年龄。** 两条区间不重叠([−0.64, −0.41] vs [−1.25, −0.90])。 ⚠ 谴责者占比也差很多(43% vs 85%),所以「谁算谴责者」没有被固定; 六对里谴责占比并不单调地排出差距的大小,但那是观测,不是检验。 ⚠ 而区间越宽越偏向「重叠」,所以一个「不重叠」是在保守方向上得到的。 `[#4",1,0,1,0
README_zh.md,288665,95%,"单调地排出差距的大小,但那是观测,不是检验。 ⚠ 而区间越宽越偏向「重叠」,所以一个「不重叠」是在保守方向上得到的。 `[#492, #511]`  **而它不是由「有多少人谴责」带着的。** 跨六个话题,差距确实跟着谴责者占比走 —— 斜率 **+0.60,95% CI [+0.27, +0.93]**。但那个关联是混淆的:占比与话题一起变。 **固定话题与行为、只移动「算不算谴责者」的门槛**(强烈反对 / 反对 / 有点反对以上)后, ",1,0,1,0
README_zh.md,291854,30%,"是。⚠ **第四格现在也查了,而这条规则的前提在这一页上是假的** `[#622「那条规则的「两侧」,根本不是两种语言」]`。它的两侧本该是同一条主张的**中文版**与**英文版**。数一下:**这一页上含中文字符的行有 39 行,而其中整行中文的 —— 在 30%、50%、70% 三个阈值下同样 —— 是 0 行。**每一行都是**嵌了一个中文短语锚**的英文行,就像这一段里的那些。一行真正的中文在同一个度量上得 0.435,而一行嵌了锚的",0,0,0,0
README_zh.md,291858,50%,"**第四格现在也查了,而这条规则的前提在这一页上是假的** `[#622「那条规则的「两侧」,根本不是两种语言」]`。它的两侧本该是同一条主张的**中文版**与**英文版**。数一下:**这一页上含中文字符的行有 39 行,而其中整行中文的 —— 在 30%、50%、70% 三个阈值下同样 —— 是 0 行。**每一行都是**嵌了一个中文短语锚**的英文行,就像这一段里的那些。一行真正的中文在同一个度量上得 0.435,而一行嵌了锚的英文得 ",0,0,0,0
README_zh.md,291862,70%,"格现在也查了,而这条规则的前提在这一页上是假的** `[#622「那条规则的「两侧」,根本不是两种语言」]`。它的两侧本该是同一条主张的**中文版**与**英文版**。数一下:**这一页上含中文字符的行有 39 行,而其中整行中文的 —— 在 30%、50%、70% 三个阈值下同样 —— 是 0 行。**每一行都是**嵌了一个中文短语锚**的英文行,就像这一段里的那些。一行真正的中文在同一个度量上得 0.435,而一行嵌了锚的英文得 0.00",0,0,0,0
README_zh.md,295862,16.3%,",它算出的重合度是零」]`。配对靠的是两段之间共享的词,而它找词用的那个模式,会把**一整串不间断的汉字当成一个词**。于是两段共享了大半汉字的中文,算出来的重合度是 **0.000**;而同一对句子写成英文是 **0.727**。在真实页面上,**中文版有 16.3% 的段落被切成两个词或更少,英文版只有 6.6%** —— 所以在一段纯中文里,那个配对阈值**永远达不到**,那里每一个离开的量都会落进「配不上」。**这正是两轮之前印在覆盖数旁",0,0,0,0
README_zh.md,295887,6.6%,"的词,而它找词用的那个模式,会把**一整串不间断的汉字当成一个词**。于是两段共享了大半汉字的中文,算出来的重合度是 **0.000**;而同一对句子写成英文是 **0.727**。在真实页面上,**中文版有 16.3% 的段落被切成两个词或更少,英文版只有 6.6%** —— 所以在一段纯中文里,那个配对阈值**永远达不到**,那里每一个离开的量都会落进「配不上」。**这正是两轮之前印在覆盖数旁边的那句警告 —— 读了两版不等于在两版上都有效",0,0,0,0
README_zh.md,296321,0%,"个历史版本上重放,**没有丢掉任何一个被报出的量**。⚠ **而那个本该说明「这一切在实践中有没有帮上忙」的测量,样本是三。**两版页面的整个历史里,「离开的量」总共只有**三个**,而这三个在修改之前**本来就已经配上了** —— 所以「配不上」的比例修前 0%、修后 0%,**这既不是它有效的证据,也不是它无效的证据**。**这次修补在合成案例上被验证过,在记录上没有被验证过**;而原因是:**记录里几乎没有发生过它被造出来对付的那件事",1,1,0,0
README_zh.md,296327,0%,"重放,**没有丢掉任何一个被报出的量**。⚠ **而那个本该说明「这一切在实践中有没有帮上忙」的测量,样本是三。**两版页面的整个历史里,「离开的量」总共只有**三个**,而这三个在修改之前**本来就已经配上了** —— 所以「配不上」的比例修前 0%、修后 0%,**这既不是它有效的证据,也不是它无效的证据**。**这次修补在合成案例上被验证过,在记录上没有被验证过**;而原因是:**记录里几乎没有发生过它被造出来对付的那件事。**⚠ *",1,1,0,0
README_zh.md,301915,29%,"切成六个年龄段,性题之间的耦合是**平的** —— 0.445、0.435、0.361、0.394、0.432、0.422,斜率 −0.0006/岁,而分辨率是 0.0063;家庭题之间的耦合却在六个段上**单调爬升**,0.124 → 0.160,相对上升 29% `[#539「一个在十五岁就已经成形」]`。两者之差本身也是平的,所以次序从未反转。⚠ 这是**单一波**调查,年龄与出生队列**完全共线**:正确的读法是「**随年龄或随队列*",1,0,0,0
README_zh.md,302987,**30.7%,"无关的态度题两两只有 **0.093** ⚠ **而关于这个参照数字,有两件事是错的** `[#607「参照那个 0.093,是一堆符号随机的零取了绝对值」]`:① 这一页曾写它们是**同一批人**回答的 —— 在 1,271 个「性题对 × 参照对」组合里,**30.7% 一个共同受访者都没有**(GSS 是**分票问卷**),这条旗舰比较有一部分建立在**不相交的子样本**上;② 更大的一件:**187 个参照对里有 70 个是负相关,而 113",1,0,0,0
README_zh.md,303648,32%,"ch 题只有 **0.050**。所以那种紧,不是「性题是四级题」的格式伪影:**纯洁这一族 —— 装着性行为的那一族 —— 比第二名高出估计量自身展布的 18 倍**,而且它是五个域里**唯一**换一条答题量表也不掉的(0.493 → 0.512;而伤害掉 32%、权威掉 19%)。⚠ 而那个在 GSS 上**根本没法测**的对手 —— 这一切其实是宗教 —— **在这里能测,因为同一批人还报了他们多久去一次礼拜。**偏掉宗教出席后,纯洁保",0,0,0,0
README_zh.md,303656,19%,"*0.050**。所以那种紧,不是「性题是四级题」的格式伪影:**纯洁这一族 —— 装着性行为的那一族 —— 比第二名高出估计量自身展布的 18 倍**,而且它是五个域里**唯一**换一条答题量表也不掉的(0.493 → 0.512;而伤害掉 32%、权威掉 19%)。⚠ 而那个在 GSS 上**根本没法测**的对手 —— 这一切其实是宗教 —— **在这里能测,因为同一批人还报了他们多久去一次礼拜。**偏掉宗教出席后,纯洁保住 82% 的域",0,0,0,0
README_zh.md,303743,82%,"唯一**换一条答题量表也不掉的(0.493 → 0.512;而伤害掉 32%、权威掉 19%)。⚠ 而那个在 GSS 上**根本没法测**的对手 —— 这一切其实是宗教 —— **在这里能测,因为同一批人还报了他们多久去一次礼拜。**偏掉宗教出席后,纯洁保住 82% 的域内一致,另外四个域保住 92–103%,**而纯洁对第二名的领先从 +0.171 掉到 +0.087 —— 大约一半是宗教,大约一半不是**(+0.087 是自身展布的 9 ",0,0,0,0
README_zh.md,303764,103%," → 0.512;而伤害掉 32%、权威掉 19%)。⚠ 而那个在 GSS 上**根本没法测**的对手 —— 这一切其实是宗教 —— **在这里能测,因为同一批人还报了他们多久去一次礼拜。**偏掉宗教出席后,纯洁保住 82% 的域内一致,另外四个域保住 92–103%,**而纯洁对第二名的领先从 +0.171 掉到 +0.087 —— 大约一半是宗教,大约一半不是**(+0.087 是自身展布的 9 倍;改偏年龄则领先保留 103%,而这正是在",0,0,0,0
README_zh.md,303848,103%,"他们多久去一次礼拜。**偏掉宗教出席后,纯洁保住 82% 的域内一致,另外四个域保住 92–103%,**而纯洁对第二名的领先从 +0.171 掉到 +0.087 —— 大约一半是宗教,大约一半不是**(+0.087 是自身展布的 9 倍;改偏年龄则领先保留 103%,而这正是在 GSS 上彻底失败的那道对照)。⚠ 六道纯洁题里只有**一道**点到了性行为,所以这是关于**纯洁这一族**的话,不是单说性道德;而这些是自选的网络志愿者,不是概率样",0,0,0,0
README_zh.md,304063,**78%,"志愿者,不是概率样本。⚠ **而下一个明显的怀疑 —— 纯洁之所以显得紧,是因为它六道题里有一道字面上在问上帝 —— 是错的,而且错在反方向** `[#609「撑住它的不是上帝,也不是贞洁」]`。偏掉礼拜出席后,那道**上帝题**只保住它与本族其余题一致性的 **78%**,而其余五道保住 **83–93%**、另外四个域保住 **97%** —— 它确实比邻居们多背了一些宗教。但**把它删掉,纯洁对第二名的领先是升的,不是降的**:原始 +0.",1,0,0,0
README_zh.md,304084,93%,"的怀疑 —— 纯洁之所以显得紧,是因为它六道题里有一道字面上在问上帝 —— 是错的,而且错在反方向** `[#609「撑住它的不是上帝,也不是贞洁」]`。偏掉礼拜出席后,那道**上帝题**只保住它与本族其余题一致性的 **78%**,而其余五道保住 **83–93%**、另外四个域保住 **97%** —— 它确实比邻居们多背了一些宗教。但**把它删掉,纯洁对第二名的领先是升的,不是降的**:原始 +0.171 → +0.198,偏掉宗教之后",0,0,0,0
README_zh.md,304098,**97%,"紧,是因为它六道题里有一道字面上在问上帝 —— 是错的,而且错在反方向** `[#609「撑住它的不是上帝,也不是贞洁」]`。偏掉礼拜出席后,那道**上帝题**只保住它与本族其余题一致性的 **78%**,而其余五道保住 **83–93%**、另外四个域保住 **97%** —— 它确实比邻居们多背了一些宗教。但**把它删掉,纯洁对第二名的领先是升的,不是降的**:原始 +0.171 → +0.198,偏掉宗教之后 +0.087 → **+0.1",0,0,0,0
README_zh.md,305206,**0.95%,"自成一体的是**公平** —— 一个人对「不公平对待」的看法,能预测他其余的公平判断,而几乎预测不了别的。而引出这一切的那个攻击,按它自己的条件死了:纯洁的题**并不**比其余的方差小(标准差 1.47 对 1.36),而人为把每道题顶端两档并掉,比值只动了 **0.95%** —— 这正是衰减代数预言的结果,因为**一道题自己的信度,在它自己那两个相关的比值里约掉了**。⚠ **而扛过这一切活下来的那个新事实 —— 纯洁抱得最紧、渗得最远 —— 它",0,0,0,0
README_zh.md,305990,12.4%,"若如此,它的解释力更接近一个同义反复,而不是一个原因。⚠ **那个反驳随后被当成一整轮跑了,而它的答案比正反两面都更锋利** `[#613「那道政治题不是一个道德维度的简写,是恰好两个的」]`:先拿掉第一个道德因子、**再**拿掉政治,政治**自己还能再拿走 12.4%** 的共享结构 —— 比边际匹配的假变量(+0.005)多,比年龄(−0.001)和纯噪声(+0.000)多得多。但先拿掉**前两个**道德因子、再拿掉政治,它自己的贡献落到 *",0,0,0,0
README_zh.md,306428,41%,"**贡献,而不是「谁先被拿掉」造出来的假象。⚠ **给那两个维度命名的尝试失败了,而失败的形状就是结果** `[#614「两条轴各自不是一个域,是一捆域 —— 而这一句是对仪器的验证,不是发现」]`。轴本身是结实的:前两个特征值 6.81 与 4.00,间隔 41%,每条轴在重采样下与自身的 |cos| 都是 0.999。但**没有任何一种道德关切能独占其中任何一条。**第一条轴与权威相关 0.896、与纯洁 0.885、与忠诚 0.808 ",1,0,0,0
README_zh.md,308481,6%," 经纬块 bootstrap,CI [+0.601, +0.711]),而同一编码团队的背景耦合是 0.187 ± 0.152,安慰剂是 0.043。把三项都压成同样的三档 —— 也就是那处量表不对称的对照 —— **只花掉 0.654 里的 0.041,约 6%。**而**另一个民族志编码团队,十五年后,用他们自己的、方向相反的三档量表,在 75 个社会上爬出同一条坡**:1.31 → 1.66 → 2.33,ρ = +0.470 [+0",0,0,1,0
README_zh.md,309298,**86%,"** —— 那个数是**行数**,而行里包含编码为空的那些。作为对照,堕胎题组是 **0.437** —— 那已经是这具仪器所能提供的、最接近「同一道题问两遍」的东西。所以**一个人对某种性实践的严厉,确实预测他对其他几种的严厉**,达到近重复题组一致性的约 **86%**,而且这个数字在 51 年里没有移动(斜率 −0.001/年,分辨率 0.002)`[#534「三个单位,三个答案」]`。⚠ 参照题多为二值,而性题是四级,二值对之间的相关会被",0,0,0,0
README_zh.md,309486,**13%,"位,三个答案」]`。⚠ 参照题多为二值,而性题是四级,二值对之间的相关会被机械地压低。把性题**降成二值**去匹配格式,余量落到严切点下的 **+0.238**、宽切点下的 **+0.151**,而参照的年间散度只有 0.036 —— 所以量表长度解释掉其中 **13% 到 45%**,诚实的数字是一个区间:**+0.15 到 +0.27** `[#535「格式解释掉一部分,不是全部」]`。最便宜的那个检查定了方向:堕胎题组**本身就是二值**,",0,0,1,0
README_zh.md,309494,45%,"`。⚠ 参照题多为二值,而性题是四级,二值对之间的相关会被机械地压低。把性题**降成二值**去匹配格式,余量落到严切点下的 **+0.238**、宽切点下的 **+0.151**,而参照的年间散度只有 0.036 —— 所以量表长度解释掉其中 **13% 到 45%**,诚实的数字是一个区间:**+0.15 到 +0.27** `[#535「格式解释掉一部分,不是全部」]`。最便宜的那个检查定了方向:堕胎题组**本身就是二值**,却仍达到 *",0,0,1,0
README_zh.md,310061,**41%,"在同一段时间里一起动**,并把噪声结构配平使比较公平,得到的是 **+0.24**;而人群的两半回答**同一道题**时是 **+0.585**,把年份打乱后的安慰剂带则高达 **0.436** `[#532「一件一件松开」]`。所以跨题的移动大约是同题移动的 **41%**,并且**在这个分辨率下无法与噪声分开** —— 诚实的说法是一个比值加一个界限,不是一个零。⚠ 那个 41% 说的是**相邻两次调查**之间的移动,而**区间是重要的**:把",0,0,1,0
README_zh.md,310120,41%,"是 **+0.585**,把年份打乱后的安慰剂带则高达 **0.436** `[#532「一件一件松开」]`。所以跨题的移动大约是同题移动的 **41%**,并且**在这个分辨率下无法与噪声分开** —— 诚实的说法是一个比值加一个界限,不是一个零。⚠ 那个 41% 说的是**相邻两次调查**之间的移动,而**区间是重要的**:把窗口拉宽到 6 年、12 年、18 年,比值升到 0.44、0.52、0.76。这看起来像信号从噪声里长出来,而它",0,0,1,0
README_zh.md,313282,83%,"**悄无声息地把答案反过来**。这不是一个假设:在这个检查存在之前,它已经让本项目撤回过一个结果。把这个检查扫过两份全国调查里每一个带标签的变量之后,发现在其中一份里它**是常态而不是例外**:**NSFG 里标签以「Whether」或「Ever」开头的变量,83% 编码为 1 与 5,而不是 0 与 1**(另一份调查里有 54 个这样的变量,其中 11%)。一条预注册的规则写着:任何来源只要超过 5%,本项目从它取用过的每一个变量都必须重",0,0,0,0
README_zh.md,313329,11%,"果。把这个检查扫过两份全国调查里每一个带标签的变量之后,发现在其中一份里它**是常态而不是例外**:**NSFG 里标签以「Whether」或「Ever」开头的变量,83% 编码为 1 与 5,而不是 0 与 1**(另一份调查里有 54 个这样的变量,其中 11%)。一条预注册的规则写着:任何来源只要超过 5%,本项目从它取用过的每一个变量都必须重查 —— 两份都触发了,重查跑了,结果是**没有新的读错**:那两个受影响的变量此前已被显式映",0,0,0,0
README_zh.md,313354,5%,"之后,发现在其中一份里它**是常态而不是例外**:**NSFG 里标签以「Whether」或「Ever」开头的变量,83% 编码为 1 与 5,而不是 0 与 1**(另一份调查里有 54 个这样的变量,其中 11%)。一条预注册的规则写着:任何来源只要超过 5%,本项目从它取用过的每一个变量都必须重查 —— 两份都触发了,重查跑了,结果是**没有新的读错**:那两个受影响的变量此前已被显式映射,并有一道基础率断言看着 `[#548「触发了",0,0,0,0
README_zh.md,313472,73%,"写着:任何来源只要超过 5%,本项目从它取用过的每一个变量都必须重查 —— 两份都触发了,重查跑了,结果是**没有新的读错**:那两个受影响的变量此前已被显式映射,并有一道基础率断言看着 `[#548「触发了,而重查是干净的」]`。⚠ 这个检查的第一版报的是 73%,而去看那些被标记的列,大多是**题干里恰好含有 「has」这个词**的五级题。**一个由未测过特异度的仪器点着的触发器,不是一个触发器。** 而抓住这一切的那道守卫 —— **打",1,0,0,0
README_zh.md,314062,49%," 走到这一步要先发现:压缩包里那个文件的名字**末尾带一个空格** —— 那正是此前每一次按扩展名去找它都悄无声息地一无所获的原因。而**不需要码本就能说出来**的是**形状**,单遍扫过文件就有了:**433,323 名受访者、350 列,而中位的那一列是 49% 空的**。有 112 列空了九成以上,其中 **8 列是完全空的** —— 列在文件里,一个值也没有 `[#551「列在文件里,一个值也没有」]`。这里面大部分几乎肯定是那份调查",1,0,0,0
README_zh.md,316774,93%,"那份调查**上关掉了:NSFG 里两组**同为五级**,所以可以**一起**降成是/否。这样做之后,严切点下的差是 **+0.264**,宽切点下是 **+0.271**,而两边都留在五级时是 **+0.285** —— **把格式弄成完全一样之后,它保留了 93% 与 95%** `[#580「格式不是解释」]`。再**故意**把不对称按相反方向装回去,它移到 **+0.201** —— 那就是格式值多少:**约 0.07,而它解释不掉这个",0,0,0,0
README_zh.md,316780,95%,"上关掉了:NSFG 里两组**同为五级**,所以可以**一起**降成是/否。这样做之后,严切点下的差是 **+0.264**,宽切点下是 **+0.271**,而两边都留在五级时是 **+0.285** —— **把格式弄成完全一样之后,它保留了 93% 与 95%** `[#580「格式不是解释」]`。再**故意**把不对称按相反方向装回去,它移到 **+0.201** —— 那就是格式值多少:**约 0.07,而它解释不掉这个发现。**⚠",0,0,0,0
README_zh.md,317649,14%,"所谓「分辨率远低于」其实是 1.4 倍的系数)、一条缩了(就是这一条)、一条**方向是反的** —— 一句「重叠窗口会抬高噪声带」的警告,实际上它把噪声带**压低**了,0.46 对 0.76 —— 还有一条站住了:把五级题降成是/否,代价约为**内部信度的 14%**,所以先前那句「保留 93%」不需要打折 `[#585「四堵墙,只有一堵是它自己说的那样」]`。⚠ 而拿到那个数之前,得先发现家庭那几道题里**有三道是反着问的** —— *没",0,1,0,1
README_zh.md,317665,93%,"4 倍的系数)、一条缩了(就是这一条)、一条**方向是反的** —— 一句「重叠窗口会抬高噪声带」的警告,实际上它把噪声带**压低**了,0.46 对 0.76 —— 还有一条站住了:把五级题降成是/否,代价约为**内部信度的 14%**,所以先前那句「保留 93%」不需要打折 `[#585「四堵墙,只有一堵是它自己说的那样」]`。⚠ 而拿到那个数之前,得先发现家庭那几道题里**有三道是反着问的** —— *没有孩子的人不可能真正幸福*、*年",0,1,0,1
README_zh.md,319167,**12%,"**0.19 到 0.26**,而这个数字**对「问的是哪个其他问题」惊人地不敏感**。关于性的判断是这些调查里最紧的那一团;**它们并没有格外接通其余的部分。**⚠ 随后用两个「会让它变得无趣」的解释去攻那个常数:扣掉**她自称有多自由或多保守**,解释掉 **12%**;扣掉**她挑量表两端的习惯**,解释掉 **28%**;两个都扣掉之后,那条连线仍然站在 **0.15 到 0.21**,而安慰剂只有 0.008 `[#591「两个解释都不",0,0,0,0
README_zh.md,319195,**28%,"哪个其他问题」惊人地不敏感**。关于性的判断是这些调查里最紧的那一团;**它们并没有格外接通其余的部分。**⚠ 随后用两个「会让它变得无趣」的解释去攻那个常数:扣掉**她自称有多自由或多保守**,解释掉 **12%**;扣掉**她挑量表两端的习惯**,解释掉 **28%**;两个都扣掉之后,那条连线仍然站在 **0.15 到 0.21**,而安慰剂只有 0.008 `[#591「两个解释都不够」]`。**所以在减去她的政治立场和她的作答习惯之后,",0,0,0,0
README_zh.md,319483,**15.7%,"**⚠ 政治自评本身就是一种可能由这些态度**产生**的意见,所以扣掉它也许扣掉了一部分**要被解释的东西**;这一点在这里排除不了。⚠ 随后又问了它两个问题,而第二个改变了它**是一种什么东西**。**它不是被一两道题扛着的**:去掉任何一道题,它最多移动 **15.7%**,去掉任何一道对照题最多 6.1%。**而它也不是一个常数** —— 在五十二年里,这条连线从 **1972 年的 0.227 升到 2024 年的 0.301**,斜率越过了",0,0,0,0
README_zh.md,319505,6.1%,"*产生**的意见,所以扣掉它也许扣掉了一部分**要被解释的东西**;这一点在这里排除不了。⚠ 随后又问了它两个问题,而第二个改变了它**是一种什么东西**。**它不是被一两道题扛着的**:去掉任何一道题,它最多移动 **15.7%**,去掉任何一道对照题最多 6.1%。**而它也不是一个常数** —— 在五十二年里,这条连线从 **1972 年的 0.227 升到 2024 年的 0.301**,斜率越过了它自己的分辨率 `[#592「它不是常",0,0,0,0
README_zh.md,319702,15%,"**,斜率越过了它自己的分辨率 `[#592「它不是常数,它在长大」]`。**所以在半个世纪里,一个人怎么判断性,越来越能预测她怎么判断死刑、大麻和堕胎。**道德空间并不是形状不变、只有意见在里面移动;**它是围着这一个点收紧了。**⚠ 那条斜率只越过分辨率 15%,而各题可用的年份数并不相同,所以**方向是发现,速率不是**。⚠ 再问那个收紧是**世代换了人**还是**人随年龄变**,答案是**两个边际都在动,而这个设计无法在它们之间做选择",0,0,0,0
README_zh.md,319899,1%,"是**两个边际都在动,而这个设计无法在它们之间做选择**:在同一个出生队列内部,这条线随年龄上升 **+0.0019/岁**;在同一个年龄段内部,它随出生年上升 **+0.0016/出生年**,各自都越过了自己的分辨率;而把出生年打乱之后,后者塌到只剩自己的 1% `[#593「两个方向都动,而它们不可分」]`。⚠ 这不是一个「再多些数据就能补上」的缺口:**年龄加出生年就是调查年**,所以三者在一次横断面里**永远分不开**,而这份调查里",1,0,0,0
README_zh.md,320612,95%,"看见没有」。** 一个社会打不打自己的孩子、打得多重 —— 隔了二十年,两个互不相干的编码团队从民族志里读出来的是同一个答案:Barry 1977 编的「晚童年男孩的体罚」对上 Lang 1998 编的同一个构念,秩相关 **+0.6301**(n = 60,95% CI [+0.4768, +0.7550]),而 `#528` 量出的**跨团队**变量对的中位只有 **0.105** —— 这一对是它的 **6 倍**。所以「这个社会打不打",0,0,1,0
README_zh.md,321370,95%,"陷,我这一次仍然把地板写在了联合 n 上 `[#639「换个团队隔二十年还是同一个答案,而我的地板又一次写错了格」]`。 ⚠ **而这条断言在页上挂了二十一轮没有零,现在补上了:把 Lang 1998 的那一列在社会之间打乱(保住它的边际,只毁掉配对),零的 95% 分位是 **0.2600**,效应是它的 **2.42 倍**。所以「换一批人来读还是同一个数」不是配对本身的规模造成的假象。**它站得住。** ⚠ 补零的过程里掉出来一件我没在",1,1,0,0
README_zh.md,321663,8%,"8 —— 同方向、系统性,不是噪声。改用生 Spearman 后差 0.0000 / 0.0000。⇒ `#639` 当年报的是生 Spearman,不是归一。** 这一对的天花板只有 **0.93**(11 档对 3 档,配不满),所以两种约定在这一行相差 8%。**页上带 ρ 的行有 19 处,明说了「天花板归一」的只有 2 处** —— 也就是说,这一页上跨行比较 ρ 的时候,我没有保证在比同一个量。**这不是这一行的错,是这一页的可",0,0,0,0
README_zh.md,323233,95%,"*另一个团队**,所以笔迹与同句伪影都被结构性排除 —— 四格分别是 **+0.2458 / +0.2292 / +0.2194 / +0.2045**(n = 57–62),中位 **+0.2243**。**被分辨出来的那一条是:这不是同一件事。** 四格 95% 区间的上界最高只到 **+0.4401**,全部低于 0.60,离 +0.8392 还差一半。⚠ **而没被分辨出来的那一条,我一开始写错了判据。** 我把阶梯切在 0.210(",0,0,1,0
README_zh.md,324301,95%,"ry1977agents` 把**同样四个对象**编在了**十种管教手段**上,所以这可以量。取五把极性确定的尺(体罚由第十六件从数据内部定;以身作则、讲课、放任、疼爱的码本自带语言锚),**换对象的中位是 +0.8451,换手段的中位是 +0.2288**(95% 区间 [+0.1317, +0.2934]),**差 +0.6164**。**光环世界本来可以赢,它输了。**⚠ 而有一个**码本给出的方向性预测**在跑之前就写死了,作为免费的",0,0,1,0
README_zh.md,325093,95%,"我在这里量过的一切都不相关 —— 而它自己测得极稳。** 第十八件顺手量到以身作则几乎不站队,本轮专门去追它。以身作则对其余四种管教手段的 |ρ| 中位是 **+0.0450**,而那四种**彼此之间**是 **+0.3536**,**差 +0.3087**(95% 区间 [+0.1525, +0.3650],**不含零**);把每个变量都按分位裁成同样 6 档以排除量程,差仍有 **+0.2421** —— **量程只解释 0.067。**",0,0,1,0
README_zh.md,327606,**188%,"= +0.1052,而同格式的性道德四题是 **+0.3579**;A − B 的区间不含零。**但两个控制都失败了**:A 的六对之间极差 **0.5281**(判据要求 < 0.30),安慰剂(pol 合成 × 出生年)= **0.1501**,是效应的 **188%** —— **所以这是 UNVERIFIED,而一个没通过自检的仪器,它的区间说明不了任何事。** ⚠ **而控制为什么失败,才是这一轮真正的产出**:四道警察题是**二值**(",0,1,1,0
README_zh.md,327986,−124%," +0.0797 变成 **+0.3553**,而性道德四题是 **+0.3579** —— **两块题几乎相同,「警察四题不聚合」整个是偏斜边际造的伪影。** ⚠ **但归一化是看到失败之后才做的,而那条天花板公式只对正方向成立**(有一对是负的,占比算出 −124%,是公式伪影不是超天花板)——**所以它是诊断,不是结果,要用必须预注册重跑。** ⚠ 而这件事回头限制了「跨单位复制」这个想法本身:社会那边的 **+0.8451** 是在 **",1,0,0,0
README_zh.md,329027,44%,"四题的内聚是 **+0.5273**,而这一页一直引的生数是 +0.3579。**这不撤回任何东西**(同格式内部的比较与比值都不受影响),**但它改变「0.35 是个中等相关」这句话的意思:对着一个 0.79 的天花板,+0.35 是数据所能显示的一切里的 44%** `[#647「方法是好的,是那四道题撑不住它 —— 而顺手量出连四档题的天花板也远低于一」]`。  - **第二十四件,而它是我下注下反了的一次:纯洁不只是五个道德域里最紧的",0,0,0,0
README_zh.md,329477,95%,"**,归一后 **PURITY 0.5392 > AUTHORITY 0.3371 > HARM 0.3311 > FAIRNESS 0.3243 > INGROUP 0.2522**,**排序不变**,而领先从 **+0.1748 变成 +0.2021**,95% 区间 **[+0.1802, +0.2226]** —— **生的那个数落在区间下界之外,所以「被低估」是被分辨出来的,不是看起来像。** 控制:未归一的五个值复现到 **0.0",0,0,1,0
README_zh.md,329612,9%,"间 **[+0.1802, +0.2226]** —— **生的那个数落在区间下界之外,所以「被低估」是被分辨出来的,不是看起来像。** 控制:未归一的五个值复现到 **0.0008**;打乱域指派后的归一「域内 − 跨域」是 **+0.0191**,效应的 9%(而那道零**保留全部边际因而保留天花板**,所以天花板本身不造这个差);一千次重抽里纯洁排第一的比例是 **1.000**。⚠ **而 G4 有一格不同意,一起发**:换 Ken",1,1,1,0
README_zh.md,333799,95%,"一条上一轮欠的零现在补上了,补出来的不是一个确认,是一条腿软了。** 零的问法是:**在同一份问卷的题池里随便抽同样多的题,最弱一环能到多少?** —— 保住仪器,只把「谁跟谁同域」的指派打散。GSS 那八道题(警察四 + 性四)全枚举 69 个混合块,零的 95% 分位只有 **0.0551**,而性四题是 **0.416** ——**7.55 倍,硬。** MFQ 三十道题里随机抽六道,零 **0.0162**,纯洁是 **0.3354*",0,0,0,0
README_zh.md,333945,95%,"1**,而性四题是 **0.416** ——**7.55 倍,硬。** MFQ 三十道题里随机抽六道,零 **0.0162**,纯洁是 **0.3354** —— **20.67 倍,更硬。**⚠ **而 NSFG 那条腿:同池全枚举 119 个三题块,零的 95% 分位是 0.3124,实测 0.3456 —— 只有 1.11 倍。**按我跑之前写死的判据(零 ≥ 实测则撤回),它**没被撤回**;但 1.11 倍的意思是:**在那份问卷里",0,0,0,0
README_zh.md,334174,95%,",挤成这么紧的事并不罕见。** 所以「性是一块在两具仪器上都成立」这句话要改成:**在 GSS 上硬,在 NSFG 上贴着零。**⚠ **而为什么贴着零,是这一轮真正问出来的东西 —— 不是 NSFG 特别差,是那个统计量随块大小走。** 同一个十题池,零的 95% 分位:**k=3 → 0.3148 · k=4 → 0.3015 · k=5 → 0.1969 · k=6 → 0.1029**,单调下降。**最弱一环是 min over C(",0,0,0,0
README_zh.md,334953,95%,"· 讲课 · 体罚 · 放任 · 疼爱,各自施于早/晚期的男孩与女孩),所以它自带一个免费的对照:`#653` 判「团」的五块是**同一手段施于四个对象**,而**同一个对象受四种手段**同样是四个变量,同样出自同一支笔。**全枚举 4,840 个块**当零(95% 分位 0.2504),两种分组差得不像同一个数据:**同手段 × 四对象 = +0.645 … +0.896(2.6–3.6 倍);同对象 × 四手段的中位是 −0.0138 —",0,0,0,0
README_zh.md,335742,99%,"MFQ·公平 2.08× → 1.05×(贴着零)· NSFG·性三题 1.11× → 0.96×(落进自己的零)。**⚠ **所以这一页第一条跨仪器复制,只剩一条腿。** 「性是一块」在 GSS 上两种约定都硬(4.56–7.25×,且两种约定下都越过零的 99% 分位),**而 NSFG 那三道题在严的那种约定下与随机抽三道题无法分辨。** ⚠ **而「为什么不一致」后来被拆开了,答案不在人身上。** 把两具都对齐到 **k=3**:**",0,0,0,0
README_zh.md,335972,84%," GSS 0.4154 对 NSFG 0.3452 —— 分子只差 1.20 倍;而两边的零是 0.1369 对 0.3587 —— 分母差 2.62 倍。**1.20 × 2.62 = 3.15,正好是 3.03× 对 0.96× 那个缺口。**⇒ 缺口的 84% 来自分母,16% 来自分子。**而分母是**同一份问卷里其余那些题**决定的:GSS 的池是性四 + **警察四**(二值、彼此为负),NSFG 的池是性三 + **家庭七**(",0,0,0,0
README_zh.md,335981,16%,"54 对 NSFG 0.3452 —— 分子只差 1.20 倍;而两边的零是 0.1369 对 0.3587 —— 分母差 2.62 倍。**1.20 × 2.62 = 3.15,正好是 3.03× 对 0.96× 那个缺口。**⇒ 缺口的 84% 来自分母,16% 来自分子。**而分母是**同一份问卷里其余那些题**决定的:GSS 的池是性四 + **警察四**(二值、彼此为负),NSFG 的池是性三 + **家庭七**(彼此更成套)—— ",0,0,0,0
README_zh.md,336348,100%,"个统计量,**只换陪衬域**:对警察四是 **4.56×**,对支出四 2.51×,对性别角色三 1.51×,对自杀四 0.99×,**对堕胎四是 0.93×** —— **max/min = 4.90,而实测的最弱一环五次逐位相同(0.4154)。整个展布 100% 在分母上。**⇒ **「一个人有一套性道德」站得住(0.4154 是真的紧);而「它比别的道德态度更是一块」站不住 —— 后者是我拿警察题当背景造出来的。** ⚠ 顺手掉出来的那",0,0,0,0
README_zh.md,336973,88%,".468(性三)与 0.425(同居四)是真的紧;而同池同 k 的零是 0.376 与 0.411** ⇒ **1.24× 与 1.03×**,严规格下 **1.13× 与 0.98×**,**两块都几乎贴着自己的零**(裁决 UNVERIFIED,零占效应 88%;安慰剂打乱行后两块回到 +0.0015 / −0.0007)。⚠ 而原来那个 **1.10 倍是两个观测量相除** —— `realstat` 与 `#716` 都记过:**一个",1,1,0,0
README_zh.md,338412,−28.5%,"也只相关 0.30,最强的也只有 0.55。它们共享一些真实的东西,但不是一件事。** ⚠⚠ **而下一轮把这个 0.30 的方向也定了,而它是往上的。** 在一个真值已知的合成世界里(4 档、27 格、每格 200 次),四种估计量的中位相对偏差是 **生 −28.5% · 只归一 −22.2% · 只衰减 −16.6% · 复合 −9.5%** —— **全都低估**,而两者的改善近似可加 ⇒ **天花板归一与衰减校正修的不是同一件事,可以复合",0,0,0,0
README_zh.md,338425,−22.2%,"也只有 0.55。它们共享一些真实的东西,但不是一件事。** ⚠⚠ **而下一轮把这个 0.30 的方向也定了,而它是往上的。** 在一个真值已知的合成世界里(4 档、27 格、每格 200 次),四种估计量的中位相对偏差是 **生 −28.5% · 只归一 −22.2% · 只衰减 −16.6% · 复合 −9.5%** —— **全都低估**,而两者的改善近似可加 ⇒ **天花板归一与衰减校正修的不是同一件事,可以复合**;**即使复合仍低估 ",0,0,0,0
README_zh.md,338438,−16.6%,"一些真实的东西,但不是一件事。** ⚠⚠ **而下一轮把这个 0.30 的方向也定了,而它是往上的。** 在一个真值已知的合成世界里(4 档、27 格、每格 200 次),四种估计量的中位相对偏差是 **生 −28.5% · 只归一 −22.2% · 只衰减 −16.6% · 复合 −9.5%** —— **全都低估**,而两者的改善近似可加 ⇒ **天花板归一与衰减校正修的不是同一件事,可以复合**;**即使复合仍低估 9.5%,因为 4 档离散",0,0,0,0
README_zh.md,338450,−9.5%,"件事。** ⚠⚠ **而下一轮把这个 0.30 的方向也定了,而它是往上的。** 在一个真值已知的合成世界里(4 档、27 格、每格 200 次),四种估计量的中位相对偏差是 **生 −28.5% · 只归一 −22.2% · 只衰减 −16.6% · 复合 −9.5%** —— **全都低估**,而两者的改善近似可加 ⇒ **天花板归一与衰减校正修的不是同一件事,可以复合**;**即使复合仍低估 9.5%,因为 4 档离散化本身衰减 12–13",0,0,0,0
README_zh.md,338521,9.5%,"次),四种估计量的中位相对偏差是 **生 −28.5% · 只归一 −22.2% · 只衰减 −16.6% · 复合 −9.5%** —— **全都低估**,而两者的改善近似可加 ⇒ **天花板归一与衰减校正修的不是同一件事,可以复合**;**即使复合仍低估 9.5%,因为 4 档离散化本身衰减 12–13%,没有一个估计量修它**(Entry 736)。⇒ **所以上面那个 0.3002 是一个下界,latent 的真值更高些;而它离 0.5",0,0,0,0
README_zh.md,338543,13%,"28.5% · 只归一 −22.2% · 只衰减 −16.6% · 复合 −9.5%** —— **全都低估**,而两者的改善近似可加 ⇒ **天花板归一与衰减校正修的不是同一件事,可以复合**;**即使复合仍低估 9.5%,因为 4 档离散化本身衰减 12–13%,没有一个估计量修它**(Entry 736)。⇒ **所以上面那个 0.3002 是一个下界,latent 的真值更高些;而它离 0.50 仍有距离,「不是一件事」这个判决不变。",0,0,0,0
README_zh.md,339647,2%," [0.724, 0.877, 1.083],2024 年是 [−0.345, −0.26, −0.09]),**让潜相关全程恒定,只让切点按真实边际走**。结果:**`premarsx × homosex` 只涨 +0.0056,占实测 +0.2703 的 2%**;把 ρ 换成 2024 年的实测值(最宽松的设定)也只有 17%。④ 正对照:**切点固定时合成 36 年只动 −0.0020**,所以模拟本身不造趋势。⚠ **而让这条控制",1,0,1,0
README_zh.md,339681,17%,".345, −0.26, −0.09]),**让潜相关全程恒定,只让切点按真实边际走**。结果:**`premarsx × homosex` 只涨 +0.0056,占实测 +0.2703 的 2%**;把 ρ 换成 2024 年的实测值(最宽松的设定)也只有 17%。④ 正对照:**切点固定时合成 36 年只动 −0.0020**,所以模拟本身不造趋势。⚠ **而让这条控制可信的是它在别处开火了**:同一套模拟解释了 `xmarsex×tee",1,0,0,0
README_zh.md,339782,**86%,"把 ρ 换成 2024 年的实测值(最宽松的设定)也只有 17%。④ 正对照:**切点固定时合成 36 年只动 −0.0020**,所以模拟本身不造趋势。⚠ **而让这条控制可信的是它在别处开火了**:同一套模拟解释了 `xmarsex×teensex` 的 **86%**、`xmarsex×homosex` 的 64%、`homosex×teensex` 的 60% —— **三个小的几乎全是限幅,唯一大的那个几乎全是真的。** ⇒ **那对融",0,0,0,0
README_zh.md,339810,64%," 17%。④ 正对照:**切点固定时合成 36 年只动 −0.0020**,所以模拟本身不造趋势。⚠ **而让这条控制可信的是它在别处开火了**:同一套模拟解释了 `xmarsex×teensex` 的 **86%**、`xmarsex×homosex` 的 64%、`homosex×teensex` 的 60% —— **三个小的几乎全是限幅,唯一大的那个几乎全是真的。** ⇒ **那对融合是关于人的,不是关于刻度的。** `[#739「限",0,0,0,0
README_zh.md,339834,60%,"年只动 −0.0020**,所以模拟本身不造趋势。⚠ **而让这条控制可信的是它在别处开火了**:同一套模拟解释了 `xmarsex×teensex` 的 **86%**、`xmarsex×homosex` 的 64%、`homosex×teensex` 的 60% —— **三个小的几乎全是限幅,唯一大的那个几乎全是真的。** ⇒ **那对融合是关于人的,不是关于刻度的。** `[#739「限幅解释了三个小的,唯一大的那个它解释不了」]` ",0,0,0,0
README_zh.md,340171,113%,"*四个过地板的世代无一例外地上升** —— 1929–45 **+0.142/36年** · 婴儿潮 **+0.273** · X **+0.212** · 千禧 **+0.314**;按 n 加权的**世代内合并斜率是 +0.2418/36年,等于总斜率的 113%** ⇒ **人群构成的变化贡献 −13%,不但不是主因,还轻微地反着来。** ④ 正对照:世代内的**水平**也在升(+0.0180/年),而在世代内打乱年份后回到 [−0.00",0,1,1,0
README_zh.md,340192,−13%," 1929–45 **+0.142/36年** · 婴儿潮 **+0.273** · X **+0.212** · 千禧 **+0.314**;按 n 加权的**世代内合并斜率是 +0.2418/36年,等于总斜率的 113%** ⇒ **人群构成的变化贡献 −13%,不但不是主因,还轻微地反着来。** ④ 正对照:世代内的**水平**也在升(+0.0180/年),而在世代内打乱年份后回到 [−0.0026, +0.0028],**所以这具设计",0,1,1,0
README_zh.md,340692,95%,"线。** 所以 `#740` 量到的按构造是「年代 + 年龄」的合体,那句话也可能是「人老了之后才把这两件事连起来」。⇒ 换一把刀:**固定年龄段(25–39 / 40–54 / 55–69),让世代随年份变**。结果 **+0.00640 = 世代内斜率的 95%**,三段一致(+0.0069 / +0.0054 / +0.0069),零(年龄段内打乱年份)是 [−0.00082, +0.00079] —— **在它之外 8.1 倍。** ",0,0,1,0
README_zh.md,340858,91%,"69),零(年龄段内打乱年份)是 [−0.00082, +0.00079] —— **在它之外 8.1 倍。** ⚠ 而**安慰剂**防的正是本轮自己的陷阱:分层会减 n、n 减了斜率会因噪声缩水。按**性别**分层(同样的粒度)给 **+0.00610 = 91%** ⇒ **分层本身只花掉约 9%,年龄再花 5%。** ⇒ **纯年龄被排除。** ⚠ 教育那一条也问了(`#676` 已证教育本身产生同一个融合):**教育三分位内 +0.0",0,0,1,0
README_zh.md,340877,9%,"0.00082, +0.00079] —— **在它之外 8.1 倍。** ⚠ 而**安慰剂**防的正是本轮自己的陷阱:分层会减 n、n 减了斜率会因噪声缩水。按**性别**分层(同样的粒度)给 **+0.00610 = 91%** ⇒ **分层本身只花掉约 9%,年龄再花 5%。** ⇒ **纯年龄被排除。** ⚠ 教育那一条也问了(`#676` 已证教育本身产生同一个融合):**教育三分位内 +0.00521 = 77%**,三层全在动",0,0,0,0
README_zh.md,340885,5%," +0.00079] —— **在它之外 8.1 倍。** ⚠ 而**安慰剂**防的正是本轮自己的陷阱:分层会减 n、n 减了斜率会因噪声缩水。按**性别**分层(同样的粒度)给 **+0.00610 = 91%** ⇒ **分层本身只花掉约 9%,年龄再花 5%。** ⇒ **纯年龄被排除。** ⚠ 教育那一条也问了(`#676` 已证教育本身产生同一个融合):**教育三分位内 +0.00521 = 77%**,三层全在动 ⇒ **教育最",0,0,0,0
README_zh.md,340958,77%,"**性别**分层(同样的粒度)给 **+0.00610 = 91%** ⇒ **分层本身只花掉约 9%,年龄再花 5%。** ⇒ **纯年龄被排除。** ⚠ 教育那一条也问了(`#676` 已证教育本身产生同一个融合):**教育三分位内 +0.00521 = 77%**,三层全在动 ⇒ **教育最多解释四分之一。** ⚠ 而两个双重分层 **(年龄×教育)0/9 格、(世代×教育)1/18 格过地板 ⇒ 判不了** —— **那个 0 是沉默",0,0,0,0
README_zh.md,341506,−7%,"所以不存在「这几十年里什么都在靠拢」这回事**, > 而 `premarsx × homosex` 的 +0.00672 **在 253 对里排第 2**。 > `homosex` 与 **19 个非性题**的中位是 **−0.00025**(占性题那一侧的 −7%);逐族看: > **堕胎 −0.00445 · 支出 −0.00220 · 警察 0.00000 · 自杀 +0.00033 · 性别角色 +0.00175**。 > ⚠ **若",1,0,0,0
README_zh.md,341873,99%,"轮,下一轮被我自己推翻了。** 把三对**天花板归一**之后: > **`premarsx×homosex` +0.00581 · `xmarsex×homosex` +0.00574 · `teensex×homosex` +0.00688 —— 几乎相同(99%)。** > 而 `xmarsex×homosex` 的天花板在同期从 **0.947 掉到 0.558** —— **那 +0.00075 是天花板说的,不是人说的。** > ⇒",0,0,0,0
README_zh.md,342052,64%," 0.558** —— **那 +0.00075 是天花板说的,不是人说的。** > ⇒ **三个性题全都加入了,而且速率几乎一样。「出轨没加入」撤回。** > ⚠ 而最该记住的是:**`#739` 早就量出 `xmarsex×homosex` 的伪影份额是 64%** —— > **我手里已经有那个数,却在下一轮拿生斜率写了一句实质结论。用了自己的控制,又无视了它的输出** `[#742「「出轨没加入」是天花板说的,而那个数我上一轮就有了」",0,1,0,1
README_zh.md,343331,84%,";几乎不去的那一群,他们的两个判断从头到尾就没有连得更紧。** ⚠ 而这句话说的是**耦合**,不是**宽容度** —— 两群人对同性恋都变宽容了,不同的是这个判断有没有跟「婚前性」挂上钩。⚠ 安慰剂防的是本轮自己的陷阱:随机三分组给 +0.00563(总的 84%)⇒ **分层本身只花 16%,而按礼拜频率分花 36%,差是真的。** ⛔ ~~一处解读:几乎不去教堂的人 1988 年 `premarsx` 已接近顶,性道德在他们那里不再是一",0,1,0,1
README_zh.md,343346,16%,"判断从头到尾就没有连得更紧。** ⚠ 而这句话说的是**耦合**,不是**宽容度** —— 两群人对同性恋都变宽容了,不同的是这个判断有没有跟「婚前性」挂上钩。⚠ 安慰剂防的是本轮自己的陷阱:随机三分组给 +0.00563(总的 84%)⇒ **分层本身只花 16%,而按礼拜频率分花 36%,差是真的。** ⛔ ~~一处解读:几乎不去教堂的人 1988 年 `premarsx` 已接近顶,性道德在他们那里不再是一个需要重新归类的系统。~~ *",0,1,0,1
README_zh.md,343359,36%,"。** ⚠ 而这句话说的是**耦合**,不是**宽容度** —— 两群人对同性恋都变宽容了,不同的是这个判断有没有跟「婚前性」挂上钩。⚠ 安慰剂防的是本轮自己的陷阱:随机三分组给 +0.00563(总的 84%)⇒ **分层本身只花 16%,而按礼拜频率分花 36%,差是真的。** ⛔ ~~一处解读:几乎不去教堂的人 1988 年 `premarsx` 已接近顶,性道德在他们那里不再是一个需要重新归类的系统。~~ **下一轮把它当成可测的东西",0,1,0,1
README_zh.md,344998,95%,"该被削弱的人群上反而最强。**⚠ **而这一轮第一版的结论是错的,是我自己的零造的**:排除规则写的是两个 **k=4** 的集合,而 k=3 的块永远不等于一个 k=4 的集合 ⇒ **一个都没排除**,8 题池里那 4 个全性题三元组留在了零里,**零的 95% 分位取到的正是其中一个** —— 症状是逐位相同的「最弱一环 == 零的 95% 分位」,四格全是 1.00×。改成「任何整块落在同一真域内的都排除」之后,才有上面这些数 `[#",0,0,0,0
README_zh.md,345039,95%,"**:排除规则写的是两个 **k=4** 的集合,而 k=3 的块永远不等于一个 k=4 的集合 ⇒ **一个都没排除**,8 题池里那 4 个全性题三元组留在了零里,**零的 95% 分位取到的正是其中一个** —— 症状是逐位相同的「最弱一环 == 零的 95% 分位」,四格全是 1.00×。改成「任何整块落在同一真域内的都排除」之后,才有上面这些数 `[#730「两具仪器的分歧,84% 在分母,而分母是问卷的性质」]`。⚠ **而没有动",0,0,0,0
README_zh.md,345103,84%,"题池里那 4 个全性题三元组留在了零里,**零的 95% 分位取到的正是其中一个** —— 症状是逐位相同的「最弱一环 == 零的 95% 分位」,四格全是 1.00×。改成「任何整块落在同一真域内的都排除」之后,才有上面这些数 `[#730「两具仪器的分歧,84% 在分母,而分母是问卷的性质」]`。⚠ **而没有动的那一样,正是我在 `#716` 里特意写成承重的那一样:排序。**纯洁 > 权威 > 内群 > 伤害 > 公平,两种约定下逐位",0,0,0,0
README_zh.md,347187,95%,"**(本人有没有过),共同 **17 个年份、20,408 人**,所以第一次可以在**年代**这个单位上问它。⚠ 主量是两条序列**一阶差分**的相关(差分而不是水平,因为第七件已经量过「看起来像共同气候的东西大半是一条共同趋势」):**−0.3413**,95% 区间 [−0.6373, −0.1221]。⚠ **但安慰剂失败了,而且很重**:拿**支持死刑**这条与性无关的道德序列做同样的差分,它与谴责婚外性的相关是 **+0.5697",1,0,1,0
README_zh.md,347290,167%,"的东西大半是一条共同趋势」):**−0.3413**,95% 区间 [−0.6373, −0.1221]。⚠ **但安慰剂失败了,而且很重**:拿**支持死刑**这条与性无关的道德序列做同样的差分,它与谴责婚外性的相关是 **+0.5697 —— 是主效应的 167%。** **两件道德上不相干的事,在去掉趋势之后仍然同步。** 所以 −0.3413 不可解释:这条序列带着一个大的**年份层共同成分**。⚠ 而序列自己指出了嫌疑人:说婚外性「总",1,1,1,0
README_zh.md,348100,95%,"不试第三次。** ⚠ **而这份调查带着一列标明作答方式的变量,并且 2022 与 2024 两种方式同年并存** —— 所以嫌疑人可以**直接量,不必推断**:2022 年面访 **0.7051** 对网络 **0.5951**(差 **+0.1099**,95% 区间 [+0.069, +0.151]);2024 年 **0.7917** 对 **0.6057**(差 **+0.1860**,[+0.146, +0.226])。**两年独",1,1,1,0
README_zh.md,348731,95%,"面访比网络高 11–19 个点,但那只有一道题;若机制是「在人前说不出口」,它应当在性题上大、在非性道德题上小。取 19 道题、两波、两种作答方式,第一遍看起来漂亮:性题中位差 **+0.0735**、非性 **−0.0074**,差 **+0.0809**(95% 区间 [+0.033, +0.155]),天花板归一版 **+0.1574**([+0.062, +0.226]),两版同号、都不含零,正对照复现到小数点后四位,安慰剂只有效应的",0,1,1,0
README_zh.md,348825,18%,"0735**、非性 **−0.0074**,差 **+0.0809**(95% 区间 [+0.033, +0.155]),天花板归一版 **+0.1574**([+0.062, +0.226]),两版同号、都不含零,正对照复现到小数点后四位,安慰剂只有效应的 18%。⚠ **然后自查:码 1 在不同题上不是同一个意思** —— 「婚前性总是错的」的 1 是**严厉**,「允许绝症者死去」的 1 是**宽容**。**取有符号中位,非性组内部互相",0,1,1,0
README_zh.md,348992,**95%,"前性总是错的」的 1 是**严厉**,「允许绝症者死去」的 1 是**宽容**。**取有符号中位,非性组内部互相抵消,而那是一个偏向我的偏差。** 改用绝对值重算:非性题的中位是 **+0.0378**(不是 −0.0074),差只剩 **+0.0357**,**95% 区间 [−0.020, +0.102] 含零**;归一版同样含零。**所以「性题特有」是符号抵消造出来的,而第三十三件降级为「一题的观察」。** ⚠ 网格里剩下一件**描述性的、",0,1,1,0
README_zh.md,349615,95%,"逐条写出来(性教育的码 1 是「赞成」= 宽容,色情法的码 1 是「对所有人非法」= 严厉),定向之后性题是 **10/12,同号率 0.833**,非性题 0.727。⚠ 按上一轮写死的混淆控制,把非性组重抽到同样 12 格:同号率中位 **0.750**,95% 区间 [0.583, 0.917],**性组的 0.833 落在第 76.6 百分位,经验 p = 0.2340。** ⚠ **而安慰剂直接把整轮判掉了**:把「性 / 非性」标",0,1,1,0
README_zh.md,349759,127%," 0.917],**性组的 0.833 落在第 76.6 百分位,经验 p = 0.2340。** ⚠ **而安慰剂直接把整轮判掉了**:把「性 / 非性」标签在 34 格上随机打乱,同号率差的中位是 **0.1061** —— **是实测 0.0833 的 127%,随机重贴标签造出的差比真实分组还大。** 正对照(定向后 `xmarsex` 仍为 +0.110 / +0.186)与 meta 检查(定向表整体取反,主量绝对值不变)都过了,*",0,1,0,1
README_zh.md,350263,95%,"点之后,一个真正的心理学问题从来没被问过:**说不出口的,是谁?**按年龄、性别、礼拜出席、政治立场分层,各层内各算一次方式效应,最大的层间梯度出现在**政治**:自由派 **+0.2274** 对保守派 **+0.0517**,梯度 **+0.1756**,95% 区间 [+0.097, +0.256],不含零。⚠ **但它死了两次,两次都是跑之前写死的。** ① **安慰剂**:同一套分层作用在**死刑**上,最大层间梯度是 **+0.1",0,1,1,0
README_zh.md,350367,69%,"*+0.0517**,梯度 **+0.1756**,95% 区间 [+0.097, +0.256],不含零。⚠ **但它死了两次,两次都是跑之前写死的。** ① **安慰剂**:同一套分层作用在**死刑**上,最大层间梯度是 **+0.1211 —— 效应的 69%**。**死刑本身没有方式效应,却有方式效应的梯度**,所以梯度不是性题特有的。② **而死穴也开火了**:梯度最高的那一层(自由派)**正是两种作答方式人口学构成差最大的那一层*",0,1,1,0
README_zh.md,350669,56%,"干净得刺眼:**礼拜出席是单调的** —— 几乎不 +0.1886 → 偶尔 +0.1121 → 常去 +0.0914 → 每周以上 +0.0498,**而且它不触发死穴**(构成差最大的是梯度最低那一层)。**但它自己的死刑梯度是 +0.0781,仍是它的 56%,过不了同一道安慰剂。** **一个漂亮的单调形状,不因为它漂亮就获得豁免** —— 记作描述,不作结论。⇒ **方式效应在那一道题上是真的,而它既不能被证明是性题特有的,也不能被",0,1,0,1
README_zh.md,350842,73%,"—— 记作描述,不作结论。⇒ **方式效应在那一道题上是真的,而它既不能被证明是性题特有的,也不能被归到特定的人身上。这条线到此关门** `[#663「死刑没有方式效应,却有方式效应的梯度」]`。  - **第三十七件,而它给这一页所有句子定了价:这里说的话,73% 只靠一种问法站着 —— 而我判它们「换不了仪器」时,第一次真去查,就查错了一条。** 从第 101 轮起,新轮次必须在两具仪器上问过才算闭合;**但这一页那批老声明从来没被这样问",1,1,0,0
README_zh.md,352029,95%,"那一列的最高码写着「强烈不赞成**且罕见**」——**码本身把谴责和稀有捆在一起**,拿它去和稀有度相关是定义上的必然,**剔除,单列。**⚠ 结果:同项目 **+0.7966**(n=97),换成 Murdock 的编码后 **+0.6725**(n=86,95% 区间 [+0.530, +0.801])——**掉了 0.124。** 正对照复现原值到 0.0034,安慰剂 0.0778(效应的 12%),而两个项目的谴责编码彼此只有 **",1,1,1,0
README_zh.md,352100,12%," 结果:同项目 **+0.7966**(n=97),换成 Murdock 的编码后 **+0.6725**(n=86,95% 区间 [+0.530, +0.801])——**掉了 0.124。** 正对照复现原值到 0.0034,安慰剂 0.0778(效应的 12%),而两个项目的谴责编码彼此只有 **+0.7064 < 0.90 ⇒ 它们是两次真正不同的编码,不是抄本。** **关键在比例**:这个库的典型笔迹效应是 2.14 倍,**而这",1,1,1,0
README_zh.md,352775,95%,"少见」),不像上一件剔掉的那个把「强烈不赞成**且罕见**」写进同一个码里的。⚠ **而码文干净不等于编码者没从规范里推,这一层可以直接测**:把他自己的态度码整个控制掉,他的频率码还能不能预测**另一个项目**的规范码?**能 —— 偏相关 +0.3094,95% 区间 [+0.093, +0.520],不含零**;而正对照(反过来,控制频率后态度仍预测规范)是 +0.3180,同样不含零 —— **两边都携带对方没有的信息。** 把控制变",0,1,1,0
README_zh.md,352910,4.2%,"间 [+0.093, +0.520],不含零**;而正对照(反过来,控制频率后态度仍预测规范)是 +0.3180,同样不含零 —— **两边都携带对方没有的信息。** 把控制变量换成与性无关的社会变量,主量只动 **0.0145,是真控制那 0.3417 的 4.2%**。⚠ 一处更正:我预注册写的是「换个无关控制主量应基本不动」——那是**不变性检查**,而我调用的工具检验的是「效应必须超出基线」,**方向用反了**;改用正确的那道之后两道全",0,1,1,0
README_zh.md,353751,37%,"个东西。****⇒ 同一套码内换对象几乎不动,跨构念几乎无关**,这正是这一页第十八件那个形状在一对新构念上的重现。⚠ 两处边界:两份出版物**第一作者相同**,所以这是**跨出版物而非跨独立研究组**;而安慰剂(服从 × 纬度)是 **0.2897,效应的 37%**,过线但偏高 `[#667「一个为「先查再说话」而设的步骤,自己带着一个假覆盖的 bug」]`。  - **第四十一件,而它是一件工具加一条有界的结论:这一页没有一条声明是假覆",0,1,0,1
README_zh.md,356095,125%,"那一块还紧一点)—— **而它同时就是对手假说**:若同一条梯度也出现在这里,那就不是关于性的。**结果:对手在每一个分层上都更强(年龄 +1.00、教育 +1.00、礼拜 +0.80,对主效应的 +0.80 / +0.80 / +0.60)—— 是主效应的 125%,而判据要求它小于一半。** ⚠ **而这顺手给一个旧的失败起了名字**:此前量到「问法效应的层间梯度也出现在死刑上」(是效应的 69%),当时只能记「梯度不是性题特有的」;**现",0,1,0,1
README_zh.md,356164,69%,"+1.00、教育 +1.00、礼拜 +0.80,对主效应的 +0.80 / +0.80 / +0.60)—— 是主效应的 125%,而判据要求它小于一半。** ⚠ **而这顺手给一个旧的失败起了名字**:此前量到「问法效应的层间梯度也出现在死刑上」(是效应的 69%),当时只能记「梯度不是性题特有的」;**现在两次失败是同一件事 —— 一种作答一致性特质,而这一次它被正面测到了。** ⚠ 一格 G4 不同意,一起发:NSFG 的年龄在五分位规",0,1,0,1
README_zh.md,357837,95%,"一分层作用在**疼爱四件套**上给 **+0.5000**,主效应 **−0.5000**。⚠ **但真正的死因是第三件,而它是结构性的**:把秩相关在 k 个层上的置换零**穷举**出来(k ≤ 5 是全部 k! 种排列,不是抽样)—— **k=3 时零的 95% 分位是 1.0000,k=4 时是 0.9700**,也就是说**除非相关系数正好等于 ±1,否则永远不可能显著**;本轮观测 0.50 的经验 p 是 **1.0000**。⇒",1,1,1,0
README_zh.md,358089,95%,"**而这条回头咬到了两轮之前的自己**:那一轮的头条用的正是四层上的相关系数,报的是 **+0.80(性道德)/ +1.00(性别角色)—— 在自己的置换零下 p 是 0.3333 与 0.0833,两个都不显著。** 把九组电池全部放到**十分位**(零的 95% 分位降到 0.6364)再做多重性校正,**过关的只剩两组:机构信任 −0.9000(p=0.0008)与堕胎 +0.7500(p=0.0148),而「性道德」+0.6848 不",0,1,0,1
README_zh.md,358716,95%,"变化量**,零是**在人之间打乱教育** —— 分辨力来自一万多个人,不是四个层。⚠ **而我在诊断出那个错误之后,第一版又犯了同一个错误**:第一版仍然把十二个格点上的秩相关当主量,而核平滑的曲线本来就单调,于是它恒等于 ±1、打乱之后仍恒等于 ±1、零的 95% 分位也是 1.0,三个带宽全部「未超零」。**换成端到端变化量之后,同一个零下立刻有了分辨力。** ⚠ **最强混淆是先写下来的,并且在同一轮里控制掉了**:两组题来自不同样本不",1,0,1,0
README_zh.md,358837,22%,"等于 ±1、零的 95% 分位也是 1.0,三个带宽全部「未超零」。**换成端到端变化量之后,同一个零下立刻有了分辨力。** ⚠ **最强混淆是先写下来的,并且在同一轮里控制掉了**:两组题来自不同样本不同年份(单独 15,000 与 29,591,交集损失 22% 与 61%)⇒ 限定到**七题全答的同一批 11,576 人**重跑,两个协变量都跑。**结果是一个干净的交叉:教育上,性四题 +0.1349(p=0.0000)而性别角色 −0",1,0,1,0
README_zh.md,358843,61%,"零的 95% 分位也是 1.0,三个带宽全部「未超零」。**换成端到端变化量之后,同一个零下立刻有了分辨力。** ⚠ **最强混淆是先写下来的,并且在同一轮里控制掉了**:两组题来自不同样本不同年份(单独 15,000 与 29,591,交集损失 22% 与 61%)⇒ 限定到**七题全答的同一批 11,576 人**重跑,两个协变量都跑。**结果是一个干净的交叉:教育上,性四题 +0.1349(p=0.0000)而性别角色 −0.0322 ",1,0,0,0
README_zh.md,359784,52%,"么:四题是一起变宽容、一起变严厉,还是真的更一致?先打印边际,而边际在算任何相关之前就交出了最强混淆:**同性恋那一题的均值从 1.633 涨到 2.698,而性四题最弱一对的天花板从 0.4658 升到 0.5362 —— 天花板的移动就占了上一件观测值的 52%。** 于是把它拆成四条曲线分开报:**水平位移 +0.2626、未除天花板的生值 +0.1030、天花板自己 +0.0767、除过天花板的 +0.1536。** ⚠ **决定性的",1,0,0,0
README_zh.md,360707,95%,"604 的整条移动就是这一对。** 六对各自算下来:**含同性恋的三对中位 +0.2033,不含的三对中位 +0.0423,安慰剂三对中位 +0.0040。** ⚠ **两道预注册的门都过了**:不含同性恋的三对中位 **+0.0423 超过打乱教育后的零的 95% 分位 0.0313(p = 0.0167)**,并且是安慰剂中位的 **10.6 倍** —— **所以上一件不缩,但从此必须带着 4.8 倍这个集中度一起走**:整块在收紧,而",0,0,0,0
README_zh.md,365617,93%,"世代等于年份减年龄,与年份相关 +0.4601,所以世代与时期在这个设计里不可分;这一轮只分离了教育与世代,而且教育不是随机分配的 —— 「是教育」= 「同一世代内,教育这条轴上仍有梯度」,不是「教育导致了它」** `[#683「分层掉世代之后,教育效应留下 93%」]`。 - **第五十六件,而它三道门里有三道是我自己写坏的,其中第三道坏在「惩罚好结果」上,所以这一轮的方向只能作为下一轮的假设,不能报。** 这一轮要问的是整条线唯一触到「算",0,1,0,1
README_zh.md,366885,92.3%,"张票,要求五组以上全答再加警察四题同样是零 —— 所以只能用四个题组重建那个量,而**四组版与七组版的重叠样本也是零,两者的相关在这个站点根本不存在**。⚠ 正对照四比四通过,而且是**脚本自己算出的情境序**与预注册期望比对,不是上一轮那个字面量:挥拳袭警 92.3%、试图逃跑 76.0%、谋杀嫌疑受讯 9.9%、言语粗俗 9.4%,位次全中。**结果:原始相关 +0.0530,超过打乱后的零;而控掉该人整体作答方差之后是 −0.0360 ——",1,0,0,0
README_zh.md,366896,76.0%,"再加警察四题同样是零 —— 所以只能用四个题组重建那个量,而**四组版与七组版的重叠样本也是零,两者的相关在这个站点根本不存在**。⚠ 正对照四比四通过,而且是**脚本自己算出的情境序**与预注册期望比对,不是上一轮那个字面量:挥拳袭警 92.3%、试图逃跑 76.0%、谋杀嫌疑受讯 9.9%、言语粗俗 9.4%,位次全中。**结果:原始相关 +0.0530,超过打乱后的零;而控掉该人整体作答方差之后是 −0.0360 —— 符号翻了,比值 −0",1,0,0,0
README_zh.md,366909,9.9%," 所以只能用四个题组重建那个量,而**四组版与七组版的重叠样本也是零,两者的相关在这个站点根本不存在**。⚠ 正对照四比四通过,而且是**脚本自己算出的情境序**与预注册期望比对,不是上一轮那个字面量:挥拳袭警 92.3%、试图逃跑 76.0%、谋杀嫌疑受讯 9.9%、言语粗俗 9.4%,位次全中。**结果:原始相关 +0.0530,超过打乱后的零;而控掉该人整体作答方差之后是 −0.0360 —— 符号翻了,比值 −0.68,低于预注册的 0",1,0,0,0
README_zh.md,366919,9.4%,"重建那个量,而**四组版与七组版的重叠样本也是零,两者的相关在这个站点根本不存在**。⚠ 正对照四比四通过,而且是**脚本自己算出的情境序**与预注册期望比对,不是上一轮那个字面量:挥拳袭警 92.3%、试图逃跑 76.0%、谋杀嫌疑受讯 9.9%、言语粗俗 9.4%,位次全中。**结果:原始相关 +0.0530,超过打乱后的零;而控掉该人整体作答方差之后是 −0.0360 —— 符号翻了,比值 −0.68,低于预注册的 0.7。** **⇒ ",1,0,0,0
README_zh.md,368286,79.5%,"计明写了不受欢迎的正结果:**若压缩完全是单侧的,那「压缩」不过是「受教育者更自由派」的换词,而那是调查研究里最老的一条结论之一。** 先打印:立场与总变化量的相关是 −0.2189(在预注册的 0.3 门槛内,分侧可用),而总变化量最低的那一成里,宽容侧占 79.5%、严厉侧占 20.5%,全样本则是五五开。⚠ 因为这 79.5% 里有一部分是那 −0.2189 构造出来的,**安慰剂不能只用随机分侧**:随机分侧给出的两侧比值是 0.996(",1,1,0,0
README_zh.md,368297,20.5%,"果:**若压缩完全是单侧的,那「压缩」不过是「受教育者更自由派」的换词,而那是调查研究里最老的一条结论之一。** 先打印:立场与总变化量的相关是 −0.2189(在预注册的 0.3 门槛内,分侧可用),而总变化量最低的那一成里,宽容侧占 79.5%、严厉侧占 20.5%,全样本则是五五开。⚠ 因为这 79.5% 里有一部分是那 −0.2189 构造出来的,**安慰剂不能只用随机分侧**:随机分侧给出的两侧比值是 0.996(区间 0.884 到 ",1,1,1,0
README_zh.md,368318,79.5%,"是「受教育者更自由派」的换词,而那是调查研究里最老的一条结论之一。** 先打印:立场与总变化量的相关是 −0.2189(在预注册的 0.3 门槛内,分侧可用),而总变化量最低的那一成里,宽容侧占 79.5%、严厉侧占 20.5%,全样本则是五五开。⚠ 因为这 79.5% 里有一部分是那 −0.2189 构造出来的,**安慰剂不能只用随机分侧**:随机分侧给出的两侧比值是 0.996(区间 0.884 到 1.122),而**另造一个与总变化量相关",1,1,1,0
README_zh.md,369221,55%,"际保留、跨题结构全毁)之后,均值与标准差的相关是 **−0.2086**,而实测是 −0.2189,**九成五是算术上必然的**。这让下面第一条留下的那一半更硬,也让第二条的塌陷更不可辩。**结果一分为二:人内压缩从 −0.1574 到 −0.0872,保留 55%,保号;而那个一般因子从 +0.0616 到 −0.0088,保留 −14%,符号翻了,立场五分位的五格是 −0.0161、+0.0063、+0.0412、−0.0088、−0.0",0,0,0,0
README_zh.md,369258,−14%,"而实测是 −0.2189,**九成五是算术上必然的**。这让下面第一条留下的那一半更硬,也让第二条的塌陷更不可辩。**结果一分为二:人内压缩从 −0.1574 到 −0.0872,保留 55%,保号;而那个一般因子从 +0.0616 到 −0.0088,保留 −14%,符号翻了,立场五分位的五格是 −0.0161、+0.0063、+0.0412、−0.0088、−0.0933,完全散开。** ⚠ 而安慰剂说明这不是方法问题:把同一操作里的立场换",0,0,0,0
README_zh.md,369364,102%,"子从 +0.0616 到 −0.0088,保留 −14%,符号翻了,立场五分位的五格是 −0.0161、+0.0063、+0.0412、−0.0088、−0.0933,完全散开。** ⚠ 而安慰剂说明这不是方法问题:把同一操作里的立场换成世代,两个量分别保留 102% 与 96%。**⇒ 那条「教育让所有道德判断彼此绑紧,性不例外」降级;连带地,「例外是性别角色」也建立在同一个一般因子上,一并降为「未在固定立场后检验」。** ⚠ 一处不可比自己",0,0,0,0
README_zh.md,369371,96%,"616 到 −0.0088,保留 −14%,符号翻了,立场五分位的五格是 −0.0161、+0.0063、+0.0412、−0.0088、−0.0933,完全散开。** ⚠ 而安慰剂说明这不是方法问题:把同一操作里的立场换成世代,两个量分别保留 102% 与 96%。**⇒ 那条「教育让所有道德判断彼此绑紧,性不例外」降级;连带地,「例外是性别角色」也建立在同一个一般因子上,一并降为「未在固定立场后检验」。** ⚠ 一处不可比自己点破:本轮一",0,0,0,0
README_zh.md,370538,24.3%,"个分解在 GSS 上判为结构性不可能(三十三题里二十七题二值,极端度没有定义),而先打印这一步在 `data/external/` 里找到了第三具仪器:一份威权主义量表,**二十二道同刻度题、九档**,原始九千八百八十一人,**而它自带三个假词做效度检查,有 24.3% 的人至少勾了一个**。样本定义在跑主分析之前写死(全答 + 有教育 + 假词一个都没勾)得到七千二百五十八人;反向计分的十道题由题—总分相关实测,不靠记忆。**结果:教育与总变化",1,1,0,0
README_zh.md,370926,14%,"线结构上只能返回零**——我用两次不同的打乱分别算两个量,配对被毁,相关必然约等于零,**这是反方向的「不可能失败的检查」,它让观测看起来最大限度地非机械**;改成同一次打乱同时算两个量之后,基线是 +0.0617 而实测是 −0.4316,**必然部分只占 14% 且反号,修正之后结论更强**。**其二,第三个规格谁也没过滤掉**——那个变量在全部九千八百八十一行里只有一个取值,过滤器删掉零人,**又一道不可能失败的检查,该规格作废**。⚠",1,0,0,0
README_zh.md,373055,14%," 这与上一件抓到的是同一家族:**一个宽松的正则被当成了测量仪器,同一天内第二次。** ⚠ 而有一个数不依赖配对,所以可以报,但仪器要先自检:两个已知条目必须分别被两种模式命中,都命中了。**结果:账本第六百条之后的九十三条里,报了自己的零的,紧读数是十三条(14%),松读数是二十条(22%);只出现「零」这个字的有五十五条,那是上界不是测量。** ⇒ **报区间不报点:只有 14–22% 报了自己的零,其余 78–86% 结构性无法判定分母",0,0,1,0
README_zh.md,373068,22%,"族:**一个宽松的正则被当成了测量仪器,同一天内第二次。** ⚠ 而有一个数不依赖配对,所以可以报,但仪器要先自检:两个已知条目必须分别被两种模式命中,都命中了。**结果:账本第六百条之后的九十三条里,报了自己的零的,紧读数是十三条(14%),松读数是二十条(22%);只出现「零」这个字的有五十五条,那是上界不是测量。** ⇒ **报区间不报点:只有 14–22% 报了自己的零,其余 78–86% 结构性无法判定分母脆不脆。** ⚠ **而这",0,0,1,0
README_zh.md,373118,22%,"但仪器要先自检:两个已知条目必须分别被两种模式命中,都命中了。**结果:账本第六百条之后的九十三条里,报了自己的零的,紧读数是十三条(14%),松读数是二十条(22%);只出现「零」这个字的有五十五条,那是上界不是测量。** ⇒ **报区间不报点:只有 14–22% 报了自己的零,其余 78–86% 结构性无法判定分母脆不脆。** ⚠ **而这把上一件的一般化钉死了**:既然多数条目从没报过自己的零,那么「这个分母是不是那种刚越过噪声的小效应",0,1,1,0
README_zh.md,373135,86%,"别被两种模式命中,都命中了。**结果:账本第六百条之后的九十三条里,报了自己的零的,紧读数是十三条(14%),松读数是二十条(22%);只出现「零」这个字的有五十五条,那是上界不是测量。** ⇒ **报区间不报点:只有 14–22% 报了自己的零,其余 78–86% 结构性无法判定分母脆不脆。** ⚠ **而这把上一件的一般化钉死了**:既然多数条目从没报过自己的零,那么「这个分母是不是那种刚越过噪声的小效应」在多数情况下**不可知** ——",0,1,1,0
README_zh.md,373447,22%,"页上大多数数字后面没有零」]`。 - **第六十六件,一次交付,而它没有关于人的那一句话——我不编一个:连续两轮的失败指向的不是分析,是「每条结论必须带自己的零」这条规矩没有被机械执行,于是这一轮把它做成了闸上的一条规则。** 上一件量出:账本后段只有 14–22% 的条目报过自己的零,所以再清点第三次是徒劳——数据不存在。新规则的代理账写在函数里:**它只在一个方向上可靠**——含效应而不含任何零的表述,就确实没报零;**反过来不成立,含零",0,1,0,1
README_zh.md,374264,29%,"*不许用任何启发式配对**:只接受由该轮脚本自己写进同一份输出的效应—零对,**它们由脚本的代码配对,不是由我配对**,其余一律记「无法对应」。正对照先跑:某一轮的三个零必须逐字在它自己的输出里 —— 全部在,所以清点可采信。**结果:二十四条里,七条可配套(29%);十一条那一轮根本没有任何脚本输出,多为社会侧最早的几轮;六条有输出但输出里没有零。** 其余十七条已在页面上逐条加了「零未配套」的记号并附图例。⚠ **而必须说清这个记号不是什",0,1,0,1
README_zh.md,375229,59%,"」之间的一致性**,而不是「一个社会对不同对象的严厉程度」在任何独立读数上都成立。⚠ 而这一轮记 UNVERIFIED,原因是**我自己的零建坏了**:我只打乱了四题里的一题,于是六对里有三对根本没被触动,它们的真实相关原封不动留在中位里,零因此被抬到观测的 59%。**一个没有破坏它声称要破坏的结构的零,不是零** `[#696「这一页最老的社会侧声明,六对全在一个编码团队里」]`。 - **第六十九件,而它是我预先写下「希望它别发生」的那",0,0,0,0
README_zh.md,380478,48%,"一半的结论,在它自己那一行里没说清它是从哪具仪器读出来的,现在补上了。** ⚠ 第一份清点当场作废,而作废它的是我预先写下的正对照:我按**页面行文本**做路由,结果那条三具仪器复制被判成「不知道」,正对照失败;**而失败的原因就是产出——二十七行里有十三行(48%)在行文本里根本没点名仪器,页面没写,不是清点算错**。改用账本条目为来源(闸从某一轮起已强制条目点名仪器),正对照通过。**结果:按档案计,单具最大簇是六到七条、占 25% 到 ",1,0,0,0
README_zh.md,380565,25%,"仪器复制被判成「不知道」,正对照失败;**而失败的原因就是产出——二十七行里有十三行(48%)在行文本里根本没点名仪器,页面没写,不是清点算错**。改用账本条目为来源(闸从某一轮起已强制条目点名仪器),正对照通过。**结果:按档案计,单具最大簇是六到七条、占 25% 到 29%,不到一半 ⇒ 没有单一仪器主导;按编码项目再分,SCCS 内部最大的项目簇是四条。** ⚠ **而「跨具」这个数有两个读法,两个都报**:闸自己的说明里就写着「提一句",1,0,0,0
README_zh.md,380571,29%,"成「不知道」,正对照失败;**而失败的原因就是产出——二十七行里有十三行(48%)在行文本里根本没点名仪器,页面没写,不是清点算错**。改用账本条目为来源(闸从某一轮起已强制条目点名仪器),正对照通过。**结果:按档案计,单具最大簇是六到七条、占 25% 到 29%,不到一半 ⇒ 没有单一仪器主导;按编码项目再分,SCCS 内部最大的项目簇是四条。** ⚠ **而「跨具」这个数有两个读法,两个都报**:闸自己的说明里就写着「提一句『GSS 也",1,0,0,0
README_zh.md,382432,13.4%,"目里**确实含有**所引的那个数或那句话;它被设计成**可以被弄坏** —— 篡改任何一个锚,它会报错。⚠ 「通过一个锚」到底值多少,随后被量了出来,而**两类锚并不一样**。在 509 条账本条目上,**数字**锚很弱 —— `0.20` 出现在**账本的 13.4%** 里,也就是说一个引错的条目大约每七次有一次照样通过;而上面四个**短语**锚各只出现在一条里,与其余 508 条**一次都不撞**。所以数字锚已被换成短语锚。⚠ 两类都不构成",0,0,0,0
README_zh.md,383121,10%," | 减零不修正估计器,它把估计器的失败记在被估计量头上 `#86` `#87` `#88` | | ""少数人集中于稀有选项"" | **措辞撤回,存在性保留** | 是对称加宽,不是子群 `#99` | | ""越早进入版图的东西越在中心"" | **撤回,只剩 10%** | 那不是时间,是""什么都给高分的人"" `#115` | | ""特质追踪更早的获取年龄"" | **撤回** | −0.030 对零 −0.028,零是效应的 91% `#10",0,1,0,1
README_zh.md,383206,91%,"称加宽,不是子群 `#99` | | ""越早进入版图的东西越在中心"" | **撤回,只剩 10%** | 那不是时间,是""什么都给高分的人"" `#115` | | ""特质追踪更早的获取年龄"" | **撤回** | −0.030 对零 −0.028,零是效应的 91% `#102` | | ""跨块累积的 √n 反映潜结构"" | **反转** | 等预算下块越多越差;那是普通的 √N `#64` |  ---  # 这套数据做不到的(每条都量过,",0,1,0,1
README_zh.md,383339,30%," `#102` | | ""跨块累积的 √n 反映潜结构"" | **反转** | 等预算下块越多越差;那是普通的 √N `#64` |  ---  # 这套数据做不到的(每条都量过,不是猜的)  | 做不到 | 量出来的边界 | |---|---| | 看见 ≤30% 人携带的结构(方差解释法) | 5% 携带者在 **±50 pp** 下技能不离地板;需 ≈30% `#91` | | 区分""一小群对某几样异常强烈""与""一条重尾连续谱"" | 保",0,0,1,0
README_zh.md,383359,5%,"n 反映潜结构"" | **反转** | 等预算下块越多越差;那是普通的 √N `#64` |  ---  # 这套数据做不到的(每条都量过,不是猜的)  | 做不到 | 量出来的边界 | |---|---| | 看见 ≤30% 人携带的结构(方差解释法) | 5% 携带者在 **±50 pp** 下技能不离地板;需 ≈30% `#91` | | 区分""一小群对某几样异常强烈""与""一条重尾连续谱"" | 保边际的集中/弥散种植在 3000 交换",0,0,1,0
README_zh.md,383389,30%,"那是普通的 √N `#64` |  ---  # 这套数据做不到的(每条都量过,不是猜的)  | 做不到 | 量出来的边界 | |---|---| | 看见 ≤30% 人携带的结构(方差解释法) | 5% 携带者在 **±50 pp** 下技能不离地板;需 ≈30% `#91` | | 区分""一小群对某几样异常强烈""与""一条重尾连续谱"" | 保边际的集中/弥散种植在 3000 交换/块下都在零抖动内;**出路是外部锚,不是更强的种植** `#",0,0,1,0
README_zh.md,383894,**58%,"广度与默许 | 需反向计分或强制选择题项,本 release 没有 | | 因果方向 | 横断面,剥离过的 release | | **说出为什么有些兴趣带的羞耻比它的冷门度能解释的多** | 在 31 个起始类别上,稀有度解释了「这一类的拥有者有多羞耻」的 **58%**(`r` = +0.758)。剩下的 **42% 是真的** —— 残差 sd **0.145**,而各类别的抽样底是 **0.029**(**4.9 倍**),打乱人的零把残",0,0,0,0
README_zh.md,383920,**42%,"ease 没有 | | 因果方向 | 横断面,剥离过的 release | | **说出为什么有些兴趣带的羞耻比它的冷门度能解释的多** | 在 31 个起始类别上,稀有度解释了「这一类的拥有者有多羞耻」的 **58%**(`r` = +0.758)。剩下的 **42% 是真的** —— 残差 sd **0.145**,而各类别的抽样底是 **0.029**(**4.9 倍**),打乱人的零把残差压回 **0.031 ± 0.006**。但四个已",0,0,1,0
README_zh.md,386258,**37%,"(正对照:SUBSTANCE 对自己 r_true = **+1.018**;假对照 +0.023 [R15 3× curveball · scope stated]), **POWER–SUBSTANCE r_true = +0.605** —— 它们共享 **37% 的方差,不是 5%**。 预注册的 kill 落在中间带(0.45 < 0.605 < 0.70):**UNVERIFIED**,既不是一个构念,也没被确认为不同。⚠ **`#3",0,0,0,0
README_zh.md,386271,5%,"E 对自己 r_true = **+1.018**;假对照 +0.023 [R15 3× curveball · scope stated]), **POWER–SUBSTANCE r_true = +0.605** —— 它们共享 **37% 的方差,不是 5%**。 预注册的 kill 落在中间带(0.45 < 0.605 < 0.70):**UNVERIFIED**,既不是一个构念,也没被确认为不同。⚠ **`#321`:而这现在是一",0,0,0,0
README_zh.md,386391,95%,"7% 的方差,不是 5%**。 预注册的 kill 落在中间带(0.45 < 0.605 < 0.70):**UNVERIFIED**,既不是一个构念,也没被确认为不同。⚠ **`#321`:而这现在是一个**已判定的中间值**,不是测不出来** —— 自助 95% 区间是 **[+0.561, +0.659]**,整段都在带内,所以两者共享 **31–43% 的方差**;正对照(SUBSTANCE 对自己不相交的两半)复原到 **[+0.9",0,0,1,0
README_zh.md,386439,43%,".70):**UNVERIFIED**,既不是一个构念,也没被确认为不同。⚠ **`#321`:而这现在是一个**已判定的中间值**,不是测不出来** —— 自助 95% 区间是 **[+0.561, +0.659]**,整段都在带内,所以两者共享 **31–43% 的方差**;正对照(SUBSTANCE 对自己不相交的两半)复原到 **[+0.943, +1.126]**。 **RETRACTIONS #141 整条撤回** —— 它没读那",0,0,1,0
README_zh.md,386807,19%,"8、束缚 16.9、精神改变 17.0)。 ⚠ **`#358`:这张时间表现在有了它自己的证据,以及一个上限。**31 个类别均值是**分得开**的 ——全距 **3.37 年**,而自助区间平均宽 **0.34 年**,465 对里只有 **87 对重叠(19%)**;而且这个排序**不是**冷门度造成的(`corr(起始均值, 类别稀有度)` = **+0.064**,换三套年龄编码后稳定在 +0.03…+0.09)。它的顺序在男女之间",0,0,1,0
README_zh.md,387306,31%,"−0.126 —— **[验证 —— 见 RETRACTIONS #16]**,已发表为 `01-age-onset` 结论 1) 与回忆锚定之后、并排除近义之后(280 个不共享内容词的配对 0.594,对 64 个共享的 0.646), 是同领域天花板的 31%。**[已确认 —— RETRACTIONS #22]** 起始年龄带着偏好不带的结构: 观察到的残差最大特征值 0.959,对一个专门造出来的对手世界 0.441 ± 0.040",0,0,1,0
README_zh.md,387400,95%,"配对 0.594,对 64 个共享的 0.646), 是同领域天花板的 31%。**[已确认 —— RETRACTIONS #22]** 起始年龄带着偏好不带的结构: 观察到的残差最大特征值 0.959,对一个专门造出来的对手世界 0.441 ± 0.040(95% 上界 0.532), 正对照在注入 0.3 时开火、在 0.0 时保持沉默。附带的「80% 的 sd」是描述性的,没有被检验 —— 一个人**不**一起喜欢的兴趣,是在同一时间获",0,0,1,0
README_zh.md,387446,80%," —— RETRACTIONS #22]** 起始年龄带着偏好不带的结构: 观察到的残差最大特征值 0.959,对一个专门造出来的对手世界 0.441 ± 0.040(95% 上界 0.532), 正对照在注入 0.3 时开火、在 0.0 时保持沉默。附带的「80% 的 sd」是描述性的,没有被检验 —— 一个人**不**一起喜欢的兴趣,是在同一时间获得的。但组织变量是**到达时间**,不是坐标归属(撤回 #9)。  **[R05 · 组间差",0,0,1,0
README_zh.md,388523,85%,"n)** —— 回溯性诱导那条声明、它缺席的两个签名、以及它真正跟踪的广度, 都已在上面的常设声明表里说过一次;这一节只补表里没有的。 **[已更正 —— RETRACTIONS #26,由 #144 抓到]** 这一页早先的版本报过「rho +0.2515,85% 活过答题风格控制」—— 那一对数**在账本里根本不存在**,来自这一页 A09 之前的一份草稿。 「85% 是答题风格」这一步是 **UNVERIFIED**:每一道题都是情色内",0,0,0,0
README_zh.md,388577,85%,"次;这一节只补表里没有的。 **[已更正 —— RETRACTIONS #26,由 #144 抓到]** 这一页早先的版本报过「rho +0.2515,85% 活过答题风格控制」—— 那一对数**在账本里根本不存在**,来自这一页 A09 之前的一份草稿。 「85% 是答题风格」这一步是 **UNVERIFIED**:每一道题都是情色内容、没有反向计分, 所以在这个发布版里,一般性的随和与一般性的情色认可分不开。 **设计后果**:诱导的回溯",0,0,0,0
README_zh.md,388774,0.88%,"般性的情色认可分不开。 **设计后果**:诱导的回溯性自报**不能**用作结局测量 —— 第三阶段必须是前瞻的。  **[R07 · 广度](A07_breadth)** —— 有量没有形状。一个人的集合在坐标空间里,只比一个 按基率、同样大小的集合**集中 0.88%** —— 可忽略。⚠ **那个数是在一个设定(K=6)上算的、从未扫过**,而账本自己的扫描表对同一个量给出:K=2 时 −0.01%,K=16 时 −2.56%,在报出 0.8",0,0,0,0
README_zh.md,388841,−0.01%,"广度](A07_breadth)** —— 有量没有形状。一个人的集合在坐标空间里,只比一个 按基率、同样大小的集合**集中 0.88%** —— 可忽略。⚠ **那个数是在一个设定(K=6)上算的、从未扫过**,而账本自己的扫描表对同一个量给出:K=2 时 −0.01%,K=16 时 −2.56%,在报出 0.88% 的那个 K 上是 **−0.29%**;当年与它并列打印的 t 值,在本仓库里已无存留出处。 集合从随机走到完美嵌套的路上走了 *",1,0,0,0
README_zh.md,388855,−2.56%,"h)** —— 有量没有形状。一个人的集合在坐标空间里,只比一个 按基率、同样大小的集合**集中 0.88%** —— 可忽略。⚠ **那个数是在一个设定(K=6)上算的、从未扫过**,而账本自己的扫描表对同一个量给出:K=2 时 −0.01%,K=16 时 −2.56%,在报出 0.88% 的那个 K 上是 **−0.29%**;当年与它并列打印的 t 值,在本仓库里已无存留出处。 集合从随机走到完美嵌套的路上走了 **24.2%**。广度中等程",1,0,0,0
README_zh.md,388866,0.88%,"有形状。一个人的集合在坐标空间里,只比一个 按基率、同样大小的集合**集中 0.88%** —— 可忽略。⚠ **那个数是在一个设定(K=6)上算的、从未扫过**,而账本自己的扫描表对同一个量给出:K=2 时 −0.01%,K=16 时 −2.56%,在报出 0.88% 的那个 K 上是 **−0.29%**;当年与它并列打印的 t 值,在本仓库里已无存留出处。 集合从随机走到完美嵌套的路上走了 **24.2%**。广度中等程度上是一个特质(Sp",1,0,0,0
README_zh.md,388881,**−0.29%,"里,只比一个 按基率、同样大小的集合**集中 0.88%** —— 可忽略。⚠ **那个数是在一个设定(K=6)上算的、从未扫过**,而账本自己的扫描表对同一个量给出:K=2 时 −0.01%,K=16 时 −2.56%,在报出 0.88% 的那个 K 上是 **−0.29%**;当年与它并列打印的 t 值,在本仓库里已无存留出处。 集合从随机走到完美嵌套的路上走了 **24.2%**。广度中等程度上是一个特质(Spearman–Brown 0.557",1,0,0,0
README_zh.md,388936,**24.2%,")上算的、从未扫过**,而账本自己的扫描表对同一个量给出:K=2 时 −0.01%,K=16 时 −2.56%,在报出 0.88% 的那个 K 上是 **−0.29%**;当年与它并列打印的 t 值,在本仓库里已无存留出处。 集合从随机走到完美嵌套的路上走了 **24.2%**。广度中等程度上是一个特质(Spearman–Brown 0.557)。 **[UNVERIFIED —— RETRACTIONS #26]**「9–13% 是答题风格」这个数",1,0,0,0
README_zh.md,389020,13%,"*;当年与它并列打印的 t 值,在本仓库里已无存留出处。 集合从随机走到完美嵌套的路上走了 **24.2%**。广度中等程度上是一个特质(Spearman–Brown 0.557)。 **[UNVERIFIED —— RETRACTIONS #26]**「9–13% 是答题风格」这个数来自一个与 POWER 轴正交(+0.024)、 却与广度本身相关 +0.385 的指标;没有平衡计分的题目就分不开答题风格与情色认可,而这个发布版没有。  *",1,0,0,0
README_zh.md,389883,**6.4%,"那几格样本很小(3–4 对)—— **PLAUSIBLE,不是 CONFIRMED**。  ---  ## 共享信号是怎么累积的  **[RETRACTIONS #60]** `增量 = 0.00723 × √(源领域数)` —— 跨 n=1…31 的 CV **6.4%**, 对数形式 11.2%、线性形式 51.9%(`#60`),而置换标签的零在每一个 n 上都恰好是 0.0000。 **[机制被反转 —— #61、#64]** 块**不是*",1,0,0,0
README_zh.md,389898,11.2%,"— **PLAUSIBLE,不是 CONFIRMED**。  ---  ## 共享信号是怎么累积的  **[RETRACTIONS #60]** `增量 = 0.00723 × √(源领域数)` —— 跨 n=1…31 的 CV **6.4%**, 对数形式 11.2%、线性形式 51.9%(`#60`),而置换标签的零在每一个 n 上都恰好是 0.0000。 **[机制被反转 —— #61、#64]** 块**不是**可互换的(子集方差是种子方",0,0,0,0
README_zh.md,389909,51.9%,"LE,不是 CONFIRMED**。  ---  ## 共享信号是怎么累积的  **[RETRACTIONS #60]** `增量 = 0.00723 × √(源领域数)` —— 跨 n=1…31 的 CV **6.4%**, 对数形式 11.2%、线性形式 51.9%(`#60`),而置换标签的零在每一个 n 上都恰好是 0.0000。 **[机制被反转 —— #61、#64]** 块**不是**可互换的(子集方差是种子方差的 58 倍), 而",0,0,0,0
README_zh.md,390242,87%,"边界是对估计的一道税,不是它的来源。新采集的价目表: 0.06 需要 69 个领域,0.08 需要 122 个,0.10 需要 191 个 —— 已外推出实测范围。  ## 块内 vs 跨领域  **[RETRACTIONS #59]** 两份大体独立的贡献,87% 可加,各自都对着两个**恰好为零**的对照: **跨块因子 +0.0409**(在另外 31 个块上拟合)与**块内结构 +0.0290**,合起来 **+0.0606**(`#",0,0,0,0
README_zh.md,390545,**71%," #57]** 五十七轮量的都是**人**这一侧的结构。**题目**那一侧,量过一次: 题目邻居结构在边际基线之上复原 **+0.0206** 的留出 R²,对人因子的 **+0.0289** 与随机邻居对照的 **+0.0006** —— 是人这一侧边际的 **71%**,在 578,989 个留出格上。 **[#58]** 联合拟合时,两者 **67% 是同一套结构**:合并增量 +0.0359 对人这一侧边际的 +0.0293, 所以题目侧",0,0,0,0
README_zh.md,390589,**67%,"题目邻居结构在边际基线之上复原 **+0.0206** 的留出 R²,对人因子的 **+0.0289** 与随机邻居对照的 **+0.0006** —— 是人这一侧边际的 **71%**,在 578,989 个留出格上。 **[#58]** 联合拟合时,两者 **67% 是同一套结构**:合并增量 +0.0359 对人这一侧边际的 +0.0293, 所以题目侧的独特贡献是 +0.0066 —— 比值 1.65,**低于分辨率**。   ## 治理",0,0,0,0
README_zh.md,391214,13.4%,"# 下半场的范围表  下半场新增的每一条断言,连同它成立的**单位**、它经过的**仪器**、它测在什么**人群**上,以及它**没能分开**的那件事。五者缺一,就是一条没有边界的断言。锚用的是短语而不是数字 —— 因为在本项目的账本里,一个被引的数字会撞上 13.4% 的条目,一句被引的话一次也不撞。  | 断言 | 单位 | 仪器 | 人群 | 数 | 未分开的东西 | |---|---|---|---|---|---| | 越稀有越被谴责 ",0,0,0,0
README_zh.md,392089,41%,"*,而同一个检验在更大的池上给出的是 0.004 `[#574「稳健性是池大小的函数」]` | | 态度是一件一件松开的,不是一场潮水 `[#532「一件一件松开」]` | 年代 | GSS 1972–2024 | 21–30 个共同调查年 | 跨题是同题的 41% | 与噪声分不开;受访者不相交但仍同国同年 | | ……而窗口一拉长,它就不再是一个检验 `[#533「长滞后不是分离器」]` | 年代 | 同上 | 6–18 年窗口 | 比值",0,0,0,0
README_zh.md,392324,13%," → 0.76 | 趋势与同步预测同一个上升 | | 在人身上是一把尺 `[#534「三个单位,三个答案」]` | 人 | GSS,年份固定 | 30 个调查年 | 0.375 对 0.093,上限 0.437 | 领域与题目格式 | | ……其中格式解释掉 13%–45% `[#535「格式解释掉一部分」]` | 人 | 同上 | 同上 | 余量 +0.15 至 +0.27 | 领域内容;此仪器里不存在四级非性道德题组 | | 性道德比家庭",0,0,0,0
README_zh.md,392328,45%,".76 | 趋势与同步预测同一个上升 | | 在人身上是一把尺 `[#534「三个单位,三个答案」]` | 人 | GSS,年份固定 | 30 个调查年 | 0.375 对 0.093,上限 0.437 | 领域与题目格式 | | ……其中格式解释掉 13%–45% `[#535「格式解释掉一部分」]` | 人 | 同上 | 同上 | 余量 +0.15 至 +0.27 | 领域内容;此仪器里不存在四级非性道德题组 | | 性道德比家庭道德更紧",0,0,0,0
README_zh.md,395643,**2.5%,"答 —— **几乎**没有任何一处量过,只有一个例外,而它给这个问题划了个界限,没有回答它。同一份调查把堕胎问了两遍:一遍走访员的妊娠史,一遍在自访段里。一个**访员记录终生为零**的女性,**不可能**在近五年有过一次,所以那个矛盾率直接读出两种问法的差别:**2.5%**(n = 2,702)。但把同样的矛盾算在**活产**上 —— 一件**毫无羞耻**可言的事 —— 是 **1.6%**(n = 2,427),而 0.9 个百分点的差落在它自",0,1,0,1
README_zh.md,395703,**1.6%,"遍走访员的妊娠史,一遍在自访段里。一个**访员记录终生为零**的女性,**不可能**在近五年有过一次,所以那个矛盾率直接读出两种问法的差别:**2.5%**(n = 2,702)。但把同样的矛盾算在**活产**上 —— 一件**毫无羞耻**可言的事 —— 是 **1.6%**(n = 2,427),而 0.9 个百分点的差落在它自己 1.4 的重采样展布**之内** `[#569「地板是 1.6%」]`。⚠ 所以诚实的结果是一个**分辨率,不是一个",0,1,0,1
README_zh.md,395769,1.6%,"的差别:**2.5%**(n = 2,702)。但把同样的矛盾算在**活产**上 —— 一件**毫无羞耻**可言的事 —— 是 **1.6%**(n = 2,427),而 0.9 个百分点的差落在它自己 1.4 的重采样展布**之内** `[#569「地板是 1.6%」]`。⚠ 所以诚实的结果是一个**分辨率,不是一个效应**:这两件仪器在一件不尴尬的事上,每六十二个女性里就已经对不上一个;任何比这更小的披露差,在这里都看不见。**「没人听着的",0,1,0,1
README_zh.md,399339,**12%,"有桥 —— 那个比值是分母。** | | 3 | 那么它是一个常数:性的位置预测任何其他道德位置都在 ~0.19–0.26,与问的是哪个无关 | — | | 4 | **偏掉两个会让它变平淡的解释** —— 政治自评,以及挑量表两端的习惯 | 它们分别解释掉 **12%** 与 **28%**;连线仍在 0.15–0.21,而安慰剂只有 0.008。**没有被解释掉。** | | 5 | **逐题剔除;然后按年份画出来** | 没有任何一道题扛着",0,0,0,0
README_zh.md,399349,**28%,"是分母。** | | 3 | 那么它是一个常数:性的位置预测任何其他道德位置都在 ~0.19–0.26,与问的是哪个无关 | — | | 4 | **偏掉两个会让它变平淡的解释** —— 政治自评,以及挑量表两端的习惯 | 它们分别解释掉 **12%** 与 **28%**;连线仍在 0.15–0.21,而安慰剂只有 0.008。**没有被解释掉。** | | 5 | **逐题剔除;然后按年份画出来** | 没有任何一道题扛着它(最大 15.7%",0,0,0,0
README_zh.md,399439,15.7%," —— 政治自评,以及挑量表两端的习惯 | 它们分别解释掉 **12%** 与 **28%**;连线仍在 0.15–0.21,而安慰剂只有 0.008。**没有被解释掉。** | | 5 | **逐题剔除;然后按年份画出来** | 没有任何一道题扛着它(最大 15.7%),而且**它不是常数**:1972 年 0.227 → 2024 年 0.301。**它是一个过程。** | | 6 | **按年龄段 × 出生队列切开;再换三种分段** | 两",1,0,0,0
README_zh.md,399649,1%,"切开;再换三种分段** | 两个边际都在升(+0.0019/岁、+0.0016/出生年),而**它们分不开** —— 年龄加出生年**就是**调查年。换分段后两个符号都不变;**队列那一边更稳**(极差 0.0004,而年龄那边 0.0005;安慰剂上它塌到 1%,年龄那边只塌到 26%)。 |  **它停在哪里:** 在五十二年里,一个人怎么判断性,越来越能预测她怎么判断死刑、大麻和堕胎; 这个收紧在**更老的那一端**和**出生更晚的那",1,0,0,0
README_zh.md,399660,26%," | 两个边际都在升(+0.0019/岁、+0.0016/出生年),而**它们分不开** —— 年龄加出生年**就是**调查年。换分段后两个符号都不变;**队列那一边更稳**(极差 0.0004,而年龄那边 0.0005;安慰剂上它塌到 1%,年龄那边只塌到 26%)。 |  **它停在哪里:** 在五十二年里,一个人怎么判断性,越来越能预测她怎么判断死刑、大麻和堕胎; 这个收紧在**更老的那一端**和**出生更晚的那一端**都出现; **而",1,0,0,0
README_zh.md,400651,25%,"要弧名就唯一。  每一轮是一个目录,含 `run.py`、`README.md`、`results/`。 环境是自带的 `.venv`。  ## 范围,只说一次  横断面 · 一个仪器 · 一个人群(18–32 岁,美加欧)· 重度匿名化,相关按设计被衰减约 25% · 每一个测量都是自报。**本仓库中没有任何因果声明是被识别的,也没有作出任何因果声明。**   </details> ",0,0,0,0
