page,num,sub,pos,ctx,title,resolves,overlap
README.md,720,,5919, take care of any sexual needs I may have* comes in (p = 0.0075). ⚠ The one that dropped is exactly the facet `#720` found sitting on its own null at 1.02× — **the same facet fails twice,"一个人的性不是一件事,是二十件互不蕴含的事",1,0
README.md,716,,11441,"d**: of the **28 rows carrying ⟨…⟩, 25 never declare whether the denominator was enumerated or sampled**, and `#716` once caught one moving by a factor of 1.9. Measured, **only one kind ","五个域全都比随机凑的六题更连成一片,「只有纯洁」是那把尺子造的",1,0
README.md,653,,13242,"ments about other people's behaviour**, MSSCQ is **self-description**, **not the same construct ⇒ this is not `#653`②'s third replication point, and *sex is one block* still has only the","五个道德域里只有纯洁是团,而性在两具仪器上都是",1,0
README.md,542,,13797," a premise but a thing to be tested, **and it passed**: median within-facet agreement **0.5645**, reproducing `#542`'s 0.579 within ±0.05. **The result: all twenty facets clear their own","面内高于面间,而那是设计;`prior_art` 这一行第一次自己举了手",1,0
README.md,718,,14633,"① **three facets are negative without sign alignment** (17, 7, 8) and all turn positive under optimal signs — `#718`'s lesson reproducing intact on a brand-new instrument, and my first p","比值随符号约定腰斩,而两条判决因此翻面",1,0
README.md,542,,14845,"I had built two rounds earlier; ② **the median cross-facet pair, 0.0725, does not match the 0.173 recorded in `#542`** — ② **the median cross-facet pair, 0.0725, does not match the 0.173","面内高于面间,而那是设计;`prior_art` 这一行第一次自己举了手",1,0
README.md,542,,14934,"he 0.173 recorded in `#542`** — ② **the median cross-facet pair, 0.0725, does not match the 0.173 recorded in `#542`** — the next round closed that gap, and closing it turned up two heav","面内高于面间,而那是设计;`prior_art` 这一行第一次自己举了手",1,0
README.md,542,,15119,"vier things `[#720「一个人的性不是一件事,是二十件互不蕴含的事」]`. ⚠ **The whole difference is whether absolute values are taken**: `#542` reported a median of `|ρ|` (raw), and the four-cell comparison gives ","面内高于面间,而那是设计;`prior_art` 这一行第一次自己举了手",1,0
README.md,607,,15416," / 4,750 identical to the word. **And 1,786 of the 4,750 cross-facet pairs (38%) are negative** ⇒ by the rule `#607` already established, **a median of absolute values over correlations ","参照那个 0.093,是一堆符号随机的零取了绝对值",1,0
README.md,542,,15812,is that my own positive control passed by luck**: I compared a *median of per-facet medians* (0.5645) against `#542`'s *pooled median over 200 pairs* (0.5789) — **two different statistic,"面内高于面间,而那是设计;`prior_art` 这一行第一次自己举了手",1,0
README.md,718,,16092,"89, a gap of 0.0067** — **the conclusion is unchanged, and until now it held by luck.** This is the mirror of `#718`: there a failing positive control caught me comparing mismatched numb","比值随符号约定腰斩,而两条判决因此翻面",1,0
README.md,542,,16255,mparing mismatched numbers; **here a passing one concealed the same thing.** ⚠ **The third must be inherited: `#542` was already downgraded to a VERIFICATION by `P14`'s `prior_art` line*,"面内高于面间,而那是设计;`prior_art` 这一行第一次自己举了手",1,1
README.md,720,,16579,"ires* = 0.666), and **a result restating how the instrument was built is a verification, not a finding**. ⇒ **`#720`'s within-facet half inherits that downgrade verbatim, and the page ro","一个人的性不是一件事,是二十件互不蕴含的事",1,0
README.md,676,,17146,"his page's oldest education claim does not move under the new tools — for a structural reason, not by luck.** `#676` says education pushes both item groups toward tolerance, and pushes g","变宽容和变成一个立场是两件事,教育只对性做了后面那件",1,0
README.md,718,,17429,"her — marginal-matched Δ **+0.1604** against a null 95th percentile of **0.0372**, **4.31×**. Recomputed with `#718`'s optimal signs: **sexual four Δ greedy +0.1837 / optimal +0.1837; ge","比值随符号约定腰斩,而两条判决因此翻面",1,0
README.md,718,,17723,"erence* but **all six pairwise correlations are positive, so the greedy assignment already is the optimum and `#718`'s mechanism is structurally impossible here**. **The first is a noisy","比值随符号约定腰斩,而两条判决因此翻面",1,0
README.md,721,,17942,tence that can be cited.** ⚠ And writing this I again pushed detail into a table row and tripped the gate — **`#721` established that rows are summaries and detail belongs in the narrati,"未决关掉了,而它带出我那个蒙对的正对照和一条早该继承的降级",1,0
README.md,676,,18129,"e, and two rounds later I broke it myself**; this paragraph is that detail moved back where it belongs `[#723「`#676` 在新工具下不动,而这一条是 CLOSURE,不许写成 FRONTIER」]`. ⚠ **And a hole this page has ","变宽容和变成一个立场是两件事,教育只对性做了后面那件",1,0
README.md,617,,18263,"SURE,不许写成 FRONTIER」]`. ⚠ **And a hole this page has carried for a long time is now filled by the same tool.** `#617` says a society does not decide whether violence is right, it decides ","一个社会不决定暴力对不对,它决定对谁做才不对",1,0
README.md,618,,18348,"lled by the same tool.** `#617` says a society does not decide whether violence is right, it decides to whom; `#618` recorded that **the same question could not be measured for sex** — n","三个搜索版本,没有一个能找回它自己已知的正例",1,0
README.md,717,,18581,"itive control, and the reason was that **the *to whom* lives between variables, not inside any one of them**. `#717` had just shown how to use exactly that structure. ⚠ **The family reco","接缝在手段上,不在孩子身上",1,0
README.md,542,,21327,"nographies give the same answer about how strict this society is on sex — is a verification, not a discovery (`#542` was downgraded by the `prior_art` rule for exactly this shape). The d","面内高于面间,而那是设计;`prior_art` 这一行第一次自己举了手",1,1
README.md,749,,23118,"om 0.19 to 0.25, **so the primary partials out only the strongest single trait**; ③ **no halo null**, because `#749` measured it to be a no-op for this kind of composite. ⚠ And the conve","一个社会对性的严厉,不是它一般有多严的一个侧面",1,0
README.md,749,,23233,` measured it to be a no-op for this kind of composite. ⚠ And the convergent half remains a **verification** (`#749` labelled it); **what this round strengthens is the discriminant half*,"一个社会对性的严厉,不是它一般有多严的一个侧面",1,0
README.md,737,,25191,"0.6558 vs ≤+0.3030 at the society level; +0.13 against 97% retention at the person level) — exactly the shape `#737` established: direction transfers, magnitude does not.** `[#751「一个人对性的","合成世界的天花板是 0.95,GSS 的是 0.48–0.85,所以只有方向可搬",1,0
README.md,750,,27629,"sex belongs to an authority-and-ingroup **family** at the person level, then of the nine child-rearing traits `#750` partialled out at the society level **only obedience belongs to that ","把一般的严整个扣掉,性还剩 +0.55",1,0
README.md,750,,27804,"gs to that family** — which can simply be recomputed. ⚠ The strongest confound was real: **I had already seen `#750`'s nine-cell grid, so any family I drew myself was fitted to it**; the","把一般的严整个扣掉,性还剩 +0.55",1,0
README.md,750,,28531,"society level there is no obedience family, only obedience; and of the +0.0898 that removing all nine cost in `#750`, +0.0783 is obedience by itself.** ⚠ What was narrowed is not the pre","把一般的严整个扣掉,性还剩 +0.55",1,0
README.md,623,,39977,"ose. The new form: **a verdict compares only measured quantities, each against its own null.** Backtested per `#623` against the two rounds that motivated it, computed from the persisted","三十六次页面更正里,二十九次是措辞",1,0
README.md,754,,40150,"the persisted result files — **both go from undecidable to decidable, with more informative conclusions**: in `#754` authority is **14.0×** its own null and ingroup **4.9×**, so **both a","人层那个族大半是一件事,而判不了的是我的阈值不是世界",1,0
README.md,762,,40276," is **14.0×** its own null and ingroup **4.9×**, so **both are real, one simply larger** (2.9× the other); in `#762` religion is **3.50×** politics, while **the residual is 1.89× religio","宗教解释三分之一,政治解释一成,而还剩六成二",1,0
README.md,747,,55888,"hat sentence was missing half of itself, which the next round supplied: eighteen points — relative to whom?** `#747` had already measured that churchgoers' level shift was half of everyo","方差升得最多的那一层耦合最强,而我预测的方向是反的",1,0
README.md,783,,56596," of everyone else's change, and they started higher and finished higher.**⚠ (**this precision is retracted in `#783`** — that range was the span between two stratifications, not an uncer","页面公布的是小的那种不确定性,大的那种一直在幕后",1,0
README.md,779,,61640,"n changes: not ""the world contains a reversed specification"" but ""my readability criterion was too loose""** — `#779`–`#781` required each stratum's slope to clear its own null, which **n","钉住出生世代之后,那个比不但还在,而且更极端",1,0
README.md,781,,61647,"es: not ""the world contains a reversed specification"" but ""my readability criterion was too loose""** — `#779`–`#781` required each stratum's slope to clear its own null, which **never te","三十七个规格里有一个反号,而预注册说那就撤回",1,0
README.md,787,,62553," 1975–94; 2/2 for 1980–99 (median width 7.73); 4/8 for 1930–49.** ⚠ **those two denominators are corrected in `#787`**: they count **the cells that could be computed**, and of the design","分母被换成活下来的格,三处,而它们指向相反的方向",1,0
README.md,782,,63179,"ction fell exactly where the data cannot see.**`[#782「撤回维持,但理由换了人:不是世界有反号,是我的判据没检验比值」]`。 ⚠⚠ **The first thing `#782`① asked for was a count, and the count overturned the way I was counti","撤回维持,但理由换了人:不是世界有反号,是我的判据没检验比值",1,4
README.md,721,,65576,"e a function the project already has (`lib/blocks.py::median_of_group_medians`, whose docstring already says ""`#721` measured: 0.5645 vs 0.5856""); ② **and calling it does not give 0.5645","未决关掉了,而它带出我那个蒙对的正对照和一条早该继承的降级",1,0
README.md,782,,66007,"tion span.** ⚠⚠ **The heaviest self-catch is my own matcher**: the first version matched published numbers to `#782`'s 44 cells **by value**, so the pooled `0.328` landed on a **cohort c","撤回维持,但理由换了人:不是世界有反号,是我的判据没检验比值",1,0
README.md,785,,68299,"e else, and none of the eight intervals contains 1.0.** ⚠⚠ **Both numbers are retracted with a sign change in `#785`**: this round's `r_obs` is a slope ratio while Δ was calibrated on a ","不是一条关于性道德的规律,是一条关于「其余人真的动了的那些题」的规律",1,0
README.md,786,,70590,"oo:** `homosex` 8/8 residuals entirely below 1.0 (0.331), `premarsx` 2/2 (0.390) ⚠ **denominator corrected in `#786`/`#787`: only 1 of 4 specifications is readable**, and those 2 cells a","同一道题只动年份集合,而同性恋那条在三个窗口下纹丝不动",1,0
README.md,787,,70597,"homosex` 8/8 residuals entirely below 1.0 (0.331), `premarsx` 2/2 (0.390) ⚠ **denominator corrected in `#786`/`#787`: only 1 of 4 specifications is readable**, and those 2 cells are that","分母被换成活下来的格,三处,而它们指向相反的方向",1,0
README.md,806,,74885,"e previous round used — **without it I would have answered an 18-item question with 4 items.**` ⚠ **and since `#806` this must carry one more sentence: the ""common latent shift"" control ",换边不是刻度造的(0.6%);而顶对这个设计够不着,1,0
README.md,799,,78598,"holds only on the eight items where society moved a lot.**⚠⚠ **the mechanism in this paragraph was refined in `#799` — not retracted, distinguished**: `#799`'s σ=0 control shows that **w",顶对经住了造世界那一级:小分母 + 噪声造不出 2.19 与 1.84,1,0
README.md,799,,78639,"ty moved a lot.**⚠⚠ **the mechanism in this paragraph was refined in `#799` — not retracted, distinguished**: `#799`'s σ=0 control shows that **with no noise a small denominator produces",顶对经住了造世界那一级:小分母 + 噪声造不出 2.19 与 1.84,1,0
README.md,797,,81258,"needs held-out items this instrument cannot supply.⚠⚠ **the ""three clumps"" in this paragraph are retracted in `#797`**: the two bottom items' intervals contain both 0 and the middle's 0.","底堆归不了堆:三堆撤回,剩下「干净的一对 + 排不出层的六题」",1,0
README.md,797,,81663,"at **the top pair separates from everything else**, **not** evidence of a three-level partition; split out in `#797`, middle/bottom resolves only 4/8.` ⚠ **and since `#806` this must car","底堆归不了堆:三堆撤回,剩下「干净的一对 + 排不出层的六题」",1,0
README.md,806,,81719,"t** evidence of a three-level partition; split out in `#797`, middle/bottom resolves only 4/8.` ⚠ **and since `#806` this must carry one more sentence: the ""common latent shift"" control ",换边不是刻度造的(0.6%);而顶对这个设计够不着,1,0
README.md,776,,85376,"了一次,同一族第三次」]`。 ⚠⚠ **And underneath those three clumps sits a design choice that has been in every round since `#776` and that the ledger never once named: ""the most devout third"" is defi","虔诚者不是越来越一致,是越来越分散;只有婚外性纹丝不动",1,0
README.md,779,,85650," ⇒ **part of ""the devout changed their minds"" might not be minds changing at all, but who counts as devout.** `#779` pinned birth cohort, which **cannot pin this line**. ⇒ First, measure","钉住出生世代之后,那个比不但还在,而且更极端",1,0
README.md,797,,87118,"d, the difference is exactly 0.⚠ **how ""the three clumps survive intact"" in this paragraph must be read after `#797`**: this paragraph is **not wrong** — it established that **the partit","底堆归不了堆:三堆撤回,剩下「干净的一对 + 排不出层的六题」",1,0
README.md,797,,90435,"wise is not a measurement — labelled a derivation.⚠ **likewise, ""not one clump member changes"" here is, after `#797`, the stability of an unresolvable partition** — this paragraph's conc","底堆归不了堆:三堆撤回,剩下「干净的一对 + 排不出层的六题」",1,0
README.md,791,,90937,"softest part of the page's centre — and it collapsed.** The starting point is a correction of my own writing: `#791`'s ""16/20 between-pairs distinguishable"" pooled three different bounda","不是一条轴,是三堆;而解释它这条路在算术上就是关着的",1,0
README.md,791,,92115,"cial intermarriage 1.84, both excluding 0.41 and 0) plus six items that cannot be sorted into levels.** ⚠ And `#791`'s intervals disagree with this round's, which must not be blamed on t","不是一条轴,是三堆;而解释它这条路在算术上就是关着的",1,0
README.md,791,,92911,cting each. ⇒ **And the criterion has a branch whose omission would have destroyed two rounds of good work:** `#791` **asserts** the three-level partition and is retracted outright; but ,"不是一条轴,是三堆;而解释它这条路在算术上就是关着的",1,0
README.md,806,,95579,"t as *the point estimate is pushed up*; two different mechanisms I had been treating as one.**` ⚠ **and since `#806` this must carry one more sentence: the ""common latent shift"" control ",换边不是刻度造的(0.6%);而顶对这个设计够不着,1,0
README.md,806,,100538,"emarital sex, the only unsaturated one, has 60.9% piled on the endpoint in the top quintile.**` ⚠ **and since `#806` this must carry one more sentence: the ""common latent shift"" control ",换边不是刻度造的(0.6%);而顶对这个设计够不着,1,0
README.md,801,,102827," second moments, and both instruments exceed their own Gaussian nulls (1.08×–2.60× and 1.93×–2.93×).**  **And `#801` immediately exposed something larger: this page has published `r` for","两题都是「追上」;而地板和天花板一样压缩,我的镜像直觉是反的",1,0
README.md,797,,104143,the devout went from below everyone else to above them. ⚠ But `helpblk`'s `r` interval spans both 0 and 0.41 (`#797`) ⇒ **the ratio side is unreadable while the gap side is direct observ,"底堆归不了堆:三堆撤回,剩下「干净的一对 + 排不出层的六题」",1,0
README.md,783,,104807,"regression on this round's numbers.** ⚠ **These gaps carry no interval**, recorded honestly as a debt against `#783`. `[#802「五条鸿沟在裂,三条在合」]`  **And `#802`'s sentence immediately owed a co","页面公布的是小的那种不确定性,大的那种一直在幕后",1,0
README.md,802,,104844," ⚠ **These gaps carry no interval**, recorded honestly as a debt against `#783`. `[#802「五条鸿沟在裂,三条在合」]`  **And `#802`'s sentence immediately owed a control, so the next round went and bui","五条鸿沟在裂,三条在合;而同性恋那条翻了三倍",1,2
README.md,801,,105611,"— I built it again**: `fit` calibration on the non-devout arm demands **89.8% of the reachable range**, where `#801` had just established ""no control may demand a change near the reachab","两题都是「追上」;而地板和天花板一样压缩,我的镜像直觉是反的",1,0
README.md,787,,106669,"opposite directions.** ⚠ The pre-registered verdict is still honoured to the letter and reported as such, per `#787` — **naming a defect in the criterion afterwards licenses no post-hoc ","分母被换成活下来的格,三处,而它们指向相反的方向",1,0
README.md,706,,107106,"97 society-side ones). **Do not read 18.46 as ""most reliable""; it is merely the biggest sample** (Entry 706 / `#706`).   **〔…〕** = **the instrument this claim routes through**. ⚠ *Cross-","「Entry 697 · 698」这种写法,把第二个数从每一具读者眼里藏了起来",1,1
README.md,711,,110169," gives **+0.2206** against a halo null of **0.1682**, and the convention is settled as |ρ| (Entry 642 · 711 / `#711`) 〔SCCS〕 ⟨1.31⟩| | Hitting children and hitting wives are not one act ","③ 说复现了,④ 说没复现,而差的那 0.0009 卡在我凭直觉选的容差上",1,0
README.md,709,,112721,"lf is only +0.0382; placebo +0.0208; ⚠ education is not randomised, so this is not causal (Entry 683 · 709;零由 `#709` 补上,格内打乱零 95% 分位 0.0207) 〔GSS〕 ⟨3.47⟩| | **Education makes people near","同一个世代里,读书更多的人道德判断确实更连成一片,而这次它有零了",1,0
README.md,834,,114949,"*4.31×**〕| | **Two walls: the question as posed is not identified, and the version that is has no power** | **`#834`① asked ""with the age effect removed, how much of the religious cell r","那条缝沿着两条线裂:信不信教,和多大年纪。而我的判词把第二条说没了",1,0
README.md,822,,117369,"ead of every judgement about people ⇒ the result was stopped before reading rather than withdrawn after** — **`#822` taught ""measure whether the change helps before rebuilding on it""; th","那个「单点价值最高的改动」没用;而堵住的东西是年份数,不是统计",1,0
README.md,832,,119574,"ing their own MDE, 0/2**; `G3` BH over the 3-arm family leaves **0/3** (⚠ **three is a very narrow family and `#832` proved a narrower family survives more easily — not counted as credit","62 格、两根轴、五种族定义,只剩一件事:九十年代那一格",1,0
README.md,837,,120103,"f today it looks more like a fact about how ethnography gets read than a fact about how societies work** ⚠⚠ **`#837` narrows this in place**: ""change the anthropologists and it disappear","三把尺子彼此同意吗:问不出来,而这句「问不出来」收窄了我昨天的头条",1,0
README.md,837,,120387,"**, and that interpretation must first rule out ""those two teams were measuring something else all along"" — **`#837` shows that rival cannot be ruled out in SCCS at all: the three restri","三把尺子彼此同意吗:问不出来,而这句「问不出来」收窄了我昨天的头条",1,0
README.md,111,,122209,"ence is written down honestly, and no verdict is changed after the fact (swapping yardsticks post-run is what `#111` forbids)**, registered as `#836`①; ⚠ **what cannot be fixed**: **the ","剂量在这套数据上问不出来,这是能力边界不是零;而我为了追它偏离了自己写下的 NEXT 三轮",1,0
README.md,836,,122242,"d no verdict is changed after the fact (swapping yardsticks post-run is what `#111` forbids)**, registered as `#836`①; ⚠ **what cannot be fixed**: **the outcome side is single-instrument","换单位到社会:那条「谴责↔稀少」的关联,只有同一批编码者看得见",1,0
README.md,836,,123005,"uestion cannot be asked — and that ""cannot"" narrows my own headline from last round** | **`§3` basin: I liked `#836`'s headline, so this round went looking for reasons it does not stand*","换单位到社会:那条「谴责↔稀少」的关联,只有同一批编码者看得见",1,0
README.md,836,,123638," do the three restrictiveness rulers agree pairwise?** | **⓪ hard rule ① re-run, and it caught two defects in `#836`, one of them the very error class I had just excluded a variable for ","换单位到社会:那条「谴责↔稀少」的关联,只有同一批编码者看得见",1,0
README.md,803,,123715,"un, and it caught two defects in `#836`, one of them the very error class I had just excluded a variable for (`#803`'s pattern)**: ① `SCCS961` **code 4 ""permitted for males but no female","预注册说「真分歧」,而它的八格里有四格是我一轮前刚记下的那个毛病",1,0
README.md,836,,123989,"on on the male"" = male side missing** — **neither lies on the restrictiveness dimension, which is exactly why `#836` discarded `SCCS634` and excluded `SCCS176` code 2; last round I read ","换单位到社会:那条「谴责↔稀少」的关联,只有同一批编码者看得见",1,0
README.md,836,,124244,"y cannot be determined from the metadata** (the title carries ""(No)"" while the codes are only 1=Yes/2=No) and `#836`'s kill required ""same sign as A"" ⇒ **that criterion consumed an input","换单位到社会:那条「谴责↔稀少」的关联,只有同一批编码者看得见",1,0
README.md,836,,125313,"ind of suppression it is about** `[#837「问不出来」]` (Entry 837) 〔SCCS/D-PLACE〕 ⟨**two methodological notes**: ① **`#836`① now lives in the tool, not only in prose** — `lib/gates.py`'s `asser","换单位到社会:那条「谴责↔稀少」的关联,只有同一批编码者看得见",1,0
README.md,814,,125528,"dstick`/`yardstick_noise`, and their absence stamps `⚠ 判据的尺未命名` on the output; **it marks, it does not block (`#814`'s same decision, `L81`)**, and both of this round's kills reported th",容差比噪声窄七倍:那两条负控是随机开火的,1,0
README.md,836,,126018,"s ⇒ one null per pair, its 95th percentile of |ρ| as the threshold, **~300× faster and also more correct**; **`#836`'s kill survives re-checking but this is not an acquittal (this round ","换单位到社会:那条「谴责↔稀少」的关联,只有同一批编码者看得见",1,0
README.md,835,,126699,| **The nineties rift opened because the secular side left — not because the devout side dug in** | **`§0.2`: `#835` two walls · `#836` overturned · `#837` UNVERIFIED — three consecutive,"两层墙:那个问句不可识别,而能识别的那个版本没有功效",1,0
README.md,836,,126718,ft opened because the secular side left — not because the devout side dug in** | **`§0.2`: `#835` two walls · `#836` overturned · `#837` UNVERIFIED — three consecutive rounds whose produ,"换单位到社会:那条「谴责↔稀少」的关联,只有同一批编码者看得见",1,0
README.md,837,,126738,"e secular side left — not because the devout side dug in** | **`§0.2`: `#835` two walls · `#836` overturned · `#837` UNVERIFIED — three consecutive rounds whose product was ""cannot"", and","三把尺子彼此同意吗:问不出来,而这句「问不出来」收窄了我昨天的头条",1,0
README.md,846,,128589,"om its own pace exactly once in fifty years — in the 2010s, in the direction of greater permissiveness** ⚠⚠ **`#846` narrows the scope in place**: this holds **only on `homosex`**. Acros","「不信教的人走得更快」不是关于那群人的话,只在同性恋这一道题上",1,0
README.md,818,,129461," is unchanged ⇒ the departure shifts by exactly A (**the instrument was right and my expectation was wrong**, `#818`'s class); ② replanting on `S[-1]=2024` and predicting a net rise in t","UNVERIFIED,而理由是这个设计的噪声底比「值得说的量」还大",1,0
README.md,835,,130798,fixed threshold of belief** — as a whole society becomes less devout the same tercile holds different people (`#835` already showed the entanglement with age is structurally non-identifi,"两层墙:那个问句不可识别,而能识别的那个版本没有功效",1,0
README.md,838,,131109,"cent five years enter no conclusion here**, registered rather than ""planned""⟩| | **A ruler with no upper end: `#838` holds in 10 of 10 cells, and the ceiling biased the opposite way from","九十年代那条缝张开,是世俗那边走了,不是虔诚那边顶住了",1,0
README.md,838,,131221,"838` holds in 10 of 10 cells, and the ceiling biased the opposite way from the one I feared** | **`§3` basin: `#838`'s ""first pulled open, then caught up"" is a pleasing story, and pleasi","九十年代那条缝张开,是世俗那边走了,不是虔诚那边顶住了",1,0
README.md,838,,131368,"ght up"" is a pleasing story, and pleasing is exactly why it had to be checked** ⇒ **the threat was printed in `#838`'s own headroom table: by the 2010s the secular stratum had reached 3.","九十年代那条缝张开,是世俗那边走了,不是虔诚那边顶住了",1,0
README.md,838,,132019," edges**, and recompute **the whole grid** rather than only the threatened cell | **10 of 10 cells agree with `#838`**; 1990s secular latent **+0.5436 [+0.372,+0.725] excludes zero** (me","九十年代那条缝张开,是世俗那边走了,不是虔诚那边顶住了",1,0
README.md,838,,132228,"0s devout latent **+0.3440 [+0.167,+0.545] excludes zero** (mean scale +0.3331) ⇒ **BH leaves 5, BY leaves 5 (`#838` left 4)**; ⚠⚠ **and the most transferable result is that the ceiling ","九十年代那条缝张开,是世俗那边走了,不是虔诚那边顶住了",1,0
README.md,838,,132839,"ound can be named correctly and still point the opposite way, and only measuring it tells you which**; ⚠ **so `#838`'s ""caught up"" splits into two sentences and only the first stands**: ","九十年代那条缝张开,是世俗那边走了,不是虔诚那边顶住了",1,0
README.md,846,,133465,he religious moved for the first time too — and neither of those is an artifact of the ruler running out. ⚠ **`#846`'s scope applies here too**: this round also ran **only `homosex`**. A,"「不信教的人走得更快」不是关于那群人的话,只在同性恋这一道题上",1,0
README.md,770,,135258,"n it""⟩| | **Give the gap its own interval: ""it was pulled open"" holds, ""it closed again"" cannot be said** | **`#770` established this long ago: compare the quantity itself, not two quant","解释份额是推导不是测量,而我用它写了五轮",1,0
README.md,838,,135362,"* | **`#770` established this long ago: compare the quantity itself, not two quantities each against zero** — `#838`/`#839` reported the **two strata's own** departures, and I read ""firs","九十年代那条缝张开,是世俗那边走了,不是虔诚那边顶住了",1,0
README.md,839,,135369,"#770` established this long ago: compare the quantity itself, not two quantities each against zero** — `#838`/`#839` reported the **two strata's own** departures, and I read ""first pulle","换一把没有上端的尺子:`#838` 十格全对,而天花板偏的方向和我担心的相反",1,0
README.md,838,,137219," than me catching them**: ① **the identity control first failed at 2.3e−5, and what failed was my retyping of `#838`'s four decimal places** ⇒ changed to **reading `#838`'s own results J","九十年代那条缝张开,是世俗那边走了,不是虔诚那边顶住了",1,0
README.md,838,,137273,"st failed at 2.3e−5, and what failed was my retyping of `#838`'s four decimal places** ⇒ changed to **reading `#838`'s own results JSON**, after which the difference is 0.00e+00 ⇒ **rule","九十年代那条缝张开,是世俗那边走了,不是虔诚那边顶住了",1,0
README.md,840,,137461,never type a previous round's number into the next round's script; read it from the artifact** (registered as `#840`①); ② **one of this round's stated reasons for existing was itself fal,"给差距算它自己的区间:「拉开」经得住,「合上了」说不出口",1,0
README.md,773,,138567,"the second version's identity control was ruled **DEGENERATE** by the library, and **the library was right** (`#773`) — I was comparing `max|difference|` against a literal 0, **both exac","连唯一没饱和的那一题也判不了,而这是第二次 ⇒ 换方向",1,0
README.md,770,,138725,"nst a literal 0, **both exactly zero, and a computed 0 equalling a hard-coded 0 proves nothing** ⇒ changed to `#770`'s form: **compare two non-zero values** (−0.512923 vs −0.512923); pos","解释份额是推导不是测量,而我用它写了五轮",1,0
README.md,835,,139172,"interval half-width is ≈0.23 against a quantity of ≈0.09, so **the noise is 2.5× what must be resolved**, and `#835` already established this as the structural limit of decade resolution","两层墙:那个问句不可识别,而能识别的那个版本没有功效",1,0
README.md,846,,139356,"on (GSS runs 4–6 times per decade), **not a compute problem**; ② the 2020s still enter no conclusion here ⚠ **`#846`'s scope applies here too**: this round also ran **only `homosex`**; a","「不信教的人走得更快」不是关于那群人的话,只在同性恋这一道题上",1,0
README.md,840,,139738,"*Building a ruler for ""never retype last round's number"" — and the first one was killed by its own null** | **`#840`① asked that ""never retype a previous round's number"" become a tool ra","给差距算它自己的区间:「拉开」经得住,「合上了」说不出口",1,0
README.md,836,,139838,"ull** | **`#840`① asked that ""never retype a previous round's number"" become a tool rather than a resolution (`#836`①'s same sentence: a lesson that does not reach the tooling has not la","换单位到社会:那条「谴责↔稀少」的关联,只有同一批编码者看得见",1,0
README.md,840,,141030,"-decimal hit is a **full-precision copy**, which is numerically harmless, whereas what actually went wrong in `#840` was **`0.6266 ← 0.626612`, a four-decimal rounding — sitting precisel","给差距算它自己的区间:「拉开」经得住,「合上了」说不出口",1,0
README.md,800,,143468,"ng human judgement and I have judged none of it** ⇒ **it must not be quoted as this project's defect count** (`#800`: survival is not evidence, and neither is a backlog)⟩| | **Fix the cu","MDE 关的是确认,不是反驳:六个候选全部被反例杀掉,一个统计量都没用",1,0
README.md,833,,143600,"t evidence, and neither is a backlog)⟩| | **Fix the cut and count again: the population was inflated 28%, and `#833` had the defect's shape wrong too** | **Paying `#833`①'s debt — and th","三次扫描,三个答案;而差别全在「一处」是怎么定义的",1,0
README.md,833,,143653,"ut and count again: the population was inflated 28%, and `#833` had the defect's shape wrong too** | **Paying `#833`①'s debt — and the new controls forced a correction to `#833` itself b","三次扫描,三个答案;而差别全在「一处」是怎么定义的",1,0
README.md,833,,143714,"3` had the defect's shape wrong too** | **Paying `#833`①'s debt — and the new controls forced a correction to `#833` itself before the debt could be paid**: `#833` recorded ""annotations ","三次扫描,三个答案;而差别全在「一处」是怎么定义的",1,0
README.md,833,,143761,"g `#833`①'s debt — and the new controls forced a correction to `#833` itself before the debt could be paid**: `#833` recorded ""annotations appended after the anchor are invisible to the ","三次扫描,三个答案;而差别全在「一处」是怎么定义的",1,0
README.md,100,,144095,"'s end**, so text following entry `#N`'s anchor falls inside **`#N+1`'s unit** (control: a note written after `#100`'s anchor was handed to `#101`) ⇒ **""invisible"" only makes you miss th","a reliable person-level trait in WHICH options are endorsed, independent of HOW MANY",1,0
README.md,101,,144125,"try `#N`'s anchor falls inside **`#N+1`'s unit** (control: a note written after `#100`'s anchor was handed to `#101`) ⇒ **""invisible"" only makes you miss things; ""misattributed"" makes yo","the trait tracks WHEN interests were acquired, more than it tracks personality",1,0
README.md,836,,144312," convict the wrong one**, and this project's corrections are appended after the anchor precisely (that is how `#836`/`#837`'s in-place narrowings are written), while `#798` is precisely ","换单位到社会:那条「谴责↔稀少」的关联,只有同一批编码者看得见",1,0
README.md,837,,144319,"t the wrong one**, and this project's corrections are appended after the anchor precisely (that is how `#836`/`#837`'s in-place narrowings are written), while `#798` is precisely the rou","三把尺子彼此同意吗:问不出来,而这句「问不出来」收窄了我昨天的头条",1,0
README.md,798,,144368," are appended after the anchor precisely (that is how `#836`/`#837`'s in-place narrowings are written), while `#798` is precisely the round that splits units by owner into ""retraction si","撤回落地了,而更正分两种:断言它 vs 证明它稳定",1,0
README.md,841,,145132,"heir predicates read out of their own files with `ast`, not one character retyped — the first positive use of `#841`'s new ruler): `#798` CLUMP 26→22, PTR 33→27; `#807` TOP 76→54 (−29%),","造一把「别手抄上一轮的数」的尺子,而第一把被自己的零杀掉了",1,0
README.md,798,,145153,"out of their own files with `ast`, not one character retyped — the first positive use of `#841`'s new ruler): `#798` CLUMP 26→22, PTR 33→27; `#807` TOP 76→54 (−29%), MARK_TOP 49→43, MARK","撤回落地了,而更正分两种:断言它 vs 证明它稳定",1,0
README.md,807,,145184,"t`, not one character retyped — the first positive use of `#841`'s new ruler): `#798` CLUMP 26→22, PTR 33→27; `#807` TOP 76→54 (−29%), MARK_TOP 49→43, MARK_GEN 8→6, GEN 4→4; `#828` MARKE",「从来没跑到」与「跑不了」对读者的意思是相反的,1,0
README.md,828,,145248,"'s new ruler): `#798` CLUMP 26→22, PTR 33→27; `#807` TOP 76→54 (−29%), MARK_TOP 49→43, MARK_GEN 8→6, GEN 4→4; `#828` MARKED 85→49 (−42%), TARGET 22→12 (−45%)** ⇒ six of seven change, and","两条更正落地;而那份欠账清单的「0 笔」,仪器只验证过一次",1,0
README.md,798,,145327," 49→43, MARK_GEN 8→6, GEN 4→4; `#828` MARKED 85→49 (−42%), TARGET 22→12 (−45%)** ⇒ six of seven change, and **`#798` additionally has 4 units that change owner** (748 and 825, two each —","撤回落地了,而更正分两种:断言它 vs 证明它稳定",1,0
README.md,798,,145753,"cted on the spot** — **this round measured how many units a predicate hits, not the three rounds' verdicts** (`#798`'s `naked==0` and `#807`/`#828`'s ""both corrections landed"" were **not","撤回落地了,而更正分两种:断言它 vs 证明它稳定",1,0
README.md,807,,145777,"his round measured how many units a predicate hits, not the three rounds' verdicts** (`#798`'s `naked==0` and `#807`/`#828`'s ""both corrections landed"" were **not recomputed at all**) ⇒ ",「从来没跑到」与「跑不了」对读者的意思是相反的,1,0
README.md,828,,145784,"nd measured how many units a predicate hits, not the three rounds' verdicts** (`#798`'s `naked==0` and `#807`/`#828`'s ""both corrections landed"" were **not recomputed at all**) ⇒ **regis","两条更正落地;而那份欠账清单的「0 笔」,仪器只验证过一次",1,0
README.md,834,,145923,"nded"" were **not recomputed at all**) ⇒ **registered as untested, neither ""affected"" nor ""fine""** — **exactly `#834`'s class: a verdict string saying what its own output did not** ⇒ **a ","那条缝沿着两条线裂:信不信教,和多大年纪。而我的判词把第二条说没了",1,0
README.md,833,,146552,hat sentence** `[#842「总体虚高 28%」]` (Entry 842) 〔this project's own pages〕 ⟨**Production plus one correction to `#833`; labelled honestly: this round produces no new judgement about people,"三次扫描,三个答案;而差别全在「一处」是怎么定义的",1,0
README.md,100,,146739,*; gates: ① controls (`lib/page_units.controls()`) — **positive**: the old cut must hand a note written after `#100`'s anchor to `#101`; **positive β**: the old `para` must contain table,"a reliable person-level trait in WHICH options are endorsed, independent of HOW MANY",1,0
README.md,101,,146758,s (`lib/page_units.controls()`) — **positive**: the old cut must hand a note written after `#100`'s anchor to `#101`; **positive β**: the old `para` must contain table-row text (the doub,"the trait tracks WHEN interests were acquired, more than it tracks personality",1,0
README.md,840,,147132,"nd): the three rounds' predicates are their own regexes, and **retyping them would commit precisely the error `#840`/`#841` had just made a rule against** ⇒ read out via `ast` and recomp","给差距算它自己的区间:「拉开」经得住,「合上了」说不出口",1,0
README.md,841,,147139,"e three rounds' predicates are their own regexes, and **retyping them would commit precisely the error `#840`/`#841` had just made a rule against** ⇒ read out via `ast` and recompiled; ③","造一把「别手抄上一轮的数」的尺子,而第一把被自己的零杀掉了",1,0
README.md,843,,147619," answers ""what is true today"", not ""was it wrong then"" — **two different questions, registered as such** ⚠⚠ **`#843` withdraws this in place**: the page as it stood is **in `git`** (`git","我上一轮登记的那条「改不了」,`git` 里存着答案",1,0
README.md,842,,148080,"d after writing it**.⟩| | **The ""cannot be fixed"" I registered last round — `git` had the answer** | **Paying `#842`① (recompute `#798`'s `naked==0`) — and before it could be paid, a sen","修好切法再重数:总体虚高 28%,而 `#833` 自己也记错了缺陷的形状",1,0
README.md,798,,148099,"*.⟩| | **The ""cannot be fixed"" I registered last round — `git` had the answer** | **Paying `#842`① (recompute `#798`'s `naked==0`) — and before it could be paid, a sentence I wrote last ","撤回落地了,而更正分两种:断言它 vs 证明它稳定",1,0
README.md,842,,148204,"pute `#798`'s `naked==0`) — and before it could be paid, a sentence I wrote last round had to be withdrawn**: `#842`'s ""what cannot be fixed"" read ""recomputing those three verdicts means","修好切法再重数:总体虚高 28%,而 `#833` 自己也记错了缺陷的形状",1,0
README.md,798,,149182,"s audited** (`realstat`'s *a wall never checked*: of three ""permanent limits"", one was a query never run) | **`#798`'s verdict `naked == 0` is 0 in all four cells**: page-as-then × old c","撤回落地了,而更正分两种:断言它 vs 证明它稳定",1,0
README.md,797,,149601,"as-then is genuinely retrievable ⇒ pass; ② **premise (the pre-written confound): the `PTR` predicate contains `#797`, and the page-as-then is exactly the version just after `#797` was wr","底堆归不了堆:三堆撤回,剩下「干净的一对 + 排不出层的六题」",1,0
README.md,797,,149664,"ritten confound): the `PTR` predicate contains `#797`, and the page-as-then is exactly the version just after `#797` was written ⇒ the predicates are read from that same commit's script ","底堆归不了堆:三堆撤回,剩下「干净的一对 + 排不出层的六题」",1,0
README.md,842,,150926,"his project's own pages + git history〕 ⟨**Production plus the overturning of a ""structurally impossible"" that `#842` had itself registered**; ⚠ **what this round cannot do, written this ","修好切法再重数:总体虚高 28%,而 `#833` 自己也记错了缺陷的形状",1,0
README.md,807,,151075,"t this round cannot do, written this time in a checkable form so it does not become another unchecked wall**: `#807`/`#828`'s verdicts were **not recomputed here** — **not because it can",「从来没跑到」与「跑不了」对读者的意思是相反的,1,0
README.md,828,,151082,"round cannot do, written this time in a checkable form so it does not become another unchecked wall**: `#807`/`#828`'s verdicts were **not recomputed here** — **not because it cannot be ","两条更正落地;而那份欠账清单的「0 笔」,仪器只验证过一次",1,0
README.md,843,,151340,"f the three most likely to flip** ⇒ the other two are **explicitly registered as not done, not as undoable** (`#843`①); ⚠ and one further audit registered: **go back and check every ""can","我上一轮登记的那条「改不了」,`git` 里存着答案",1,0
README.md,835,,151476,"r audit registered: **go back and check every ""cannot be fixed / structurally impossible"" already written** — `#835`'s two walls, `#837`'s ""structurally cannot obtain a second instrument","两层墙:那个问句不可识别,而能识别的那个版本没有功效",1,0
README.md,837,,151496,"**go back and check every ""cannot be fixed / structurally impossible"" already written** — `#835`'s two walls, `#837`'s ""structurally cannot obtain a second instrument"", `#840`'s ""decade-","三把尺子彼此同意吗:问不出来,而这句「问不出来」收窄了我昨天的头条",1,0
README.md,840,,151555,"mpossible"" already written** — `#835`'s two walls, `#837`'s ""structurally cannot obtain a second instrument"", `#840`'s ""decade-resolution ceiling""; **I currently believe all three, but b","给差距算它自己的区间:「拉开」经得住,「合上了」说不出口",1,0
README.md,843,,151659,"ent"", `#840`'s ""decade-resolution ceiling""; **I currently believe all three, but believing is not checking** (`#843`②)⟩| | **Auditing the three walls I wrote: one fell, and it was the on","我上一轮登记的那条「改不了」,`git` 里存着答案",1,0
README.md,843,,151790,"ng the three walls I wrote: one fell, and it was the one I was surest of** | **The reason is what happened in `#843`**: I registered a ""structurally cannot be fixed"" in `#842` and **over","我上一轮登记的那条「改不了」,`git` 里存着答案",1,0
README.md,842,,151849,"was surest of** | **The reason is what happened in `#843`**: I registered a ""structurally cannot be fixed"" in `#842` and **overturned it the very next round with one `git show`** ⇒ `#843","修好切法再重数:总体虚高 28%,而 `#833` 自己也记错了缺陷的形状",1,0
README.md,843,,151920,"ed a ""structurally cannot be fixed"" in `#842` and **overturned it the very next round with one `git show`** ⇒ `#843`② registered ""go back and check every 'structurally impossible' alread","我上一轮登记的那条「改不了」,`git` 里存着答案",1,0
README.md,842,,152392,"computed) can be remeasured under another design · **BELIEF** (never checked) is settled by one query — **and `#842`'s wall was a BELIEF disguised as a DERIVATION, the most dangerous kin","修好切法再重数:总体虚高 28%,而 `#833` 自己也记错了缺陷的形状",1,0
README.md,835,,152758,"easier than ""it stands""** — **a wall still standing under that bias is stronger evidence, not weaker** | **W1 `#835` APC non-identification (DERIVATION) ⇒ fell**: build a world with only","两层墙:那个问句不可识别,而能识别的那个版本没有功效",1,0
README.md,835,,153154," **`cohort = year − age` makes only the LINEAR components collinear; the nonlinear components are identified. `#835`'s ""removing age also removes cohort ⇒ APC inseparable"" was overstated","两层墙:那个问句不可识别,而能识别的那个版本没有功效",1,0
README.md,835,,153301,"ohort ⇒ APC inseparable"" was overstated and is withdrawn here**; ⚠ **but this topples only the first wall** — `#835`'s second (the three-band stratified design **has no power**, which wa","两层墙:那个问句不可识别,而能识别的那个版本没有功效",1,0
README.md,837,,153577,"ent route (a pooled age-dummy + year-dummy regression), whose power is a separate unmeasured question**; **W2 `#837` (BELIEF) ⇒ stands**: the widest word list (12 stems) across all **1,7","三把尺子彼此同意吗:问不出来,而这句「问不出来」收窄了我昨天的头条",1,0
README.md,840,,153720,"idest word list (12 stems) across all **1,781** variables hits only `SCCS176`/`SCCS177`, **one source**; **W3 `#840` (MEASUREMENT) ⇒ stands**: 5-year bins give a half-width of **0.2362**","给差距算它自己的区间:「拉开」经得住,「合上了」说不出口",1,0
README.md,837,,154994,"le list, so ""total variables"" printed **the verdict's character count, 409**; ② **an incidental correction to `#837`**: `variables.csv` has **1,968 lines** but `csv` **parses 1,781** var","三把尺子彼此同意吗:问不出来,而这句「问不出来」收窄了我昨天的头条",1,0
README.md,837,,155121,"les.csv` has **1,968 lines** but `csv` **parses 1,781** variables (**description fields contain newlines**) ⇒ `#837`'s 1,968 was `wc -l`, **not a variable count**; **both were saved by t","三把尺子彼此同意吗:问不出来,而这句「问不出来」收窄了我昨天的头条",1,0
README.md,835,,155693,"s only that **the route is not closed by algebra**, **not that it is passable** — power is a separate matter, `#835`'s second wall still stands, and **""the wall fell"" must not be read as","两层墙:那个问句不可识别,而能识别的那个版本没有功效",1,0
README.md,844,,155925,"gebraic wall fell; the estimation wall stands — the identifiable half of age is itself inside the noise** | **`#844`① pre-registered this: the wall fell, so is the route passable?** — an","审计我写过的三堵墙:一堵倒了,而它是代数那一堵",1,0
README.md,844,,156003,"s itself inside the noise** | **`#844`① pre-registered this: the wall fell, so is the route passable?** — and `#844` itself wrote ""'the wall fell' must not be read as 'the question can b","审计我写过的三堵墙:一堵倒了,而它是代数那一堵",1,0
README.md,835,,156101,"le?** — and `#844` itself wrote ""'the wall fell' must not be read as 'the question can be answered'"", since **`#835`'s second wall (power) had never been touched** ⇒ **the first thing th","两层墙:那个问句不可识别,而能识别的那个版本没有功效",1,0
README.md,835,,156233,power) had never been touched** ⇒ **the first thing this round does is not seek a result but measure power** (`#835`'s lesson: the power gate goes ahead of every judgement about people);,"两层墙:那个问句不可识别,而能识别的那个版本没有功效",1,0
README.md,834,,156665,"** ⇒ **remove only the nonlinear part of the age profile**, **so what this round can ask is smaller than what `#834`① asked — and that is not conservatism, it is the only thing identifie","那条缝沿着两条线裂:信不信教,和多大年纪。而我的判词把第二条说没了",1,0
README.md,835,,157436,"06 / sham 0.1037 = 0.937** ⇒ **not one of the three resolutions is usable**; ⇒ **this is a sharper version of `#835`'s second wall, and it says more than the original ""no power"": it is n","两层墙:那个问句不可识别,而能识别的那个版本没有功效",1,0
README.md,844,,157692,ble part does not rise above its own noise — so there is nothing to adjust for. The route is open in algebra (`#844` proved that) and empty in estimation**; `Gate.admissible()`=**False**,"审计我写过的三堵墙:一堵倒了,而它是代数那一堵",1,0
README.md,835,,158180,"e nothing real was subtracted; ⇒ **a sentence about people, still about what cannot be asked but sharper than `#835`'s: ""how much of the nineties rift is age"" is not closed off by algebr","两层墙:那个问句不可识别,而能识别的那个版本没有功效",1,0
README.md,844,,158260,"not be asked but sharper than `#835`'s: ""how much of the nineties rift is age"" is not closed off by algebra — `#844` showed the algebra does not close it. It is closed off by the data: i","审计我写过的三堵墙:一堵倒了,而它是代数那一堵",1,0
README.md,111,c,159000,hree are unusable** ⇒ **the resolution was not chosen wrongly; the quantity is simply not there**; ⚠ **and by `#111c` this line ends here**: `#835` failed with three-band stratification (,"剂量在这套数据上问不出来,这是能力边界不是零;而我为了追它偏离了自己写下的 NEXT 三轮",1,0
README.md,835,,159031,olution was not chosen wrongly; the quantity is simply not there**; ⚠ **and by `#111c` this line ends here**: `#835` failed with three-band stratification (no power) and `#845` fails wit,"两层墙:那个问句不可识别,而能识别的那个版本没有功效",1,0
README.md,845,,159091,here**; ⚠ **and by `#111c` this line ends here**: `#835` failed with three-band stratification (no power) and `#845` fails with a pooled nonlinear age profile (the identifiable part sits,"代数那堵墙倒了,估计那堵墙立着:可识别的那半个年龄,本身就在噪声里",1,0
README.md,835,,159294,"**twice, two designs, two distinct reasons ⇒ stop asking ""religion or age""**, which is the same conclusion as `#835`①, **reached independently in two rounds, so it now rests on two piece","两层墙:那个问句不可识别,而能识别的那个版本没有功效",1,0
README.md,844,,159420,"ed independently in two rounds, so it now rests on two pieces of evidence**; ⚠ **what cannot be fixed**: what `#844` toppled was the **algebraic** wall, and it toppled it **correctly** —","审计我写过的三堵墙:一堵倒了,而它是代数那一堵",1,0
README.md,844,,159497,"⚠ **what cannot be fixed**: what `#844` toppled was the **algebraic** wall, and it toppled it **correctly** — `#844` is not withdrawn here; **the wall that fell and the wall that stands ","审计我写过的三堵墙:一堵倒了,而它是代数那一堵",1,0
README.md,838,,159737,"*""The non-religious moved faster"" is not a sentence about those people — it holds only on this one item** | **`#838`'s own NEXT pre-registered this round**: ""do not extrapolate 'the secu","九十年代那条缝张开,是世俗那边走了,不是虔诚那边顶住了",1,0
README.md,789,,160664," interval; the reference is set by each item-and-stratum's own full-span movement, so item polarity cancels — `#789`'s gauge check)**: `homosex` devout +0.1137 [−0.013,+0.243] / **secula","变异在组内,不在组间:「性 / 非性」这个切法解释不了任何东西",1,0
README.md,832,,161238,"xeduc`)**, and over the 16-cell family BH leaves **1** and BY leaves **1** (⚠ family size printed alongside — `#832`: a narrower family survives more easily); gates: ② **positive control","62 格、两根轴、五种族定义,只剩一件事:九十年代那一格",1,0
README.md,838,,161719,lytic zero**) ⇒ pass; ④ **premise (the pre-written confound)**: the eight items differ widely in headroom and `#838` had measured only `homosex` ⇒ headroom printed per cell with anything,"九十年代那条缝张开,是世俗那边走了,不是虔诚那边顶住了",1,0
README.md,799,,162821,"em about whether the state should run schooling, which is precisely where the cut killed by counterexample in `#799`/`#800` started**; **it was not pre-registered, so for now it is a hyp",顶对经住了造世界那一级:小分母 + 噪声造不出 2.19 与 1.84,1,0
README.md,800,,162828,"t whether the state should run schooling, which is precisely where the cut killed by counterexample in `#799`/`#800` started**; **it was not pre-registered, so for now it is a hypothesis","MDE 关的是确认,不是反驳:六个候选全部被反例杀掉,一个统计量都没用",1,0
README.md,111,,162908,"d by counterexample in `#799`/`#800` started**; **it was not pre-registered, so for now it is a hypothesis** (`#111`); ⚠ **what cannot be fixed**: the eight items are those in GSS that s","剂量在这套数据上问不出来,这是能力边界不是零;而我为了追它偏离了自己写下的 NEXT 三轮",1,0
README.md,846,,163505,m on this item is unlike the others; **those are two sentences and the second was not tested**⟩| | **Carrying `#846`'s scope onto `#839`/`#840` — and it landed on one of two paths again*,"「不信教的人走得更快」不是关于那群人的话,只在同性恋这一道题上",1,0
README.md,839,,163525,like the others; **those are two sentences and the second was not tested**⟩| | **Carrying `#846`'s scope onto `#839`/`#840` — and it landed on one of two paths again** | **Production (la,"换一把没有上端的尺子:`#838` 十格全对,而天花板偏的方向和我担心的相反",1,0
README.md,840,,163532,e others; **those are two sentences and the second was not tested**⟩| | **Carrying `#846`'s scope onto `#839`/`#840` — and it landed on one of two paths again** | **Production (labelled ,"给差距算它自己的区间:「拉开」经得住,「合上了」说不出口",1,0
README.md,846,,163666,"n one of two paths again** | **Production (labelled honestly: this produces no new judgement about people)**. `#846` narrowed ""the non-religious moved faster"" to the single item `homosex","「不信教的人走得更快」不是关于那群人的话,只在同性恋这一道题上",1,0
README.md,839,,163751,"dgement about people)**. `#846` narrowed ""the non-religious moved faster"" to the single item `homosex`, **but `#839` (the devout stratum's first departure, in the 2010s) and `#840` (the ","换一把没有上端的尺子:`#838` 十格全对,而天花板偏的方向和我担心的相反",1,0
README.md,840,,163815,"d faster"" to the single item `homosex`, **but `#839` (the devout stratum's first departure, in the 2010s) and `#840` (the nineties widening, the 2010s unsayable) also ran only `homosex`,","给差距算它自己的区间:「拉开」经得住,「合上了」说不出口",1,0
README.md,842,,164306, and hit **2 sites per page**; enumerating the population structurally with `lib/page_units.units()` (the one `#842` repaired) shows **each page has 4 units containing `#839`/`#840` — 2 ,"修好切法再重数:总体虚高 28%,而 `#833` 自己也记错了缺陷的形状",1,0
README.md,839,,164364,structurally with `lib/page_units.units()` (the one `#842` repaired) shows **each page has 4 units containing `#839`/`#840` — 2 table rows and 2 narrative paragraphs — and the first pass,"换一把没有上端的尺子:`#838` 十格全对,而天花板偏的方向和我担心的相反",1,0
README.md,840,,164371,rally with `lib/page_units.units()` (the one `#842` repaired) shows **each page has 4 units containing `#839`/`#840` — 2 table rows and 2 narrative paragraphs — and the first pass covere,"给差距算它自己的区间:「拉开」经得住,「合上了」说不出口",1,0
README.md,842,,165152,"y — searching for the sentence I remembered instead of enumerating the units structurally. The `units()` that `#842` repaired exists for exactly this, and having repaired it, I still rea","修好切法再重数:总体虚高 28%,而 `#833` 自己也记错了缺陷的形状",1,0
README.md,843,,166001,"e page says the scope right now**, **not that the next entry I write will say it** — **the other face of what `#843` measured: a correction that has ""landed"" is a state that decays**, an","我上一轮登记的那条「改不了」,`git` 里存着答案",1,0
README.md,847,,166193,"ing prevents me writing another over-scoped sentence tomorrow, **registered rather than pretended solved** (⇒ `#847`①: add the mechanical check to `readme_gate`)⟩| | **A scope gate — and","把 `#846` 的作用域走到 `#839`/`#840` 上,而它又一次落在两条路的一条上",1,0
README.md,847,,166350,"te`)⟩| | **A scope gate — and the class it cannot catch is written into the gate's own docstring** | **Paying `#847`①** — turning ""when citing a `homosex`-only conclusion you must state ","把 `#846` 的作用域走到 `#839`/`#840` 上,而它又一次落在两条路的一条上",1,0
README.md,836,,166492," a `homosex`-only conclusion you must state the scope"" **from something I remember into a mechanical check** (`#836`①/`#840`①'s same sentence: **a lesson that does not reach the tooling ","换单位到社会:那条「谴责↔稀少」的关联,只有同一批编码者看得见",1,0
README.md,840,,166500,"sex`-only conclusion you must state the scope"" **from something I remember into a mechanical check** (`#836`①/`#840`①'s same sentence: **a lesson that does not reach the tooling has not ","给差距算它自己的区间:「拉开」经得住,「合上了」说不出口",1,0
README.md,842,,166687,anded**); `tools/scope_gate.py` defines its population **structurally** via `lib/page_units.units()` (the one `#842` repaired — and `#847` went wrong three times precisely by not using i,"修好切法再重数:总体虚高 28%,而 `#833` 自己也记错了缺陷的形状",1,0
README.md,847,,166709,"_gate.py` defines its population **structurally** via `lib/page_units.units()` (the one `#842` repaired — and `#847` went wrong three times precisely by not using it), with the criterion","把 `#846` 的作用域走到 `#839`/`#840` 上,而它又一次落在两条路的一条上",1,0
README.md,838,,166800,"42` repaired — and `#847` went wrong three times precisely by not using it), with the criterion ""a unit cites `#838`/`#839`/`#840`/`#846` and contains no scope word"", **wired into `readm","九十年代那条缝张开,是世俗那边走了,不是虔诚那边顶住了",1,0
README.md,839,,166807,"aired — and `#847` went wrong three times precisely by not using it), with the criterion ""a unit cites `#838`/`#839`/`#840`/`#846` and contains no scope word"", **wired into `readme_gate ","换一把没有上端的尺子:`#838` 十格全对,而天花板偏的方向和我担心的相反",1,0
README.md,840,,166814," and `#847` went wrong three times precisely by not using it), with the criterion ""a unit cites `#838`/`#839`/`#840`/`#846` and contains no scope word"", **wired into `readme_gate --preco","给差距算它自己的区间:「拉开」经得住,「合上了」说不出口",1,0
README.md,846,,166821,"847` went wrong three times precisely by not using it), with the criterion ""a unit cites `#838`/`#839`/`#840`/`#846` and contains no scope word"", **wired into `readme_gate --precommit` a","「不信教的人走得更快」不是关于那群人的话,只在同性恋这一道题上",1,0
README.md,840,,167583,"xpected to separate them does not** — the first scan returned **8 hits**, all of one kind: those units cite **`#840`①** (the debt ""never retype last round's number""), **not `#840`'s conc","给差距算它自己的区间:「拉开」经得住,「合上了」说不出口",1,0
README.md,840,,167646,"*8 hits**, all of one kind: those units cite **`#840`①** (the debt ""never retype last round's number""), **not `#840`'s conclusion about the rift**, so I added the distinction ""debts are ","给差距算它自己的区间:「拉开」经得住,「合上了」说不出口",1,0
README.md,840,,167971,"d the total is still 8** — those four entries (×2 pages) also cite the **transcription incident** with a bare `#840` ⇒ **this instrument cannot separate the two referents, so the baselin","给差距算它自己的区间:「拉开」经得住,「合上了」说不出口",1,0
README.md,841,,168469,"ed; so the failure goes into the gate's docstring rather than the baseline being set to 0 to pretend it away. `#841` taught this: a tool that over-reports gets ignored, and an ignored to","造一把「别手抄上一轮的数」的尺子,而第一把被自己的零杀掉了",1,0
README.md,800,,169362,"osts a single `homosex` or ""scope"" in the sentence ⇒ **8 must not be quoted as this project's defect count** (`#800`/`#841`: survival is not evidence, and neither is a backlog); ⚠ **the ","MDE 关的是确认,不是反驳:六个候选全部被反例杀掉,一个统计量都没用",1,0
README.md,841,,169369,"single `homosex` or ""scope"" in the sentence ⇒ **8 must not be quoted as this project's defect count** (`#800`/`#841`: survival is not evidence, and neither is a backlog); ⚠ **the real fi","造一把「别手抄上一轮的数」的尺子,而第一把被自己的零杀掉了",1,0
README.md,848,,169737,"that is a whole-page rewrite whose cost and benefit are unmeasured** ⇒ **registered as an idea, not a plan** (`#848`①)⟩| | **The lead is neither refuted nor supported: splitting the samp","作用域闸:而它抓不出的那一类,我把它写在闸的文件头上",1,0
README.md,846,,169905,"splitting the sample is a route with no power** | ⚠ **Scope**: this round's object is the `sexeduc` cell; the `#846` conclusion it cites (""the secular stratum moved faster"") holds **only","「不信教的人走得更快」不是关于那群人的话,只在同性恋这一道题上",1,0
README.md,846,,170046,"e secular stratum moved faster"") holds **only for `homosex`**. Two different scopes — do not conflate them. **`#846` picked this up incidentally while scanning 16 cells**: the devout str","「不信教的人走得更快」不是关于那群人的话,只在同性恋这一道题上",1,0
README.md,835,,170869,"neties | **⓪ the power gate stopped it before any result was read, which is exactly where the gate belongs** (`#835`/`#845`'s practice): planting into a half-sample a departure **equal t","两层墙:那个问句不可识别,而能识别的那个版本没有功效",1,0
README.md,845,,170876,"| **⓪ the power gate stopped it before any result was read, which is exactly where the gate belongs** (`#835`/`#845`'s practice): planting into a half-sample a departure **equal to the o","代数那堵墙倒了,估计那堵墙立着:可识别的那半个年龄,本身就在噪声里",1,0
README.md,846,,173105,"ss; ③ kill ⇒ fail; ⚠ **what cannot be fixed**: **this round grants the lead no new status** — it remains what `#846` assigned it, **a cell rejected by multiplicity correction**; **""not r","「不信教的人走得更快」不是关于那群人的话,只在同性恋这一道题上",1,0
README.md,846,,173609, counting item names** | ⚠ **Scope**: this round's object is the pages' own counts and has nothing to do with `#846`'s `homosex`-only conclusion. **Paying `#843`①** — `#843` recomputed `,"「不信教的人走得更快」不是关于那群人的话,只在同性恋这一道题上",1,0
README.md,843,,173654,und's object is the pages' own counts and has nothing to do with `#846`'s `homosex`-only conclusion. **Paying `#843`①** — `#843` recomputed `#798`'s verdict across four cells and **expli,"我上一轮登记的那条「改不了」,`git` 里存着答案",1,0
README.md,843,,173666, is the pages' own counts and has nothing to do with `#846`'s `homosex`-only conclusion. **Paying `#843`①** — `#843` recomputed `#798`'s verdict across four cells and **explicitly regist,"我上一轮登记的那条「改不了」,`git` 里存着答案",1,0
README.md,798,,173684, counts and has nothing to do with `#846`'s `homosex`-only conclusion. **Paying `#843`①** — `#843` recomputed `#798`'s verdict across four cells and **explicitly registered** that the ot,"撤回落地了,而更正分两种:断言它 vs 证明它稳定",1,0
README.md,843,,173898,"; I simply did only the one most likely to flip**"" ⇒ **this round makes good on that registration**, which is `#843`'s own rule: **a ""cannot be fixed"" must be written in checkable form o","我上一轮登记的那条「改不了」,`git` 里存着答案",1,0
README.md,807,,174130,"r-cell recompute (page-as-then / today × old cut / new cut), predicates read from that commit's own script**: `#807` **then×old 8 · then×new 8** · today×old 71 · today×new 43; `#828` **0",「从来没跑到」与「跑不了」对读者的意思是相反的,1,0
README.md,828,,174196,cates read from that commit's own script**: `#807` **then×old 8 · then×new 8** · today×old 71 · today×new 43; `#828` **0 in all four** ⇒ **the pre-registered kill passes: neither was mis,"两条更正落地;而那份欠账清单的「0 笔」,仪器只验证过一次",1,0
README.md,807,,174608,"""degraded today ⇒ the page needs fixing"", which overstates its own output and was corrected on the spot** — **`#807`'s `TOP` regex is `sexeduc|racmar|顶对|top pair`, which matches the item",「从来没跑到」与「跑不了」对读者的意思是相反的,1,0
README.md,846,,174726," `TOP` regex is `sexeduc|racmar|顶对|top pair`, which matches the item name itself and not the claim**, while **`#846`/`#849` are entire rounds legitimately about `sexeduc`**; measured own","「不信教的人走得更快」不是关于那群人的话,只在同性恋这一道题上",1,0
README.md,849,,174733,"regex is `sexeduc|racmar|顶对|top pair`, which matches the item name itself and not the claim**, while **`#846`/`#849` are entire rounds legitimately about `sexeduc`**; measured ownership:","那条线索没被证伪,也没被支持:切一半人这条路本身没功效",1,0
README.md,846,,174838,"846`/`#849` are entire rounds legitimately about `sexeduc`**; measured ownership: of those 43, **entries from `#846` onward account for 4**, and the remaining 39 sit on earlier entries ⇒","「不信教的人走得更快」不是关于那群人的话,只在同性恋这一道题上",1,0
README.md,841,,174982," the remaining 39 sit on earlier entries ⇒ **registered as an undifferentiated backlog, not a defect count** (`#841`'s 357 and `#848`'s 8, the same rule); ⚠ **the positive control also f","造一把「别手抄上一轮的数」的尺子,而第一把被自己的零杀掉了",1,0
README.md,848,,174999," sit on earlier entries ⇒ **registered as an undifferentiated backlog, not a defect count** (`#841`'s 357 and `#848`'s 8, the same rule); ⚠ **the positive control also failed once here, ","作用域闸:而它抓不出的那一类,我把它写在闸的文件头上",1,0
README.md,807,,176795,"licitly registered as undifferentiated, neither ""39 to fix"" nor ""nothing wrong""**; ⚠ actually judging whether `#807` has degraded today would require replacing `TOP`'s item names with th",「从来没跑到」与「跑不了」对读者的意思是相反的,1,0
README.md,797,,176941,"ire replacing `TOP`'s item names with the claim itself, **which would make old and new counts incomparable** (`#797`'s class: two incomparable schemes coexisting) ⇒ **registered as an id","底堆归不了堆:三堆撤回,剩下「干净的一对 + 排不出层的六题」",1,0
README.md,850,,177035,"incomparable** (`#797`'s class: two incomparable schemes coexisting) ⇒ **registered as an idea, not a plan** (`#850`①)⟩| | **A table that is forever self-consistent and possibly empty: `","剩下两条判词也重算了,而「43 处退化」是我的代理在数题名",1,0
README.md,846,,177252,t was updated** | ⚠ **Scope**: this round's object is the project's own debt table and has nothing to do with `#846`'s `homosex`-only conclusion. **Paying `#831`①** (open since `#831`) —,"「不信教的人走得更快」不是关于那群人的话,只在同性恋这一道题上",1,0
README.md,831,,177297,bject is the project's own debt table and has nothing to do with `#846`'s `homosex`-only conclusion. **Paying `#831`①** (open since `#831`) — the gap is one sentence: **`debts_gate` guar,"那句「下一轮做」当轮就兑现了,因为它自己就是第七个实例",1,0
README.md,831,,177319, own debt table and has nothing to do with `#846`'s `homosex`-only conclusion. **Paying `#831`①** (open since `#831`) — the gap is one sentence: **`debts_gate` guarantees `DEBTS.tsv` is ,"那句「下一轮做」当轮就兑现了,因为它自己就是第七个实例",1,0
README.md,844,,178168,"e first version required the circled numeral to **immediately follow** the digits, while the ledger writes `` `#844`① `` **with a backtick in between** ⇒ it reported **3** promised debts","审计我写过的三堵墙:一堵倒了,而它是代数那一堵",1,0
README.md,999,,178661,"trol fixture as its object** — after the fix, one of the 6 in-scope gaps was **`#999①`**, whose source reads ""`#999`① **no such entry** ⇒ the matcher does not fire spuriously"", **a negat",<<无此条目>>,0,0
README.md,830,,178975,"e ledger is not a promise**; **③ zero tolerance nearly became a 130-row wall** — **`DEBTS.tsv` was created at `#830` and imported only `#800`'s list of 26 `UNVERIFIED` debts**, never int","停止造第四把尺子:把状态写进结构,而不是从散文里挖",1,0
README.md,800,,179000,"**; **③ zero tolerance nearly became a 130-row wall** — **`DEBTS.tsv` was created at `#830` and imported only `#800`'s list of 26 `UNVERIFIED` debts**, never intending to cover anything ","MDE 关的是确认,不是反驳:六个候选全部被反例杀掉,一个统计量都没用",1,0
README.md,830,,179171,"cover anything earlier ⇒ **the boundary is derived from the object, not chosen by me**: **zero tolerance from `#830` onward**, **registration without blocking before it** (`L81`); **resu","停止造第四把尺子:把状态写进结构,而不是从散文里挖",1,0
README.md,830,,179313,"without blocking before it** (`L81`); **result**: 172 promised · 47 rows · **0 in-scope gaps** (5 rows added: `#830`①②, `#832`①, `#834`①, `#839`①, each status verified individually) · 12","停止造第四把尺子:把状态写进结构,而不是从散文里挖",1,0
README.md,832,,179323,"ocking before it** (`L81`); **result**: 172 promised · 47 rows · **0 in-scope gaps** (5 rows added: `#830`①②, `#832`①, `#834`①, `#839`①, each status verified individually) · 124 out-of-s","62 格、两根轴、五种族定义,只剩一件事:九十年代那一格",1,0
README.md,834,,179332,"fore it** (`L81`); **result**: 172 promised · 47 rows · **0 in-scope gaps** (5 rows added: `#830`①②, `#832`①, `#834`①, `#839`①, each status verified individually) · 124 out-of-scope gaps","那条缝沿着两条线裂:信不信教,和多大年纪。而我的判词把第二条说没了",1,0
README.md,839,,179341," (`L81`); **result**: 172 promised · 47 rows · **0 in-scope gaps** (5 rows added: `#830`①②, `#832`①, `#834`①, `#839`①, each status verified individually) · 124 out-of-scope gaps ⇒ ⚠ **no","换一把没有上端的尺子:`#838` 十格全对,而天花板偏的方向和我担心的相反",1,0
README.md,841,,179484,"ividually) · 124 out-of-scope gaps ⇒ ⚠ **not ""124 unpaid debts"" but an undifferentiated historical backlog** (`#841`'s 357, `#848`'s 8, `#850`'s 39 — the same rule); ⇒ **a sentence about","造一把「别手抄上一轮的数」的尺子,而第一把被自己的零杀掉了",1,0
README.md,848,,179498,"24 out-of-scope gaps ⇒ ⚠ **not ""124 unpaid debts"" but an undifferentiated historical backlog** (`#841`'s 357, `#848`'s 8, `#850`'s 39 — the same rule); ⇒ **a sentence about method: I bui","作用域闸:而它抓不出的那一类,我把它写在闸的文件头上",1,0
README.md,850,,179510,"ope gaps ⇒ ⚠ **not ""124 unpaid debts"" but an undifferentiated historical backlog** (`#841`'s 357, `#848`'s 8, `#850`'s 39 — the same rule); ⇒ **a sentence about method: I built a ruler t","剩下两条判词也重算了,而「43 处退化」是我的代理在数题名",1,0
README.md,829,,180503,"ate --precommit`; ⚠ **what cannot be fixed here**: **not one of those 124 statuses was checked this round** — `#829` proved inferring them from prose does not work, **and verifying them ","那个匹配器只认得我最近的写法:召回 18.6%,而它的盲区正好是欠账的年代",1,0
README.md,843,,180735,"rtifact, which is 124 `git show` calls at an unmeasured cost** ⇒ **registered as not done, not as undoable** (`#843`'s lesson: write a ""cannot"" in checkable form) ⇒ `#851`①: **measure th","我上一轮登记的那条「改不了」,`git` 里存着答案",1,0
README.md,851,,180790," cost** ⇒ **registered as not done, not as undoable** (`#843`'s lesson: write a ""cannot"" in checkable form) ⇒ `#851`①: **measure the per-item cost once before deciding, and do not simply",一张永远自洽的空表:`debts_gate` 从不检查表被更新过,1,0
README.md,846,,181092,the pointer** | ⚠ **Scope**: this round's object is the project's own debt history and has nothing to do with `#846`'s `homosex`-only conclusion. **Paying `#851`①** — `#851` counted **12,"「不信教的人走得更快」不是关于那群人的话,只在同性恋这一道题上",1,0
README.md,851,,181137,ect is the project's own debt history and has nothing to do with `#846`'s `homosex`-only conclusion. **Paying `#851`①** — `#851` counted **124** debts promised before `#830` and never ta,一张永远自洽的空表:`debts_gate` 从不检查表被更新过,1,1
README.md,851,,181149,"roject's own debt history and has nothing to do with `#846`'s `homosex`-only conclusion. **Paying `#851`①** — `#851` counted **124** debts promised before `#830` and never tabled, and **",一张永远自洽的空表:`debts_gate` 从不检查表被更新过,1,1
README.md,830,,181194,"do with `#846`'s `homosex`-only conclusion. **Paying `#851`①** — `#851` counted **124** debts promised before `#830` and never tabled, and **explicitly forbade** simply declaring them ""t","停止造第四把尺子:把状态写进结构,而不是从散文里挖",1,0
README.md,843,,181321,"tabled, and **explicitly forbade** simply declaring them ""too many to do"", **because that is exactly the wall `#843` hit: a fabricated impossibility makes stopping feel justified and the","我上一轮登记的那条「改不了」,`git` 里存着答案",1,0
README.md,830,,182769,"he decision point, dual-write every status change** ⇒ **and `DEBTS.tsv` IS that missing edge — creating it at `#830` was not bureaucracy but the reason nine tenths of reachable evidence ","停止造第四把尺子:把状态写进结构,而不是从散文里挖",1,0
README.md,830,,183203,"and what is actually missing is an edge from each debt to its resolution — which is the very table I built at `#830`. A wall, once measured, is usually not a wall but an undone task plus","停止造第四把尺子:把状态写进结构,而不是从散文里挖",1,0
README.md,826,,183509,tories〕 ⟨gates: ② **positive control**: a debt known to have a later round must be judged machine-locatable ⇒ `#826`① → points to `#827` ⇒ pass; ③ **negative control**: an invented `#999,"减掉运气那一份之后,整张网格只剩两个格,而它们都是同性恋那一题",1,0
README.md,827,,183529,positive control**: a debt known to have a later round must be judged machine-locatable ⇒ `#826`① → points to `#827` ⇒ pass; ③ **negative control**: an invented `#9991`① (no `## Entry 99,"`G3` 六轮没被执行,因为库里根本没有它;而「二十五笔欠账」抄了二十五遍",1,0
README.md,9991,,183580,und must be judged machine-locatable ⇒ `#826`① → points to `#827` ⇒ pass; ③ **negative control**: an invented `#9991`① (no `## Entry 9991` exists) must have both facts false ⇒ pass (⚠ **s,<<无此条目>>,0,0
README.md,829,,183880,"ll ⇒ fails; ⚠ **what cannot be fixed**: **this round did not measure ""the cost of automatic verification""** — `#829` proved that inferring debt status from prose does not work (matcher r","那个匹配器只认得我最近的写法:召回 18.6%,而它的盲区正好是欠账的年代",1,0
README.md,850,,184390,"go back and fill in those 124 missing edges** — filling them means rewriting published entries' `NEXT`, **and `#850` has just shown that changing a published round's predicate makes old ","剩下两条判词也重算了,而「43 处退化」是我的代理在数题名",1,0
README.md,851,,184568,"kes old and new counts incomparable** ⇒ the correct move is **that every debt from now on enters the table** (`#851`'s gate already enforces it), **stopping the gap from growing rather t",一张永远自洽的空表:`debts_gate` 从不检查表被更新过,1,1
README.md,846,,184919,"me width** | ⚠ **Scope**: what replicates here is the **existence and width of the divide in the 2010s**, not `#846`'s 1990s opening on `homosex`. **Hard rule 4 says cross-instrument rep","「不信教的人走得更快」不是关于那群人的话,只在同性恋这一道题上",1,0
README.md,832,,185100,"t replication beats another round on the same one — and in 292 rounds this project had never done one**: from `#832` to `#846`, every number about the devout/secular divide came from **o","62 格、两根轴、五种族定义,只剩一件事:九十年代那一格",1,0
README.md,846,,185110,"ion beats another round on the same one — and in 292 rounds this project had never done one**: from `#832` to `#846`, every number about the devout/secular divide came from **one questio","「不信教的人走得更快」不是关于那群人的话,只在同性恋这一道题上",1,0
README.md,836,,185201,"**: from `#832` to `#846`, every number about the devout/secular divide came from **one questionnaire, GSS** (`#836` changed the unit, `#839` changed the estimator, `#846` changed the it","换单位到社会:那条「谴责↔稀少」的关联,只有同一批编码者看得见",1,0
README.md,839,,185226,", every number about the devout/secular divide came from **one questionnaire, GSS** (`#836` changed the unit, `#839` changed the estimator, `#846` changed the item — **but never the ques","换一把没有上端的尺子:`#838` 十格全对,而天花板偏的方向和我担心的相反",1,0
README.md,846,,185256,"t/secular divide came from **one questionnaire, GSS** (`#836` changed the unit, `#839` changed the estimator, `#846` changed the item — **but never the questionnaire**) ⇒ the divide's **","「不信教的人走得更快」不是关于那群人的话,只在同性恋这一道题上",1,0
README.md,836,,186471,"ode 5 ""neither agree nor disagree"", which sits after 4 in code order and between 2 and 3 in meaning — exactly `#836`'s `SCCS176` code 2** ⇒ treated as a **specification axis** (drop / mi","换单位到社会:那条「谴责↔稀少」的关联,只有同一批编码者看得见",1,0
README.md,854,,188645,"7–2019; the other 11 `.dat` files have none, and a fixed-width file without a dictionary is unreadable** ⚠⚠ **`#854` widens this reason in place**: `#853` named one defect of one instrum","那堵墙立着,但理由不是我写的那个;而 kill 的**总体**错了一次",1,0
README.md,853,,188683," none, and a fixed-width file without a dictionary is unreadable** ⚠⚠ **`#854` widens this reason in place**: `#853` named one defect of one instrument, **but the population is every ins","第一次跨仪器复现:换一份问卷,那条缝还在,宽度也对得上",1,0
README.md,111,,189984,"**the specification curve is pointing somewhere, but it was not pre-registered and is a hypothesis for now** (`#111`, logged as `#853`①)⟩| | **The wall stands, but not for the reason I w","剂量在这套数据上问不出来,这是能力边界不是零;而我为了追它偏离了自己写下的 NEXT 三轮",1,0
README.md,853,,190002,"n curve is pointing somewhere, but it was not pre-registered and is a hypothesis for now** (`#111`, logged as `#853`①)⟩| | **The wall stands, but not for the reason I wrote — and the kil","第一次跨仪器复现:换一份问卷,那条缝还在,宽度也对得上",1,0
README.md,846,,190213,"ong once** | ⚠ **Scope**: this round's object is ""which instruments exist on disk"" and has nothing to do with `#846`'s `homosex`-only conclusion. **`#853` was one round old** when it reg","「不信教的人走得更快」不是关于那群人的话,只在同性恋这一道题上",1,0
README.md,853,,190251," object is ""which instruments exist on disk"" and has nothing to do with `#846`'s `homosex`-only conclusion. **`#853` was one round old** when it registered ""the 1990s cannot be replicate","第一次跨仪器复现:换一份问卷,那条缝还在,宽度也对得上",1,0
README.md,844,,190374,"e round old** when it registered ""the 1990s cannot be replicated — NSFG's dictionaries only reach 2011"" ⇒ but `#844` had just shown **the wall that falls is the one I am surest of**, and","审计我写过的三堵墙:一堵倒了,而它是代数那一堵",1,0
README.md,843,,190451,"tionaries only reach 2011"" ⇒ but `#844` had just shown **the wall that falls is the one I am surest of**, and `#843` worse still (a registered ""structurally cannot"" overturned the next r","我上一轮登记的那条「改不了」,`git` 里存着答案",1,0
README.md,853,,190631,"next round by one `git show`) ⇒ **this wall blocks the project's headline, so it gets checked now**; ⚠⚠ **and `#853`'s reason was too narrow: it named only NSFG, while the population is ","第一次跨仪器复现:换一份问卷,那条缝还在,宽度也对得上",1,0
README.md,849,,190736,"*and `#853`'s reason was too narrow: it named only NSFG, while the population is every instrument on disk** — `#849`① named NSFG so I checked only NSFG, **which is exactly `feedback_chec","那条线索没被证伪,也没被支持:切一半人这条路本身没功效",1,0
README.md,836,,191867,"included the incumbent in the kill's population** ⇒ **the yardstick was right and the population was wrong**; `#836`① made me **name the yardstick**, and this time the error was **not in","换单位到社会:那条「谴责↔稀少」的关联,只有同一批编码者看得见",1,0
README.md,846,,194765, check can see it** | ⚠ **Scope**: this round's object is this project's own gates and has nothing to do with `#846`'s `homosex`-only conclusion. **Paying `#854`①** — `#854`'s kill read ,"「不信教的人走得更快」不是关于那群人的话,只在同性恋这一道题上",1,0
README.md,854,,194810,"'s object is this project's own gates and has nothing to do with `#846`'s `homosex`-only conclusion. **Paying `#854`①** — `#854`'s kill read ""any instrument passes all three axes"", so **","那堵墙立着,但理由不是我写的那个;而 kill 的**总体**错了一次",1,1
README.md,854,,194822," this project's own gates and has nothing to do with `#846`'s `homosex`-only conclusion. **Paying `#854`①** — `#854`'s kill read ""any instrument passes all three axes"", so **GSS, the ins","那堵墙立着,但理由不是我写的那个;而 kill 的**总体**错了一次",1,1
README.md,814,,195377,"its absence stamps `⚠ the criterion's population is unnamed` on the output — **it marks, it does not block** (`#814`/`#836`①'s same decision: blocking would make every past round irrepro",容差比噪声窄七倍:那两条负控是随机开火的,1,0
README.md,836,,195384,"ence stamps `⚠ the criterion's population is unnamed` on the output — **it marks, it does not block** (`#814`/`#836`①'s same decision: blocking would make every past round irreproducible","换单位到社会:那条「谴责↔稀少」的关联,只有同一批编码者看得见",1,0
README.md,836,,195521,"ocking would make every past round irreproducible, `L81`); ⚠ **and it supplies the half `yardstick` cannot**: `#836`① taught **naming the yardstick**, aimed at **a kill measuring the wro","换单位到社会:那条「谴责↔稀少」的关联,只有同一批编码者看得见",1,0
README.md,821,,195612,"rdstick` cannot**: `#836`① taught **naming the yardstick**, aimed at **a kill measuring the wrong quantity** (`#821` used seed spread as sampling noise; `#836` used MDE while the permuta","kill 的尺子用错了噪声:种子跨度量的是可复现性,不是精度",1,1
README.md,836,,195655,"the yardstick**, aimed at **a kill measuring the wrong quantity** (`#821` used seed spread as sampling noise; `#836` used MDE while the permutation p never entered the kill); **`#854`'s ","换单位到社会:那条「谴责↔稀少」的关联,只有同一批编码者看得见",1,0
README.md,854,,195722,"`#821` used seed spread as sampling noise; `#836` used MDE while the permutation p never entered the kill); **`#854`'s error sits elsewhere: the quantity was right, the yardstick was rig","那堵墙立着,但理由不是我写的那个;而 kill 的**总体**错了一次",1,1
README.md,834,,196150,"on taken""**; **the four ""verdict said what its output did not"" instances this session split into two kinds**: `#834` (listed age as showing nothing while the line above printed age survi","那条缝沿着两条线裂:信不信教,和多大年纪。而我的判词把第二条说没了",1,0
README.md,842,,196233,"on split into two kinds**: `#834` (listed age as showing nothing while the line above printed age surviving), `#842` (""verdicts are affected"" while only counts were measured), `#850` (""d","修好切法再重数:总体虚高 28%,而 `#833` 自己也记错了缺陷的形状",1,0
README.md,850,,196299,"hile the line above printed age surviving), `#842` (""verdicts are affected"" while only counts were measured), `#850` (""degraded today"" while `TOP` matches item names) — **three wrong in ","剩下两条判词也重算了,而「43 处退化」是我的代理在数题名",1,0
README.md,854,,196389,"nts were measured), `#850` (""degraded today"" while `TOP` matches item names) — **three wrong in the string**; `#854` — **one wrong in the criterion itself** ⇒ **the first three are preve","那堵墙立着,但理由不是我写的那个;而 kill 的**总体**错了一次",1,0
README.md,851,,197246,"er it is filled in correctly** — it guarantees only that **the question was asked once**; **the same shape as `#851`'s debt gate: a gate guarantees ""there is a row"", never ""that row is r",一张永远自洽的空表:`debts_gate` 从不检查表被更新过,1,1
README.md,846,,197811,"e divides people further** | ⚠ **Scope**: still the single item `homosex` / NSFG `samesex`, the same scope as `#846`. **Paying `#853`①** — the lead was ""of 12 cells the instruments diver","「不信教的人走得更快」不是关于那群人的话,只在同性恋这一道题上",1,0
README.md,853,,197828,"further** | ⚠ **Scope**: still the single item `homosex` / NSFG `samesex`, the same scope as `#846`. **Paying `#853`①** — the lead was ""of 12 cells the instruments diverge most at `impor","第一次跨仪器复现:换一份问卷,那条缝还在,宽度也对得上",1,0
README.md,853,,198203,"tion"" while NSFG's `reldlife` is ""How important is religion in R's daily life"" — two different questions, and `#853` labelled both ""importance""** ⇒ that +0.30 was a **construct substitut","第一次跨仪器复现:换一份问卷,那条缝还在,宽度也对得上",1,0
README.md,853,,198407,"d nails it**: the private side of the `reliten` × women-18–49 cell is `g = −0.453`, **identical to the −0.453 `#853` reported** ⇒ **that was the anomalous cell, and `#853`① is `SETTLED`*","第一次跨仪器复现:换一份问卷,那条缝还在,宽度也对得上",1,0
README.md,853,,198462,"-18–49 cell is `g = −0.453`, **identical to the −0.453 `#853` reported** ⇒ **that was the anomalous cell, and `#853`① is `SETTLED`**; ⚠⚠ **and the error points at a better question that ","第一次跨仪器复现:换一份问卷,那条缝还在,宽度也对得上",1,0
README.md,855,,200255,"; ⑥ the kill fails ⇒ **OVERTURNED**, `Gate.admissible()`=**True**, and the kill's `population` (the parameter `#855` had just added, **used here for the first time**) = **the 6 true-priv","`population` 进了工具:尺对了、总体错了,字符串检查看不出来",1,1
README.md,854,,200774," B (""the distances are the same width""), **while all four GSS cells excluded zero and cleared the floor** ⇒ **`#854` was wrong in the kill's population, `#856` in the branch structure** ","那堵墙立着,但理由不是我写的那个;而 kill 的**总体**错了一次",1,1
README.md,856,,200817,"while all four GSS cells excluded zero and cleared the floor** ⇒ **`#854` was wrong in the kill's population, `#856` in the branch structure** ⇒ **rule: every world named in the predicti","虔诚有两张脸,而在 GSS 里公共那张把人分得更开",1,0
README.md,846,,202574,"one year, and that year cannot resolve it** | ⚠ **Scope**: still the single item `homosex`, the same scope as `#846`. **Paying `#856`①** — `#856` registered a **collinearity it could not","「不信教的人走得更快」不是关于那群人的话,只在同性恋这一道题上",1,0
README.md,856,,202591,"t year cannot resolve it** | ⚠ **Scope**: still the single item `homosex`, the same scope as `#846`. **Paying `#856`①** — `#856` registered a **collinearity it could not separate**: GSS ","虔诚有两张脸,而在 GSS 里公共那张把人分得更开",1,0
README.md,856,,202603,"t resolve it** | ⚠ **Scope**: still the single item `homosex`, the same scope as `#846`. **Paying `#856`①** — `#856` registered a **collinearity it could not separate**: GSS says the pub","虔诚有两张脸,而在 GSS 里公共那张把人分得更开",1,0
README.md,856,,203776,"*: the docstring said ""n falls from 7,341 to about 2,363, **so the floor rises by √n to roughly 0.14**, while `#856` observed Δfacet of 0.136–0.234 ⇒ **the whole range may fall inside th","虔诚有两张脸,而在 GSS 里公共那张把人分得更开",1,0
README.md,838,,206634,"sanction items), which is precisely why it exists. **The `§3` basin check is this round's reason for being**: `#838`→`#857` are **eight consecutive rounds measuring properties of one thi","九十年代那条缝张开,是世俗那边走了,不是虔诚那边顶住了",1,0
README.md,857,,206641,"n items), which is precisely why it exists. **The `§3` basin check is this round's reason for being**: `#838`→`#857` are **eight consecutive rounds measuring properties of one thing** — ","拆共线的那把钥匙只存在于一年,而那一年分辨不了",1,0
README.md,856,,208114,ive ⇒ **`Δobject<0` means the moral rift is the wider one**; **each of the four worlds gets its own branch** (`#856`'s lesson applied on the spot); **all 12 cells published**: 1990s spea,"虔诚有两张脸,而在 GSS 里公共那张把人分得更开",1,0
README.md,832,,209661," shelf"". Faith separates people more in moral evaluation than it separates them in public treatment. And from `#832` to `#857` I was measuring the former — while E02's stated object is t","62 格、两根轴、五种族定义,只剩一件事:九十年代那一格",1,0
README.md,857,,209671,aith separates people more in moral evaluation than it separates them in public treatment. And from `#832` to `#857` I was measuring the former — while E02's stated object is the latter*,"拆共线的那把钥匙只存在于一年,而那一年分辨不了",1,0
README.md,858,,210332," measurable** (the share of individuals with `homosex==1` who nonetheless allow `colhomo`), **not run here** (`#858`①); ⚠ **what this site structurally cannot do**: ① the three items ask","「是错的」和「不许他教书」不是同一条缝,而整条弧量的是前者",1,0
README.md,840,,210728,"nal ⇒ **no intervention, no causal identification**; ③ the two decades here are a **level** comparison, **not `#840`'s ""departure from its own uniform reference""** — **different estimand","给差距算它自己的区间:「拉开」经得住,「合上了」说不出口",1,0
README.md,111,,211069,".88 in the 2010s, **the split between judgement and sanction is itself widening** ⇒ **a hypothesis for now** (`#111`, logged as `#858`②)⟩| | **Two thirds of those who say it is ""always w","剂量在这套数据上问不出来,这是能力边界不是零;而我为了追它偏离了自己写下的 NEXT 三轮",1,0
README.md,858,,211087,"**the split between judgement and sanction is itself widening** ⇒ **a hypothesis for now** (`#111`, logged as `#858`②)⟩| | **Two thirds of those who say it is ""always wrong"" say he may t","「是错的」和「不许他教书」不是同一条缝,而整条弧量的是前者",1,0
README.md,858,,211268,"may teach** | ⚠ **Scope**: GSS's moral item plus the three Stouffer civil-liberties items — the same scope as `#858`. **Paying `#858`①** — `#858`'s first verdict said ""a person can think","「是错的」和「不许他教书」不是同一条缝,而整条弧量的是前者",1,0
README.md,858,,211285,"*Scope**: GSS's moral item plus the three Stouffer civil-liberties items — the same scope as `#858`. **Paying `#858`①** — `#858`'s first verdict said ""a person can think it wrong and sti","「是错的」和「不许他教书」不是同一条缝,而整条弧量的是前者",1,0
README.md,858,,211297,"S's moral item plus the three Stouffer civil-liberties items — the same scope as `#858`. **Paying `#858`①** — `#858`'s first verdict said ""a person can think it wrong and still let him t","「是错的」和「不许他教书」不是同一条缝,而整条弧量的是前者",1,0
README.md,858,,211464,"and still let him teach"", and **was corrected on the spot because that is an individual-level assertion while `#858` measured a difference between two strata (an ecological inference)** ","「是错的」和「不许他教书」不是同一条缝,而整条弧量的是前者",1,0
README.md,858,,211608,"en two strata (an ecological inference)** ⇒ **this round turns it into a measurement; it was the one sentence `#858` never earned**; ⚠⚠⚠ **and ""should this zero be zero?"" — no, and that ","「是错的」和「不许他教书」不是同一条缝,而整条弧量的是前者",1,0
README.md,821,,213377," negative in the 1990s, the reverse in the 2010s) ⇒ **no stable stratum effect** ⇒ **the threshold was there (`#821`), the yardstick (`#836`①), the population (`#854`), the branch (`#856","kill 的尺子用错了噪声:种子跨度量的是可复现性,不是精度",1,0
README.md,836,,213401,"the reverse in the 2010s) ⇒ **no stable stratum effect** ⇒ **the threshold was there (`#821`), the yardstick (`#836`①), the population (`#854`), the branch (`#856`) — what was missing is","换单位到社会:那条「谴责↔稀少」的关联,只有同一批编码者看得见",1,0
README.md,854,,213427,"⇒ **no stable stratum effect** ⇒ **the threshold was there (`#821`), the yardstick (`#836`①), the population (`#854`), the branch (`#856`) — what was missing is DIRECTION**; a ""stratifie","那堵墙立着,但理由不是我写的那个;而 kill 的**总体**错了一次",1,0
README.md,856,,213448," effect** ⇒ **the threshold was there (`#821`), the yardstick (`#836`①), the population (`#854`), the branch (`#856`) — what was missing is DIRECTION**; a ""stratified"" world requires the","虔诚有两张脸,而在 GSS 里公共那张把人分得更开",1,0
README.md,834,,213819,"eporting that the literal threshold would have fired, so the gap between criterion and world is not hidden** (`#834`'s class); gates: ② **positive control**, constructing a world where e","那条缝沿着两条线裂:信不信教,和多大年纪。而我的判词把第二条说没了",1,0
README.md,854,,215310,"omparable across wordings ⇒ decades and strata are compared only within one item; ④ **no second instrument**: `#854` enumerated all seven on disk, and **the three Stouffer items are uniq","那堵墙立着,但理由不是我写的那个;而 kill 的**总体**错了一次",1,0
README.md,859,,215732,"s fourth part** | ⚠ **Scope**: this project's own gates; unrelated to the `homosex`/`samesex` scope. **Paying `#859`①** — `#859`'s kill read ""the two strata's difference clears the floor","说「永远是错的」的人里,有 66% 说可以让他去教书",1,0
README.md,859,,215744,"t** | ⚠ **Scope**: this project's own gates; unrelated to the `homosex`/`samesex` scope. **Paying `#859`①** — `#859`'s kill read ""the two strata's difference clears the floor in ≥ half t","说「永远是错的」的人里,有 66% 说可以让他去教书",1,0
README.md,836,,215914,"loor in ≥ half the pairs ⇒ decoupling is stratified"", and **the threshold was there, the yardstick was there (`#836`①), the population was there (`#854`), the branch was there (`#856`) —","换单位到社会:那条「谴责↔稀少」的关联,只有同一批编码者看得见",1,0
README.md,854,,215950,"g is stratified"", and **the threshold was there, the yardstick was there (`#836`①), the population was there (`#854`), the branch was there (`#856`) — yet 6 of 6 pairs cleared the floor ","那堵墙立着,但理由不是我写的那个;而 kill 的**总体**错了一次",1,0
README.md,856,,215981,"eshold was there, the yardstick was there (`#836`①), the population was there (`#854`), the branch was there (`#856`) — yet 6 of 6 pairs cleared the floor and the verdict was still wrong","虔诚有两张脸,而在 GSS 里公共那张把人分得更开",1,0
README.md,814,,216466,"t is not, stamp `⚠ sign flip — a magnitude-only threshold lets this pass`**; **it marks, it does not block** (`#814`/`#836`①/`#854`'s same decision, `L81`); ⚠ **it is meaningful only for",容差比噪声窄七倍:那两条负控是随机开火的,1,0
README.md,836,,216473,"t, stamp `⚠ sign flip — a magnitude-only threshold lets this pass`**; **it marks, it does not block** (`#814`/`#836`①/`#854`'s same decision, `L81`); ⚠ **it is meaningful only for differ","换单位到社会:那条「谴责↔稀少」的关联,只有同一批编码者看得见",1,0
README.md,854,,216481," `⚠ sign flip — a magnitude-only threshold lets this pass`**; **it marks, it does not block** (`#814`/`#836`①/`#854`'s same decision, `L81`); ⚠ **it is meaningful only for difference / s","那堵墙立着,但理由不是我写的那个;而 kill 的**总体**错了一次",1,0
README.md,841,,216879," docstring **because a marker that lights up for everyone gets ignored, and an ignored marker is no marker** (`#841`/`#848`'s same rule); **all four parts of a criterion now live in the ","造一把「别手抄上一轮的数」的尺子,而第一把被自己的零杀掉了",1,0
README.md,848,,216886,"ing **because a marker that lights up for everyone gets ignored, and an ignored marker is no marker** (`#841`/`#848`'s same rule); **all four parts of a criterion now live in the tool, a","作用域闸:而它抓不出的那一类,我把它写在闸的文件头上",1,0
README.md,821,,217024,"our parts of a criterion now live in the tool, and each was bought by a different accident**: **threshold** ← `#821` (the yardstick was seed spread, 0.016, not sampling noise, 0.175) · *","kill 的尺子用错了噪声:种子跨度量的是可复现性,不是精度",1,0
README.md,836,,217117," **threshold** ← `#821` (the yardstick was seed spread, 0.016, not sampling noise, 0.175) · **`yardstick`** ← `#836`① (MDE used as the yardstick while the permutation p was computed and ","换单位到社会:那条「谴责↔稀少」的关联,只有同一批编码者看得见",1,0
README.md,854,,217238,"E used as the yardstick while the permutation p was computed and never entered the kill) · **`population`** ← `#854` (right yardstick, but the **incumbent** was counted among the instrum","那堵墙立着,但理由不是我写的那个;而 kill 的**总体**错了一次",1,1
README.md,859,,217362,"yardstick, but the **incumbent** was counted among the instruments the kill was to judge) · **`direction`** ← `#859`① (the first three all correct, and a **sign flip** still passed the t","说「永远是错的」的人里,有 66% 说可以让他去教书",1,0
README.md,851,,218150,"ot check whether it is filled in correctly**, only that **the question was asked once** — **the same shape as `#851`'s debt gate and `#855`'s `population`: a gate guarantees ""there is a ",一张永远自洽的空表:`debts_gate` 从不检查表被更新过,1,1
README.md,855,,218173,"filled in correctly**, only that **the question was asked once** — **the same shape as `#851`'s debt gate and `#855`'s `population`: a gate guarantees ""there is a row"", never ""that row i","`population` 进了工具:尺对了、总体错了,字符串检查看不出来",1,1
README.md,858,,218663,ve at all** | ⚠ **Scope**: GSS's moral item plus the three Stouffer civil-liberties items — the same scope as `#858`/`#859`. **Paying `#858`②** — that **unregistered** lead (the split gr,"「是错的」和「不许他教书」不是同一条缝,而整条弧量的是前者",1,0
README.md,859,,218670,ll** | ⚠ **Scope**: GSS's moral item plus the three Stouffer civil-liberties items — the same scope as `#858`/`#859`. **Paying `#858`②** — that **unregistered** lead (the split growing f,"说「永远是错的」的人里,有 66% 说可以让他去教书",1,0
README.md,858,,218687,*: GSS's moral item plus the three Stouffer civil-liberties items — the same scope as `#858`/`#859`. **Paying `#858`②** — that **unregistered** lead (the split growing from 0.26–0.50 to ,"「是错的」和「不许他教书」不是同一条缝,而整条弧量的是前者",1,0
README.md,838,,219010,"identity, not a finding** (residual **5.55e-17**) ⇒ **the sum is an identity; the split is the measurement** (`#838`'s same rule) | **Moral component**: speak −0.317 [−0.394,−0.237] / la","九十年代那条缝张开,是世俗那边走了,不是虔诚那边顶住了",1,0
README.md,858,,219723,"the ceiling** ⇒ I feared a ""narrowing sanction rift"" would be compression, so the latent scale ran alongside (`#858` had shown it **amplifies** rather than shrinks) — **and the sanction ","「是错的」和「不许他教书」不是同一条缝,而整条弧量的是前者",1,0
README.md,860,,219999,on it guarded against simply never appeared**; ⚠⚠⚠ **and the `direction` parameter added one round earlier in `#860` fired on its first real use**: the sanction component's six values fl,`direction` 进了工具:判据的第四个部件,1,1
README.md,859,,220269,"itude-only threshold lets this pass`** — **it flags precisely the shape that made me write a wrong verdict in `#859`, and this time it appeared in the output before the verdict was writt","说「永远是错的」的人里,有 66% 说可以让他去教书",1,0
README.md,770,,220405,"ppeared in the output before the verdict was written**; gates: ① identity (**comparing two non-zero values**, `#770`/`#773` — the first version again compared `max|difference|` against a","解释份额是推导不是测量,而我用它写了五轮",1,0
README.md,773,,220412," in the output before the verdict was written**; gates: ① identity (**comparing two non-zero values**, `#770`/`#773` — the first version again compared `max|difference|` against a litera","连唯一没饱和的那一题也判不了,而这是第二次 ⇒ 换方向",1,0
README.md,854,,221873,#861「变宽的是道德那条缝」]` (Entry 861) 〔GSS〕 ⟨⚠ **what this site structurally cannot do**: ① **no second instrument** (`#854` enumerated all seven; the Stouffer items are unique to GSS); ② cross-,"那堵墙立着,但理由不是我写的那个;而 kill 的**总体**错了一次",1,0
README.md,858,,222499,"ift did not move"" must not be read as ""there is no disagreement about sanction""** — it is present throughout (`#858`: 12/12 cells), **only its width has not changed in thirty years**⟩| |","「是错的」和「不许他教书」不是同一条缝,而整条弧量的是前者",1,0
README.md,858,,222855," not included** — see the half-sentence corrected on the spot below). **`§3` basin plus the meta-separator**: `#858`/`#859`/`#861` are three consecutive rounds on ""judgement vs sanction""","「是错的」和「不许他教书」不是同一条缝,而整条弧量的是前者",1,0
README.md,859,,222862,"cluded** — see the half-sentence corrected on the spot below). **`§3` basin plus the meta-separator**: `#858`/`#859`/`#861` are three consecutive rounds on ""judgement vs sanction"", on to","说「永远是错的」的人里,有 66% 说可以让他去教书",1,0
README.md,861,,222869,"* — see the half-sentence corrected on the spot below). **`§3` basin plus the meta-separator**: `#858`/`#859`/`#861` are three consecutive rounds on ""judgement vs sanction"", on top of ei","变宽的是道德那条缝,而放行那条缝一动没动",1,0
README.md,832,,222988,"e three consecutive rounds on ""judgement vs sanction"", on top of eight on the rift's properties ⇒ **and since `#832` the whole arc has decomposed the world as `[religious stratum] × [dec","62 格、两根轴、五种族定义,只剩一件事:九十年代那一格",1,0
README.md,834,,223236,"that decomposition itself be wrong?**; ⚠⚠⚠ **it has one concrete, checkable weak point I had never checked**: `#834` did compare seven axes and found only religion surviving, **but it di","那条缝沿着两条线裂:信不信教,和多大年纪。而我的判词把第二条说没了",1,0
README.md,861,,223433,"mosex`, the moral-judgement item — the three sanction items had never been compared across axes at all**; and `#861` had just shown the sanction rift **has not moved in thirty years** wh","变宽的是道德那条缝,而放行那条缝一动没动",1,0
README.md,858,,223513,"red across axes at all**; and `#861` had just shown the sanction rift **has not moved in thirty years** while `#858` showed it is **narrower than the moral one** ⇒ **why assume a narrow,","「是错的」和「不许他教书」不是同一条缝,而整条弧量的是前者",1,0
README.md,860,,225786,"direction` reads **consistent [-1]** (religion loses in every cell — the second use of the parameter added in `#860`); ⚠⚠ **and the first verdict added half a sentence — ""on whether it i",`direction` 进了工具:判据的第四个部件,1,1
README.md,834,,226000,"ans is faith"" — which was corrected on the spot because this round did not measure it**: that half comes from `#834`, **which compared DEPARTURE from a uniform reference, not the LEVEL o","那条缝沿着两条线裂:信不信教,和多大年纪。而我的判词把第二条说没了",1,0
README.md,854,,226734,"862「主轴不是宗教,是教育」]` (Entry 862) 〔GSS〕 ⟨⚠ **what this site structurally cannot do**: ① **no second instrument** (`#854` enumerated all seven; the Stouffer items are unique to GSS); ② cross-","那堵墙立着,但理由不是我写的那个;而 kill 的**总体**错了一次",1,0
README.md,862,,227780," + **a second instrument, NSFG `samesex`** (2 waves × 2 scales = 4 cells, **only five axes line up**). **Pays `#862`①** — `#862`'s first verdict added half a sentence, ""on whether it is ","制裁那一侧的主轴不是宗教,是教育:六个格子,无一例外",1,0
README.md,862,,227792,"d instrument, NSFG `samesex`** (2 waves × 2 scales = 4 cells, **only five axes line up**). **Pays `#862`①** — `#862`'s first verdict added half a sentence, ""on whether it is wrong what d","制裁那一侧的主轴不是宗教,是教育:六个格子,无一例外",1,0
README.md,834,,227956,"her it is wrong what divides Americans is faith"", and **deleted it on the spot**, because that half came from `#834`, and **`#834` compared DEPARTURE from a uniform-rate reference, not t","那条缝沿着两条线裂:信不信教,和多大年纪。而我的判词把第二条说没了",1,0
README.md,834,,227970,"g what divides Americans is faith"", and **deleted it on the spot**, because that half came from `#834`, and **`#834` compared DEPARTURE from a uniform-rate reference, not the LEVEL of th","那条缝沿着两条线裂:信不信教,和多大年纪。而我的判词把第二条说没了",1,0
README.md,862,,228132,"nce, not the LEVEL of the rift** — two different estimands. This round supplies it with **the construction of `#862`, verbatim** | **Religion has the largest `|g|` in 12/12 moral cells; ","制裁那一侧的主轴不是宗教,是教育:六个格子,无一例外",1,0
README.md,862,,228365,0.635 → 2010s −1.053; latent scale 2010s −1.370); in the same run **education wins 28/30 sanction cells** ⇒ **`#862` survives a corrected floor and four extra decades**; **cross-instrume,"制裁那一侧的主轴不是宗教,是教育:六个格子,无一例外",1,0
README.md,862,,228591,"ale: religion −0.861 · education +0.353 · race +0.337 · age −0.256 · sex −0.210); ⚠⚠ **and this round attacks `#862` itself — reading its code found four checkable defects, all fixed her","制裁那一侧的主轴不是宗教,是教育:六个格子,无一例外",1,0
README.md,862,,229580,"s ""|g| moved""** (opposite signs when `g<0`; the label was wrong, the number was not); ⚠⚠⚠ **and four words of `#862`'s verdict are withdrawn**: ""six cells, no exceptions"" was two decades","制裁那一侧的主轴不是宗教,是教育:六个格子,无一例外",1,0
README.md,862,,230697,"4`): floor 0 < threshold 0.05 < ceiling **2.0399**; **retention 84.2% · MDE 0.12** — **`G2` requires both and `#862` reported neither**; ⑤ negative control, religion's labels shuffled wi","制裁那一侧的主轴不是宗教,是教育:六个格子,无一例外",1,0
README.md,861,,231080,"*; ⑦ the kill did not fire, `direction` **consistent [1]**; **instrument-swap gauge check**: `scipy.ndtri` vs `#861`'s hand-rolled bisection `ppf`, max difference over 401 points **2.1e-","变宽的是道德那条缝,而放行那条缝一动没动",1,0
README.md,862,,232680,"touffer items are GSS-only on this disk) ⇒ **the cross-instrument replication covers the moral item only, not `#862`'s conclusion**; ② cross-sectional ⇒ **no causal identification**; ③ *","制裁那一侧的主轴不是宗教,是教育:六个格子,无一例外",1,0
README.md,863,,233428,"y instead** | ⚠ **Scope**: GSS, four items × seven axes × six decades × two population specifications. **Pays `#863`①** — `|g|` is **a difference between the outer terciles, so it throws","同一个话题,两条缝:「对不对」上是信仰,「拦不拦」上是学历",1,0
README.md,862,,234176,s** — η² (which uses 100% of respondents) and `|g|` (which uses 68%) pick the same axis without exception ⇒ **`#862`/`#863`'s conclusions are not an artifact of the yardstick**; **② R's ,"制裁那一侧的主轴不是宗教,是教育:六个格子,无一例外",1,0
README.md,863,,234183,² (which uses 100% of respondents) and `|g|` (which uses 68%) pick the same axis without exception ⇒ **`#862`/`#863`'s conclusions are not an artifact of the yardstick**; **② R's median ,"同一个话题,两条缝:「对不对」上是信仰,「拦不拦」上是学历",1,0
README.md,863,,235961,"0 · BY 236, and the 14 that disagree are published**; ⚠⚠ **and this round fixes two control-reading errors in `#863`, both of them me reading ""the control passed"" as ""the instrument is g","同一个话题,两条缝:「对不对」上是信仰,「拦不拦」上是学历",1,0
README.md,863,,236049,"rol-reading errors in `#863`, both of them me reading ""the control passed"" as ""the instrument is good""**: ① **`#863`'s plant ran in the cancelling direction, not the planting one** — rel","同一个话题,两条缝:「对不对」上是信仰,「拦不拦」上是学历",1,0
README.md,863,,236376,"ED by, while the prose called it a plant (the sensitivity half stands, the direction half was misworded); ② **`#863`'s placebo passing 34/34 was read as ""clean""** — a 95th-percentile flo","同一个话题,两条缝:「对不对」上是信仰,「拦不拦」上是学历",1,0
README.md,854,,238566,"linear middle are all present at once, and only `λ` is isolated here; ④ **the instrument cannot be changed** (`#854`), and the moral item's NSFG version was already run in `#863`⟩| | **T","那堵墙立着,但理由不是我写的那个;而 kill 的**总体**错了一次",1,0
README.md,863,,238628,"d here; ④ **the instrument cannot be changed** (`#854`), and the moral item's NSFG version was already run in `#863`⟩| | **The isolated minorities are neither the same people nor on the ","同一个话题,两条缝:「对不对」上是信仰,「拦不拦」上是学历",1,0
README.md,864,,238894,s (**the whole 1970s drops out** — `polviews` starts in 1974 and the cell fails the group-size floor). **Pays `#864`①**; ⚠⚠ **and the first thing it does is withdraw the over-generalisat,"中间那三分之一站在哪边:制裁题上没有坡,只有一个孤立的少数",1,0
README.md,864,,238977," group-size floor). **Pays `#864`①**; ⚠⚠ **and the first thing it does is withdraw the over-generalisation in `#864`'s closing sentence** — that sentence read ""the opposing side is a min","中间那三分之一站在哪边:制裁题上没有坡,只有一个孤立的少数",1,0
README.md,864,,239111,"e** — that sentence read ""the opposing side is a minority that stands apart"", and checking axis by axis (from `#864`'s own artifact, not from memory): **religion λ_perm 0.354–0.366 and a","中间那三分之一站在哪边:制裁题上没有坡,只有一个孤立的少数",1,0
README.md,860,,240943,"e kill's `direction` is **inconsistent [-1,1]** — the lifts straddle 1, the third time the parameter added in `#860` has fired, and this time what it says is ""there is no effect""; ⚠⚠ **t",`direction` 进了工具:判据的第四个部件,1,1
README.md,864,,241605,"he first verdict called the political bloc ""the most conservative"", **and it is measurably the liberals** — **`#864` had just made the same error one round earlier**; ③ the first version","中间那三分之一站在哪边:制裁题上没有坡,只有一个孤立的少数",1,0
README.md,864,,241931,"lviews`' two tercile cut points land on adjacent integers (4 and 5), so the strict middle is the empty set** (`#864` used `np.digitize`, which includes an endpoint convention); **not a t","中间那三分之一站在哪边:制裁题上没有坡,只有一个孤立的少数",1,0
README.md,864,,243223,"he blocs depend on the tercile cut** (two widths were swept) — **a continuous variable has no real ""blocs""**, `#864` measured the middle group's POSITION and not a natural cluster, **and","中间那三分之一站在哪边:制裁题上没有坡,只有一个孤立的少数",1,0
README.md,854,,243400,"er, **and no clustering is done here, that is a different estimand**; ④ **the instrument cannot be changed** (`#854`)⟩| | **UNVERIFIED — and the three failures were three different instr","那堵墙立着,但理由不是我写的那个;而 kill 的**总体**错了一次",1,0
README.md,865,,243668,"(homosexuals · racists · communists · militarists · atheists) × their decades × 2 cut rules, 56 cells. **Pays `#865`①**; ⚠⚠ **arithmetic first — the intuitive question is FORCED**: ""do b","那几块少数既不是同一批人,也不站在同一边",1,0
README.md,863,,244848,"ry 0.690**) ⇒ TVD **0.1896 → 0.0274 (−0.16)**, **proving sensitivity while proving the direction backwards** (`#863` had just made the same error — **the third time in four rounds**) ⇒ r","同一个话题,两条缝:「对不对」上是信仰,「拦不拦」上是学历",1,0
README.md,111,c,247314,"most; measured, it stands out least** — ⚠ **but under `UNVERIFIED` that is description, not conclusion**; ⚠ **`#111c` says two consecutive `UNVERIFIED`s on one question means change direc","剂量在这套数据上问不出来,这是能力边界不是零;而我为了追它偏离了自己写下的 NEXT 三轮",1,0
README.md,866,,249385,"ib/gates.py`. **Production, not Frontier — this round asks nothing about people, it only fixes a tool.** Pays `#866`①. **This is the fourth instance of one error family**: `#821`/`#836` ","UNVERIFIED,而三次不通过的是三个不同的仪器缺陷,没有一个是数据",1,0
README.md,821,,249447,"hing about people, it only fixes a tool.** Pays `#866`①. **This is the fourth instance of one error family**: `#821`/`#836` broke on the **yardstick** (the kill's yardstick was a 0.016 s","kill 的尺子用错了噪声:种子跨度量的是可复现性,不是精度",1,1
README.md,836,,249454,"out people, it only fixes a tool.** Pays `#866`①. **This is the fourth instance of one error family**: `#821`/`#836` broke on the **yardstick** (the kill's yardstick was a 0.016 seed spr","换单位到社会:那条「谴责↔稀少」的关联,只有同一批编码者看得见",1,0
README.md,854,,249598,"(the kill's yardstick was a 0.016 seed spread while that quantity's own noise was 0.175) ⇒ added `yardstick`; `#854` broke on the **population** (the kill read ""any instrument passing al","那堵墙立着,但理由不是我写的那个;而 kill 的**总体**错了一次",1,1
README.md,859,,249765,"strument passing all three axes"", and the GSS the claim already lived in passed itself) ⇒ added `population`; `#859` broke on the **direction** (6/6 pairs cleared the floor while that di","说「永远是错的」的人里,有 66% 说可以让他去教书",1,0
README.md,866,,249913, pairs cleared the floor while that difference's sign flipped between the two decades) ⇒ added `direction`; **`#866` broke on the fourth part: the control's population ≠ the criterion's ,"UNVERIFIED,而三次不通过的是三个不同的仪器缺陷,没有一个是数据",1,0
README.md,866,,250549,"· **all the same population**); **the `P7` attack ran eight vectors, all actually executed**: ④ **reproducing `#866`'s real shape** (placebo = five targets pooled vs kill = homo's five c","UNVERIFIED,而三次不通过的是三个不同的仪器缺陷,没有一个是数据",1,0
README.md,865,,250812,d signature's output is byte-identical** ✅; **and the regression matters more than the attack**: **re-running `#865` (R304) leaves `blocs_per_person.json` byte-identical with the verdict,"那几块少数既不是同一批人,也不站在同一边",1,0
README.md,814,,251529,"tation is printed into the output rather than hidden; ③ **it marks, it does not block** (the same decision as `#814`/`#836`①/`#854`①/`#859`①, `L81` — blocking would make every past round",容差比噪声窄七倍:那两条负控是随机开火的,1,0
README.md,836,,251536,"is printed into the output rather than hidden; ③ **it marks, it does not block** (the same decision as `#814`/`#836`①/`#854`①/`#859`①, `L81` — blocking would make every past round irrepr","换单位到社会:那条「谴责↔稀少」的关联,只有同一批编码者看得见",1,0
README.md,854,,251544,"ed into the output rather than hidden; ③ **it marks, it does not block** (the same decision as `#814`/`#836`①/`#854`①/`#859`①, `L81` — blocking would make every past round irreproducible","那堵墙立着,但理由不是我写的那个;而 kill 的**总体**错了一次",1,0
README.md,859,,251552,"the output rather than hidden; ③ **it marks, it does not block** (the same decision as `#814`/`#836`①/`#854`①/`#859`①, `L81` — blocking would make every past round irreproducible); ⇒ **o","说「永远是错的」的人里,有 66% 说可以让他去教书",1,0
README.md,866,,252674,"erable from this data** | ⚠ **Scope**: GSS, five targets × five decades × two stratum cuts, 150 cells. **Pays `#866`②**; ⚠⚠ **doing the arithmetic first topples `#866`'s sentence**: `E[R","UNVERIFIED,而三次不通过的是三个不同的仪器缺陷,没有一个是数据",1,0
README.md,866,,252725,"rgets × five decades × two stratum cuts, 150 cells. **Pays `#866`②**; ⚠⚠ **doing the arithmetic first topples `#866`'s sentence**: `E[R|R≥1,s] = E[R|s]/(1−P(R=0|s))`, and **the synthetic","UNVERIFIED,而三次不通过的是三个不同的仪器缺陷,没有一个是数据",1,0
README.md,866,,252973,"n observed and null enters through the single number `P(R=0)`** (identity deviation **2.41e-03**), **and what `#866` reported was that quantity's DIFFERENCE between two strata — a differ","UNVERIFIED,而三次不通过的是三个不同的仪器缺陷,没有一个是数据",1,0
README.md,867,,254138," yes, and that is algebra, not convention**); ⑤ placebo `ballot` **0/20** exceedances; ⚠ **the check added in `#867` fires for the first time**: the gate prints **`control population: 5/",`population` 也进了控制行:判据的第五个部件,1,1
README.md,865,,254753," 13/25 cells** ⇒ **Δφ's direction is decided by whether you match marginals, not by the data** ⇒ **verdict D; `#865`① is still unanswered, but this time the reason it cannot be answered ","那几块少数既不是同一批人,也不站在同一边",1,0
README.md,868,,255257," parallel names, parallel codes, opposite stem**; corrected, communists return to 2.025–2.144; **and the debt `#868`② (""'only these two rounds' is my count, I never grepped"") forced me t","反对在一个人身上是一件事,不是三件;而「两层差多少」这批数据答不了",1,0
README.md,661,,255400," is my count, I never grepped"") forced me to run that grep before committing, and it overturned my account**: `#661` had named it · **`#680` had read the codebook and written the whole p","非性道德题也有方式效应,只是方向各不相同,而我拿有符号的中位把自己骗了",1,0
README.md,680,,255424,"epped"") forced me to run that grep before committing, and it overturned my account**: `#661` had named it · **`#680` had read the codebook and written the whole polarity table into the l","上一轮的撤回本身是错的,而错的来源是一件我已经点名过的缺陷",1,0
README.md,866,,255684,"rse`) · **`R123`/`R127`/`R151` and ~180 rounds all carried `c != ""colcom""` without a single miss** · **it was `#866`, rewriting the item construction from scratch, that lost the exceptio","UNVERIFIED,而三次不通过的是三个不同的仪器缺陷,没有一个是数据",1,0
README.md,868,,258032,"this project's own 860 `.py` files. **PRODUCTION, not FRONTIER — this round asks nothing about people.** Pays `#868`②. ⚠ **And `#868`① is deliberately not done, with the reason written d","反对在一个人身上是一件事,不是三件;而「两层差多少」这批数据答不了",1,0
README.md,868,,258049,"n 860 `.py` files. **PRODUCTION, not FRONTIER — this round asks nothing about people.** Pays `#868`②. ⚠ **And `#868`① is deliberately not done, with the reason written down**: ""are the b","反对在一个人身上是一件事,不是三件;而「两层差多少」这批数据答不了",1,0
README.md,866,,258192," with the reason written down**: ""are the blocless refusers a different kind of person"" has now failed across `#866` (three `UNVERIFIED`s) and `#868` (verdict D, `Δφ` unidentified), and ","UNVERIFIED,而三次不通过的是三个不同的仪器缺陷,没有一个是数据",1,1
README.md,868,,258225,"""are the blocless refusers a different kind of person"" has now failed across `#866` (three `UNVERIFIED`s) and `#868` (verdict D, `Δφ` unidentified), and **`#111c` says two consecutive `U","反对在一个人身上是一件事,不是三件;而「两层差多少」这批数据答不了",1,0
README.md,111,c,258270,"f person"" has now failed across `#866` (three `UNVERIFIED`s) and `#868` (verdict D, `Δφ` unidentified), and **`#111c` says two consecutive `UNVERIFIED`s on one question means change direc","剂量在这套数据上问不出来,这是能力边界不是零;而我为了追它偏离了自己写下的 NEXT 三轮",1,0
README.md,868,,261916,"ector that actually caught something**); ⇒ **one sentence, and it is still about me rather than about people: `#868` said a rule that survives only by copying is one rewrite from extinct","反对在一个人身上是一件事,不是三件;而「两层差多少」这批数据答不了",1,0
README.md,869,,263543,"8 rounds actually used (19 real items + `biomale`) × k∈{2,3,4} × two scalings × two correlation methods. Pays `#869`①, which found the discovery rule in **38 copies with 8 missing `if c!","又一条守则死了一半:38 份拷贝,8 份漏了那一行,而漏掉的那一行不是可有可无的",1,0
README.md,867,,265815,"ent Bernoulli(0.5) that subtracts ""binary with this variance"" itself, gives **0.15°**; ⚠ **the check added in `#867` fires for the second time**: `control population: 5/5 named, same pop",`population` 也进了控制行:判据的第五个部件,1,1
README.md,871,,268439," is the first row written that way; the back-catalogue **is still Chinese, and converting it is registered as `#871`②, not silently claimed as done**. ⚠ **Scope**: the 5 of `#869`'s 8 sc",the missing line changed every number and not one conclusion,1,0
README.md,869,,268502,"ll Chinese, and converting it is registered as `#871`②, not silently claimed as done**. ⚠ **Scope**: the 5 of `#869`'s 8 scripts that still run, each executed as-committed / with the mis","又一条守则死了一半:38 份拷贝,8 份漏了那一行,而漏掉的那一行不是可有可无的",1,0
README.md,870,,268632,"hat still run, each executed as-committed / with the missing line restored / with one real item dropped. Pays `#870`①; ⚠⚠ **and `#870`'s own NEXT prescribed the wrong method, which is th","那 8 轮把「是不是男的」当成了第 20 个性癖,而它和领先的两根轴相关 0.56 与 0.47",1,0
README.md,870,,268650,"h executed as-committed / with the missing line restored / with one real item dropped. Pays `#870`①; ⚠⚠ **and `#870`'s own NEXT prescribed the wrong method, which is the first thing reco","那 8 轮把「是不是男的」当成了第 20 个性癖,而它和领先的两根轴相关 0.56 与 0.47",1,0
README.md,867,,271060,"ror` has **no output to be deterministic about**, so demanding it is a control failing for its own reasons, **`#867`'s defect class, which is exactly what the gate's control-population c",`population` 也进了控制行:判据的第五个部件,1,1
README.md,870,,272172,"question flips outright, and one script in this very set already flips when any single item is dropped.** ⚠ **`#870`'s contamination still stands** — the leading two components really do","那 8 轮把「是不是男的」当成了第 20 个性癖,而它和领先的两根轴相关 0.56 与 0.47",1,0
README.md,871,,273725,he reported numbers are the second sweep's and **a determinism check run under load measures the load**. Pays `#871`①. ⚠⚠ **The prior-art gate fired first and changed the design rather t,the missing line changed every number and not one conclusion,1,1
README.md,871,,274304,"a sham""* ⇒ **leave-one-out is not new here, but every one of those drops a UNIT — a person, a split, a point. `#871` stumbled onto a different perturbation: dropping an ITEM, one of the ",the missing line changed every number and not one conclusion,1,1
README.md,871,,275811,"ha1` **of their own source**, so any edit changes the output by construction and the stamp must be stripped — `#871` lost a whole control to exactly this); **arithmetic first**: a script",the missing line changed every number and not one conclusion,1,0
README.md,872,,278194," honestly; this round asks nothing about people. **Scope**: this project's own ledger and its two pages. Pays `#872`①, which measured the conversion instead of starting it and found the ",this project has always checked whether a finding survives dropping a PERSON; it had never checked whether it survives dropping a QUESTION,1,2
README.md,873,,280275,ther than hidden**: the corpus re-derivability sweep was launched before this round existed and called itself `#873`; it is renumbered **`#874`** on disk and **the artifact it is still w,"a converter that refuses, because this operation will be repeated 858 times",1,1
README.md,874,,280302,pus re-derivability sweep was launched before this round existed and called itself `#873`; it is renumbered **`#874`** on disk and **the artifact it is still writing will carry the stale,"the sweep that was supposed to measure re-derivability could not be run, and the reason is my design",1,2
README.md,873,,281522,"s no controls; ④ **not one entry has been converted** — building the tool is not doing the job, registered as `#873`① rather than counted as progress⟩| | **The sweep that was supposed to","a converter that refuses, because this operation will be repeated 858 times",1,1
README.md,872,,281814,t. Written up because the failure is the finding.** **Scope**: all **835** round scripts in E01/E02/E03. Pays `#872`② — *how much of this project's evidence can still be regenerated* — *,this project has always checked whether a finding survives dropping a PERSON; it had never checked whether it survives dropping a QUESTION,1,3
README.md,872,,281915,03. Pays `#872`② — *how much of this project's evidence can still be regenerated* — **and does not answer it; `#872`② stays OPEN** | ⚠⚠ **A cheaper instrument was tried first and failed ,this project has always checked whether a finding survives dropping a PERSON; it had never checked whether it survives dropping a QUESTION,1,2
README.md,872,,282580,"DGED — two defects, both mine**: ① **the cost meter was run on a biased sample and I extrapolated from it** — `#872` had timed **38** scripts at ~3.5s and I projected 835×3.5s ≈ 49 min, ",this project has always checked whether a finding survives dropping a PERSON; it had never checked whether it survives dropping a QUESTION,1,0
README.md,871,,283685,"took two passes, the third instance of one shape**: the first pass moved `.csv` — the extension I had seen in `#871` and `#872` — and left **112 `.json` files and 3 directories** behind ",the missing line changed every number and not one conclusion,1,0
README.md,872,,283696,"sses, the third instance of one shape**: the first pass moved `.csv` — the extension I had seen in `#871` and `#872` — and left **112 `.json` files and 3 directories** behind ⇒ **relocat",this project has always checked whether a finding survives dropping a PERSON; it had never checked whether it survives dropping a QUESTION,1,0
README.md,872,,284610,"uld not be run」]` (Entry 874) 〔this project's own round scripts〕 ⟨⚠ **What is still true and what is not**: **`#872`② is NOT answered** — no script was classified, **nothing here support",this project has always checked whether a finding survives dropping a PERSON; it had never checked whether it survives dropping a QUESTION,1,2
README.md,872,,284955,"ded control **are** built and did pass on a probe, and that part is reusable; **the 3 known-dead scripts from `#872` remain the only measured cases, in a population of 38, and must not b",this project has always checked whether a finding survives dropping a PERSON; it had never checked whether it survives dropping a QUESTION,1,0
README.md,820,,285287,"ounds of correction one sentence stands, and its subject had been compared against exactly one alternative** (`#820`'s politics) ⇒ the same decade grid was run on **seven axes** (religio","按虔诚分,鸿沟是猛地裂的;按政治立场分,同一条鸿沟只是匀速漂",1,0
README.md,816,,286765," for dependent tests, only the religious line still stands**; ⚠ **the age cell is not a surprise — it matches `#816`/`#817`**, which measured that **about one seventh of the 1990s openin","大部分是改了主意,但有七分之一根本不是「走」,是人换了",1,0
README.md,817,,286772,"pendent tests, only the religious line still stands**; ⚠ **the age cell is not a surprise — it matches `#816`/`#817`**, which measured that **about one seventh of the 1990s opening was c",两次张开都不是纯粹的「走」;而两千年代的虔诚者根本没动,1,0
README.md,827,,287692,"ne group renamed six times — which is what makes ""only two axes split"" a sentence with content**; ⓪ `G3` used `#827`'s `multiplicity_control` (one correction over the whole family, teste","`G3` 六轮没被执行,因为库里根本没有它;而「二十五笔欠账」抄了二十五遍",1,0
README.md,834,,288290,"s not survive BY, so it is one grade weaker than the religious cell**⟩|  **And the first thing to write about `#834`①'s ""remove the age effect"" quantity is that it is not identified.** *","那条缝沿着两条线裂:信不信教,和多大年纪。而我的判词把第二条说没了",1,0
README.md,837,,290932," today it looks more like a fact about how ethnography gets read than a fact about how societies work.** ⚠⚠ **`#837` narrows this in place**: ""change the anthropologists and it disappear","三把尺子彼此同意吗:问不出来,而这句「问不出来」收窄了我昨天的头条",1,0
README.md,837,,291216,"**, and that interpretation must first rule out ""those two teams were measuring something else all along"" — **`#837` shows that rival cannot be ruled out in SCCS at all: the three restri","三把尺子彼此同意吗:问不出来,而这句「问不出来」收窄了我昨天的头条",1,0
README.md,846,,295489,"m its own pace exactly once in fifty years — in the 2010s, in the direction of greater permissiveness.** ⚠⚠ **`#846` narrows the scope in place**: this holds **only on `homosex`**. Acros","「不信教的人走得更快」不是关于那群人的话,只在同性恋这一道题上",1,0
README.md,838,,296019,"**Last round's story was too pleasing, so this round went after it first.** The threat was already printed in `#838`'s own headroom table; I simply had not followed it: **by the 2010s th","九十年代那条缝张开,是世俗那边走了,不是虔诚那边顶住了",1,0
README.md,846,,297990,"助区间**, B=1500; each cell's null comes from **that cell's own bootstrap distribution**, not a shared one)  ⚠ **`#846`'s scope applies here too**: this round also ran **only `homosex`**; a","「不信教的人走得更快」不是关于那群人的话,只在同性恋这一道题上",1,0
README.md,770,,298365,"* `[#839「天花板偏的方向和我担心的相反」]`  **This round first paid the debt I had written down at the end of the last one.** `#770` established it long ago: **compare the quantity itself, not two quant","解释份额是推导不是测量,而我用它写了五轮",1,0
README.md,846,,299895,"ving"" and ""the distance shrank"" are not the same sentence, and last round I nearly treated them as one.** ⚠ **`#846`'s scope applies here too**: this round also ran **only `homosex`**. A","「不信教的人走得更快」不是关于那群人的话,只在同性恋这一道题上",1,0
README.md,832,,300307,"的区间」]`      | **Three scans, three answers — and the difference is entirely in how ""a place"" is defined** | **`#832`① landed** (`#826`'s row and narrative now both carry ""of the two surv","62 格、两根轴、五种族定义,只剩一件事:九十年代那一格",1,0
README.md,826,,300325,"ree scans, three answers — and the difference is entirely in how ""a place"" is defined** | **`#832`① landed** (`#826`'s row and narrative now both carry ""of the two survivors only the nin","减掉运气那一份之后,整张网格只剩两个格,而它们都是同性恋那一题",1,0
README.md,828,,300585,on one question and got three answers**: character distance ±1500 ⇒ ZH 0 / **EN 2**; ±1200 ⇒ ZH 0 / **EN 1**; `#828`'s structural classifier ⇒ **ZH 1** / EN 0 — **none of the three is ri,"两条更正落地;而那份欠账清单的「0 笔」,仪器只验证过一次",1,0
README.md,798,,300781,"ach is wrong differently** | ⚠⚠⚠ **tracked down, it is a defect in the audit instrument itself, present since `#798`**: `units()` cuts the page into `row` units (whole lines carrying `(E","撤回落地了,而更正分两种:断言它 vs 证明它稳定",1,0
README.md,807,,301233,"er the anchor fall into the next `para`**; ⇒ **every annotation appended at a row's end, as I have done since `#807`, lands after the anchor and is therefore invisible to the `para` unit",「从来没跑到」与「跑不了」对读者的意思是相反的,1,0
README.md,798,,301548,"sequences, stated separately, and the second may not excuse the first**: **(a) every ""N bare / M total"" since `#798` has counted the 131 table rows twice in its denominator — those ""379 ","撤回落地了,而更正分两种:断言它 vs 证明它稳定",1,0
README.md,826,,302593," 833) 〔the page, and the audit instrument itself〕 ⟨positive reference: **reading the line directly** confirms `#826`'s row does contain `#832`'s annotation (position 1157 against the anc","减掉运气那一份之后,整张网格只剩两个格,而它们都是同性恋那一题",1,0
README.md,832,,302619,udit instrument itself〕 ⟨positive reference: **reading the line directly** confirms `#826`'s row does contain `#832`'s annotation (position 1157 against the anchor at 850) — **not via an,"62 格、两根轴、五种族定义,只剩一件事:九十年代那一格",1,0
README.md,832,,302781,r at 850) — **not via any scan**; negative reference: the one English hit reported by character distance is **`#832`'s own row quoting the wording it corrects** (`#798`'s exact trap) ⇒ *,"62 格、两根轴、五种族定义,只剩一件事:九十年代那一格",1,0
README.md,798,,302833,": the one English hit reported by character distance is **`#832`'s own row quoting the wording it corrects** (`#798`'s exact trap) ⇒ **not a gap**; ⚠ **and ""three rulers, three answers"" ","撤回落地了,而更正分两种:断言它 vs 证明它稳定",1,0
README.md,798,,303100,not fixed**: `units()`'s double cut **was not repaired here** (repairing it would perturb the reproduction of `#798`/`#807`/`#828`) ⇒ **the next run of those scripts will still inflate t,"撤回落地了,而更正分两种:断言它 vs 证明它稳定",1,0
README.md,807,,303107,ed**: `units()`'s double cut **was not repaired here** (repairing it would perturb the reproduction of `#798`/`#807`/`#828`) ⇒ **the next run of those scripts will still inflate the popu,「从来没跑到」与「跑不了」对读者的意思是相反的,1,0
README.md,828,,303114,units()`'s double cut **was not repaired here** (repairing it would perturb the reproduction of `#798`/`#807`/`#828`) ⇒ **the next run of those scripts will still inflate the population*,"两条更正落地;而那份欠账清单的「0 笔」,仪器只验证过一次",1,0
README.md,816,,304435,"rection valid for dependent tests, only the religious line still stands.** ⚠ And the age cell is no surprise: `#816`/`#817` measured that about one seventh of the 1990s opening was cohor","大部分是改了主意,但有七分之一根本不是「走」,是人换了",1,0
README.md,817,,304442," valid for dependent tests, only the religious line still stands.** ⚠ And the age cell is no surprise: `#816`/`#817` measured that about one seventh of the 1990s opening was cohort compo",两次张开都不是纯粹的「走」;而两千年代的虔诚者根本没动,1,0
README.md,827,,304729,"条线裂」]` | **62 cells, two axes, five family definitions — and one thing left standing: the nineties cell** | **`#827` registered and nobody returned to it: ""which tests belong to one fami","`G3` 六轮没被执行,因为库里根本没有它;而「二十五笔欠账」抄了二十五遍",1,0
README.md,826,,305514," 10 combinations, including the widest family with the most conservative method** | ⚠⚠ **and of the two cells `#826` reported, only the first is family-invariant**: **`homosex`/2000s sur","减掉运气那一份之后,整张网格只剩两个格,而它们都是同性恋那一题",1,0
README.md,826,,305683,"omosex`/2000s survives under narrow families and dies under both the 62-cell family and `religion34`+BY** ⇒ **`#826`'s ""two cells survive"" must become: the nineties cell does not depend ","减掉运气那一份之后,整张网格只剩两个格,而它们都是同性恋那一题",1,0
README.md,826,,306221,"he family smaller**, which is why the per-item family is labelled the **least** defensible, not the most; ⇒ **`#826`② is executed: with the politics grid as its own family, survivors und","减掉运气那一份之后,整张网格只剩两个格,而它们都是同性恋那一题",1,0
README.md,820,,306328," **`#826`② is executed: with the politics grid as its own family, survivors under both BH and BY are 0**, and `#820`'s single marked cell `pol/sexeduc`/2010s (p=0.011) **dies under every","按虔诚分,鸿沟是猛地裂的;按政治立场分,同一条鸿沟只是匀速漂",1,0
README.md,831,,307007,"e** `[#832「62 格、两根轴、五种族定义」]` (Entry 832) 〔GSS, two axes inside one questionnaire〕 ⟨⚠⚠ **why this round is not `#831`①**: `git log` shows the last five rounds were `guard/guard/verify/fix","那句「下一轮做」当轮就兑现了,因为它自己就是第七个实例",1,0
README.md,831,,307155,ve rounds were `guard/guard/verify/fix/guard` — **not one about people** — which is `frontier §3`'s basin ⇒ **`#831`① was recorded as an `OPEN` row in `DEBTS.tsv` (that table's first rea,"那句「下一轮做」当轮就兑现了,因为它自己就是第七个实例",1,0
README.md,825,,307517,"ds (62-cell family) ⇒ ""at least one survivor"" at **0.017 ± 0.017 ≤ q** — ⚠ **the expectation is ≤ q, not 0** (`#825`'s error, corrected in `#826`, carried forward here); ⚠ **one naming s","负控失败在 5.9%,而那正是 95% 区间的额定值:整张网格从来没做过多重性",1,0
README.md,826,,307546,"st one survivor"" at **0.017 ± 0.017 ≤ q** — ⚠ **the expectation is ≤ q, not 0** (`#825`'s error, corrected in `#826`, carried forward here); ⚠ **one naming slip corrected in the same rou","减掉运气那一份之后,整张网格只剩两个格,而它们都是同性恋那一题",1,0
README.md,830,,308146,"e words ""next round"" were honoured in the same round, because they were themselves the seventh instance** | **`#830`② wrote: ""wire `debts_gate.py` into precommit, or it is a rule execute","停止造第四把尺子:把状态写进结构,而不是从散文里挖",1,0
README.md,807,,308674,"` ⇒ `--precommit` exits 1 and prints why; restored, it exits 0** ⇒ the verdict moves when the thing is fixed (`#807`'s third control) | ⚠ **and this is wired as zero-tolerance rather tha",「从来没跑到」与「跑不了」对读者的意思是相反的,1,0
README.md,601,,308788,"7`'s third control) | ⚠ **and this is wired as zero-tolerance rather than a ratchet, for a reason opposite to `#601`'s and equally valid**: `#601` uses a ratchet because the page's debts","十件工具六条规则,而没有一件东西会自己跑",1,0
README.md,601,,308818,"this is wired as zero-tolerance rather than a ratchet, for a reason opposite to `#601`'s and equally valid**: `#601` uses a ratchet because the page's debts are **registered and may not ","十件工具六条规则,而没有一件东西会自己跑",1,0
README.md,601,,309666,"this page's own gate〕 ⟨⚠ **what cannot be fixed**: `precommit` reads the **working tree**, not the **index** (`#601`'s long-registered problem) — when only part of the changes are commit","十件工具六条规则,而没有一件东西会自己跑",1,0
README.md,827,,310454,"sychology first"".** So that gate became an `OPEN` row in `DEBTS.tsv`, and the round returned to the object. **`#827` had registered something nobody went back to: treating the 34-cell gr","`G3` 六轮没被执行,因为库里根本没有它;而「二十五笔欠账」抄了二十五遍",1,0
README.md,826,,310905,"n, including the widest family (62 cells) with the most conservative method (BY).** ⚠⚠ **And of the two cells `#826` reported, only the first is family-invariant** — `homosex`/2000s live","减掉运气那一份之后,整张网格只剩两个格,而它们都是同性恋那一题",1,0
README.md,827,,311934,` | **Stop building a fourth ruler: write the status into a structure instead of mining it out of prose** | **`#827` counted → `#828` listed → `#829` measured: three rounds each built a ,"`G3` 六轮没被执行,因为库里根本没有它;而「二十五笔欠账」抄了二十五遍",1,0
README.md,828,,311951,ng a fourth ruler: write the status into a structure instead of mining it out of prose** | **`#827` counted → `#828` listed → `#829` measured: three rounds each built a new ruler for the,"两条更正落地;而那份欠账清单的「0 笔」,仪器只验证过一次",1,0
README.md,829,,311967,"r: write the status into a structure instead of mining it out of prose** | **`#827` counted → `#828` listed → `#829` measured: three rounds each built a new ruler for the same thing, and","那个匹配器只认得我最近的写法:召回 18.6%,而它的盲区正好是欠账的年代",1,0
README.md,800,,312163," failed**; ⇒ `DEBTS.tsv` created (`debt · raised_in · status · settled_in · note`, **26 rows**, imported from `#800`'s canonical list) plus `tools/debts_gate.py`; **positive control: thr","MDE 关的是确认,不是反驳:六个候选全部被反例杀掉,一个统计量都没用",1,0
README.md,807,,312492,"restored and re-run, exit 0** ⇒ **the verdict does move when the thing is fixed rather than always passing** (`#807`'s third control) | ⚠⚠ **all 26 rows carry `status = UNVERIFIED`, whic",「从来没跑到」与「跑不了」对读者的意思是相反的,1,0
README.md,829,,312627," ⚠⚠ **all 26 rows carry `status = UNVERIFIED`, which is not laziness but the only honest entry available**: **`#829` had just proved I cannot determine their status from prose** — **writ","那个匹配器只认得我最近的写法:召回 18.6%,而它的盲区正好是欠账的年代",1,0
README.md,829,,314100,"y population may not pass); ⚠ **what cannot be fixed**: **the gate cannot and does not adjudicate any debt** (`#829` proved prose-inference unworkable), and **self-consistent ≠ correct —","那个匹配器只认得我最近的写法:召回 18.6%,而它的盲区正好是欠账的年代",1,0
README.md,808,,314978,"| ⚠⚠ **the 57 misses are a far more important diagnosis than the recall figure**: **the hits' median entry is `#808`, the misses' median `#762`** — the hits sit almost entirely after `#8","八条鸿沟终于有了区间;而「没动」这句话不成立,是「动得最少」",1,0
README.md,762,,315005,"far more important diagnosis than the recall figure**: **the hits' median entry is `#808`, the misses' median `#762`** — the hits sit almost entirely after `#804`, while an early entry l","宗教解释三分之一,政治解释一成,而还剩六成二",1,0
README.md,804,,315051,"igure**: **the hits' median entry is `#808`, the misses' median `#762`** — the hits sit almost entirely after `#804`, while an early entry like `#716` phrases it as ""**the step `#715`② n","那条规矩写在账本里,而账本不执行任何东西",1,0
README.md,716,,315085,"is `#808`, the misses' median `#762`** — the hits sit almost entirely after `#804`, while an early entry like `#716` phrases it as ""**the step `#715`② named, the one whose direction was ","五个域全都比随机凑的六题更连成一片,「只有纯洁」是那把尺子造的",1,0
README.md,715,,315118,"62`** — the hits sit almost entirely after `#804`, while an early entry like `#716` phrases it as ""**the step `#715`② named, the one whose direction was against me, has been delivered**""","一个固定的阈,在四种块大小上意味着四种强度",1,0
README.md,758,,315575,"two facts, which upgrades that zero from ""low recall"" to ""forced by construction""**: **all 26 debts come from `#758`–`#799`, and not one of the matcher's hits falls inside that range** (",回测推翻了我自己那笔欠账的前提:修的地方不在函数里,1,0
README.md,799,,315582,"ts, which upgrades that zero from ""low recall"" to ""forced by construction""**: **all 26 debts come from `#758`–`#799`, and not one of the matcher's hits falls inside that range** (its nea",顶对经住了造世界那一级:小分母 + 噪声造不出 2.19 与 1.84,1,0
README.md,804,,315672,"ts come from `#758`–`#799`, and not one of the matcher's hits falls inside that range** (its nearest hits are `#804`–`#809`, just above it) ⇒ **the matcher's blind spot coincides precise","那条规矩写在账本里,而账本不执行任何东西",1,0
README.md,809,,315679," from `#758`–`#799`, and not one of the matcher's hits falls inside that range** (its nearest hits are `#804`–`#809`, just above it) ⇒ **the matcher's blind spot coincides precisely with","区间上页了;而「五十年没动」那四处命中,全是撤回本身",1,0
README.md,828,,315949,"lstat`: a control that shares the instrument's blind spot confirms the instrument and licenses nothing**; ⇒ **`#828`'s ""not one of the 26 was ever claimed executed"" is withdrawn here; th","两条更正落地;而那份欠账清单的「0 笔」,仪器只验证过一次",1,0
README.md,802,,316469,oes not know** `[#829「那个匹配器只认得我最近的写法」]` (Entry 829) 〔the ledger itself〕 ⟨positive control: the known positive `#802`①→`#808` enters the ground truth **and** is caught ⇒ neither instrumen,"五条鸿沟在裂,三条在合;而同性恋那条翻了三倍",1,0
README.md,808,,316477,know** `[#829「那个匹配器只认得我最近的写法」]` (Entry 829) 〔the ledger itself〕 ⟨positive control: the known positive `#802`①→`#808` enters the ground truth **and** is caught ⇒ neither instrument is bli,"八条鸿沟终于有了区间;而「没动」这句话不成立,是「动得最少」",1,0
README.md,999,,316590,08` enters the ground truth **and** is caught ⇒ neither instrument is blind; negative control: a non-existent `#999`① **fires on neither side**; ⚠ the pre-written confound: **the ground ,<<无此条目>>,0,0
README.md,827,,317021,"same reason the matcher does** ⇒ **18.6% is an upper-bound estimate; true recall can only be lower**⟩|  **And `#827` counted, `#828` listed, `#829` measured — three rounds each building ","`G3` 六轮没被执行,因为库里根本没有它;而「二十五笔欠账」抄了二十五遍",1,0
README.md,828,,317037,"matcher does** ⇒ **18.6% is an upper-bound estimate; true recall can only be lower**⟩|  **And `#827` counted, `#828` listed, `#829` measured — three rounds each building a new ruler for ","两条更正落地;而那份欠账清单的「0 笔」,仪器只验证过一次",1,0
README.md,829,,317052,"⇒ **18.6% is an upper-bound estimate; true recall can only be lower**⟩|  **And `#827` counted, `#828` listed, `#829` measured — three rounds each building a new ruler for the same thing,","那个匹配器只认得我最近的写法:召回 18.6%,而它的盲区正好是欠账的年代",1,0
README.md,829,,317382,"ate over it.** ⚠⚠ **And all 26 rows carry `UNVERIFIED`, which is not laziness but the only honest entry** — **`#829` had just proved I cannot determine their status from prose; writing e","那个匹配器只认得我最近的写法:召回 18.6%,而它的盲区正好是欠账的年代",1,0
README.md,826,,318141,"orrections landed — and the ""0 of 26"" on that debt list rests on an instrument validated exactly once** | **① `#826`'s conclusion had not reached the page, so this round measured before ","减掉运气那一份之后,整张网格只剩两个格,而它们都是同性恋那一题",1,0
README.md,827,,318523,"ross both versions** ⇒ after the annotation landed, the same instrument re-run gives **0 bare**; **② the list `#827`② asked for now exists: 26 lines, each prefixed `DEBT`, checkable with","`G3` 六轮没被执行,因为库里根本没有它;而「二十五笔欠账」抄了二十五遍",1,0
README.md,800,,318658,"sts: 26 lines, each prefixed `DEBT`, checkable with `grep '^  DEBT'`** — and its content is that **not one of `#800`'s 26 canonical debts has ever been claimed as executed anywhere later","MDE 关的是确认,不是反驳:六个候选全部被反例杀掉,一个统计量都没用",1,0
README.md,802,,319285,"egistered `UNVERIFIED`**; **(b) ⚠ this matcher's sensitivity was validated on exactly `one` known positive** (`#802`①, which `#808` explicitly marks paid) — **`#814` established that a c","五条鸿沟在裂,三条在合;而同性恋那条翻了三倍",1,0
README.md,808,,319300,"RIFIED`**; **(b) ⚠ this matcher's sensitivity was validated on exactly `one` known positive** (`#802`①, which `#808` explicitly marks paid) — **`#814` established that a control run once","八条鸿沟终于有了区间;而「没动」这句话不成立,是「动得最少」",1,0
README.md,814,,319334,"sensitivity was validated on exactly `one` known positive** (`#802`①, which `#808` explicitly marks paid) — **`#814` established that a control run once has no resolution** ⇒ **""0/26"" ca",容差比噪声窄七倍:那两条负控是随机开火的,1,0
README.md,802,,320302,"illed** (`frontier §7`, rule 6); four controls, **the third being the one most easily omitted**: ① positive — `#802`① is known paid ⇒ the matcher finds it at #808 (`realstat`: **a grep i","五条鸿沟在裂,三条在合;而同性恋那条翻了三倍",1,0
README.md,999,,320487,is a measuring instrument and must be run where the answer is already known**); ② negative — **a non-existent `#999`① returns nothing**; ③ **positive ② (`#807`'s third control): adding t,<<无此条目>>,0,0
README.md,807,,320530,here the answer is already known**); ② negative — **a non-existent `#999`① returns nothing**; ③ **positive ② (`#807`'s third control): adding the correction note must flip the verdict fr,「从来没跑到」与「跑不了」对读者的意思是相反的,1,0
README.md,826,,320746,"without it, ""0 bare"" and ""not a word changed"" look identical to the criterion**, measured ✓; ④ negative ② — **`#826` and later correction text is classed `LIMIT`** (a retraction necessar","减掉运气那一份之后,整张网格只剩两个格,而它们都是同性恋那一题",1,0
README.md,798,,320932,"ily writes the retracted wording onto the page; without sides, the correction itself is reported as residue — `#798`'s exact trap); ⑤ kill: 5 → 0; ⚠ **what cannot be fixed**: matcher sen","撤回落地了,而更正分两种:断言它 vs 证明它稳定",1,0
README.md,828,,321144," tests belong to one family"" is a semantic judgement neither the library nor a grep can make**⟩|  **And after `#828` marked its own ""0/26"" unciteable, this round measured it — the whole ","两条更正落地;而那份欠账清单的「0 笔」,仪器只验证过一次",1,0
README.md,808,,321609,"call 18.6%.** ⚠⚠ **And the 57 misses diagnose far more than the recall figure does: the hits' median entry is `#808`, the misses' median `#762`.** **This matcher recognises how I have be","八条鸿沟终于有了区间;而「没动」这句话不成立,是「动得最少」",1,0
README.md,762,,321636,"57 misses diagnose far more than the recall figure does: the hits' median entry is `#808`, the misses' median `#762`.** **This matcher recognises how I have been writing lately.** An ear","宗教解释三分之一,政治解释一成,而还剩六成二",1,0
README.md,715,,321745," `#762`.** **This matcher recognises how I have been writing lately.** An early entry phrases it as ""the step `#715`② named, the one whose direction was against me, has been delivered"" —","一个固定的阈,在四种块大小上意味着四种强度",1,0
README.md,758,,321967,"ight verbs appears in it. ⚠⚠⚠ **And the coincidence is the thing most worth recording: all 26 debts come from `#758`–`#799`, and not one of the matcher's hits falls inside that range.** ",回测推翻了我自己那笔欠账的前提:修的地方不在函数里,1,0
README.md,799,,321974,"rbs appears in it. ⚠⚠⚠ **And the coincidence is the thing most worth recording: all 26 debts come from `#758`–`#799`, and not one of the matcher's hits falls inside that range.** **Its b",顶对经住了造世界那一级:小分母 + 噪声造不出 2.19 与 1.84,1,0
README.md,825,,322666,"ned none of it — and ""twenty-five debts"" was copied twenty-five times** | **two instances of one disease**: ① `#825` established that multiplicity had never been applied; this round asks","负控失败在 5.9%,而那正是 95% 区间的额定值:整张网格从来没做过多重性",1,0
README.md,795,,322938,"ltiplicity`) ⇒ **the rule lived only in the skill text, which is the same as not existing** (the same road as `#795`/`#804`/`#811`/`#815`, for the **fifth** time) ⇒ `Gate.bh`, `Gate.by` ","缺陷是真的,而它一次都没到过账本:救我的是一条从没写下来的惯例",1,0
README.md,804,,322945,"ity`) ⇒ **the rule lived only in the skill text, which is the same as not existing** (the same road as `#795`/`#804`/`#811`/`#815`, for the **fifth** time) ⇒ `Gate.bh`, `Gate.by` and `Ga","那条规矩写在账本里,而账本不执行任何东西",1,0
README.md,811,,322952," **the rule lived only in the skill text, which is the same as not existing** (the same road as `#795`/`#804`/`#811`/`#815`, for the **fifth** time) ⇒ `Gate.bh`, `Gate.by` and `Gate.mult","「窄的零」缺的不是一个分支,是一个我从没说出口的输入",1,0
README.md,815,,322959,"rule lived only in the skill text, which is the same as not existing** (the same road as `#795`/`#804`/`#811`/`#815`, for the **fifth** time) ⇒ `Gate.bh`, `Gate.by` and `Gate.multiplicit","恒真、恒假、随机:第三种最危险,因为它有时候会失败",1,0
README.md,800,,323181,"② a `grep` measures the sentence ""twenty-five debts remain"" appearing **25 times** in the ledger, copied from `#800` through `#825` **without a single recount**, while `#800`'s canonical","MDE 关的是确认,不是反驳:六个候选全部被反例杀掉,一个统计量都没用",1,0
README.md,825,,323196,"ures the sentence ""twenty-five debts remain"" appearing **25 times** in the ledger, copied from `#800` through `#825` **without a single recount**, while `#800`'s canonical list actually ","负控失败在 5.9%,而那正是 95% 区间的额定值:整张网格从来没做过多重性",1,0
README.md,800,,323239,""" appearing **25 times** in the ledger, copied from `#800` through `#825` **without a single recount**, while `#800`'s canonical list actually holds **26** once deduplicated | ⚠⚠ **the n","MDE 关的是确认,不是反驳:六个候选全部被反例杀掉,一个统计量都没用",1,0
README.md,808,,323433,"sagreed with its own list from the day it was written, and was repeated as fact twenty-five times**; worse, **`#808`'s NEXT explicitly says ""`#802`① paid"" while the count on the same lin","八条鸿沟终于有了区间;而「没动」这句话不成立,是「动得最少」",1,0
README.md,802,,323464,"the day it was written, and was repeated as fact twenty-five times**; worse, **`#808`'s NEXT explicitly says ""`#802`① paid"" while the count on the same line did not move** ⇒ **a textbook","五条鸿沟在裂,三条在合;而同性恋那条翻了三倍",1,0
README.md,826,,324753,"rol` **cannot decide for the caller what the family is** — **treating the whole 34-cell grid as one family in `#826` was my choice, and another cut would give another answer**; ⚠ **this ","减掉运气那一份之后,整张网格只剩两个格,而它们都是同性恋那一题",1,0
README.md,826,,325065," by one is another round's work, **not pretended done in passing**; **this round reports no effect**⟩|  **And `#826`'s conclusion had not reached the page — so this round measured before","减掉运气那一份之后,整张网格只剩两个格,而它们都是同性恋那一题",1,0
README.md,827,,325365,"partures""; once the annotation landed, the same instrument re-run gives 0 bare.** **At the same time the list `#827`② asked for now exists: 26 lines, each prefixed `DEBT`, findable with ","`G3` 六轮没被执行,因为库里根本没有它;而「二十五笔欠账」抄了二十五遍",1,0
README.md,814,,325806,"l;** **(b) and more worth recording, this matcher's sensitivity was validated on exactly one known positive — `#814` had just established that a control run once has no resolution.** ⇒ *",容差比噪声窄七倍:那两条负控是随机开火的,1,0
README.md,832,,326370,"er subtracting luck's share, two cells survive in the whole grid — and both are the homosexuality item** (⚠ **`#832`: only the nineties one is family-invariant**) | **`#825` established ","62 格、两根轴、五种族定义,只剩一件事:九十年代那一格",1,0
README.md,825,,326427,le grid — and both are the homosexuality item** (⚠ **`#832`: only the nineties one is family-invariant**) | **`#825` established that `G3` had never actually been executed in six rounds ,"负控失败在 5.9%,而那正是 95% 区间的额定值:整张网格从来没做过多重性",1,0
README.md,819,,326831,teensex`/2010s); **BY (valid under arbitrary dependence) leaves exactly 1 at both q: `homosex`/1990s** | ⚠⚠ **`#819`'s core is simultaneously strengthened and thinned**: **strengthened**,只有同性恋那一题在猛地裂;其余七题各按自己的匀速走,1,0
README.md,819,,327081,"verything else dies; **thinned** — `sexeduc`/1990s (p=0.034) and `teensex`/2010s (p=0.0067), both reported by `#819`, **do not survive correction, and they are precisely the ~1.7 cells `",只有同性恋那一题在猛地裂;其余七题各按自己的匀速走,1,0
README.md,825,,327156,"2010s (p=0.0067), both reported by `#819`, **do not survive correction, and they are precisely the ~1.7 cells `#825` computed as luck's share**; ⇒ **a sentence about people: after subtra","负控失败在 5.9%,而那正是 95% 区间的额定值:整张网格从来没做过多重性",1,0
README.md,825,,327930,"the two-thousands""**; ⚠ **this round's negative control had the right expectation, which is exactly the error `#825` had just made**: BH controls FDR, and in an all-null world its guaran","负控失败在 5.9%,而那正是 95% 区间的额定值:整张网格从来没做过多重性",1,0
README.md,832,,328796," a q fraction of the survivor set to be false (P6 safe side: report only ""did not survive"")⟩ ⚠⚠ **appended by `#832`**: of the two survivors on this row, **only `homosex`/1990s is family","62 格、两根轴、五种族定义,只剩一件事:九十年代那一格",1,0
README.md,832,,328887,"⟩ ⚠⚠ **appended by `#832`**: of the two survivors on this row, **only `homosex`/1990s is family-invariant** — `#832` swept the never-swept family-definition axis (62 cells × five familie","62 格、两根轴、五种族定义,只剩一件事:九十年代那一格",1,0
README.md,820,,329512,"d at 5.9% — which is exactly a 95% interval's nominal rate: the grid has never had multiplicity applied** | **`#820`'s registered debt comes due** (""until multi-seed is added, no single ","按虔诚分,鸿沟是猛地裂的;按政治立场分,同一条鸿沟只是匀速漂",1,0
README.md,819,,330718,"ng threshold for the number of cells** ⇒ **34 cells × 5% ⇒ about 1.7 markings expected from pure noise, while `#819`'s real grid marked only 4–5 in total** ⇒ **the observed count is 2.5–",只有同性恋那一题在猛地裂;其余七题各按自己的匀速走,1,0
README.md,819,,330872,"* ⇒ **the observed count is 2.5–3× the expected false-positive count, none of it corrected ⇒ under correction `#819`'s grid may retain very few cells**; ⚠ **the stability half is clean a",只有同性恋那一题在猛地裂;其余七题各按自己的匀速走,1,0
README.md,820,,331008,ery few cells**; ⚠ **the stability half is clean and is reported separately**: zero flips ⇒ **the single flip `#820` observed was not caused by the seed but by `B` and the code path chan,"按虔诚分,鸿沟是猛地裂的;按政治立场分,同一条鸿沟只是匀速漂",1,0
README.md,820,,331191,"hanging together — corrected here**; and **`teensex`/2000s has the smallest boundary distance — it is exactly `#820`'s cell, making it the first one a correction should kill**; ⇒ **a sen","按虔诚分,鸿沟是猛地裂的;按政治立场分,同一条鸿沟只是匀速漂",1,0
README.md,821,,332068,"sible by `B`) and boundary distance (sampling, not compressible) are reported separately for all 68 cells** — `#821`'s lesson executed cell by cell for the first time; ⚠ the kill technic","kill 的尺子用错了噪声:种子跨度量的是可复现性,不是精度",1,1
README.md,828,,332338,ltiplicity correction was not performed here; this round only established that it must be**⟩ ⚠⚠ **appended by `#828`**: the **`sexeduc`/1990s and `teensex`/2010s cells named in this row ,"两条更正落地;而那份欠账清单的「0 笔」,仪器只验证过一次",1,0
README.md,826,,332429,⟩ ⚠⚠ **appended by `#828`**: the **`sexeduc`/1990s and `teensex`/2010s cells named in this row do not survive `#826`'s BH multiplicity correction** (p = 0.034 and 0.0067; within the 34-c,"减掉运气那一份之后,整张网格只剩两个格,而它们都是同性恋那一题",1,0
README.md,825,,332550, multiplicity correction** (p = 0.034 and 0.0067; within the 34-cell family they are precisely the ~1.7 cells `#825` computed as luck's share) ⇒ **they are no longer departures; only `ho,"负控失败在 5.9%,而那正是 95% 区间的额定值:整张网格从来没做过多重性",1,0
README.md,825,,332695,"**they are no longer departures; only `homosex`'s 1990s/2000s survive, and under BY only the 1990s.**|  **And `#825` had established that `G3` was never actually executed in six rounds —","负控失败在 5.9%,而那正是 95% 区间的额定值:整张网格从来没做过多重性",1,0
README.md,832,,333009,"ls survive, and both are the homosexuality item's nineties and two-thousands (p = 0.00017 and 0.00233).** ⚠ **`#832` later swept the family-definition axis and found only the nineties ce","62 格、两根轴、五种族定义,只剩一件事:九十年代那一格",1,0
README.md,819,,333256," widest (62-cell) family and under `religion34`+BY.** **`sexeduc`/1990s and `teensex`/2010s, both reported by `#819`, do not survive — and they are precisely the ~1.7 cells `#825` comput",只有同性恋那一题在猛地裂;其余七题各按自己的匀速走,1,0
README.md,825,,333319,"c`/1990s and `teensex`/2010s, both reported by `#819`, do not survive — and they are precisely the ~1.7 cells `#825` computed as luck's share.** ⇒ **A sentence about people: after subtra","负控失败在 5.9%,而那正是 95% 区间的额定值:整张网格从来没做过多重性",1,0
README.md,819,,334131,"ght uniform items produce by chance** | **a zero-compute gauge test** (`frontier §3`; `realstat §3`, rung 1): `#819`'s ""2.5×"" was computed in **raw scale points** across items with 2–5 c",只有同性恋那一题在猛地裂;其余七题各按自己的匀速走,1,0
README.md,797,,335496,"**, `sexeduc` 4, `homosex` 3 ⇒ **""which item is most extreme"" moves with the denominator — the same family as `#797`'s retraction of the three clumps; the ordering is not an object**; ⚠ ","底堆归不了堆:三堆撤回,剩下「干净的一对 + 排不出层的六题」",1,0
README.md,824,,337194,"y on the null distribution; this round's 3 seeds bought stability of the null, not of the estimate**⟩|  **And `#824`②'s ""only"" was built on single cells, which `#820` had already registe","「2.5 倍」撤回:三种归一化下,那个例外落在八题全匀速的随机范围里",1,0
README.md,820,,337244,"ought stability of the null, not of the estimate**⟩|  **And `#824`②'s ""only"" was built on single cells, which `#820` had already registered as forbidden until multi-seed existed — so thi","按虔诚分,鸿沟是猛地裂的;按政治立场分,同一条鸿沟只是匀速漂",1,0
README.md,819,,337887,"ever had a multiplicity correction applied.** **34 cells × 5% gives about 1.7 markings from pure noise, while `#819`'s real grid marked only 4–5 in total.** ⇒ **The observation is 2.5–3×",只有同性恋那一题在猛地裂;其余七题各按自己的匀速走,1,0
README.md,111,c,338430,"'s share.** `[#825「负控失败在 5.9%」]` | **More years only buys precision for an estimator that uses them all — and `#111c` fires here** | **""has the noise floor actually come down"" was written","剂量在这套数据上问不出来,这是能力边界不是零;而我为了追它偏离了自己写下的 NEXT 三轮",1,0
README.md,822,,338558,"** | **""has the noise floor actually come down"" was written as gate ⓪, ahead of every judgement about people (`#822`'s lesson) — and it failed**: the first half (10 years) has a noise ha","那个「单点价值最高的改动」没用;而堵住的东西是年份数,不是统计",1,0
README.md,822,,339674,"cause it is only 10 years, short-spanned and near-linear — **two faces of one mechanism**); ⇒ **together with `#822` the shape of the wall is now clear**: `#822` showed that consuming al","那个「单点价值最高的改动」没用;而堵住的东西是年份数,不是统计",1,0
README.md,822,,339719,near-linear — **two faces of one mechanism**); ⇒ **together with `#822` the shape of the wall is now clear**: `#822` showed that consuming all years does not reduce year-cluster noise (r,"那个「单点价值最高的改动」没用;而堵住的东西是年份数,不是统计",1,0
README.md,111,c,340014,"her better use of the years nor more of them helps — year-to-year fluctuation is the floor itself**; ⚠⚠ **and `#111c` fires here**: on ""did the devout stop or reverse"", `#818` was the fir","剂量在这套数据上问不出来,这是能力边界不是零;而我为了追它偏离了自己写下的 NEXT 三轮",1,0
README.md,818,,340073,"o-year fluctuation is the floor itself**; ⚠⚠ **and `#111c` fires here**: on ""did the devout stop or reverse"", `#818` was the first UNVERIFIED and this is the second ⇒ **change direction,","UNVERIFIED,而理由是这个设计的噪声底比「值得说的量」还大",1,1
README.md,816,,340679,"hort means, so it cannot jitter by construction** ⇒ **a deterministic code check, not a stochastic control** (`#816`②/`#818`, the same family, for the **third** time); **it establishes t","大部分是改了主意,但有七分之一根本不是「走」,是人换了",1,0
README.md,818,,340687,"ns, so it cannot jitter by construction** ⇒ **a deterministic code check, not a stochastic control** (`#816`②/`#818`, the same family, for the **third** time); **it establishes that the ","UNVERIFIED,而理由是这个设计的噪声底比「值得说的量」还大",1,0
README.md,814,,340986,tolerance 0.05 ÷ its own noise half-width 0.0922 = 0.54× ⇒ the check declares itself unqualified to answer** (`#814`'s mechanism firing correctly for the third time); ⚠ the two halves' `,容差比噪声窄七倍:那两条负控是随机开火的,1,0
README.md,812,,341248,"rift, and this design can measure it but not fix it**; ⚠ the 1990 cut was fixed before running and comes from `#812`, **but it still comes from the same data and is not exogenous**⟩|  **","这条鸿沟不是长出来的,是在九十年代和两千年代裂开的",1,0
README.md,823,,341328,"before running and comes from `#812`, **but it still comes from the same data and is not exogenous**⟩|  **And `#823` sent me to explain that ""2.5×"" — so the first move was the zero-compu",更多年份只对「用上全部年份」的估计量有用;而 `#111c` 在这里开火,1,0
README.md,823,,341908,"r the fifth specification the top slot even passes to `teensex`.** ⇒ **The ""2.5×"" is withdrawn, and the thing `#823` sent me to explain does not exist — one zero-compute gauge check save",更多年份只对「用上全部年份」的估计量有用;而 `#111c` 在这里开火,1,0
README.md,818,,343806,"the years themselves are the sample; using more of them is not ""more data"", it is that data** ⇒ **what blocks `#818` and `#821` is not the statistical specification but that GSS ran four","UNVERIFIED,而理由是这个设计的噪声底比「值得说的量」还大",1,0
README.md,821,,343817,"hemselves are the sample; using more of them is not ""more data"", it is that data** ⇒ **what blocks `#818` and `#821` is not the statistical specification but that GSS ran four to six tim","kill 的尺子用错了噪声:种子跨度量的是可复现性,不是精度",1,0
README.md,821,,344474,"hat — because the survey asked four to six times per decade, and the decades themselves are the sample**; ⚠ **`#821`'s ""highest-value single engineering change"" is withdrawn here** — it ","kill 的尺子用错了噪声:种子跨度量的是可复现性,不是精度",1,0
README.md,799,,346058," denominator is a sum of absolute values ≥ the numerator, so small denominators are structurally impossible — `#799`'s amplifier is designed out**), with the baseline **not assumed** but",顶对经住了造世界那一级:小分母 + 噪声造不出 2.19 与 1.84,1,0
README.md,820,,347338,"ency of repeated computation; the two can differ by an order of magnitude and both read as ""stable""**; ⇒ **so `#820`'s ""religion lurches, politics drifts"" remains an untested post-hoc re","按虔诚分,鸿沟是猛地裂的;按政治立场分,同一条鸿沟只是匀速漂",1,0
README.md,818,,348061," from**; ⚠⚠ **and two unrelated questions are now blocked by one design limit, which is itself the finding**: `#818` (noise floor 0.134 against a 0.10 target) and this round (0.175 again","UNVERIFIED,而理由是这个设计的噪声底比「值得说的量」还大",1,0
README.md,814,,349015,ance 0.08 ÷ its own noise half-width 0.175 = **0.46×** ⇒ **the check declares itself unqualified to answer** (`#814`'s mechanism firing correctly for the second time on a question it was,容差比噪声窄七倍:那两条负控是随机开火的,1,0
README.md,821,,349156,"ctly for the second time on a question it was not built for); **3 seeds**, per-item spreads reported⟩|  **And `#821` had called ""use every year within a decade"" the highest-value single ","kill 的尺子用错了噪声:种子跨度量的是可复现性,不是精度",1,0
README.md,819,,352723,"t round's pre-registration, not treated as a conclusion here**; ⚠⚠ **and this round exposes an instability in `#819` that has to be self-reported**: same data, same code, only `B` change",只有同性恋那一题在猛地裂;其余七题各按自己的匀速走,1,0
README.md,819,,352921,"with a different seed, and **`teensex` 2000s flipped from unmarked to `EXCLUDES` — 1 cell of 44 covered** ⇒ **`#819`'s ""2/8"" and this grid are both boundary-sensitive; `realstat` require",只有同性恋那一题在猛地裂;其余七题各按自己的匀速走,1,0
README.md,819,,353588,", the truly-uniform world yields **0 false positives** — ⚠ **written as `asserted`, not `identity_control`** (`#819`'s lesson); gauge: each cell's reference comes from that item's own fu",只有同性恋那一题在猛地裂;其余七题各按自己的匀速走,1,0
README.md,820,,354058," resolvable"" in this round** (the arms differ in both n and dispersion), **registered honestly**⟩|  **Whether `#820`'s post-hoc reading deserves belief depends on having a continuous, th","按虔诚分,鸿沟是猛地裂的;按政治立场分,同一条鸿沟只是匀速漂",1,0
README.md,818,,355261,"his round neither rescued nor refuted it. ⚠⚠ And two unrelated questions are now blocked by one design limit: `#818` and this round **both die on ""each decade uses only its first and las","UNVERIFIED,而理由是这个设计的噪声底比「值得说的量」还大",1,0
README.md,789,,355864,"an Δgap × the decade's span / the item's full span` ⇒ **polarity cancels automatically**, the gauge check for `#789`'s D9 result): the only departures are **`homosex` 1990s −0.629 and 20","变异在组内,不在组间:「性 / 非性」这个切法解释不了任何东西",1,0
README.md,806,,357021,"ily it is the exception**; ⚠⚠ **and `helpblk` is the instructive contrast, overturning how I had been reading `#806`**: its gap **crossed zero** (−0.344→+0.333) **while no decade of it d",换边不是刻度造的(0.6%);而顶对这个设计够不着,1,0
README.md,806,,357371,"r side without ever lurching once — ""changing sides"" and ""splitting open"" are two different things, and since `#806` I had been treating them as two phrasings of one**; ⚠ **the sentence ",换边不是刻度造的(0.6%);而顶对这个设计够不着,1,0
README.md,828,,357603,"en this religious divide opened""** — without the qualifier ""on homosexuality"", it is false ` ⚠⚠ **appended by `#828`**: the **`sexeduc`/1990s and `teensex`/2010s cells named in this row ","两条更正落地;而那份欠账清单的「0 笔」,仪器只验证过一次",1,0
README.md,826,,357694,` ⚠⚠ **appended by `#828`**: the **`sexeduc`/1990s and `teensex`/2010s cells named in this row do not survive `#826`'s BH multiplicity correction** (p = 0.034 and 0.0067; within the 34-c,"减掉运气那一份之后,整张网格只剩两个格,而它们都是同性恋那一题",1,0
README.md,825,,357815, multiplicity correction** (p = 0.034 and 0.0067; within the 34-cell family they are precisely the ~1.7 cells `#825` computed as luck's share) ⇒ **they are no longer departures; only `ho,"负控失败在 5.9%,而那正是 95% 区间的额定值:整张网格从来没做过多重性",1,0
README.md,812,,358159,"t concentrated in the 1990s (**trajectories replaced, not added** — that family has now recurred three times, `#812`/`#818`) ⇒ **detected in the 1990s only, and in 5 items**; negative co","这条鸿沟不是长出来的,是在九十年代和两千年代裂开的",1,0
README.md,818,,358166,"ntrated in the 1990s (**trajectories replaced, not added** — that family has now recurred three times, `#812`/`#818`) ⇒ **detected in the 1990s only, and in 5 items**; negative control: ","UNVERIFIED,而理由是这个设计的噪声底比「值得说的量」还大",1,0
README.md,818,,358644,or would manufacture a modal decade by itself**; ⚠⚠ **the negative control was this family's fourth repeat** (`#818` established the rule one round earlier): the measured false-positive ,"UNVERIFIED,而理由是这个设计的噪声底比「值得说的量」还大",1,0
README.md,824,,359434," · the 2020s have too few years ⇒ **""anything after the twenty-tens"" is unanswerable here**⟩ ⚠⚠ **appended by `#824` — the ""2.5×"" in this row is withdrawn**: that ratio was computed in *","「2.5 倍」撤回:三种归一化下,那个例外落在八题全匀速的随机范围里",1,0
README.md,828,,360106,"ecade 2 of 8"" — that verdict is per-item self-normalized and **scale-safe by construction**. ⚠⚠ **appended by `#828`**: the **`sexeduc`/1990s and `teensex`/2010s cells named in this row ","两条更正落地;而那份欠账清单的「0 笔」,仪器只验证过一次",1,0
README.md,826,,360197,. ⚠⚠ **appended by `#828`**: the **`sexeduc`/1990s and `teensex`/2010s cells named in this row do not survive `#826`'s BH multiplicity correction** (p = 0.034 and 0.0067; within the 34-c,"减掉运气那一份之后,整张网格只剩两个格,而它们都是同性恋那一题",1,0
README.md,825,,360318, multiplicity correction** (p = 0.034 and 0.0067; within the 34-cell family they are precisely the ~1.7 cells `#825` computed as luck's share) ⇒ **they are no longer departures; only `ho,"负控失败在 5.9%,而那正是 95% 区间的额定值:整张网格从来没做过多重性",1,0
README.md,819,,360463,"**they are no longer departures; only `homosex`'s 1990s/2000s survive, and under BY only the 1990s.**|  **And `#819`'s sentence rested on a premise I had never tested: it was stratified ",只有同性恋那一题在猛地裂;其余七题各按自己的匀速走,1,0
README.md,819,,361688,gistered here — it is registered as the next round's target. ⚠⚠ And this round also exposes an instability in `#819`: **changing only the seed and `B` flipped 1 of 44 covered cells** — *,只有同性恋那一题在猛地裂;其余七题各按自己的匀速走,1,0
README.md,802,,362046,"han the amount worth talking about** | **the first single-stratum estimand in this line** (every number since `#802` has been a difference between strata, **and a difference can move whi","五条鸿沟在裂,三条在合;而同性恋那条翻了三倍",1,0
README.md,815,,362841,"urally inseparable here** ⇒ **registered as a capability boundary, not a debt**; **and this is the first time `#815`'s mechanism fired correctly on a question it was not built for**: wit","恒真、恒假、随机:第三种最危险,因为它有时候会失败",1,0
README.md,817,,362959, mechanism fired correctly on a question it was not built for**: with the tolerance fixed at 0.05 in advance (`#817`②'s repair) the ratio is **0.37×** ⇒ **the check declares itself unqua,两次张开都不是纯粹的「走」;而两千年代的虔诚者根本没动,1,0
README.md,812,,364065,"d −0.1368 came back — **the instrument was right and my expected value was wrong; this is the third repeat of `#812`'s ""destroy the structure under test"", which `#812` had already writte","这条鸿沟不是长出来的,是在九十年代和两千年代裂开的",1,0
README.md,812,,364116,"d my expected value was wrong; this is the third repeat of `#812`'s ""destroy the structure under test"", which `#812` had already written into the ledger, and the lesson did not transfer*","这条鸿沟不是长出来的,是在九十年代和两千年代裂开的",1,0
README.md,802,,364390,"aically exactly 0** ⇒ comparing 0 to 0, which the library flagged DEGENERATE — **and the library was right** (`#802`'s added premise to `#770` is that the two values must be non-zero) ⇒ ","五条鸿沟在裂,三条在合;而同性恋那条翻了三倍",1,0
README.md,770,,364416,"aring 0 to 0, which the library flagged DEGENERATE — **and the library was right** (`#802`'s added premise to `#770` is that the two values must be non-zero) ⇒ **the check I actually wan","解释份额是推导不是测量,而我用它写了五轮",1,0
README.md,812,,365205,"→+0.843 (1990s) and +0.834→+0.841 (2000s), **small, but this design cannot fix it, only measure it**⟩|  **And `#812`'s ""it split open in the nineties"" had only ever been run on one item,","这条鸿沟不是长出来的,是在九十年代和两千年代裂开的",1,0
README.md,813,,365287," only measure it**⟩|  **And `#812`'s ""it split open in the nineties"" had only ever been run on one item, with `#813`/`#816`/`#817`/`#818` all stacked on top of it — so this round asked w","那两次张开是真分歧;而 `#805`/`#806` 的负控只抽过一次,它们的「通过」是运气",1,0
README.md,816,,365294,"easure it**⟩|  **And `#812`'s ""it split open in the nineties"" had only ever been run on one item, with `#813`/`#816`/`#817`/`#818` all stacked on top of it — so this round asked what non","大部分是改了主意,但有七分之一根本不是「走」,是人换了",1,0
README.md,817,,365301,"it**⟩|  **And `#812`'s ""it split open in the nineties"" had only ever been run on one item, with `#813`/`#816`/`#817`/`#818` all stacked on top of it — so this round asked what none of th",两次张开都不是纯粹的「走」;而两千年代的虔诚者根本没动,1,0
README.md,818,,365308," **And `#812`'s ""it split open in the nineties"" had only ever been run on one item, with `#813`/`#816`/`#817`/`#818` all stacked on top of it — so this round asked what none of those fou","UNVERIFIED,而理由是这个设计的噪声底比「值得说的量」还大",1,0
README.md,806,,366221,ealignment — within its own family it is the exception.** ⚠⚠ **And `helpblk` overturns how I had been reading `#806`**: its gap crossed zero **while no decade of it departs from its own ,换边不是刻度造的(0.6%);而顶对这个设计够不着,1,0
README.md,813,,366691,"d in the two-thousands the devout did not move at all** | **the cohort decomposition extended to the 2000s** (`#813` called that decade ""almost entirely divergence"", **and it had not tes","那两次张开是真分歧;而 `#805`/`#806` 的负控只抽过一次,它们的「通过」是运气",1,0
README.md,813,,367196,"clude 0, so neither opening was pure ""movement""** | ⚠⚠ **placing them side by side surfaced something neither `#813` nor `#816` had seen, and it matters more than the shares: what the de","那两次张开是真分歧;而 `#805`/`#806` 的负控只抽过一次,它们的「通过」是运气",1,0
README.md,816,,367207," neither opening was pure ""movement""** | ⚠⚠ **placing them side by side surfaced something neither `#813` nor `#816` had seen, and it matters more than the shares: what the devout stratu","大部分是改了主意,但有七分之一根本不是「走」,是人换了",1,0
README.md,815,,368198," printed ""tolerance ÷ its own noise half-width = 1.00×"", a number that exposes a self-defeat in the mechanism `#815` built**: I wrote the tolerance as `max(noise half-width, 1e-3)` ⇒ **t","恒真、恒假、随机:第三种最危险,因为它有时候会失败",1,0
README.md,815,,368356,"ise half-width, 1e-3)` ⇒ **the ratio is identically 1.00× by construction and that check can never fire** ⇒ **`#815`'s rule is ""the tolerance may not be narrower than the noise"", and a c","恒真、恒假、随机:第三种最危险,因为它有时候会失败",1,0
README.md,816,,369021,"sitive control (attitudes frozen) ⇒ share **identically 1.000000**, and **declared `deterministic=True`** per `#816`② — **this time the row says what it actually is**; negative control (","大部分是改了主意,但有七分之一根本不是「走」,是人换了",1,0
README.md,813,,370032,"1.2%, 36.5%] — the upper bound crosses the pre-registered 1/3, so the kill fired against expectation** | ⚠⚠ **`#813`'s phrase ""two groups moving in different directions"" presupposed that","那两次张开是真分歧;而 `#805`/`#806` 的负控只抽过一次,它们的「通过」是运气",1,0
README.md,812,,370839,"ent"" is wrong**; ⚠ **two scope differences that are not glossed over**: ① this round's `Δgap` is −0.587 where `#812`'s same window gave −0.629, **the difference being the sample** (only ","这条鸿沟不是长出来的,是在九十年代和两千年代裂开的",1,0
README.md,815,,371917,"e really is 0**, and the tolerance is taken from its **own measured noise half-width of 0.117**, per the rule `#815` had just established; ⚠ **the positive control needs unmasking, or it","恒真、恒假、随机:第三种最危险,因为它有时候会失败",1,0
README.md,815,,372286,"uction, so the share is identically 1** ⇒ **it is a deterministic code check, not a stochastic control; under `#815`'s interface it should have declared `deterministic=True`, and I passe","恒真、恒假、随机:第三种最危险,因为它有时候会失败",1,0
README.md,805,,374012,"eaves a visible `⚠ noise unmeasured` marker on the row**; **backtested on 4 cases with known answers ⇒ 4/4** (`#805`'s control at 0.08/0.35 ⇒ **caught, printing 0.23×**; the same at tole","两者都在:刻度解释了那条鸿沟的一部分,解释不完",1,0
README.md,796,,374118,"** (`#805`'s control at 0.08/0.35 ⇒ **caught, printing 0.23×**; the same at tolerance 0.40 ⇒ passes at 1.14×; `#796`'s deterministic identity ⇒ clean; an old call site ⇒ marked, not bloc",三堆不是逐年取均值取出来的;而我那三个估计量其实是两个,1,0
README.md,754,,374326,"rth keeping from this round is the taxonomy, not the code**: **a check can break in three ways — always-true (`#754`), always-false (a floating-point equality at zero tolerance), and ran","人层那个族大半是一件事,而判不了的是我的阈值不是世界",1,0
README.md,795,,375548," it cannot do the measuring** `[#815「恒真、恒假、随机」]` (Entry 815) 〔this page's own gate library〕 ⟨the same road as `#795`/`#804`/`#811`, for the **fourth** time: a rule written only in the le","缺陷是真的,而它一次都没到过账本:救我的是一条从没写下来的惯例",1,0
README.md,804,,375555,"not do the measuring** `[#815「恒真、恒假、随机」]` (Entry 815) 〔this page's own gate library〕 ⟨the same road as `#795`/`#804`/`#811`, for the **fourth** time: a rule written only in the ledger fa","那条规矩写在账本里,而账本不执行任何东西",1,0
README.md,811,,375562,"the measuring** `[#815「恒真、恒假、随机」]` (Entry 815) 〔this page's own gate library〕 ⟨the same road as `#795`/`#804`/`#811`, for the **fourth** time: a rule written only in the ledger fails; **","「窄的零」缺的不是一个分支,是一个我从没说出口的输入",1,0
README.md,805,,375775,"t**⟩| | **The tolerance was seven times narrower than the noise: both negative controls fired at random** | **`#805`'s and `#806`'s negative controls redrawn 200 times each, at two synth","两者都在:刻度解释了那条鸿沟的一部分,解释不完",1,0
README.md,806,,375788," tolerance was seven times narrower than the noise: both negative controls fired at random** | **`#805`'s and `#806`'s negative controls redrawn 200 times each, at two synthetic sample s",换边不是刻度造的(0.6%);而顶对这个设计够不着,1,0
README.md,813,,375885,"`#805`'s and `#806`'s negative controls redrawn 200 times each, at two synthetic sample sizes per base** (⚠ **`#813`'s ±0.33 is deliberately not carried over** — it was measured at the 1","那两次张开是真分歧;而 `#805`/`#806` 的负控只抽过一次,它们的「通过」是运气",1,0
README.md,813,,376024,"y not carried over** — it was measured at the 1990 base, and carrying a number across bases is the very error `#813` had just named): both medians return to ~1.0, while **their own 95% n","那两次张开是真分歧;而 `#805`/`#806` 的负控只抽过一次,它们的「通过」是运气",1,0
README.md,805,,376446,"passing nor failing carried information** | ⚠⚠ **the phrase ""all controls sound"" has been amended in place on `#805`'s and `#806`'s rows to ""the negative control had no resolution; the p","两者都在:刻度解释了那条鸿沟的一部分,解释不完",1,0
README.md,806,,376459,"ailing carried information** | ⚠⚠ **the phrase ""all controls sound"" has been amended in place on `#805`'s and `#806`'s rows to ""the negative control had no resolution; the positive and g",换边不是刻度造的(0.6%);而顶对这个设计够不着,1,0
README.md,754,,377113," noise floor is as useless as a check that cannot fail, and it looks considerably more rigorous** ⇒ **this is `#754`'s family (checks that cannot fail, or cannot pass) in a third form: n","人层那个族大半是一件事,而判不了的是我的阈值不是世界",1,0
README.md,805,,377980,"sult JSON, never from memory**; ⚠ **what could not be fixed**: only the negative control was re-measured, and `#805`/`#806`'s **positive and g=0 controls were likewise drawn once and lik","两者都在:刻度解释了那条鸿沟的一部分,解释不完",1,0
README.md,806,,377987,"ON, never from memory**; ⚠ **what could not be fixed**: only the negative control was re-measured, and `#805`/`#806`'s **positive and g=0 controls were likewise drawn once and likewise n",换边不是刻度造的(0.6%);而顶对这个设计够不着,1,0
README.md,805,,378388,"e same as not a problem**; **this round reports no effect**⟩| | **Both openings were genuine divergence — and `#805`/`#806` drew their negative control once, so those passes were luck** ","两者都在:刻度解释了那条鸿沟的一部分,解释不完",1,0
README.md,806,,378395,"as not a problem**; **this round reports no effect**⟩| | **Both openings were genuine divergence — and `#805`/`#806` drew their negative control once, so those passes were luck** | **the",换边不是刻度造的(0.6%);而顶对这个设计够不着,1,0
README.md,811,,378595,"control run on the two decades where something actually happened** (`matters` = 0.25, supplied explicitly per `#811`): **1990s +0.272 [+0.068,+0.737] and +0.370 [+0.091,+0.986], both EXC","「窄的零」缺的不是一个分支,是一个我从没说出口的输入",1,0
README.md,805,,379055,"s roughly seven-tenths is not explicable by the scale, and in the two-thousands almost none of it is** | ⚠⚠ **`#805`'s published [+0.240, +0.956] is narrowed in meaning by this, though i","两者都在:刻度解释了那条鸿沟的一部分,解释不完",1,0
README.md,812,,379207,"rowed in meaning by this, though its number is not wrong**: it was computed over the whole fifty years, which `#812` has shown to be heterogeneous ⇒ **it blends two decades that split op","这条鸿沟不是长出来的,是在九十年代和两千年代裂开的",1,0
README.md,805,,379504,"decomposition spanning a heterogeneous period decomposes that period's average, not what happened inside it — `#805`'s number is right, and it answers a question nobody asked**; ⚠⚠⚠ **an","两者都在:刻度解释了那条鸿沟的一部分,解释不完",1,0
README.md,805,,379621,"s number is right, and it answers a question nobody asked**; ⚠⚠⚠ **and the most transferable finding lands on `#805` and `#806` themselves**: the first version of the negative control dr","两者都在:刻度解释了那条鸿沟的一部分,解释不完",1,0
README.md,806,,379632," right, and it answers a question nobody asked**; ⚠⚠⚠ **and the most transferable finding lands on `#805` and `#806` themselves**: the first version of the negative control drew once, re",换边不是刻度造的(0.6%);而顶对这个设计够不着,1,0
README.md,805,,380017,"+0.7657, +1.4390]** ⇒ **the instrument is unbiased and that failure was sampling noise**; **but looking back, `#805` and `#806` drew the same negative control once each, against a tolera","两者都在:刻度解释了那条鸿沟的一部分,解释不完",1,0
README.md,806,,380028,".4390]** ⇒ **the instrument is unbiased and that failure was sampling noise**; **but looking back, `#805` and `#806` drew the same negative control once each, against a tolerance of 0.08",换边不是刻度造的(0.6%);而顶对这个设计够不着,1,0
README.md,805,,380316,"sits inside its own noise floor fires at random: passing establishes nothing and failing establishes nothing. `#805`'s +0.9917 and `#806`'s +1.0473 both sit inside that range, so those p","两者都在:刻度解释了那条鸿沟的一部分,解释不完",1,0
README.md,806,,380337,"oise floor fires at random: passing establishes nothing and failing establishes nothing. `#805`'s +0.9917 and `#806`'s +1.0473 both sit inside that range, so those passes were luck, not ",换边不是刻度造的(0.6%);而顶对这个设计够不着,1,0
README.md,812,,381226,"e retains one calibration arm, so the ""specification curve"" is 2 cells = 2 link functions, not a curve**; ⚠ **`#812`③'s new rule is executed here for the first time**: every `UNRESOLVED`","这条鸿沟不是长出来的,是在九十年代和两千年代裂开的",1,0
README.md,816,,381676,"ain an assumption and **DIF is structurally untestable**; `matters = 0.25` **is my choice**⟩ ⚠⚠ **appended by `#816`**: the phrase ""two groups moving in different directions"" on this row","大部分是改了主意,但有七分之一根本不是「走」,是人换了",1,0
README.md,816,,381837,"t directions"" on this row **presupposes that the same people moved, and that premise had never been tested**. `#816` decomposes the 1990→1998 `Δgap` by birth cohort: **attitude term −0.5","大部分是改了主意,但有七分之一根本不是「走」,是人换了",1,0
README.md,811,,382646,"03 total spread over five decades = −0.2206, times `actual span/10`; `matters` = 0.11, supplied explicitly as `#811` requires): 1970s −0.075 [−0.268,+0.106]; **1980s +0.052 [−0.168,+0.27","「窄的零」缺的不是一个分支,是一个我从没说出口的输入",1,0
README.md,812,,385563,"y choice, a judgement about what magnitude counts, not something the data supplied**⟩|  **And the two decades `#812` found had no explanation at all — so the common-shift control was run","这条鸿沟不是长出来的,是在九十年代和两千年代裂开的",1,0
README.md,805,,386234, of it is not explicable by the scale; in the two-thousands almost none of it is.** ⚠⚠ This also narrows what `#805`'s published interval **means** (its number is not wrong): it was comp,"两者都在:刻度解释了那条鸿沟的一部分,解释不完",1,0
README.md,805,,386744," is +1.0057 with a 95% range of [+0.77, +1.44] — **the instrument is unbiased and that failure was noise; but `#805` and `#806` drew the same control once each against a tolerance of 0.0","两者都在:刻度解释了那条鸿沟的一部分,解释不完",1,0
README.md,806,,386755," with a 95% range of [+0.77, +1.44] — **the instrument is unbiased and that failure was noise; but `#805` and `#806` drew the same control once each against a tolerance of 0.08, four tim",换边不是刻度造的(0.6%);而顶对这个设计够不着,1,0
README.md,810,,387490,"ange), `UNRESOLVED` (could not measure); **backtested on 7 cases whose answers were known in advance ⇒ 7/7** (`#810` NSFG [−0.0887,+0.0959] against a 0.17 threshold ⇒ **TIGHT_NULL**; bot","第二具仪器有了;而它给的是一个**窄的零**,不是「没分辨力」",1,0
README.md,808,,387617,"887,+0.0959] against a 0.17 threshold ⇒ **TIGHT_NULL**; both GSS arms at the same threshold ⇒ **UNRESOLVED**; `#808` `homosex` fit ⇒ **EXCLUDES**; `suicide2` raw ⇒ **TIGHT_NULL**; `matte","八条鸿沟终于有了区间;而「没动」这句话不成立,是「动得最少」",1,0
README.md,808,,388276,"terion has the shape of an equivalence test, not a significance test; ⚠⚠ **and the backtest exposed a hole in `#808`, which is this round's real gain**: `#808` grouped three items' `raw`","八条鸿沟终于有了区间;而「没动」这句话不成立,是「动得最少」",1,0
README.md,808,,388319,", not a significance test; ⚠⚠ **and the backtest exposed a hole in `#808`, which is this round's real gain**: `#808` grouped three items' `raw` intervals together as ""containing 0"", and ","八条鸿沟终于有了区间;而「没动」这句话不成立,是「动得最少」",1,0
README.md,808,,388505,"at a 0.17 threshold they split into two classes (`suicide2` = `TIGHT_NULL`, the other two = `UNRESOLVED`) ⇒ **`#808` never once stated how large a change would matter, and without that n","八条鸿沟终于有了区间;而「没动」这句话不成立,是「动得最少」",1,0
README.md,808,,388815,"d""**; ⚠ **and I do not supply a threshold on its behalf** — 0.17 was derived for NSFG's six-year window while `#808` spans 19–28 years, so **reusing the number would be a substitution** ","八条鸿沟终于有了区间;而「没动」这句话不成立,是「动得最少」",1,0
README.md,808,,388909,"ar window while `#808` spans 19–28 years, so **reusing the number would be a substitution** ⇒ **registered as `#808`'s debt: what it owes is a statement of what magnitude matters, not mo","八条鸿沟终于有了区间;而「没动」这句话不成立,是「动得最少」",1,0
README.md,805,,389661,"o""**; ⚠ **what could not be fixed**: like `headroom_control` it can serve as both a control and a screen, and `#805` has just demonstrated that **a screen failing and a control failing a","两者都在:刻度解释了那条鸿沟的一部分,解释不完",1,0
README.md,805,,389916,"pure function `interval_verdict` is the screening use), **stated plainly: whoever uses it as a screen carries `#805`'s consequence**; **this round reports no effect**⟩| | **A second inst","两者都在:刻度解释了那条鸿沟的一部分,解释不完",1,0
README.md,802,,390796,"kill fired against expectation** | ⚠⚠ **this round began from an observation about me, not about the world**: `#802`–`#809` ran eight consecutive rounds on GSS, each writing ""no second i","五条鸿沟在裂,三条在合;而同性恋那条翻了三倍",1,0
README.md,809,,390803,"red against expectation** | ⚠⚠ **this round began from an observation about me, not about the world**: `#802`–`#809` ran eight consecutive rounds on GSS, each writing ""no second instrume","区间上页了;而「五十年没动」那四处命中,全是撤回本身",1,0
README.md,802,,391071,", the ratio of slopes, which needs ≥8 time points because `r_forced` calibrates a fifty-year shift; and since `#802` the object has been `Δgap`, which literally needs two** ⇒ **a ""cannot","五条鸿沟在裂,三条在合;而同性恋那条翻了三倍",1,0
README.md,777,,391257," change instrument"" was carried from one estimand to another and nobody checked the carry for eight rounds** (`#777`: a limitation is valid no longer than the question it was measured ag","虔诚的人在同性恋上真的改了主意,在婚外性上从我们看得见的第一年起就没动过",1,0
README.md,808,,391436,"ured against); ⚠⚠ **and my own verdict string read the NSFG result as ""no resolution"", which is wrong, and is `#808`②'s bug a second time**: the interval is 0.185 wide on a 4-point span ","八条鸿沟终于有了区间;而「没动」这句话不成立,是「动得最少」",1,0
README.md,808,,392127,"mean choosing a specification on the reader's behalf**; ⚠ **one post-hoc observation, labelled as post-hoc**: `#808`'s fifty-year Δgap of −1.103, spread over six years and rescaled to a ","八条鸿沟终于有了区间;而「没动」这句话不成立,是「动得最少」",1,0
README.md,810,,393625," exercise the stratification step, so the controls do not cover the whole path**⟩|  **And of the three worlds `#810` left standing, one could be separated using GSS alone — so the fifty ","第二具仪器有了;而它给的是一个**窄的零**,不是「没分辨力」",1,0
README.md,808,,395037,"tervals reached the page — and all four hits for ""fifty years without moving"" are the retraction itself** | **`#808`① landed**: `#802`'s row had carried only a direction for six rounds (","八条鸿沟终于有了区间;而「没动」这句话不成立,是「动得最少」",1,0
README.md,802,,395055,"e page — and all four hits for ""fifty years without moving"" are the retraction itself** | **`#808`① landed**: `#802`'s row had carried only a direction for six rounds (3 of 8 narrowed, 5","五条鸿沟在裂,三条在合;而同性恋那条翻了三倍",1,0
README.md,807,,395268,"ht intervals (`fit`, year-cluster resampling, B = 3000, **all eight excluding 0**) are now attached to it — **`#807`'s rule: computed but not on the page means the round did not land**; ",「从来没跑到」与「跑不了」对读者的意思是相反的,1,0
README.md,808,,395346,0**) are now attached to it — **`#807`'s rule: computed but not on the page means the round did not land**; **`#808`③ checked and owes nothing**: a lexical scan hits 4 places (2 per vers,"八条鸿沟终于有了区间;而「没动」这句话不成立,是「动得最少」",1,0
README.md,808,,395498,"cal scan hits 4 places (2 per version), **and classifying each by the structural population puts all 4 inside `#808`'s own units — the retraction quoting the sentence it retracts** | ⚠⚠ ","八条鸿沟终于有了区间;而「没动」这句话不成立,是「动得最少」",1,0
README.md,798,,395620," units — the retraction quoting the sentence it retracts** | ⚠⚠ **worth recording on its own, because this is `#798`'s trap appearing a second time in the same position and not being ste","撤回落地了,而更正分两种:断言它 vs 证明它稳定",1,0
README.md,798,,395845," writes the retracted wording onto the page** ⇒ **any lexical scan will report the retraction as a residue**; `#798` escaped it only by writing ""count 'retracting it' separately from 'us","撤回落地了,而更正分两种:断言它 vs 证明它稳定",1,0
README.md,808,,396280,"the thing — that is, it bites precisely in the round where you got it right**; ⚠ **what could not be fixed**: `#808`②'s missing bucket is still missing — the repair is to the **dimension","八条鸿沟终于有了区间;而「没动」这句话不成立,是「动得最少」",1,0
README.md,808,,397770,"t measure"" and ""measured, and it is approximately no change"" are entirely different sentences** — and this is `#808`②'s bug for the second time in three rounds, **which makes it a defaul","八条鸿沟终于有了区间;而「没动」这句话不成立,是「动得最少」",1,0
README.md,802,,398230,"ht divides finally have intervals — and ""it did not move"" is the wrong sentence; it is ""it moved least""** | **`#802`①, owed for six rounds, is paid here** (B = 3000, two **different** re","五条鸿沟在裂,三条在合;而同性恋那条翻了三倍",1,0
README.md,797,,398366,"ds, is paid here** (B = 3000, two **different** resampling schemes, each labelled, never merged or averaged — `#797` found two incompatible bootstraps coexisting on this page): under `fi","底堆归不了堆:三堆撤回,剩下「干净的一对 + 排不出层的六题」",1,0
README.md,806,,399096,"ions agree on **5 of 8** ⇒ **""five widened, three narrowed"" stands, and now it carries intervals** | ⚠⚠ **and `#806`③'s conjecture is refuted, in a more informative way than confirmation",换边不是刻度造的(0.6%);而顶对这个设计够不着,1,0
README.md,806,,399686,"groups walked side by side for fifty years; ""moved least"" says they are drifting apart too, only slowly** ⇒ **`#806`③'s trailer is withdrawn here and must not reach the page**; ⚠ **the t",换边不是刻度造的(0.6%);而顶对这个设计够不着,1,0
README.md,806,,399868,he three items where the specifications disagree are exactly the three whose `explained` blew up to ±7–±31 in `#806`** — two rounds seeing one fact from two directions: a small `Δgap` ⇒ ,换边不是刻度造的(0.6%);而顶对这个设计够不着,1,0
README.md,802,,400165,"pecification; ⚠ **the disagreement is about power, not direction** (`raw` uses 2 years, `fit` uses 19–28, and `#802` already measured 8/8 directional agreement) — **do not read a power d","五条鸿沟在裂,三条在合;而同性恋那条翻了三倍",1,0
README.md,801,,401278,"onstruction ⇒ **+0.0268 [−0.0267,+0.0731], containing 0** — ⚠ **this time the reference really is 0**, unlike `#801`/`#805` where it was **1.0**, **which is why the question ""should this","两题都是「追上」;而地板和天花板一样压缩,我的镜像直觉是反的",1,0
README.md,805,,401285,"tion ⇒ **+0.0268 [−0.0267,+0.0731], containing 0** — ⚠ **this time the reference really is 0**, unlike `#801`/`#805` where it was **1.0**, **which is why the question ""should this zero b","两者都在:刻度解释了那条鸿沟的一部分,解释不完",1,0
README.md,801,,402222," version** | ⚠⚠ **what this round is about is not ""24 annotations added"" but what those 24 annotations say**: `#801` had written on the page that the control **""never ran""** on this pair","两题都是「追上」;而地板和天花板一样压缩,我的镜像直觉是反的",1,0
README.md,806,,402386,"er ran""** on this pair (**the register of a debt**, which a reader takes as ""it will be filled later""), while `#806` measured `sexeduc` 42%/31% and `racmar` 72%/71% — both calibration ar",换边不是刻度造的(0.6%);而顶对这个设计够不着,1,0
README.md,798,,402853,"er for six straight rounds**; ⚠⚠ **and the methodological gain is the third control added here**: audits like `#798` carried only ""catches what should be caught"" and ""does not catch what","撤回落地了,而更正分两种:断言它 vs 证明它稳定",1,0
README.md,805,,403748,bout people**; the kill fired **24 / 0** on the first run and passed **0 / 0** after the annotation landed; ⚠ `#805`'s generalised sentence had both its hits **on the limitation side** ⇒,"两者都在:刻度解释了那条鸿沟的一部分,解释不完",1,0
README.md,806,,403858,"`#805`'s generalised sentence had both its hits **on the limitation side** ⇒ already narrowed to `homosex` in `#806` itself, nothing owed; ⚠ **what this round could not fix**: the annota",换边不是刻度造的(0.6%);而顶对这个设计够不着,1,0
README.md,801,,405285,"ble cells — this design **structurally** cannot reach it, and the page's entire `r` story rests on that pair; `#801` wrote ""the ceiling control never ran on this pair"", and **only now is","两题都是「追上」;而地板和天花板一样压缩,我的镜像直觉是反的",1,0
README.md,799,,405641," — their denominators (`gap1−gap0`) are small to begin with, so the ratio amplifies noise into double digits (`#799`'s denominator amplifier) ⇒ not one of their point estimates may be re",顶对经住了造世界那一级:小分母 + 噪声造不出 2.19 与 1.84,1,0
README.md,783,,405725,"noise into double digits (`#799`'s denominator amplifier) ⇒ not one of their point estimates may be reported (`#783`'s naked point estimate), registered as ""this design has no resolution","页面公布的是小的那种不确定性,大的那种一直在幕后",1,0
README.md,805,,405825,"reported (`#783`'s naked point estimate), registered as ""this design has no resolution on these three""**; ③ **`#805`'s ""both are present"" is a property of `homosex`, not a general one** ","两者都在:刻度解释了那条鸿沟的一部分,解释不完",1,0
README.md,814,,406708,"d **DIF is structurally untestable**; ⚠ category counts [2,4,5], **no ranking across them**⟩ ⚠⚠ **appended by `#814` (neither round's conclusion changes; what changes is the strength it ",容差比噪声窄七倍:那两条负控是随机开火的,1,0
README.md,814,,406913,"hrase ""all controls sound"" on this row **does not hold** — that round drew its **negative control once**, and `#814` redrew it 200 times to measure its own 95% noise half-width at **0.29",容差比噪声窄七倍:那两条负控是随机开火的,1,0
README.md,802,,407320,"ct statement is ""the negative control had no resolution; the positive and g=0 controls still hold"".**|  **And `#802`'s ""five widened, three narrowed"", owed its intervals for six rounds, ","五条鸿沟在裂,三条在合;而同性恋那条翻了三倍",1,0
README.md,806,,408318,"er, and only the second is true.** ⚠ Those three are exactly the three whose `explained` blew up to ±7–±31 in `#806` — **two rounds seeing one fact from two directions**; the disagreemen",换边不是刻度造的(0.6%);而顶对这个设计够不着,1,0
README.md,803,,409297, latent shift explains part of the widening and cannot explain all of it** | ⚠⚠ **the criterion was replaced: `#803`'s median was +0.478 and `#804`'s screened median +0.493 — both astrid,"预注册说「真分歧」,而它的八格里有四格是我一轮前刚记下的那个毛病",1,0
README.md,804,,409328,"the widening and cannot explain all of it** | ⚠⚠ **the criterion was replaced: `#803`'s median was +0.478 and `#804`'s screened median +0.493 — both astride the pre-registered 0.50, whic","那条规矩写在账本里,而账本不执行任何东西",1,0
README.md,796,,410153,"nusable; a control failing means the instrument is broken — they are not the same thing** (the same family as `#796`, this time committed against a gate I had just built myself, on its f",三堆不是逐年取均值取出来的;而我那三个估计量其实是两个,1,0
README.md,804,,410422," now asserts ""every arm that failed the screen really was excluded"", **and names which one was dropped**; ⚠ **`#804` made a rule mechanical, and the mechanisation itself introduced a new","那条规矩写在账本里,而账本不执行任何东西",1,0
README.md,814,,411414,"cluded""; ⚠ shared thresholds are an assumption, and **DIF is structurally untestable here**⟩ ⚠⚠ **appended by `#814` (neither round's conclusion changes; what changes is the strength it ",容差比噪声窄七倍:那两条负控是随机开火的,1,0
README.md,814,,411619,"hrase ""all controls sound"" on this row **does not hold** — that round drew its **negative control once**, and `#814` redrew it 200 times to measure its own 95% noise half-width at **0.29",容差比噪声窄七倍:那两条负控是随机开火的,1,0
README.md,805,,412026,"ct statement is ""the negative control had no resolution; the positive and g=0 controls still hold"".**|  **And `#805` had only done one item, so the next round pushed the same control acr","两者都在:刻度解释了那条鸿沟的一部分,解释不完",1,0
README.md,801,,413020,"the 30% reachable-range limit, leaving zero usable cells, and the page's entire `r` story rests on that pair. `#801` wrote ""the control never ran on this pair""; **only now is it clear it","两题都是「追上」;而地板和天花板一样压缩,我的镜像直觉是反的",1,0
README.md,805,,413405,"ot one point estimate may be reported**, and they are registered as ""this design has no resolution here"". ③ **`#805`'s ""both are present"" is a property of `homosex`, not a general one** ","两者都在:刻度解释了那条鸿沟的一部分,解释不完",1,0
README.md,801,,413722,"o `homosex`.** `[#806「换边不是刻度造的」]` | **The rule was written in the ledger, and a ledger enforces nothing** | **`#801` established ""no control may demand a change near the reachable limit""","两题都是「追上」;而地板和天花板一样压缩,我的镜像直觉是反的",1,0
README.md,803,,413872,"d a change near the reachable limit"" and set the standard at 30% of the reachable range — and one round later `#803` built the violation again** ⇒ it is now `Gate.headroom()` + `Gate.hea","预注册说「真分歧」,而它的八格里有四格是我一轮前刚记下的那个毛病",1,0
README.md,801,,414168,"`admissible()`); **backtested on 4 cases whose answers were known in advance: 2/2 of the should-catch caught (`#801` pre-fix 181.8%; `#803` `fit` calibrated on non-devout 89.8%), 2/2 of ","两题都是「追上」;而地板和天花板一样压缩,我的镜像直觉是反的",1,0
README.md,803,,414191,"tested on 4 cases whose answers were known in advance: 2/2 of the should-catch caught (`#801` pre-fix 181.8%; `#803` `fit` calibrated on non-devout 89.8%), 2/2 of the should-pass passed ","预注册说「真分歧」,而它的八格里有四格是我一轮前刚记下的那个毛病",1,0
README.md,803,,414544,"internally consistent (raw)"" and the 30% ceiling: +0.429 and +0.557, median +0.493 — still astride 0.50** ⇒ **`#803`'s substantive verdict is independently reproduced by a mechanical rul","预注册说「真分歧」,而它的八格里有四格是我一轮前刚记下的那个毛病",1,0
README.md,600,,414659,`'s substantive verdict is independently reproduced by a mechanical rule rather than by my judgement** | ⚠⚠ **`#600`: a rule executed only from memory fails by default** — the same repai,"一条只靠记性执行的规矩,它的失效是默认状态",1,0
README.md,795,,414740,"han by my judgement** | ⚠⚠ **`#600`: a rule executed only from memory fails by default** — the same repair as `#795`; ⚠ **`lo`/`hi` must be the ends of the scale itself (e.g. 1 and 4), n","缺陷是真的,而它一次都没到过账本:救我的是一条从没写下来的惯例",1,0
README.md,803,,415861,"mix baselines, it may still lack power) ⇒ **it reports ""unusable"" only, and never certifies ""good""**⟩|  **And `#803` and `#804` both landed astride the 0.50 threshold (+0.478, +0.493) — ","预注册说「真分歧」,而它的八格里有四格是我一轮前刚记下的那个毛病",1,0
README.md,804,,415872,"es, it may still lack power) ⇒ **it reports ""unusable"" only, and never certifies ""good""**⟩|  **And `#803` and `#804` both landed astride the 0.50 threshold (+0.478, +0.493) — not a numer","那条规矩写在账本里,而账本不执行任何东西",1,0
README.md,804,,417391,"the spot. **A screen failing means this cell is unusable; a control failing means the instrument is broken.** `#804` made a rule mechanical, **and the mechanisation itself introduced a n","那条规矩写在账本里,而账本不执行任何东西",1,0
README.md,801,,419833,"his scale, and half is not** | ⚠⚠ **the four `fit` cells carry two defects, and the first is exactly the rule `#801` had established one round before**: `fit` calibration on the non-devo","两题都是「追上」;而地板和天花板一样压缩,我的镜像直觉是反的",1,0
README.md,785,,420176,ined` goes negative — **and those two cells are precisely what dragged the median below 0.50**; the second is `#785`'s **mixed estimand**: the model can only start from the observed firs,"不是一条关于性道德的规律,是一条关于「其余人真的动了的那些题」的规律",1,0
README.md,787,,420603,"ap0, exactly equal); ⚠ **the pre-registered verdict is still honoured to the letter and reported as such, per `#787` — naming a defect in the criterion afterwards licenses no post-hoc ch","分母被换成活下来的格,三处,而它们指向相反的方向",1,0
README.md,802,,421016,"positive control does not fire at g=0 (=1.0005); ⚠ the four raw cells **carry no interval** (the same debt as `#802`); ⚠ shared thresholds are an assumption, and **DIF is untestable in t","五条鸿沟在裂,三条在合;而同性恋那条翻了三倍",1,0
README.md,808,,423836," `helpblk` −0.083 → **+0.074 (crosses zero)** ⇒ **3 of 8 narrowed, 5 of 8 widened** ⚠ **intervals supplied by `#808` (`fit` specification, year-cluster resampling, B = 3000): `homosex` −","八条鸿沟终于有了区间;而「没动」这句话不成立,是「动得最少」",1,0
README.md,770,,424940,"`gap1` must equal `gap0`"" and deliberately compared the two values rather than their difference against zero (`#770`'s rule), **but with identical trajectories both values are exactly 0.","解释份额是推导不是测量,而我用它写了五轮",1,0
README.md,770,,425024," difference against zero (`#770`'s rule), **but with identical trajectories both values are exactly 0.0** ⇒ **`#770` carries a premise I had never written down: the two values must be no","解释份额是推导不是测量,而我用它写了五轮",1,0
README.md,783,,426034,"ion agreement is some evidence of robustness, **it is not an interval**, and it is recorded as a debt against `#783`'s rule; ⚠ the items span 28–50 years unequally ⇒ **absolute magnitude","页面公布的是小的那种不确定性,大的那种一直在幕后",1,0
README.md,784,,426622,"→1.873**, non-devout 1.724→1.919, gap **−0.174→−0.047** ⇒ **both are catching up, not overtaking** | ⚠⚠ **the `#784`/`#785` ceiling control had in fact only ever run on `homosex`, `prema","天花板解释了三分之一,剩下的三分之二是他们自己",1,0
README.md,785,,426629,"*, non-devout 1.724→1.919, gap **−0.174→−0.047** ⇒ **both are catching up, not overtaking** | ⚠⚠ **the `#784`/`#785` ceiling control had in fact only ever run on `homosex`, `premarsx`, `","不是一条关于性道德的规律,是一条关于「其余人真的动了的那些题」的规律",1,0
README.md,791,,428769,"*dead** (`homosex`, `teensex`) · ⑥ life-and-death **dead** (`suicide2`) | ⚠⚠ **the finding is an asymmetry**: `#791` established that detecting a candidate at n=8 needs **|ρ|≥0.90** ⇒ **","不是一条轴,是三堆;而解释它这条路在算术上就是关着的",1,0
README.md,789,,429817,ut constructed to isolate the top pair must be judged surviving · negative control: the sexual/non-sexual cut `#789` already killed must be judged dead · **all six definitions fixed befo,"变异在组内,不在组间:「性 / 非性」这个切法解释不了任何东西",1,0
README.md,806,,429949,"must be judged dead · **all six definitions fixed before the run, none added or edited after**⟩ ⚠ **and since `#806` this must carry one more sentence: the ""common latent shift"" control ",换边不是刻度造的(0.6%);而顶对这个设计够不着,1,0
README.md,782,,430947,"anding on the page**: `sexeduc` has the smallest denominator in the set (0.00128) and the largest ratio — and `#782` established that a ratio of two near-zero slopes is Cauchy-like, `#79","撤回维持,但理由换了人:不是世界有反号,是我的判据没检验比值",1,0
README.md,790,,431019,"(0.00128) and the largest ratio — and `#782` established that a ratio of two near-zero slopes is Cauchy-like, `#790` that instability is denominator-driven; ⚠ the naive suspicion was alr","不稳来自分母,所以 n=8 是硬天花板:抗拒只能在真的发生过的变化上被测量",1,0
README.md,790,,431661,"50000, max deviation 1e-15) ⇒ **what inflates is noise, and the small denominator is only its amplifier** ⇒ **`#790`'s sentence must be read as ""small denominator ⇒ noise amplified ⇒ int","不稳来自分母,所以 n=8 是硬天花板:抗拒只能在真的发生过的变化上被测量",1,0
README.md,806,,432290," not 0**), generator median deviation ≤0.013, and **0.0043 sits 23× below the 0.10 threshold**⟩ ⚠ **and since `#806` this must carry one more sentence: the ""common latent shift"" control ",换边不是刻度造的(0.6%);而顶对这个设计够不着,1,0
README.md,797,,432985,"tion the clump structure (**85 literal occurrences**), and all **18** use-side units **now carry a pointer to `#797`**, with **0** left bare | ⚠⚠ **the criterion has one fine branch, and","底堆归不了堆:三堆撤回,剩下「干净的一对 + 排不出层的六题」",1,0
README.md,791,,433121,"bare | ⚠⚠ **the criterion has one fine branch, and missing it would have destroyed two rounds of good work**: `#791` is **ASSERT** (it asserts the three-level partition) ⇒ retract outrig","不是一条轴,是三堆;而解释它这条路在算术上就是关着的",1,0
README.md,794,,433205,wo rounds of good work**: `#791` is **ASSERT** (it asserts the three-level partition) ⇒ retract outright; but `#794` (the line drifted and the ratios did not) and `#796` (changing the es,"那条线真的漂了,而它没有制造那些比值",1,0
README.md,796,,433258,serts the three-level partition) ⇒ retract outright; but `#794` (the line drifted and the ratios did not) and `#796` (changing the estimator changes nothing) are **STABILITY** — **both s,三堆不是逐年取均值取出来的;而我那三个估计量其实是两个,1,0
README.md,773,,433780,"used ""nearest preceding inline anchor"" while **table rows have no inline anchor** ⇒ all 96 rows attributed to `#773`, and even `#797`'s own row was reported bare; ② the pointer window wa","连唯一没饱和的那一题也判不了,而这是第二次 ⇒ 换方向",1,0
README.md,797,,433797,"ceding inline anchor"" while **table rows have no inline anchor** ⇒ all 96 rows attributed to `#773`, and even `#797`'s own row was reported bare; ② the pointer window was **±420 characte","底堆归不了堆:三堆撤回,剩下「干净的一对 + 排不出层的六题」",1,0
README.md,791,,434152," defined structurally, not by character distance**; ⚠ sixth instance this session of the unit/framing family (`#791`, `#792`, `#793`, `#796`, `#797`, this one) (Entry 798) 〔the README it","不是一条轴,是三堆;而解释它这条路在算术上就是关着的",1,0
README.md,792,,434160," structurally, not by character distance**; ⚠ sixth instance this session of the unit/framing family (`#791`, `#792`, `#793`, `#796`, `#797`, this one) (Entry 798) 〔the README itself〕 ⟨c","正对照过了,而筛子对我要主张的那个东西是瞎的",1,0
README.md,793,,434168,"rally, not by character distance**; ⚠ sixth instance this session of the unit/framing family (`#791`, `#792`, `#793`, `#796`, `#797`, this one) (Entry 798) 〔the README itself〕 ⟨counted `","结构定总体之后,受影响的只有一条;而判据又错了一次,同一族第三次",1,0
README.md,796,,434176,"ot by character distance**; ⚠ sixth instance this session of the unit/framing family (`#791`, `#792`, `#793`, `#796`, `#797`, this one) (Entry 798) 〔the README itself〕 ⟨counted `#797`② i",三堆不是逐年取均值取出来的;而我那三个估计量其实是两个,1,0
README.md,797,,434184,"aracter distance**; ⚠ sixth instance this session of the unit/framing family (`#791`, `#792`, `#793`, `#796`, `#797`, this one) (Entry 798) 〔the README itself〕 ⟨counted `#797`② in passin","底堆归不了堆:三堆撤回,剩下「干净的一对 + 排不出层的六题」",1,0
README.md,797,,434243,"it/framing family (`#791`, `#792`, `#793`, `#796`, `#797`, this one) (Entry 798) 〔the README itself〕 ⟨counted `#797`② in passing: **69** intervals of the form `[±d.ddd, ±d.ddd]` on the p","底堆归不了堆:三堆撤回,剩下「干净的一对 + 排不出层的六题」",1,0
README.md,791,,434330,"EADME itself〕 ⟨counted `#797`② in passing: **69** intervals of the form `[±d.ddd, ±d.ddd]` on the page, while `#791` used a **joint** bootstrap and `#797` a **per-item** one — **two inco","不是一条轴,是三堆;而解释它这条路在算术上就是关着的",1,0
README.md,797,,434368,"ing: **69** intervals of the form `[±d.ddd, ±d.ddd]` on the page, while `#791` used a **joint** bootstrap and `#797` a **per-item** one — **two incomparable schemes, not to be read side ","底堆归不了堆:三堆撤回,剩下「干净的一对 + 排不出层的六题」",1,0
README.md,790,,434681,ble items** | **all eight denominators clear their own permutation null** (1.82×–2.50×) ⇒ **the bottom is not `#790`'s unaskable region — society did move there**; but the bottom items' ,"不稳来自分母,所以 n=8 是硬天花板:抗拒只能在真的发生过的变化上被测量",1,0
README.md,791,,435197,"`homosex`, `suicide2` and `spanking` exclude 0 | ⚠⚠ **the starting point is a correction of my own writing**: `#791`'s ""16/20 between"" pooled three different boundaries — split out, they","不是一条轴,是三堆;而解释它这条路在算术上就是关着的",1,0
README.md,791,,435412,"ttom 4/4, and middle/bottom only 4/8** (`suicide2` and `teensex` separate from neither bottom item); ⚠⚠ **and `#791`'s intervals disagree with this round's, which must not be blamed on t","不是一条轴,是三堆;而解释它这条路在算术上就是关着的",1,0
README.md,791,,435499,"bottom item); ⚠⚠ **and `#791`'s intervals disagree with this round's, which must not be blamed on the seed**: `#791` resampled the union of years jointly, once for all eight items, while","不是一条轴,是三堆;而解释它这条路在算术上就是关着的",1,0
README.md,790,,436519,", `helpblk` 1.83×; the bottom intervals are 0.67 and 1.06 wide — **sorting them needs narrower intervals, and `#790` proved there are no more year-points**⟩ ⚠ **and since `#806` this mus","不稳来自分母,所以 n=8 是硬天花板:抗拒只能在真的发生过的变化上被测量",1,0
README.md,806,,436580,"e — **sorting them needs narrower intervals, and `#790` proved there are no more year-points**⟩ ⚠ **and since `#806` this must carry one more sentence: the ""common latent shift"" control ",换边不是刻度造的(0.6%);而顶对这个设计够不着,1,0
README.md,797,,437474,"s year-clustered bootstrap interval and not one clump member changes** ⚠ **and ""three clumps"" is retracted in `#797` ⇒ what this row establishes is that the estimator does not change the","底堆归不了堆:三堆撤回,剩下「干净的一对 + 排不出层的六题」",1,0
README.md,806,,439308,"planted r=0.40 is recovered as **+0.383** by all three, and at g=0 all three return **1.0057**⟩ ⚠ **and since `#806` this must carry one more sentence: the ""common latent shift"" control ",换边不是刻度造的(0.6%);而顶对这个设计够不着,1,0
README.md,781,,440005,"backtest: 4 candidates, 0 occurrences, 369 exposed** — the 5 ledger entries quoting the library's OVERTURNED (`#781`, `#782`, `#783`, `#785`, `#790`) **all use `asserted()` only, which r","三十七个规格里有一个反号,而预注册说那就撤回",1,0
README.md,782,,440013,": 4 candidates, 0 occurrences, 369 exposed** — the 5 ledger entries quoting the library's OVERTURNED (`#781`, `#782`, `#783`, `#785`, `#790`) **all use `asserted()` only, which registers","撤回维持,但理由换了人:不是世界有反号,是我的判据没检验比值",1,0
README.md,783,,440021,"idates, 0 occurrences, 369 exposed** — the 5 ledger entries quoting the library's OVERTURNED (`#781`, `#782`, `#783`, `#785`, `#790`) **all use `asserted()` only, which registers correct","页面公布的是小的那种不确定性,大的那种一直在幕后",1,0
README.md,785,,440029,"0 occurrences, 369 exposed** — the 5 ledger entries quoting the library's OVERTURNED (`#781`, `#782`, `#783`, `#785`, `#790`) **all use `asserted()` only, which registers correctly**; th","不是一条关于性道德的规律,是一条关于「其余人真的动了的那些题」的规律",1,0
README.md,790,,440037,"ences, 369 exposed** — the 5 ledger entries quoting the library's OVERTURNED (`#781`, `#782`, `#783`, `#785`, `#790`) **all use `asserted()` only, which registers correctly**; the negati","不稳来自分母,所以 n=8 是硬天花板:抗拒只能在真的发生过的变化上被测量",1,0
README.md,790,,440131,"`#783`, `#785`, `#790`) **all use `asserted()` only, which registers correctly**; the negative control re-ran `#790` and every row and the verdict are unchanged | ⚠⚠ **zero false retract","不稳来自分母,所以 n=8 是硬天花板:抗拒只能在真的发生过的变化上被测量",1,0
README.md,794,,440510,"d()` as advisory; **an unwritten safety net is one refactor from vanishing**; ⚠ **and one piece of wording in `#794` is withdrawn**: putting ""369 exposed"" first reads as a risk magnitude","那条线真的漂了,而它没有制造那些比值",1,0
README.md,797,,441723,"heir own bootstrap width and the three clumps survive intact** ⚠ **likewise: with ""three clumps"" retracted in `#797`, what this row establishes is that the line's drift does not change t","底堆归不了堆:三堆撤回,剩下「干净的一对 + 排不出层的六题」",1,0
README.md,776,,441871,"hat the line's drift does not change the conclusion** | ⚠⚠ **this design choice has been in every round since `#776` and the ledger never once named it**; `#779` pinned birth cohort, whi","虔诚者不是越来越一致,是越来越分散;只有婚外性纹丝不动",1,0
README.md,779,,441916,"lusion** | ⚠⚠ **this design choice has been in every round since `#776` and the ledger never once named it**; `#779` pinned birth cohort, which **cannot pin the stratification line**; ⚠ ","钉住出生世代之后,那个比不但还在,而且更极端",1,0
README.md,778,,441992,"the ledger never once named it**; `#779` pinned birth cohort, which **cannot pin the stratification line**; ⚠ `#778`'s two stratifications look like a control but **it is a confounded on","他们确实改了主意,但只有别人的三分之一到五分之二",1,0
README.md,806,,442984,"try 794) 〔GSS〕 ⟨drift −0.302 SD clears the pre-registered 0.25 threshold; **8/8 inside width**⟩ ⚠ **and since `#806` this must carry one more sentence: the ""common latent shift"" control ",换边不是刻度造的(0.6%);而顶对这个设计够不着,1,0
README.md,792,,443837," under the corrected criterion **1 row is affected** | ⚠ **no longer defining the population by vocabulary**: `#792`'s lesson was not ""the word list is too narrow"" but that **defining a ","正对照过了,而筛子对我要主张的那个东西是瞎的",1,0
README.md,789,,444398,"ion test asks ""does this row **use** the cut?"" while the decision asks ""has this row's premise **fallen**?"" — `#789` overturned a **specific estimand** (the devout/non-devout rate-of-cha","变异在组内,不在组间:「性 / 非性」这个切法解释不了任何东西",1,0
README.md,791,,444765,"e threshold came not from my latitude but from my measuring the wrong thing**; ⚠ third instance this session: `#791` counted pairs where the question was structural, `#792` had a positiv","不是一条轴,是三堆;而解释它这条路在算术上就是关着的",1,0
README.md,792,,444821,"ing the wrong thing**; ⚠ third instance this session: `#791` counted pairs where the question was structural, `#792` had a positive control sharing the sieve's blind spot, and this round","正对照过了,而筛子对我要主张的那个东西是瞎的",1,0
README.md,792,,445358,(**which called it complete with 4 rows missing**) (Entry 793) 〔the README itself〕 ⟨all 91 claims enumerated; `#792` **guessed right** while this round **settled it** — that round used a,"正对照过了,而筛子对我要主张的那个东西是瞎的",1,0
README.md,789,,445805,"ve hit **40 lines**, hand-classified as **USE 0, DISCUSS 1, unverified 36**; **positive control ① (can it see `#789`/`#791`?) passed, positive control ② (can it find `#785`, a line I alr","变异在组内,不在组间:「性 / 非性」这个切法解释不了任何东西",1,0
README.md,791,,445812,"**40 lines**, hand-classified as **USE 0, DISCUSS 1, unverified 36**; **positive control ① (can it see `#789`/`#791`?) passed, positive control ② (can it find `#785`, a line I already kn","不是一条轴,是三堆;而解释它这条路在算术上就是关着的",1,0
README.md,785,,445861," 1, unverified 36**; **positive control ① (can it see `#789`/`#791`?) passed, positive control ② (can it find `#785`, a line I already know is a USE?) failed — 0 lines** | ⚠⚠ **the vocab","不是一条关于性道德的规律,是一条关于「其余人真的动了的那些题」的规律",1,0
README.md,785,,446762,"sting on it**; ⚠ one self-inflicted defect fixed in passing: the verdict string hard-coded ""only 0 lines (the `#785` one)"" — **the computation says 0 while the prose says it is in there*","不是一条关于性道德的规律,是一条关于「其余人真的动了的那些题」的规律",1,0
README.md,797,,447089,"n axis — three clumps; and explaining it is arithmetically out of reach** ⚠⚠ **""three clumps"" is retracted in `#797` — the current shape is ""one pair plus six""; what stands here is that ","底堆归不了堆:三堆撤回,剩下「干净的一对 + 排不出层的六题」",1,0
README.md,806,,449273,"med width)=+0.324 — without it, ""16/28"" might have been nothing but ""narrowest against widest""⟩ ⚠ **and since `#806` this must carry one more sentence: the ""common latent shift"" control ",换边不是刻度造的(0.6%);而顶对这个设计够不着,1,0
README.md,799,,449736,"rd ceiling: resistance can only be measured against change that actually happened** ⚠⚠ **mechanism refined in `#799`**: the denominator is noise's **amplifier**, not a push ⇒ what this r",顶对经住了造世界那一级:小分母 + 噪声造不出 2.19 与 1.84,1,0
README.md,782,,450691,has no definition where society did not move**; ⚠ no p-values — the coefficient's **own bootstrap interval** (`#782`'s lesson: two quantities each being significant says nothing about th,"撤回维持,但理由换了人:不是世界有反号,是我的判据没检验比值",1,0
README.md,782,,452482,"-item scatter is twelve times larger — **the criterion used the wrong noise source**, the seventh instance of `#782`'s family, **all shaped the same way: two numbers compared, their diff","撤回维持,但理由换了人:不是世界有反号,是我的判据没检验比值",1,0
README.md,806,,452912,"GSS〕 ⟨8/24 readable; the difference's interval is **10.6×** wider than the 0.330 it would need⟩ ⚠ **and since `#806` this must carry one more sentence: the ""common latent shift"" control ",换边不是刻度造的(0.6%);而顶对这个设计够不着,1,0
README.md,786,,454899, 788) 〔GSS〕 ⟨the positive control failed immediately and said so: this round's instrument is not the same one `#786` used; `premarsx` is unreadable **while the non-devout stratum did mov,"同一道题只动年份集合,而同性恋那条在三个窗口下纹丝不动",1,0
README.md,806,,455045,"e **while the non-devout stratum did move** ⇒ ""the ratio is unstable"" ≠ ""society did not move""⟩ ⚠ **and since `#806` this must carry one more sentence: the ""common latent shift"" control ",换边不是刻度造的(0.6%);而顶对这个设计够不着,1,0
README.md,789,,456892,"out sexual morality — a law about the items everyone else actually moved on** ⚠⚠ **this row's premise fell in `#789`** (""sexual vs non-sexual"" explains nothing); the replacement reading ","变异在组内,不在组间:「性 / 非性」这个切法解释不了任何东西",1,0
README.md,791,,456971,"⚠ **this row's premise fell in `#789`** (""sexual vs non-sexual"" explains nothing); the replacement reading is `#791`'s three clumps — ⚠ **which are themselves retracted in `#797`**; the ","不是一条轴,是三堆;而解释它这条路在算术上就是关着的",1,0
README.md,797,,457033,""" explains nothing); the replacement reading is `#791`'s three clumps — ⚠ **which are themselves retracted in `#797`**; the current reading is ""one pair plus six unsortable items""; ⚠ and","底堆归不了堆:三堆撤回,剩下「干净的一对 + 排不出层的六题」",1,0
README.md,793,,457110,"hich are themselves retracted in `#797`**; the current reading is ""one pair plus six unsortable items""; ⚠ and `#793` confirmed by **complete enumeration of all 91 claims** that **this is","结构定总体之后,受影响的只有一条;而判据又错了一次,同一族第三次",1,0
README.md,784,,457854,"e ceiling really is shielding there), `xmarsex` **not one readable cell** | ⚠⚠ **this round retracts a number `#784` put on this page, and the correction changes its sign**: `#784` took ","天花板解释了三分之一,剩下的三分之二是他们自己",1,0
README.md,784,,457918,"le cell** | ⚠⚠ **this round retracts a number `#784` put on this page, and the correction changes its sign**: `#784` took `r_obs` from a **slope ratio** while calibrating Δ on a **first-","天花板解释了三分之一,剩下的三分之二是他们自己",1,0
README.md,759,,458693,"""no effect"", it is the question not being askable there**; ⚠ polarity is read per item from the value labels (`#759`) and all four needed flipping, decided by the script (Entry 785) 〔GSS","符号族的最后一笔:只造能造的那半,而它当场重新发现了一个陷阱",1,0
README.md,785,,459290,); what they actually produced is **0.456** (0.400–0.517). ⚠ **0.813 is corrected to 1.369 (a sign change) in `#785`**; see the row below. **All 8 cells** place `r_forced` outside and ab,"不是一条关于性道德的规律,是一条关于「其余人真的动了的那些题」的规律",1,0
README.md,782,,462359,"**, catching 5 of 11 pre-listed decoys, **plus one neither side predicted: `0.561`, which is the lower end of `#782`'s interval and not a point estimate** ⚠⚠ **and a second arm narrowed ","撤回维持,但理由换了人:不是世界有反号,是我的判据没检验比值",1,0
README.md,779,,463863,975–94 gives 4/4** and **1980–99 gives 2/2** (median width 7.73) | ⚠⚠ **the mechanism was in the criterion**: `#779`–`#781` required each stratum's slope to clear its own null — **that t,"钉住出生世代之后,那个比不但还在,而且更极端",1,0
README.md,781,,463870,gives 4/4** and **1980–99 gives 2/2** (median width 7.73) | ⚠⚠ **the mechanism was in the criterion**: `#779`–`#781` required each stratum's slope to clear its own null — **that tests nu,"三十七个规格里有一个反号,而预注册说那就撤回",1,0
README.md,779,,464737,"ly, **and this time it changed the conclusion**; ⚠ 1930–49 has **4/8** cells containing 1.0, **which bears on `#779`'s reporting of that cohort as readable** (Entry 782) 〔GSS〕 ⟨interval ","钉住出生世代之后,那个比不但还在,而且更极端",1,0
README.md,747,,469607,"or gets one supplied by the reader, usually ""everyone moved alike""**; ⚠ both stratifications (`attend` bands, `#747`'s original, and the three-item composite terciles of `#776`/`#777`) a","方差升得最多的那一层耦合最强,而我预测的方向是反的",1,0
README.md,776,,469667,"alike""**; ⚠ both stratifications (`attend` bands, `#747`'s original, and the three-item composite terciles of `#776`/`#777`) agree cell by cell, with 28 years in each stratum; ⚠ **and th","虔诚者不是越来越一致,是越来越分散;只有婚外性纹丝不动",1,0
README.md,777,,469674,"*; ⚠ both stratifications (`attend` bands, `#747`'s original, and the three-item composite terciles of `#776`/`#777`) agree cell by cell, with 28 years in each stratum; ⚠ **and this roun","虔诚的人在同性恋上真的改了主意,在婚外性上从我们看得见的第一年起就没动过",1,0
README.md,773,,469769,"iles of `#776`/`#777`) agree cell by cell, with 28 years in each stratum; ⚠ **and this round runs opposite to `#773`**: there the choice of statistic **flipped** the answer, while here t","连唯一没饱和的那一题也判不了,而这是第二次 ⇒ 换方向",1,0
README.md,767,,474563," catches all-zeros**, now annotated) and putting a must-fail inverted check inside the same Gate (recorded in `#767`, **third occurrence**) (Entry 772) 〔GSS〕〔MFQ〕 ⟨endpoint share **87.8%","区间只动了一点,而我发现自己把另一次运行的数抄进了账本",1,0
README.md,770,,475290,"on of second moments** | ⚠ **the first non-derivation quantity this project has found on this line** (against `#770`, where the share is a derivation); ⚠⚠ **but the magnitude is unreadab","解释份额是推导不是测量,而我用它写了五轮",1,0
README.md,750,,477557,"wo values), and feeding a numpy array to an indexed Series correlation returns all-NaN (the third instance of `#750`'s family) (Entry 770) 〔GSS〕 ⟨analytic vs numerical **1.9e−16**; synth","把一般的严整个扣掉,性还剩 +0.55",1,0
README.md,765,,481120," 1, so the retraction stands** | ⚠⚠ **what this round actually found is about the ledger**: the α = 0.4804 in `#765` was copied from the **pre-fix** run, while the persisted artifact say","我的过滤器删掉了参照组,而真正咬人的是控制量的信度",1,0
README.md,726,,481301,"t says **0.7287** — **the shares are unaffected; only the number I quoted was wrong**, the second instance of `#726`'s family; ⚠⚠ **and that mis-quote measured something more valuable**:","我引的是文件行数,不是测量",1,0
README.md,767,,482610,"igion α **0.7287** (⚠ this page first said 0.4804, which was measured on the **pre-fix** sample; corrected in `#767`), politics SB **0.5965** ⇒ correcting moves religion 33.3%→**47.1%**,","区间只动了一点,而我发现自己把另一次运行的数抄进了账本",1,0
README.md,764,,482776,"ion 33.3%→**47.1%**, the residual 63.3%→**49.0%**, and **residual/religion 1.90×→1.04×** | ⚠⚠ **this retracts `#764`'s ""the residual is 1.89× religion""** — corrected, the two are the sam","两次落进自己拍的中间带,而问题不在阈值高低,在问法",1,0
README.md,762,,483374,"mponent"" holds at both ends**; ⚠ the exposure was measured and confined: 13 scripts repo-wide use `x>0`, only `#762` touched a variable with a valid zero, and `R112`/`R113` and the MFQ a","宗教解释三分之一,政治解释一成,而还剩六成二",1,0
README.md,754,,484241,"× politics"" becomes 4.24×, and **that half stands**) | rewritten, both historical rounds become decidable: in `#754` authority is **14.0×** its own null and ingroup **4.9×**, the former ","人层那个族大半是一件事,而判不了的是我的阈值不是世界",1,0
README.md,762,,484337,"decidable: in `#754` authority is **14.0×** its own null and ingroup **4.9×**, the former 2.9× the latter; in `#762` religion is **3.50×** politics, while **the residual is 1.89× religio","宗教解释三分之一,政治解释一成,而还剩六成二",1,0
README.md,774,,486363,": **religiosity correlates +0.27 with valuing obedience and +0.25…+0.47 with sexual attitudes** 〔persisted in `#774`〕) (⚠ **the first two shares are GSS's, and a second instrument in the","把页面上的份额改成推导,而改的过程量出同一句话有三个值",1,0
README.md,754,,487061,"eshold was not changed**; ⚠⚠ **this is the second consecutive time I have landed inside my own middle band** (`#754` was 63.6%) — the world is not being vague, **I am picking thresholds ","人层那个族大半是一件事,而判不了的是我的阈值不是世界",1,0
README.md,770,,487786,"carries seven-eighths of its link to policing sex** (⚠ **a derivation, not an independent measurement** — per `#770` the share is a deterministic function of `(r_XY, r_XZ, r_YZ)`; this r","解释份额是推导不是测量,而我用它写了五轮",1,0
README.md,774,,487988," to: **politics correlates +0.17 with valuing obedience and +0.22…+0.32 with sexual attitudes** 〔persisted in `#774`〕. ⚠ And the same sentence ""how much politics explains"" takes **12.3% ","把页面上的份额改成推导,而改的过程量出同一句话有三个值",1,0
README.md,745,,489381,"efore-values are smaller than their own noise, and a ratio with a near-zero denominator must not be reported (`#745`); the first version printed −290.3% (Entry 760) 〔GSS〕〔MFQ〕 ⟨politics ","并进去的是常去教堂的人,而几乎不去的那一群从头到尾没连起来",1,0
README.md,750,,493412,"ame sign, only aggression opposing; ⚠ the strongest confound was written before the run: **I had already seen `#750`'s nine-cell grid, so any family I drew myself was fitted to it** — th","把一般的严整个扣掉,性还剩 +0.55",1,0
README.md,542,,497829,"thin-facet agreement **is the scale author's design** (same-facet items are often near-synonymous rewordings; `#542` was already downgraded to a verification by the `prior_art` rule, and","面内高于面间,而那是设计;`prior_art` 这一行第一次自己举了手",1,1
README.md,542,,498132,"ks (C(100,5)=75,287,520, **not enumerable**), q95 0.1837, cross-seed relative SD 1.22% (how this differs from `#542`'s `|ρ|` convention is in the narrative) (Entry 720 · 721) 〔MSSCQ〕 ⟨wi","面内高于面间,而那是设计;`prior_art` 这一行第一次自己举了手",1,0
README.md,745,,499910,"riance rose most is exactly the stratum that coupled most** | ⇒ **under the criterion written before the run, `#745`'s coupling gradient is downgraded**; ⚠ and the next round's attempt t","并进去的是常去教堂的人,而几乎不去的那一群从头到尾没连起来",1,0
README.md,691,,501474,"gion costs 36%**; ⚠ **a difference, not a ratio** — a ratio is meaningless when the denominator is near zero (`#691`) (Entry 740 · 745) 〔GSS〕 ⟨**gap +0.1191/36yr**〕| | **Nor is it age, n","一个凭直觉写下的区间,这次给对了答案,而在 2.3 那里会给错",1,0
README.md,740,,501811," education terciles **+0.00521 = 77%** | ⚠ **inside a birth cohort `age = year − cohort` is an identity**, so `#740`'s within-cohort slope is by construction period *and* age combined; t","不是老一代退出,是同一批世代自己把两件事连了起来",1,0
README.md,740,,502587,"*the median of all 253 pairs is +0.00001, so there is no general convergence**; ④ positive control reproduces `#740`'s +0.00672 (difference 0.00000); the within-cohort year-shuffled null","不是老一代退出,是同一批世代自己把两件事连了起来",1,0
README.md,731,,505380,st–retest reliability** (0.734–0.911) and **does not depend on any companion pool** — the ruler that survives `#731`; ④ positive control reproduces `#732`'s four coefficients (difference,"同一组题换一个陪衬域,比值从 0.93 倍走到 4.56 倍,而分子一动不动",1,0
README.md,732,,505418,and **does not depend on any companion pool** — the ruler that survives `#731`; ④ positive control reproduces `#732`'s four coefficients (difference 0.0000) and shuffling the person-leve,"换一套问法再问一遍,同一批人给出的还是同一块",1,0
README.md,731,,506048,"red both, per-item retest runs **0.73–0.91** (item values in the narrative) | ⚠ **numerator only, no ratio** (`#731`: a ratio is relative to its pool and the two versions have different ","同一组题换一个陪衬域,比值从 0.93 倍走到 4.56 倍,而分子一动不动",1,0
README.md,716,,508344,"d 0.98×) | ⚠ the original **1.10× divided one observed quantity by another**, which is not a test (`realstat`/`#716`: compare to your own null); ⚠ the blocks are **k=3 against k=4** and ","五个域全都比随机凑的六题更连成一片,「只有纯洁」是那把尺子造的",1,0
README.md,710,,509034,"ide as the recorded value ⇒ **structurally uncheckable, which does not mean the claim is wrong** (Entry 710 / `#710`).  **°** = **null not paired**: that claim's null is not in its round","分诊:有两条补零也不会有分辨率,而 `°` 的定义我自己先前说窄了",1,0
README.md,264,,516005,"ntracked and gitignored as of this commit. They remain in the commit history.  > ### How big is any of this? (`#264`, read this before anything else) > Every person-level dimension this ","把所有关于「一个人是谁」的东西加起来,平均只说中百分之一点四",1,0
README.md,301,,517120,ry power are different > things — a quantity can stably measure something that hardly moves anything.** > ⚠ **`#301` `#302`:**in-sample 1.4% / out-of-sample 0.87%**. Held out — 5-fold pe,1.4% 是样本内的;换到没见过的人身上是 1.09%,1,0
README.md,302,,517127,r are different > things — a quantity can stably measure something that hardly moves anything.** > ⚠ **`#301` `#302`:**in-sample 1.4% / out-of-sample 0.87%**. Held out — 5-fold person-le,"嵌套 CV:0.869%,已发表数字的 37% 是拟合",1,0
README.md,356,,517850,"n **in the people they were built from**, 0.869% is what they deliver **on people they have never seen**. ⚠ **`#356`: and part of that 1.4% is co-linear with how much a person reported.*","六个坐标解释的东西里,中位 18% 与「你报了多少」共线",1,0
README.md,234,c,519005,rsive mix | value re-enters and reshapes the representation it acted on | > ### Where the three models stand (`#234c`) > **B is dead** (`#179`: position is not a stance-free coordinate — ,"羞耻改变一个人怎么看自己的欲望,但没有改变它的形状",1,0
README.md,179,,519031,s and reshapes the representation it acted on | > ### Where the three models stand (`#234c`) > **B is dead** (`#179`: position is not a stance-free coordinate — it comes with shame). > *,"「偏爱冷门」不是一个不带立场的坐标:控制内容之后,它仍然预测羞耻",1,0
README.md,234,a,519160," not a stance-free coordinate — it comes with shame). > **C's one distinguishing prediction is unsupported** (`#234a`: stratify by shame, match pick count, > and the breadth profile's spl","羞耻改变一个人怎么看自己的欲望,但没有改变它的形状",1,0
README.md,229,,519625,"**0.56–0.72**, against the position score's 0.432 — is *which domains a person opens in and > in what shape* (`#229`–`#232`). **None of A, B or C predicts it**, because all three ask wha","宽度有形状,而它的第一个名字是「体液」",1,0
README.md,232,,519632,"0.72**, against the position score's 0.432 — is *which domains a person opens in and > in what shape* (`#229`–`#232`). **None of A, B or C predicts it**, because all three ask what makes","两条完全不同的路,通向同一种感觉",1,0
README.md,234,c,520005,"'s completeness, not a refutation of A.   ---  ## The person-level dimensions this release actually supports  `#234c` found that the A/B/C decomposition does not cut this data at its join","羞耻改变一个人怎么看自己的欲望,但没有改变它的形状",1,0
README.md,251,,520381,em in one place. **Every number below appears verbatim in `RETRACTIONS.md` — the round that built this table (`#251`) fails if one does not.** Empty cells say `UNCOMPUTED`; they are the ,"这个项目花最多力气去证明的那个量,不是它手里最结实的那个",1,0
README.md,259,,520971,"mains you open in | **+0.6785** | blocks | **verified** (onset instrument, +0.1384) | +0.0830 | ~8–10/31  ⚠ **`#259`: this row and the breadth-type c3 row overlap heavily** — their outco","大体同一,而「大体」这个词这次是有数字的",1,0
README.md,255,,521648,"*clarity** gives +0.0148 ± 0.0116 (1.3×, one seed) | **8 of 29, read as 3–13** across six option-split seeds (`#255` — ⚠ `#254`'s ""predicts nothing"" is **withdrawn**: that reading came f","我说它「什么都不预测」,只是因为我抽到了一个不巧的种子",1,0
README.md,254,,521659,"gives +0.0148 ± 0.0116 (1.3×, one seed) | **8 of 29, read as 3–13** across six option-split seeds (`#255` — ⚠ `#254`'s ""predicts nothing"" is **withdrawn**: that reading came from one unl","一个没有功效证明的零,和一个 UNCOMPUTED 只差一点点",1,0
README.md,228,b,521804,thdrawn**: that reading came from one unlucky seed) | pick count controlled · block-level property ruled out (`#228b`) | | Breadth type c1 | **+0.6429** | blocks | untested | `UNCOMPUTED`,"「对什么都说是」的人,其实不是对什么都说是",1,0
README.md,257,,521924," | Breadth type c1 | **+0.6429** | blocks | untested | `UNCOMPUTED` | 13 → **9 after control, read as 6–12** (`#257`) | **pick count · sex · position S all controlled** (`#252`) | | Brea","三个数字一个都没错,但它们此前给出的精度窄了大约一半",1,0
README.md,252,,521984,"MPUTED` | 13 → **9 after control, read as 6–12** (`#257`) | **pick count · sex · position S all controlled** (`#252`) | | Breadth type c2 | **+0.5778** | blocks | untested | `UNCOMPUTED`","一个由特征分解定义的成分,不能用种入强度扫描去做正对照",1,0
README.md,257,,522102,"| | Breadth type c2 | **+0.5778** | blocks | untested | `UNCOMPUTED` | 11 → **6 after control, read as 4–8** (`#257`) | **pick count · sex · position S all controlled** (`#252`) | | **Br","三个数字一个都没错,但它们此前给出的精度窄了大约一半",1,0
README.md,252,,522162,"OMPUTED` | 11 → **6 after control, read as 4–8** (`#257`) | **pick count · sex · position S all controlled** (`#252`) | | **Breadth type c3 — *where you spend your openness*** | **+0.563","一个由特征分解定义的成分,不能用种入强度扫描去做正对照",1,0
README.md,258,,522305,"where you spend your openness*** | **+0.5631** | blocks | **name verified** on the disjoint onset instrument (`#258`: +0.1815 with its transgressive half, **−0.1086** with its ordinary h","c3 有名字了:不是「你有多开放」,是「你把开放花在哪儿」",1,0
README.md,257,,522455,"alf, **−0.1086** with its ordinary half, gap 18.6×) | **+0.1286** | 21 → **19 after control, read as 17–21** (`#257`) | correlates only +0.2036 with position; both survive jointly; total","三个数字一个都没错,但它们此前给出的精度窄了大约一半",1,0
README.md,366,,522593,.2036 with position; both survive jointly; total category count controlled — the gap **grows** to +0.4905 ⚠ **`#366`: and this route is not as clean as the other two.** Against a panel o,`c3⁻` 那份羞耻不是独有的;而咬掉它的五个量说的是同一种人,1,0
README.md,367,,523554,"less agency, together carrying about 40% of this route's shame. The other 60% none of the twenty can see. ⚠ **`#367`: that 40% is ONE dimension, not twenty — but half of the sentence abo","那 40% 是**一个**维度,不是二十个;而「同一种人」里有一半是我读出来的",1,0
README.md,369,,524557,"information.** 16 of the 20 variables are same-signed, so a random 5-subset agrees **28.2%** of the time. ⚠ **`#369`: and the sharing is uniform along that line — the two numbers above a","换估计量,不换问题:那 92% 真的是摊在整条线上",1,0
README.md,368,,524733,"rs above are not in tension.** A quintile split had no power to say so (MDE +0.20 against a meaningful +0.05, `#368`), so the question was re-estimated as a single interaction on all 6,6","「均匀」我报不了;而我把标签写反了,又造了一个永远不会开火的判据",1,0
README.md,347,,525642,": a variable that genuinely **is** c3⁻ plus equal-magnitude noise leaves 54.8%. ⚠ c3⁻ is estimated in-sample (`#347`), so the absolute pp is an upper bound; the retained fraction is the ",把口径注写进页面上那个 `+0.1185`,1,0
README.md,114,,525960,"/a (blocks carry no time) | `UNCOMPUTED` | 11/31 | current age controlled (+0.0226) · recall bias controlled (`#114` — **`#452` corrects this citation, which read `#289`; that entry is a","记忆把心爱的兴趣往前拉,约 0.74 年;这是这个数据集里第一个被直接量出来的回忆偏差",1,0
README.md,452,,525971,"carry no time) | `UNCOMPUTED` | 11/31 | current age controlled (+0.0226) · recall bias controlled (`#114` — **`#452` corrects this citation, which read `#289`; that entry is about measur","读出来的两件事,比跑出来的那一件更值钱",1,0
README.md,289,,526013,"rrent age controlled (+0.0226) · recall bias controlled (`#114` — **`#452` corrects this citation, which read `#289`; that entry is about measurement invariance by sex**) · 56% survives ","S 不是性别,但 S 在两个人群里意味着不同的东西",1,0
README.md,277,,526382," all six coordinates) | **verified** — +0.0799 on the disjoint onset instrument, 3.9× its permutation spread (`#277`) | **+0.0454**, but its increment over the six is **+0.21 ± 0.13pp — ","那个东西现在可以拿在手里了,即使仍然叫不出名字",1,0
README.md,278,,526479,"tion spread (`#277`) | **+0.0454**, but its increment over the six is **+0.21 ± 0.13pp — indistinguishable** (`#278`) | **9–11 of 27** (its own two items excluded) | the six coordinates ","这个项目找到的每一样东西最后都指向羞耻,除了这一个",1,0
README.md,277,,526646,"he six coordinates are removed by construction; its correlation with `c3⊥D` is an **identity**, not evidence (`#277`); it shares only +0.1212 of profile with `rate⊥rho` on the disjoint i","那个东西现在可以拿在手里了,即使仍然叫不出名字",1,0
README.md,283,,526733,"ntity**, not evidence (`#277`); it shares only +0.1212 of profile with `rate⊥rho` on the disjoint instrument (`#283`) | | ~~Accumulation rate~~ | +0.6931 | onset ages | n/a | `UNCOMPUTED","同一道题,两条互不相干的路",1,0
README.md,288,,527353,"> ⚠ **This table is built on the pooled sample, and the six coordinates are not the same thing in the two ⚠ **`#288`: dropping every item that mentions male/female/gender halves this but","不是几道题的问题,是整套结构的问题",1,0
README.md,293,,527911," correlation, so it is `UNCOMPUTED`, not zero, and the ""half"" is a subtraction (`D5`), not a measurement. ⚠ **`#293`–`#294`: the two groups do not even agree on what counts as uncommon.*","他们眼里什么算冷门,本身就不一样",1,0
README.md,294,,527918,"ation, so it is `UNCOMPUTED`, not zero, and the ""half"" is a subtraction (`D5`), not a measurement. ⚠ **`#293`–`#294`: the two groups do not even agree on what counts as uncommon.** The r","换成组内的尺子,差一点没动",1,0
README.md,296,,528628,"e and neither causes the other** — the difference is not in the ruler, it is in the thing being measured. ⚠ **`#296`: the outcome side is not yet controlled.** A group difference in the ","看上去是十轮站住了,但正对照说这句不能说",1,0
README.md,381,,529144,".5%**), so it is UNVERIFIED, not a confirmation. **The sex non-invariance is reported here at D5, not D6. ⚠ **`#381`: and it cannot be localised to the position score S — not because it ",合成正对照会让我报出这个零;真实数据上的正对照拦住了它,1,0
README.md,380,,529460,"(|t| 1.16) against a family-wise threshold of 2.38 — but in the same model and the same run, **`EARLY`, which `#380` established as genuinely different, reaches only |t| 1.73 and also fa","性兴趣来得早,在非生理男的人身上带来的羞耻大约是两倍(独立确认,五门全过)",1,0
README.md,414,,530036," needs ≥8 blocks; the two requirements exclude each other.** So this is a named wall, not an undone task. ⚠ **`#414`: and there is a second wall, of a different kind — the category level",类别层有一堵结构性的墙:31 个类别就是整个仪器,1,0
README.md,298,,531093,"tion across all 31 is **+0.074**. **The two ends of a 31-point ordering are its noise, not its shape.**** ⚠ **`#298`–`#299`: the two readings cannot be separated on this data.** Rarity r","羞耻跟的是东西本身冷门,不是「我跟身边的人不一样」",1,0
README.md,299,,531100,"ross all 31 is **+0.074**. **The two ends of a 31-point ordering are its noise, not its shape.**** ⚠ **`#298`–`#299`: the two readings cannot be separated on this data.** Rarity recomput","可分性提高了,而差没有;`#298a` 的方向性读法不过规格曲线",1,0
README.md,304,,531915,"he full option set, where the two definitions are 90% the same quantity — it does not survive the grid.** ⚠ **`#304`: and the two routes are not equally solid objects.** Split the respon","`c3` 是一条真的轴,但比 `S` 软得多",1,0
README.md,308,,532487,"'s figure only 0.039. ⚠ Half-sample |cos| **understates** the stability of the released n=6,717 estimate. ⚠ **`#308`: and in a single person the two routes ADD.** Split at the medians, m","羞耻的两条路在同一个人身上是**相加**,而这是一个有功效的零",1,0
README.md,311,,533257,"l carries its own resolution: **MDE = 0.038** against a meaningful interaction of ~0.05 (half a main effect). `#311`: and nothing buffers it.** Age, openness, a non-monogamous relationsh","四个「本该缓冲」的变量合起来也没有在缓冲,而这次有功效",1,0
README.md,384,,533878," power**: if any of the four took even a tenth off the shame coefficient, this design would have seen it. ⚠ **`#384`: and what shame changes is what a person has done, not what they beli","羞耻改变的是你**做了什么**,不是你**相信什么**",1,0
README.md,385,,534850," — “shame suppressed the acting” and “having acted left less to be ashamed of” both fit this correlation. ⚠ **`#385`: one candidate explanation can be removed, though — it is not manufac","12 岁到的还是 20 岁到的,「越羞耻越少去碰」都一样成立",1,0
README.md,386,,535764,"nce, so only signs and threshold-crossings are compared, not magnitudes against the −0.083 pooled figure. ⚠ **`#386`: and the rival mechanism leaves its own trace — but the trace belongs","让一个人觉得「这改不掉」的,是他做过什么,不是他有多羞耻",1,0
README.md,384,,536323,"g within the analysis mask. **And shame itself predicts that belief not at all** (+0.0135, a null with power, `#384`). ⚠ Strength is not comfortable: the design's MDE is 0.05, exactly th","羞耻改变的是你**做了什么**,不是你**相信什么**",1,0
README.md,387,,536682," belief are measured at the same time, so this says the predicted trace is present, not which came first. ⚠ **`#387`: and the obvious next test is empty, by algebra rather than by power.","我自己刚注册的分离器,是一个恒等式",1,0
README.md,388,,537343,"The direction of this chain is not identifiable from these measurements, and no sample size changes that. ⚠ **`#388`: what does predict that belief is having the ordinary things work for","觉得「我能改」的人,是那些同时也被普通的东西打动的人",1,0
README.md,392,,537897,". **Overall rarity S is already controlled**, so this is residual to how unusual the person's tastes are: ⚠ **`#392` REVERSES THE DIRECTION OF THIS ENTIRE NOTE — and of `#390` and `#391`",我把整个尺度读反了;而我审计了三轮**我叫得出名字的**那个担心,1,0
README.md,390,,537956,sidual to how unusual the person's tastes are: ⚠ **`#392` REVERSES THE DIRECTION OF THIS ENTIRE NOTE — and of `#390` and `#391` with it.** These five items are the complete `RATING_NEG_F,"强度赢,广度塌;而复位的检验是预注册的",1,0
README.md,391,,537967,ow unusual the person's tastes are: ⚠ **`#392` REVERSES THE DIRECTION OF THIS ENTIRE NOTE — and of `#390` and `#391` with it.** These five items are the complete `RATING_NEG_FIB` set (th,"是一个家族:五题各自成立,去掉任何一题都还在",1,0
README.md,389,,539399,"h clears on its own, and the family score is a description of those hits rather than an independent test. ⚠ **`#389`: and that description does not survive — redefined by the questionnai",复制失败且**变号**;`#388a` 的家族读法退回,1,0
README.md,327,,539540,"es not survive — redefined by the questionnaire's own block structure it changes sign.** Using the two blocks `#327` identified as c3's ordinary end (`sex acts`, `sensations`) instead of","`c3` 的块载荷,与 `#303` 在另一件仪器上的分界重合",1,0
README.md,395,,540233,"rrelates +0.34 with total picks — but that is a limitation of the replication, not a rescue of the claim. ⚠ **`#395`: and the same score also predicts shame — it is the common antecedent","同一个分数,同时带来更多羞耻和更强的「我能停下来」",1,0
README.md,384,,540763,"e score independently predicts believing they could stop, and shame and that belief are themselves unrelated (`#384`). ⚠ MDE 0.05 exactly equals the meaningful magnitude here, so the str","羞耻改变的是你**做了什么**,不是你**相信什么**",1,0
README.md,396,,540869,"ed (`#384`). ⚠ MDE 0.05 exactly equals the meaningful magnitude here, so the strength is not comfortable. ⚠ **`#396`: and a whole class of follow-up tests is closed — by algebra.** Addin","「加一个控制,看系数往哪走」是一整类空的分离器",1,0
README.md,397,,541548,"f no unmeasured confounding, not from the arithmetic. Strip the assumption and only the identity is left. ⚠ **`#397`: and the five-item score turns out to be a fourth shame route, separa","「我口味偏」和「普通的东西对我没用」是两回事,各自带来羞耻",1,0
README.md,398,,542383,"it was found while scanning the residual of the *changeability* item, not while looking for shame routes. ⚠ **`#398`–`#399`: scanning a third outcome — whether engaging with one's arousa","「治疗性」不是羞耻取反;而最像它的那个人,是能被对方带动的人",1,0
README.md,399,,542390,"found while scanning the residual of the *changeability* item, not while looking for shame routes. ⚠ **`#398`–`#399`: scanning a third outcome — whether engaging with one's arousal feels","门检验的是断言,不是我给断言起的名字",1,0
README.md,401,,543378," two indicators of one.** ⚠ Scans are discovery, not test; both were replicated only within this dataset. ⚠ **`#401`: and shame and healing are not two ends of one axis — 1,790 people re","既深深羞耻、又觉得这件事在治愈自己的人,有 1,790 个",1,0
README.md,402,,544147,"ce variance would inflate the correlation toward a single axis, so the near-zero reading is conservative. ⚠ **`#402`: and they are not a random slice of the ashamed — they have a shape.*","他们不是没有偏离,是**两边都有**",1,0
README.md,415,,544856,"Strikingly, c3⁻ — the largest shame route on this page — does **not** separate them (\|t\| 1.19) **— but read `#415` below before taking that as evidence about c3⁻: both cells here are h",两把刀切出两组几乎不重叠的量,1,0
README.md,415,,545235,"nary half. ⚠ Both cells sit on the high-shame side, so nothing here measures differences in shame itself. ⚠ **`#415`: the other cut — both-high (815) against therapeutic-only (1,046) — i",两把刀切出两组几乎不重叠的量,1,0
README.md,416,,546090," on shame, so c3⁻ had no room to vary. **A null from one cut is a null along that cut's direction only.** ⚠ **`#416`: and with all four cells used, the two dimensions turn out to be addi",第三把刀是空的;而真正的交互说:两维是相加的,1,0
README.md,417,,546977,"ons' shapes and nothing more — consistent with the earlier finding that ""both halves"" is not a construct. ⚠ **`#417`–`#418`: and the fourth cell — the 1,662 people low on both — is not s","判据测了它测的东西,而那不是我给它起的名字(第二次)",1,0
README.md,418,,546984,"apes and nothing more — consistent with the earlier finding that ""both halves"" is not a construct. ⚠ **`#417`–`#418`: and the fourth cell — the 1,662 people low on both — is not simply """,「不羞耻也不疗愈」不是「什么都淡」,1,0
README.md,403,,547892,"eneral dimming**: tastes markedly more ordinary and interests arriving later, but not less of everything. ⚠ **`#403`: and ""both halves"" behaves as one thing rather than two.** Combined a",「两边都有」是一件事,1,0
README.md,404,,548506," pair of cells, so it is not a replication, and ""stronger together"" does not establish a latent variable. ⚠ **`#404`: and it does not become one on testing.** Putting the combination alo","「潜变量」这个词不能用,而理由不是它被排除了",1,0
README.md,405,,549539,"artners (rarity +0.047, ordinary-also-works +0.123), whereas they were equal in separating the two cells. ⚠ **`#405`: and across four outcomes the division of labour is not stable — this","「两边都有」是那群人的好描述,不是一个构念",1,0
README.md,406,,550398,spersion and therefore biases toward *stability* — the instability survives a bias running the other way. ⚠ **`#406`: and position S itself does not point one way — it is reversed on 8 o,"一个擦线的通过,加上一个偏向通过的偏差,不足以支持那句话",1,0
README.md,409,,551343,"ave to carry ""on the shame outcome""** — among the reversals is whether a person believes they could stop. ⚠ **`#409`: and splitting S in two does not repair it — a null with power.** Usi",拆开 `S` 没有让它更像一个方向;越轨那一半反而更散,1,0
README.md,327,,551466,"plitting S in two does not repair it — a null with power.** Using the transgressive/ordinary block split that `#327` derived from loadings rather than from reading, the two halves' sign ","`c3` 的块载荷,与 `#303` 在另一件仪器上的分界重合",1,0
README.md,411,,552075,"ason that has now been tested rather than assumed. ⚠ MDE 40% against a meaningful 50%, sweep unsaturated. ⚠ **`#411`: and shame barely suppresses action at all in people who have never h","在从没有过性伴的人身上,羞耻几乎不压制行动",1,0
README.md,390,,552972,"rrow calibers are different populations, and the wide arm drops S and c3⁻ because they require ≥8 blocks. ⚠ **`#390`: put in one model, intensity survives and breadth collapses — the wit","强度赢,广度塌;而复位的检验是预注册的",1,0
README.md,389,,553394,muting both columns together) while the block-count breadth score falls from −0.0430 alone to **−0.0009**. So `#389`'s −0.026 was breadth speaking for intensity. **The three outcomes and,复制失败且**变号**;`#388a` 的家族读法退回,1,0
README.md,388,,553814," does **not** settle is the selection itself: the five items are still ones chosen by looking at the scan, so `#388`'s scope stands and the defensible pre-registered quantity remains the","觉得「我能改」的人,是那些同时也被普通的东西打动的人",1,0
README.md,391,,553913,"e scan, so `#388`'s scope stands and the defensible pre-registered quantity remains the maximum, +0.0888. ⚠ **`#391`: within those five, though, it behaves like one family rather than on","是一个家族:五题各自成立,去掉任何一题都还在",1,0
README.md,325,,554387,"est single contribution is 14%, and two of the items slightly dilute rather than carry it. This rules out the `#325` pattern where two indicators of one construct load it very unequally.","那个 −0.2075 是 `written` 的,不是 `form` 的",1,0
README.md,327,,554580,oes not touch the selection question: proving the five cohere is not proving the five were picked fairly. ⚠ **`#327`: and the block loadings reproduce that split on the other instrument.,"`c3` 的块载荷,与 `#303` 在另一件仪器上的分界重合",1,0
README.md,201,,555122,"+0.975**. ⚠ **A loading ranking is a description, not a name** — four naming attempts have already died here (`#201` `#202` `#303` `#324`). ⚠ **`#330`: and it is not rarity wearing a cos","⚠ 撤回「媒介偏好」这个名字:`animated` 与 `written` 相关 +0.25,不是二选一",1,0
README.md,202,,555129,"*. ⚠ **A loading ranking is a description, not a name** — four naming attempts have already died here (`#201` `#202` `#303` `#324`). ⚠ **`#330`: and it is not rarity wearing a costume.**",不是「表征 vs 实况」的轴;而这一轮的价值在于上一轮没有把名字说出口,1,0
README.md,303,,555136,"A loading ranking is a description, not a name** — four naming attempts have already died here (`#201` `#202` `#303` `#324`). ⚠ **`#330`: and it is not rarity wearing a costume.** Strip ","一个常设相关也不需要嵌套修正,而 `c3` 的下降是仪器的",1,0
README.md,324,,555143,"ng ranking is a description, not a name** — four naming attempts have already died here (`#201` `#202` `#303` `#324`). ⚠ **`#330`: and it is not rarity wearing a costume.** Strip the thr","`form` 偏向反事实半,但只是 PLAUSIBLE",1,0
README.md,330,,555156," a description, not a name** — four naming attempts have already died here (`#201` `#202` `#303` `#324`). ⚠ **`#330`: and it is not rarity wearing a costume.** Strip the three content-fr","扣掉全部三个结构属性,`c3` 跨仪器反而更锐",1,0
README.md,332,,555800," carrying it. ⚠ Three properties are the three I thought of; this is a lower-bound argument, not a proof. ⚠ **`#332`: and a third correlate — how early it arrived.** Mean onset age corre",起始越早羞耻越多:每一项检查都过了,1,0
README.md,380,,556466,"codings of the age bins (range 0.004). ⚠ Onset age is retrospective self-report — association, not cause. ⚠ **`#380`: and this route is about twice as strong in respondents who are not b","性兴趣来得早,在非生理男的人身上带来的羞耻大约是两倍(独立确认,五门全过)",1,0
README.md,296,,556756,— which removes not only mean and variance differences in scale use but the response-shape confound that left `#296` at D5 — onset predicts shame at **−0.133** in group 0 versus **−0.068,"看上去是十轮站住了,但正对照说这句不能说",1,0
README.md,370,,557661,"ull model the same difference is +0.053, |t| 2.14 against a threshold of 2.42 — same sign, below the bar. ⚠ **`#370`: and within a single person, the rare things arrive LATER — far more ",几乎每个人都是从普通的地方开始的,1,0
README.md,371,,558498,"e null: almost everyone starts from the ordinary, and the ordering is personal, not merely demographic.** ⚠ **`#371`: and the few for whom it ran the other way carry more shame.** Regres",顺序是有代价的;而我的「宽口径臂」第一版根本没宽,1,0
README.md,372,,559065,"re the more ashamed.** The wide arm's MDE is 0.025 against an effect of 0.029: adequate, not comfortable. ⚠ **`#372`: and about half of that is simply that those people started earlier a","那个负号有一半是「他整体就来得早」,剩下的一半这个设计看不见",1,0
README.md,346,,559851,"above still holds; the mechanism does not separate. ⚠ Wide and narrow calibers are **different populations** (`#346`), so this is a cross-population replication, not added power. ⚠ The f","宽口径对 `c3` 几乎免费,而它把 `S ↔ 羞耻` 抬了 45%",1,0
README.md,334,,560223,"on-rule relaxation that does not move n never happened, and is a scope claim in the flattering direction. ⚠ **`#334`: three routes, and only one pair overlaps.** Onset-early carries an i",次可加过了全族阈:PLAUSIBLE 升到 CONFIRMED,1,0
README.md,337,,560779," numeric codings of the onset bins. Rare taste and early arrival overlap; the other two pairs simply add. ⚠ **`#337`: and the overlap survives at the person×category level** (147,387 cel","格层复现了次可加,而格层的时间表已被中心化掉",1,0
README.md,350,,561191," = 0.010)** — so the overlap is not the shared developmental schedule, which is centred out cell by cell. ⚠ **`#350`: it replicates in a larger, more heterogeneous sample.** At a looser ",那条次可加在更大也更杂的人群里更强了,1,0
README.md,346,,561627,"re different populations, not the same one with more data** — low-coverage respondents differ systematically (`#346`), so this is a replication across populations, not an increase in pow","宽口径对 `c3` 几乎免费,而它把 `S ↔ 羞耻` 抬了 45%",1,0
README.md,357,,561711,"ts differ systematically (`#346`), so this is a replication across populations, not an increase in power. ⚠ **`#357`: two of those four moderators were deliberately coarsened before rele","广度共线在 `S` 上,不在特征向量上;而量级不是新的",1,0
README.md,373,,562316, correlations **~25% weaker than the original** — so every correlation on this page is a **lower bound**. ⚠ **`#373`: and that card is not describing this exact file.** Its header states,数据集卡片描述的不是我手上这个文件,1,0
README.md,366,,563204,"ut rows having been dropped, the file’s blanks **are** the None level, so reading them as zero is correct and `#366`’s warning about conflating “none” with “no answer” is withdrawn. ⚠ **",`c3⁻` 那份羞耻不是独有的;而咬掉它的五个量说的是同一种人,1,0
README.md,374,,563280,"ading them as zero is correct and `#366`’s warning about conflating “none” with “no answer” is withdrawn. ⚠ **`#374`: but the card is stale, not false — its deletions hold.** Its `DROPPE","卡片的**档数**过时,它的**删除**属实",1,0
README.md,285,,564124,"**Read the card as accurate about what was removed and out of date about how much was collapsed.** > sexes** (`#285` `#286`). Rebuilt independently in each group (n = 3,232 / 3,485): the","这六个坐标在男性和女性身上,不是完全同一套",1,0
README.md,286,,564131,"the card as accurate about what was removed and out of date about how much was collapsed.** > sexes** (`#285` `#286`). Rebuilt independently in each group (n = 3,232 / 3,485): the block-","它们不是「人的坐标」,至少不是同一套坐标",1,0
README.md,278,,565099,es a resolvable disagreement.**  > ⚠ **`form_i` is the only standing dimension that does *not* reach shame** (`#278`). Everything else in > this project ends up pointing at it — position,"这个项目找到的每一样东西最后都指向羞耻,除了这一个",1,0
README.md,316,,565581,"y quantity in a project points at the same outcome, the informative one is the quantity that > doesn't.** ⚠ **`#316`: that is a statement about the *increment*, and the wider reading is ","`form` 不是够不到羞耻,它是信度低",1,0
README.md,375,,565837,"*, and its Spearman–Brown reliability is only **0.380** (`animated`↔`written` = **+0.2345** at n = 6,478; ⚠ **`#375`: this page previously printed +0.468 here, which is `2r`, the numerat",没有第三个 `form` 指标;而页面上那个 `+0.468` 是 `2r`,1,0
README.md,320,,566179,"relation was not.**), so the disattenuated value is **+0.1293** (bootstrap 95% interval **[+0.088, +0.167]**, `#320`) — the same size as position (+0.1185 [cov≥8 · scope stated]) and bre","非线性不咬人,但区间该报;纳入规则把不确定性放大近一半",1,0
README.md,419,,566624,"of 0.0348. **`form` is not a shame-free dimension; it is a dimension this survey measures too coarsely.** ⚠ **`#419`: the direction of these two items has now been checked, and so — for ",方向是对的;而顺手确认的是整页的羞耻方向,1,0
README.md,392,,566935,"M3` (symmetric, −2…+2 and −3…+3), structurally unlike the all-negative `RATING_NEG_FIB` scale whose direction `#392` had to reverse. Calibrating the whole family with an item whose direc",我把整个尺度读反了;而我审计了三轮**我叫得出名字的**那个担心,1,0
README.md,420,,567684,"nd **more** fetish categories (+0.095, +0.035) — which is a substantive split, not an instrument failure. ⚠ **`#420`: and it survives a proper test.** With `S`, c3⁻, shame and age contro","想要的种类更多,做过的事更少",1,0
README.md,421,,568467,"ised, so only signs and threshold-crossings are compared; the split is a description, not a causal claim. ⚠ **`#421`: and ""breadth"" on this page is not one quantity.** Enumerating the fi",「广度」不是一个东西;而落单的那一个正是 `form` 劈开的那一个,1,0
README.md,422,,569309,"and how much you have actually done — and the form score above pushes those two in opposite directions.** ⚠ **`#422`: and the ambiguity turns out to be bounded, so one definition fixes i","分成两步的价值,不在于拖一轮,在于第一步可以改变第二步是什么",1,0
README.md,423,,569785,"otalsexacts` or ""endorsed sex acts"". **So a bare ""breadth"" on this page never means the sex-act count.**  ⚠ **`#423`: and enumerating the question types turned up a loaded trap that has ","一个没被用过的变量,方向不是安全的假设,是没被检查过的假设",1,0
README.md,392,,570036,"ibonacci-coded rating families whose value sets are exact mirrors — `{0,−1,−2,−3,−5,−8}` and `{0,1,2,3,5,8}`. `#392` established that **−8 is the most erotic end** of the first. Anchorin",我把整个尺度读反了;而我审计了三轮**我叫得出名字的**那个担心,1,0
README.md,424,,571197," and the item wording selects on body type), so this is a statement about them, not about everyone here.  ⚠ **`#424`: and there is no specialist taste in this survey.** The largest never",这份问卷里没有一种「专精」的口味,1,0
README.md,429,,572502,"eakest item is close enough to zero that ""never negative"" is the claim — not ""everything goes together"".  ⚠ **`#429`: and one signed claim on this page rests on a direction that cannot b","两个锚是坏的,两种坏法,而都不报错",1,0
README.md,481,,573598,"e one scoring pipeline, but that is an inference about the pipeline, **not a measurement of each trait**. ⚠ **`#481` tests whether it could have been a measurement, and it could not — fo","让那条推断成立的东西,正是让它无法被检验的东西",1,0
README.md,461,,575010,"the single value ""Any"". **So ""less agency"" is UNVERIFIED here: the magnitude stands, the word does not.** ⚠ **`#461` retried it under the corrected rule and the verdict holds, now with a","不是检验太严,是没有东西能定这个变量的哪一端是哪一端",1,0
README.md,442,,575165,"d the verdict holds, now with a number.** The rule that produced the original verdict was later found broken (`#442`), so the retry used every quantity on this page whose direction is fi","卷入度在遮蔽这个关系,不是在制造它;而我的锚定判据判错了自己的正对照",1,0
README.md,480,,575610," that the test was too strict — it is that nothing available fixes which end of this variable is which.** ⚠ **`#480` finds an anchor that the count-only rule had never tried, and it chan","问一个更便宜的问题,顺手撞上一个从没试过的锚",1,0
README.md,433,,577366,"ated as \|r\| — such as ""all Big Five \|r\| ≤ 0.056"" — are sign-immune and are untouched by any of this.  ⚠ **`#433`: and once its direction was settled, the porn-use variable turned out","色情使用量多解释的,是羞耻,而且只有羞耻",1,0
README.md,434,,578386,"hout (0.030 to 0.077) — this is a statement about which one survives controls, not about a large effect.  ⚠ **`#434`: and shame turns out to be the brake, not the carrier — which is the ","羞耻是刹车,不是传递者;而我预注册的预期也是错的",1,0
README.md,435,,579097,.0032]** excluding zero). The net (+0.0122) is smaller than the direct because the two oppose each other. ⚠ **`#435` retracts the share I first reported here.** I wrote that the indirect,"刹车有选择,而我上一轮发布的那个份额不可估",1,0
README.md,435,,579555,"lears its own permutation threshold and its own interval excludes zero); **only the fraction does not.**  ⚠ **`#435`: and the brake is not a flat tax — it discriminates, and one quantity","刹车有选择,而我上一轮发布的那个份额不可估",1,0
README.md,436,,580545,"too near zero for their share to be estimable at all, and they are reported as such rather than dropped.  ⚠ **`#436`: and the one coordinate that points away from doing turns out to poin","扫描看不见这个性质,因为页面写的是比值,分母的区间从来不在句子里",1,0
README.md,437,,581285,"old, with the coefficient itself dropping only a fifth. **That is a threshold crossing, not a collapse.** ⚠ **`#437` resolves it by asking whether the threshold itself is the limit.** At","那个指向「做得更少」的坐标,原来指的是「改不了」",1,0
README.md,439,,581948,"ble at this scale, which was the outcome that would have forced every number built on it to be restated.  ⚠ **`#439`: and feeling unable to change what arouses you has two roads, not one","他们觉得改不了,尽管唯一本该让它显得可改的那一点也为真",1,0
README.md,440,,583378,"onal, shame in the model throughout; the family threshold moved 3.3% between 400 and 4,000 permutations.  ⚠ **`#440`: and it is not what you like — it is how your liking is distributed.*","不是「你喜欢什么」,是「你的喜欢怎么分布」",1,0
README.md,441,,584749,"n approximation rather than a true leave-k-out refit, and is reported as corroboration, not as the test.  ⚠ **`#441` narrows this: the shape is not the breadth-type contrast, and that co","那个「形状」不是广度型,而广度型是三个里最弱的",1,0
README.md,442,,585523,"s right that it is not about content, but wrong to leave the impression that breadth type is the carrier. ⚠ **`#442` corrects this**: the first component was called unanchorable because ","卷入度在遮蔽这个关系,不是在制造它;而我的锚定判据判错了自己的正对照",1,0
README.md,442,,586611," eigenvector's sign is arbitrary, and this project has published a backwards reading off one four times.  ⚠ **`#442`: and it is not involvement wearing a different name — controlling inv","卷入度在遮蔽这个关系,不是在制造它;而我的锚定判据判错了自己的正对照",1,0
README.md,443,,587396,"re tracks is something involvement does not contain.** ⚠ I predicted the second component would collapse. ⚠ **`#443` gives it a first shape: there are two ways of being more involved, an","「更卷入」有两种,而它们收的费不一样",1,0
README.md,444,,588709,"mponents' signs are stated in their anchored frame, never in the one the eigensolver happened to return.  ⚠ **`#444`: the half that costs you the sense of changeability is loaded on the ","我的判据不可能失败,而换掉它之后结论只剩一半",1,0
README.md,445,,590049, on this page and killed both times. ⚠ The six-block set was noticed in this data before it was formalised. **`#445` puts that to the test and it holds**: re-estimating the loadings on t,"20 次劈半,20 次都在",1,0
README.md,446,,590645,"dents were in the sample where the pattern was first seen, so the concern is reduced rather than removed. ⚠ **`#446` measures what that twenty was actually resting on, and it is the cont","坐标是脆的那一半,内容是韧的那一半",1,0
README.md,447,,591438,"s stay together anyway.** ⚠ At the edge of resolution, so this ranks the two rather than separating them. ⚠ **`#447` says which part of the coordinate is the fragile one, and it is not t",换标签这个解释被它自己的符号否掉了,1,0
README.md,448,,592565,"the pair is not equally solid in both of its directions, and claims resting on it inherit that asymmetry. ⚠ **`#448`: and the fluid pattern sits on the *less* preserved of the two, which","体液图样骑在较难保存的那个方向上,却照样每次都在",1,0
README.md,449,,593490,"tion, so their agreement with one another is not evidence of independent recovery and is not used as any. ⚠ **`#449`: and asking the content directly — no eigenvectors at all — costs mos","绕开坐标要付掉三分之二的样本,而那道杠在剩下的人身上不具特异性",1,0
README.md,450,,594462,estion — it is what lets the analysis keep the two-thirds of respondents who never answered those blocks. ⚠ **`#450` repairs that arm's bar and the answer flips depending on which null i,"同一个数,两个零,相反的判决",1,0
README.md,451,,595273,t a block-label null from the start and reached **4.3 sd** with **20 of 20** replications at full sample. ⚠ **`#451` joins the two strongest arcs on this page for the first time: what ar,"早来的东西,更像是定死的",1,0
README.md,452,,596307,"lier something showed up, the less a person feels able to move it. ⚠ Onset ages are recalled, not recorded. **`#452` checks whether that can produce the result, and it cannot — by the co","读出来的两件事,比跑出来的那一件更值钱",1,0
README.md,114,,596483, by the construction of the project's own recall-bias measurement.** The bias this dataset actually measures (`#114`: people report their more highly rated categories as beginning earlie,"记忆把心爱的兴趣往前拉,约 0.74 年;这是这个数据集里第一个被直接量出来的回忆偏差",1,0
README.md,454,,597142,"not total: the residual within-person tilt still correlates **+0.27** with mean onset. ⚠ Cross-sectional. ⚠ **`#454`: and it is a gradient, not a cliff.** Cut into the four onset strata ","是一条斜坡,不是一道坎",1,0
README.md,455,,598178,"s resolution limit; the gradient itself is the substance. ⚠ The cuts are the page's own, not chosen here. ⚠ **`#455`: and shame runs the same gradient in mirror image** — **`#456` withdr","一个前因,两条镜像的梯度",1,0
README.md,456,,598241," cuts are the page's own, not chosen here. ⚠ **`#455`: and shame runs the same gradient in mirror image** — **`#456` withdraws the reading that this means one antecedent.** Across the id","检验通过了,而通过得太轻松,所以它撑不起我原来那句话",1,0
README.md,456,,599390,"| is 1. That is why the direction had to be pre-specified, and it qualifies the paragraph above as well.  ⚠ **`#456`: the two consequences have nothing to do with each other, and saying ","检验通过了,而通过得太轻松,所以它撑不起我原来那句话",1,0
README.md,457,,600525,"d consequences, not one mechanism with two faces, and this round cannot tell which of those the world is. ⚠ **`#457` turns that caveat into a number that can be computed before the test ","一个中介能不能出信息,三个相关系数就够了,不必跑那一轮",1,0
README.md,458,,601161,"ction of a percent cannot fail, and that is now checked before the round rather than noticed after it.**  ⚠ **`#458`: and the two paths do come apart — three of six page quantities touch","你被什么吸引、你用多少色情内容,走到羞耻就停住了",1,0
README.md,459,,602054,e category count looked like the weakest link — a measure of how much of the survey someone walked through. **`#459` tests that and the volume reading does not hold.** Of the five engage,"不是「答得多」,是「进过多少个不同领域」",1,0
README.md,460,,602726,gs ticked says nothing. What tracks it is the number of separate domains a person has been into at all.** ⚠ **`#460` then splits answering behaviour against itself and the artifact readi,把答题行为拿去和它自己对分,1,0
README.md,463,,603492,ow many separate territories they have been into; how thoroughly they filled in each one says nothing.**  ⚠ **`#463`: and the two leading components of the residual structure fall on the,"两个领头成分各落在一条路上,分岔的两边第一次都能点名",1,0
README.md,464,,604458,"ed — the two models are not comparable, and the earlier claim is scoped to its own rather than withdrawn. ⚠ **`#464` corrects the name attached to the first component, though not its dir","我 NEXT 里的前提是反的,而查它顺手改了页面上一个名字",1,0
README.md,465,,605529," to name it did not fail for want of an external correlate**, and whatever the reason is, it is not that. ⚠ **`#465` narrows what a name for it would have to survive.** Taking that stron","把最强的那个可数相关物整个抽走,链子还剩八分之七",1,0
README.md,466,,606250,"med thing is not that count in disguise, and any name offered for it has to survive the same subtraction. ⚠ **`#466` removes every countable quantity at once, and two things come out.** ","谴责压得住的地方它跟着稀有度,压不住的地方它脱钩",1,0
README.md,469,,607156,"rdinate **as constructed**, not of its count-free core — the counts were carrying the changeability side. ⚠ **`#469`: and the rarity–shame link this page rests on turns out to be twice a","被罕见的东西吸引,在几乎没人去的地方更贵",1,0
README.md,470,,608695,his survey's population; it can agree or disagree with a society-level claim but cannot stand in for one. ⚠ **`#470` pins down what is robust here and what is not.** The obvious objectio,"方向在十种设定里活了九种,大小估不到比四倍更细",1,0
README.md,471,,609492,"size is not estimable to better than about a factor of four.** The dip at k = 12 (**+0.020**) is noise, and **`#471` establishes that rather than leaving it open**: removing each of the ","塌陷是噪声,而这一问到此为止(第三轮,按规矩换方向)",1,0
README.md,472,,610125,"–8.0** for the common one, so its score is the noisier of the two and the noise runs against the finding. ⚠ **`#472`: and this happens to shame and to nothing else.** Running the identic",人烟稀少的角落只对羞耻起作用,1,0
README.md,473,,610985,"ficients are otherwise as the rest of this page has them; only the between-domain difference dissociates. ⚠ **`#473`: and the same question cannot be put to the other path, which is a li","门开了,而参照臂说门开错了地方",1,0
README.md,474,,611922,"the analogous question about the other path is not askable this way, and no answer to it is claimed here. ⚠ **`#474`: and inside the handful of domains almost everyone enters, the relati","一次扫描可信,当且仅当它的候选集小到可以整批手读",1,0
README.md,475,,613012,"e instrument on the same people finds the known positive effect in the uncommon group at all four widths. ⚠ **`#475`: and a note about this page's error profile, which is measurable rath","在几乎人人都去的那几个领域里,本页赖以建立的那条关系不见了",1,0
README.md,476,,614144," the mirror of asking a null for its resolution, which this project had only ever asked in one direction. ⚠ **`#476` is the first claim put through it, and it now carries its floor.** Th","五比二,不是七比零;而两个例外落在不同的门类上",1,0
README.md,479,,615140,"ould not have supported even if it were true**, which is why the earlier paragraph declines to claim one. ⚠ **`#479`: and that end of the map is the same for everyone there — it is not a",那一端不是两种人的平均数,1,0
README.md,375,,618346," ""named"" by whether a specific measure appears in a ±120-character window is a proxy, and it over-counts. ⚠ **`#375`: and there is no third indicator to fix that with.** Of 93 numeric pe",没有第三个 `form` 指标;而页面上那个 `+0.468` 是 `2r`,1,0
README.md,325,,618962,"ading, not an open task**, and the residual is substantially sex-linked, consistent with the split above. ⚠ **`#325`: and the two indicators do not carry it equally** — `animated` ↔ sham","那个 −0.2075 是 `written` 的,不是 `form` 的",1,0
README.md,346,,619332,"e far more (**−0.061** vs **−0.267**), so a composite correlation can be almost entirely one indicator's. ⚠ **`#346`: the +0.1185 [cov≥8 · scope stated] is caliber-sensitive.** It is com","宽口径对 `c3` 几乎免费,而它把 `S ↔ 羞耻` 抬了 45%",1,0
README.md,270,,620010,"hame` is unaffected (**+0.1278 → +0.1290**).  > ⚠ **These six columns are not six independent measurements** (`#270`). They are all built from the > *same* option split, so they share me","相邻两列的一致,可能只是它们一起抖了一下",1,0
README.md,264,,620865,"scoped separately); it overturns reading the six as six independent coordinates. > ⚠ **Caliber of the 1.4%** (`#264`, `#271`): old S + least squares; the alternative caliber (S varying >","把所有关于「一个人是谁」的东西加起来,平均只说中百分之一点四",1,0
README.md,271,,620873,"eparately); it overturns reading the six as six independent coordinates. > ⚠ **Caliber of the 1.4%** (`#264`, `#271`): old S + least squares; the alternative caliber (S varying > with bl","两个我能想到的原因都不是它,那说明还有第三个我没记下来的选择",1,0
README.md,233,,621360,"e ledger entry is the receipt. > ⚠ **Every ""N of M"" count on this page is an interval, not an exact number** (`#233`). The family-wise threshold is estimated by resampling the permutatio","一个计数的宽度,不来自分数有多强",1,0
README.md,161,,622516,"strument recovers it at **0.67**. **A second, independent way of asking ""when"" gives the same small number** (`#161`: ""how well the shared schedule fits you"" = 0.163, indistinguishable f","关于「何时」,两个完全不同的问法给出同一个小数字",1,0
README.md,159,,622677,".163, indistinguishable from ""how far you deviate"" = 0.114 at 1.3× spread; both **12.2×** below the ""what"") | `#159` `#160` `#161` | | **Sexual interests arrive on a shared developmental","那 20% 几乎不是关于人的,它是关于东西的",1,0
README.md,160,,622684,"ndistinguishable from ""how far you deviate"" = 0.114 at 1.3× spread; both **12.2×** below the ""what"") | `#159` `#160` `#161` | | **Sexual interests arrive on a shared developmental schedu","性偏好的「什么」是个人的,「何时」不是",1,0
README.md,161,,622691,"guishable from ""how far you deviate"" = 0.114 at 1.3× spread; both **12.2×** below the ""what"") | `#159` `#160` `#161` | | **Sexual interests arrive on a shared developmental schedule — co","关于「何时」,两个完全不同的问法给出同一个小数字",1,0
README.md,75,,623156,"% for ""everyone shares one ordering"" — the schedule has nearly exhausted what a shared ordering can provide | `#75` 8 seeds · 35,438 pairs · 6,230 people; all-pairs bound **[60.5%, 66.5",CLOSURE: the cap cost precision and cost no verdict,1,0
README.md,63,,623236,"shared ordering can provide | `#75` 8 seeds · 35,438 pairs · 6,230 people; all-pairs bound **[60.5%, 66.5%]** `#63` | | **Content and individualised valuation move endorsement probabili","66.7% was accuracy on the pairs the release can order; over all pairs it is bounded [60.5, 66.5]",1,1
README.md,157,e,623428,"he same amount** | option base rate **±21.5 pp** (ledger records ±22.6; **a 5% drift that is not explained**, `#157e`) · person overall rate **±16.7 pp** · person × option interaction **±","一条只写在账本散文里的校正,不会到达仪器(两轮之内第二例)",1,0
README.md,157,,623516,"t is not explained**, `#157e`) · person overall rate **±16.7 pp** · person × option interaction **±23.7 pp** (`#157` moved two corrections that had lived only in ledger prose into the co","一条只写在账本散文里的校正,不会到达仪器(两轮之内第二例)",1,0
README.md,88,,623769,"redictability* measure (3.5–5.6×) **purely because it is estimated 179× better** (3,228 observations vs 18) | `#88` `#90` | | **""Is this sexual content?"" cannot be asked of this survey*","with nothing subtracted anywhere, the item effect is 3.5–5.6× the interaction, and `#85`'s tie was the correction machinery",1,0
README.md,90,,623775,"ability* measure (3.5–5.6×) **purely because it is estimated 179× better** (3,228 observations vs 18) | `#88` `#90` | | **""Is this sexual content?"" cannot be asked of this survey** | In","on the probability scale the three components are the same size, and the item effect wins every skill measure because it is estimated 179× better",1,4
README.md,69,,624117,"**, slope 0.988, and completely insensitive to the *shape* of the base-rate distribution in 23 of 23 blocks | `#69` | | **Taste for uncommon things is a continuum everyone is on, not a ","the item main effect is 1+1=2, and the algebra was checkable in one line",1,0
README.md,99,,624398,"the lower tail picks commoner ones, and the **median does not move**, each side 11–13× its own bootstrap sd | `#99` | | **It is a reliable personality dimension, and it is not ""how many","the check eleven rounds never ran: the distribution is symmetrically WIDER, not one-sidedly elevated",1,0
README.md,167,,624636,"ck sets **+0.432 ± 0.016** (person bootstrap, n=7,316, 400 draws — an error bar it went eight rounds without, `#167`; the −0.022 it used to carry is a curveball *null floor*, which answe","注册的 kill 没开火;而项目最老的那条声明,八轮以来没有过误差棒",1,0
README.md,163,,624813,ich answers a different question) against a planted ceiling of +0.832. **And the name itself is now tested** (`#163`): split the blocks into their two most content-dissimilar halves and ,"「偏爱冷门」是一个真的口味位置,不是""喜欢某一类恰好冷门的东西""",1,0
README.md,164,,625164,"ansferable position, not ""likes one family that happens to be uncommon""**. **And it is not a shadow of sex** (`#164`): regressing sex out of *every* block-level score leaves the tendency","「偏爱冷门」是这个人自己的口味,不是他的性别",1,0
README.md,165,,625630,"0.608) is **lower** than the null's (+0.719). **And it is not a projection of a bigger ""content"" dimension** (`#165`): scoring people on the *option matrix* itself — which specific thing",位置不是内容的投影;而「有没有内容」这个问题被泄漏底噪吃掉了,1,0
README.md,100,,625988,t 3.1×). **Which content you prefer is largely shared; where you sit on the uncommon–common axis is yours** | `#100` `#104` `#165` | | **And preferring the uncommon is not affectively ne,"a reliable person-level trait in WHICH options are endorsed, independent of HOW MANY",1,1
README.md,104,,625995,. **Which content you prefer is largely shared; where you sit on the uncommon–common axis is yours** | `#100` `#104` `#165` | | **And preferring the uncommon is not affectively neutral —,CLOSURE: the arc's three surviving claims re-read through the instrument built from its own failures,1,0
README.md,165,,626002,ch content you prefer is largely shared; where you sit on the uncommon–common axis is yours** | `#100` `#104` `#165` | | **And preferring the uncommon is not affectively neutral — it com,位置不是内容的投影;而「有没有内容」这个问题被泄漏底噪吃掉了,1,0
README.md,184,,627009," ""uncommon → shame"" and ""shame → only dare to want the uncommon"" are not separable here.** ⚠ **Scope added by `#184`**: run against all 20 Likert outcomes with a max-statistic family-wis","⚠ 降级 `#180`/`#182`/`#183`:截距↔羞耻没越过全族阈值,而一个非性的一般特质与它一样大",1,0
README.md,230,,627279,"**10 of 20 items clear it**, so shame is the *largest* correlate of the position score, not its only one  ⚠ **`#230` — shame has a second route, and it is slightly the stronger one**: th","通向羞耻的路不止一条,而新的那条略强一点",1,0
README.md,229,,627391,"230` — shame has a second route, and it is slightly the stronger one**: the third **breadth-type** component (`#229`, person-score split-half **+0.5631**) predicts **the same shame item ","宽度有形状,而它的第一个名字是「体液」",1,0
README.md,231,,628119,"ansgressive categories rather than ordinary acts"" is a reading of its block loadings, not a tested claim  ⚠ **`#231` — and rarity turns out to work at two levels, with opposite signs at ","在人人都去的地方敞开的人,羞耻更少",1,0
README.md,232,,629127,tionalised as *low block pick rate* — a coarse proxy that does not separate social taboo from mere rarity ⚠ **`#232` — the two routes to shame meet nowhere else**: run the within-block p,"两条完全不同的路,通向同一种感觉",1,0
README.md,232,d,630243,"e redone with ≥3 indicators. ⚠ And the ""N of 31"" counts throughout this page are **±2 intervals, not exact** (`#232d`) — the family-wise threshold is resampled, and the same score gave 10","两条完全不同的路,通向同一种感觉",1,0
README.md,235,,630342,"t exact** (`#232d`) — the family-wise threshold is resampled, and the same score gave 10 and 8 in one run ⚠ **`#235` — the claim crosses instruments; the score does not**: this release c","感觉是稳的,地图是随题目走的",1,0
README.md,229,,631188,"omains ↔ shame"" is about people; the profile's dimensionality, the fluid family and the components' identity (`#229`–`#232`) remain properties measured *through the block instrument* and","宽度有形状,而它的第一个名字是「体液」",1,0
README.md,232,,631195,"↔ shame"" is about people; the profile's dimensionality, the fluid family and the components' identity (`#229`–`#232`) remain properties measured *through the block instrument* and have n","两条完全不同的路,通向同一种感觉",1,0
README.md,236,,631325,rties measured *through the block instrument* and have not been shown to survive a change of instrument** ⚠ **`#236` relaxes this by one step**: rebuilt on the disjoint onset instrument ,"一个人真正独特的地方,从第二维才开始",1,0
README.md,237,,632115,"n is the instrument's; the person's structure starts at k=2**, which is exactly where the null falls away ⚠ **`#237` — do not read the two replication numbers side by side**: a subtracti","一个贴着天花板的统计量,和一个线性响应的统计量,数值上不可比",1,0
README.md,238,,632848,"directions exist in a population, not who a given person is, and the two are not numerically comparable** ⚠ **`#238` — and it is the *earliest* wants that carry it**: on the disjoint ons","羞耻贴的不是你后来走进去的地方,是你最早就想要的东西有多冷门",1,0
README.md,114,,633480,"n the things you wanted earliest were, not where you later went.** ⚠ `D6`, and one rival is explicitly alive: `#114` measured that people **remember their favourite interests as earlier*","记忆把心爱的兴趣往前拉,约 0.74 年;这是这个数据集里第一个被直接量出来的回忆偏差",1,0
README.md,239,,633744," most-loved interests. **This is a fact about the self-reported timeline, not about developmental order** ⚠ **`#239` downgrades the early-vs-late asymmetry to `UNVERIFIED`, and the reaso","一个改变了样本的控制,改变的是估计目标本身",1,0
README.md,114,,633933,"s worth more than the result**: residualising each onset on **the person's own rating of that category** (the `#114` pathway is real here — mean `corr(onset, rating) = −0.1175`, negative","记忆把心爱的兴趣往前拉,约 0.74 年;这是这个数据集里第一个被直接量出来的回忆偏差",1,0
README.md,241,,634763,"7 (late)**, n=6,301. **How uncommon what you open to is tracks shame regardless of when you acquired it** ⚠ **`#241` re-checked this on the intersection sample**: the two halves are scor","我写的第一版扫描,给出的正是我最想听的那个答案",1,0
README.md,290,,635172,"× spread 0.0394, **98.5% of the original retained**. The conclusion is unchanged; this line is the scope. ⚠ **`#290`: this correlation is the same in both sexes** — +0.1297 ± 0.0188 and ","S 在两组间意味着不同的东西,但不同的地方不在羞耻上",1,0
README.md,286,,635560,"*interaction** moves it by +0.3300). So although the six coordinates as a whole are not invariant across sex (`#286`) and **position S is the source** (`#289`), **shame is not where that","它们不是「人的坐标」,至少不是同一套坐标",1,0
README.md,289,,635602,"though the six coordinates as a whole are not invariant across sex (`#286`) and **position S is the source** (`#289`), **shame is not where that non-invariance lives.** | `#179` `#184` `","S 不是性别,但 S 在两个人群里意味着不同的东西",1,0
README.md,179,,635663,"s sex (`#286`) and **position S is the source** (`#289`), **shame is not where that non-invariance lives.** | `#179` `#184` `#186` `#192` `#201` `#229` `#230` `#231` `#232` `#235` `#236`","「偏爱冷门」不是一个不带立场的坐标:控制内容之后,它仍然预测羞耻",1,0
README.md,184,,635670,"`#286`) and **position S is the source** (`#289`), **shame is not where that non-invariance lives.** | `#179` `#184` `#186` `#192` `#201` `#229` `#230` `#231` `#232` `#235` `#236` `#237`","⚠ 降级 `#180`/`#182`/`#183`:截距↔羞耻没越过全族阈值,而一个非性的一般特质与它一样大",1,0
README.md,186,,635677," and **position S is the source** (`#289`), **shame is not where that non-invariance lives.** | `#179` `#184` `#186` `#192` `#201` `#229` `#230` `#231` `#232` `#235` `#236` `#237` `#238`",`#179` 的 +0.116 是一个下界;而单题信度在本 release 上不可估,1,0
README.md,192,,635684,"position S is the source** (`#289`), **shame is not where that non-invariance lives.** | `#179` `#184` `#186` `#192` `#201` `#229` `#230` `#231` `#232` `#235` `#236` `#237` `#238` `#239`",同一把尺下内容侧确实更受性别影响;而 `#188` 的分工图有一部分是控制勾选数造的,1,0
README.md,201,,635691,"n S is the source** (`#289`), **shame is not where that non-invariance lives.** | `#179` `#184` `#186` `#192` `#201` `#229` `#230` `#231` `#232` `#235` `#236` `#237` `#238` `#239` `#241`","⚠ 撤回「媒介偏好」这个名字:`animated` 与 `written` 相关 +0.25,不是二选一",1,0
README.md,229,,635698,"the source** (`#289`), **shame is not where that non-invariance lives.** | `#179` `#184` `#186` `#192` `#201` `#229` `#230` `#231` `#232` `#235` `#236` `#237` `#238` `#239` `#241` `#290`","宽度有形状,而它的第一个名字是「体液」",1,0
README.md,230,,635705,"rce** (`#289`), **shame is not where that non-invariance lives.** | `#179` `#184` `#186` `#192` `#201` `#229` `#230` `#231` `#232` `#235` `#236` `#237` `#238` `#239` `#241` `#290` | ⚠ **","通向羞耻的路不止一条,而新的那条略强一点",1,0
README.md,231,,635712,"`#289`), **shame is not where that non-invariance lives.** | `#179` `#184` `#186` `#192` `#201` `#229` `#230` `#231` `#232` `#235` `#236` `#237` `#238` `#239` `#241` `#290` | ⚠ **`#360`:","在人人都去的地方敞开的人,羞耻更少",1,0
README.md,232,,635719,", **shame is not where that non-invariance lives.** | `#179` `#184` `#186` `#192` `#201` `#229` `#230` `#231` `#232` `#235` `#236` `#237` `#238` `#239` `#241` `#290` | ⚠ **`#360`: that +","两条完全不同的路,通向同一种感觉",1,0
README.md,235,,635726,me is not where that non-invariance lives.** | `#179` `#184` `#186` `#192` `#201` `#229` `#230` `#231` `#232` `#235` `#236` `#237` `#238` `#239` `#241` `#290` | ⚠ **`#360`: that +0.1185 ,"感觉是稳的,地图是随题目走的",1,0
README.md,236,,635733,ot where that non-invariance lives.** | `#179` `#184` `#186` `#192` `#201` `#229` `#230` `#231` `#232` `#235` `#236` `#237` `#238` `#239` `#241` `#290` | ⚠ **`#360`: that +0.1185 is one ,"一个人真正独特的地方,从第二维才开始",1,0
README.md,237,,635740,e that non-invariance lives.** | `#179` `#184` `#186` `#192` `#201` `#229` `#230` `#231` `#232` `#235` `#236` `#237` `#238` `#239` `#241` `#290` | ⚠ **`#360`: that +0.1185 is one point o,"一个贴着天花板的统计量,和一个线性响应的统计量,数值上不可比",1,0
README.md,238,,635747,non-invariance lives.** | `#179` `#184` `#186` `#192` `#201` `#229` `#230` `#231` `#232` `#235` `#236` `#237` `#238` `#239` `#241` `#290` | ⚠ **`#360`: that +0.1185 is one point on a mon,"羞耻贴的不是你后来走进去的地方,是你最早就想要的东西有多冷门",1,0
README.md,239,,635754,ariance lives.** | `#179` `#184` `#186` `#192` `#201` `#229` `#230` `#231` `#232` `#235` `#236` `#237` `#238` `#239` `#241` `#290` | ⚠ **`#360`: that +0.1185 is one point on a monotone c,"一个改变了样本的控制,改变的是估计目标本身",1,0
README.md,241,,635761, lives.** | `#179` `#184` `#186` `#192` `#201` `#229` `#230` `#231` `#232` `#235` `#236` `#237` `#238` `#239` `#241` `#290` | ⚠ **`#360`: that +0.1185 is one point on a monotone curve.**,"我写的第一版扫描,给出的正是我最想听的那个答案",1,0
README.md,290,,635768,** | `#179` `#184` `#186` `#192` `#201` `#229` `#230` `#231` `#232` `#235` `#236` `#237` `#238` `#239` `#241` `#290` | ⚠ **`#360`: that +0.1185 is one point on a monotone curve.** Across,"S 在两组间意味着不同的东西,但不同的地方不在羞耻上",1,0
README.md,360,,635781,#184` `#186` `#192` `#201` `#229` `#230` `#231` `#232` `#235` `#236` `#237` `#238` `#239` `#241` `#290` | ⚠ **`#360`: that +0.1185 is one point on a monotone curve.** Across coverage thr,"页面上那个 +0.1185,坐在一条从 +0.172 走到 −0.002 的单调曲线中间",1,0
README.md,363,,636481,"ite of measurement-error attenuation, and this project cannot separate sample from estimate quality here. ⚠ **`#363`: and the decline is specific to shame.** Running the same six-thresho",那个下降几乎只发生在羞耻上,1,0
README.md,201,,637788,"ks **shame**, while *which specific things you like* tracks `animated`/`written` and **gender identity**. ⚠ **`#201` withdraws the ""medium (drawn vs written)"" reading**: `corr(animated, ","⚠ 撤回「媒介偏好」这个名字:`animated` 与 `written` 相关 +0.25,不是二选一",1,2
README.md,192,,638424,"**+0.1185 [cov≥8 · scope stated]** — the clean division of labour appears only once pick count is held fixed (`#192`). ⚠ **The orthogonality is constructed, and the raw dimensions are no",同一把尺下内容侧确实更受性别影响;而 `#188` 的分工图有一部分是控制勾选数造的,1,0
README.md,129,,638625," all**: `corr(S, C) = +0.4323` at the person level, so `corr(S, C_resid) = 0` is a definition, not a finding (`#129` `#189d`) — these are *one dimension and what is left of another after","特质链接不是覆盖度;而一次尺度不匹配的残差化,把两轮的 `corr(·,S)` 变成了负的勾选数",1,1
README.md,189,d,638632," `corr(S, C) = +0.4323` at the person level, so `corr(S, C_resid) = 0` is a definition, not a finding (`#129` `#189d`) — these are *one dimension and what is left of another after subtrac","那个 −0.41 的「结局层耦合」是我自己用残差化造出来的,而四道闸全绿",1,0
README.md,227,,638870,"nt score is a cross-person principal component, so purely idiosyncratic combinations are invisible to it  ⚠ **`#227` — 这个「内容」维度的正名是 breadth（你对多少东西说「是」），不是内容口味**：the block-level principal","尺子装对之后:第三个维度的正名是 breadth,而 `#189` 的三个方向活着",1,1
README.md,188,,639154,"ign, and 17 of the 32 blocks pointed one way while 15 pointed the other, so every content person-score behind `#188`/`#189` is a partially cancelling ±breadth mixture. Aligned by **leave","⚠ 收窄 `#187`:内容残差不是噪声,它只是不预测羞耻 —— 它预测媒介与性别身份",1,0
README.md,189,,639161,"d 17 of the 32 blocks pointed one way while 15 pointed the other, so every content person-score behind `#188`/`#189` is a partially cancelling ±breadth mixture. Aligned by **leave-one-ou","那个 −0.41 的「结局层耦合」是我自己用残差化造出来的,而四道闸全绿",1,0
README.md,228,,640418," depend on any of this**: it is +0.8320 aligned and **+0.5154 unaligned**, both above the registered 0.5  ⚠ **`#228` — and that breadth is not a single response style**: split the option","「对什么都说是」的人,其实不是对什么都说是",1,0
README.md,188,,641324," refutes «breadth is *only* a global response style», **not** «the global level contains no response style» | `#188` `#189` `#192` `#201` `#227` `#228` | | **A person's own uncommon inte","⚠ 收窄 `#187`:内容残差不是噪声,它只是不预测羞耻 —— 它预测媒介与性别身份",1,0
README.md,189,,641331,"s «breadth is *only* a global response style», **not** «the global level contains no response style» | `#188` `#189` `#192` `#201` `#227` `#228` | | **A person's own uncommon interests s","那个 −0.41 的「结局层耦合」是我自己用残差化造出来的,而四道闸全绿",1,0
README.md,192,,641338,"dth is *only* a global response style», **not** «the global level contains no response style» | `#188` `#189` `#192` `#201` `#227` `#228` | | **A person's own uncommon interests sit ahea",同一把尺下内容侧确实更受性别影响;而 `#188` 的分工图有一部分是控制勾选数造的,1,0
README.md,201,,641345,"*only* a global response style», **not** «the global level contains no response style» | `#188` `#189` `#192` `#201` `#227` `#228` | | **A person's own uncommon interests sit ahead of th","⚠ 撤回「媒介偏好」这个名字:`animated` 与 `written` 相关 +0.25,不是二选一",1,0
README.md,227,,641352,"a global response style», **not** «the global level contains no response style» | `#188` `#189` `#192` `#201` `#227` `#228` | | **A person's own uncommon interests sit ahead of their own","尺子装对之后:第三个维度的正名是 breadth,而 `#189` 的三个方向活着",1,0
README.md,228,,641359,"l response style», **not** «the global level contains no response style» | `#188` `#189` `#192` `#201` `#227` `#228` | | **A person's own uncommon interests sit ahead of their own common","「对什么都说是」的人,其实不是对什么都说是",1,0
README.md,114,,641808," bin vs the person's own repertoire) reproduces it independently: +0.0767 with the schedule removed, 14.5×**. `#114`'s recall bias contributes only **4%**, and with the opposite sign. ⚠ ","记忆把心爱的兴趣往前拉,约 0.74 年;这是这个数据集里第一个被直接量出来的回忆偏差",1,0
README.md,211,,641886," the schedule removed, 14.5×**. `#114`'s recall bias contributes only **4%**, and with the opposite sign. ⚠ **`#211` adds the boundary this claim never had**: rerun through the same pipe",⚠ `#128` 的 Δ 只由 14 岁之后的起始年龄扛着:三个受限档全部不可分辨,1,0
README.md,213,,642372,"n rarity sd *rises*, 0.473 → 0.533). **So Δ is carried by later onsets and is absent among early ones** — and `#213` shows there is **no threshold at 14**: sweeping the cut from 10 to 20","没有十四岁这个门槛:曲线是单调的,「越晚的那一段越强」",1,0
README.md,218,,642748," sweep's resolution is the 2-year onset bins, i.e. ~5 distinct cuts, and the right end rests on n=1,944.) ⚠ **`#218` bounds the right end**: the c=18 point's own null depends heavily on ","⚠ 晚半有多强没有唯一的数;而在项目最常用的那个零下,负对照直接失败",1,0
README.md,212,,643132,"null (the scheme this project uses most) the negative control **fails**: margins alone reproduce 65% of it. **`#212` separates the two readings and it is the window, not the artifact**: ","分开了:是发育窗口,不是截断假象 —— 这件事发生在十四岁之后",1,0
README.md,243,,643785,s itself age-selected (contributor median age 26.5 vs 22.5) and its permutation null is 30% of the effect ⚠ **`#243` — and it is not a population effect at all**: split people by whether,"全样本的 Δ 不是一个人群效应,是两群反号的人的混合",1,0
README.md,114,,644674,"cel.** ⚠ ""Early"" here means *reported* ≥8 onsets by 14, which carries both really-early and remembered-early (`#114`) ⚠ **`#245` replaces the two groups with one continuous line**: index","记忆把心爱的兴趣往前拉,约 0.74 年;这是这个数据集里第一个被直接量出来的回忆偏差",1,0
README.md,245,,644686,"rly"" here means *reported* ≥8 onsets by 14, which carries both really-early and remembered-early (`#114`) ⚠ **`#245` replaces the two groups with one continuous line**: index each person","不存在两类人,存在一条穿过 17 岁半的线",1,0
README.md,247,,645492,"cator is not nothing — going continuous assumes linearity, and that residue is where the assumption fails ⚠ **`#247` — the population number is the average height of a landscape**: index","那个数字不是一个人群的性质,是一片地形的平均高度",1,0
README.md,128,,646334,"edge: `rate`'s denominator is a *recalled* age span, so people who compress their memories get a large rate | `#128` `#130` `#211` `#212` `#213` `#218` `#243` `#245` `#247` | | **The map",不寻常的东西一开始就在那里;而一遍双向去均值把这个结论的符号弄反了,1,0
README.md,130,,646341,"rate`'s denominator is a *recalled* age span, so people who compress their memories get a large rate | `#128` `#130` `#211` `#212` `#213` `#218` `#243` `#245` `#247` | | **The map's stro","人群从常见处开始,而每个人都在共享曲线上提前了自己那一份",1,0
README.md,211,,646348," denominator is a *recalled* age span, so people who compress their memories get a large rate | `#128` `#130` `#211` `#212` `#213` `#218` `#243` `#245` `#247` | | **The map's strongest p",⚠ `#128` 的 Δ 只由 14 岁之后的起始年龄扛着:三个受限档全部不可分辨,1,0
README.md,212,,646355,"nator is a *recalled* age span, so people who compress their memories get a large rate | `#128` `#130` `#211` `#212` `#213` `#218` `#243` `#245` `#247` | | **The map's strongest psycholo","分开了:是发育窗口,不是截断假象 —— 这件事发生在十四岁之后",1,0
README.md,213,,646362,"s a *recalled* age span, so people who compress their memories get a large rate | `#128` `#130` `#211` `#212` `#213` `#218` `#243` `#245` `#247` | | **The map's strongest psychologically","没有十四岁这个门槛:曲线是单调的,「越晚的那一段越强」",1,0
README.md,218,,646369,"called* age span, so people who compress their memories get a large rate | `#128` `#130` `#211` `#212` `#213` `#218` `#243` `#245` `#247` | | **The map's strongest psychologically-anchor","⚠ 晚半有多强没有唯一的数;而在项目最常用的那个零下,负对照直接失败",1,0
README.md,243,,646376," age span, so people who compress their memories get a large rate | `#128` `#130` `#211` `#212` `#213` `#218` `#243` `#245` `#247` | | **The map's strongest psychologically-anchored divi","全样本的 Δ 不是一个人群效应,是两群反号的人的混合",1,0
README.md,245,,646383,"an, so people who compress their memories get a large rate | `#128` `#130` `#211` `#212` `#213` `#218` `#243` `#245` `#247` | | **The map's strongest psychologically-anchored dividing li","不存在两类人,存在一条穿过 17 岁半的线",1,0
README.md,247,,646390,people who compress their memories get a large rate | `#128` `#130` `#211` `#212` `#213` `#218` `#243` `#245` `#247` | | **The map's strongest psychologically-anchored dividing line is n,"那个数字不是一个人群的性质,是一片地形的平均高度",1,0
README.md,139,,647222,e is small (0.033–0.088). ⚠ **The model-level direction is withdrawn**: a naming-independent structural test (`#139`) shows PC4's two sides are **no more non-isomorphic than any other sp,`#138f` 降级;真正结构不对称的是早/晚那条线,1,0
README.md,138,,647371,"more non-isomorphic than any other split** (0.8×), so this line is compatible with both model A and model B | `#138` `#139` | | **Sex anchors ""the sexual"" itself, not one family within i","版图的主分界线不是""先来后到"",是""物件 vs 叙事""",1,0
README.md,139,,647378,"n-isomorphic than any other split** (0.8×), so this line is compatible with both model A and model B | `#138` `#139` | | **Sex anchors ""the sexual"" itself, not one family within it** | e",`#138f` 降级;真正结构不对称的是早/晚那条线,1,0
README.md,137,,647898,"eakest of the six**. The two families differ in organisation and in arrival, but not in **external causes** | `#137` | | **The relational family arrives together yet contains several ind",两族不是两样东西:早/晚这条线在外部锚上是六个里最弱的,1,0
README.md,139,,648712,ndom-loading floor of 0.349) — the relational family is the **intersection** of three near-independent axes | `#139` `#140` | | **What arrives early is scattered; what arrives late is a ,`#138f` 降级;真正结构不对称的是早/晚那条线,1,0
README.md,140,,648719,ading floor of 0.349) — the relational family is the **intersection** of three near-independent axes | `#139` `#140` | | **What arrives early is scattered; what arrives late is a set** |,"关系族装的就是 A02 那三条轴;而那个""零""是 0.349,不是 0",1,0
README.md,75,,649663,"hing arriving in order; it is two kinds of thing, differently organised, arriving differently** — a dimension `#75`'s schedule does not have. ⚠ Connectivity has **no knee** (1.6×), so """,CLOSURE: the cap cost precision and cost no verdict,1,0
README.md,135,,649788,"e does not have. ⚠ Connectivity has **no knee** (1.6×), so ""closes at 17"" holds only for the category count | `#135` `#136` | | **For a third of people the map closed at 17; for the rest","没有边界,但有两族:早来的东西是散的,晚来的东西是一整套",1,0
README.md,136,,649795,"not have. ⚠ Connectivity has **no knee** (1.6×), so ""closes at 17"" holds only for the category count | `#135` `#136` | | **For a third of people the map closed at 17; for the rest it ope","「一整套」是字面意义的:关系族一起到,具体族一个一个到",1,0
README.md,114,,650124,"es are **less connected** to their earlier ones, retaining 89% after stripping rarity at the pair level, with `#114` opposite-signed, and **all five age bands agreeing in sign (5.3–10.9×","记忆把心爱的兴趣往前拉,约 0.74 年;这是这个数据集里第一个被直接量出来的回忆偏差",1,0
README.md,133,,650607,"plit is unresolvable (1.0×) — the phenomenon is tied to absolute age, not to ""later in your own sequence""** | `#133` `#134` | | **The sexual map is largely fixed by the end of adolescenc","成年后加进来的不是旁边那一块,是别处;而三分之一的人版图在 17 岁就关上了",1,0
README.md,134,,650614," unresolvable (1.0×) — the phenomenon is tied to absolute age, not to ""later in your own sequence""** | `#133` `#134` | | **The sexual map is largely fixed by the end of adolescence** | A","反向回忆的印记不存在;但那个效应绑在绝对年龄上,而它的量级要降级",1,0
README.md,132,,651120,"s puts a time boundary on model C: if recursive reshaping exists, its window is mostly inside adolescence** | `#132` | | **At the population level the map really does start from what eve",审查解释不掉 Δ;而性版图在青春期结束时就基本定型了,1,0
README.md,147,,651559," resolvably negative (17.5–27.3×) — the effect is universal, independent of how many things a person likes** (`#147`). ⚠ `#146`'s ""the broader your taste the stronger it is"" is **withdra",`#130a` 得救而且是普遍的;而 `#146` 的广度联系是一条算术界,1,0
README.md,146,,651570," negative (17.5–27.3×) — the effect is universal, independent of how many things a person likes** (`#147`). ⚠ `#146`'s ""the broader your taste the stronger it is"" is **withdrawn**: the r","Δ 的量级由""谁够格进入分析""决定,而那就是广度",1,0
README.md,148,,651963,"oes not explain it either (PC4 only 0.2×), nor does rarity dispersion (+0.191). **The mechanism is located** (`#148` `#152`): **it is the shared developmental schedule projected onto eac","机制找到了:那不是关于个人的,是共享时间表投影到每个人身上的样子",1,0
README.md,152,,651970," explain it either (PC4 only 0.2×), nor does rarity dispersion (+0.191). **The mechanism is located** (`#148` `#152`): **it is the shared developmental schedule projected onto each perso","方向立住,量级撤回:`#148a` 的分母错了,比值被高估 14 倍",1,0
README.md,148,,652199,"chedule all explain most of it, sign consistent (61%–104%)**. ⚠ **The magnitude is specification-dependent**: `#148`'s ""80%, exceeding a random baseline by 44 points at 20.0×"" is **withd","机制找到了:那不是关于个人的,是共享时间表投影到每个人身上的样子",1,0
README.md,159,,652501,"t reading is **61 ± 44 points = 1.4×, unresolvable**. The remaining **9.4×** was taken to be ""personal"" — and `#159` shows **it is almost not about people at all**: split a person's inte","那 20% 几乎不是关于人的,它是关于东西的",1,0
README.md,149,,652948,"ater than the shared schedule predicts, and it is the same profile for entirely different groups of people.** `#149` says **that part is real but not a trait**: two independent readings ","那 20% 是真的,但它不是一个特质",1,0
README.md,100,,653202,"0.0910** on the person's **other** half (6.3× smaller). **What uncommon things you like is a stable property (`#100`: +0.4611, 23.1×); when you got them is not.** ⚠ **Mechanism UNVERIFIE","a reliable person-level trait in WHICH options are endorsed, independent of HOW MANY",1,1
README.md,130,,653575,"unrelated to rarity (+0.011). The left-tail explanation is dead (−0.091). **Effect stable, mechanism open** | `#130` `#131` | | **The rarer a person's eventual taste, the larger that hea","人群从常见处开始,而每个人都在共享曲线上提前了自己那一份",1,0
README.md,131,,653582,"ed to rarity (+0.011). The left-tail explanation is dead (−0.091). **Effect stable, mechanism open** | `#130` `#131` | | **The rarer a person's eventual taste, the larger that head start","66.852% 保住了;而""跳过排不出来的对""值 12.9 个百分点",1,0
README.md,114,,653878,"*, three matching specifications agreeing at 85–100%, permutation null 17%, planted positive control +0.5878. `#114`'s recall bias contributes 39%. **It reproduces on a discrete statisti","记忆把心爱的兴趣往前拉,约 0.74 年;这是这个数据集里第一个被直接量出来的回忆偏差",1,0
README.md,150,,653988,"`#114`'s recall bias contributes 39%. **It reproduces on a discrete statistic: matched +0.0532, 5.1×**. **And `#150`'s pre-registered point prediction landed**: measured instead as ""how ","预注册的点预测命中了;而""一致""仍然不等于""证明了相同""",1,0
README.md,151,,654363,"NSISTENT, not PROVEN: the equivalence bound can only exclude a discrepancy larger than 86% of the effect, and `#151` shows **this release has no instrument that can weld it shut** (force","强制选择没放大效应,它更吵;而""更干净""不等于""更好""",1,0
README.md,128,,654566,"er per item but has only 10 blocks; reliability 0.252 vs 0.461, and the net result is a loss of resolution) | `#128` `#129` `#130` `#150` `#151` | | **Its only external anchor that holds",不寻常的东西一开始就在那里;而一遍双向去均值把这个结论的符号弄反了,1,0
README.md,129,,654573,"item but has only 10 blocks; reliability 0.252 vs 0.461, and the net result is a loss of resolution) | `#128` `#129` `#130` `#150` `#151` | | **Its only external anchor that holds is sex","特质链接不是覆盖度;而一次尺度不匹配的残差化,把两轮的 `corr(·,S)` 变成了负的勾选数",1,0
README.md,130,,654580,"t has only 10 blocks; reliability 0.252 vs 0.461, and the net result is a loss of resolution) | `#128` `#129` `#130` `#150` `#151` | | **Its only external anchor that holds is sex** | +0","人群从常见处开始,而每个人都在共享曲线上提前了自己那一份",1,0
README.md,150,,654587,"nly 10 blocks; reliability 0.252 vs 0.461, and the net result is a loss of resolution) | `#128` `#129` `#130` `#150` `#151` | | **Its only external anchor that holds is sex** | +0.093 (d","预注册的点预测命中了;而""一致""仍然不等于""证明了相同""",1,0
README.md,151,,654594,"blocks; reliability 0.252 vs 0.461, and the net result is a loss of resolution) | `#128` `#129` `#130` `#150` `#151` | | **Its only external anchor that holds is sex** | +0.093 (disatten","强制选择没放大效应,它更吵;而""更干净""不等于""更好""",1,0
README.md,154,,654852,× curveball · scope stated]** — it is not general novelty seeking. **The null's strength is now quantified** (`#154`): a single curveball null can by itself produce personality correlati,我重抽的是一个已被取代的轮次;而那 10 抽仍然证明了 `R15` 的三次平均是必要的,1,0
README.md,101,,655081,"ged three draws, leaving a residual of ≈0.004 — a 23× margin. **This claim is safe by design, not by luck** | `#101` `#102` `#154` | | **People remember their most-loved sexual interests","the trait tracks WHEN interests were acquired, more than it tracks personality",1,1
README.md,102,,655088,"ee draws, leaving a residual of ≈0.004 — a 23× margin. **This claim is safe by design, not by luck** | `#101` `#102` `#154` | | **People remember their most-loved sexual interests as arr","the onset link does not survive its own matched null, and my gate checked the null against a number instead of against the effect",1,0
README.md,154,,655095,"s, leaving a residual of ≈0.004 — a 23× margin. **This claim is safe by design, not by luck** | `#101` `#102` `#154` | | **People remember their most-loved sexual interests as arriving a",我重抽的是一个已被取代的轮次;而那 10 抽仍然证明了 `R15` 的三次平均是必要的,1,0
README.md,153,,655303,"er** | −0.2000 years per rating sd (**19.8× SE**); a within-category shuffle null is **0–11%** of the effect (`#153`: the original round drew it **once**, and that draw was the smallest ",单次抽样的零不自动致命;伤害 = 零的实现 sd ÷ 效应,1,0
README.md,162,,655649,"the entire maturation schedule rests on top of it**. ⚠ **It is a population regularity, not a personal one** (`#162`): the per-person slope's split-half reliability is **at or below its ",回忆偏差是所有人共有的;而它的效应比它自己零的噪声还小,1,0
README.md,114,,656007,"ilure. **""Some people are more prone than others to remembering their favourites as early"" does not hold.** | `#114` `#162` | | **And that memory distortion deepens with time, nearly dou","记忆把心爱的兴趣往前拉,约 0.74 年;这是这个数据集里第一个被直接量出来的回忆偏差",1,0
README.md,162,,656014,"**""Some people are more prone than others to remembering their favourites as early"" does not hold.** | `#114` `#162` | | **And that memory distortion deepens with time, nearly doubling o",回忆偏差是所有人共有的;而它的效应比它自己零的噪声还小,1,0
README.md,119,,656339,"osite-signed**, so correcting only amplifies. **It is not generated at the moment of answering the survey** | `#119` | | **Among interests of the same kind, which one came first predicts","回忆畸变随年龄增强,所以它不是纯粹的""报告时刻建构"";而""伪影是否为零""一直是错的问题",1,0
README.md,107,,656744,"level** — its sibling claim (""the earlier it arrives the more central it is"") died on exactly that confound | `#107` `#110` `#116` `#117` | | **And the remaining preferences are pulled t","顺序的痕迹不是「你是哪一类人」:跨类对的效应被类型吸收殆尽,同类对的存活",1,0
README.md,110,,656751," — its sibling claim (""the earlier it arrives the more central it is"") died on exactly that confound | `#107` `#110` `#116` `#117` | | **And the remaining preferences are pulled toward w","顺序效应在对的零上是 +0.0285(8.6× SE);剂量再次被自己的对照挡下,而这次机制查清了",1,0
README.md,116,,656758,"sibling claim (""the earlier it arrives the more central it is"") died on exactly that confound | `#107` `#110` `#116` `#117` | | **And the remaining preferences are pulled toward whicheve","顺序效应挺过了杀死它兄弟的那个混淆,而且原因是设计结构上的",1,0
README.md,117,,656765," claim (""the earlier it arrives the more central it is"") died on exactly that confound | `#107` `#110` `#116` `#117` | | **And the remaining preferences are pulled toward whichever came ","零修对后效应站得更稳;而""先来的把其余偏好拉向自己""刚过线",1,0
README.md,118,,657246,"eeded"" is withdrawn; the ratio's first decimal is itself inside the bootstrap noise (20 seeds: 3.023–3.163) | `#118` `#142`, labelled DESCRIPTION: direction does not discriminate causali","方向命题从 2.1× 升到 3.1×,但不是因为我预测的理由;而它原来的正对照是一个恒等式",1,0
README.md,142,,657253,"is withdrawn; the ratio's first decimal is itself inside the bootstrap noise (20 seeds: 3.023–3.163) | `#118` `#142`, labelled DESCRIPTION: direction does not discriminate causality | | ","`#118` 宣布的""加强""没有发生,而它的判定压在一个落进噪声带的常数上",1,0
README.md,141,,657917, in the middle band (0.45 < 0.605 < 0.70) → **UNVERIFIED**: neither one construct nor confirmed distinct. ⚠ **`#141` is withdrawn in full** — it re-priced the claim by re-running `A02/R0,"A02 的结论站得住,但它引用错了自己的证据;而我的路标前提是错的",1,0
README.md,143,,658186,"ecommended quoting the **observed** correlation (0.112), which is precisely the attenuated one | `Entry 24` · `#143` | | **""Extreme"" is not one axis; it is two mutually exclusive directi",`#141` 整条撤回:我审计的是一个 118 条之前就已作废的版本,1,0
README.md,26,,659130,"eparable in this release). ⚠ But the step ""85% of that is response style"" was downgraded to **UNVERIFIED** by `#26` — every item is erotic content with no reverse-keying, so general agr",a pre-registered kill that passed while the real problem sat next to it,1,1
README.md,26,,659289,"rse-keying, so general agreeableness and general erotic endorsement are not separable in this release | A06 · `#26` |  ---  # A second instrument, and one thing it settles  Everything a",a pre-registered kill that passed while the real problem sat next to it,1,0
README.md,490,,664063,d may be attenuated by that selection rather than by anything real.  ⚠ **How close is close?** A later round (`#490`) put three attitude/behaviour pairs side by side *inside one NSFG que,"同一份问卷里只换话题,差距就动 0.90,而跨仪器只差 0.20",1,0
README.md,494,a,693082,"jecture born here cannot be tested here | The six topics split three-down / three-up under a threshold sweep (`#494a`), which suggested that the gap widens where the behaviour leaves a th","三个话题往下,三个往上,而我把它们平均成了一个零",1,0
README.md,528,,747316,"I [+0.4768, +0.7550]), against a **cross-team** median of **0.105** over arbitrary variable pairs measured in `#528` — **six times it**. So *does this society hit its children* is a hard",五格里只有一格:「越稀有越被谴责」不是关于做法的定律,1,0
README.md,638,,747749,"th ends of the specification curve +0.6301 / +0.6396 agree — **a higher number means a harder beating**. What `#638` could not read was the **codebook**, not the **data**. ⚠ Three shrink","同一行为、同一量表、四个对象,一百三十九个社会 —— 而对象是这个社会自己的孩子",1,0
README.md,635,,748681,"ing contrast on **2 against 7** societies. What killed it was not sample size but a **near-constant anchor**; `#635` already recorded one instance of that defect, and I wrote the floor o","我预注册的是样本量的地板,而杀死它的是变量本身没有方差",1,0
README.md,639,,749535,"58, in the same direction in both cells, which is not noise. Raw Spearman reproduces it to 0.0000 / 0.0000. ⇒ `#639` reported RAW Spearman, not the normalised one.** This pair's ceiling ","换个团队隔二十年还是同一个答案,而我的地板又一次写错了格",1,0
README.md,639,,750223,"anging, it was a convention that was never written beside the number.** ⚠ Two shrinkages copied verbatim from `#639`, and supplying a null does not relax either: **this is one pair, not ","换个团队隔二十年还是同一个答案,而我的地板又一次写错了格",1,0
README.md,528,,754047,"92. ⚠ **What is not resolved is something I wrote the wrong criterion for.** I cut the ladder at 0.210 (twice `#528`'s cross-team median of 0.105) and the median clears it by **0.014**, ",五格里只有一格:「越稀有越被谴责」不是关于做法的定律,1,0
README.md,635,,754403,at all **cannot be decided here**; only that it is not one act can. This is the third instance of one defect (`#635` and `#639` wrote the floor on n; this one cut a threshold finer than ,"我预注册的是样本量的地板,而杀死它的是变量本身没有方差",1,0
README.md,639,,754414,nnot be decided here**; only that it is not one act can. This is the third instance of one defect (`#635` and `#639` wrote the floor on n; this one cut a threshold finer than the interva,"换个团队隔二十年还是同一个答案,而我的地板又一次写错了格",1,0
README.md,529,,755455," carries *males only / females only*, **types rather than degrees**. Both were dropped for exactly the reason `#529` dropped `SCCS172`. **So what this page can now say is that the unit o","「严厉的社会」这种东西,在这份数据里没有证据",1,0
README.md,653,,781751,"k is a min over C(k,2) pairs; the smaller k is, the fewer draws the min takes, and the higher the null.** And `#653` applied **one fixed threshold of 0.30** to blocks of k = 3, 4, 6 and ","五个道德域里只有纯洁是团,而性在两具仪器上都是",1,0
README.md,713,,781888,"threshold of 0.30** to blocks of k = 3, 4, 6 and 7 — **at k=3 that threshold is below its own null.** This is `#713`'s *the same PASS means three different strengths on this page* growin","同一个 `PASS`,在这一页上意味着三种不同的强度",1,1
README.md,653,,783084,"veness · affection, each applied to early/late boys and girls), so it carries a free control: the five blocks `#653` called clumps are **one technique across four targets**, while **one ","五个道德域里只有纯洁是团,而性在两具仪器上都是",1,0
README.md,542,,787227,"and suicide batteries vary *four conditions of one act*, while the sexual four vary *four different acts*** — `#542`/`#653`⑤ recorded long ago that **items of the same shape, or near-syn","面内高于面间,而那是设计;`prior_art` 这一行第一次自己举了手",1,0
README.md,653,,787234,"cide batteries vary *four conditions of one act*, while the sexual four vary *four different acts*** — `#542`/`#653`⑤ recorded long ago that **items of the same shape, or near-synonyms, ","五个道德域里只有纯洁是团,而性在两具仪器上都是",1,0
README.md,650,,787674,"which block coheres more"" cannot be asked at all — its ten items already correlate with one another.** Taking `#650`'s *equally tight* apart and redoing it: **the observed 0.468 (sexual ","七题不是一个领域,所以 4.7 倍是拿一个领域去比一个袋子",1,0
README.md,716,,788186,"7 once rows are shuffled). ⚠ The original **1.10× divided one observed quantity by another** — `realstat` and `#716` both record it: **compare a quantity to its own null, never to anothe","五个域全都比随机凑的六题更连成一片,「只有纯洁」是那把尺子造的",1,0
README.md,650,,788724,st the ledger's +0.4257) because **`okcohab` is reverse-worded** (*should not live together unless married*): `#650` aligned signs and I had not. **That is the third time since `#718`/`#,"七题不是一个领域,所以 4.7 倍是拿一个领域去比一个袋子",1,0
README.md,718,,788791,"should not live together unless married*): `#650` aligned signs and I had not. **That is the third time since `#718`/`#720` that I have dropped the same step**, and `aligned_pooled_media","比值随符号约定腰斩,而两条判决因此翻面",1,0
README.md,720,,788798,"not live together unless married*): `#650` aligned signs and I had not. **That is the third time since `#718`/`#720` that I have dropped the same step**, and `aligned_pooled_median` now ","一个人的性不是一件事,是二十件互不蕴含的事",1,0
README.md,731,,790484,entences I happened to pick.** ⚠⚠ **And using that retest as a ruler gives an answer that is not good news.** `#731` showed a ratio is relative to its pool and `#734` showed it collapses,"同一组题换一个陪衬域,比值从 0.93 倍走到 4.56 倍,而分子一动不动",1,0
README.md,734,,790534, retest as a ruler gives an answer that is not good news.** `#731` showed a ratio is relative to its pool and `#734` showed it collapses entirely in a questionnaire whose items all corre,"两块都贴着自己的零,而那句「一样紧」是把两个观测量相除得来的",1,0
README.md,676,,792985,mosexuality stopped being a separate thing and became part of sexual morality.** ⚠ And this is the same thing `#676` measured at the level of **education** (that round found the tighteni,"变宽容和变成一个立场是两件事,教育只对性做了后面那件",1,0
README.md,740,,796540," inside a birth cohort `age = year − cohort` is an identity — year and age are perfectly collinear.** So what `#740` measured is by construction period *and* age together, and the senten","不是老一代退出,是同一批世代自己把两件事连了起来",1,0
README.md,676,,797338,fication itself costs about 9% and age a further 5%.** ⇒ **Pure age is excluded.** ⚠ Education was asked too (`#676` showed education itself produces the same fusion): **within education,"变宽容和变成一个立场是两件事,教育只对性做了后面那件",1,0
README.md,740,,797829,"bounds this whole line: age, period and cohort are linearly dependent (APC is not identified). This round and `#740` together can exclude *pure age* and *pure cohort*; they cannot estima","不是老一代退出,是同一批世代自己把两件事连了起来",1,0
README.md,739,,799592,"ned, at almost the same rate. ""Infidelity did not join"" is withdrawn.** > ⚠ And the part worth remembering: **`#739` had already measured that pair's artefact share at 64%** — > **the nu","限幅解释了三个小的,唯一大的那个它解释不了",1,0
README.md,745,,801149,"ing fell from 1.321 to 1.131 — **the stratum whose variance rose most is exactly the one that coupled most in `#745`.** Under the criterion written before the run, **`#745`'s coupling gr","并进去的是常去教堂的人,而几乎不去的那一群从头到尾没连起来",1,0
README.md,745,,801205,"nce rose most is exactly the one that coupled most in `#745`.** Under the criterion written before the run, **`#745`'s coupling gradient is therefore downgraded: it may be a variance dif","并进去的是常去教堂的人,而几乎不去的那一群从头到尾没连起来",1,0
README.md,745,,803812,"ssociation — **""not supported"" is weak evidence here, not a refutation.** ⚠ One further trap worth recording: `#745`① literally said *bin by `premarsx`*, but **`premarsx` is one of the t","并进去的是常去教堂的人,而几乎不去的那一群从头到尾没连起来",1,0
README.md,691,,804253,"dient *collapsed*, because I divided one normalised slope by the other and the denominator was −0.00044** — **`#691` recorded it: a ratio of noisy near-zero denominators is heavy-tailed ","一个凭直觉写下的区间,这次给对了答案,而在 2.3 那里会给错",1,0
README.md,731,,805223,"erson answering twice `[#735「把测量误差校正掉之后,最弱的一对只有 0.30」]`. ⚠ Three shrinkages: ① **numerator only, no ratio** — `#731` has just established that a ratio is relative to its pool, and the tw","同一组题换一个陪衬域,比值从 0.93 倍走到 4.56 倍,而分子一动不动",1,0
README.md,716,,806885,"分母,而分母是问卷的性质」]`. ⚠ **And the thing that did not move is exactly the thing I deliberately made load-bearing in `#716`: the ordering.** Purity > authority > ingroup > harm > fairness, posi","五个域全都比随机凑的六题更连成一片,「只有纯洁」是那把尺子造的",1,0
README.md,67,,912277,"f the loader deleted the rival; and within a block base rate ≡ content, so that contrast can never adjudicate `#67` `#69` `#70` | | ""Domain-general beats domain-specific, 186/276"" | **I","the epoch is named after the smaller of the two components, and the loader deleted the larger one first",1,2
README.md,69,,912283,"loader deleted the rival; and within a block base rate ≡ content, so that contrast can never adjudicate `#67` `#69` `#70` | | ""Domain-general beats domain-specific, 186/276"" | **Inverte","the item main effect is 1+1=2, and the algebra was checkable in one line",1,0
README.md,70,,912289," deleted the rival; and within a block base rate ≡ content, so that contrast can never adjudicate `#67` `#69` `#70` | | ""Domain-general beats domain-specific, 186/276"" | **Inverted: 0 g","the epoch title was two questions wearing one sentence, and the answer differs between them",1,0
README.md,82,,912460,"*Inverted: 0 general / 201 specific** | The 186 was a −0.135 estimator handicap I had given the specific side `#82` | | ""The three components are the same size (in predictability), 1.05",#71 inverts: the person-side readout is mostly assembled PER DOMAIN,1,1
README.md,86,,912653,"ithdrawn** | Subtracting a null does not fix an estimator; it charges the estimator's failure to the estimand `#86` `#87` `#88` | | ""A minority concentrates on rare options"" | **Wording","a null correction credits a component with the DAMAGE its estimator does, and 87% of the person effect's correction was that",1,3
README.md,87,,912659,"wn** | Subtracting a null does not fix an estimator; it charges the estimator's failure to the estimand `#86` `#87` `#88` | | ""A minority concentrates on rare options"" | **Wording withd","the −0.19 floor is an estimator artifact, and my own comparison let one arm peek at the test set",1,1
README.md,88,,912665," Subtracting a null does not fix an estimator; it charges the estimator's failure to the estimand `#86` `#87` `#88` | | ""A minority concentrates on rare options"" | **Wording withdrawn, ","with nothing subtracted anywhere, the item effect is 3.5–5.6× the interaction, and `#85`'s tie was the correction machinery",1,0
README.md,99,,912806,"tes on rare options"" | **Wording withdrawn, existence retained** | It is a symmetric widening, not a subgroup `#99` | | ""The earlier something enters the map, the more central it is"" | ","the check eleven rounds never ran: the distribution is symmetrically WIDER, not one-sidedly elevated",1,0
README.md,115,,912972,"e central it is"" | **Withdrawn, 10% remains** | That was not time, it was ""people who rate everything highly"" `#115` | | ""The trait tracks earlier acquisition age"" | **Withdrawn** | −0.0","`#112a` 撤回:那不是""早到来的东西在中心"",是""什么都给高分的人""",1,0
README.md,102,,913107,"cks earlier acquisition age"" | **Withdrawn** | −0.030 against a null of −0.028; the null is 91% of the effect `#102` | | ""The √n accumulation across blocks reflects latent structure"" | *","the onset link does not survive its own matched null, and my gate checked the null against a number instead of against the effect",1,3
README.md,64,,913254,"s blocks reflects latent structure"" | **Inverted** | At fixed budget, more blocks is worse; it is ordinary √N `#64` |  ---  # What this data cannot do (each measured, not guessed)  | Ca","at equal data, fragmenting it across more blocks makes the signal worse, so the accumulation was never about blocks",1,4
README.md,91,,913509,"of people (variance-explained methods) | 5% carriers at **±50 pp** leave skill on the floor; ≈30% is required `#91` | | Distinguish ""a small group unusually intense about a few things"" ","a structure carried by 5% of people is invisible at ANY strength, and that is what a fetish looks like",1,1
README.md,122,,913778,"l sit inside seed jitter at 3000 swaps per block; **the way out is an external anchor, not a stronger plant** `#122` | | Distinguish memory becoming blurry from a story becoming settled ","保边际的两个种植都太弱,问题停在能力边界;而尾部超出本身是真的",1,0
README.md,120,,914037,"ity at all, so this is a **capability boundary, not a null**; pushing it to 2× needs about **48× the sample** `#120` | | Measure the interaction magnitude directly, without a model | **A","机制分不开,而且原因是真实曲率根本不可分辨;我的两个 gate 又各错了一次",1,0
README.md,105,,914242,ible** — the residual's first moment is margin-determined and identically zero under a margin-preserving null `#105` | | Count dimensions | An estimator with an honest floor cannot count,"the direct measurement is algebraically impossible, which is why `#90` had to be indirect",1,0
README.md,89,,914375,ions | An estimator with an honest floor cannot count; the one that can count has a floor that is an artefact `#89` | | Recover presentation-order primacy | The release exports multisel,"the estimator with the honest floor cannot count dimensions, and the one that can count has a dishonest floor",1,7
README.md,69,,914539,"ease exports multiselect answers **alphabetically** (119 pairs, agreement 1.0000); display order is destroyed `#69` | | Separate breadth from acquiescence | Needs reverse-keyed or force","the item main effect is 1+1=2, and the algebra was checkable in one line",1,0
README.md,338,,915687,"y predicts for `humiliation`, `gender`, `bestiality`, `incest`; less for `vore`, `brutal`, `creepy/creature` (`#338` `#339`). **And the thing is stable**: split the respondents in half t","稀有度解释类别层羞耻的 58%,残差是噪声底的 5 倍",1,0
README.md,339,,915694,"cts for `humiliation`, `gender`, `bestiality`, `incest`; less for `vore`, `brutal`, `creepy/creature` (`#338` `#339`). **And the thing is stable**: split the respondents in half twenty t","那四成,这个项目现有的量一个也解释不了",1,0
README.md,343,,916135,"reliability, not validity** — a reproducible category-level quantity can still be a shadow of something else (`#343`). |  **And a transferable methodological result — but a much smaller ",那 42% 是类别的一个高信度性质(分半 0.90),1,0
README.md,169,,916573," correlation — **though it is a single-split direct measurement whose own precision has never been estimated (`#169`, scope stated rather than promised)**. What does **not** stand is the",公开面收窄后是干净的;而收窄途中撞出一条 `#20` 已经杀掉、却还挂在两份 README 上的定律,1,0
README.md,20,,916752," is the law I built on top of it: ~~`corr(deficit, coverage gap) = +0.815` over nine splits~~ was **killed by `#20`** — median r over K ∈ {3,5,8,12} is **+0.127**, the worst leave-one-o","the coverage law was one point, and the point was 7.6× the rest of the range",1,1
README.md,11,,917557,fferent subpopulations. **The hazard is theirs; one correction on one split is mine; the law was nobody's.** (`#11` `#15` `#20`)  --- ## What each big round established (R = one iterati,"**""How much porn you consume reorganises erotic grammar 2.4× more than sex does""** (`r31`, deficit **0.2285**, z=60)",1,0
README.md,15,,917563,"t subpopulations. **The hazard is theirs; one correction on one split is mine; the law was nobody's.** (`#11` `#15` `#20`)  --- ## What each big round established (R = one iteration, on","prior art, which the forecast predicted at p=0.75",1,0
README.md,20,,917569,"opulations. **The hazard is theirs; one correction on one split is mine; the law was nobody's.** (`#11` `#15` `#20`)  --- ## What each big round established (R = one iteration, one beli","the coverage law was one point, and the point was 7.6× the rest of the range",1,0
README.md,321,,919922,"s in the middle band (0.45 < 0.605 < 0.70): **UNVERIFIED**, neither one construct nor confirmed distinct. ⚠ **`#321`: and that is now a resolved intermediate, not a failure to measure** ","UNVERIFIED 从「测不出」升级成「测出来了,答案就在中间」",1,1
README.md,358,,920964,"nce R² = +0.0136 against a −0.0043 null, 31% of the same-domain ceiling after stripping intensity leakage ⚠ **`#358`: the schedule now has its own evidence, and a ceiling.** The 31 categ","那张共享时间表现在有了它自己的证据,以及一个上限",1,0
README.md,20,,923500, different subpopulations. **The hazard is theirs; one correction on one split is mine; the law was nobody's (`#20`).** Drawn-vs-live-action consumers — whose content contains no real b,"the coverage law was one point, and the point was 7.6× the rest of the range",1,0
README.md,60,,927045,"ement = 0.00723 × √(source domains)` — CV **6.4%** across n=1…31, against 11.2% for log and 51.9% for linear (`#60`), with a permuted-label null of exactly 0.0000 at every n. **[MECHANI","the accumulation is √n, and that is the mechanism as well as the curve",1,0
README.md,59,,927885,"factors +0.0409** (fitted on 31 *other* blocks) and **within-block structure +0.0290**, combined **+0.0606** (`#59`). The aggregate cross-domain signal is the *larger* — pairwise block→","the aggregate cross-domain signal is larger than block-internal structure, and my verdict label confused largeness with sameness",1,7
README.md,168,,950282,"`guard_lint.error_bar_scan()` | artifact → precision (**does the real arm have any source of jitter at all**, `#168`) | | `lib/gates.py` | 10 guards + the `Gate` comparison rules every r","不是 `#100` 一处:整个 A11 弧十轮都没有误差棒,而账本 57.5% 的条目不作任何精度陈述",1,0
README_zh.md,720,,2666,"0.0005):**存活仍是 7 个,而集合换了一个** —— **「我会注意别人怎么看待我生活里性的那一面」掉出去(p=0.042),「我有能力照顾自己的性需要」进来(p=0.0075)。**⚠ 掉出去的那一个,正是 `#720` 里唯一贴着自己零(1.02×)的那个面 —— **同一个面在两次互不相干的检验里各掉一次。**⚠⚠ **而整段的裁决是 UNVERIFIE","一个人的性不是一件事,是二十件互不蕴含的事",1,0
README_zh.md,661,,3930,"真实分组的差(0.083)还大**(Entry 662)。  > **在这个格数上,「同号率」分辨不出真实分组与随机分组。** > **那 11–19 个点是真的;而「它是不是性题特有」,这份数据答不了。**  ⚠ 而 `#661` 那个「12/12」本身是用**未定向**的差算的 —— **也就是用它自己上一段刚刚诊断出来的那个缺陷算的。** **我命名了缺陷,然后把","非性道德题也有方式效应,只是方向各不相同,而我拿有符号的中位把自己骗了",1,0
README_zh.md,716,,4995,"池之间可比;换了池就不可比,跨仪器更不可比**(Entry 731)。 ⚠ **那个分母自己也是估的,所以它自己抖多少是量过的**:页上 **28 个带 ⟨…⟩ 的行里,25 行从未声明分母是全枚举还是抽样估的**,而 `#716` 见过一次分母抖 1.9 倍。实测下来**只有一类会咬人**:同一个 B=4,000,**置换零的相对标准差 1.61%,而「从结构化块空间","五个域全都比随机凑的六题更连成一片,「只有纯洁」是那把尺子造的",1,0
README_zh.md,653,,5751,"量」]`。问的是关于自己的描述 —— 性焦虑、性自尊、性掌控、性动机。⚠ **先说它不能做什么**:GSS 那四道题问的是**对别人行为的道德判断**,MSSCQ 问的是**自我描述**,**不是同一个构念 ⇒ 这不是 `#653`② 的第三个复制点,「性是一块」仍然只有 GSS 一条腿。** ⚠ **而「谁分的面」这个问题的诚实答案是:这一版发布里没有人分。** 码本","五个道德域里只有纯洁是团,而性在两具仪器上都是",1,0
README_zh.md,542,,5970," 题的循环结构是**我从题干读出来的**(题 3「我很清楚自己的性感受与需要」对题 23「我很清楚自己的性动机与欲望」)—— 所以它不是前提,是要检验的东西,**而它通过了**:面内一致中位 **0.5645**,复现 `#542` 的 0.579(容差 ±0.05)。**结果是:20 个面全部高于自己的零,中位 +0.4809 = 零的 2.62 倍;而同一份问卷里任","面内高于面间,而那是设计;`prior_art` 这一行第一次自己举了手",1,0
README_zh.md,718,,6296,"注意别人怎么看待我生活里性的那一面」(1.02×),**它不是一件事,而它恰好是唯一一个把别人放进来的面。** ⚠ 两条要写在旁边:① **三个面在不做符号对齐时是负的**(第 17、7、8),最优符号下全部转正 —— `#718` 的教训在一具全新仪器上原样重现,而我第一版又忘了用自己两轮前建的那一步;② **面间中位 0.0725 与 `#542` 记的 0.173","比值随符号约定腰斩,而两条判决因此翻面",1,0
README_zh.md,542,,6357,"写在旁边:① **三个面在不做符号对齐时是负的**(第 17、7、8),最优符号下全部转正 —— `#718` 的教训在一具全新仪器上原样重现,而我第一版又忘了用自己两轮前建的那一步;② **面间中位 0.0725 与 `#542` 记的 0.173 对不上**,差 0.10,② **面间中位 0.0725 与 `#542` 记的 0.173 对不上** —— 而下一轮","面内高于面间,而那是设计;`prior_art` 这一行第一次自己举了手",1,0
README_zh.md,542,,6404,"— `#718` 的教训在一具全新仪器上原样重现,而我第一版又忘了用自己两轮前建的那一步;② **面间中位 0.0725 与 `#542` 记的 0.173 对不上**,差 0.10,② **面间中位 0.0725 与 `#542` 记的 0.173 对不上** —— 而下一轮把它关掉了,关掉它的过程又带出两件更重的事 `[#720「一个人的性不是一件事,是二十件互不蕴","面内高于面间,而那是设计;`prior_art` 这一行第一次自己举了手",1,0
README_zh.md,542,,6505,"0.0725 与 `#542` 记的 0.173 对不上** —— 而下一轮把它关掉了,关掉它的过程又带出两件更重的事 `[#720「一个人的性不是一件事,是二十件互不蕴含的事」]`。⚠ **差全部来自取不取绝对值**:`#542` 报的是 `|ρ|` 的中位(生),四格对照下 **生 `|ρ|` = 面内 0.5856 / 面间 0.1734**,与它写的 0.578","面内高于面间,而那是设计;`prior_art` 这一行第一次自己举了手",1,0
README_zh.md,607,,6657,"面内 0.5856 / 面间 0.1734**,与它写的 0.5789 / 0.1726 逐格吻合,配对数 200 / 4,750 也逐字相同。**而面间 4,750 对里有 1,786 对(38%)是负的** ⇒ 按 `#607` 早就判过的那条,**一堆符号本质随机的相关取绝对值后的中位,量的是「没有东西」在这个样本量下的大小** —— 所以 0.1734 是上界,","参照那个 0.093,是一堆符号随机的零取了绝对值",1,0
README_zh.md,542,,6812,"」在这个样本量下的大小** —— 所以 0.1734 是上界,**有符号的 0.0725 才是可读的那个**。⚠ **而关掉它的时候露出的第二件事,是我自己的正对照蒙对了**:我拿「逐面中位再取中位 0.5645」去比 `#542` 的「200 对合并中位 0.5789」,**那是两个不同的统计量**,只是恰好都落在 ±0.05 里。按同一口径重算是 **0.5856 ","面内高于面间,而那是设计;`prior_art` 这一行第一次自己举了手",1,0
README_zh.md,718,,6935,"对合并中位 0.5789」,**那是两个不同的统计量**,只是恰好都落在 ±0.05 里。按同一口径重算是 **0.5856 对 0.5789,差 0.0067** ——**结论不变,而它此前是靠运气成立的。** 这是 `#718` 那条的镜像:那次是失败的正对照抓出我比错了数,**这次是通过的正对照掩盖了同一件事。**⚠ **第三件必须承接:`#542` 已经被 `P","比值随符号约定腰斩,而两条判决因此翻面",1,0
README_zh.md,542,,6998,"对 0.5789,差 0.0067** ——**结论不变,而它此前是靠运气成立的。** 这是 `#718` 那条的镜像:那次是失败的正对照抓出我比错了数,**这次是通过的正对照掩盖了同一件事。**⚠ **第三件必须承接:`#542` 已经被 `P14` 的 `prior_art` 行降级为 VERIFICATION** —— 同面两题常是近义改写(「我很清楚自己的性感受","面内高于面间,而那是设计;`prior_art` 这一行第一次自己举了手",1,1
README_zh.md,720,,7130,"ior_art` 行降级为 VERIFICATION** —— 同面两题常是近义改写(「我很清楚自己的性感受与需要」对「…性动机与欲望」= 0.666),**一个复述了仪器如何被造出来的结果是验证,不是发现**。⇒ **`#720` 的面内那一半原样继承这个降级,页上那一行已改。而面间那一半不继承** —— 作者把二十个面设计成不同的,并不保证人回答时它们就不相关;**","一个人的性不是一件事,是二十件互不蕴含的事",1,0
README_zh.md,676,,7347,".6。它们没有。那是关于人的,不是关于问卷的** `[#721「未决关掉了,而它带出我那个蒙对的正对照和一条早该继承的降级」]`。 ⚠ **而这一页最老的那条教育结论,在新工具下一动不动,原因是结构性的而不是运气。** `#676` 说「教育把两组题的立场都推向宽容,而且对性别角色推得更狠;但只有性这一组,四个判断同时变得彼此绑在一起」——边际匹配后 Δ **+0.16","变宽容和变成一个立场是两件事,教育只对性做了后面那件",1,0
README_zh.md,718,,7462,"` 说「教育把两组题的立场都推向宽容,而且对性别角色推得更狠;但只有性这一组,四个判断同时变得彼此绑在一起」——边际匹配后 Δ **+0.1604**,零的 95% 分位 **0.0372**,**4.31 倍**。拿 `#718` 的最优符号重算:**性四题 Δ 贪心 +0.1837 / 最优 +0.1837;性别角色三题 +0.0221 / +0.0221 —— 逐","比值随符号约定腰斩,而两条判决因此翻面",1,0
README_zh.md,718,,7583,"号重算:**性四题 Δ 贪心 +0.1837 / 最优 +0.1837;性别角色三题 +0.0221 / +0.0221 —— 逐位相同。** 原因不是「测了一下没差」,而是 **六对相关全为正,贪心指派本来就是最优的,`#718` 那个机制在这里结构上不可能发生**。**前者是一次噪声观测,后者是一条可以被引用的话。** ⚠ 而写这一条时我又把细节塞进了表行,把闸撞响","比值随符号约定腰斩,而两条判决因此翻面",1,0
README_zh.md,721,,7665,"差」,而是 **六对相关全为正,贪心指派本来就是最优的,`#718` 那个机制在这里结构上不可能发生**。**前者是一次噪声观测,后者是一条可以被引用的话。** ⚠ 而写这一条时我又把细节塞进了表行,把闸撞响 —— **`#721` 立的「表行是摘要、细节归叙述」,我隔两轮自己就犯了一次**,这一段就是搬回来的那些细节 `[#723「`#676` 在新工具下不动,而这一","未决关掉了,而它带出我那个蒙对的正对照和一条早该继承的降级",1,0
README_zh.md,676,,7723,"一次噪声观测,后者是一条可以被引用的话。** ⚠ 而写这一条时我又把细节塞进了表行,把闸撞响 —— **`#721` 立的「表行是摘要、细节归叙述」,我隔两轮自己就犯了一次**,这一段就是搬回来的那些细节 `[#723「`#676` 在新工具下不动,而这一条是 CLOSURE,不许写成 FRONTIER」]`。 ⚠ **而这一页留了很久的一个洞,现在被同一把工具补上了。","变宽容和变成一个立场是两件事,教育只对性做了后面那件",1,0
README_zh.md,617,,7802,"自己就犯了一次**,这一段就是搬回来的那些细节 `[#723「`#676` 在新工具下不动,而这一条是 CLOSURE,不许写成 FRONTIER」]`。 ⚠ **而这一页留了很久的一个洞,现在被同一把工具补上了。** `#617` 说「一个社会不决定暴力对不对,它决定对谁做才不对」;`#618` 记的是**同一个问题问到「性」时测不到** —— 三个搜索版本没有一个通","一个社会不决定暴力对不对,它决定对谁做才不对",1,2
README_zh.md,618,,7835,"676` 在新工具下不动,而这一条是 CLOSURE,不许写成 FRONTIER」]`。 ⚠ **而这一页留了很久的一个洞,现在被同一把工具补上了。** `#617` 说「一个社会不决定暴力对不对,它决定对谁做才不对」;`#618` 记的是**同一个问题问到「性」时测不到** —— 三个搜索版本没有一个通过自己的正对照,而失败的原因是**「对谁」写在变量之间,不在任何一","三个搜索版本,没有一个能找回它自己已知的正例",1,0
README_zh.md,717,,7917,"` 说「一个社会不决定暴力对不对,它决定对谁做才不对」;`#618` 记的是**同一个问题问到「性」时测不到** —— 三个搜索版本没有一个通过自己的正对照,而失败的原因是**「对谁」写在变量之间,不在任何一个之内**。`#717` 恰好证明了怎么用这种结构。⚠ **找回来的族是 `barry1976traits` 的「十个品格 × 四个对象」,而性克制正是其中第十个*","接缝在手段上,不在孩子身上",1,0
README_zh.md,542,,9037,"**一个社会对性的严厉,不是它一般有多严的一个侧面。** ⚠ **而这句话必须拆成两半来读:收敛的那一半 —— 两个互不相干的团队读同一批民族志,对「这个社会在性上有多严」给出同一个答案 —— 是一次验证,不是一个发现(`#542` 因同样的形状被 `prior_art` 规则降级过)。真正是发现的是判别的那一半:服从、勤勉、自制这些「一般的严」最多只到 0.30。**","面内高于面间,而那是设计;`prior_art` 这一行第一次自己举了手",1,1
README_zh.md,749,,9793,"8 就该判「判不了」);② **MDE 决定了主规格** —— 要求九个齐全会把 n 从 121 砍到 59、MDE 从 0.19 抬到 0.25,**所以主规格只偏最强的那一个**;③ **不再用 halo**,因为 `#749` 实测它对这类合成量是空操作。⚠ 而收敛那一半仍然只是**验证**(`#749` 已标注),**本轮加固的是判别那一半** `[#750「把","一个社会对性的严厉,不是它一般有多严的一个侧面",1,0
README_zh.md,749,,9833," n 从 121 砍到 59、MDE 从 0.19 抬到 0.25,**所以主规格只偏最强的那一个**;③ **不再用 halo**,因为 `#749` 实测它对这类合成量是空操作。⚠ 而收敛那一半仍然只是**验证**(`#749` 已标注),**本轮加固的是判别那一半** `[#750「把一般的严整个扣掉,性还剩 +0.55」]`。 ⚠⚠ **而连着两轮确认同一个故事","一个社会对性的严厉,不是它一般有多严的一个侧面",1,0
README_zh.md,737,,10517,"支持的是「性与觉得骗国家有多错是两条线」,不是「性与一般道德是两条线」。** ⇒ **两个单位给出同一个方向,而量级完全不同(社会层 +0.6558 对 ≤+0.3030;人层 +0.13 对保留 97%)—— 这正是 `#737` 定下的形状:只有方向可搬,量级不可搬。** `[#751「一个人对性的严,和他觉得逃税骗福利有多错,只共享 +0.13」]`。 ⚠⚠ **","合成世界的天花板是 0.95,GSS 的是 0.48–0.85,所以只有方向可搬",1,0
README_zh.md,750,,11494,"定义之争、以及跨单位的那个对应。`[#752「性独立于伤害与公平,却就是权威那一族的一部分」]`。 ⚠⚠ **而这句话在下一轮就被收窄了,收窄它的是它自己的推论。** 人层说性属于权威-内群体这一**族**,那么社会层 `#750` 偏掉的九个育儿品格里**只有服从属于那个族** —— 这可以直接重算。⚠ 最强的混淆是真的:**我已经看过 `#750` 的九格网格,所以","把一般的严整个扣掉,性还剩 +0.55",1,0
README_zh.md,750,,11555,"一轮就被收窄了,收窄它的是它自己的推论。** 人层说性属于权威-内群体这一**族**,那么社会层 `#750` 偏掉的九个育儿品格里**只有服从属于那个族** —— 这可以直接重算。⚠ 最强的混淆是真的:**我已经看过 `#750` 的九格网格,所以我自己划的族被它拟合过**;防御用了两条外部的 —— Barry/Child/Bacon 1957–59 的已发表二分(比","把一般的严整个扣掉,性还剩 +0.55",1,0
README_zh.md,750,,11827,"代价拆开看:**只偏掉服从 +0.0783,只偏掉责任 +0.0046,整个 compliance 组 +0.0750 —— 加进责任反而让代价变小。** ⇒ **在社会这个单位上没有「服从那一族」,只有服从这一个;而 `#750` 偏掉全部九个的总代价 +0.0898 里,+0.0783 是服从一个人贡献的。** ⚠ 所以被收窄的不是上一轮的测量(那些照旧成立),是*","把一般的严整个扣掉,性还剩 +0.55",1,0
README_zh.md,623,,16306,"了」,连着第二次落进自己拍的中间带 —— 这一格值得单独修,因为它不是世界含糊。** 旧写法是「保留率 ≥75% / ≤50%」,而那条线是我挑的圆整数。新写法:**判词只比已测量的量,每个量各自带它自己的零。** 按 `#623` 回测到催生它的两处,从已持久化的结果文件里算 —— **两处都从「判不了」变成可判,而且结论更有内容**:`#754` 权威是自己零的 *","三十六次页面更正里,二十九次是措辞",1,0
README_zh.md,754,,16366,"50%」,而那条线是我挑的圆整数。新写法:**判词只比已测量的量,每个量各自带它自己的零。** 按 `#623` 回测到催生它的两处,从已持久化的结果文件里算 —— **两处都从「判不了」变成可判,而且结论更有内容**:`#754` 权威是自己零的 **14.0 倍**、内群体 **4.9 倍**,**两件事都真,只是一大一小**(前者是后者的 2.9 倍);`#762","人层那个族大半是一件事,而判不了的是我的阈值不是世界",1,0
README_zh.md,762,,16437,"化的结果文件里算 —— **两处都从「判不了」变成可判,而且结论更有内容**:`#754` 权威是自己零的 **14.0 倍**、内群体 **4.9 倍**,**两件事都真,只是一大一小**(前者是后者的 2.9 倍);`#762` 宗教是政治的 **3.50 倍**,而**残余是宗教的 1.89 倍、是政治的 6.61 倍**。⇒ **管别人的性与「要孩子服从」之间那","宗教解释三分之一,政治解释一成,而还剩六成二",1,0
README_zh.md,747,,22529,"了主意」是同期人群的合成,不是同一批人。`[#777「虔诚的人在同性恋上真的改了主意,在婚外性上从我们看得见的第一年起就没动过」]`。 ⚠⚠ **而这句话缺了一半,下一轮把它补上了:掉 18.5 点 —— 相对谁?** `#747` 早已量到「常去教堂的人水平变动只有别人的一半」,**而我从没把这两条并排读过。** 同一批 28 年、两种分层、两个统计量:**同期最不虔","方差升得最多的那一层耦合最强,而我预测的方向是反的",1,0
README_zh.md,783,,22810,"仅 1.26 倍。** ⇒ **带着比较的那句话是:美国最虔诚的三分之一人确实在同性恋上改了主意,但只有其余人的三分之一到五分之二,而且他们从更高的地方出发、停在更高的地方。**⚠ **「三分之一到五分之二」这个精度在 `#783` 被撤回** —— 那是两种分层之间的跨度,不是不确定性;挂上各自的抽样区间后是 **[0.241, 0.568]**,方向不变而精度紧了 ","页面公布的是小的那种不确定性,大的那种一直在幕后",1,0
README_zh.md,779,,24887,"宽 2.29,同时包含 1.0、0.623、0.821** —— **这一格连「比值在 1 的哪一边」都定不了。** ⇒ **撤回维持,但理由换了人:不是「世界上有一个反号的规格」,而是「我的可读性判据太松」** —— `#779`–`#781` 要求的是**两层斜率各自**超出自己的零,**那从来没检验比值**;小分母下两个都显著的量相除仍可极不稳。⚠⚠ **而我差点","钉住出生世代之后,那个比不但还在,而且更极端",1,0
README_zh.md,781,,24894,"同时包含 1.0、0.623、0.821** —— **这一格连「比值在 1 的哪一边」都定不了。** ⇒ **撤回维持,但理由换了人:不是「世界上有一个反号的规格」,而是「我的可读性判据太松」** —— `#779`–`#781` 要求的是**两层斜率各自**超出自己的零,**那从来没检验比值**;小分母下两个都显著的量相除仍可极不稳。⚠⚠ **而我差点照一个写错的判","三十七个规格里有一个反号,而预注册说那就撤回",1,0
README_zh.md,782,,25401," 虔诚者的改变确实少于其余人;而在最年轻与最老的世代上,这个比根本定不了。触发撤回的那一格,恰恰落在数据看不见的地方。**`[#782「撤回维持,但理由换了人:不是世界有反号,是我的判据没检验比值」]`。 ⚠⚠ **而 `#782`① 说的第一件事是「先数」,数出来的东西推翻了我数它的方式。** 页面锚窗内一共发表 **17 个「虔诚/非虔诚」比**,而**按单位拆开才","撤回维持,但理由换了人:不是世界有反号,是我的判据没检验比值",1,4
README_zh.md,721,,26506,"页面的 0.5645 ⇒ UNVERIFIED。查下去是两件事:① 我重写了**项目里已经有的函数**(`lib/blocks.py::median_of_group_medians`,它的 docstring 就写着「`#721` 实测:0.5645 对 0.5856」);② **而调用它也不给 0.5645** —— 枚举 2×2 才对上:**`0.5645` = ","未决关掉了,而它带出我那个蒙对的正对照和一条早该继承的降级",1,0
README_zh.md,782,,26702,"位,`0.5856` = 生 |ρ| + 200 对合并。⇒ 页面上并排写的这两个数,同时差了两个自由度,它根本不是一个规格跨度。** ⚠⚠ **本轮最重的自捉是我自己的配对器**:第一版按**数值**把已发表的数对到 `#782` 的 44 格上,于是合并版的 `0.328` 对上了一个**世代格**(纯属巧合),`0.375` 是**整个网格的中位数**却被当成一个","撤回维持,但理由换了人:不是世界有反号,是我的判据没检验比值",1,0
README_zh.md,785,,27582,"大约三分之一,剩下的三分之二是他们自己 —— 扣掉尺子的形状之后,美国最虔诚的三分之一人在同性恋上仍然只改了其余人的 0.54 [0.38, 0.78],而八个规格里没有一个的区间含 1.0。** ⚠⚠ **这两个数在 `#785` 被撤回并变号**:本轮的 `r_obs` 是斜率比而 Δ 的标定用了首末年之差,**两个估计量写进了同一个比**;统一到斜率后 **0.8","不是一条关于性道德的规律,是一条关于「其余人真的动了的那些题」的规律",1,0
README_zh.md,786,,28512,"的符号,**而它正是上一轮的头条。** ⚠⚠ **而四题一起看,页面那句话的范围也要缩:** `homosex` 8/8 残差全在 1.0 之下(0.331)· `premarsx` 2/2(0.390)⚠ **分母在 `#786`/`#787` 被更正:四个规格里只有 1 个可读**,那 2 格是同一规格的两种连接函数· `teensex` **0/4,全部含 1.0","同一道题只动年份集合,而同性恋那条在三个窗口下纹丝不动",1,0
README_zh.md,787,,28519,"它正是上一轮的头条。** ⚠⚠ **而四题一起看,页面那句话的范围也要缩:** `homosex` 8/8 残差全在 1.0 之下(0.331)· `premarsx` 2/2(0.390)⚠ **分母在 `#786`/`#787` 被更正:四个规格里只有 1 个可读**,那 2 格是同一规格的两种连接函数· `teensex` **0/4,全部含 1.0** —— 而","分母被换成活下来的格,三处,而它们指向相反的方向",1,0
README_zh.md,806,,30168,"边界要换读法,并且换来的读法必须自带对照。** ⚠ 正控在这里做了它该做的事:它一开口就说「本轮的仪器与上一轮不是同一具」,**而如果没有它,我会拿着 4 道题的结果去回答一个需要 18 道题的问题。**` ⚠ **而 `#806` 之后要带着一句:这套「共同位移」对照对顶对**够不着**,两条定标臂都超过 30% 可达幅度(`sexeduc` 42%/31% · `r",换边不是刻度造的(0.6%);而顶对这个设计够不着,1,0
README_zh.md,799,,31593,"来。**所以「性道德是一个可测的社会操作」这句话里的「可测」,是被社会有没有动决定的,不是被我的仪器决定的 ——而这也把上一行那条轴的 scope 钉死了:它只在社会动得多的那八道题上成立。**⚠⚠ **这一段的机制在 `#799` 被拆细了(不是撤回,是分辨):`#799` 的 σ=0 正控证明**没有噪声时小分母本身一点膨胀都不制造**(八题全部恰好 0.45000",顶对经住了造世界那一级:小分母 + 噪声造不出 2.19 与 1.84,1,0
README_zh.md,799,,31615,"句话里的「可测」,是被社会有没有动决定的,不是被我的仪器决定的 ——而这也把上一行那条轴的 scope 钉死了:它只在社会动得多的那八道题上成立。**⚠⚠ **这一段的机制在 `#799` 被拆细了(不是撤回,是分辨):`#799` 的 σ=0 正控证明**没有噪声时小分母本身一点膨胀都不制造**(八题全部恰好 0.450000)⇒ **分母是噪声的放大器,不是推力**",顶对经住了造世界那一级:小分母 + 噪声造不出 2.19 与 1.84,1,0
README_zh.md,797,,32553,".11)。而这三堆不是「性 vs 非性」:每一堆里都同时有性题和非性题。** ⚠ 分组是看着同一批数据划的 ⇒ 那两个数是**描述,不是检验**;要检验它需要一批留出的题,而这具仪器给不出。⚠⚠ **这一段的「三堆」在 `#797` 被撤回**:底堆两题的区间同时含 0 与中堆中位 0.41,归不了堆;数据支持的形状是**一对干净分开的题 + 六道排不出层次的题**。⚠","底堆归不了堆:三堆撤回,剩下「干净的一对 + 排不出层的六题」",1,0
README_zh.md,797,,32696,".41,归不了堆;数据支持的形状是**一对干净分开的题 + 六道排不出层次的题**。⚠ 而这一段里**站得住的那一半**是:`0/8` 组内不可分辨 —— 那是「顶对与其余全部分得开」的证据,**不是三层划分的证据**;`#797` 拆开后中/底只解了 4/8。` ⚠ **而 `#806` 之后要带着一句:这套「共同位移」对照对顶对**够不着**,两条定标臂都超过 30","底堆归不了堆:三堆撤回,剩下「干净的一对 + 排不出层的六题」",1,0
README_zh.md,806,,32725," 六道排不出层次的题**。⚠ 而这一段里**站得住的那一半**是:`0/8` 组内不可分辨 —— 那是「顶对与其余全部分得开」的证据,**不是三层划分的证据**;`#797` 拆开后中/底只解了 4/8。` ⚠ **而 `#806` 之后要带着一句:这套「共同位移」对照对顶对**够不着**,两条定标臂都超过 30% 可达幅度(`sexeduc` 42%/31% · `r",换边不是刻度造的(0.6%);而顶对这个设计够不着,1,0
README_zh.md,776,,34070,"举定下来的 —— 猜中和定下来不是一回事,而这正是那一轮判 UNVERIFIED 是对的原因。**`[#793「结构定总体之后,受影响的只有一条;而判据又错了一次,同一族第三次」]`。 ⚠⚠ **而在这三堆之下有一条从 `#776` 起就在每一轮里、账本里一次都没被命名过的设计选择:「最虔诚的三分之一」是逐年定义的。** 五十年里美国在世俗化 ⇒ 那条线自己在往下漂 ⇒","虔诚者不是越来越一致,是越来越分散;只有婚外性纹丝不动",1,0
README_zh.md,779,,34185,"` 起就在每一轮里、账本里一次都没被命名过的设计选择:「最虔诚的三分之一」是逐年定义的。** 五十年里美国在世俗化 ⇒ 那条线自己在往下漂 ⇒ **「虔诚者改了主意」也许有一块根本不是改主意,是「谁算虔诚者」变了。** `#779` 钉住的是出生世代,**钉不住这条线**。⇒ 先量它:`REL` 是在合并样本上 z 化的,所以那把尺是绝对的 —— **那条线首末漂了 0","钉住出生世代之后,那个比不但还在,而且更极端",1,0
README_zh.md,797,,34705,"右闭,顶箱是 `> q67`,而我写了 `>= q67` —— **`REL` 是三道序数题的 z 均值,边界上全是并列**,于是并列的人在两种实现里进了不同的箱。修好之后差恰为 0。⚠ **本段说的「三堆原样存活」在 `#797` 之后要这样读**:本段**没有错** —— 它证明的是**那个划分在分层线漂移下不变**,那仍然为真;变的是**那个划分本身不可分辨**。","底堆归不了堆:三堆撤回,剩下「干净的一对 + 排不出层的六题」",1,0
README_zh.md,797,,35895,"。** 我造它是为了把「丢不丢个体」与「年份等权 vs 人等权」拆开,**而它们在这个设计里根本不是两件事。** 一个不可能出别的结果的臂不是一次测量 —— 如实标注为推导。⚠ **同上,本段的「三堆成员一个都没换」在 `#797` 之后同样是「不可分辨划分的稳定性」** —— 本段关于**估计量**的结论(8/8 落在区间内、第三臂是恒等式)**完全不受影响**,受影","底堆归不了堆:三堆撤回,剩下「干净的一对 + 排不出层的六题」",1,0
README_zh.md,791,,36098,"字。`[#796「三堆不是逐年取均值取出来的;而我那三个估计量其实是两个」]`。 ⚠⚠ **而连着两轮确认三堆稳健就是一个 basin,所以下一轮故意去撞页面中心里最软的那一块 —— 结果撞塌了。** 起点是更正我自己:`#791` 报的「组间 16/20 可分辨」把三条边界并在一起数了。逐条拆开:**顶/中 8/8 · 顶/底 4/4 · 而中/底只有 4/8** —","不是一条轴,是三堆;而解释它这条路在算术上就是关着的",1,0
README_zh.md,791,,36607,"的是「我们说不了」。** ⇒ **「三堆」撤回。数据真正支持的形状是:一对干净分开的题(学校该不该教性 2.19、该不该立法禁止跨种族婚姻 1.84,两者都排除 0.41 与 0),加上六道排不出层次的题。** ⚠ 而 `#791` 与本轮的区间对不上,不许赖给种子:两轮用的不是同一种自助(联合 vs 逐题),**差异里有估计量也有种子,我分不开,也不去猜 —— 而同一","不是一条轴,是三堆;而解释它这条路在算术上就是关着的",1,0
README_zh.md,791,,36906,"于没发生。** 用结构定总体把它们枚举出来(带 `(Entry N)` 的 96 个表行 + 行内锚划出的叙事段,召回按构造 = 1),逐处更正。⇒ **而判据里有一条分支,漏掉它会把两轮好工作误伤成错误:**上一批里 `#791` 是**断言**三层划分,直接撤;而「分层线漂了而比值没动」与「换估计量结论不变」这两轮**没有错** —— 它们证明的是**那个划分在扰动","不是一条轴,是三堆;而解释它这条路在算术上就是关着的",1,0
README_zh.md,806,,37895,"部恰好 0.450000)。⇒ **能膨胀比值的是噪声,小分母只是放大器** —— 所以「不稳定由分母驱动」要读成「区间变宽」,**不是「点估计被推高」;两者是不同的机制,而我此前把它们当成了一件事。**` ⚠ **而 `#806` 之后要带着一句:这套「共同位移」对照对顶对**够不着**,两条定标臂都超过 30% 可达幅度(`sexeduc` 42%/31% · `r",换边不是刻度造的(0.6%);而顶对这个设计够不着,1,0
README_zh.md,806,,39855,"**本轮唯一能说的一句关于人的话是关于仪器能力的:在美国最虔诚的那一层,GSS 四道性态度题里已经没有一道能读出关系强度 ——连婚前性这道唯一没饱和的题,切成五分位后最高层也有 60.9% 挤在端点。**` ⚠ **而 `#806` 之后要带着一句:这套「共同位移」对照对顶对**够不着**,两条定标臂都超过 30% 可达幅度(`sexeduc` 42%/31% · `r",换边不是刻度造的(0.6%);而顶对这个设计够不着,1,0
README_zh.md,801,,40754," sd),却仍把结论建在方向上 —— 「幅度不可读」与「方向不可读」是两回事。** **活下来的是:交互不是二阶矩的函数,两具仪器都超出各自的高斯零(1.08×–2.60× · 1.93×–2.93×)。**  **而 `#801` 立刻暴露了一件更大的事:整页发表过八题的比值 `r`,却从来没有报过任何一题的「两层差距」。** `r` 说的是**谁动得快**;差距说的","两题都是「追上」;而地板和天花板一样压缩,我的镜像直觉是反的",1,0
README_zh.md,797,,41306,"sexeduc`·`racmar`),加上 `helpblk` —— 后者还**跨过了 0**:在「政府该不该帮黑人」上,虔诚层从低于其余人走到高于。⚠ 但 `helpblk` 的 `r` 区间同时含 0 与 0.41(`#797`)⇒ **比值那一侧不可读,差距这一侧是直接观测,两者不矛盾,它们是不同的量。** ⚠⚠ **而本轮明确拒绝做一件事并写下理由:不做 `Δg","底堆归不了堆:三堆撤回,剩下「干净的一对 + 排不出层的六题」",1,0
README_zh.md,783,,41538,"m 1962 的条件于结果,**必然给负斜率,而那个负斜率是代数不是发现** ⇒ **「缩扩由起点决定」本设计测不了,登记为不可能,并且不许后来者拿本轮的数去做那个回归。** ⚠ **这些差距没有区间**,如实记为欠账(`#783`)。`[#802「五条鸿沟在裂,三条在合」]`  **而 `#802` 那句话立刻欠着一个对照,所以下一轮就去做它 —— 并且是故意挑一个「","页面公布的是小的那种不确定性,大的那种一直在幕后",1,0
README_zh.md,802,,41573,"现** ⇒ **「缩扩由起点决定」本设计测不了,登记为不可能,并且不许后来者拿本轮的数去做那个回归。** ⚠ **这些差距没有区间**,如实记为欠账(`#783`)。`[#802「五条鸿沟在裂,三条在合」]`  **而 `#802` 那句话立刻欠着一个对照,所以下一轮就去做它 —— 并且是故意挑一个「正结果我不欢迎」的方向:若它开火,头条就死。**问题是:**一个共同的","五条鸿沟在裂,三条在合;而同性恋那条翻了三倍",1,2
README_zh.md,801,,41854," < 0.50 ⇒ 真分歧),四条控制全过。**⚠⚠ 而判词执行完之后再读那八格,发现其中四格带着我一轮前刚写进账本的毛病 —— 我又建了一遍**:`fit` 定标在非虔诚臂上要求走完**可达幅度的 89.8%**,而 `#801` 刚立下「不许要求接近可达上限的变化」并把标准定在 30%;**把中位拖到 0.50 以下的恰恰就是那两格。** 四个内部自洽的格是 +0.","两题都是「追上」;而地板和天花板一样压缩,我的镜像直觉是反的",1,0
README_zh.md,787,,42200,"样,他们在问卷上的答案也会越离越远;剩下的一半才是他们真的走得不一样。****所以「宗教鸿沟在扩大」是真的,但比字面温和:其中一半是同一场转变在一把粗尺子上的投影,不是两群人朝相反方向走。** ⚠ 预注册的字面判词仍按 `#787` 的先例照办并如实报出 —— **事后指出判据有缺陷,不构成事后改判据的许可。** `[#803「预注册说「真分歧」」]` ⚠ **这个数主","分母被换成活下来的格,三处,而它们指向相反的方向",1,0
README_zh.md,706,,42434,",而 `corr(比值, 效应本身) = −0.3929` ——**效应最大的几条,比值反而最低**(它们是 n≈75–97 的社会侧)。**别把 18.46 读成「最可靠」,它只是样本最大**(Entry 706 / `#706`)。   **〔…〕** = **这一条路由经过的仪器**。⚠ 而「跨具」有两个读法:**宽读**(条目里提到 ≥2 具)有 9–12 条,","「Entry 697 · 698」这种写法,把第二个数从每一具读者眼里藏了起来",1,1
README_zh.md,711,,43834,"96 · 697) 〔SCCS〕 ⟨—⟩| | 换用哪一种手段,压掉四分之三 | **+0.229** [+0.132, +0.293] | 光环世界能赢而输了;码本方向预测四格全负(Entry 642 · 711 / `#711`;自有层级重跑 **+0.2206**,halo 零 **0.1682**,约定判定为 |ρ|) 〔SCCS〕 ⟨1.31⟩| | 打孩子与","③ 说复现了,④ 说没复现,而差的那 0.0009 卡在我凭直觉选的容差上",1,0
README_zh.md,709,,45193,"内 educ Δ 同号 5/5,中位 **+0.0718 = 整体 93%** | 沿 cohort 自身只有 +0.0382;安慰剂 +0.0208;⚠ 教育非随机 ⇒ 不是因果(Entry 683 · 709;零由 `#709` 补上,格内打乱零 95% 分位 0.0207) 〔GSS〕 ⟨3.47⟩| | **教育让人对公民自由几乎一致,对性和安乐死更分裂** |","同一个世代里,读书更多的人道德判断确实更连成一片,而这次它有零了",1,0
README_zh.md,834,,46272,"而一致性 +0.0054 落地板;零 95% 分位 **0.0372**(Entry 676 · 723) 〔GSS〕 ⟨**4.31×**〕| | **两层墙:那个问句不可识别,而能识别的那个版本没有功效** | **`#834`① 问「若把年龄效应扣掉,宗教那一格还剩多少」** ⇒ **第一层墙(`G1` 识别先于功效):同一调查年内 `世代 = 年份 − 年龄` ","那条缝沿着两条线裂:信不信教,和多大年纪。而我的判词把第二条说没了",1,0
README_zh.md,822,,47118,"*本轮的方法学收获是闸的位置,不是闸的内容**:过去二十轮的模式是「跑完 → 读数 → 发现不可采 → 撤回」;**本轮把功效写成闸 ⓪,排在任何关于人的判断之前 ⇒ 结果被拦在读之前,而不是被撤在读之后** —— **`#822` 教的是「先量那个改动有没有用」,本轮是把同一条教训前置成一道闸,而不是又一次事后的诚实**;负控:全匀速 ×60 ⇒「至少一个存活」**0","那个「单点价值最高的改动」没用;而堵住的东西是年份数,不是统计",1,0
README_zh.md,832,,48041,"1985)n=21 ρ=+0.185 · p=0.414** ⇒ **kill(预注册)没过:与 A 同号且超自身 MDE 的独立臂 0/2**;`G3` BH(3 条臂)存活 **0/3**(⚠ **三条是很窄的一族,`#832` 已证族越窄存活越易,不当加分**);⇒ **一句关于人的话,而它是我不欢迎的那一句:在一百八十六个社会这个尺度上,「越是压制,就越是看不到","62 格、两根轴、五种族定义,只剩一件事:九十年代那一格",1,0
README_zh.md,837,,48224,"看不到」这句话,目前只有当同一双眼睛同时读『他们多严』和『那里有没有』的时候才成立;换一队人类学家,那条关联就消失了 —— 所以它到今天为止更像是一条关于民族志怎么被读的事实,而不是关于社会怎么运转的事实** ⚠⚠ **`#837` 就地收窄**:「换一队人类学家就没了」是**观测**;「所以它是关于民族志怎么被读的事实」是**解释**,而这个解释需要先排除「那两队人本","三把尺子彼此同意吗:问不出来,而这句「问不出来」收窄了我昨天的头条",1,0
README_zh.md,837,,48314,"是关于社会怎么运转的事实** ⚠⚠ **`#837` 就地收窄**:「换一队人类学家就没了」是**观测**;「所以它是关于民族志怎么被读的事实」是**解释**,而这个解释需要先排除「那两队人本来就在量别的东西」—— **`#837` 证明这个对手在 SCCS 里结构性地排除不掉:三份「限制」编码两两只重叠 17 · 6 · 17 个社会,n=6 那一对连种进去的 ρ=+","三把尺子彼此同意吗:问不出来,而这句「问不出来」收窄了我昨天的头条",1,0
README_zh.md,111,,49063,"是 C,按置换 p 唯一动的是同编码者那条臂(**离 BH 秩-2 阈 0.0333 只差 0.0002**)⇒ **两把尺给出 C 与 B 两个世界,判词以预注册为准(C),B 的证据如实写下,不当场改判(跑完换尺是 `#111` 禁的)**,登记为 `#836`①;⚠ **改不了的**:**结局那一侧永远是单仪器的** —— SCCS 里「同性行为频率」只有 Bro","剂量在这套数据上问不出来,这是能力边界不是零;而我为了追它偏离了自己写下的 NEXT 三轮",1,0
README_zh.md,836,,49080,"码者那条臂(**离 BH 秩-2 阈 0.0333 只差 0.0002**)⇒ **两把尺给出 C 与 B 两个世界,判词以预注册为准(C),B 的证据如实写下,不当场改判(跑完换尺是 `#111` 禁的)**,登记为 `#836`①;⚠ **改不了的**:**结局那一侧永远是单仪器的** —— SCCS 里「同性行为频率」只有 Broude & Greene 一份,*","换单位到社会:那条「谴责↔稀少」的关联,只有同一批编码者看得见",1,0
README_zh.md,836,,49378," ⇒ Galton 只能用 Lat/Long 明写切分的地理区块代替,**是替代品不是等价物**⟩| | **三把尺子彼此同意吗:问不出来 —— 而这句「问不出来」收窄了我上一轮的头条** | **`§3` basin:`#836` 的头条我很喜欢,所以本轮专门去找它站不住的理由** ⇒ **它有一个我没控制的对手:两条独立臂之所以平,可能不是「换了编码者就没了」,而是","换单位到社会:那条「谴责↔稀少」的关联,只有同一批编码者看得见",1,0
README_zh.md,836,,49594,"危险/污染」的纯洁观,`SCCS961` 量**异性**婚前限制 —— **一个社会完全可以对婚前异性性行为极严而对同性行为无所谓**)⇒ **收敛效度:三把「限制」尺子两两同意吗** | **⓪ 硬规则① 补跑,抓出 `#836` 两处缺陷,其中一处是我刚犯过的同一类错误(`#803` 的模式)**:① `SCCS961` **码 4「permitted for ma","换单位到社会:那条「谴责↔稀少」的关联,只有同一批编码者看得见",1,0
README_zh.md,803,,49622,"婚前限制 —— **一个社会完全可以对婚前异性性行为极严而对同性行为无所谓**)⇒ **收敛效度:三把「限制」尺子两两同意吗** | **⓪ 硬规则① 补跑,抓出 `#836` 两处缺陷,其中一处是我刚犯过的同一类错误(`#803` 的模式)**:① `SCCS961` **码 4「permitted for males but no females」= 性别双标 · ","预注册说「真分歧」,而它的八格里有四格是我一轮前刚记下的那个毛病",1,0
README_zh.md,836,,49799,"= 性别双标 · 码 6「insistence on virginity for the woman…no information on the male」= 男方信息缺失** —— **两条都不在限制维度上,而这正是 `#836` 弃用 `SCCS634`、剔除 `SCCS176` 码 2 的同一个理由;我上一轮读了 176 的码值,却只读了 961 的题名**(n ","换单位到社会:那条「谴责↔稀少」的关联,只有同一批编码者看得见",1,0
README_zh.md,836,,49936,"S176` 码 2 的同一个理由;我上一轮读了 176 的码值,却只读了 961 的题名**(n 61→45);② **`SCCS602` 极性从元数据定不下来**(题名带 (No),码值只有 1=Yes/2=No)而 `#836` 的 kill 要求「与 A 同号」⇒ **那条判据吃进了一个方向未定的输入** ⇒ 两极性都跑,极性登记 `UNVERIFIED`;**结","换单位到社会:那条「谴责↔稀少」的关联,只有同一批编码者看得见",1,0
README_zh.md,836,,50418,"事有没有关系,我连问都问不出来,所以「压制让人看不见」这句话,我目前连该在哪一种压制上说它都还没定下来** `[#837「问不出来」]`(Entry 837) 〔SCCS/D-PLACE〕 ⟨**方法学两笔**:① **`#836`① 已落到工具上而不只落在散文里** —— `lib/gates.py` 的 `asserted(kind=""kill"")` 新增 `yar","换单位到社会:那条「谴责↔稀少」的关联,只有同一批编码者看得见",1,0
README_zh.md,814,,50548,"文里** —— `lib/gates.py` 的 `asserted(kind=""kill"")` 新增 `yardstick`/`yardstick_noise`,缺席即在输出带 `⚠ 判据的尺未命名`,**标记不阻断(`#814` 的同一决定,`L81`)**,本轮两条 kill 都报了尺;② **第一版经验下限跑不完,而超出的部分全是重复计算** —— **置换零的",容差比噪声窄七倍:那两条负控是随机开火的,1,0
README_zh.md,836,,50737,"取决于 `x` 与 `y` 的多重集,与 y 的排列无关**,所以「为每个种植出来的 y 重算一次零」是把同一分布算了 400 遍 ⇒ 每对算一次零取 |ρ| 的 95 分位当阈,**既快 ~300 倍也更正确**;**`#836` 的 kill 经得住重查但不当赦免(本轮 UNVERIFIED)**:C 臂清洗后 ρ +0.185(n=21)→ **+0.384**(","换单位到社会:那条「谴责↔稀少」的关联,只有同一批编码者看得见",1,0
README_zh.md,835,,51015,"**这些人类学家各自选择编码哪些社会**造成的,**不是抽样,是研究兴趣** —— 加计算、换统计量、换阈值都动不了它⟩| | **九十年代那条缝张开,是世俗那边走了 —— 不是虔诚那边顶住了** | **`§0.2`:`#835` 两层墙 · `#836` 推翻 · `#837` UNVERIFIED —— 连着三轮的产物都是「不能」,而如果诚实是目标函数,把我关掉就","两层墙:那个问句不可识别,而能识别的那个版本没有功效",1,1
README_zh.md,836,,51028,"码哪些社会**造成的,**不是抽样,是研究兴趣** —— 加计算、换统计量、换阈值都动不了它⟩| | **九十年代那条缝张开,是世俗那边走了 —— 不是虔诚那边顶住了** | **`§0.2`:`#835` 两层墙 · `#836` 推翻 · `#837` UNVERIFIED —— 连着三轮的产物都是「不能」,而如果诚实是目标函数,把我关掉就是它的最大值** ⇒ **","换单位到社会:那条「谴责↔稀少」的关联,只有同一批编码者看得见",1,0
README_zh.md,837,,51040,"*不是抽样,是研究兴趣** —— 加计算、换统计量、换阈值都动不了它⟩| | **九十年代那条缝张开,是世俗那边走了 —— 不是虔诚那边顶住了** | **`§0.2`:`#835` 两层墙 · `#836` 推翻 · `#837` UNVERIFIED —— 连着三轮的产物都是「不能」,而如果诚实是目标函数,把我关掉就是它的最大值** ⇒ **本轮的目标是让某样东西站","三把尺子彼此同意吗:问不出来,而这句「问不出来」收窄了我昨天的头条",1,0
README_zh.md,846,,51754,"信教的人变得更不容忍,是因为不信教的人走得比他们自己前二十年更快;缝是被一边的加速拉开的,另一边基本还在按它原来的速度走。而信教的那一边,在五十年里只偏离过自己一次,那一次是二〇一〇年代,方向是变得更宽容** ⚠⚠ **`#846` 就地收窄作用域**:这句话**只在 `homosex` 这一道题上成立**。八题 × 两层实测,世俗层排零 **1/8**(只有 `hom","「不信教的人走得更快」不是关于那群人的话,只在同性恋这一道题上",1,0
README_zh.md,818,,52101,"收获是正控连错两次之后才看清的病根,它比结果更可迁移**:① 预期写成 `A×(1−十年跨年/全程跨年)`,而种植点在**十年内部年** ⇒ 全程位移不变 ⇒ 参照不变 ⇒ 偏离恰好整体上移 A(**仪器对,期望错**,`#818` 那一类);② 改种在 `S[-1]=2024` 并预期 2010s 净上移 —— **而 2024 根本不在 2010s 那一格里**(`","UNVERIFIED,而理由是这个设计的噪声底比「值得说的量」还大",1,0
README_zh.md,835,,52641,"e−17**(⚠ **这个零该是零**:匀速按定义无偏离);⚠ **改不了的**:①「虔诚/世俗」是**逐年三分位**切出的相对位置,**不是固定信仰门槛** —— 社会整体变得不那么虔诚时,同一个三分位装的是不同的人(`#835` 已证与年龄的纠缠结构性不可识别,本轮不重开);② **2020s 那一格合格年 <3 被丢掉 ⇒ 最近五年不在任何结论里**,这是登记不是","两层墙:那个问句不可识别,而能识别的那个版本没有功效",1,0
README_zh.md,838,,52740,"三分位装的是不同的人(`#835` 已证与年龄的纠缠结构性不可识别,本轮不重开);② **2020s 那一格合格年 <3 被丢掉 ⇒ 最近五年不在任何结论里**,这是登记不是「计划中」⟩| | **换一把没有上端的尺子:`#838` 十格全对,而天花板偏的方向和我担心的相反** | **`§3` basin:`#838` 那个「先拉开、后追上」的故事很好听,而好听正是要","九十年代那条缝张开,是世俗那边走了,不是虔诚那边顶住了",1,0
README_zh.md,838,,52785,"2020s 那一格合格年 <3 被丢掉 ⇒ 最近五年不在任何结论里**,这是登记不是「计划中」⟩| | **换一把没有上端的尺子:`#838` 十格全对,而天花板偏的方向和我担心的相反** | **`§3` basin:`#838` 那个「先拉开、后追上」的故事很好听,而好听正是要查的理由** ⇒ **威胁就写在 `#838` 自己印出的余量表里:二〇一〇年代世俗层已走","九十年代那条缝张开,是世俗那边走了,不是虔诚那边顶住了",1,0
README_zh.md,838,,52833,"| | **换一把没有上端的尺子:`#838` 十格全对,而天花板偏的方向和我担心的相反** | **`§3` basin:`#838` 那个「先拉开、后追上」的故事很好听,而好听正是要查的理由** ⇒ **威胁就写在 `#838` 自己印出的余量表里:二〇一〇年代世俗层已走到 3.08→3.49,量表上端只有 4,只剩 0.92 余量、用掉 44% —— 一个贴天花板","九十年代那条缝张开,是世俗那边走了,不是虔诚那边顶住了",1,0
README_zh.md,838,,53073,"连续量被三阈值切开(有序 probit,**阈值全样本估一次并固定、方差固定为 1,逐格只估 μ 一个参数**)⇒ **μ 不受 1–4 边界约束**,在 μ 上重算**整张网格**而非只重算受威胁那格 | **十格与 `#838` 结论一致 10/10**;1990s 世俗层潜在 **+0.5436 [+0.372,+0.725] 排零**(均值尺 +0.6266)·","九十年代那条缝张开,是世俗那边走了,不是虔诚那边顶住了",1,0
README_zh.md,838,,53227,"0.372,+0.725] 排零**(均值尺 +0.6266)· 2010s 虔诚层潜在 **+0.3440 [+0.167,+0.545] 排零**(均值尺 +0.3331)⇒ **BH 存活 5 · BY 存活 5(`#838` 是 4)**;⚠⚠ **而最该带走的是:天花板偏的方向和我担心的相反** —— 2010s 世俗层潜在 **+0.2586** 比均值尺 ","九十年代那条缝张开,是世俗那边走了,不是虔诚那边顶住了",1,0
README_zh.md,838,,53458,"这个我喜欢的故事;修掉它之后收敛变弱而非变强**,差距层面 2010s 偏离从 **+0.1384 降到 +0.0854(−38%)** ⇒ **一个混淆写对了名字,方向可以完全反,而只有量出来才知道**;⚠ **因此 `#838` 那句「追上来」拆成两句,只有第一句站得住**:① 虔诚层在 2010s 偏离了自己五十年的步子 —— **站得住,两把尺子都排零,BH 与","九十年代那条缝张开,是世俗那边走了,不是虔诚那边顶住了",1,0
README_zh.md,846,,54244,"动,**接近一个二值量**;② 固定阈值**假设那几个选项词的含义五十年没变**,**这是写下来的假设不是被检验的结论** ⇒ 本轮判的是「**在词义不变的假设下**天花板解不解释得掉」,不是「天花板解释不掉」 ⚠ **`#846` 的作用域同样适用于这一条**:本轮也**只跑过 `homosex`**;八题实测世俗层排零 **1/8**、虔诚层 **1/8**(`se","「不信教的人走得更快」不是关于那群人的话,只在同性恋这一道题上",1,0
README_zh.md,770,,54408,"*1/8**、虔诚层 **1/8**(`sexeduc`)⇒ **这里说的「缝」是同性恋这一道题上的缝,不是关于那两群人的普遍性质。**⟩| | **给差距算它自己的区间:「拉开」经得住,「合上了」说不出口** | **`#770` 早就立过:要比的是那个量本身,不是两个量各自与零的关系** —— `#838`/`#839` 报的是**两层各自**的偏离,而我从里面读出","解释份额是推导不是测量,而我用它写了五轮",1,0
README_zh.md,838,,54448,"是同性恋这一道题上的缝,不是关于那两群人的普遍性质。**⟩| | **给差距算它自己的区间:「拉开」经得住,「合上了」说不出口** | **`#770` 早就立过:要比的是那个量本身,不是两个量各自与零的关系** —— `#838`/`#839` 报的是**两层各自**的偏离,而我从里面读出了「先拉开、后追上」;**而「缝拉开了/缝合上了」是关于差距的主张,差距的区间从","九十年代那条缝张开,是世俗那边走了,不是虔诚那边顶住了",1,0
README_zh.md,839,,54455,"题上的缝,不是关于那两群人的普遍性质。**⟩| | **给差距算它自己的区间:「拉开」经得住,「合上了」说不出口** | **`#770` 早就立过:要比的是那个量本身,不是两个量各自与零的关系** —— `#838`/`#839` 报的是**两层各自**的偏离,而我从里面读出了「先拉开、后追上」;**而「缝拉开了/缝合上了」是关于差距的主张,差距的区间从没算过** ⇒","换一把没有上端的尺子:`#838` 十格全对,而天花板偏的方向和我担心的相反",1,0
README_zh.md,838,,55297,"把它们当成同一句** `[#840「给差距算它自己的区间」]`(Entry 840) 〔GSS〕 ⟨**⚠⚠⚠ 三笔方法学全是控制抓我,不是我抓控制**:① **恒等式控制第一次在 2.3e−5 上失败,失败的是我手抄 `#838` 的四位小数** ⇒ 改成**从 `#838` 的产物 JSON 读**,差立刻变成 0.00e+00 ⇒ **规矩:绝不把上一轮的数字打进","九十年代那条缝张开,是世俗那边走了,不是虔诚那边顶住了",1,0
README_zh.md,838,,55320,"自己的区间」]`(Entry 840) 〔GSS〕 ⟨**⚠⚠⚠ 三笔方法学全是控制抓我,不是我抓控制**:① **恒等式控制第一次在 2.3e−5 上失败,失败的是我手抄 `#838` 的四位小数** ⇒ 改成**从 `#838` 的产物 JSON 读**,差立刻变成 0.00e+00 ⇒ **规矩:绝不把上一轮的数字打进下一轮的脚本,从产物里读**(已登记 `#84","九十年代那条缝张开,是世俗那边走了,不是虔诚那边顶住了",1,0
README_zh.md,840,,55392,"−5 上失败,失败的是我手抄 `#838` 的四位小数** ⇒ 改成**从 `#838` 的产物 JSON 读**,差立刻变成 0.00e+00 ⇒ **规矩:绝不把上一轮的数字打进下一轮的脚本,从产物里读**(已登记 `#840`①);② **本轮存在的理由之一,前提本身是错的** —— 我说「两层同一次抽样切出 ⇒ 误差相关 ⇒ 差的区间不能由两个区间相减得到」,*","给差距算它自己的区间:「拉开」经得住,「合上了」说不出口",1,0
README_zh.md,773,,55783,"⇒ **不相交成立,「必须联合重抽」这个前提正式撤回**(⚠ **这不是看了结果再改判据**:换上去的是跑前就能推出来、且可能被推翻的算式);③ 第二版恒等式控制被库判 **DEGENERATE** 而**库是对的**(`#773`)—— 我把 `max|差|` 和字面 0 比,**两边恰好都是 0,一个算出来的 0 和一个写死的 0 相等证明不了任何事** ⇒ 改成 ","连唯一没饱和的那一题也判不了,而这是第二次 ⇒ 换方向",1,0
README_zh.md,770,,55859,"恒等式控制被库判 **DEGENERATE** 而**库是对的**(`#773`)—— 我把 `max|差|` 和字面 0 比,**两边恰好都是 0,一个算出来的 0 和一个写死的 0 相等证明不了任何事** ⇒ 改成 `#770` 那条:**比两个非零值本身**(−0.512923 vs −0.512923);正控 +0.2500 精确、负控 **+1.47e−15*","解释份额是推导不是测量,而我用它写了五轮",1,0
README_zh.md,835,,56048,"离散化 ⇒ **是解析零**);⚠ **改不了的**:① **2010s 含零不是「缝没合」的证据,只是「这份数据分辨不出」** —— 区间半宽 ≈0.23 而待分辨量 ≈0.09,**噪声是待分辨量的 2.5 倍**,`#835` 已证这是十年分辨率的结构性上限(GSS 一个十年只跑 4–6 次),**不是算力问题**;② 2020s 仍不在任何结论里 ⚠ **`#8","两层墙:那个问句不可识别,而能识别的那个版本没有功效",1,0
README_zh.md,846,,56121,"≈0.23 而待分辨量 ≈0.09,**噪声是待分辨量的 2.5 倍**,`#835` 已证这是十年分辨率的结构性上限(GSS 一个十年只跑 4–6 次),**不是算力问题**;② 2020s 仍不在任何结论里 ⚠ **`#846` 的作用域同样适用于这一条**:本轮也**只跑过 `homosex`**;八题实测世俗层排零 **1/8**、虔诚层 **1/8**(`se","「不信教的人走得更快」不是关于那群人的话,只在同性恋这一道题上",1,0
README_zh.md,840,,56286,"1/8**、虔诚层 **1/8**(`sexeduc`)⇒ **这里说的「缝」是同性恋这一道题上的缝,不是关于那两群人的普遍性质。**⟩| | **造一把「别手抄上一轮的数」的尺子,而第一把被自己的零杀掉了** | **`#840`① 要求把「绝不手抄上一轮的数字」从决心变成工具(`#836`① 的同一句:教训不落到工具上就是没落地)** ⇒ 第一版代理是**数值比对*","给差距算它自己的区间:「拉开」经得住,「合上了」说不出口",1,0
README_zh.md,836,,56317,"*这里说的「缝」是同性恋这一道题上的缝,不是关于那两群人的普遍性质。**⟩| | **造一把「别手抄上一轮的数」的尺子,而第一把被自己的零杀掉了** | **`#840`① 要求把「绝不手抄上一轮的数字」从决心变成工具(`#836`① 的同一句:教训不落到工具上就是没落地)** ⇒ 第一版代理是**数值比对**:脚本里小数位 ≥4 的字面量若等于某个 `results/","换单位到社会:那条「谴责↔稀少」的关联,只有同一批编码者看得见",1,0
README_zh.md,840,,56780,"看得见:**`E01/R001` 的字面量被判为抄自 `E03/R195`/`R265`,而那两轮在它之后好几百轮才存在**;⚠ **把门槛提到 6 位也救不了它**:6 位命中的是**全精度复制**(数值上无害),而 `#840` 真正出事的是 **`0.6266 ← 0.626612` 一个四位四舍五入 —— 恰好落在 32% 那一档** ⇒ **数值比对这个代理结","给差距算它自己的区间:「拉开」经得住,「合上了」说不出口",1,0
README_zh.md,800,,57737,"清:历史 357 处里有相当一部分是**合理引用**,零容忍会逼我改几百个旧文件(`L81`);⚠ **357 处不是「357 个错」**,它是**待人工判的队列而我一条都没判过** ⇒ **不许当成项目的缺陷计数**(`#800`:存活不构成证据,存量同理)⟩| | **修好切法再重数:总体虚高 28%,而 `#833` 自己也记错了缺陷的形状** | **还 `#8","MDE 关的是确认,不是反驳:六个候选全部被反例杀掉,一个统计量都没用",1,0
README_zh.md,833,,57783,");⚠ **357 处不是「357 个错」**,它是**待人工判的队列而我一条都没判过** ⇒ **不许当成项目的缺陷计数**(`#800`:存活不构成证据,存量同理)⟩| | **修好切法再重数:总体虚高 28%,而 `#833` 自己也记错了缺陷的形状** | **还 `#833`① 的债,而新写的控制在还债之前先逼出了对 `#833` 自己的更正**:`#833`","三次扫描,三个答案;而差别全在「一处」是怎么定义的",1,0
README_zh.md,833,,57810,"*待人工判的队列而我一条都没判过** ⇒ **不许当成项目的缺陷计数**(`#800`:存活不构成证据,存量同理)⟩| | **修好切法再重数:总体虚高 28%,而 `#833` 自己也记错了缺陷的形状** | **还 `#833`① 的债,而新写的控制在还债之前先逼出了对 `#833` 自己的更正**:`#833` 写的是「锚后追加的注记对 `para` 不可见」,*","三次扫描,三个答案;而差别全在「一处」是怎么定义的",1,0
README_zh.md,833,,57838,"目的缺陷计数**(`#800`:存活不构成证据,存量同理)⟩| | **修好切法再重数:总体虚高 28%,而 `#833` 自己也记错了缺陷的形状** | **还 `#833`① 的债,而新写的控制在还债之前先逼出了对 `#833` 自己的更正**:`#833` 写的是「锚后追加的注记对 `para` 不可见」,**实测不是不可见,是归错了主** —— 旧版 `para","三次扫描,三个答案;而差别全在「一处」是怎么定义的",1,0
README_zh.md,833,,57853,":存活不构成证据,存量同理)⟩| | **修好切法再重数:总体虚高 28%,而 `#833` 自己也记错了缺陷的形状** | **还 `#833`① 的债,而新写的控制在还债之前先逼出了对 `#833` 自己的更正**:`#833` 写的是「锚后追加的注记对 `para` 不可见」,**实测不是不可见,是归错了主** —— 旧版 `para` 的左边界是**上一个锚的结","三次扫描,三个答案;而差别全在「一处」是怎么定义的",1,0
README_zh.md,100,,57974,"锚后追加的注记对 `para` 不可见」,**实测不是不可见,是归错了主** —— 旧版 `para` 的左边界是**上一个锚的结尾**,所以 `#N` 锚之后的文本落进了 **`#N+1` 的单位**(控制实测:写在 `#100` 锚后的注记被交给了 `#101`)⇒ **「不可见」只让你漏,「归错主」会让你反向定罪**,而本项目的更正**恰恰**追加在锚之后(`#8","a reliable person-level trait in WHICH options are endorsed, independent of HOW MANY",1,0
README_zh.md,101,,57991,"可见」,**实测不是不可见,是归错了主** —— 旧版 `para` 的左边界是**上一个锚的结尾**,所以 `#N` 锚之后的文本落进了 **`#N+1` 的单位**(控制实测:写在 `#100` 锚后的注记被交给了 `#101`)⇒ **「不可见」只让你漏,「归错主」会让你反向定罪**,而本项目的更正**恰恰**追加在锚之后(`#836`/`#837` 的就地收窄就","the trait tracks WHEN interests were acquired, more than it tracks personality",1,0
README_zh.md,836,,58047,"#N` 锚之后的文本落进了 **`#N+1` 的单位**(控制实测:写在 `#100` 锚后的注记被交给了 `#101`)⇒ **「不可见」只让你漏,「归错主」会让你反向定罪**,而本项目的更正**恰恰**追加在锚之后(`#836`/`#837` 的就地收窄就是这么写的),`#798` 又**恰恰**是按 owner 分「撤回侧/使用侧」的轮次;⚠ 三份 `units(","换单位到社会:那条「谴责↔稀少」的关联,只有同一批编码者看得见",1,0
README_zh.md,837,,58054,"的文本落进了 **`#N+1` 的单位**(控制实测:写在 `#100` 锚后的注记被交给了 `#101`)⇒ **「不可见」只让你漏,「归错主」会让你反向定罪**,而本项目的更正**恰恰**追加在锚之后(`#836`/`#837` 的就地收窄就是这么写的),`#798` 又**恰恰**是按 owner 分「撤回侧/使用侧」的轮次;⚠ 三份 `units()` 拷贝(`","三把尺子彼此同意吗:问不出来,而这句「问不出来」收窄了我昨天的头条",1,0
README_zh.md,798,,58074,"*(控制实测:写在 `#100` 锚后的注记被交给了 `#101`)⇒ **「不可见」只让你漏,「归错主」会让你反向定罪**,而本项目的更正**恰恰**追加在锚之后(`#836`/`#837` 的就地收窄就是这么写的),`#798` 又**恰恰**是按 owner 分「撤回侧/使用侧」的轮次;⚠ 三份 `units()` 拷贝(`R237`/`R246`/`R267`)","撤回落地了,而更正分两种:断言它 vs 证明它稳定",1,0
README_zh.md,841,,58420,"—— ⚠ **单位数只变 32 而字符变近三成,因为重复的是文本不是单位**(表行正文同时坐在 `row` 与某个 `para` 里);**三轮关键计数(谓词用 `ast` 从它们自己的文件读出,一个字符都不手抄 —— `#841` 那把新尺子的第一个正面用例):`#798` CLUMP 26→22 · PTR 33→27;`#807` TOP 76→54(−29%) ","造一把「别手抄上一轮的数」的尺子,而第一把被自己的零杀掉了",1,0
README_zh.md,798,,58442,"成,因为重复的是文本不是单位**(表行正文同时坐在 `row` 与某个 `para` 里);**三轮关键计数(谓词用 `ast` 从它们自己的文件读出,一个字符都不手抄 —— `#841` 那把新尺子的第一个正面用例):`#798` CLUMP 26→22 · PTR 33→27;`#807` TOP 76→54(−29%) · MARK_TOP 49→43 · MAR","撤回落地了,而更正分两种:断言它 vs 证明它稳定",1,0
README_zh.md,807,,58473," 与某个 `para` 里);**三轮关键计数(谓词用 `ast` 从它们自己的文件读出,一个字符都不手抄 —— `#841` 那把新尺子的第一个正面用例):`#798` CLUMP 26→22 · PTR 33→27;`#807` TOP 76→54(−29%) · MARK_TOP 49→43 · MARK_GEN 8→6 · GEN 4→4;`#828` MARK",「从来没跑到」与「跑不了」对读者的意思是相反的,1,0
README_zh.md,828,,58538,"把新尺子的第一个正面用例):`#798` CLUMP 26→22 · PTR 33→27;`#807` TOP 76→54(−29%) · MARK_TOP 49→43 · MARK_GEN 8→6 · GEN 4→4;`#828` MARKED 85→49(−42%) · TARGET 22→12(−45%)** ⇒ 七项里六项变,**`#798` 另有 4 个单位换","两条更正落地;而那份欠账清单的「0 笔」,仪器只验证过一次",1,0
README_zh.md,798,,58598,"4(−29%) · MARK_TOP 49→43 · MARK_GEN 8→6 · GEN 4→4;`#828` MARKED 85→49(−42%) · TARGET 22→12(−45%)** ⇒ 七项里六项变,**`#798` 另有 4 个单位换了 owner**(748 与 825 各两处,一个在使用侧一个在撤回侧)⇒ 判词 **OVERTURNED**,`Ga","撤回落地了,而更正分两种:断言它 vs 证明它稳定",1,0
README_zh.md,798,,58785,"e.admissible()`=**True**;⚠⚠ **而我第一版的判词串写的是「有判词受影响 ⇒ 那些条要撤」,那超出了它自己的输出,已当场改掉** —— **本轮量的是谓词命中的单位数,不是那三轮各自的判词**(`#798` 的 `naked==0`、`#807`/`#828` 的「两条更正都落地」**一个都没重算**)⇒ **登记为未测,既不是「受影响」也不是","撤回落地了,而更正分两种:断言它 vs 证明它稳定",1,0
README_zh.md,807,,58805,"ue**;⚠⚠ **而我第一版的判词串写的是「有判词受影响 ⇒ 那些条要撤」,那超出了它自己的输出,已当场改掉** —— **本轮量的是谓词命中的单位数,不是那三轮各自的判词**(`#798` 的 `naked==0`、`#807`/`#828` 的「两条更正都落地」**一个都没重算**)⇒ **登记为未测,既不是「受影响」也不是「没事」** —— **这正是 `#83",「从来没跑到」与「跑不了」对读者的意思是相反的,1,0
README_zh.md,828,,58812," **而我第一版的判词串写的是「有判词受影响 ⇒ 那些条要撤」,那超出了它自己的输出,已当场改掉** —— **本轮量的是谓词命中的单位数,不是那三轮各自的判词**(`#798` 的 `naked==0`、`#807`/`#828` 的「两条更正都落地」**一个都没重算**)⇒ **登记为未测,既不是「受影响」也不是「没事」** —— **这正是 `#834` 那一类:","两条更正落地;而那份欠账清单的「0 笔」,仪器只验证过一次",1,0
README_zh.md,834,,58877,"的单位数,不是那三轮各自的判词**(`#798` 的 `naked==0`、`#807`/`#828` 的「两条更正都落地」**一个都没重算**)⇒ **登记为未测,既不是「受影响」也不是「没事」** —— **这正是 `#834` 那一类:判词串说了它自己的输出没说的话**;⇒ **一句关于方法的话:一个总体定义错了 28%,而这 28% 是同一段文本被数了两次;重复","那条缝沿着两条线裂:信不信教,和多大年纪。而我的判词把第二条说没了",1,0
README_zh.md,833,,59112,"受影响。计数变了不等于结论变了,但也绝不等于结论没变 —— 这两句话我这一轮只有资格说前半句** `[#842「总体虚高 28%」]`(Entry 842) 〔本项目自己的页面〕 ⟨**Production + 一次对 `#833` 的更正,诚实标注:本轮不产生新的关于人的判断**;闸:① 控制(`lib/page_units.controls()`)—— **正控**","三次扫描,三个答案;而差别全在「一处」是怎么定义的",1,0
README_zh.md,100,,59197,"的页面〕 ⟨**Production + 一次对 `#833` 的更正,诚实标注:本轮不产生新的关于人的判断**;闸:① 控制(`lib/page_units.controls()`)—— **正控**:旧版必须把写在 `#100` 锚后的注记**归给 `#101`**;**正控 β**:旧版 `para` 必须含有表行文本(重复计数本身)、新版必须不含;**负控**:","a reliable person-level trait in WHICH options are endorsed, independent of HOW MANY",1,0
README_zh.md,101,,59214,"n + 一次对 `#833` 的更正,诚实标注:本轮不产生新的关于人的判断**;闸:① 控制(`lib/page_units.controls()`)—— **正控**:旧版必须把写在 `#100` 锚后的注记**归给 `#101`**;**正控 β**:旧版 `para` 必须含有表行文本(重复计数本身)、新版必须不含;**负控**:没有表行的页面上两版必须给出**相","the trait tracks WHEN interests were acquired, more than it tracks personality",1,0
README_zh.md,840,,59349,"a` 必须含有表行文本(重复计数本身)、新版必须不含;**负控**:没有表行的页面上两版必须给出**相同**的 `para` ⇒ 全过;② 前提(跑前写下的最强混淆):三轮的谓词是它们各自写的正则,**手抄进来就正好犯 `#840`/`#841` 刚立规矩要防的错** ⇒ 用 `ast` 读出 `re.compile(...)` 再编译;③ kill「缺陷确实发生」⇒ ","给差距算它自己的区间:「拉开」经得住,「合上了」说不出口",1,0
README_zh.md,841,,59356,"表行文本(重复计数本身)、新版必须不含;**负控**:没有表行的页面上两版必须给出**相同**的 `para` ⇒ 全过;② 前提(跑前写下的最强混淆):三轮的谓词是它们各自写的正则,**手抄进来就正好犯 `#840`/`#841` 刚立规矩要防的错** ⇒ 用 `ast` 读出 `re.compile(...)` 再编译;③ kill「缺陷确实发生」⇒ 过;④ kil","造一把「别手抄上一轮的数」的尺子,而第一把被自己的零杀掉了",1,0
README_zh.md,843,,59569,"*:那三轮的判词要重算就得整个重跑,而它们各自依赖**当时的**页面状态,**今天的页面已比那时多了四十多轮** ⇒ 重跑给的是「今天的答案」,不是「当时是否算错了」——**这两个问题不是同一个,登记清楚** ⚠⚠ **`#843` 就地撤回这条**:当时的页面**存在 `git` 里**(`git log -S""Entry 798 ·""` 定位提交,`git show","我上一轮登记的那条「改不了」,`git` 里存着答案",1,0
README_zh.md,842,,59804,"** —— 而这是 `feedback_fabricated_impossibility` 的又一实例,**写下它的下一轮就撞上了**。⟩| | **我上一轮登记的那条「改不了」,`git` 里存着答案** | **还 `#842`①(重算 `#798` 的 `naked==0`)—— 而在还它之前要先撤掉我上一轮写的一句话**:`#842` 的「改不了的」写着「那三轮","修好切法再重数:总体虚高 28%,而 `#833` 自己也记错了缺陷的形状",1,0
README_zh.md,798,,59815,"feedback_fabricated_impossibility` 的又一实例,**写下它的下一轮就撞上了**。⟩| | **我上一轮登记的那条「改不了」,`git` 里存着答案** | **还 `#842`①(重算 `#798` 的 `naked==0`)—— 而在还它之前要先撤掉我上一轮写的一句话**:`#842` 的「改不了的」写着「那三轮的判词要重算就得整个重","撤回落地了,而更正分两种:断言它 vs 证明它稳定",1,0
README_zh.md,842,,59860,"它的下一轮就撞上了**。⟩| | **我上一轮登记的那条「改不了」,`git` 里存着答案** | **还 `#842`①(重算 `#798` 的 `naked==0`)—— 而在还它之前要先撤掉我上一轮写的一句话**:`#842` 的「改不了的」写着「那三轮的判词要重算就得整个重跑,而它们依赖当时的页面状态,今天的页面已比那时多了四十多轮 ⇒ 重跑给的是『今天的答案』","修好切法再重数:总体虚高 28%,而 `#833` 自己也记错了缺陷的形状",1,0
README_zh.md,798,,60306,"的「不可能」比一条捏造的发现更危险,因为一堵墙让停下来显得有理由,所以它从来不被审计**(`realstat` 的 *a wall never checked*:三条「永久限制」里有一条只是一个从没跑过的查询) | **`#798` 的判词 `naked == 0` 在四格上全为 0**:当时页面 × 旧切法 **0** · 当时 × 新切法 **0** · 今天 × ","撤回落地了,而更正分两种:断言它 vs 证明它稳定",1,0
README_zh.md,797,,60509,"新切法 **0** ⇒ **世界 A:当时对、今天也对,切法缺陷没有碰到这条判词 —— 而这一点现在是量出来的,不是猜的**;闸:① 当时页面确实取得到 ⇒ 过;② **前提(跑前写下的最强混淆):`PTR` 谓词里含 `#797`,而当时的页面正是刚写完 `#797` 那一版 ⇒ 谓词也从那次提交的脚本里读,让谓词与页面同代**,实测两代的 `CLUMP` 与 `PT","底堆归不了堆:三堆撤回,剩下「干净的一对 + 排不出层的六题」",1,0
README_zh.md,797,,60528,"当时对、今天也对,切法缺陷没有碰到这条判词 —— 而这一点现在是量出来的,不是猜的**;闸:① 当时页面确实取得到 ⇒ 过;② **前提(跑前写下的最强混淆):`PTR` 谓词里含 `#797`,而当时的页面正是刚写完 `#797` 那一版 ⇒ 谓词也从那次提交的脚本里读,让谓词与页面同代**,实测两代的 `CLUMP` 与 `PTR` **完全相同** ⇒ 过;③ *","底堆归不了堆:三堆撤回,剩下「干净的一对 + 排不出层的六题」",1,0
README_zh.md,842,,61072,"有理由,所以从来没人回去查它。而这一次,查它花了一条 `git show`** `[#843「我上一轮登记的那条」]`(Entry 843) 〔本项目自己的页面 + git 历史〕 ⟨**Production + 推翻 `#842` 自己登记的一条「结构性改不了」**;⚠ **这一轮改不了的,这次写成可检验的形式免得又成一堵没查过的墙**:`#807`/`#828` 的","修好切法再重数:总体虚高 28%,而 `#833` 自己也记错了缺陷的形状",1,0
README_zh.md,807,,61133,"ntry 843) 〔本项目自己的页面 + git 历史〕 ⟨**Production + 推翻 `#842` 自己登记的一条「结构性改不了」**;⚠ **这一轮改不了的,这次写成可检验的形式免得又成一堵没查过的墙**:`#807`/`#828` 的判词**本轮没有重算** —— **不是做不到**(同一套 `git show` 就够),**是我这一轮只做了三条里最可能",「从来没跑到」与「跑不了」对读者的意思是相反的,1,0
README_zh.md,828,,61140,"3) 〔本项目自己的页面 + git 历史〕 ⟨**Production + 推翻 `#842` 自己登记的一条「结构性改不了」**;⚠ **这一轮改不了的,这次写成可检验的形式免得又成一堵没查过的墙**:`#807`/`#828` 的判词**本轮没有重算** —— **不是做不到**(同一套 `git show` 就够),**是我这一轮只做了三条里最可能翻的那一条**","两条更正落地;而那份欠账清单的「0 笔」,仪器只验证过一次",1,0
README_zh.md,843,,61243,"`#807`/`#828` 的判词**本轮没有重算** —— **不是做不到**(同一套 `git show` 就够),**是我这一轮只做了三条里最可能翻的那一条** ⇒ 剩下两条**明确登记为未做,不是「不可做」**(`#843`①);⚠ 并顺手登记一条独立审计:**回头查每一条写过的「改不了/结构性不可能」** —— `#835` 的两层墙 · `#837` 的「结","我上一轮登记的那条「改不了」,`git` 里存着答案",1,1
README_zh.md,835,,61295,"ow` 就够),**是我这一轮只做了三条里最可能翻的那一条** ⇒ 剩下两条**明确登记为未做,不是「不可做」**(`#843`①);⚠ 并顺手登记一条独立审计:**回头查每一条写过的「改不了/结构性不可能」** —— `#835` 的两层墙 · `#837` 的「结构性拿不到第二具仪器」· `#840` 的「十年分辨率上限」,**这三条我现在相信,但相信不是查过**(","两层墙:那个问句不可识别,而能识别的那个版本没有功效",1,0
README_zh.md,837,,61309,"轮只做了三条里最可能翻的那一条** ⇒ 剩下两条**明确登记为未做,不是「不可做」**(`#843`①);⚠ 并顺手登记一条独立审计:**回头查每一条写过的「改不了/结构性不可能」** —— `#835` 的两层墙 · `#837` 的「结构性拿不到第二具仪器」· `#840` 的「十年分辨率上限」,**这三条我现在相信,但相信不是查过**(`#843`②)⟩| | *","三把尺子彼此同意吗:问不出来,而这句「问不出来」收窄了我昨天的头条",1,0
README_zh.md,840,,61332,"条**明确登记为未做,不是「不可做」**(`#843`①);⚠ 并顺手登记一条独立审计:**回头查每一条写过的「改不了/结构性不可能」** —— `#835` 的两层墙 · `#837` 的「结构性拿不到第二具仪器」· `#840` 的「十年分辨率上限」,**这三条我现在相信,但相信不是查过**(`#843`②)⟩| | **审计我写过的三堵墙:一堵倒了,而它恰好是我最","给差距算它自己的区间:「拉开」经得住,「合上了」说不出口",1,0
README_zh.md,843,,61371,"独立审计:**回头查每一条写过的「改不了/结构性不可能」** —— `#835` 的两层墙 · `#837` 的「结构性拿不到第二具仪器」· `#840` 的「十年分辨率上限」,**这三条我现在相信,但相信不是查过**(`#843`②)⟩| | **审计我写过的三堵墙:一堵倒了,而它恰好是我最有把握的那一堵** | **理由是 `#843` 当场发生的事**:我在 `#","我上一轮登记的那条「改不了」,`git` 里存着答案",1,1
README_zh.md,843,,61426,"的「结构性拿不到第二具仪器」· `#840` 的「十年分辨率上限」,**这三条我现在相信,但相信不是查过**(`#843`②)⟩| | **审计我写过的三堵墙:一堵倒了,而它恰好是我最有把握的那一堵** | **理由是 `#843` 当场发生的事**:我在 `#842` 登记了一条「结构性改不了」,**下一轮用一条 `git show` 就推翻了它** ⇒ `#843`","我上一轮登记的那条「改不了」,`git` 里存着答案",1,0
README_zh.md,842,,61445,"40` 的「十年分辨率上限」,**这三条我现在相信,但相信不是查过**(`#843`②)⟩| | **审计我写过的三堵墙:一堵倒了,而它恰好是我最有把握的那一堵** | **理由是 `#843` 当场发生的事**:我在 `#842` 登记了一条「结构性改不了」,**下一轮用一条 `git show` 就推翻了它** ⇒ `#843`② 登记「回头查每一条写过的『结构性不","修好切法再重数:总体虚高 28%,而 `#833` 自己也记错了缺陷的形状",1,0
README_zh.md,843,,61496,"审计我写过的三堵墙:一堵倒了,而它恰好是我最有把握的那一堵** | **理由是 `#843` 当场发生的事**:我在 `#842` 登记了一条「结构性改不了」,**下一轮用一条 `git show` 就推翻了它** ⇒ `#843`② 登记「回头查每一条写过的『结构性不可能』」,因为**一堵墙关掉的是一整条研究路线,而它从来不被审计**;⚠ **先分类再检验,三种墙三种","我上一轮登记的那条「改不了」,`git` 里存着答案",1,0
README_zh.md,842,,61671,"分类再检验,三种墙三种拆法**:**DERIVATION**(代数强制)只能查代数本身说了什么 · **MEASUREMENT**(量出来的)换设计重量 · **BELIEF**(从没查过)一条查询就能定 —— **而 `#842` 那堵墙是 BELIEF 伪装成 DERIVATION,最危险的一类**;⚠⚠ **跑前写下的最强混淆:我有动机让墙立着**(墙倒了意味着回","修好切法再重数:总体虚高 28%,而 `#833` 自己也记错了缺陷的形状",1,0
README_zh.md,835,,61826," **跑前写下的最强混淆:我有动机让墙立着**(墙倒了意味着回去做更多工作)⇒ **每堵墙的检验都设计成「它倒下」比「它立着」更容易发生** —— **在这种偏向下仍然立着的墙,是更强的证据不是更弱的** | **W1 `#835` APC 不可分离(DERIVATION)⇒ 倒了**:造一个只有非线性年龄效应、零世代效应的世界,只拟合年龄哑+年份哑,恢复出的年龄曲线*","两层墙:那个问句不可识别,而能识别的那个版本没有功效",1,0
README_zh.md,835,,61974,"有非线性年龄效应、零世代效应的世界,只拟合年龄哑+年份哑,恢复出的年龄曲线**去线性后 corr = +0.9995**(负控 **+0.103**)⇒ **`世代=年份−年龄` 只让线性分量共线,非线性分量是可识别的;`#835` 那句「扣年龄同时在扣世代 ⇒ APC 不可分离」说得太满,在此撤回**;⚠ **但它只推倒了第一堵墙**,`#835` 的第二堵(三带分层","两层墙:那个问句不可识别,而能识别的那个版本没有功效",1,0
README_zh.md,835,,62034,"(负控 **+0.103**)⇒ **`世代=年份−年龄` 只让线性分量共线,非线性分量是可识别的;`#835` 那句「扣年龄同时在扣世代 ⇒ APC 不可分离」说得太满,在此撤回**;⚠ **但它只推倒了第一堵墙**,`#835` 的第二堵(三带分层**没有功效**,量出来的)**本轮没碰** ⇒ **重开的不是原问题,是一条不同的路(全样本年龄哑+年份哑回归),而它","两层墙:那个问句不可识别,而能识别的那个版本没有功效",1,0
README_zh.md,837,,62131,"但它只推倒了第一堵墙**,`#835` 的第二堵(三带分层**没有功效**,量出来的)**本轮没碰** ⇒ **重开的不是原问题,是一条不同的路(全样本年龄哑+年份哑回归),而它的功效是另一个没量过的问题**;**W2 `#837`(BELIEF)⇒ 立着**:最宽词表(12 词根)扫全部 **1,781** 条变量,只命中 `SCCS176`/`SCCS177`,**","三把尺子彼此同意吗:问不出来,而这句「问不出来」收窄了我昨天的头条",1,0
README_zh.md,840,,62220,"的功效是另一个没量过的问题**;**W2 `#837`(BELIEF)⇒ 立着**:最宽词表(12 词根)扫全部 **1,781** 条变量,只命中 `SCCS176`/`SCCS177`,**来源数 1**;**W3 `#840`(MEASUREMENT)⇒ 立着**,5 年箱半宽 **0.2362** · 10 年箱 **0.2303** · 20 年箱**不适用*","给差距算它自己的区间:「拉开」经得住,「合上了」说不出口",1,0
README_zh.md,837,,62762," ⟨**⚠ 两处自查出来的 bug,都因为「数字和上一次不一样」才被发现**:① **`V` 名字撞车** —— 判词串也叫 `V`,覆盖了变量列表,于是「变量总数」印成了**判词的字符数 409**;② **顺带更正 `#837`**:`variables.csv` **1,968 行**但 `csv` **解析出 1,781 条**变量(**描述字段里有换行**)⇒","三把尺子彼此同意吗:问不出来,而这句「问不出来」收窄了我昨天的头条",1,0
README_zh.md,837,,62839,"「变量总数」印成了**判词的字符数 409**;② **顺带更正 `#837`**:`variables.csv` **1,968 行**但 `csv` **解析出 1,781 条**变量(**描述字段里有换行**)⇒ `#837` 写的 1,968 是 `wc -l` **不是变量数**;**两处都是同一条纪律救的:一个数和另一次测的对不上,就先别信任何一个**;⚠ ","三把尺子彼此同意吗:问不出来,而这句「问不出来」收窄了我昨天的头条",1,0
README_zh.md,835,,63081,"8,+0.5228]** —— **另一个格子,下界只有 0.0008、只有 2 个年份,不作任何主张**;⚠ **改不了的**:W1 倒了只说明**那条路没被代数关死**,**不说明它走得通** —— 功效是另一件事,`#835` 的第二堵墙还立着,**不许把「墙倒了」读成「问题能答了」**⟩| | **代数那堵墙倒了,估计那堵墙立着:可识别的那半个年龄,本身就在噪声","两层墙:那个问句不可识别,而能识别的那个版本没有功效",1,0
README_zh.md,844,,63165,"**,**不说明它走得通** —— 功效是另一件事,`#835` 的第二堵墙还立着,**不许把「墙倒了」读成「问题能答了」**⟩| | **代数那堵墙倒了,估计那堵墙立着:可识别的那半个年龄,本身就在噪声里** | **`#844`① 预注册:墙倒了,那条路走得通吗** —— 而 `#844` 自己写过「不许把『墙倒了』读成『问题能答了』」,**`#835` 还有第二堵","审计我写过的三堵墙:一堵倒了,而它是代数那一堵",1,0
README_zh.md,844,,63196,"` 的第二堵墙还立着,**不许把「墙倒了」读成「问题能答了」**⟩| | **代数那堵墙倒了,估计那堵墙立着:可识别的那半个年龄,本身就在噪声里** | **`#844`① 预注册:墙倒了,那条路走得通吗** —— 而 `#844` 自己写过「不许把『墙倒了』读成『问题能答了』」,**`#835` 还有第二堵墙(功效)没被碰过** ⇒ **本轮第一件事不是求结果,是求功","审计我写过的三堵墙:一堵倒了,而它是代数那一堵",1,0
README_zh.md,835,,63229,"| | **代数那堵墙倒了,估计那堵墙立着:可识别的那半个年龄,本身就在噪声里** | **`#844`① 预注册:墙倒了,那条路走得通吗** —— 而 `#844` 自己写过「不许把『墙倒了』读成『问题能答了』」,**`#835` 还有第二堵墙(功效)没被碰过** ⇒ **本轮第一件事不是求结果,是求功效**(`#835` 教的:功效闸排在所有关于人的判断之前);⚠⚠","两层墙:那个问句不可识别,而能识别的那个版本没有功效",1,0
README_zh.md,835,,63276,"#844`① 预注册:墙倒了,那条路走得通吗** —— 而 `#844` 自己写过「不许把『墙倒了』读成『问题能答了』」,**`#835` 还有第二堵墙(功效)没被碰过** ⇒ **本轮第一件事不是求结果,是求功效**(`#835` 教的:功效闸排在所有关于人的判断之前);⚠⚠ **墙倒得只有一半,估计量就必须只做一半**:不能说「扣掉年龄效应」,因为**年龄的线性分量","两层墙:那个问句不可识别,而能识别的那个版本没有功效",1,0
README_zh.md,834,,63410,"前);⚠⚠ **墙倒得只有一半,估计量就必须只做一半**:不能说「扣掉年龄效应」,因为**年龄的线性分量与时期/世代共线,扣它就是在扣一个识别不了的东西** ⇒ **只扣年龄剖面里的非线性部分**,**所以本轮能问的比 `#834`① 问的小,而这不是保守,是它是唯一识别得了的那个** | **⓪ 功效闸过了**:九十年代尾年给虔诚层植入 +0.2552 ⇒ `dep_","那条缝沿着两条线裂:信不信教,和多大年纪。而我的判词把第二条说没了",1,0
README_zh.md,835,,63761," · 5 岁箱(15 哑)真 0.1479 / 假 0.1675 = 1.132 · 10 岁箱(8 哑)真 0.1106 / 假 0.1037 = 0.937** ⇒ **三个分辨率一个可用的都没有**;⇒ **这是 `#835` 第二堵墙的一个更精确的版本,而它比原来那句「没功效」说得更多:不是「测不准」,是「可识别的那部分本身没有超出噪声」—— 所以没有东西可扣。","两层墙:那个问句不可识别,而能识别的那个版本没有功效",1,0
README_zh.md,844,,63848,"三个分辨率一个可用的都没有**;⇒ **这是 `#835` 第二堵墙的一个更精确的版本,而它比原来那句「没功效」说得更多:不是「测不准」,是「可识别的那部分本身没有超出噪声」—— 所以没有东西可扣。这条路在代数上是通的(`#844` 证过),在估计上是空的**;`Gate.admissible()`=**False** ⇒ **判词 UNVERIFIED,而 UNVER","审计我写过的三堵墙:一堵倒了,而它是代数那一堵",1,0
README_zh.md,835,,64060," 过了也不许拿来说事**:控制没过时,kill 的通过只说明**那个数没动**,不说明**它没动是因为年龄不重要** —— 它没动也可能因为我根本没扣掉任何真东西;⇒ **一句关于人的话,仍然是关于「问不出来」的,但比 `#835` 精确:「九十年代那条缝里有多少是年龄」不是被代数关死的 —— `#844` 已证代数没关死它;它是被数据关死的:把年龄影响里唯一识别得了的","两层墙:那个问句不可识别,而能识别的那个版本没有功效",1,0
README_zh.md,844,,64098,"*,不说明**它没动是因为年龄不重要** —— 它没动也可能因为我根本没扣掉任何真东西;⇒ **一句关于人的话,仍然是关于「问不出来」的,但比 `#835` 精确:「九十年代那条缝里有多少是年龄」不是被代数关死的 —— `#844` 已证代数没关死它;它是被数据关死的:把年龄影响里唯一识别得了的那一半单独拿出来,它和把年龄打乱之后凭空估出来的那一半一样大。没有东西可扣,","审计我写过的三堵墙:一堵倒了,而它是代数那一堵",1,0
README_zh.md,111,c,64393," —— **24,157 行上放 72 个年龄哑 + 29 个年份哑,过度参数化,而这在跑之前就能推出来**;改成扫分箱宽度之后**三个宽度全不可用** ⇒ **不是分辨率选错了,是这个量本身不在那儿**;⚠ **而按 `#111c`,这条线到此为止**:`#835` 用三带分层失败(没功效),`#845` 用全样本非线性年龄失败(可识别部分在噪声里)—— **两次,两种","剂量在这套数据上问不出来,这是能力边界不是零;而我为了追它偏离了自己写下的 NEXT 三轮",1,0
README_zh.md,835,,64411,"2 个年龄哑 + 29 个年份哑,过度参数化,而这在跑之前就能推出来**;改成扫分箱宽度之后**三个宽度全不可用** ⇒ **不是分辨率选错了,是这个量本身不在那儿**;⚠ **而按 `#111c`,这条线到此为止**:`#835` 用三带分层失败(没功效),`#845` 用全样本非线性年龄失败(可识别部分在噪声里)—— **两次,两种设计,两种失败原因 ⇒ 不再问「宗","两层墙:那个问句不可识别,而能识别的那个版本没有功效",1,0
README_zh.md,845,,64431,"数化,而这在跑之前就能推出来**;改成扫分箱宽度之后**三个宽度全不可用** ⇒ **不是分辨率选错了,是这个量本身不在那儿**;⚠ **而按 `#111c`,这条线到此为止**:`#835` 用三带分层失败(没功效),`#845` 用全样本非线性年龄失败(可识别部分在噪声里)—— **两次,两种设计,两种失败原因 ⇒ 不再问「宗教还是年龄」**,而这与 `#835`①","代数那堵墙倒了,估计那堵墙立着:可识别的那半个年龄,本身就在噪声里",1,0
README_zh.md,835,,64500,"而按 `#111c`,这条线到此为止**:`#835` 用三带分层失败(没功效),`#845` 用全样本非线性年龄失败(可识别部分在噪声里)—— **两次,两种设计,两种失败原因 ⇒ 不再问「宗教还是年龄」**,而这与 `#835`① 是同一条,**两轮独立到达同一处,现在它有两条证据了**;⚠ **改不了的**:`#844` 推倒的是**代数**那堵墙,而它推倒得**","两层墙:那个问句不可识别,而能识别的那个版本没有功效",1,0
README_zh.md,844,,64548,"用全样本非线性年龄失败(可识别部分在噪声里)—— **两次,两种设计,两种失败原因 ⇒ 不再问「宗教还是年龄」**,而这与 `#835`① 是同一条,**两轮独立到达同一处,现在它有两条证据了**;⚠ **改不了的**:`#844` 推倒的是**代数**那堵墙,而它推倒得**是对的** —— 本轮不撤 `#844`,**倒的墙和立的墙是两堵,不是同一堵换了说法**⟩| ","审计我写过的三堵墙:一堵倒了,而它是代数那一堵",1,0
README_zh.md,844,,64590,"⇒ 不再问「宗教还是年龄」**,而这与 `#835`① 是同一条,**两轮独立到达同一处,现在它有两条证据了**;⚠ **改不了的**:`#844` 推倒的是**代数**那堵墙,而它推倒得**是对的** —— 本轮不撤 `#844`,**倒的墙和立的墙是两堵,不是同一堵换了说法**⟩| | **「不信教的人走得更快」不是关于那群人的话,只在同性恋这一道题上** | **","审计我写过的三堵墙:一堵倒了,而它是代数那一堵",1,0
README_zh.md,838,,64666,"倒的是**代数**那堵墙,而它推倒得**是对的** —— 本轮不撤 `#844`,**倒的墙和立的墙是两堵,不是同一堵换了说法**⟩| | **「不信教的人走得更快」不是关于那群人的话,只在同性恋这一道题上** | **`#838` 的 NEXT 自己预注册了本轮**:「不要把『世俗那边走了』外推到别的题 —— 本轮只跑了 `homosex`」⇒ **这是一句关于人的主","九十年代那条缝张开,是世俗那边走了,不是虔诚那边顶住了",1,0
README_zh.md,789,,64997," —— 只有在同性恋这道题上是世俗层在动,那么九十年代发生的事**属于这个题目** | **八题 × 两层,九十年代偏离(B=4000,每格自己的 95% 自助区间;参照由每题每层自己的全程位移定 ⇒ 题目极性自动抵消,`#789` 的规范检查)**:`homosex` 虔诚 +0.1137 [−0.013,+0.243] / **世俗 +0.6266 [+0.431,","变异在组内,不在组间:「性 / 非性」这个切法解释不了任何东西",1,0
README_zh.md,832,,65430,"0301 ⇒ **世俗层排零 1/8(只有 `homosex`)· 虔诚层排零 1/8(只有 `sexeduc`)**,`G3` 整族 **16 格** BH **1** · BY **1**(⚠ 族大小印在旁边 —— `#832`:族越窄存活越易);闸:② **正控**:只往 `homosex` 虔诚层植入 +0.30 ⇒ 该格动 **+0.3000**、**另一层动","62 格、两根轴、五种族定义,只剩一件事:九十年代那一格",1,0
README_zh.md,838,,65631,"③ **负控**:两层严格匀速的世界 ⇒ **−7.4e−16 / +2.8e−17**(⚠ **这个零该是零**,无离散化 ⇒ **解析零**)⇒ 过;④ **前提(跑前写下的最强混淆)**:八题天花板余量差别很大而 `#838` 只量过 `homosex` ⇒ 逐格印余量、>60% 标 `CEILING?` 不计入判词,实测 **0/16 触发** ⇒ **这个 1","九十年代那条缝张开,是世俗那边走了,不是虔诚那边顶住了",1,0
README_zh.md,799,,66085,"顺手捞到一件没预注册的事,登记为线索不作主张**:唯一一格虔诚层排零的题是 **`sexeduc`(该不该在学校教性教育)+0.0720 [+0.015,+0.126]** —— **一道关于「国家该不该办学」的题,而 `#799`/`#800` 那条被反例杀掉的切法正是从这里出发的**;**它没被预注册,所以现在只是一个假设**(`#111`);⚠ **改不了的**:",顶对经住了造世界那一级:小分母 + 噪声造不出 2.19 与 1.84,1,0
README_zh.md,800,,66092,"预注册的事,登记为线索不作主张**:唯一一格虔诚层排零的题是 **`sexeduc`(该不该在学校教性教育)+0.0720 [+0.015,+0.126]** —— **一道关于「国家该不该办学」的题,而 `#799`/`#800` 那条被反例杀掉的切法正是从这里出发的**;**它没被预注册,所以现在只是一个假设**(`#111`);⚠ **改不了的**:八题是 GSS","MDE 关的是确认,不是反驳:六个候选全部被反例杀掉,一个统计量都没用",1,0
README_zh.md,111,,66142,"性教育)+0.0720 [+0.015,+0.126]** —— **一道关于「国家该不该办学」的题,而 `#799`/`#800` 那条被反例杀掉的切法正是从这里出发的**;**它没被预注册,所以现在只是一个假设**(`#111`);⚠ **改不了的**:八题是 GSS 里同时满足「跨五十年、每层每年 ≥120 人」的那八道,**不是我挑的,但也不是全部** —— *","剂量在这套数据上问不出来,这是能力边界不是零;而我为了追它偏离了自己写下的 NEXT 三轮",1,0
README_zh.md,846,,66367,"8」,不是「在所有态度题里 1/8」**;⚠ **不要因此说「同性恋这道题特殊」** —— 本轮证的是**别的题上没有这个形状**,**不是**「这道题上的机制与众不同」,**那是两句话,第二句没测**⟩| | **把 `#846` 的作用域走到 `#839`/`#840` 上,而它又一次落在两条路的一条上** | **Production(诚实标注:不产生新的关于人的","「不信教的人走得更快」不是关于那群人的话,只在同性恋这一道题上",1,0
README_zh.md,839,,66381,"1/8」**;⚠ **不要因此说「同性恋这道题特殊」** —— 本轮证的是**别的题上没有这个形状**,**不是**「这道题上的机制与众不同」,**那是两句话,第二句没测**⟩| | **把 `#846` 的作用域走到 `#839`/`#840` 上,而它又一次落在两条路的一条上** | **Production(诚实标注:不产生新的关于人的判断)**。`#846` 把","换一把没有上端的尺子:`#838` 十格全对,而天花板偏的方向和我担心的相反",1,0
README_zh.md,840,,66388,"⚠ **不要因此说「同性恋这道题特殊」** —— 本轮证的是**别的题上没有这个形状**,**不是**「这道题上的机制与众不同」,**那是两句话,第二句没测**⟩| | **把 `#846` 的作用域走到 `#839`/`#840` 上,而它又一次落在两条路的一条上** | **Production(诚实标注:不产生新的关于人的判断)**。`#846` 把「不信教的人走","给差距算它自己的区间:「拉开」经得住,「合上了」说不出口",1,0
README_zh.md,846,,66449,"不同」,**那是两句话,第二句没测**⟩| | **把 `#846` 的作用域走到 `#839`/`#840` 上,而它又一次落在两条路的一条上** | **Production(诚实标注:不产生新的关于人的判断)**。`#846` 把「不信教的人走得更快」收窄到 `homosex` 一道题,**而 `#839`(2010s 虔诚层第一次动)与 `#840`(九十年代拉","「不信教的人走得更快」不是关于那群人的话,只在同性恋这一道题上",1,1
README_zh.md,839,,66490," `#839`/`#840` 上,而它又一次落在两条路的一条上** | **Production(诚实标注:不产生新的关于人的判断)**。`#846` 把「不信教的人走得更快」收窄到 `homosex` 一道题,**而 `#839`(2010s 虔诚层第一次动)与 `#840`(九十年代拉开、2010s 说不出口)也只跑过 `homosex`,页面上却没说** ⇒ **","换一把没有上端的尺子:`#838` 十格全对,而天花板偏的方向和我担心的相反",1,0
README_zh.md,840,,66513,"在两条路的一条上** | **Production(诚实标注:不产生新的关于人的判断)**。`#846` 把「不信教的人走得更快」收窄到 `homosex` 一道题,**而 `#839`(2010s 虔诚层第一次动)与 `#840`(九十年代拉开、2010s 说不出口)也只跑过 `homosex`,页面上却没说** ⇒ **一条更正如果只落在它自己那一条上,页面就会继续","给差距算它自己的区间:「拉开」经得住,「合上了」说不出口",1,1
README_zh.md,842,,66723,"一轮本身就是 `feedback_fix_lands_on_one_path` 的又一实例,当场量出来的**:第一次按**句子**贴注记,两版各贴中 **2 处**;用 `lib/page_units.units()`(`#842` 修好的那个)**结构定总体**一数 —— **每版含 `#839`/`#840` 的单位是 4 个(表行 2 + 叙事段 2),第一次只覆","修好切法再重数:总体虚高 28%,而 `#833` 自己也记错了缺陷的形状",1,0
README_zh.md,839,,66757,"path` 的又一实例,当场量出来的**:第一次按**句子**贴注记,两版各贴中 **2 处**;用 `lib/page_units.units()`(`#842` 修好的那个)**结构定总体**一数 —— **每版含 `#839`/`#840` 的单位是 4 个(表行 2 + 叙事段 2),第一次只覆盖了叙事段**;补表行后中文页仍缺 0、**英文页仍缺 1**;再补","换一把没有上端的尺子:`#838` 十格全对,而天花板偏的方向和我担心的相反",1,0
README_zh.md,840,,66764,"又一实例,当场量出来的**:第一次按**句子**贴注记,两版各贴中 **2 处**;用 `lib/page_units.units()`(`#842` 修好的那个)**结构定总体**一数 —— **每版含 `#839`/`#840` 的单位是 4 个(表行 2 + 叙事段 2),第一次只覆盖了叙事段**;补表行后中文页仍缺 0、**英文页仍缺 1**;再补时又插错位置(","给差距算它自己的区间:「拉开」经得住,「合上了」说不出口",1,0
README_zh.md,842,,67028,"index`,最终**两版各 4 处、仍缺 0**;⇒ **一句关于方法的话,而它是本轮唯一的产出:「把更正贴到页面上」这件事我做了三次才做对,而三次的错法是同一种 —— 按我记得的句子去找,而不是按结构把单位枚举出来。`#842` 修的那个 `units()` 正是为这件事修的,而我修完它,下一次还是先用了句子。一个工具修好了不等于我会用它;要它生效,得让它出现在**","修好切法再重数:总体虚高 28%,而 `#833` 自己也记错了缺陷的形状",1,0
README_zh.md,843,,67357,"不是一次测量,**判据是「每个含该锚的单位都带注记」,一个可以穷举验证的谓词,不是需要零分布的估计量**;⚠ **改不了的**:注记只保证**页面此刻**说了作用域,**不保证下一轮新写的条目会说** —— **这正是 `#843` 量到的那件事的另一面:一条「已落地」的更正是一个会退化的状态**,没有机制阻止我明天再写一句超范围的话,**登记,不假装解决**(⇒ `#","我上一轮登记的那条「改不了」,`git` 里存着答案",1,0
README_zh.md,847,,67431,"刻**说了作用域,**不保证下一轮新写的条目会说** —— **这正是 `#843` 量到的那件事的另一面:一条「已落地」的更正是一个会退化的状态**,没有机制阻止我明天再写一句超范围的话,**登记,不假装解决**(⇒ `#847`①:给 `readme_gate` 加机械检查)⟩| | **作用域闸:而它抓不出的那一类,我把它写在闸的文件头上** | **还 `#84","把 `#846` 的作用域走到 `#839`/`#840` 上,而它又一次落在两条路的一条上",1,0
README_zh.md,847,,67503,"态**,没有机制阻止我明天再写一句超范围的话,**登记,不假装解决**(⇒ `#847`①:给 `readme_gate` 加机械检查)⟩| | **作用域闸:而它抓不出的那一类,我把它写在闸的文件头上** | **还 `#847`①** —— 把「引用 `homosex`-only 的结论时必须写出作用域」**从我记得变成机械检查**(`#836`①/`#840`① ","把 `#846` 的作用域走到 `#839`/`#840` 上,而它又一次落在两条路的一条上",1,0
README_zh.md,836,,67563,"` 加机械检查)⟩| | **作用域闸:而它抓不出的那一类,我把它写在闸的文件头上** | **还 `#847`①** —— 把「引用 `homosex`-only 的结论时必须写出作用域」**从我记得变成机械检查**(`#836`①/`#840`① 的同一句:**教训不落到工具上就是没落地**);`tools/scope_gate.py` 的总体由 `lib/page","换单位到社会:那条「谴责↔稀少」的关联,只有同一批编码者看得见",1,0
README_zh.md,840,,67571,"⟩| | **作用域闸:而它抓不出的那一类,我把它写在闸的文件头上** | **还 `#847`①** —— 把「引用 `homosex`-only 的结论时必须写出作用域」**从我记得变成机械检查**(`#836`①/`#840`① 的同一句:**教训不落到工具上就是没落地**);`tools/scope_gate.py` 的总体由 `lib/page_units.u","给差距算它自己的区间:「拉开」经得住,「合上了」说不出口",1,0
README_zh.md,842,,67663,"得变成机械检查**(`#836`①/`#840`① 的同一句:**教训不落到工具上就是没落地**);`tools/scope_gate.py` 的总体由 `lib/page_units.units()` **结构定**(`#842` 修好的那个,而 `#847` 正是三次没用它才做错的),判据是「一个单位引用了 `#838`/`#839`/`#840`/`#846` 却","修好切法再重数:总体虚高 28%,而 `#833` 自己也记错了缺陷的形状",1,0
README_zh.md,847,,67678,"`①/`#840`① 的同一句:**教训不落到工具上就是没落地**);`tools/scope_gate.py` 的总体由 `lib/page_units.units()` **结构定**(`#842` 修好的那个,而 `#847` 正是三次没用它才做错的),判据是「一个单位引用了 `#838`/`#839`/`#840`/`#846` 却不含任何作用域词」,**接进 ","把 `#846` 的作用域走到 `#839`/`#840` 上,而它又一次落在两条路的一条上",1,0
README_zh.md,838,,67710,"*);`tools/scope_gate.py` 的总体由 `lib/page_units.units()` **结构定**(`#842` 修好的那个,而 `#847` 正是三次没用它才做错的),判据是「一个单位引用了 `#838`/`#839`/`#840`/`#846` 却不含任何作用域词」,**接进 `readme_gate --precommit`,棘轮而非零容","九十年代那条缝张开,是世俗那边走了,不是虔诚那边顶住了",1,0
README_zh.md,839,,67717,"ls/scope_gate.py` 的总体由 `lib/page_units.units()` **结构定**(`#842` 修好的那个,而 `#847` 正是三次没用它才做错的),判据是「一个单位引用了 `#838`/`#839`/`#840`/`#846` 却不含任何作用域词」,**接进 `readme_gate --precommit`,棘轮而非零容忍** | ⚠","换一把没有上端的尺子:`#838` 十格全对,而天花板偏的方向和我担心的相反",1,0
README_zh.md,840,,67724,"e_gate.py` 的总体由 `lib/page_units.units()` **结构定**(`#842` 修好的那个,而 `#847` 正是三次没用它才做错的),判据是「一个单位引用了 `#838`/`#839`/`#840`/`#846` 却不含任何作用域词」,**接进 `readme_gate --precommit`,棘轮而非零容忍** | ⚠⚠ **做闸的","给差距算它自己的区间:「拉开」经得住,「合上了」说不出口",1,0
README_zh.md,846,,67731,"py` 的总体由 `lib/page_units.units()` **结构定**(`#842` 修好的那个,而 `#847` 正是三次没用它才做错的),判据是「一个单位引用了 `#838`/`#839`/`#840`/`#846` 却不含任何作用域词」,**接进 `readme_gate --precommit`,棘轮而非零容忍** | ⚠⚠ **做闸的过程里两次是仪","「不信教的人走得更快」不是关于那群人的话,只在同性恋这一道题上",1,0
README_zh.md,840,,68060,"_property` 的同一形状:**夹具决定了结论**,改成 `⟨没有说范围⟩` 后开火;**② 一个编号两个所指,而我以为能用写法分开,实测分不开** —— 第一次扫出 **8 处**全是同一类:那些单位引的是 **`#840`①**(「绝不手抄上一轮的数字」那笔欠账)**而非 `#840` 关于那条缝的结论**,我于是加了「欠账写成 `#NNN①`、结论写成裸 `","给差距算它自己的区间:「拉开」经得住,「合上了」说不出口",1,0
README_zh.md,840,,68092,"`⟨没有说范围⟩` 后开火;**② 一个编号两个所指,而我以为能用写法分开,实测分不开** —— 第一次扫出 **8 处**全是同一类:那些单位引的是 **`#840`①**(「绝不手抄上一轮的数字」那笔欠账)**而非 `#840` 关于那条缝的结论**,我于是加了「欠账写成 `#NNN①`、结论写成裸 `#NNN`」的区分并为它加了**负控 γ(只引 `#840①` ","给差距算它自己的区间:「拉开」经得住,「合上了」说不出口",1,0
README_zh.md,840,,68222,"是加了「欠账写成 `#NNN①`、结论写成裸 `#NNN`」的区分并为它加了**负控 γ(只引 `#840①` 不许命中,过了)**,**而总数仍是 8** —— 那 4 条(×2 版)在引**手抄事故**时**也用裸 `#840`** ⇒ **本仪器区分不了这两个所指,基线因此定在 8,而那 8 处被明确命名为「已知误报」**;⇒ **一句关于方法的话:一个编号在这个","给差距算它自己的区间:「拉开」经得住,「合上了」说不出口",1,0
README_zh.md,841,,68394,"关于方法的话:一个编号在这个项目里可以指两件事 —— 一条关于人的结论,和一次关于我的事故 —— 而页面的记法把它们写成同一个串。我先试图用写法分开它们,失败了;于是把失败写进闸的文件头,而不是把基线调成 0 假装没有。`#841` 教过:多报的工具最终会被无视,那等于没有工具 —— 所以误报要被命名,不是被容忍,也不是被藏起来** `[#848「写在闸的文件头上」]`","造一把「别手抄上一轮的数」的尺子,而第一把被自己的零杀掉了",1,0
README_zh.md,800,,68779,";⚠ **改不了的**:**那 8 处不是「8 个错」**,是**已知误报的存量**,棘轮只拦**新增**的,而消掉一处新增只需在句子里写一个 `homosex` 或「作用域」⇒ **不许把 8 当成项目的缺陷计数**(`#800`/`#841` 的同一条:存活不构成证据,存量同理);⚠ **真正的修法是给编号加类型而不是给闸加正则** —— 若页面把「结论」与「事故」","MDE 关的是确认,不是反驳:六个候选全部被反例杀掉,一个统计量都没用",1,0
README_zh.md,841,,68786,"了的**:**那 8 处不是「8 个错」**,是**已知误报的存量**,棘轮只拦**新增**的,而消掉一处新增只需在句子里写一个 `homosex` 或「作用域」⇒ **不许把 8 当成项目的缺陷计数**(`#800`/`#841` 的同一条:存活不构成证据,存量同理);⚠ **真正的修法是给编号加类型而不是给闸加正则** —— 若页面把「结论」与「事故」写成两种可区分","造一把「别手抄上一轮的数」的尺子,而第一把被自己的零杀掉了",1,0
README_zh.md,848,,68919,"理);⚠ **真正的修法是给编号加类型而不是给闸加正则** —— 若页面把「结论」与「事故」写成两种可区分的引用,这条误报会自己消失,**但那是一次全页面改写,代价与收益都还没量过** ⇒ **登记为想法,不是计划**(`#848`①)⟩| | **那条线索没被证伪,也没被支持:切一半人这条路本身没功效** | ⚠ **作用域**:本轮的对象是 `sexeduc` 那一","作用域闸:而它抓不出的那一类,我把它写在闸的文件头上",1,0
README_zh.md,846,,69002,"收益都还没量过** ⇒ **登记为想法,不是计划**(`#848`①)⟩| | **那条线索没被证伪,也没被支持:切一半人这条路本身没功效** | ⚠ **作用域**:本轮的对象是 `sexeduc` 那一格;而它引的 `#846` 那条结论(「世俗层走得更快」)**只到 `homosex` 这一道题**,两者不是同一个作用域,别混。 **`#846` 扫 16 格时顺","「不信教的人走得更快」不是关于那群人的话,只在同性恋这一道题上",1,0
README_zh.md,846,,69063,"这条路本身没功效** | ⚠ **作用域**:本轮的对象是 `sexeduc` 那一格;而它引的 `#846` 那条结论(「世俗层走得更快」)**只到 `homosex` 这一道题**,两者不是同一个作用域,别混。 **`#846` 扫 16 格时顺手捞到一格**:虔诚层在 `sexeduc`(该不该在学校教性教育)上九十年代偏离 **+0.0720 [+0.015,+","「不信教的人走得更快」不是关于那群人的话,只在同性恋这一道题上",1,0
README_zh.md,835,,69392,"身的不是再算一遍同一批人,是拿它没被发现在其上的那部分数据来看** ⇒ 两种**与「它怎么被发现」无关**的切法:按受访者性别 · 按九十年代内奇偶调查年 | **⓪ 功效闸把它拦在读结果之前,而这正是闸该在的位置**(`#835`/`#845` 的做法):在半样本上植入一个**等于观测量本身**的偏离(+0.0720)⇒ 捞回 **+0.0720(比例 1.000)*","两层墙:那个问句不可识别,而能识别的那个版本没有功效",1,0
README_zh.md,845,,69399,"遍同一批人,是拿它没被发现在其上的那部分数据来看** ⇒ 两种**与「它怎么被发现」无关**的切法:按受访者性别 · 按九十年代内奇偶调查年 | **⓪ 功效闸把它拦在读结果之前,而这正是闸该在的位置**(`#835`/`#845` 的做法):在半样本上植入一个**等于观测量本身**的偏离(+0.0720)⇒ 捞回 **+0.0720(比例 1.000)**,**但只相","代数那堵墙倒了,估计那堵墙立着:可识别的那半个年龄,本身就在噪声里",1,0
README_zh.md,846,,70365,"本放大噪声、地板效应在小样本上更容易造出假的同号**)⇒ **每一半用它自己的置换地板**,不用全样本地板判半样本 ⇒ 过;③ kill ⇒ 没过;⚠ **改不了的**:**本轮不给那条线索任何新地位** —— 它仍是 `#846` 给的那个:**一个被多重性校正拒绝的格**;**「没被证伪」不是「被支持」,而本轮连「没被证伪」都只能算作「没测成」**;⚠ 且**九十年","「不信教的人走得更快」不是关于那群人的话,只在同性恋这一道题上",1,0
README_zh.md,846,,70552,"奇数年那一半根本不可用**,那条切法从头就只有一半能跑,**设计时没预见到,如实记下**⟩| | **剩下两条判词也重算了,而「43 处退化」是我的代理在数题名** | ⚠ **作用域**:本轮对象是页面自己的计数,与 `#846` 那条 `homosex`-only 的结论无关。**还 `#843`①** —— `#843` 把 `#798` 的判词在四格上重算过并*","「不信教的人走得更快」不是关于那群人的话,只在同性恋这一道题上",1,0
README_zh.md,843,,70587,"见到,如实记下**⟩| | **剩下两条判词也重算了,而「43 处退化」是我的代理在数题名** | ⚠ **作用域**:本轮对象是页面自己的计数,与 `#846` 那条 `homosex`-only 的结论无关。**还 `#843`①** —— `#843` 把 `#798` 的判词在四格上重算过并**明确登记**剩下两条「**不是做不到,是我只做了最可能翻的那一条**","我上一轮登记的那条「改不了」,`git` 里存着答案",1,0
README_zh.md,843,,70600," **剩下两条判词也重算了,而「43 处退化」是我的代理在数题名** | ⚠ **作用域**:本轮对象是页面自己的计数,与 `#846` 那条 `homosex`-only 的结论无关。**还 `#843`①** —— `#843` 把 `#798` 的判词在四格上重算过并**明确登记**剩下两条「**不是做不到,是我只做了最可能翻的那一条**」⇒ **本轮把那句登记兑","我上一轮登记的那条「改不了」,`git` 里存着答案",1,0
README_zh.md,798,,70609,"也重算了,而「43 处退化」是我的代理在数题名** | ⚠ **作用域**:本轮对象是页面自己的计数,与 `#846` 那条 `homosex`-only 的结论无关。**还 `#843`①** —— `#843` 把 `#798` 的判词在四格上重算过并**明确登记**剩下两条「**不是做不到,是我只做了最可能翻的那一条**」⇒ **本轮把那句登记兑现**,而这正是 ","撤回落地了,而更正分两种:断言它 vs 证明它稳定",1,0
README_zh.md,843,,70685,"y 的结论无关。**还 `#843`①** —— `#843` 把 `#798` 的判词在四格上重算过并**明确登记**剩下两条「**不是做不到,是我只做了最可能翻的那一条**」⇒ **本轮把那句登记兑现**,而这正是 `#843` 自己立的规矩:**一条「改不了」要写成可检验的形式,否则它变成下一堵没查过的墙** | **四格重算(当时/今天 × 旧切法/新切法),谓","我上一轮登记的那条「改不了」,`git` 里存着答案",1,1
README_zh.md,807,,70777,"*本轮把那句登记兑现**,而这正是 `#843` 自己立的规矩:**一条「改不了」要写成可检验的形式,否则它变成下一堵没查过的墙** | **四格重算(当时/今天 × 旧切法/新切法),谓词一律从那次提交的脚本里读**:`#807` **当时×旧 8 · 当时×新 8** · 今天×旧 71 · 今天×新 43;`#828` **四格全 0** ⇒ **预注册 kill",「从来没跑到」与「跑不了」对读者的意思是相反的,1,0
README_zh.md,828,,70824,"的形式,否则它变成下一堵没查过的墙** | **四格重算(当时/今天 × 旧切法/新切法),谓词一律从那次提交的脚本里读**:`#807` **当时×旧 8 · 当时×新 8** · 今天×旧 71 · 今天×新 43;`#828` **四格全 0** ⇒ **预注册 kill 过了:两条当时都没算错**,`Gate.admissible()`=**True**;⚠ 谓","两条更正落地;而那份欠账清单的「0 笔」,仪器只验证过一次",1,0
README_zh.md,807,,70999,"*True**;⚠ 谓词两代**完全相同**(六个正则全 `True`),所以「同代」是量出来的不是假设的;⚠⚠ **而第一版判词串写的是「今天有退化 ⇒ 要修的是页面」,那超出了它自己的输出,已当场改掉** —— **`#807` 的 `TOP` 正则是 `sexeduc|racmar|顶对|top pair`,它匹配的是题名本身不是那条主张**,而 **`#846`",「从来没跑到」与「跑不了」对读者的意思是相反的,1,0
README_zh.md,846,,71069,"今天有退化 ⇒ 要修的是页面」,那超出了它自己的输出,已当场改掉** —— **`#807` 的 `TOP` 正则是 `sexeduc|racmar|顶对|top pair`,它匹配的是题名本身不是那条主张**,而 **`#846`/`#849` 整轮都在正当地谈 `sexeduc`**;实测归属:那 43 处里 **`#846` 及之后的条目占 4 处**,其余 39","「不信教的人走得更快」不是关于那群人的话,只在同性恋这一道题上",1,0
README_zh.md,849,,71076," 要修的是页面」,那超出了它自己的输出,已当场改掉** —— **`#807` 的 `TOP` 正则是 `sexeduc|racmar|顶对|top pair`,它匹配的是题名本身不是那条主张**,而 **`#846`/`#849` 整轮都在正当地谈 `sexeduc`**;实测归属:那 43 处里 **`#846` 及之后的条目占 4 处**,其余 39 处分布在更早","那条线索没被证伪,也没被支持:切一半人这条路本身没功效",1,0
README_zh.md,846,,71119,"TOP` 正则是 `sexeduc|racmar|顶对|top pair`,它匹配的是题名本身不是那条主张**,而 **`#846`/`#849` 整轮都在正当地谈 `sexeduc`**;实测归属:那 43 处里 **`#846` 及之后的条目占 4 处**,其余 39 处分布在更早的条目上 ⇒ **登记为「未分辨的存量」,不是缺陷计数**(`#841` 的 357、","「不信教的人走得更快」不是关于那群人的话,只在同性恋这一道题上",1,0
README_zh.md,841,,71182,"46`/`#849` 整轮都在正当地谈 `sexeduc`**;实测归属:那 43 处里 **`#846` 及之后的条目占 4 处**,其余 39 处分布在更早的条目上 ⇒ **登记为「未分辨的存量」,不是缺陷计数**(`#841` 的 357、`#848` 的 8,同一条);⚠ **正控在本轮也失败过一次,是本会话第三次同一形状**:第一版植入夹具取的是**命中单位的","造一把「别手抄上一轮的数」的尺子,而第一把被自己的零杀掉了",1,0
README_zh.md,848,,71195,"都在正当地谈 `sexeduc`**;实测归属:那 43 处里 **`#846` 及之后的条目占 4 处**,其余 39 处分布在更早的条目上 ⇒ **登记为「未分辨的存量」,不是缺陷计数**(`#841` 的 357、`#848` 的 8,同一条);⚠ **正控在本轮也失败过一次,是本会话第三次同一形状**:第一版植入夹具取的是**命中单位的前 60 个字符**,而那","作用域闸:而它抓不出的那一类,我把它写在闸的文件头上",1,0
README_zh.md,807,,71932,";⚠ **改不了的**:那 **39 处更早条目的命中没有逐处判过** —— **它们可能是真退化,也可能同样是题名误报,本轮没分辨** ⇒ **明确登记为未分辨,既不是「39 处要修」也不是「没事」**;⚠ 若要真判 `#807` 今天是否退化,得把 `TOP` 从「题名」换成「那条主张」,**而那会让新旧计数不可比**(`#797` 那类:两套不可比的东西并存)⇒ ",「从来没跑到」与「跑不了」对读者的意思是相反的,1,0
README_zh.md,797,,71985,"同样是题名误报,本轮没分辨** ⇒ **明确登记为未分辨,既不是「39 处要修」也不是「没事」**;⚠ 若要真判 `#807` 今天是否退化,得把 `TOP` 从「题名」换成「那条主张」,**而那会让新旧计数不可比**(`#797` 那类:两套不可比的东西并存)⇒ **登记为想法,不是计划**(`#850`①)⟩| | **一张永远自洽的空表:`debts_gate` ","底堆归不了堆:三堆撤回,剩下「干净的一对 + 排不出层的六题」",1,0
README_zh.md,850,,72023,"修」也不是「没事」**;⚠ 若要真判 `#807` 今天是否退化,得把 `TOP` 从「题名」换成「那条主张」,**而那会让新旧计数不可比**(`#797` 那类:两套不可比的东西并存)⇒ **登记为想法,不是计划**(`#850`①)⟩| | **一张永远自洽的空表:`debts_gate` 从不检查表被更新过** | ⚠ **作用域**:本轮对象是项目自己的欠账表,","剩下两条判词也重算了,而「43 处退化」是我的代理在数题名",1,0
README_zh.md,846,,72101," 那类:两套不可比的东西并存)⇒ **登记为想法,不是计划**(`#850`①)⟩| | **一张永远自洽的空表:`debts_gate` 从不检查表被更新过** | ⚠ **作用域**:本轮对象是项目自己的欠账表,与 `#846` 那条 `homosex`-only 的结论无关。**还 `#831`①**(自 `#831` 起一直 `OPEN`)—— 缺口是这一句:*","「不信教的人走得更快」不是关于那群人的话,只在同性恋这一道题上",1,0
README_zh.md,831,,72136,"50`①)⟩| | **一张永远自洽的空表:`debts_gate` 从不检查表被更新过** | ⚠ **作用域**:本轮对象是项目自己的欠账表,与 `#846` 那条 `homosex`-only 的结论无关。**还 `#831`①**(自 `#831` 起一直 `OPEN`)—— 缺口是这一句:**`debts_gate` 保证 `DEBTS.tsv` 自洽(状态合","那句「下一轮做」当轮就兑现了,因为它自己就是第七个实例",1,0
README_zh.md,831,,72148,"一张永远自洽的空表:`debts_gate` 从不检查表被更新过** | ⚠ **作用域**:本轮对象是项目自己的欠账表,与 `#846` 那条 `homosex`-only 的结论无关。**还 `#831`①**(自 `#831` 起一直 `OPEN`)—— 缺口是这一句:**`debts_gate` 保证 `DEBTS.tsv` 自洽(状态合法 · `SETTLED","那句「下一轮做」当轮就兑现了,因为它自己就是第七个实例",1,0
README_zh.md,844,,72527,"`① `` 的欠账 id 与表的第一列做差集 | ⚠⚠ **而这把尺子在做出来的路上被自己抓了三次,三次同一大类**:**① 正则看不见页面真正用的写法** —— 第一版要求「圈码**紧跟**数字」,而账本写的是 `` `#844`① ``,**中间隔着一个反引号** ⇒ 它报「承诺过 **3** 笔」而**实际 172 笔,漏了 169** ⇒ **正控证明了它会开火","审计我写过的三堵墙:一堵倒了,而它是代数那一堵",1,0
README_zh.md,999,,72731,"**(`realstat` 点名的那条,**本会话第四次**)⇒ 紧式/宽式两个计数现在**永远并列印出**;**② 把控制夹具当成了对象** —— 修好后作用域内 6 笔缺行里有一笔是 **`#999①`**,原文是「`#999`① **查无此项** ⇒ 匹配器不乱开火」,**那是更早一轮的负控夹具** ⇒ **结构性排除,不靠词表:账本里没有 `## Entry N",<<无此条目>>,0,0
README_zh.md,830,,72868,",**那是更早一轮的负控夹具** ⇒ **结构性排除,不靠词表:账本里没有 `## Entry NNN` 的编号就不是一笔承诺**;**③ 零容忍差点变成一堵 130 行的墙** —— **`DEBTS.tsv` 建于 `#830`,只导入了 `#800` 那份 26 笔 `UNVERIFIED` 的清单**,从来没打算覆盖更早的东西 ⇒ **分界从对象推出不是我挑的*","停止造第四把尺子:把状态写进结构,而不是从散文里挖",1,0
README_zh.md,800,,72880,"夹具** ⇒ **结构性排除,不靠词表:账本里没有 `## Entry NNN` 的编号就不是一笔承诺**;**③ 零容忍差点变成一堵 130 行的墙** —— **`DEBTS.tsv` 建于 `#830`,只导入了 `#800` 那份 26 笔 `UNVERIFIED` 的清单**,从来没打算覆盖更早的东西 ⇒ **分界从对象推出不是我挑的**:`#830` 及之后","MDE 关的是确认,不是反驳:六个候选全部被反例杀掉,一个统计量都没用",1,0
README_zh.md,830,,72946,"堵 130 行的墙** —— **`DEBTS.tsv` 建于 `#830`,只导入了 `#800` 那份 26 笔 `UNVERIFIED` 的清单**,从来没打算覆盖更早的东西 ⇒ **分界从对象推出不是我挑的**:`#830` 及之后**零容忍**、之前**只登记不阻断**(`L81`);**结果**:承诺 **172** 笔 · 表 **47** 行 · **作","停止造第四把尺子:把状态写进结构,而不是从散文里挖",1,0
README_zh.md,830,,73039,"**分界从对象推出不是我挑的**:`#830` 及之后**零容忍**、之前**只登记不阻断**(`L81`);**结果**:承诺 **172** 笔 · 表 **47** 行 · **作用域内缺行 0**(补了 5 行:`#830`①②、`#832`①、`#834`①、`#839`①,状态逐笔查实)· 作用域外缺行 **124** ⇒ ⚠ **不是「124 个没还的债」","停止造第四把尺子:把状态写进结构,而不是从散文里挖",1,0
README_zh.md,832,,73048,"不是我挑的**:`#830` 及之后**零容忍**、之前**只登记不阻断**(`L81`);**结果**:承诺 **172** 笔 · 表 **47** 行 · **作用域内缺行 0**(补了 5 行:`#830`①②、`#832`①、`#834`①、`#839`①,状态逐笔查实)· 作用域外缺行 **124** ⇒ ⚠ **不是「124 个没还的债」,是未分辨的历史存","62 格、两根轴、五种族定义,只剩一件事:九十年代那一格",1,0
README_zh.md,834,,73056,"`#830` 及之后**零容忍**、之前**只登记不阻断**(`L81`);**结果**:承诺 **172** 笔 · 表 **47** 行 · **作用域内缺行 0**(补了 5 行:`#830`①②、`#832`①、`#834`①、`#839`①,状态逐笔查实)· 作用域外缺行 **124** ⇒ ⚠ **不是「124 个没还的债」,是未分辨的历史存量**(`#84","那条缝沿着两条线裂:信不信教,和多大年纪。而我的判词把第二条说没了",1,0
README_zh.md,839,,73064,"之后**零容忍**、之前**只登记不阻断**(`L81`);**结果**:承诺 **172** 笔 · 表 **47** 行 · **作用域内缺行 0**(补了 5 行:`#830`①②、`#832`①、`#834`①、`#839`①,状态逐笔查实)· 作用域外缺行 **124** ⇒ ⚠ **不是「124 个没还的债」,是未分辨的历史存量**(`#841` 的 357","换一把没有上端的尺子:`#838` 十格全对,而天花板偏的方向和我担心的相反",1,0
README_zh.md,841,,73128," **作用域内缺行 0**(补了 5 行:`#830`①②、`#832`①、`#834`①、`#839`①,状态逐笔查实)· 作用域外缺行 **124** ⇒ ⚠ **不是「124 个没还的债」,是未分辨的历史存量**(`#841` 的 357、`#848` 的 8、`#850` 的 39,同一条);⇒ **一句关于方法的话:我造了一把尺子去量「表有没有被更新」,而它第","造一把「别手抄上一轮的数」的尺子,而第一把被自己的零杀掉了",1,0
README_zh.md,848,,73141,"(补了 5 行:`#830`①②、`#832`①、`#834`①、`#839`①,状态逐笔查实)· 作用域外缺行 **124** ⇒ ⚠ **不是「124 个没还的债」,是未分辨的历史存量**(`#841` 的 357、`#848` 的 8、`#850` 的 39,同一条);⇒ **一句关于方法的话:我造了一把尺子去量「表有没有被更新」,而它第一次量出来的数是 3,真值","作用域闸:而它抓不出的那一类,我把它写在闸的文件头上",1,0
README_zh.md,850,,73152,"30`①②、`#832`①、`#834`①、`#839`①,状态逐笔查实)· 作用域外缺行 **124** ⇒ ⚠ **不是「124 个没还的债」,是未分辨的历史存量**(`#841` 的 357、`#848` 的 8、`#850` 的 39,同一条);⇒ **一句关于方法的话:我造了一把尺子去量「表有没有被更新」,而它第一次量出来的数是 3,真值是 172。差别不在算","剩下两条判词也重算了,而「43 处退化」是我的代理在数题名",1,0
README_zh.md,829,,73571,"**过** —— 最后一条是写死的:**欠账可以先建行后写账,所以那个方向不算缺失**;已接进 `readme_gate --precommit`;⚠ **改不了的**:那 **124 笔的状态本轮一笔都没查** —— `#829` 已证从散文反推不可行,**而逐笔查实需要回到每一轮的产物,那是 124 次 `git show`,代价没量过** ⇒ **登记为未做,不是","那个匹配器只认得我最近的写法:召回 18.6%,而它的盲区正好是欠账的年代",1,0
README_zh.md,843,,73653,"**:那 **124 笔的状态本轮一笔都没查** —— `#829` 已证从散文反推不可行,**而逐笔查实需要回到每一轮的产物,那是 124 次 `git show`,代价没量过** ⇒ **登记为未做,不是不可做**(`#843` 教的:把「改不了」写成可检验的形式)⇒ `#851`①:**先量一次单笔代价再决定做不做,不许直接说「太多了做不完」**⟩| | **不许","我上一轮登记的那条「改不了」,`git` 里存着答案",1,1
README_zh.md,851,,73680," `#829` 已证从散文反推不可行,**而逐笔查实需要回到每一轮的产物,那是 124 次 `git show`,代价没量过** ⇒ **登记为未做,不是不可做**(`#843` 教的:把「改不了」写成可检验的形式)⇒ `#851`①:**先量一次单笔代价再决定做不做,不许直接说「太多了做不完」**⟩| | **不许说「做不完」:量完之后,瓶颈不是证据,是指针** | ",一张永远自洽的空表:`debts_gate` 从不检查表被更新过,1,0
README_zh.md,846,,73783,"验的形式)⇒ `#851`①:**先量一次单笔代价再决定做不做,不许直接说「太多了做不完」**⟩| | **不许说「做不完」:量完之后,瓶颈不是证据,是指针** | ⚠ **作用域**:本轮对象是项目自己的欠账历史,与 `#846` 那条 `homosex`-only 的结论无关。**还 `#851`①** —— `#851` 量出 **124 笔** `#830` 之","「不信教的人走得更快」不是关于那群人的话,只在同性恋这一道题上",1,0
README_zh.md,851,,73818,"接说「太多了做不完」**⟩| | **不许说「做不完」:量完之后,瓶颈不是证据,是指针** | ⚠ **作用域**:本轮对象是项目自己的欠账历史,与 `#846` 那条 `homosex`-only 的结论无关。**还 `#851`①** —— `#851` 量出 **124 笔** `#830` 之前被承诺却没进表的欠账,并**明确禁止**自己直接说「太多了做不完」,",一张永远自洽的空表:`debts_gate` 从不检查表被更新过,1,0
README_zh.md,851,,73831,"| | **不许说「做不完」:量完之后,瓶颈不是证据,是指针** | ⚠ **作用域**:本轮对象是项目自己的欠账历史,与 `#846` 那条 `homosex`-only 的结论无关。**还 `#851`①** —— `#851` 量出 **124 笔** `#830` 之前被承诺却没进表的欠账,并**明确禁止**自己直接说「太多了做不完」,**因为那正是 `#843",一张永远自洽的空表:`debts_gate` 从不检查表被更新过,1,0
README_zh.md,830,,73851,"瓶颈不是证据,是指针** | ⚠ **作用域**:本轮对象是项目自己的欠账历史,与 `#846` 那条 `homosex`-only 的结论无关。**还 `#851`①** —— `#851` 量出 **124 笔** `#830` 之前被承诺却没进表的欠账,并**明确禁止**自己直接说「太多了做不完」,**因为那正是 `#843` 撞过的墙:一条捏造的「不可能」让停下","停止造第四把尺子:把状态写进结构,而不是从散文里挖",1,0
README_zh.md,843,,73902," `homosex`-only 的结论无关。**还 `#851`①** —— `#851` 量出 **124 笔** `#830` 之前被承诺却没进表的欠账,并**明确禁止**自己直接说「太多了做不完」,**因为那正是 `#843` 撞过的墙:一条捏造的「不可能」让停下来显得有理由,所以从来不被审计**;⚠⚠ **跑前写下的最强混淆决定了整个设计:「可机器定位」是我定义","我上一轮登记的那条「改不了」,`git` 里存着答案",1,0
README_zh.md,830,,74493,"是从欠账到它归宿的那一条边** —— 账本几乎从不写「这笔后来在哪一轮还的」⇒ **这正是 `L78`/`L06` 那条:把路标刻在决策点上、每次状态变更都双写** ⇒ **而 `DEBTS.tsv` 就是那条缺失的边,`#830` 建它不是官僚主义,是因为没有它,九成可达的证据一笔都用不上;那 124 笔恰好是它建立之前的**;⇒ **一句关于方法的话:我差一点写下「","停止造第四把尺子:把状态写进结构,而不是从散文里挖",1,0
README_zh.md,830,,74646,"笔恰好是它建立之前的**;⇒ **一句关于方法的话:我差一点写下「124 笔太多了,做不完」。量完之后才知道,机器那一侧的代价是十毫秒,九成的证据就在盘上,真正缺的是一条从欠账指向它归宿的边 —— 而那条边恰好就是我在 `#830` 建的那张表。一堵墙被量过之后,常常不再是墙,而是一件没做的事外加一个我没意识到自己缺的零件** `[#852「瓶颈不是证据,是指针」]`(","停止造第四把尺子:把状态写进结构,而不是从散文里挖",1,0
README_zh.md,826,,74788,"件没做的事外加一个我没意识到自己缺的零件** `[#852「瓶颈不是证据,是指针」]`(Entry 852) 〔本项目自己的账本 + 产物目录〕 ⟨闸:② **正控**:一笔已知有后续轮次的欠账必须被判为可机器定位 ⇒ `#826`① → 指向 `#827` ⇒ 过;③ **负控**:编造的 `#9991`①(`## Entry 9991` 不存在)两个事实必须都为假 ","减掉运气那一份之后,整张网格只剩两个格,而它们都是同性恋那一题",1,0
README_zh.md,827,,74801,"到自己缺的零件** `[#852「瓶颈不是证据,是指针」]`(Entry 852) 〔本项目自己的账本 + 产物目录〕 ⟨闸:② **正控**:一笔已知有后续轮次的欠账必须被判为可机器定位 ⇒ `#826`① → 指向 `#827` ⇒ 过;③ **负控**:编造的 `#9991`①(`## Entry 9991` 不存在)两个事实必须都为假 ⇒ 过(⚠ **「这个假该","`G3` 六轮没被执行,因为库里根本没有它;而「二十五笔欠账」抄了二十五遍",1,0
README_zh.md,9991,,74825,是指针」]`(Entry 852) 〔本项目自己的账本 + 产物目录〕 ⟨闸:② **正控**:一笔已知有后续轮次的欠账必须被判为可机器定位 ⇒ `#826`① → 指向 `#827` ⇒ 过;③ **负控**:编造的 `#9991`①(`## Entry 9991` 不存在)两个事实必须都为假 ⇒ 过(⚠ **「这个假该不该是假?」该** —— 不存在的条目按定义没有正,<<无此条目>>,0,0
README_zh.md,829,,74958,"` 不存在)两个事实必须都为假 ⇒ 过(⚠ **「这个假该不该是假?」该** —— 不存在的条目按定义没有正文也没有产物目录);④ kill ⇒ 没过;⚠ **改不了的**:**本轮量的不是「自动查实的代价」** —— `#829` 已证从散文反推欠账状态不可行(匹配器召回 **18.6%**),量的是**把一笔欠账送到人面前所需的机器动作**,**人判那一步的代价本轮","那个匹配器只认得我最近的写法:召回 18.6%,而它的盲区正好是欠账的年代",1,0
README_zh.md,850,,75130,"*,**人判那一步的代价本轮量不了** ⇒ **「代价由人判主导」是已知边界,不是「做不完」——两者不同,页面按前者写**;⚠ **不要去补那 124 条缺失的边** —— 补边就是重写历史条目的 `NEXT`,**而 `#850` 刚证过:改一个已发表轮次的谓词会让新旧计数不可比** ⇒ 正确做法是**从今往后每笔欠账都进表**(`#851` 的闸已强制),**让缺口","剩下两条判词也重算了,而「43 处退化」是我的代理在数题名",1,0
README_zh.md,851,,75187,"者写**;⚠ **不要去补那 124 条缺失的边** —— 补边就是重写历史条目的 `NEXT`,**而 `#850` 刚证过:改一个已发表轮次的谓词会让新旧计数不可比** ⇒ 正确做法是**从今往后每笔欠账都进表**(`#851` 的闸已强制),**让缺口停止增长而不是回填**(`L81`:annotate never rewrite)⟩| | **第一次跨仪器复现:",一张永远自洽的空表:`debts_gate` 从不检查表被更新过,1,0
README_zh.md,846,,75329,"L81`:annotate never rewrite)⟩| | **第一次跨仪器复现:换一份问卷,那条缝还在,宽度也对得上** | ⚠ **作用域**:本轮复现的是**二〇一〇年代**那条缝的**存在与宽度**,不是 `#846` 那条 `homosex` 九十年代的开裂。**硬规则④:跨仪器复现胜过同一具再跑一轮 —— 而本项目 292 轮一次都没做过**:从 `#","「不信教的人走得更快」不是关于那群人的话,只在同性恋这一道题上",1,0
README_zh.md,832,,75403,"**:本轮复现的是**二〇一〇年代**那条缝的**存在与宽度**,不是 `#846` 那条 `homosex` 九十年代的开裂。**硬规则④:跨仪器复现胜过同一具再跑一轮 —— 而本项目 292 轮一次都没做过**:从 `#832` 到 `#846`,所有关于「虔诚/世俗那条缝」的数字**全部出自 GSS 一份问卷**(`#836` 换过单位、`#839` 换过估计量、","62 格、两根轴、五种族定义,只剩一件事:九十年代那一格",1,0
README_zh.md,846,,75412,"**二〇一〇年代**那条缝的**存在与宽度**,不是 `#846` 那条 `homosex` 九十年代的开裂。**硬规则④:跨仪器复现胜过同一具再跑一轮 —— 而本项目 292 轮一次都没做过**:从 `#832` 到 `#846`,所有关于「虔诚/世俗那条缝」的数字**全部出自 GSS 一份问卷**(`#836` 换过单位、`#839` 换过估计量、`#846` 换过","「不信教的人走得更快」不是关于那群人的话,只在同性恋这一道题上",1,0
README_zh.md,836,,75454,"sex` 九十年代的开裂。**硬规则④:跨仪器复现胜过同一具再跑一轮 —— 而本项目 292 轮一次都没做过**:从 `#832` 到 `#846`,所有关于「虔诚/世俗那条缝」的数字**全部出自 GSS 一份问卷**(`#836` 换过单位、`#839` 换过估计量、`#846` 换过题目,**但从来没换过问卷**)⇒ 那条缝的**大小**到今天为止是一句关于 GSS","换单位到社会:那条「谴责↔稀少」的关联,只有同一批编码者看得见",1,0
README_zh.md,839,,75466,"。**硬规则④:跨仪器复现胜过同一具再跑一轮 —— 而本项目 292 轮一次都没做过**:从 `#832` 到 `#846`,所有关于「虔诚/世俗那条缝」的数字**全部出自 GSS 一份问卷**(`#836` 换过单位、`#839` 换过估计量、`#846` 换过题目,**但从来没换过问卷**)⇒ 那条缝的**大小**到今天为止是一句关于 GSS 的话;⓪ **硬规则①","换一把没有上端的尺子:`#838` 十格全对,而天花板偏的方向和我担心的相反",1,0
README_zh.md,846,,75479,"胜过同一具再跑一轮 —— 而本项目 292 轮一次都没做过**:从 `#832` 到 `#846`,所有关于「虔诚/世俗那条缝」的数字**全部出自 GSS 一份问卷**(`#836` 换过单位、`#839` 换过估计量、`#846` 换过题目,**但从来没换过问卷**)⇒ 那条缝的**大小**到今天为止是一句关于 GSS 的话;⓪ **硬规则①当场救了两次,两次都会给出","「不信教的人走得更快」不是关于那群人的话,只在同性恋这一道题上",1,0
README_zh.md,836,,76037,"」,**原始分之差跨仪器没有意义**;**两处老陷阱的同一形状**:极性相反(NSFG **低=宽容** ⇒ 翻转 `5−x`)· **码 5「既不同意也不反对」码序排 4 之后、语义坐 2 和 3 之间 —— 这就是 `#836` 的 `SCCS176` 码 2** ⇒ 当**规格轴**(剔除/中点)不当序数尺一端;**数据**:NSFG **n=16,948**(2","换单位到社会:那条「谴责↔稀少」的关联,只有同一批编码者看得见",1,0
README_zh.md,854,,76989,";⚠ **本站结构性做不到的(登记,不是「计划中」)**:① **NSFG 字典只存在于 2011–2013 与 2017–2019,另外 11 个 `.dat` 没有字典,而定宽文件没有字典就是不可读的** ⚠⚠ **`#854` 就地加宽这条理由**:`#853` 说的只是 NSFG 的一个缺陷,**而总体是盘上的每一具仪器**。七具全点名后:**非 GSS 的仪器","那堵墙立着,但理由不是我写的那个;而 kill 的**总体**错了一次",1,0
README_zh.md,853,,77007,"不是「计划中」)**:① **NSFG 字典只存在于 2011–2013 与 2017–2019,另外 11 个 `.dat` 没有字典,而定宽文件没有字典就是不可读的** ⚠⚠ **`#854` 就地加宽这条理由**:`#853` 说的只是 NSFG 的一个缺陷,**而总体是盘上的每一具仪器**。七具全点名后:**非 GSS 的仪器里三轴全过的 0 具** —— **","第一次跨仪器复现:换一份问卷,那条缝还在,宽度也对得上",1,0
README_zh.md,111,,77524," 那两格是 12 格里分歧最大的**(**+0.301/+0.292**,其余十格都在 ±0.09 内),**含零但含得很勉强**(p=0.084/0.102)⇒ **规格曲线在指一个地方,但没预注册,现在只是假设**(`#111`,已记 `#853`①)⟩| | **那堵墙立着,但理由不是我写的那个;而 kill 的**总体**错了一次** | ⚠ **作用域**:本","剂量在这套数据上问不出来,这是能力边界不是零;而我为了追它偏离了自己写下的 NEXT 三轮",1,0
README_zh.md,853,,77534,"里分歧最大的**(**+0.301/+0.292**,其余十格都在 ±0.09 内),**含零但含得很勉强**(p=0.084/0.102)⇒ **规格曲线在指一个地方,但没预注册,现在只是假设**(`#111`,已记 `#853`①)⟩| | **那堵墙立着,但理由不是我写的那个;而 kill 的**总体**错了一次** | ⚠ **作用域**:本轮对象是「盘上有哪些","第一次跨仪器复现:换一份问卷,那条缝还在,宽度也对得上",1,0
README_zh.md,846,,77616,"地方,但没预注册,现在只是假设**(`#111`,已记 `#853`①)⟩| | **那堵墙立着,但理由不是我写的那个;而 kill 的**总体**错了一次** | ⚠ **作用域**:本轮对象是「盘上有哪些仪器」,与 `#846` 那条 `homosex`-only 的结论无关。**`#853` 才一轮大**,它在「结构性做不到」里写下「九十年代复现不了 —— NSF","「不信教的人走得更快」不是关于那群人的话,只在同性恋这一道题上",1,0
README_zh.md,853,,77649,"`①)⟩| | **那堵墙立着,但理由不是我写的那个;而 kill 的**总体**错了一次** | ⚠ **作用域**:本轮对象是「盘上有哪些仪器」,与 `#846` 那条 `homosex`-only 的结论无关。**`#853` 才一轮大**,它在「结构性做不到」里写下「九十年代复现不了 —— NSFG 的字典只到 2011」⇒ 而 `#844` 刚教过**三堵墙里","第一次跨仪器复现:换一份问卷,那条缝还在,宽度也对得上",1,0
README_zh.md,844,,77709,"本轮对象是「盘上有哪些仪器」,与 `#846` 那条 `homosex`-only 的结论无关。**`#853` 才一轮大**,它在「结构性做不到」里写下「九十年代复现不了 —— NSFG 的字典只到 2011」⇒ 而 `#844` 刚教过**三堵墙里倒的那一堵恰好是我最有把握的**,`#843` 更狠(登记的「结构性改不了」下一轮用一条 `git show` 就推翻了","审计我写过的三堵墙:一堵倒了,而它是代数那一堵",1,0
README_zh.md,843,,77742,"ex`-only 的结论无关。**`#853` 才一轮大**,它在「结构性做不到」里写下「九十年代复现不了 —— NSFG 的字典只到 2011」⇒ 而 `#844` 刚教过**三堵墙里倒的那一堵恰好是我最有把握的**,`#843` 更狠(登记的「结构性改不了」下一轮用一条 `git show` 就推翻了)⇒ **这堵墙挡着本项目的头条,现在查**;⚠⚠ **而 `#8","我上一轮登记的那条「改不了」,`git` 里存着答案",1,0
README_zh.md,853,,77815,"⇒ 而 `#844` 刚教过**三堵墙里倒的那一堵恰好是我最有把握的**,`#843` 更狠(登记的「结构性改不了」下一轮用一条 `git show` 就推翻了)⇒ **这堵墙挡着本项目的头条,现在查**;⚠⚠ **而 `#853` 的理由太窄:它只说了 NSFG,而总体是盘上的每一具仪器** —— `#849`① 点了 NSFG 的名于是我只查了 NSFG,**这正是","第一次跨仪器复现:换一份问卷,那条缝还在,宽度也对得上",1,0
README_zh.md,849,,77856,"3` 更狠(登记的「结构性改不了」下一轮用一条 `git show` 就推翻了)⇒ **这堵墙挡着本项目的头条,现在查**;⚠⚠ **而 `#853` 的理由太窄:它只说了 NSFG,而总体是盘上的每一具仪器** —— `#849`① 点了 NSFG 的名于是我只查了 NSFG,**这正是 `feedback_check_only_as_good_as_its_popu","那条线索没被证伪,也没被支持:切一半人这条路本身没功效",1,0
README_zh.md,836,,78428,"全过」⇒ GSS 自己过了,判词印出「墙倒了」** —— **而 GSS 正是那条主张已经住在里面的仪器;问的是第二具能不能承载它,我却把在位者算进了 kill 的总体** ⇒ **判据的尺是对的,判据的总体是错的**;`#836`① 让我从此**命名尺**,而这次错的**不是尺**,是我从没问过**「这条判据该在谁身上评」** ⇒ **`yardstick` 之外还缺","换单位到社会:那条「谴责↔稀少」的关联,只有同一批编码者看得见",1,0
README_zh.md,846,,79492,"态度题」是关于**它的字典**的陈述,不是关于**它本可以怎么问**的陈述⟩| | **`population` 进了工具:尺对了、总体错了,字符串检查看不出来** | ⚠ **作用域**:本轮对象是本项目自己的闸,与 `#846` 那条 `homosex`-only 的结论无关。**还 `#854`①** —— `#854` 的 kill 写成「任一仪器三轴全过」,于","「不信教的人走得更快」不是关于那群人的话,只在同性恋这一道题上",1,0
README_zh.md,854,,79527,"陈述⟩| | **`population` 进了工具:尺对了、总体错了,字符串检查看不出来** | ⚠ **作用域**:本轮对象是本项目自己的闸,与 `#846` 那条 `homosex`-only 的结论无关。**还 `#854`①** —— `#854` 的 kill 写成「任一仪器三轴全过」,于是**那条主张已经住在里面的 GSS 自己过了,判词印出「墙倒了」**","那堵墙立着,但理由不是我写的那个;而 kill 的**总体**错了一次",1,1
README_zh.md,854,,79540,"ulation` 进了工具:尺对了、总体错了,字符串检查看不出来** | ⚠ **作用域**:本轮对象是本项目自己的闸,与 `#846` 那条 `homosex`-only 的结论无关。**还 `#854`①** —— `#854` 的 kill 写成「任一仪器三轴全过」,于是**那条主张已经住在里面的 GSS 自己过了,判词印出「墙倒了」**,而问的是**第二具**仪","那堵墙立着,但理由不是我写的那个;而 kill 的**总体**错了一次",1,1
README_zh.md,814,,79762,"进去)** | `lib/gates.py` 的 `asserted(kind=""kill"")` 追加 **`population`:这条判据在谁身上评**;缺席即在输出带 `⚠ 判据的总体未命名`,**标记不阻断**(`#814`/`#836`① 同一决定:阻断会让过去每一轮不可复现,`L81`);⚠ **而它补的是 `yardstick` 补不了的那一半**:`#8",容差比噪声窄七倍:那两条负控是随机开火的,1,0
README_zh.md,836,,79769," `lib/gates.py` 的 `asserted(kind=""kill"")` 追加 **`population`:这条判据在谁身上评**;缺席即在输出带 `⚠ 判据的总体未命名`,**标记不阻断**(`#814`/`#836`① 同一决定:阻断会让过去每一轮不可复现,`L81`);⚠ **而它补的是 `yardstick` 补不了的那一半**:`#836`① 教的","换单位到社会:那条「谴责↔稀少」的关联,只有同一批编码者看得见",1,0
README_zh.md,836,,79835,"身上评**;缺席即在输出带 `⚠ 判据的总体未命名`,**标记不阻断**(`#814`/`#836`① 同一决定:阻断会让过去每一轮不可复现,`L81`);⚠ **而它补的是 `yardstick` 补不了的那一半**:`#836`① 教的是**命名尺**,针对 **kill 拿错量**(`#821` 用种子散布当抽样噪声 · `#836` 用 MDE 而置换 p 从没","换单位到社会:那条「谴责↔稀少」的关联,只有同一批编码者看得见",1,0
README_zh.md,821,,79870,"*(`#814`/`#836`① 同一决定:阻断会让过去每一轮不可复现,`L81`);⚠ **而它补的是 `yardstick` 补不了的那一半**:`#836`① 教的是**命名尺**,针对 **kill 拿错量**(`#821` 用种子散布当抽样噪声 · `#836` 用 MDE 而置换 p 从没进 kill);**而 `#854` 的错在另一个位置:量对了、尺对了","kill 的尺子用错了噪声:种子跨度量的是可复现性,不是精度",1,1
README_zh.md,836,,79890,"定:阻断会让过去每一轮不可复现,`L81`);⚠ **而它补的是 `yardstick` 补不了的那一半**:`#836`① 教的是**命名尺**,针对 **kill 拿错量**(`#821` 用种子散布当抽样噪声 · `#836` 用 MDE 而置换 p 从没进 kill);**而 `#854` 的错在另一个位置:量对了、尺对了,评错了人** ⇒ **这种错字符串检查","换单位到社会:那条「谴责↔稀少」的关联,只有同一批编码者看得见",1,0
README_zh.md,854,,79923,"`yardstick` 补不了的那一半**:`#836`① 教的是**命名尺**,针对 **kill 拿错量**(`#821` 用种子散布当抽样噪声 · `#836` 用 MDE 而置换 p 从没进 kill);**而 `#854` 的错在另一个位置:量对了、尺对了,评错了人** ⇒ **这种错字符串检查看不出来** —— **判词串忠实地转述了一个算错的量**,所有词","那堵墙立着,但理由不是我写的那个;而 kill 的**总体**错了一次",1,1
README_zh.md,834,,80059,"了人** ⇒ **这种错字符串检查看不出来** —— **判词串忠实地转述了一个算错的量**,所有词都能在输出里找到对应,**唯独没人问「这个比例是在谁身上算的」**;**本会话四次「判词说了输出没说的话」分成两类**:`#834`(列了「年龄什么都没显示」而上一行正印着 age 存活)· `#842`(「有判词受影响」而只量了计数)· `#850`(「今天有退化」而 ","那条缝沿着两条线裂:信不信教,和多大年纪。而我的判词把第二条说没了",1,0
README_zh.md,842,,80095,"述了一个算错的量**,所有词都能在输出里找到对应,**唯独没人问「这个比例是在谁身上算的」**;**本会话四次「判词说了输出没说的话」分成两类**:`#834`(列了「年龄什么都没显示」而上一行正印着 age 存活)· `#842`(「有判词受影响」而只量了计数)· `#850`(「今天有退化」而 `TOP` 匹配的是题名)——**三次错在字符串**;`#854` ——","修好切法再重数:总体虚高 28%,而 `#833` 自己也记错了缺陷的形状",1,0
README_zh.md,850,,80119,",**唯独没人问「这个比例是在谁身上算的」**;**本会话四次「判词说了输出没说的话」分成两类**:`#834`(列了「年龄什么都没显示」而上一行正印着 age 存活)· `#842`(「有判词受影响」而只量了计数)· `#850`(「今天有退化」而 `TOP` 匹配的是题名)——**三次错在字符串**;`#854` ——**一次错在判据本身** ⇒ **前三类靠「让分","剩下两条判词也重算了,而「43 处退化」是我的代理在数题名",1,0
README_zh.md,854,,80162,"分成两类**:`#834`(列了「年龄什么都没显示」而上一行正印着 age 存活)· `#842`(「有判词受影响」而只量了计数)· `#850`(「今天有退化」而 `TOP` 匹配的是题名)——**三次错在字符串**;`#854` ——**一次错在判据本身** ⇒ **前三类靠「让分支条件引用每一条控制」能防,第四类不能,它需要判据显式说出自己的总体**;⇒ **一句","那堵墙立着,但理由不是我写的那个;而 kill 的**总体**错了一次",1,0
README_zh.md,851,,80488,"try 855) 〔本项目自己的闸〕 ⟨**Production**;⚠ **改不了的**:`population` 是**自由文本**,工具**不检查它填得对不对** —— 只保证**这个问题被问过一次**;**这与 `#851` 的欠账闸同一形状:闸保证「有一行」,从不保证「那一行是对的」**,如实登记不假装;⚠ **不要给 `population` 加校验** —",一张永远自洽的空表:`debts_gate` 从不检查表被更新过,1,0
README_zh.md,846,,80729,"** ⇒ 登记为**不做**,不是「以后做」⟩| | **虔诚有两张脸,而在 GSS 里公共那张把人分得更开** | ⚠ **作用域**:本轮仍只在 `homosex` / NSFG `samesex` 这一道题上,与 `#846` 的作用域相同。**还 `#853`①** —— 那条线索是「12 格里 `重要性 × 限制` 分歧最大(+0.301/+0.292)」;⓪","「不信教的人走得更快」不是关于那群人的话,只在同性恋这一道题上",1,0
README_zh.md,853,,80747,"以后做」⟩| | **虔诚有两张脸,而在 GSS 里公共那张把人分得更开** | ⚠ **作用域**:本轮仍只在 `homosex` / NSFG `samesex` 这一道题上,与 `#846` 的作用域相同。**还 `#853`①** —— 那条线索是「12 格里 `重要性 × 限制` 分歧最大(+0.301/+0.292)」;⓪ **硬规则①当场把它改写成一个更好","第一次跨仪器复现:换一份问卷,那条缝还在,宽度也对得上",1,0
README_zh.md,853,,80977,"ngth of affiliation」(隶属强度),NSFG 的 `reldlife` 是「How important is religion in R's daily life」(日常重要性)—— 两道不同的题,而 `#853` 把它们都贴上了「重要性」** ⇒ 那 +0.30 是**构念替换**;**本轮实测把这一条钉死**:`reliten`×女性18–49 那","第一次跨仪器复现:换一份问卷,那条缝还在,宽度也对得上",1,0
README_zh.md,853,,81076,"— 两道不同的题,而 `#853` 把它们都贴上了「重要性」** ⇒ 那 +0.30 是**构念替换**;**本轮实测把这一条钉死**:`reliten`×女性18–49 那格的私人侧 `g = −0.453`,**与 `#853` 报的 −0.453 一字不差** ⇒ **异常格就是它,`#853`① `SETTLED`**;⚠⚠ **而这个错指向一个更好的问题,且能","第一次跨仪器复现:换一份问卷,那条缝还在,宽度也对得上",1,0
README_zh.md,853,,81111,"那 +0.30 是**构念替换**;**本轮实测把这一条钉死**:`reliten`×女性18–49 那格的私人侧 `g = −0.453`,**与 `#853` 报的 −0.453 一字不差** ⇒ **异常格就是它,`#853`① `SETTLED`**;⚠⚠ **而这个错指向一个更好的问题,且能在单具仪器内部问**:`attend`(多久去礼拜)是**公共/群体*","第一次跨仪器复现:换一份问卷,那条缝还在,宽度也对得上",1,0
README_zh.md,855,,81996,"facet ≠ 0` 只是「它们是两个不同变量」的同义反复**;⑥ kill 没过 ⇒ **OVERTURNED**,`Gate.admissible()`=**True**,而 kill 的 `population`(`#855` 刚补的参数,**本轮第一次用**)= **6 个真私人脸且非退化的格,`reliten` 那 2 格作对照不计入**;⚠⚠⚠ **本轮最该","`population` 进了工具:尺对了、总体错了,字符串检查看不出来",1,1
README_zh.md,854,,82186,"判词分支的缺陷**:**我在预测矩阵里给了世界 C(两具仪器不一致)0.25 的先验,却没有给它写一条分支** ⇒ `else` 把 C 印成了 B(「距离一样宽」),**而 GSS 四格全部排零全部超地板** ⇒ **`#854` 错在 kill 的总体,`#856` 错在分支的结构** ⇒ **规矩:预测矩阵里的每个世界,分支里都必须有一条对应的路;`else` 不","那堵墙立着,但理由不是我写的那个;而 kill 的**总体**错了一次",1,1
README_zh.md,856,,82205,"给了世界 C(两具仪器不一致)0.25 的先验,却没有给它写一条分支** ⇒ `else` 把 C 印成了 B(「距离一样宽」),**而 GSS 四格全部排零全部超地板** ⇒ **`#854` 错在 kill 的总体,`#856` 错在分支的结构** ⇒ **规矩:预测矩阵里的每个世界,分支里都必须有一条对应的路;`else` 不许充当任何已命名世界的落点**;⇒ *","虔诚有两张脸,而在 GSS 里公共那张把人分得更开",1,0
README_zh.md,846,,82871,"是不同的人**(Jaccard 约 0.5),**差异可能全部来自谁被分进了哪一层**⟩| | **拆共线的那把钥匙只存在于一年,而那一年分辨不了** | ⚠ **作用域**:仍只在 `homosex` 这一道题上,与 `#846` 的作用域相同。**还 `#856`①** —— `#856` 登记了一条**分不开的共线**:GSS 说公共脸比私人脸把人分得更开(四格一","「不信教的人走得更快」不是关于那群人的话,只在同性恋这一道题上",1,0
README_zh.md,856,,82889,"0.5),**差异可能全部来自谁被分进了哪一层**⟩| | **拆共线的那把钥匙只存在于一年,而那一年分辨不了** | ⚠ **作用域**:仍只在 `homosex` 这一道题上,与 `#846` 的作用域相同。**还 `#856`①** —— `#856` 登记了一条**分不开的共线**:GSS 说公共脸比私人脸把人分得更开(四格一致 −0.14~−0.23),NSF","虔诚有两张脸,而在 GSS 里公共那张把人分得更开",1,0
README_zh.md,856,,82902,"来自谁被分进了哪一层**⟩| | **拆共线的那把钥匙只存在于一年,而那一年分辨不了** | ⚠ **作用域**:仍只在 `homosex` 这一道题上,与 `#846` 的作用域相同。**还 `#856`①** —— `#856` 登记了一条**分不开的共线**:GSS 说公共脸比私人脸把人分得更开(四格一致 −0.14~−0.23),NSFG 说没有,**而两边的「","虔诚有两张脸,而在 GSS 里公共那张把人分得更开",1,0
README_zh.md,856,,83411,"定,只有「脸」在变** | ⚠⚠ **而设计写下来的时候就预言了它自己会失败,功效闸把这句预言变成了测量**:docstring 写「n 从 7,341 掉到约 2,363,**地板按 √n 会涨到约 0.14**,而 `#856` 观测到的 Δfacet 是 0.136–0.234 ⇒ **可能整段落进地板**」;实测 **本年安慰剂地板 = 0.1239**(预测 ","虔诚有两张脸,而在 GSS 里公共那张把人分得更开",1,0
README_zh.md,838,,84683,"的是前者** | ⚠ **作用域**:本轮把作用域从 `homosex` 一道题**扩到四道**(道德判断 1 道 + 公民制裁 3 道),这正是它存在的理由。**`§3` basin check 是本轮存在的理由**:`#838`→`#857` **连续八轮都在量同一件事的性质**(那条缝的宽度、谁在动、跨仪器、跨脸)⇒ **八步同向就是一个盆地**,规则要求**故意","九十年代那条缝张开,是世俗那边走了,不是虔诚那边顶住了",1,0
README_zh.md,857,,84690,"| ⚠ **作用域**:本轮把作用域从 `homosex` 一道题**扩到四道**(道德判断 1 道 + 公民制裁 3 道),这正是它存在的理由。**`§3` basin check 是本轮存在的理由**:`#838`→`#857` **连续八轮都在量同一件事的性质**(那条缝的宽度、谁在动、跨仪器、跨脸)⇒ **八步同向就是一个盆地**,规则要求**故意设计一个我不欢","拆共线的那把钥匙只存在于一年,而那一年分辨不了",1,0
README_zh.md,856,,85323,"一翻转会把其中一道悄悄反过来**;`G1` **`Δobject = g(道德判断) − g(公民制裁)`**,两个 `g` 都为负 ⇒ **`Δobject<0` 表示道德那条缝更宽**;**四个世界各有一条分支**(`#856` 的教训当场执行);**12 格全报**:1990s 发言 −0.319/−0.413 · 教书 −0.349/−0.504 · 图书馆 −","虔诚有两张脸,而在 GSS 里公共那张把人分得更开",1,0
README_zh.md,832,,86057,"要改写整条弧的作用域:虔诚与世俗之间的距离,在「这样对不对」这个问题上,比在「要不要拦着他去教书、要不要把他的书从图书馆撤下来」这些问题上更远。信仰把人们在道德评价上分开的程度,大于它把人们在公共待遇上分开的程度。而从 `#832` 到 `#857`,我量的一直是前者 —— 而 E02 说的对象是后者** `[#858「不是同一条缝」]`(Entry 858) 〔GSS","62 格、两根轴、五种族定义,只剩一件事:九十年代那一格",1,0
README_zh.md,857,,86066,"域:虔诚与世俗之间的距离,在「这样对不对」这个问题上,比在「要不要拦着他去教书、要不要把他的书从图书馆撤下来」这些问题上更远。信仰把人们在道德评价上分开的程度,大于它把人们在公共待遇上分开的程度。而从 `#832` 到 `#857`,我量的一直是前者 —— 而 E02 说的对象是后者** `[#858「不是同一条缝」]`(Entry 858) 〔GSS〕 ⟨⚠ **第一","拆共线的那把钥匙只存在于一年,而那一年分辨不了",1,0
README_zh.md,858,,86331,"世俗层在制裁上差得比在判断上小」**不蕴含**「同一个人同时持两种态度」⇒ 登记为**未测的机制读法**,而**它是可测的**(同一个人 `homosex==1` 且 `colhomo` 允许的比例),**本轮没跑**(`#858`①);⚠ **本站结构性做不到的**:① 三道题问的是**对一个同性恋者的公共待遇**,**不是法律本身** —— **真正的「社会拿它怎么","「是错的」和「不许他教书」不是同一条缝,而整条弧量的是前者",1,0
README_zh.md,840,,86482,"者的公共待遇**,**不是法律本身** —— **真正的「社会拿它怎么办」是立法与执法,而 GSS 问的是民意,本站只有民意**;② 横断面 ⇒ **无干预、无因果识别**;③ 本轮两个十年是**水平**比较,**不是 `#840` 那种「偏离自己匀速参照」的比较** —— **两者是不同的估计量,页面不许并列解读**;⚠ 顺手捞到一条**没预注册**的:`|Δobje","给差距算它自己的区间:「拉开」经得住,「合上了」说不出口",1,0
README_zh.md,111,,86637,"列解读**;⚠ 顺手捞到一条**没预注册**的:`|Δobject|` 从 1990s 的 0.26–0.50 涨到 2010s 的 0.54–0.88,**判断与制裁之间的裂口自己在变宽** ⇒ **现在只是假设**(`#111`,记 `#858`②)⟩| | **说「永远是错的」的人里,有 66% 说可以让他去教书** | ⚠ **作用域**:GSS 的道德题 + ","剂量在这套数据上问不出来,这是能力边界不是零;而我为了追它偏离了自己写下的 NEXT 三轮",1,0
README_zh.md,858,,86646,"手捞到一条**没预注册**的:`|Δobject|` 从 1990s 的 0.26–0.50 涨到 2010s 的 0.54–0.88,**判断与制裁之间的裂口自己在变宽** ⇒ **现在只是假设**(`#111`,记 `#858`②)⟩| | **说「永远是错的」的人里,有 66% 说可以让他去教书** | ⚠ **作用域**:GSS 的道德题 + 三道 Stouff","「是错的」和「不许他教书」不是同一条缝,而整条弧量的是前者",1,0
README_zh.md,858,,86733," ⇒ **现在只是假设**(`#111`,记 `#858`②)⟩| | **说「永远是错的」的人里,有 66% 说可以让他去教书** | ⚠ **作用域**:GSS 的道德题 + 三道 Stouffer 公民自由题,与 `#858` 同一作用域。**还 `#858`①** —— `#858` 第一版判词写过「一个人可以一边认为它错、一边照样让他教书」,**当场改掉了,因","「是错的」和「不许他教书」不是同一条缝,而整条弧量的是前者",1,0
README_zh.md,858,,86750,"11`,记 `#858`②)⟩| | **说「永远是错的」的人里,有 66% 说可以让他去教书** | ⚠ **作用域**:GSS 的道德题 + 三道 Stouffer 公民自由题,与 `#858` 同一作用域。**还 `#858`①** —— `#858` 第一版判词写过「一个人可以一边认为它错、一边照样让他教书」,**当场改掉了,因为那是个体层面的断言而 `#858","「是错的」和「不许他教书」不是同一条缝,而整条弧量的是前者",1,0
README_zh.md,858,,86763,")⟩| | **说「永远是错的」的人里,有 66% 说可以让他去教书** | ⚠ **作用域**:GSS 的道德题 + 三道 Stouffer 公民自由题,与 `#858` 同一作用域。**还 `#858`①** —— `#858` 第一版判词写过「一个人可以一边认为它错、一边照样让他教书」,**当场改掉了,因为那是个体层面的断言而 `#858` 量的是两层之间的差距(","「是错的」和「不许他教书」不是同一条缝,而整条弧量的是前者",1,0
README_zh.md,858,,86821,"+ 三道 Stouffer 公民自由题,与 `#858` 同一作用域。**还 `#858`①** —— `#858` 第一版判词写过「一个人可以一边认为它错、一边照样让他教书」,**当场改掉了,因为那是个体层面的断言而 `#858` 量的是两层之间的差距(生态学推断)** ⇒ **本轮把它变成测量,它是 `#858` 唯一没跑的那句话**;⚠⚠⚠ **而「这个零该不该是","「是错的」和「不许他教书」不是同一条缝,而整条弧量的是前者",1,0
README_zh.md,858,,86864,"8`①** —— `#858` 第一版判词写过「一个人可以一边认为它错、一边照样让他教书」,**当场改掉了,因为那是个体层面的断言而 `#858` 量的是两层之间的差距(生态学推断)** ⇒ **本轮把它变成测量,它是 `#858` 唯一没跑的那句话**;⚠⚠⚠ **而「这个零该不该是零?」——不该,这决定了整轮用哪种控制**:若判断与制裁在个体内独立,`p(放行\|说","「是错的」和「不许他教书」不是同一条缝,而整条弧量的是前者",1,0
README_zh.md,821,,87587,"按预注册**字面阈值** C 本来会开火(**6/6 对超地板 0.0108**),**可 Δ 之差的符号在两个十年之间翻转**(1990s 虔诚更负,2010s 反过来)⇒ **没有稳定层间效应** ⇒ **阈值有了(`#821`)、尺有了(`#836`①)、总体有了(`#854`)、分支有了(`#856`)—— 缺的是「方向」**;「分层」这个世界要求差异有**一致","kill 的尺子用错了噪声:种子跨度量的是可复现性,不是精度",1,0
README_zh.md,836,,87599," C 本来会开火(**6/6 对超地板 0.0108**),**可 Δ 之差的符号在两个十年之间翻转**(1990s 虔诚更负,2010s 反过来)⇒ **没有稳定层间效应** ⇒ **阈值有了(`#821`)、尺有了(`#836`①)、总体有了(`#854`)、分支有了(`#856`)—— 缺的是「方向」**;「分层」这个世界要求差异有**一致方向**,**只要求量级","换单位到社会:那条「谴责↔稀少」的关联,只有同一批编码者看得见",1,0
README_zh.md,854,,87613," 对超地板 0.0108**),**可 Δ 之差的符号在两个十年之间翻转**(1990s 虔诚更负,2010s 反过来)⇒ **没有稳定层间效应** ⇒ **阈值有了(`#821`)、尺有了(`#836`①)、总体有了(`#854`)、分支有了(`#856`)—— 缺的是「方向」**;「分层」这个世界要求差异有**一致方向**,**只要求量级会让符号翻转也通过** ⇒ ","那堵墙立着,但理由不是我写的那个;而 kill 的**总体**错了一次",1,0
README_zh.md,856,,87626,"*),**可 Δ 之差的符号在两个十年之间翻转**(1990s 虔诚更负,2010s 反过来)⇒ **没有稳定层间效应** ⇒ **阈值有了(`#821`)、尺有了(`#836`①)、总体有了(`#854`)、分支有了(`#856`)—— 缺的是「方向」**;「分层」这个世界要求差异有**一致方向**,**只要求量级会让符号翻转也通过** ⇒ 本轮把方向一致加为 C 的","虔诚有两张脸,而在 GSS 里公共那张把人分得更开",1,0
README_zh.md,834,,87742,")—— 缺的是「方向」**;「分层」这个世界要求差异有**一致方向**,**只要求量级会让符号翻转也通过** ⇒ 本轮把方向一致加为 C 的必要条件,**并同时报出「按字面阈值 C 会开火」,不掩盖判据与世界的脱节**(`#834` 那一类);闸:② **正控**构造「说错的人一律不放行」⇒ `p(放行\|说错)` 73.3%→**0.0%**、offset −0.06","那条缝沿着两条线裂:信不信教,和多大年纪。而我的判词把第二条说没了",1,0
README_zh.md,854,,88342,"报顺序;② 三道题问的是**民意不是法律** —— 真正的「社会拿它怎么办」是立法与执法;③ `p(放行\|说错)` 的**绝对水平受问法影响**,跨问法不可比 ⇒ 只在同一道题内部比十年与分层;④ **换不了仪器**:`#854` 已点名盘上七具,**Stouffer 三题在这批数据里是 GSS 独有的**;⚠ **不要把「两层 Δ 一样」读成「虔诚不影响脱钩」** ","那堵墙立着,但理由不是我写的那个;而 kill 的**总体**错了一次",1,0
README_zh.md,859,,88537,"这个分辨率上一样**(地板 0.0108)⟩| | **`direction` 进了工具:判据的第四个部件** | ⚠ **作用域**:本项目自己的闸,与 `homosex`/`samesex` 那条作用域无关。**还 `#859`①** —— `#859` 的 kill 写的是「两层之差超地板 ≥ 半数 ⇒ 脱钩程度分层」,**阈值有了、尺有了(`#836`①)、总体","说「永远是错的」的人里,有 66% 说可以让他去教书",1,0
README_zh.md,859,,88550," 0.0108)⟩| | **`direction` 进了工具:判据的第四个部件** | ⚠ **作用域**:本项目自己的闸,与 `homosex`/`samesex` 那条作用域无关。**还 `#859`①** —— `#859` 的 kill 写的是「两层之差超地板 ≥ 半数 ⇒ 脱钩程度分层」,**阈值有了、尺有了(`#836`①)、总体有了(`#854`)、分支","说「永远是错的」的人里,有 66% 说可以让他去教书",1,0
README_zh.md,836,,88602,"**:本项目自己的闸,与 `homosex`/`samesex` 那条作用域无关。**还 `#859`①** —— `#859` 的 kill 写的是「两层之差超地板 ≥ 半数 ⇒ 脱钩程度分层」,**阈值有了、尺有了(`#836`①)、总体有了(`#854`)、分支也有了(`#856`),而实测 6/6 对都超地板、判词却是错的:那个差的符号在两个十年之间翻转了** ","换单位到社会:那条「谴责↔稀少」的关联,只有同一批编码者看得见",1,0
README_zh.md,854,,88616,"homosex`/`samesex` 那条作用域无关。**还 `#859`①** —— `#859` 的 kill 写的是「两层之差超地板 ≥ 半数 ⇒ 脱钩程度分层」,**阈值有了、尺有了(`#836`①)、总体有了(`#854`)、分支也有了(`#856`),而实测 6/6 对都超地板、判词却是错的:那个差的符号在两个十年之间翻转了** | `lib/gates.p","那堵墙立着,但理由不是我写的那个;而 kill 的**总体**错了一次",1,1
README_zh.md,856,,88630,"sex` 那条作用域无关。**还 `#859`①** —— `#859` 的 kill 写的是「两层之差超地板 ≥ 半数 ⇒ 脱钩程度分层」,**阈值有了、尺有了(`#836`①)、总体有了(`#854`)、分支也有了(`#856`),而实测 6/6 对都超地板、判词却是错的:那个差的符号在两个十年之间翻转了** | `lib/gates.py` 的 `asserted","虔诚有两张脸,而在 GSS 里公共那张把人分得更开",1,0
README_zh.md,814,,88839,"rection`:这条判据要求的方向,以及它是否一致**;传入逐格符号,本函数只做一件事 —— **把「方向是否一致」印出来,并在不一致时标记 `⚠ 符号翻转 —— 只要求量级的阈值会让它通过`**;**标记不阻断**(`#814`/`#836`①/`#854` 同一决定,`L81`);⚠ **它只对「差异/分层/交互」类 kill 有意义** —— 对「某个量是否超地",容差比噪声窄七倍:那两条负控是随机开火的,1,0
README_zh.md,836,,88846,"`:这条判据要求的方向,以及它是否一致**;传入逐格符号,本函数只做一件事 —— **把「方向是否一致」印出来,并在不一致时标记 `⚠ 符号翻转 —— 只要求量级的阈值会让它通过`**;**标记不阻断**(`#814`/`#836`①/`#854` 同一决定,`L81`);⚠ **它只对「差异/分层/交互」类 kill 有意义** —— 对「某个量是否超地板」这种**单","换单位到社会:那条「谴责↔稀少」的关联,只有同一批编码者看得见",1,0
README_zh.md,854,,88854,"的方向,以及它是否一致**;传入逐格符号,本函数只做一件事 —— **把「方向是否一致」印出来,并在不一致时标记 `⚠ 符号翻转 —— 只要求量级的阈值会让它通过`**;**标记不阻断**(`#814`/`#836`①/`#854` 同一决定,`L81`);⚠ **它只对「差异/分层/交互」类 kill 有意义** —— 对「某个量是否超地板」这种**单侧判据**,`d","那堵墙立着,但理由不是我写的那个;而 kill 的**总体**错了一次",1,1
README_zh.md,841,,89017,"「某个量是否超地板」这种**单侧判据**,`direction=None` 是正确的,**那时的标记只是提醒不是缺陷**,这一句写进 docstring,**因为一个对所有人都亮红灯的标记会被无视,而那等于没有标记**(`#841`/`#848` 同一条);**判据的四个部件现在都在工具里,而它们是四次不同的事故换来的**:**阈值** ← `#821`(尺是种子散布 ","造一把「别手抄上一轮的数」的尺子,而第一把被自己的零杀掉了",1,0
README_zh.md,848,,89024,"地板」这种**单侧判据**,`direction=None` 是正确的,**那时的标记只是提醒不是缺陷**,这一句写进 docstring,**因为一个对所有人都亮红灯的标记会被无视,而那等于没有标记**(`#841`/`#848` 同一条);**判据的四个部件现在都在工具里,而它们是四次不同的事故换来的**:**阈值** ← `#821`(尺是种子散布 0.016 而","作用域闸:而它抓不出的那一类,我把它写在闸的文件头上",1,0
README_zh.md,821,,89079,"一句写进 docstring,**因为一个对所有人都亮红灯的标记会被无视,而那等于没有标记**(`#841`/`#848` 同一条);**判据的四个部件现在都在工具里,而它们是四次不同的事故换来的**:**阈值** ← `#821`(尺是种子散布 0.016 而不是抽样噪声 0.175)· **`yardstick`** ← `#836`①(用 MDE 当尺,置换 p ","kill 的尺子用错了噪声:种子跨度量的是可复现性,不是精度",1,0
README_zh.md,836,,89133,"/`#848` 同一条);**判据的四个部件现在都在工具里,而它们是四次不同的事故换来的**:**阈值** ← `#821`(尺是种子散布 0.016 而不是抽样噪声 0.175)· **`yardstick`** ← `#836`①(用 MDE 当尺,置换 p 算了却没进 kill)· **`population`** ← `#854`(尺对了,却把**在位者**算进","换单位到社会:那条「谴责↔稀少」的关联,只有同一批编码者看得见",1,0
README_zh.md,854,,89187,"← `#821`(尺是种子散布 0.016 而不是抽样噪声 0.175)· **`yardstick`** ← `#836`①(用 MDE 当尺,置换 p 算了却没进 kill)· **`population`** ← `#854`(尺对了,却把**在位者**算进了该评的那群仪器)· **`direction`** ← `#859`①(前三个都对了,而**符号翻转**照","那堵墙立着,但理由不是我写的那个;而 kill 的**总体**错了一次",1,1
README_zh.md,859,,89238,"** ← `#836`①(用 MDE 当尺,置换 p 算了却没进 kill)· **`population`** ← `#854`(尺对了,却把**在位者**算进了该评的那群仪器)· **`direction`** ← `#859`①(前三个都对了,而**符号翻转**照样让阈值通过);⇒ **一句关于方法的话:我以为「判据」是一个东西,四次事故之后它是四个 —— 量什么","说「永远是错的」的人里,有 66% 说可以让他去教书",1,0
README_zh.md,851,,89555,"ction**;⚠ **改不了的**:`direction` 与 `yardstick`/`population` 一样是**自由输入**,工具**不检查它填得对不对**,只保证**这个问题被问过一次** —— **与 `#851` 的欠账闸、`#855` 的 `population` 同一形状:闸保证「有一行」,从不保证「那一行是对的」**;⚠ **不要再给判据加第五",一张永远自洽的空表:`debts_gate` 从不检查表被更新过,1,0
README_zh.md,855,,89567,"改不了的**:`direction` 与 `yardstick`/`population` 一样是**自由输入**,工具**不检查它填得对不对**,只保证**这个问题被问过一次** —— **与 `#851` 的欠账闸、`#855` 的 `population` 同一形状:闸保证「有一行」,从不保证「那一行是对的」**;⚠ **不要再给判据加第五个部件** —— **四","`population` 进了工具:尺对了、总体错了,字符串检查看不出来",1,1
README_zh.md,858,,89772,"事故来定义,而不是由我现在想象** ⇒ 登记为**不做**,不是「以后做」⟩| | **变宽的是道德那条缝,而放行那条缝一动没动** | ⚠ **作用域**:GSS 的道德题 + 三道 Stouffer 公民自由题,与 `#858`/`#859` 同一作用域。**还 `#858`②** —— 那条**未预注册**的线索(裂口从 0.26–0.50 涨到 0.54–0.8","「是错的」和「不许他教书」不是同一条缝,而整条弧量的是前者",1,0
README_zh.md,859,,89779,"不是由我现在想象** ⇒ 登记为**不做**,不是「以后做」⟩| | **变宽的是道德那条缝,而放行那条缝一动没动** | ⚠ **作用域**:GSS 的道德题 + 三道 Stouffer 公民自由题,与 `#858`/`#859` 同一作用域。**还 `#858`②** —— 那条**未预注册**的线索(裂口从 0.26–0.50 涨到 0.54–0.88),本轮**","说「永远是错的」的人里,有 66% 说可以让他去教书",1,0
README_zh.md,858,,89796,"*不做**,不是「以后做」⟩| | **变宽的是道德那条缝,而放行那条缝一动没动** | ⚠ **作用域**:GSS 的道德题 + 三道 Stouffer 公民自由题,与 `#858`/`#859` 同一作用域。**还 `#858`②** —— 那条**未预注册**的线索(裂口从 0.26–0.50 涨到 0.54–0.88),本轮**预注册地**去问并拆开;⚠⚠⚠ *","「是错的」和「不许他教书」不是同一条缝,而整条弧量的是前者",1,0
README_zh.md,838,,89952,"54–0.88),本轮**预注册地**去问并拆开;⚠⚠⚠ **算术先说清楚**:`Δ裂口 = Δg_道德 − Δg_制裁` 是**恒等式不是发现**(残差 **5.55e-17**)⇒ **和是恒等式,分法才是测量**(`#838` 同一条) | **道德分量**:发言 −0.317 [−0.394,−0.237] / 潜在 −0.391 [−0.513,−0.255]","九十年代那条缝张开,是世俗那边走了,不是虔诚那边顶住了",1,0
README_zh.md,858,,90357,",因为 B 本来就没成立**:允许率 **73.1%→87.0%(教书)· 81.1%→88.6%(发言)· 70.7%→81.3%(图书馆)**,**逼近天花板** ⇒ 我担心「制裁缝变窄」是压出来的,于是潜在尺同跑(`#858` 已证它**放大**而非缩小效应)—— **而制裁分量在两把尺上都没动;混淆写对了,只是它要防的那个结论根本没出现**;⚠⚠⚠ **而 `#","「是错的」和「不许他教书」不是同一条缝,而整条弧量的是前者",1,0
README_zh.md,860,,90431,"**逼近天花板** ⇒ 我担心「制裁缝变窄」是压出来的,于是潜在尺同跑(`#858` 已证它**放大**而非缩小效应)—— **而制裁分量在两把尺上都没动;混淆写对了,只是它要防的那个结论根本没出现**;⚠⚠⚠ **而 `#860` 刚补的 `direction` 参数,本轮第一次用就开火了**:制裁分量六个值符号翻转,闸打出 **`方向:不一致 [-1,1] ⚠ 符号",`direction` 进了工具:判据的第四个部件,1,1
README_zh.md,859,,90541,"`#860` 刚补的 `direction` 参数,本轮第一次用就开火了**:制裁分量六个值符号翻转,闸打出 **`方向:不一致 [-1,1] ⚠ 符号翻转 —— 只要求量级的阈值会让它通过`** ——**它标记的正是 `#859` 那次让我下错判词的形状,而这次它在判词写出来之前就出现在输出里**;闸:① 恒等式(**比两个非零值本身**,`#770`/`#773` ","说「永远是错的」的人里,有 66% 说可以让他去教书",1,0
README_zh.md,770,,90603,"一致 [-1,1] ⚠ 符号翻转 —— 只要求量级的阈值会让它通过`** ——**它标记的正是 `#859` 那次让我下错判词的形状,而这次它在判词写出来之前就出现在输出里**;闸:① 恒等式(**比两个非零值本身**,`#770`/`#773` —— 第一版又把 `max|差|` 和字面 0 比、被库判 `DEGENERATE`,当场改)⇒ 过;③ **正控**只往 ","解释份额是推导不是测量,而我用它写了五轮",1,0
README_zh.md,773,,90610,"1] ⚠ 符号翻转 —— 只要求量级的阈值会让它通过`** ——**它标记的正是 `#859` 那次让我下错判词的形状,而这次它在判词写出来之前就出现在输出里**;闸:① 恒等式(**比两个非零值本身**,`#770`/`#773` —— 第一版又把 `max|差|` 和字面 0 比、被库判 `DEGENERATE`,当场改)⇒ 过;③ **正控**只往 **2010s","连唯一没饱和的那一题也判不了,而这是第二次 ⇒ 换方向",1,0
README_zh.md,854,,91200,"更同意彼此;分歧没有消失,它换了地方 —— 从「怎么对待他」搬到了「他做的对不对」** `[#861「变宽的是道德那条缝」]`(Entry 861) 〔GSS〕 ⟨⚠ **本站结构性做不到的**:① **换不了仪器**(`#854` 已点名七具,Stouffer 三题是 GSS 独有);② 横断面 ⇒ **无因果识别**,不能问「是道德先松还是制裁先松」;③ 两个十年之","那堵墙立着,但理由不是我写的那个;而 kill 的**总体**错了一次",1,0
README_zh.md,858,,91408,"两个分量是共同的**(同一批人同一份问卷)⇒ **对「哪一边动」无害,对「变了多少」有害** ⇒ **只报哪一边,不把绝对量当社会变迁的度量**;⚠ **不要把「制裁缝没动」读成「制裁上没有分歧」** —— 它一直存在(`#858`:12/12 格),**只是它的宽度这三十年没变**⟩| | **制裁那一侧的主轴不是宗教,是教育:六个格子,无一例外** | ⚠ **作用","「是错的」和「不许他教书」不是同一条缝,而整条弧量的是前者",1,0
README_zh.md,858,,91559,"那一侧的主轴不是宗教,是教育:六个格子,无一例外** | ⚠ **作用域**:GSS 三道 Stouffer 公民自由题(**不含道德题** —— 见下面那条当场改掉的判词)。**`§3` basin + 元分离器**:`#858`/`#859`/`#861` 连着三轮问「判断 vs 制裁」,再往前八轮问那条缝的性质 ⇒ **而整条弧从 `#832` 起,世界分解方式一","「是错的」和「不许他教书」不是同一条缝,而整条弧量的是前者",1,0
README_zh.md,859,,91566,"是宗教,是教育:六个格子,无一例外** | ⚠ **作用域**:GSS 三道 Stouffer 公民自由题(**不含道德题** —— 见下面那条当场改掉的判词)。**`§3` basin + 元分离器**:`#858`/`#859`/`#861` 连着三轮问「判断 vs 制裁」,再往前八轮问那条缝的性质 ⇒ **而整条弧从 `#832` 起,世界分解方式一直是 `[虔诚","说「永远是错的」的人里,有 66% 说可以让他去教书",1,0
README_zh.md,861,,91573,":六个格子,无一例外** | ⚠ **作用域**:GSS 三道 Stouffer 公民自由题(**不含道德题** —— 见下面那条当场改掉的判词)。**`§3` basin + 元分离器**:`#858`/`#859`/`#861` 连着三轮问「判断 vs 制裁」,再往前八轮问那条缝的性质 ⇒ **而整条弧从 `#832` 起,世界分解方式一直是 `[虔诚分层] × [","变宽的是道德那条缝,而放行那条缝一动没动",1,0
README_zh.md,832,,91619,"(**不含道德题** —— 见下面那条当场改掉的判词)。**`§3` basin + 元分离器**:`#858`/`#859`/`#861` 连着三轮问「判断 vs 制裁」,再往前八轮问那条缝的性质 ⇒ **而整条弧从 `#832` 起,世界分解方式一直是 `[虔诚分层] × [十年] × [题]`,把「宗教」当成那条裂缝** ⇒ **这个分解本身有没有可能是错的?**","62 格、两根轴、五种族定义,只剩一件事:九十年代那一格",1,0
README_zh.md,834,,91723,"而整条弧从 `#832` 起,世界分解方式一直是 `[虔诚分层] × [十年] × [题]`,把「宗教」当成那条裂缝** ⇒ **这个分解本身有没有可能是错的?**;⚠⚠⚠ **它有一个具体可查的薄弱点而我一直没查**:`#834` 确实在七根轴上比过并发现只剩宗教,**但那是在 `homosex` 上比的,那是道德判断题 —— 三道制裁题从来没做过跨轴比较**;而 `","那条缝沿着两条线裂:信不信教,和多大年纪。而我的判词把第二条说没了",1,0
README_zh.md,861,,91798,"能是错的?**;⚠⚠⚠ **它有一个具体可查的薄弱点而我一直没查**:`#834` 确实在七根轴上比过并发现只剩宗教,**但那是在 `homosex` 上比的,那是道德判断题 —— 三道制裁题从来没做过跨轴比较**;而 `#861` 刚证明制裁那条缝**三十年一动没动**、`#858` 证明它**比道德缝窄** ⇒ **一条又窄又不动的缝,凭什么假定也是宗教在撑?**;","变宽的是道德那条缝,而放行那条缝一动没动",1,0
README_zh.md,858,,91825,"我一直没查**:`#834` 确实在七根轴上比过并发现只剩宗教,**但那是在 `homosex` 上比的,那是道德判断题 —— 三道制裁题从来没做过跨轴比较**;而 `#861` 刚证明制裁那条缝**三十年一动没动**、`#858` 证明它**比道德缝窄** ⇒ **一条又窄又不动的缝,凭什么假定也是宗教在撑?**;⚠ **经典文献的预测与本项目框架相反**(Stouf","「是错的」和「不许他教书」不是同一条缝,而整条弧量的是前者",1,0
README_zh.md,860,,92902,"必须能失败);④ **负控**打乱宗教轴标签 ⇒ **+0.0467** 落在地板内(⚠ **「这个零该不该是零?」该**);⑤ kill 没过,其 `direction` = **一致 [-1]**(宗教在每一格都输,`#860` 补的参数第二次用);⚠⚠ **而第一版判词多写了半句「在『这样对不对』上把美国人分开的是信仰」,当场改掉了 —— 那半句本轮根本没测**,",`direction` 进了工具:判据的第四个部件,1,1
README_zh.md,834,,92982,"ction` = **一致 [-1]**(宗教在每一格都输,`#860` 补的参数第二次用);⚠⚠ **而第一版判词多写了半句「在『这样对不对』上把美国人分开的是信仰」,当场改掉了 —— 那半句本轮根本没测**,它来自 `#834`,**而 `#834` 比的是「偏离自己匀速参照」不是「缝的水平」,两个不同的估计量** ⇒ **道德题的水平跨轴比较从来没做过,登记为 N","那条缝沿着两条线裂:信不信教,和多大年纪。而我的判词把第二条说没了",1,0
README_zh.md,834,,92993,"一致 [-1]**(宗教在每一格都输,`#860` 补的参数第二次用);⚠⚠ **而第一版判词多写了半句「在『这样对不对』上把美国人分开的是信仰」,当场改掉了 —— 那半句本轮根本没测**,它来自 `#834`,**而 `#834` 比的是「偏离自己匀速参照」不是「缝的水平」,两个不同的估计量** ⇒ **道德题的水平跨轴比较从来没做过,登记为 NEXT 不写进结论**","那条缝沿着两条线裂:信不信教,和多大年纪。而我的判词把第二条说没了",1,0
README_zh.md,854,,93265,"子,无一例外。信仰仍然分开他们(0.34–0.51),只是每一次都不如学历分得开** `[#862「主轴不是宗教,是教育」]`(Entry 862) 〔GSS〕 ⟨⚠ **本站结构性做不到的**:① **换不了仪器**(`#854` 已点名七具,Stouffer 三题是 GSS 独有);② 横断面 ⇒ **无因果识别**,不能问「是教育造成宽容,还是宽容的人去读了书」;","那堵墙立着,但理由不是我写的那个;而 kill 的**总体**错了一次",1,0
README_zh.md,862,,93670,"**:GSS 道德题 `homosex`(6 十年 × 2 尺 = 12 格)+ 制裁三题(30 格)+ **跨仪器 NSFG `samesex`**(2 波 × 2 尺 = 4 格,**只有五根轴能对上**)。**还 `#862`①** —— `#862` 的判词第一版多写了半句「在『这样对不对』上把美国人分开的是信仰」,**当场删掉了**,因为那半句来自 `#834","制裁那一侧的主轴不是宗教,是教育:六个格子,无一例外",1,0
README_zh.md,862,,93683,"omosex`(6 十年 × 2 尺 = 12 格)+ 制裁三题(30 格)+ **跨仪器 NSFG `samesex`**(2 波 × 2 尺 = 4 格,**只有五根轴能对上**)。**还 `#862`①** —— `#862` 的判词第一版多写了半句「在『这样对不对』上把美国人分开的是信仰」,**当场删掉了**,因为那半句来自 `#834`,而 **`#834` ","制裁那一侧的主轴不是宗教,是教育:六个格子,无一例外",1,0
README_zh.md,834,,93741,"x`**(2 波 × 2 尺 = 4 格,**只有五根轴能对上**)。**还 `#862`①** —— `#862` 的判词第一版多写了半句「在『这样对不对』上把美国人分开的是信仰」,**当场删掉了**,因为那半句来自 `#834`,而 **`#834` 比的是「偏离自己的匀速参照」,不是「缝的水平」** —— 两个不同的估计量;本轮用**与 `#862` 逐字相同的构","那条缝沿着两条线裂:信不信教,和多大年纪。而我的判词把第二条说没了",1,0
README_zh.md,834,,93752,"2 尺 = 4 格,**只有五根轴能对上**)。**还 `#862`①** —— `#862` 的判词第一版多写了半句「在『这样对不对』上把美国人分开的是信仰」,**当场删掉了**,因为那半句来自 `#834`,而 **`#834` 比的是「偏离自己的匀速参照」,不是「缝的水平」** —— 两个不同的估计量;本轮用**与 `#862` 逐字相同的构造**补上 | **宗","那条缝沿着两条线裂:信不信教,和多大年纪。而我的判词把第二条说没了",1,0
README_zh.md,862,,93804,"一版多写了半句「在『这样对不对』上把美国人分开的是信仰」,**当场删掉了**,因为那半句来自 `#834`,而 **`#834` 比的是「偏离自己的匀速参照」,不是「缝的水平」** —— 两个不同的估计量;本轮用**与 `#862` 逐字相同的构造**补上 | **宗教在 12/12 个道德格里 `|g|` 最大,次多的轴 0 格**(均值尺 1970s −0.635 ","制裁那一侧的主轴不是宗教,是教育:六个格子,无一例外",1,0
README_zh.md,862,,93941,"12/12 个道德格里 `|g|` 最大,次多的轴 0 格**(均值尺 1970s −0.635 → 2010s −1.053;潜在尺 2010s −1.370);同一次运行里**制裁 28/30 格是教育** ⇒ **`#862` 在修好的地板下、多了四个十年之后仍然成立**;**跨仪器 NSFG 4/4 格主轴也是宗教**(2018 均值尺 宗教 −0.861 · ","制裁那一侧的主轴不是宗教,是教育:六个格子,无一例外",1,0
README_zh.md,862,,94077,"立**;**跨仪器 NSFG 4/4 格主轴也是宗教**(2018 均值尺 宗教 −0.861 · 教育 +0.353 · 种族 +0.337 · 年龄 −0.256 · 性别 −0.210);⚠⚠ **而本轮同时攻击 `#862` 自己,读它的代码找到四处可查的缺陷,全部修掉**:① **docstring 写着「BH 与 BY 都做」而脚本里一个多重性校正都没有**","制裁那一侧的主轴不是宗教,是教育:六个格子,无一例外",1,0
README_zh.md,862,,94529," 50/50 ⇒ 本轮每格自己的置换地板,**跨度 0.0316–0.1454,最宽是最窄的 4.6 倍**;④ **把 `Δg` 印成「`|g|` 动」**(`g<0` 时符号相反,标签错数没错);⚠⚠⚠ **并撤掉 `#862` 判词里的四个字**:「六个格子,无一例外」是只看了两个十年 —— 六个十年下**例外 2 格(1970s 教书题两把尺主轴都是年龄)**,","制裁那一侧的主轴不是宗教,是教育:六个格子,无一例外",1,2
README_zh.md,862,,95070,*而控制也必须能通过**(`realstat §4`):floor 0 < 阈 0.05 < ceiling **2.0399**;**保留率 84.2% · MDE 0.12** —— **`G2` 明写要报这两个而 `#862` 一个都没报**;⑤ 负控打乱宗教标签 **0.0526 ≤ 该格地板 0.0540**;⑥ **安慰剂 = `ballot`(GSS 自己,"制裁那一侧的主轴不是宗教,是教育:六个格子,无一例外",1,0
README_zh.md,861,,95252,"S 自己随机分配的问卷版本,真实变量不是我的 rng)⇒ 34/34 格落在自己地板内**;⑦ kill 没过,`direction` **一致 [1]**;**仪器交换的规范检验** `scipy.ndtri` vs `#861` 手写二分 `ppf` 401 点最大差 **2.1e-13**;**潜在尺三切点 g 的标准差/同格 `|g|` = 0.06 ⇒ 等距假","变宽的是道德那条缝,而放行那条缝一动没动",1,0
README_zh.md,862,,95849,"同一个话题,两条缝」]`(Entry 863) 〔GSS + NSFG〕 ⟨⚠ **本站结构性做不到的**:① **制裁三题换不了仪器**(Stouffer 三题盘上是 GSS 独有)⇒ **跨仪器只覆盖道德题,不覆盖 `#862` 的结论**;② 横断面 ⇒ **无因果识别**;③ **只比「哪根轴最宽」,不做多元调整** —— 那是另一个估计量,各轴相关性高时对设定","制裁那一侧的主轴不是宗教,是教育:六个格子,无一例外",1,0
README_zh.md,863,,96145,"的跨仪器复制盘上不存在**⟩| | **问「对不对」时美国人是一条坡,问「拦不拦」时就不是了 —— 那里只有一个孤立的少数** | ⚠ **作用域**:GSS 四道题 × 七根轴 × 六个十年 × 两种总体规格。**还 `#863`①** —— `|g|` 是**两端三分位之差,它把中间那三分之一整个扔掉了**;⚠⚠⚠ **而换估计量之前先做算术,本轮的全部严肃性在这里","同一个话题,两条缝:「对不对」上是信仰,「拦不拦」上是学历",1,2
README_zh.md,862,,96503,"个写法,真正的测量是 `R = η²÷(g²/6)` 偏离 1 有多远** | **① 主轴排名 42/42 格完全一致** —— η²(用 100% 的人)与 `|g|`(用 68%)选出同一根主轴,无一例外 ⇒ **`#862`/`#863` 的结论不是尺的产物**;**② R 中位 1.347,落在预注册区间 [0.8,1.25] 之外 ⇒ kill `OVERT","制裁那一侧的主轴不是宗教,是教育:六个格子,无一例外",1,1
README_zh.md,863,,96510,"测量是 `R = η²÷(g²/6)` 偏离 1 有多远** | **① 主轴排名 42/42 格完全一致** —— η²(用 100% 的人)与 `|g|`(用 68%)选出同一根主轴,无一例外 ⇒ **`#862`/`#863` 的结论不是尺的产物**;**② R 中位 1.347,落在预注册区间 [0.8,1.25] 之外 ⇒ kill `OVERTURNED`*","同一个话题,两条缝:「对不对」上是信仰,「拦不拦」上是学历",1,0
README_zh.md,863,,97430,"ballot` 越界 2/34,`P(X≥2)=0.512`,二项 95 分位 4** ⇒ 落在零里;⑥ 多重性 290 格,**BH 250 · BY 236,不同意的 14 格一起发表**;⚠⚠ **而本轮同时修掉 `#863` 的两处控制读法错误,两处都是把「控制通过」读成了「仪器好」**:① **`#863` 的正控植入方向是抵消不是植入** —— 宗教 `g<","同一个话题,两条缝:「对不对」上是信仰,「拦不拦」上是学历",1,0
README_zh.md,863,,97473," ⇒ 落在零里;⑥ 多重性 290 格,**BH 250 · BY 236,不同意的 14 格一起发表**;⚠⚠ **而本轮同时修掉 `#863` 的两处控制读法错误,两处都是把「控制通过」读成了「仪器好」**:① **`#863` 的正控植入方向是抵消不是植入** —— 宗教 `g<0`,往高组加 +0.30 是把两组**拉近**,`Δg=+0.1782` 是效应被*","同一个话题,两条缝:「对不对」上是信仰,「拦不拦」上是学历",1,0
README_zh.md,863,,97590,"的正控植入方向是抵消不是植入** —— 宗教 `g<0`,往高组加 +0.30 是把两组**拉近**,`Δg=+0.1782` 是效应被**削掉**的量而文字写成「植入」(灵敏度那一半成立,方向那一半的措辞错);② **`#863` 的安慰剂 34/34 被读成「干净」** —— 95 分位地板套 34 格**期望就有 1.7 个越界**,`P(X=0)=0.175`,","同一个话题,两条缝:「对不对」上是信仰,「拦不拦」上是学历",1,0
README_zh.md,854,,98401,"SS 滚动面板在这三道题上不够** ⇒ **结构性拿不到,不是没做**;③ **`R` 的偏离不能唯一归因** —— 非正态·重并·组不等大·中间非线性四条同时在场,本轮只分离出 `λ` 那一条;④ **换不了仪器**(`#854`),道德题的 NSFG 版 `#863` 已跑,本轮不重复⟩| | **那几块少数既不是同一批人,也不站在同一边** | ⚠ **作用域**","那堵墙立着,但理由不是我写的那个;而 kill 的**总体**错了一次",1,0
README_zh.md,863,,98421,"**结构性拿不到,不是没做**;③ **`R` 的偏离不能唯一归因** —— 非正态·重并·组不等大·中间非线性四条同时在场,本轮只分离出 `λ` 那一条;④ **换不了仪器**(`#854`),道德题的 NSFG 版 `#863` 已跑,本轮不重复⟩| | **那几块少数既不是同一批人,也不站在同一边** | ⚠ **作用域**:GSS 三道制裁题 × 4 个十年 ×","同一个话题,两条缝:「对不对」上是信仰,「拦不拦」上是学历",1,0
README_zh.md,864,,98560,"是同一批人,也不站在同一边** | ⚠ **作用域**:GSS 三道制裁题 × 4 个十年 × 2 种块粗细(**1970s 整个十年落空** —— `polviews` 1974 才开始,该格过不了组量下限)。**还 `#864`①**;⚠⚠ **而第一件事是撤 `#864` 判词末句里的过度概括** —— 它写的是「反对的人是一个自成一块的少数派」,而逐轴查(用 `","中间那三分之一站在哪边:制裁题上没有坡,只有一个孤立的少数",1,0
README_zh.md,864,,98583,"用域**:GSS 三道制裁题 × 4 个十年 × 2 种块粗细(**1970s 整个十年落空** —— `polviews` 1974 才开始,该格过不了组量下限)。**还 `#864`①**;⚠⚠ **而第一件事是撤 `#864` 判词末句里的过度概括** —— 它写的是「反对的人是一个自成一块的少数派」,而逐轴查(用 `#864` 自己的产物,不是记忆):**信仰 ","中间那三分之一站在哪边:制裁题上没有坡,只有一个孤立的少数",1,0
README_zh.md,864,,98635,"`polviews` 1974 才开始,该格过不了组量下限)。**还 `#864`①**;⚠⚠ **而第一件事是撤 `#864` 判词末句里的过度概括** —— 它写的是「反对的人是一个自成一块的少数派」,而逐轴查(用 `#864` 自己的产物,不是记忆):**信仰 λ_perm 0.354–0.366、年龄 0.075–0.207 ⇒ 孤立块在不宽容侧;政治 0.63","中间那三分之一站在哪边:制裁题上没有坡,只有一个孤立的少数",1,0
README_zh.md,860,,99418,"多重性 24 格,**BH 存活 10 · BY 存活 0** ⇒ **BY 下一个都不剩,这是本轮最该被降级的部分**;kill 的 `direction` **不一致 [-1,1]** —— lift 骑在 1 上,`#860` 那个参数第三次开火,而这次它说的正是「没有效应」;⚠⚠ **本轮自己犯了三处**:① 第一版拿置换零比常数 7/27,负控 FAIL ——",`direction` 进了工具:判据的第四个部件,1,1
README_zh.md,864,,99656,"40 · **政治 0.275**(`polviews` 7 档整数、中间组近四成),改为逐格边际后偏差 **0.0206 → 0.0009**;② 第一版判词把政治那块写成「最保守的」,**实测是自由派** —— **`#864` 刚在同一处栽过,隔一轮又栽一次**;③ 第一版**整张网格是空的** —— 块划分写成「≤下分位/≥上分位/严格居中」,而 **`polv","中间那三分之一站在哪边:制裁题上没有坡,只有一个孤立的少数",1,0
README_zh.md,864,,99775,"同一处栽过,隔一轮又栽一次**;③ 第一版**整张网格是空的** —— 块划分写成「≤下分位/≥上分位/严格居中」,而 **`polviews` 的两个三分位切点落在相邻整数(4 和 5)上 ⇒ 严格居中那组是空集**(`#864` 用的是含端点的 `np.digitize`),**不是笔误,是离散变量的粒度**,顺手把空网格改成显式报错并逐轴计数;⇒ **一句关于人的","中间那三分之一站在哪边:制裁题上没有坡,只有一个孤立的少数",1,0
README_zh.md,864,,100263,"*「同一批人」只能到「同一年里的同一批受访者」** —— GSS 无面板 ⇒ **结构性拿不到,不是没做**;③ **块依赖三分位这个人为切法**(跑了三分位与四分位两个粗细)—— **连续变量本来就没有真的「块」**,`#864` 量到的是中间组的位置不是自然聚类,**本轮不做聚类,那是另一个估计量**;④ **换不了仪器**(`#854`)⟩| | **UNVERI","中间那三分之一站在哪边:制裁题上没有坡,只有一个孤立的少数",1,0
README_zh.md,854,,100319," **块依赖三分位这个人为切法**(跑了三分位与四分位两个粗细)—— **连续变量本来就没有真的「块」**,`#864` 量到的是中间组的位置不是自然聚类,**本轮不做聚类,那是另一个估计量**;④ **换不了仪器**(`#854`)⟩| | **UNVERIFIED —— 而三次不通过的是三个不同的仪器缺陷,没有一个是数据** | ⚠ **作用域**:GSS 五个平行","那堵墙立着,但理由不是我写的那个;而 kill 的**总体**错了一次",1,0
README_zh.md,865,,100459,"次不通过的是三个不同的仪器缺陷,没有一个是数据** | ⚠ **作用域**:GSS 五个平行靶(同性恋 · 种族主义者 · 共产主义者 · 军管主义者 · 无神论者)× 各自的十年 × 2 种切法,共 56 格。**还 `#865`①**;⚠⚠ **算术先行 —— 最直觉的那个问法是被强制的**:「零块反对者与块内反对者反对得一样多吗」被①块本来就预测反不反对、②只看「","那几块少数既不是同一批人,也不站在同一边",1,0
README_zh.md,863,,100948,"书馆」,而 B≥1 本来就最常只拒图书馆(剖面 发言 0.103 · 教书 0.207 · **图书馆 0.690**)⇒ TVD **0.1896 → 0.0274(−0.16)**,**证明了灵敏度却证反了方向**(`#863` 刚犯过同一个错 —— **四轮里第三次**)⇒ 改成**方向由数据算 + 剂量-反应**:0%→0.1896 · 5%→0.2166 · ","同一个话题,两条缝:「对不对」上是信仰,「拦不拦」上是学历",1,0
README_zh.md,111,c,101967,"5 · 无神论者 0.0629 → 2/6 ⇒ **我要找的「专属于这个对象的第二种反对」若存在,homo 应当最突出;实测它最不突出** —— ⚠ **但这在 `UNVERIFIED` 下只是描述不是结论**;⚠ **`#111c` 明写连续两次 `UNVERIFIED` 就换方向,本轮跑到第三次** —— 记下来:**唯一让第三次没变成「追判词」的,是那次我先去量、而","剂量在这套数据上问不出来,这是能力边界不是零;而我为了追它偏离了自己写下的 NEXT 三轮",1,0
README_zh.md,866,,102751,"ation` 也进了控制行:判据的第五个部件** | ⚠ **作用域**:本项目自己的闸 `lib/gates.py`,**Production 不是 Frontier —— 本轮不问任何关于人的问题,只修工具**。还 `#866`①。**这是同一族错误的第四次**:`#821`/`#836` 坏在**尺**(kill 的尺是种子散布 0.016,而那个量自己的噪声 0","UNVERIFIED,而三次不通过的是三个不同的仪器缺陷,没有一个是数据",1,0
README_zh.md,821,,102775," | ⚠ **作用域**:本项目自己的闸 `lib/gates.py`,**Production 不是 Frontier —— 本轮不问任何关于人的问题,只修工具**。还 `#866`①。**这是同一族错误的第四次**:`#821`/`#836` 坏在**尺**(kill 的尺是种子散布 0.016,而那个量自己的噪声 0.175)⇒ 补 `yardstick`;`#8","kill 的尺子用错了噪声:种子跨度量的是可复现性,不是精度",1,1
README_zh.md,836,,102782,"作用域**:本项目自己的闸 `lib/gates.py`,**Production 不是 Frontier —— 本轮不问任何关于人的问题,只修工具**。还 `#866`①。**这是同一族错误的第四次**:`#821`/`#836` 坏在**尺**(kill 的尺是种子散布 0.016,而那个量自己的噪声 0.175)⇒ 补 `yardstick`;`#854` 坏在*","换单位到社会:那条「谴责↔稀少」的关联,只有同一批编码者看得见",1,0
README_zh.md,854,,102848,"的问题,只修工具**。还 `#866`①。**这是同一族错误的第四次**:`#821`/`#836` 坏在**尺**(kill 的尺是种子散布 0.016,而那个量自己的噪声 0.175)⇒ 补 `yardstick`;`#854` 坏在**总体**(kill 写成「任一仪器三轴全过」,主张已经住在里面的 GSS 自己过了)⇒ 补 `population`;`#859`","那堵墙立着,但理由不是我写的那个;而 kill 的**总体**错了一次",1,2
README_zh.md,859,,102918,"布 0.016,而那个量自己的噪声 0.175)⇒ 补 `yardstick`;`#854` 坏在**总体**(kill 写成「任一仪器三轴全过」,主张已经住在里面的 GSS 自己过了)⇒ 补 `population`;`#859` 坏在**方向**(6/6 都超地板,而那个差的符号在两个十年之间翻转)⇒ 补 `direction`;**`#866` 坏在第四个部件:控","说「永远是错的」的人里,有 66% 说可以让他去教书",1,0
README_zh.md,866,,102978," 写成「任一仪器三轴全过」,主张已经住在里面的 GSS 自己过了)⇒ 补 `population`;`#859` 坏在**方向**(6/6 都超地板,而那个差的符号在两个十年之间翻转)⇒ 补 `direction`;**`#866` 坏在第四个部件:控制的总体 ≠ 判据的总体** —— 安慰剂五靶合判、kill 只判其中一靶五格 | 改动:① `population` ","UNVERIFIED,而三次不通过的是三个不同的仪器缺陷,没有一个是数据",1,0
README_zh.md,866,,103242,"条控制行**比对,不同就标记**并点名是哪几条**;③ 三种退化情形各有各的话(**零条控制行** · **有控制行但无一命名总体** · **全部同一总体**);**攻击 `P7` 八个向量全部实跑**:④ **复现 `#866` 的真实形状**(安慰剂=五靶合并 vs kill=homo 五格)⇒ 标出 **1 条与判据不同**并点名 `['安慰剂 ballot']","UNVERIFIED,而三次不通过的是三个不同的仪器缺陷,没有一个是数据",1,0
README_zh.md,865,,103358," 的真实形状**(安慰剂=五靶合并 vs kill=homo 五格)⇒ 标出 **1 条与判据不同**并点名 `['安慰剂 ballot']` ✅;⑥ **旧签名输出逐字不变** ✅;**回归比攻击更重要**:**重跑 `#865`(R304),产物 `blocs_per_person.json` 逐字未变、判词仍是 `OVERTURNED`,`git diff` 为空","那几块少数既不是同一批人,也不站在同一边",1,0
README_zh.md,814,,103605,"会被标记,**这是有意的**(连总体的写法都对不上,读者就无法确认两行评的是同一群人);② **比对发生在 kill 断言的那一刻** ⇒ **之后声明的控制行比不到**,而这个限制被印进输出;③ **标记,不阻断**(`#814`/`#836`①/`#854`①/`#859`① 同一个决定,`L81` —— 阻断会让过去每一轮不可复现);⇒ **一句话,而它是关于我不",容差比噪声窄七倍:那两条负控是随机开火的,1,0
README_zh.md,836,,103612,"这是有意的**(连总体的写法都对不上,读者就无法确认两行评的是同一群人);② **比对发生在 kill 断言的那一刻** ⇒ **之后声明的控制行比不到**,而这个限制被印进输出;③ **标记,不阻断**(`#814`/`#836`①/`#854`①/`#859`① 同一个决定,`L81` —— 阻断会让过去每一轮不可复现);⇒ **一句话,而它是关于我不是关于人的:判","换单位到社会:那条「谴责↔稀少」的关联,只有同一批编码者看得见",1,0
README_zh.md,854,,103620,"连总体的写法都对不上,读者就无法确认两行评的是同一群人);② **比对发生在 kill 断言的那一刻** ⇒ **之后声明的控制行比不到**,而这个限制被印进输出;③ **标记,不阻断**(`#814`/`#836`①/`#854`①/`#859`① 同一个决定,`L81` —— 阻断会让过去每一轮不可复现);⇒ **一句话,而它是关于我不是关于人的:判据有四个可以各自","那堵墙立着,但理由不是我写的那个;而 kill 的**总体**错了一次",1,1
README_zh.md,859,,103628,"不上,读者就无法确认两行评的是同一群人);② **比对发生在 kill 断言的那一刻** ⇒ **之后声明的控制行比不到**,而这个限制被印进输出;③ **标记,不阻断**(`#814`/`#836`①/`#854`①/`#859`① 同一个决定,`L81` —— 阻断会让过去每一轮不可复现);⇒ **一句话,而它是关于我不是关于人的:判据有四个可以各自坏掉的部件,四个","说「永远是错的」的人里,有 66% 说可以让他去教书",1,0
README_zh.md,866,,104049,"规形式,**那是另一件东西,不是「以后做」**⟩| | **反对在一个人身上是一件事,不是三件;而「两层差多少」这批数据答不了** | ⚠ **作用域**:GSS 五靶 × 五个十年 × 两种层切法,150 格。**还 `#866`②**;⚠⚠ **先做算术,`#866` 那句话就倒了**:`E[R|R≥1,s] = E[R|s]/(1−P(R=0|s))`,而 **`","UNVERIFIED,而三次不通过的是三个不同的仪器缺陷,没有一个是数据",1,0
README_zh.md,866,,104069,"」**⟩| | **反对在一个人身上是一件事,不是三件;而「两层差多少」这批数据答不了** | ⚠ **作用域**:GSS 五靶 × 五个十年 × 两种层切法,150 格。**还 `#866`②**;⚠⚠ **先做算术,`#866` 那句话就倒了**:`E[R|R≥1,s] = E[R|s]/(1−P(R=0|s))`,而 **`E[R|s]` 被合成零逐字保留** ⇒","UNVERIFIED,而三次不通过的是三个不同的仪器缺陷,没有一个是数据",1,0
README_zh.md,866,,104202,"1,s] = E[R|s]/(1−P(R=0|s))`,而 **`E[R|s]` 被合成零逐字保留** ⇒ **观测与零的一切差别只经由 `P(R=0)` 一个数进入**(恒等式偏差 **2.41e-03**),**而 `#866` 报的是这个量在两层之间的差,一个差把两层共有的部分整个消掉** ⇒ **「残差为零」只能说「两层一样多」,不能说「没有」** | **正确","UNVERIFIED,而三次不通过的是三个不同的仪器缺陷,没有一个是数据",1,0
README_zh.md,867,,104782,"不动,**MDE τ=0.25**;④ 负控 **1.0161** ≤ 地板 1.0232(⚠ **「这个零该不该是 1?」该 —— 这是代数不是约定**);⑤ 安慰剂 `ballot` 越界 **0/20**;⚠ **`#867` 刚补的那条第一次开火**:闸打出 **`控制总体:5/5 条已命名,与判据同一总体`** —— **上一轮正是死在这里**;⚠⚠ **而 ",`population` 也进了控制行:判据的第五个部件,1,0
README_zh.md,865,,105033,",把 B=0 的 8 格联合表拉到 B≥1 的三个边际上,优势比逐字不动)跑遍整张网格后中位 +0.0256,13/25 格符号翻转** ⇒ **Δφ 的方向由「要不要匹配边际」决定,不由数据决定** ⇒ **判词 D,`#865`① 仍未答,但这次答不了的理由是量出来的**;⚠⚠⚠ **而本轮最贵的一件事是一次重新发现**:共产主义者那一靶 φ 先跑出 **0.645","那几块少数既不是同一批人,也不站在同一边",1,0
README_zh.md,868,,105266,"D · 5=not fired**,而其余四道 col* 都是 4=allowed to teach —— **十五题里唯一一道,名字平行、取值平行、题干相反**;改对后共产主义者归位到 2.025–2.144;**而 `#868`② 那条债(「『只有这两轮』是我数的,没 grep 过」)逼我提交前跑了 grep,结果推翻了我的叙述**:`#661` 点过名 · **`","反对在一个人身上是一件事,不是三件;而「两层差多少」这批数据答不了",1,0
README_zh.md,661,,105326,"唯一一道,名字平行、取值平行、题干相反**;改对后共产主义者归位到 2.025–2.144;**而 `#868`② 那条债(「『只有这两轮』是我数的,没 grep 过」)逼我提交前跑了 grep,结果推翻了我的叙述**:`#661` 点过名 · **`#680` 查过码本并把整张极性表写进账本**(原文 `⚠ colcom | 4=yes FIRED | 高 | 不反转","非性道德题也有方式效应,只是方向各不相同,而我拿有符号的中位把自己骗了",1,0
README_zh.md,680,,105341,"题干相反**;改对后共产主义者归位到 2.025–2.144;**而 `#868`② 那条债(「『只有这两轮』是我数的,没 grep 过」)逼我提交前跑了 grep,结果推翻了我的叙述**:`#661` 点过名 · **`#680` 查过码本并把整张极性表写进账本**(原文 `⚠ colcom | 4=yes FIRED | 高 | 不反转`)· **`R123`/`R","上一轮的撤回本身是错的,而错的来源是一件我已经点名过的缺陷",1,0
README_zh.md,866,,105470,"进账本**(原文 `⚠ colcom | 4=yes FIRED | 高 | 不反转`)· **`R123`/`R127`/`R151` 等约 180 轮都带着 `c != ""colcom""`,一次没错** · **是 `#866` 从头重写构造时把例外弄丢的** ⇒ **真正的发现不是「colcom 是反的」,是那条守则怎么死的:它活在一个被逐轮拷贝的 lambda ","UNVERIFIED,而三次不通过的是三个不同的仪器缺陷,没有一个是数据",1,0
README_zh.md,868,,106378,":38 份拷贝,8 份漏了那一行,而漏掉的那一行不是可有可无的** | ⚠ **作用域**:本项目自己的 860 个 `.py`,**PRODUCTION 不是 FRONTIER —— 本轮不问任何关于人的问题**。还 `#868`②。⚠ **而 `#868`① 本轮不做,理由写下来**:「零块反对者是不是另一种人」已经在 `#866`(三次 `UNVERIFIED`)","反对在一个人身上是一件事,不是三件;而「两层差多少」这批数据答不了",1,0
README_zh.md,868,,106392,"一行,而漏掉的那一行不是可有可无的** | ⚠ **作用域**:本项目自己的 860 个 `.py`,**PRODUCTION 不是 FRONTIER —— 本轮不问任何关于人的问题**。还 `#868`②。⚠ **而 `#868`① 本轮不做,理由写下来**:「零块反对者是不是另一种人」已经在 `#866`(三次 `UNVERIFIED`)与 `#868`(判词 D,","反对在一个人身上是一件事,不是三件;而「两层差多少」这批数据答不了",1,0
README_zh.md,866,,106431,"860 个 `.py`,**PRODUCTION 不是 FRONTIER —— 本轮不问任何关于人的问题**。还 `#868`②。⚠ **而 `#868`① 本轮不做,理由写下来**:「零块反对者是不是另一种人」已经在 `#866`(三次 `UNVERIFIED`)与 `#868`(判词 D,`Δφ` 不可辨识)连着两轮没答出,**`#111c` 明写连续两次 `UNV","UNVERIFIED,而三次不通过的是三个不同的仪器缺陷,没有一个是数据",1,1
README_zh.md,868,,106456,"不是 FRONTIER —— 本轮不问任何关于人的问题**。还 `#868`②。⚠ **而 `#868`① 本轮不做,理由写下来**:「零块反对者是不是另一种人」已经在 `#866`(三次 `UNVERIFIED`)与 `#868`(判词 D,`Δφ` 不可辨识)连着两轮没答出,**`#111c` 明写连续两次 `UNVERIFIED` 就换方向** ⇒ **四分相关是","反对在一个人身上是一件事,不是三件;而「两层差多少」这批数据答不了",1,0
README_zh.md,111,c,106488,"`#868`②。⚠ **而 `#868`① 本轮不做,理由写下来**:「零块反对者是不是另一种人」已经在 `#866`(三次 `UNVERIFIED`)与 `#868`(判词 D,`Δφ` 不可辨识)连着两轮没答出,**`#111c` 明写连续两次 `UNVERIFIED` 就换方向** ⇒ **四分相关是这个问题的第四把仪器,本轮不上,登记为仍 OPEN 而不是忘了**","剂量在这套数据上问不出来,这是能力边界不是零;而我为了追它偏离了自己写下的 NEXT 三轮",1,0
README_zh.md,868,,108155,"it()` 连**理由**一起印,⑦**空框原本静默返回 `[]`,当场改成抛错**(`realstat` 点名的「空总体通过」,**也是本轮攻击唯一真正抓到东西的向量**);⇒ **一句话,而它还是关于我不是关于人的:`#868` 说「靠拷贝活着的规则离灭绝只差一次重写」,那时它是一句从一个案例推出来的话。本轮去数,发现至少还有 19 条,而排头那一条已经死了一半 —","反对在一个人身上是一件事,不是三件;而「两层差多少」这批数据答不了",1,0
README_zh.md,869,,108832,"而它和领先的两根轴相关 0.56 与 0.47** | ⚠ **作用域**:BKS 那 8 轮实际使用的 20 列题集(19 道真题 + `biomale`)× k∈{2,3,4} × 标准化两版 × 相关矩阵两版。还 `#869`① —— `#869` 查出发现规则有 **38 份拷贝、8 份漏了 `if c!='biomale'`**,把影响登记为 **`UNASS","又一条守则死了一半:38 份拷贝,8 份漏了那一行,而漏掉的那一行不是可有可无的",1,1
README_zh.md,869,,108843," 0.56 与 0.47** | ⚠ **作用域**:BKS 那 8 轮实际使用的 20 列题集(19 道真题 + `biomale`)× k∈{2,3,4} × 标准化两版 × 相关矩阵两版。还 `#869`① —— `#869` 查出发现规则有 **38 份拷贝、8 份漏了 `if c!='biomale'`**,把影响登记为 **`UNASSESSED` 并明写「","又一条守则死了一半:38 份拷贝,8 份漏了那一行,而漏掉的那一行不是可有可无的",1,1
README_zh.md,867,,109816,"?」不该是 0,该是「一道真题的量级」** —— 加一列总会转一点,**打乱后剩下的正是「加了一列」这件事本身**);⑤ 安慰剂(独立 Bernoulli(0.5),把「二值+方差」减掉)⇒ **0.15°**;⚠ **`#867` 那条第二次开火**:`控制总体:5/5 条已命名,与判据同一总体`;⇒ **决定性的一条不是转角,是相关**:**前两根成分的人层得分与「",`population` 也进了控制行:判据的第五个部件,1,0
README_zh.md,871,,110959," is the first row written that way; the back-catalogue **is still Chinese, and converting it is registered as `#871`②, not silently claimed as done**. ⚠ **Scope**: the 5 of `#869`'s 8 sc",the missing line changed every number and not one conclusion,1,0
README_zh.md,869,,111022,"ll Chinese, and converting it is registered as `#871`②, not silently claimed as done**. ⚠ **Scope**: the 5 of `#869`'s 8 scripts that still run, each executed as-committed / with the mis","又一条守则死了一半:38 份拷贝,8 份漏了那一行,而漏掉的那一行不是可有可无的",1,0
README_zh.md,870,,111152,"hat still run, each executed as-committed / with the missing line restored / with one real item dropped. Pays `#870`①; ⚠⚠ **and `#870`'s own NEXT prescribed the wrong method, which is th","那 8 轮把「是不是男的」当成了第 20 个性癖,而它和领先的两根轴相关 0.56 与 0.47",1,0
README_zh.md,870,,111170,"h executed as-committed / with the missing line restored / with one real item dropped. Pays `#870`①; ⚠⚠ **and `#870`'s own NEXT prescribed the wrong method, which is the first thing reco","那 8 轮把「是不是男的」当成了第 20 个性癖,而它和领先的两根轴相关 0.56 与 0.47",1,0
README_zh.md,867,,113580,"ror` has **no output to be deterministic about**, so demanding it is a control failing for its own reasons, **`#867`'s defect class, which is exactly what the gate's control-population c",`population` 也进了控制行:判据的第五个部件,1,1
README_zh.md,870,,114692,"question flips outright, and one script in this very set already flips when any single item is dropped.** ⚠ **`#870`'s contamination still stands** — the leading two components really do","那 8 轮把「是不是男的」当成了第 20 个性癖,而它和领先的两根轴相关 0.56 与 0.47",1,0
README_zh.md,871,,116245,he reported numbers are the second sweep's and **a determinism check run under load measures the load**. Pays `#871`①. ⚠⚠ **The prior-art gate fired first and changed the design rather t,the missing line changed every number and not one conclusion,1,1
README_zh.md,871,,116824,"a sham""* ⇒ **leave-one-out is not new here, but every one of those drops a UNIT — a person, a split, a point. `#871` stumbled onto a different perturbation: dropping an ITEM, one of the ",the missing line changed every number and not one conclusion,1,1
README_zh.md,871,,118331,"ha1` **of their own source**, so any edit changes the output by construction and the stamp must be stripped — `#871` lost a whole control to exactly this); **arithmetic first**: a script",the missing line changed every number and not one conclusion,1,0
README_zh.md,872,,120714," honestly; this round asks nothing about people. **Scope**: this project's own ledger and its two pages. Pays `#872`①, which measured the conversion instead of starting it and found the ",this project has always checked whether a finding survives dropping a PERSON; it had never checked whether it survives dropping a QUESTION,1,2
README_zh.md,873,,122795,ther than hidden**: the corpus re-derivability sweep was launched before this round existed and called itself `#873`; it is renumbered **`#874`** on disk and **the artifact it is still w,"a converter that refuses, because this operation will be repeated 858 times",1,1
README_zh.md,874,,122822,pus re-derivability sweep was launched before this round existed and called itself `#873`; it is renumbered **`#874`** on disk and **the artifact it is still writing will carry the stale,"the sweep that was supposed to measure re-derivability could not be run, and the reason is my design",1,2
README_zh.md,873,,124042,"s no controls; ④ **not one entry has been converted** — building the tool is not doing the job, registered as `#873`① rather than counted as progress⟩| | **The sweep that was supposed to","a converter that refuses, because this operation will be repeated 858 times",1,1
README_zh.md,872,,124334,t. Written up because the failure is the finding.** **Scope**: all **835** round scripts in E01/E02/E03. Pays `#872`② — *how much of this project's evidence can still be regenerated* — *,this project has always checked whether a finding survives dropping a PERSON; it had never checked whether it survives dropping a QUESTION,1,3
README_zh.md,872,,124435,03. Pays `#872`② — *how much of this project's evidence can still be regenerated* — **and does not answer it; `#872`② stays OPEN** | ⚠⚠ **A cheaper instrument was tried first and failed ,this project has always checked whether a finding survives dropping a PERSON; it had never checked whether it survives dropping a QUESTION,1,2
README_zh.md,872,,125100,"DGED — two defects, both mine**: ① **the cost meter was run on a biased sample and I extrapolated from it** — `#872` had timed **38** scripts at ~3.5s and I projected 835×3.5s ≈ 49 min, ",this project has always checked whether a finding survives dropping a PERSON; it had never checked whether it survives dropping a QUESTION,1,0
README_zh.md,871,,126205,"took two passes, the third instance of one shape**: the first pass moved `.csv` — the extension I had seen in `#871` and `#872` — and left **112 `.json` files and 3 directories** behind ",the missing line changed every number and not one conclusion,1,0
README_zh.md,872,,126216,"sses, the third instance of one shape**: the first pass moved `.csv` — the extension I had seen in `#871` and `#872` — and left **112 `.json` files and 3 directories** behind ⇒ **relocat",this project has always checked whether a finding survives dropping a PERSON; it had never checked whether it survives dropping a QUESTION,1,0
README_zh.md,872,,127130,"uld not be run」]` (Entry 874) 〔this project's own round scripts〕 ⟨⚠ **What is still true and what is not**: **`#872`② is NOT answered** — no script was classified, **nothing here support",this project has always checked whether a finding survives dropping a PERSON; it had never checked whether it survives dropping a QUESTION,1,2
README_zh.md,872,,127475,"ded control **are** built and did pass on a probe, and that part is reusable; **the 3 known-dead scripts from `#872` remain the only measured cases, in a population of 38, and must not b",this project has always checked whether a finding survives dropping a PERSON; it had never checked whether it survives dropping a QUESTION,1,0
README_zh.md,820,,127649,"d must not be generalised to 835**⟩| | **那条缝沿着两条线裂:信不信教,和多大年纪。而我的判词把第二条说没了** | **十轮校正后站着的只有一句话,而它的主语只被对照过一次**(`#820` 的政治立场)⇒ 把同一张十年网格放到**七根轴**上(虔诚度 · 政治 · 受教育年数 · 年龄 · **南方 vs 其余** · **白","按虔诚分,鸿沟是猛地裂的;按政治立场分,同一条鸿沟只是匀速漂",1,0
README_zh.md,816,,128328,"着两条线裂开 —— 信不信教,和多大年纪。按受教育年数、按政治立场、按地区、按种族、按性别切开,那个十年都没有可比的裂口;而在对任意依赖都有效的校正下,只有「信不信教」那条线还站着**;⚠ **年龄那一格不是意外,它与 `#816`/`#817` 对得上**:那两轮测得九十年代那次张开里**约七分之一是世代构成的改变**(14.7% [1.1%, 37.9%])⇒ **","大部分是改了主意,但有七分之一根本不是「走」,是人换了",1,0
README_zh.md,817,,128335,"—— 信不信教,和多大年纪。按受教育年数、按政治立场、按地区、按种族、按性别切开,那个十年都没有可比的裂口;而在对任意依赖都有效的校正下,只有「信不信教」那条线还站着**;⚠ **年龄那一格不是意外,它与 `#816`/`#817` 对得上**:那两轮测得九十年代那次张开里**约七分之一是世代构成的改变**(14.7% [1.1%, 37.9%])⇒ **年龄轴单独出现",两次张开都不是纯粹的「走」;而两千年代的虔诚者根本没动,1,0
README_zh.md,827,,128730,"育 0.144 · 年龄 0.218 · 地区 0.240 · 种族 0.222 · 性别 0.158)⇒ **这些是真正不同的切法,不是同一批人换个名字 —— 所以「只有两根轴裂开」是有内容的话**;⓪ `G3` 用 `#827` 建的 `multiplicity_control`(整族一次校正,报 tested/surviving 并列没存活的);正控:植入 3× ","`G3` 六轮没被执行,因为库里根本没有它;而「二十五笔欠账」抄了二十五遍",1,0
README_zh.md,834,,128977," ≤ q 不是 0**);⚠ **改不了的**:**七根轴全来自 GSS 同一份问卷 ⇒ 这不是跨仪器复现**;BH 存活不证明为真;**`age`/1990s 在 BY 下不存活,比宗教那一格弱一档**⟩|  **而 `#834`① 问的那个「扣掉年龄」的量,第一件要写下的事是:它不可识别。****同一个调查年内,世代 = 年份 − 年龄,完全共线 —— 扣掉年龄的同","那条缝沿着两条线裂:信不信教,和多大年纪。而我的判词把第二条说没了",1,0
README_zh.md,837,,129955,"个社会这个尺度上,「越是压制,就越是看不到」这句话,目前只有当同一双眼睛同时读『他们多严』和『那里有没有』的时候才成立。所以它到今天为止,更像是一条关于民族志怎么被读的事实,而不是关于社会怎么运转的事实。** ⚠⚠ **`#837` 就地收窄**:「换一队人类学家就没了」是**观测**;「所以它是关于民族志怎么被读的事实」是**解释**,而这个解释需要先排除「那两队人本","三把尺子彼此同意吗:问不出来,而这句「问不出来」收窄了我昨天的头条",1,0
README_zh.md,837,,130045,"关于社会怎么运转的事实。** ⚠⚠ **`#837` 就地收窄**:「换一队人类学家就没了」是**观测**;「所以它是关于民族志怎么被读的事实」是**解释**,而这个解释需要先排除「那两队人本来就在量别的东西」—— **`#837` 证明这个对手在 SCCS 里结构性地排除不掉:三份「限制」编码两两只重叠 17 · 6 · 17 个社会,n=6 那一对连种进去的 ρ=+","三把尺子彼此同意吗:问不出来,而这句「问不出来」收窄了我昨天的头条",1,0
README_zh.md,846,,131510,"变得更不容忍,是因为不信教的人走得比他们自己前二十年更快。缝是被一边的加速拉开的,另一边基本还在按它原来的速度走。而信教的那一边,在五十年里只偏离过自己一次 —— 那一次是二〇一〇年代,方向是变得更宽容。** ⚠⚠ **`#846` 就地收窄作用域**:这句话**只在 `homosex` 这一道题上成立**。八题 × 两层实测,世俗层排零 **1/8**(只有 `hom","「不信教的人走得更快」不是关于那群人的话,只在同性恋这一道题上",1,0
README_zh.md,838,,131753,"标记 **0/16 触发** ⇒ **「不信教的人走得更快」不是一句关于那群人的话,是一句关于这道题的话。** `[#838「是世俗那边走了」]`  **而上一轮那个故事太好听了,所以这一轮先去查它。** 威胁其实写在 `#838` 自己印出来的余量表里,只是我没追下去:**二〇一〇年代,不信教的那一层已经走到 3.49,而量表最高只有 4。** 一个贴着天花板的层,它","九十年代那条缝张开,是世俗那边走了,不是虔诚那边顶住了",1,1
README_zh.md,846,,132391,"于人的话:那条缝先被不信教的人拉开,后来信教的人也第一次动了,而这两件事都不是尺子到头造出来的假象。只是「缝合上了」这句话我还没资格说 —— 我只测到两边都在往同一个方向走,没测到他们之间的距离真的缩短了。** ⚠ **`#846` 的作用域同样适用于这一条**:本轮也**只跑过 `homosex`**。八题实测,世俗层排零 **1/8**、虔诚层 **1/8**(`s","「不信教的人走得更快」不是关于那群人的话,只在同性恋这一道题上",1,0
README_zh.md,770,,132634,"全部区间为 **95% 自助区间**,B=1500;每格的零由**该格自己的自助分布**给出,不是共用一个零) `[#839「天花板偏的方向和我担心的相反」]`  **而上一轮结尾我自己记下的那笔债,这一轮先还了。** `#770` 早就立过一条:**要比的是那个量本身,不是两个量各自与零的关系。** 前两轮报的都是「虔诚层动了多少」「世俗层动了多少」,然后我从两边各自","解释份额是推导不是测量,而我用它写了五轮",1,0
README_zh.md,846,,133207,"不出口 —— 两边在二〇一〇年代确实都往更宽容的方向走了,可他们之间的距离有没有真的缩短,这份数据给不出一个排除零的答案。一句「两边都在走」和一句「距离缩短了」不是同一句话,而我上一轮差点把它们当成同一句。** ⚠ **`#846` 的作用域同样适用于这一条**:本轮也**只跑过 `homosex`**。八题实测,世俗层排零 **1/8**、虔诚层 **1/8**(`s","「不信教的人走得更快」不是关于那群人的话,只在同性恋这一道题上",1,0
README_zh.md,832,,133399,"`)⇒ **这里说的「缝」自始至终是同性恋这一道题上的缝,不是一条关于那两群人的普遍性质。** `[#840「给差距算它自己的区间」]`      | **三次扫描,三个答案;而差别全在「一处」是怎么定义的** | **`#832`① 落地**(`#826` 的行与叙事段现在都带着「两格存活里只有九十年代那一格是家族无关的」);**而落地过程中同一个问题我用了三把尺子,","62 格、两根轴、五种族定义,只剩一件事:九十年代那一格",1,0
README_zh.md,826,,133412,"自始至终是同性恋这一道题上的缝,不是一条关于那两群人的普遍性质。** `[#840「给差距算它自己的区间」]`      | **三次扫描,三个答案;而差别全在「一处」是怎么定义的** | **`#832`① 落地**(`#826` 的行与叙事段现在都带着「两格存活里只有九十年代那一格是家族无关的」);**而落地过程中同一个问题我用了三把尺子,得到三个答案**:字符距离","减掉运气那一份之后,整张网格只剩两个格,而它们都是同性恋那一题",1,0
README_zh.md,828,,133533,"事段现在都带着「两格存活里只有九十年代那一格是家族无关的」);**而落地过程中同一个问题我用了三把尺子,得到三个答案**:字符距离 ±1500 ⇒ 中 0 / **英 2**;±1200 ⇒ 中 0 / **英 1**;`#828` 的结构定总体分类器 ⇒ **中 1** / 英 0 ——**三把没有一把是对的,而它们错的方式各不相同** | ⚠⚠⚠ **查到底是审计仪","两条更正落地;而那份欠账清单的「0 笔」,仪器只验证过一次",1,0
README_zh.md,798,,133618,"**;±1200 ⇒ 中 0 / **英 1**;`#828` 的结构定总体分类器 ⇒ **中 1** / 英 0 ——**三把没有一把是对的,而它们错的方式各不相同** | ⚠⚠⚠ **查到底是审计仪器自己的缺陷,从 `#798` 起一直在那里**:`units()` 把页面切成 `row`(带 `(Entry N)` 的整行)与 `para`(相邻行内锚之间)两种单","撤回落地了,而更正分两种:断言它 vs 证明它稳定",1,0
README_zh.md,807,,133819,"种单位里、被切了两次,且两次边界不同** —— `row` = **整行 1411 字符**,`para` = **到锚为止 851 字符** ⇒ **锚之后的 561 字符落进下一个 `para`**;⇒ **凡是像 `#807` 以来「追加在行尾」的注记,一律落在锚之后 ⇒ 对 `para` 单位不可见**(本轮中文那 1 处「裸着」正是这么来的:注记在位置 115",「从来没跑到」与「跑不了」对读者的意思是相反的,1,0
README_zh.md,798,,133939,"追加在行尾」的注记,一律落在锚之后 ⇒ 对 `para` 单位不可见**(本轮中文那 1 处「裸着」正是这么来的:注记在位置 1157,锚在 850);⇒ **两条后果,分开说,不许用后一条赦免前一条**:**(a)自 `#798` 起每次「裸着 N / 总体 M」,分母都把 131 个表行数了两遍 —— 那些「总体 379 个单位」是虚高的**;**(b)而「裸着」的","撤回落地了,而更正分两种:断言它 vs 证明它稳定",1,0
README_zh.md,826,,134335,"还在其中一遍里把自己的更正切掉了。一把尺子的单位定义,和它量的东西一样,需要有人去查** `[#833「三次扫描,三个答案」]`(Entry 833) 〔页面自己 + 审计仪器自己〕 ⟨正对照:**直接读那一行**确认 `#826` 行确实含 `#832` 注记(位置 1157 vs 锚 850)—— **不靠任何扫描**;负对照:字符距离报的英文那 1 处是 **`#","减掉运气那一份之后,整张网格只剩两个格,而它们都是同性恋那一题",1,0
README_zh.md,832,,134347,"正切掉了。一把尺子的单位定义,和它量的东西一样,需要有人去查** `[#833「三次扫描,三个答案」]`(Entry 833) 〔页面自己 + 审计仪器自己〕 ⟨正对照:**直接读那一行**确认 `#826` 行确实含 `#832` 注记(位置 1157 vs 锚 850)—— **不靠任何扫描**;负对照:字符距离报的英文那 1 处是 **`#832` 自己的行在引用","62 格、两根轴、五种族定义,只剩一件事:九十年代那一格",1,0
README_zh.md,832,,134409,) 〔页面自己 + 审计仪器自己〕 ⟨正对照:**直接读那一行**确认 `#826` 行确实含 `#832` 注记(位置 1157 vs 锚 850)—— **不靠任何扫描**;负对照:字符距离报的英文那 1 处是 **`#832` 自己的行在引用它所更正的措辞**(`#798` 原样的坑)⇒ **不是缺口**;⚠ **而「三把尺子给出三个答案」本身就是「一处」这个单位,"62 格、两根轴、五种族定义,只剩一件事:九十年代那一格",1,0
README_zh.md,798,,134433,*直接读那一行**确认 `#826` 行确实含 `#832` 注记(位置 1157 vs 锚 850)—— **不靠任何扫描**;负对照:字符距离报的英文那 1 处是 **`#832` 自己的行在引用它所更正的措辞**(`#798` 原样的坑)⇒ **不是缺口**;⚠ **而「三把尺子给出三个答案」本身就是「一处」这个单位没被定义清楚的证据**;⚠ **改不了的**:`,"撤回落地了,而更正分两种:断言它 vs 证明它稳定",1,0
README_zh.md,798,,134538,"措辞**(`#798` 原样的坑)⇒ **不是缺口**;⚠ **而「三把尺子给出三个答案」本身就是「一处」这个单位没被定义清楚的证据**;⚠ **改不了的**:`units()` 的重复切分**本轮没修**(改它会牵动 `#798`/`#807`/`#828` 三轮的复现)⇒ **下次跑那些脚本,总体数仍会虚高**,已记入 `DEBTS.tsv`(`#833①`)⟩| ","撤回落地了,而更正分两种:断言它 vs 证明它稳定",1,0
README_zh.md,807,,134545,"798` 原样的坑)⇒ **不是缺口**;⚠ **而「三把尺子给出三个答案」本身就是「一处」这个单位没被定义清楚的证据**;⚠ **改不了的**:`units()` 的重复切分**本轮没修**(改它会牵动 `#798`/`#807`/`#828` 三轮的复现)⇒ **下次跑那些脚本,总体数仍会虚高**,已记入 `DEBTS.tsv`(`#833①`)⟩|  **而在做下",「从来没跑到」与「跑不了」对读者的意思是相反的,1,0
README_zh.md,828,,134552,"的坑)⇒ **不是缺口**;⚠ **而「三把尺子给出三个答案」本身就是「一处」这个单位没被定义清楚的证据**;⚠ **改不了的**:`units()` 的重复切分**本轮没修**(改它会牵动 `#798`/`#807`/`#828` 三轮的复现)⇒ **下次跑那些脚本,总体数仍会虚高**,已记入 `DEBTS.tsv`(`#833①`)⟩|  **而在做下一道闸之前,`","两条更正落地;而那份欠账清单的「0 笔」,仪器只验证过一次",1,0
README_zh.md,816,,135048,"而且只沿着两条线裂开 —— 信不信教,和多大年纪。按受教育年数、按政治立场、按地区、按种族、按性别切开,那个十年都没有可比的裂口;而在对任意依赖都有效的校正下,只有「信不信教」那条线还站着。**⚠ 而年龄那一格不是意外:`#816`/`#817` 测得九十年代那次张开里约七分之一是世代构成的改变 ——**年龄轴单独裂开,是同一件事被直接看见。** `[#834「那条缝沿","大部分是改了主意,但有七分之一根本不是「走」,是人换了",1,0
README_zh.md,817,,135055,"线裂开 —— 信不信教,和多大年纪。按受教育年数、按政治立场、按地区、按种族、按性别切开,那个十年都没有可比的裂口;而在对任意依赖都有效的校正下,只有「信不信教」那条线还站着。**⚠ 而年龄那一格不是意外:`#816`/`#817` 测得九十年代那次张开里约七分之一是世代构成的改变 ——**年龄轴单独裂开,是同一件事被直接看见。** `[#834「那条缝沿着两条线裂」]",两次张开都不是纯粹的「走」;而两千年代的虔诚者根本没动,1,0
README_zh.md,827,,135172,"测得九十年代那次张开里约七分之一是世代构成的改变 ——**年龄轴单独裂开,是同一件事被直接看见。** `[#834「那条缝沿着两条线裂」]` | **62 格、两根轴、五种族定义,只剩一件事:九十年代那一格** | **`#827` 登记过而没人回头做的事:「哪些检验属于同一族」是语义判断,把 34 格当一族**是我选的** ⇒ `G4` 要的规格曲线,而「家族定义」正","`G3` 六轮没被执行,因为库里根本没有它;而「二十五笔欠账」抄了二十五遍",1,0
README_zh.md,826,,135514,"/1990s**;逐十年/逐题/性道德三题 下多出 `teensex`/2010s ⇒ **kill 通过:`homosex`/1990s 在全部 10 个组合下都存活,包括最宽的族配最保守的方法** | ⚠⚠ **而 `#826` 报的两格里只有第一格是家族无关的**:**`homosex`/2000s 在窄族下存活,在 62 格族与 `religion34`+BY ","减掉运气那一份之后,整张网格只剩两个格,而它们都是同性恋那一题",1,0
README_zh.md,826,,135600,"括最宽的族配最保守的方法** | ⚠⚠ **而 `#826` 报的两格里只有第一格是家族无关的**:**`homosex`/2000s 在窄族下存活,在 62 格族与 `religion34`+BY 下都死** ⇒ **`#826` 的「两格存活」要改成:九十年代那一格与家族定义无关;两千年代那一格取决于你把什么算作一族**;⚠ **跑前写下的最强混淆原样出现**:`t","减掉运气那一份之后,整张网格只剩两个格,而它们都是同性恋那一题",1,0
README_zh.md,826,,135790,"ex`/2010s **只在窄族里存活** —— **那是「族越窄存活越容易」这条算术在起作用,不是证据;一个作者可以通过把家族切小把任何东西变成「存活」**,所以逐题那一族被标为**最不站得住**,不是最有力;⇒ **`#826`② 执行完毕:政治网格单独成族时 BH 与 BY 存活都是 0 格**,`#820` 那个被标记的 `pol/sexeduc`/2010s(","减掉运气那一份之后,整张网格只剩两个格,而它们都是同性恋那一题",1,0
README_zh.md,820,,135832,"术在起作用,不是证据;一个作者可以通过把家族切小把任何东西变成「存活」**,所以逐题那一族被标为**最不站得住**,不是最有力;⇒ **`#826`② 执行完毕:政治网格单独成族时 BH 与 BY 存活都是 0 格**,`#820` 那个被标记的 `pol/sexeduc`/2010s(p=0.011)**在每一种家族下都死**;⇒ **一句关于人的话,也是这条线索目前","按虔诚分,鸿沟是猛地裂的;按政治立场分,同一条鸿沟只是匀速漂",1,0
README_zh.md,831,,136104,"宗教鸿沟在九十年代偏离了它自己五十年的匀速。不是政治鸿沟,不是别的题,不是别的十年** `[#832「62 格、两根轴、五种族定义」]`(Entry 832) 〔GSS,同一具问卷内两根轴〕 ⟨⚠⚠ **本轮为什么不是 `#831`①**:`git log` 实测最近五轮 `guard/guard/verify/fix/guard`,**一轮关于人的都没有** —— `","那句「下一轮做」当轮就兑现了,因为它自己就是第七个实例",1,0
README_zh.md,831,,136200,"⟨⚠⚠ **本轮为什么不是 `#831`①**:`git log` 实测最近五轮 `guard/guard/verify/fix/guard`,**一轮关于人的都没有** —— `frontier §3` 盆地 ⇒ **`#831`① 记为 `DEBTS.tsv` 里一行 `OPEN`(那张表第一次真正使用),本轮回到对象**;正控:植入 3× 全程量偏离 ⇒ 五族全存","那句「下一轮做」当轮就兑现了,因为它自己就是第七个实例",1,0
README_zh.md,825,,136348,"一次真正使用),本轮回到对象**;正控:植入 3× 全程量偏离 ⇒ 五族全存活;负控:全匀速 ×60(62 格族)⇒「至少一个存活」**0.017 ± 0.017 ≤ q** —— ⚠ **期望是 ≤ q 不是 0**(`#825` 的错,`#826` 改对,本轮沿用);⚠ **一处命名当轮更正**:跑前把最宽族写成 `both68`,**实际 62 格(34+28)—","负控失败在 5.9%,而那正是 95% 区间的额定值:整张网格从来没做过多重性",1,0
README_zh.md,826,,136358,"回到对象**;正控:植入 3× 全程量偏离 ⇒ 五族全存活;负控:全匀速 ×60(62 格族)⇒「至少一个存活」**0.017 ± 0.017 ≤ q** —— ⚠ **期望是 ≤ q 不是 0**(`#825` 的错,`#826` 改对,本轮沿用);⚠ **一处命名当轮更正**:跑前把最宽族写成 `both68`,**实际 62 格(34+28)—— 那个 68 是我","减掉运气那一份之后,整张网格只剩两个格,而它们都是同性恋那一题",1,0
README_zh.md,830,,136573,"当事实」**;⚠ **改不了的**:五种家族是我列的**不是穷尽**;**存活不证明它是真的**(FDR 允许存活集里有 q 比例是假的)⟩| | **那句「下一轮做」当轮就兑现了,因为它自己就是第七个实例** | **`#830`② 写下「把 `debts_gate.py` 接进 precommit,否则它就是一条只靠记性执行的规矩(第六次)—— 下一轮做」**;⚠⚠","停止造第四把尺子:把状态写进结构,而不是从散文里挖",1,0
README_zh.md,807,,136813,"次失效的东西是同一种东西 ⇒ **当轮兑现**;**正控:把一行改成 `SETTLED` 却不填 `settled_in` ⇒ `--precommit` 退 1 并打印拦截原因;恢复后退 0** ⇒ 判定随修复而改变(`#807` 第三条)| ⚠ **而这里接的是「零容忍」不是棘轮,理由与 `#601` 那段相反且成立**:`#601` 用棘轮是因为页面上的欠账是**",「从来没跑到」与「跑不了」对读者的意思是相反的,1,0
README_zh.md,601,,136850,"ETTLED` 却不填 `settled_in` ⇒ `--precommit` 退 1 并打印拦截原因;恢复后退 0** ⇒ 判定随修复而改变(`#807` 第三条)| ⚠ **而这里接的是「零容忍」不是棘轮,理由与 `#601` 那段相反且成立**:`#601` 用棘轮是因为页面上的欠账是**登记在册、不许为了让闸变绿而放松**的;**而 `DEBTS.tsv` 的","十件工具六条规则,而没有一件东西会自己跑",1,0
README_zh.md,601,,136867,"led_in` ⇒ `--precommit` 退 1 并打印拦截原因;恢复后退 0** ⇒ 判定随修复而改变(`#807` 第三条)| ⚠ **而这里接的是「零容忍」不是棘轮,理由与 `#601` 那段相反且成立**:`#601` 用棘轮是因为页面上的欠账是**登记在册、不许为了让闸变绿而放松**的;**而 `DEBTS.tsv` 的自洽性没有任何合法的欠账 —— 一","十件工具六条规则,而没有一件东西会自己跑",1,0
README_zh.md,601,,137200,"记性,是把「下一轮做」认成了病症本身** `[#831「那句「下一轮做」当轮就兑现了」]`(Entry 831) 〔本页自己的闸〕 ⟨⚠ **改不了的**:`precommit` 读的是**工作区**而不是**索引**(`#601` 已登记的老问题)—— 只提交一部分改动时它量的仍不是被提交的那个对象,**本轮没修它,只是没让它更糟**;⚠ **闸只保证 `DEBTS.","十件工具六条规则,而没有一件东西会自己跑",1,0
README_zh.md,827,,137505,"uard/verify/fix/guard` —— 一轮关于人的都没有。****那本身就是盆地,而这个项目的第一条要求是「心理学优先」。** 于是把那道闸记成 `DEBTS.tsv` 里一行 `OPEN`,回到对象。**`#827` 登记过一件没人回头做的事:把 34 格当作一族,是我选的。而「家族定义」正是 `G4` 要求扫、却从没被扫过的那条轴。****六十二个格(","`G3` 六轮没被执行,因为库里根本没有它;而「二十五笔欠账」抄了二十五遍",1,0
README_zh.md,826,,137677,"那条轴。****六十二个格(虔诚度 34 + 政治 28)、五种家族、BH 与 BY,十个组合全报:`homosex`/1990s 在十个组合下全部存活,包括最宽的族(62 格)配最保守的方法(BY)。**⚠⚠ **而 `#826` 报的两格里,只有第一格是家族无关的** —— `homosex`/2000s 在窄族下活、在最宽的族下死。⚠ 而跑前写下的混淆原样出现了:","减掉运气那一份之后,整张网格只剩两个格,而它们都是同性恋那一题",1,0
README_zh.md,827,,138059,"道题上,宗教鸿沟在九十年代偏离了它自己五十年的匀速。不是政治鸿沟,不是别的题,不是别的十年。** `[#832「62 格、两根轴、五种族定义」]` | **停止造第四把尺子:把状态写进结构,而不是从散文里挖** | **`#827` 数 → `#828` 列 → `#829` 量:三轮各造了一把新尺子去量同一件事,三轮都失败**;⇒ 建 `DEBTS.tsv`(`deb","`G3` 六轮没被执行,因为库里根本没有它;而「二十五笔欠账」抄了二十五遍",1,0
README_zh.md,828,,138070,"年代偏离了它自己五十年的匀速。不是政治鸿沟,不是别的题,不是别的十年。** `[#832「62 格、两根轴、五种族定义」]` | **停止造第四把尺子:把状态写进结构,而不是从散文里挖** | **`#827` 数 → `#828` 列 → `#829` 量:三轮各造了一把新尺子去量同一件事,三轮都失败**;⇒ 建 `DEBTS.tsv`(`debt · raised_","两条更正落地;而那份欠账清单的「0 笔」,仪器只验证过一次",1,0
README_zh.md,829,,138081,"的匀速。不是政治鸿沟,不是别的题,不是别的十年。** `[#832「62 格、两根轴、五种族定义」]` | **停止造第四把尺子:把状态写进结构,而不是从散文里挖** | **`#827` 数 → `#828` 列 → `#829` 量:三轮各造了一把新尺子去量同一件事,三轮都失败**;⇒ 建 `DEBTS.tsv`(`debt · raised_in · status","那个匹配器只认得我最近的写法:召回 18.6%,而它的盲区正好是欠账的年代",1,0
README_zh.md,800,,138190," `#829` 量:三轮各造了一把新尺子去量同一件事,三轮都失败**;⇒ 建 `DEBTS.tsv`(`debt · raised_in · status · settled_in · note`,**26 行**,从 `#800` 规范清单导入)+ `tools/debts_gate.py`;**正控:故意写坏三行(`SETTLED` 不填 `settled_in` ","MDE 关的是确认,不是反驳:六个候选全部被反例杀掉,一个统计量都没用",1,0
README_zh.md,807,,138363,"`settled_in` · `UNVERIFIED` 却填了 `settled_in` · `status=BOGUS`)⇒ 三条全抓到、退 2;恢复后重跑退 0** ⇒ **判定确实会随修复而改变,不是恒判通过**(`#807` 立的第三条)| ⚠⚠ **26 行的 `status` 全部是 `UNVERIFIED`,这不是偷懒,是本轮唯一诚实的填法**:**`#8",「从来没跑到」与「跑不了」对读者的意思是相反的,1,0
README_zh.md,829,,138436,";恢复后重跑退 0** ⇒ **判定确实会随修复而改变,不是恒判通过**(`#807` 立的第三条)| ⚠⚠ **26 行的 `status` 全部是 `UNVERIFIED`,这不是偷懒,是本轮唯一诚实的填法**:**`#829` 刚证明我没有能力从散文里判定它们的状态** —— **填 `OPEN` 是假装我知道它们还欠着,填 `SETTLED` 是假装我知道它们还","那个匹配器只认得我最近的写法:召回 18.6%,而它的盲区正好是欠账的年代",1,0
README_zh.md,829,,139065,"d_in` 必须为空**(⚠ 不许一边说不知道一边填了结轮次)· `debt` 不重复 · **空表退 2**(`realstat`:空总体不许通过);⚠ **改不了的**:**闸不能也不打算判定任何一笔欠账的真假**(`#829` 已证从散文反推不可行),**自洽 ≠ 正确,而这条写在闸自己的输出里**;**本轮不报效应**⟩| | **那个匹配器只认得我最近的写法:","那个匹配器只认得我最近的写法:召回 18.6%,而它的盲区正好是欠账的年代",1,1
README_zh.md,808,,139385,"共用任何模式**;**真值集 70 条,匹配器抓到 13 条 ⇒ 召回 18.6%**(门槛 70%,跑前定的)⇒ kill 反着开火 | ⚠⚠ **漏掉的 57 条给出的诊断比召回率重要得多**:**抓到的中位条目号 `#808`,漏掉的中位 `#762`** —— 抓到的几乎全在 `#804` 之后;而 `#716` 那种早期写法是「**`#715`② 点名的、方向","八条鸿沟终于有了区间;而「没动」这句话不成立,是「动得最少」",1,0
README_zh.md,762,,139398,"集 70 条,匹配器抓到 13 条 ⇒ 召回 18.6%**(门槛 70%,跑前定的)⇒ kill 反着开火 | ⚠⚠ **漏掉的 57 条给出的诊断比召回率重要得多**:**抓到的中位条目号 `#808`,漏掉的中位 `#762`** —— 抓到的几乎全在 `#804` 之后;而 `#716` 那种早期写法是「**`#715`② 点名的、方向对我不利的那一步,兑现了*","宗教解释三分之一,政治解释一成,而还剩六成二",1,0
README_zh.md,804,,139418,"召回 18.6%**(门槛 70%,跑前定的)⇒ kill 反着开火 | ⚠⚠ **漏掉的 57 条给出的诊断比召回率重要得多**:**抓到的中位条目号 `#808`,漏掉的中位 `#762`** —— 抓到的几乎全在 `#804` 之后;而 `#716` 那种早期写法是「**`#715`② 点名的、方向对我不利的那一步,兑现了**」,**同一件事,而我列的八个动词一个","那条规矩写在账本里,而账本不执行任何东西",1,0
README_zh.md,716,,139430,"槛 70%,跑前定的)⇒ kill 反着开火 | ⚠⚠ **漏掉的 57 条给出的诊断比召回率重要得多**:**抓到的中位条目号 `#808`,漏掉的中位 `#762`** —— 抓到的几乎全在 `#804` 之后;而 `#716` 那种早期写法是「**`#715`② 点名的、方向对我不利的那一步,兑现了**」,**同一件事,而我列的八个动词一个都不在里面** ⇒ **","五个域全都比随机凑的六题更连成一片,「只有纯洁」是那把尺子造的",1,0
README_zh.md,715,,139447," 反着开火 | ⚠⚠ **漏掉的 57 条给出的诊断比召回率重要得多**:**抓到的中位条目号 `#808`,漏掉的中位 `#762`** —— 抓到的几乎全在 `#804` 之后;而 `#716` 那种早期写法是「**`#715`② 点名的、方向对我不利的那一步,兑现了**」,**同一件事,而我列的八个动词一个都不在里面** ⇒ **一般教训:一个凭着「我记得自己怎么","一个固定的阈,在四种块大小上意味着四种强度",1,0
README_zh.md,758,,139615,"*一般教训:一个凭着「我记得自己怎么写」建起来的匹配器,量的是「写得有多近」,不是那件事有没有发生**;⚠⚠⚠ **而最该记的是两件事的重合,它把那个 0 从「低召回」升级成「按构造必然」**:**26 笔欠账全部来自 `#758`–`#799`,而匹配器抓到的条目一条都没落在这个区间内**(最近命中 `#804`–`#809`,刚好在其上)⇒ **匹配器的盲区与欠账的",回测推翻了我自己那笔欠账的前提:修的地方不在函数里,1,0
README_zh.md,799,,139622,"个凭着「我记得自己怎么写」建起来的匹配器,量的是「写得有多近」,不是那件事有没有发生**;⚠⚠⚠ **而最该记的是两件事的重合,它把那个 0 从「低召回」升级成「按构造必然」**:**26 笔欠账全部来自 `#758`–`#799`,而匹配器抓到的条目一条都没落在这个区间内**(最近命中 `#804`–`#809`,刚好在其上)⇒ **匹配器的盲区与欠账的年代精确重合 ",顶对经住了造世界那一级:小分母 + 噪声造不出 2.19 与 1.84,1,0
README_zh.md,804,,139657,"件事有没有发生**;⚠⚠⚠ **而最该记的是两件事的重合,它把那个 0 从「低召回」升级成「按构造必然」**:**26 笔欠账全部来自 `#758`–`#799`,而匹配器抓到的条目一条都没落在这个区间内**(最近命中 `#804`–`#809`,刚好在其上)⇒ **匹配器的盲区与欠账的年代精确重合 ⇒「0/26」几乎是被构造出来的,不是被测出来的** —— **`re","那条规矩写在账本里,而账本不执行任何东西",1,0
README_zh.md,809,,139664,"**;⚠⚠⚠ **而最该记的是两件事的重合,它把那个 0 从「低召回」升级成「按构造必然」**:**26 笔欠账全部来自 `#758`–`#799`,而匹配器抓到的条目一条都没落在这个区间内**(最近命中 `#804`–`#809`,刚好在其上)⇒ **匹配器的盲区与欠账的年代精确重合 ⇒「0/26」几乎是被构造出来的,不是被测出来的** —— **`realstat`","区间上页了;而「五十年没动」那四处命中,全是撤回本身",1,0
README_zh.md,828,,139773,"–`#809`,刚好在其上)⇒ **匹配器的盲区与欠账的年代精确重合 ⇒「0/26」几乎是被构造出来的,不是被测出来的** —— **`realstat`:一个与仪器共享盲区的对照,只确认仪器,什么也不授权**;⇒ **`#828` 的「26 笔一笔都没被声称执行过」在此撤回,欠账的真实状态仍是 `UNVERIFIED`**;⇒ **一句关于这个项目自己的话:它把「二十","两条更正落地;而那份欠账清单的「0 笔」,仪器只验证过一次",1,0
README_zh.md,802,,139988,"看得懂它上个月的字迹 —— 所以到现在为止,关于「我欠了多少、还了没有」,它测出来的仍然只有一件事:它还不知道** `[#829「那个匹配器只认得我最近的写法」]`(Entry 829) 〔账本自己〕 ⟨正控:已知阳性 `#802`①→`#808` **同时**进真值集且被抓到 ⇒ 两个仪器都不瞎;负控:不存在的 `#999`① **两边都不开火**;⚠ 跑前写下的最强","五条鸿沟在裂,三条在合;而同性恋那条翻了三倍",1,0
README_zh.md,808,,139996,"字迹 —— 所以到现在为止,关于「我欠了多少、还了没有」,它测出来的仍然只有一件事:它还不知道** `[#829「那个匹配器只认得我最近的写法」]`(Entry 829) 〔账本自己〕 ⟨正控:已知阳性 `#802`①→`#808` **同时**进真值集且被抓到 ⇒ 两个仪器都不瞎;负控:不存在的 `#999`① **两边都不开火**;⚠ 跑前写下的最强混淆:**真值集","八条鸿沟终于有了区间;而「没动」这句话不成立,是「动得最少」",1,0
README_zh.md,999,,140036,事:它还不知道** `[#829「那个匹配器只认得我最近的写法」]`(Entry 829) 〔账本自己〕 ⟨正控:已知阳性 `#802`①→`#808` **同时**进真值集且被抓到 ⇒ 两个仪器都不瞎;负控:不存在的 `#999`① **两边都不开火**;⚠ 跑前写下的最强混淆:**真值集只覆盖账本全部 671 处引用的 10.4%** ⇒ **召回率高也只说明「在我,<<无此条目>>,0,0
README_zh.md,827,,140211,"召回率高也只说明「在我看得见的那部分里一致」,不是全局召回**;⚠ **改不了的**:真值集也是我写的规则,**它与匹配器可能因同一个原因同时失效** ⇒ **18.6% 是上界估计,真实召回只会更低**⟩|  **而 `#827` 数、`#828` 列、`#829` 量 —— 三轮各造了一把新尺子去量同一件事,三轮都失败了。****所以这一轮不造第四把:建一张 `DE","`G3` 六轮没被执行,因为库里根本没有它;而「二十五笔欠账」抄了二十五遍",1,0
README_zh.md,828,,140220,"在我看得见的那部分里一致」,不是全局召回**;⚠ **改不了的**:真值集也是我写的规则,**它与匹配器可能因同一个原因同时失效** ⇒ **18.6% 是上界估计,真实召回只会更低**⟩|  **而 `#827` 数、`#828` 列、`#829` 量 —— 三轮各造了一把新尺子去量同一件事,三轮都失败了。****所以这一轮不造第四把:建一张 `DEBTS.tsv`,","两条更正落地;而那份欠账清单的「0 笔」,仪器只验证过一次",1,0
README_zh.md,829,,140229,"里一致」,不是全局召回**;⚠ **改不了的**:真值集也是我写的规则,**它与匹配器可能因同一个原因同时失效** ⇒ **18.6% 是上界估计,真实召回只会更低**⟩|  **而 `#827` 数、`#828` 列、`#829` 量 —— 三轮各造了一把新尺子去量同一件事,三轮都失败了。****所以这一轮不造第四把:建一张 `DEBTS.tsv`,26 行,由每一轮","那个匹配器只认得我最近的写法:召回 18.6%,而它的盲区正好是欠账的年代",1,0
README_zh.md,829,,140371,"失败了。****所以这一轮不造第四把:建一张 `DEBTS.tsv`,26 行,由每一轮显式写入,再给它一道闸。**⚠⚠ **而 26 行的状态全部是 `UNVERIFIED`,这不是偷懒,是唯一诚实的填法** ——**`#829` 刚证明我没有能力从散文里判定它们的状态;填「还欠着」或「已还」都是假装我知道。**⇒ **`UNVERIFIED` 是这张表此刻能承载的全","那个匹配器只认得我最近的写法:召回 18.6%,而它的盲区正好是欠账的年代",1,0
README_zh.md,826,,140660,"么。而这两件事第一次被分开了 —— 在此之前,「不知道」是靠重抄一个数字来伪装成「知道」的。** `[#830「停止造第四把尺子」]` | **两条更正落地;而那份欠账清单的「0 笔」,仪器只验证过一次** | **① `#826` 的结论没走到页面上,本轮先测出来再修**:结构定总体(两版 379/350 单位,**召回按构造 = 1**)命中那两格 8 处/版,限制","减掉运气那一份之后,整张网格只剩两个格,而它们都是同性恋那一题",1,0
README_zh.md,827,,140793,"再修**:结构定总体(两版 379/350 单位,**召回按构造 = 1**)命中那两格 8 处/版,限制侧 3 · 已标注 5 · **仍裸着 5(两版合计)** ⇒ 标注落地后重跑同一仪器 **裸着 0**;**② `#827`② 要的清单产出了:26 行,每行以 `DEBT` 开头,可 `grep '^  DEBT'` 检验** —— 内容是 **`#800` 的","`G3` 六轮没被执行,因为库里根本没有它;而「二十五笔欠账」抄了二十五遍",1,0
README_zh.md,800,,140861,"*仍裸着 5(两版合计)** ⇒ 标注落地后重跑同一仪器 **裸着 0**;**② `#827`② 要的清单产出了:26 行,每行以 `DEBT` 开头,可 `grep '^  DEBT'` 检验** —— 内容是 **`#800` 的 26 笔规范欠账里,一笔都没在后文被声称执行过** | ⚠⚠ **而这个「0」不许当结论,两条理由,第二条是我刚立的规矩打在自己身上*","MDE 关的是确认,不是反驳:六个候选全部被反例杀掉,一个统计量都没用",1,0
README_zh.md,802,,141093," 被执行」,主张要的是「那笔欠账真的被了结」,**一句「本轮是它的执行」不等于那件事做完了** ⇒ **真实了结数登记 `UNVERIFIED`**;**(b)⚠ 这个匹配器的灵敏度只在 `一` 个已知阳性上验证过**(`#802`①,`#808` 明写「已还」)—— **`#814` 刚立过:只跑过一次的控制没有分辨率** ⇒ **「0/26」分不开「真的一笔都没执行","五条鸿沟在裂,三条在合;而同性恋那条翻了三倍",1,0
README_zh.md,808,,141101,"要的是「那笔欠账真的被了结」,**一句「本轮是它的执行」不等于那件事做完了** ⇒ **真实了结数登记 `UNVERIFIED`**;**(b)⚠ 这个匹配器的灵敏度只在 `一` 个已知阳性上验证过**(`#802`①,`#808` 明写「已还」)—— **`#814` 刚立过:只跑过一次的控制没有分辨率** ⇒ **「0/26」分不开「真的一笔都没执行」与「匹配器措辞","八条鸿沟终于有了区间;而「没动」这句话不成立,是「动得最少」",1,0
README_zh.md,814,,141120,"「本轮是它的执行」不等于那件事做完了** ⇒ **真实了结数登记 `UNVERIFIED`**;**(b)⚠ 这个匹配器的灵敏度只在 `一` 个已知阳性上验证过**(`#802`①,`#808` 明写「已还」)—— **`#814` 刚立过:只跑过一次的控制没有分辨率** ⇒ **「0/26」分不开「真的一笔都没执行」与「匹配器措辞太窄」**(后面二十几轮的执行句写法各",容差比噪声窄七倍:那两条负控是随机开火的,1,0
README_zh.md,802,,141515," ⟨**本轮 Production,诚实标注:没有 ≥2 个本体世界,故不填 Cognitive Update Card**(`frontier §7` 规则 6);四条控制,**而第三条是最容易漏的那条**:① 正控 `#802`① 已知被还 ⇒ 匹配器找到 @#808(`realstat`:**一个 grep 是测量仪器,必须在答案已知处跑过**);② 负控 **不","五条鸿沟在裂,三条在合;而同性恋那条翻了三倍",1,0
README_zh.md,999,,141595,"6);四条控制,**而第三条是最容易漏的那条**:① 正控 `#802`① 已知被还 ⇒ 匹配器找到 @#808(`realstat`:**一个 grep 是测量仪器,必须在答案已知处跑过**);② 负控 **不存在的 `#999`① 查无此项**;③ **正控②(`#807` 的第三条):加上更正注记后判定必须从 `ASSERT` 变 `MARKED`** —— **",<<无此条目>>,0,0
README_zh.md,807,,141618,"*:① 正控 `#802`① 已知被还 ⇒ 匹配器找到 @#808(`realstat`:**一个 grep 是测量仪器,必须在答案已知处跑过**);② 负控 **不存在的 `#999`① 查无此项**;③ **正控②(`#807` 的第三条):加上更正注记后判定必须从 `ASSERT` 变 `MARKED`** —— **没有它,「裸着 0」与「一个字没改」在判据眼里",「从来没跑到」与「跑不了」对读者的意思是相反的,1,0
README_zh.md,826,,141712," 查无此项**;③ **正控②(`#807` 的第三条):加上更正注记后判定必须从 `ASSERT` 变 `MARKED`** —— **没有它,「裸着 0」与「一个字没改」在判据眼里一样**,实测 ✓;④ 负控② **`#826` 及其后的更正文字判 `LIMIT`**(一次更正必然把被更正的措辞写进页面,不分侧就会把更正本身报成残留,`#798` 原样的坑);⑤ k","减掉运气那一份之后,整张网格只剩两个格,而它们都是同性恋那一题",1,0
README_zh.md,798,,141772,"`** —— **没有它,「裸着 0」与「一个字没改」在判据眼里一样**,实测 ✓;④ 负控② **`#826` 及其后的更正文字判 `LIMIT`**(一次更正必然把被更正的措辞写进页面,不分侧就会把更正本身报成残留,`#798` 原样的坑);⑤ kill:5 → 0;⚠ **改不了的**:匹配器灵敏度 n=1;**「哪些检验属于同一族」这类语义判断,库与 grep ","撤回落地了,而更正分两种:断言它 vs 证明它稳定",1,0
README_zh.md,828,,141862,"写进页面,不分侧就会把更正本身报成残留,`#798` 原样的坑);⑤ kill:5 → 0;⚠ **改不了的**:匹配器灵敏度 n=1;**「哪些检验属于同一族」这类语义判断,库与 grep 都做不了**⟩|  **而 `#828` 那个「0/26」被自己标成不可引用之后,这一轮去量它 —— 难点只有一句话:真值集不能用匹配器的模式去建,否则是自证。****真值集只用位","两条更正落地;而那份欠账清单的「0 笔」,仪器只验证过一次",1,0
README_zh.md,808,,142026,"的模式去建,否则是自证。****真值集只用位置,匹配器只用动词,两者不共用任何模式。结果:70 条真值里只抓到 13 条,召回 18.6%。**⚠⚠ **而漏掉的 57 条给出的诊断比召回率重要得多:抓到的中位条目号是 `#808`,漏掉的中位是 `#762`。****这个匹配器认得的是我最近的写法。** 早期条目写的是「`#715`② 点名的、方向对我不利的那一步,兑","八条鸿沟终于有了区间;而「没动」这句话不成立,是「动得最少」",1,0
README_zh.md,762,,142040,"**真值集只用位置,匹配器只用动词,两者不共用任何模式。结果:70 条真值里只抓到 13 条,召回 18.6%。**⚠⚠ **而漏掉的 57 条给出的诊断比召回率重要得多:抓到的中位条目号是 `#808`,漏掉的中位是 `#762`。****这个匹配器认得的是我最近的写法。** 早期条目写的是「`#715`② 点名的、方向对我不利的那一步,兑现了」——同一件事,而我列的","宗教解释三分之一,政治解释一成,而还剩六成二",1,0
README_zh.md,715,,142078,"只抓到 13 条,召回 18.6%。**⚠⚠ **而漏掉的 57 条给出的诊断比召回率重要得多:抓到的中位条目号是 `#808`,漏掉的中位是 `#762`。****这个匹配器认得的是我最近的写法。** 早期条目写的是「`#715`② 点名的、方向对我不利的那一步,兑现了」——同一件事,而我列的八个动词一个都不在里面。⚠⚠⚠ **而最该记的是两件事的重合:26 笔欠账全","一个固定的阈,在四种块大小上意味着四种强度",1,0
README_zh.md,758,,142158,"***这个匹配器认得的是我最近的写法。** 早期条目写的是「`#715`② 点名的、方向对我不利的那一步,兑现了」——同一件事,而我列的八个动词一个都不在里面。⚠⚠⚠ **而最该记的是两件事的重合:26 笔欠账全部来自 `#758`–`#799`,而匹配器抓到的条目一条都没落在这个区间内。****它的盲区与欠账的年代精确重合 ⇒ 那个 0 几乎是被构造出来的,不是被测出",回测推翻了我自己那笔欠账的前提:修的地方不在函数里,1,0
README_zh.md,799,,142165,"器认得的是我最近的写法。** 早期条目写的是「`#715`② 点名的、方向对我不利的那一步,兑现了」——同一件事,而我列的八个动词一个都不在里面。⚠⚠⚠ **而最该记的是两件事的重合:26 笔欠账全部来自 `#758`–`#799`,而匹配器抓到的条目一条都没落在这个区间内。****它的盲区与欠账的年代精确重合 ⇒ 那个 0 几乎是被构造出来的,不是被测出来的。**⇒ ",顶对经住了造世界那一级:小分母 + 噪声造不出 2.19 与 1.84,1,0
README_zh.md,825,,142435,"」,它测出来的仍然只有一件事:它还不知道。** `[#829「那个匹配器只认得我最近的写法」]` | **`G3` 六轮没被执行,因为库里根本没有它;而「二十五笔欠账」抄了二十五遍** | **两件事,同一个病**:① `#825` 测出多重性从来没做过,本轮去看**为什么** —— 全库 `grep` **零命中**(`bh`·`by`·`fdr`·`multipli","负控失败在 5.9%,而那正是 95% 区间的额定值:整张网格从来没做过多重性",1,0
README_zh.md,795,,142550,"` 测出多重性从来没做过,本轮去看**为什么** —— 全库 `grep` **零命中**(`bh`·`by`·`fdr`·`multiplicity`·`多重性`)⇒ **规矩只活在技能文本里,而那等于不存在**(与 `#795`/`#804`/`#811`/`#815` 同一条路,**第五次**)⇒ 加 `Gate.bh` / `Gate.by` / `Gate.m","缺陷是真的,而它一次都没到过账本:救我的是一条从没写下来的惯例",1,0
README_zh.md,804,,142557,"从来没做过,本轮去看**为什么** —— 全库 `grep` **零命中**(`bh`·`by`·`fdr`·`multiplicity`·`多重性`)⇒ **规矩只活在技能文本里,而那等于不存在**(与 `#795`/`#804`/`#811`/`#815` 同一条路,**第五次**)⇒ 加 `Gate.bh` / `Gate.by` / `Gate.multipli","那条规矩写在账本里,而账本不执行任何东西",1,0
README_zh.md,811,,142564,"轮去看**为什么** —— 全库 `grep` **零命中**(`bh`·`by`·`fdr`·`multiplicity`·`多重性`)⇒ **规矩只活在技能文本里,而那等于不存在**(与 `#795`/`#804`/`#811`/`#815` 同一条路,**第五次**)⇒ 加 `Gate.bh` / `Gate.by` / `Gate.multiplicity_co","「窄的零」缺的不是一个分支,是一个我从没说出口的输入",1,0
README_zh.md,815,,142571,"么** —— 全库 `grep` **零命中**(`bh`·`by`·`fdr`·`multiplicity`·`多重性`)⇒ **规矩只活在技能文本里,而那等于不存在**(与 `#795`/`#804`/`#811`/`#815` 同一条路,**第五次**)⇒ 加 `Gate.bh` / `Gate.by` / `Gate.multiplicity_control`,","恒真、恒假、随机:第三种最危险,因为它有时候会失败",1,0
README_zh.md,800,,142697,"次**)⇒ 加 `Gate.bh` / `Gate.by` / `Gate.multiplicity_control`,**回测 6/6**;② `grep` 实测「二十五笔欠账仍在」在账本中出现 **25 次**,从 `#800` 抄到 `#825` **无一轮重数**,而 `#800` 的规范清单去重后实际是 **26 笔** | ⚠⚠ **那个数字从写下的第一天起","MDE 关的是确认,不是反驳:六个候选全部被反例杀掉,一个统计量都没用",1,0
README_zh.md,825,,142707,"ate.bh` / `Gate.by` / `Gate.multiplicity_control`,**回测 6/6**;② `grep` 实测「二十五笔欠账仍在」在账本中出现 **25 次**,从 `#800` 抄到 `#825` **无一轮重数**,而 `#800` 的规范清单去重后实际是 **26 笔** | ⚠⚠ **那个数字从写下的第一天起就与它自己的清单不符","负控失败在 5.9%,而那正是 95% 区间的额定值:整张网格从来没做过多重性",1,0
README_zh.md,800,,142726," / `Gate.multiplicity_control`,**回测 6/6**;② `grep` 实测「二十五笔欠账仍在」在账本中出现 **25 次**,从 `#800` 抄到 `#825` **无一轮重数**,而 `#800` 的规范清单去重后实际是 **26 笔** | ⚠⚠ **那个数字从写下的第一天起就与它自己的清单不符,而它被当作事实重复了二十五次**;更","MDE 关的是确认,不是反驳:六个候选全部被反例杀掉,一个统计量都没用",1,0
README_zh.md,808,,142808,"#800` 抄到 `#825` **无一轮重数**,而 `#800` 的规范清单去重后实际是 **26 笔** | ⚠⚠ **那个数字从写下的第一天起就与它自己的清单不符,而它被当作事实重复了二十五次**;更糟的是 **`#808` 的 NEXT 明写「`#802`① 已还」,而同一行的计数没有动** ⇒ **`realstat`「收尾句是主张,却从来没有控制」的教科书","八条鸿沟终于有了区间;而「没动」这句话不成立,是「动得最少」",1,0
README_zh.md,802,,142825,"*无一轮重数**,而 `#800` 的规范清单去重后实际是 **26 笔** | ⚠⚠ **那个数字从写下的第一天起就与它自己的清单不符,而它被当作事实重复了二十五次**;更糟的是 **`#808` 的 NEXT 明写「`#802`① 已还」,而同一行的计数没有动** ⇒ **`realstat`「收尾句是主张,却从来没有控制」的教科书实例 —— 而它出现在一个整套纪律","五条鸿沟在裂,三条在合;而同性恋那条翻了三倍",1,0
README_zh.md,826,,143383," 安全侧:只报「没存活」,从不认证「存活的是真的」**(FDR 允许存活集里有 `q` 比例是假的);⚠ **改不了的**:`multiplicity_control` **不能替调用方决定「家族是什么」** —— **`#826` 把整张 34 格网格当作一族是我选的,别的切法会给别的答案**;⚠ **本轮只证明欠账数陈旧且自相矛盾,不产出真实笔数** —— 逐笔核销","减掉运气那一份之后,整张网格只剩两个格,而它们都是同性恋那一题",1,0
README_zh.md,826,,143497,"6` 把整张 34 格网格当作一族是我选的,别的切法会给别的答案**;⚠ **本轮只证明欠账数陈旧且自相矛盾,不产出真实笔数** —— 逐笔核销是另一轮的活,**不假装顺手数完了**;**本轮不报效应**⟩|  **而 `#826` 的结论并没有走到页面上 —— 这一轮先测出来再修:结构定总体后,两版合计仍有 5 处把那两格当作「偏离」在用,标注落地后重跑同一个仪器,裸","减掉运气那一份之后,整张网格只剩两个格,而它们都是同性恋那一题",1,0
README_zh.md,827,,143584,"完了**;**本轮不报效应**⟩|  **而 `#826` 的结论并没有走到页面上 —— 这一轮先测出来再修:结构定总体后,两版合计仍有 5 处把那两格当作「偏离」在用,标注落地后重跑同一个仪器,裸着 0。****同时 `#827`② 要的那份清单产出了:26 行,每行以 `DEBT` 开头,可以被一行 `grep` 查出来。**⚠⚠ **而清单返回的那个「0 笔被声称","`G3` 六轮没被执行,因为库里根本没有它;而「二十五笔欠账」抄了二十五遍",1,0
README_zh.md,814,,143757,"单返回的那个「0 笔被声称执行过」不许当结论,两条理由:****(a)仪器看见的是「一句声称执行」,主张要的是「真的了结」——两个单位不相等;****(b)而更该记的是,这个匹配器的灵敏度只在一个已知阳性上验证过 —— `#814` 刚立过:只跑过一次的控制没有分辨率。**⇒ **所以本轮的耐用产物是那份清单这件工具,不是它此刻返回的计数。**⇒ **一句关于这个项目自",容差比噪声窄七倍:那两条负控是随机开火的,1,0
README_zh.md,825,,143974,"来的;现在清单可以被一行 `grep` 查出来,但「有没有还过」这个问题,它自己的仪器还答不了。** `[#828「两条更正落地」]` | **减掉运气那一份之后,整张网格只剩两个格,而它们都是同性恋那一题** | **`#825` 测出 `G3` 六轮从来没被真正执行过 —— 本轮执行它**:逐格经验 p(B=6000)⇒ 对整张 **34 格**网格做 BH / B","负控失败在 5.9%,而那正是 95% 区间的额定值:整张网格从来没做过多重性",1,0
README_zh.md,819,,144214,"mosex`/2000s(p=0.00233)**;q=0.10 下 3 格(+`teensex`/2010s);**BY(对任意依赖有效)两个 q 下都只存活 1 格:`homosex`/1990s** | ⚠⚠ **`#819` 的核心同时被加强又被削薄**:**加强** —— 整张 34 格里存活的**只有** `homosex` 那两格,其余全死;**削薄** ",只有同性恋那一题在猛地裂;其余七题各按自己的匀速走,1,0
README_zh.md,819,,144293,"活 1 格:`homosex`/1990s** | ⚠⚠ **`#819` 的核心同时被加强又被削薄**:**加强** —— 整张 34 格里存活的**只有** `homosex` 那两格,其余全死;**削薄** —— `#819` 报过的 `sexeduc`/1990s(p=0.034)与 `teensex`/2010s(p=0.0067)**校正后都不存活,而它们正",只有同性恋那一题在猛地裂;其余七题各按自己的匀速走,1,0
README_zh.md,825,,144371,"** `homosex` 那两格,其余全死;**削薄** —— `#819` 报过的 `sexeduc`/1990s(p=0.034)与 `teensex`/2010s(p=0.0067)**校正后都不存活,而它们正是 `#825` 算出的「运气该给的那 1.7 格」**;⇒ **一句关于人的话:在减掉一张三十四格网格该由运气给出的那一份之后,五十年里唯一站得住的「不寻","负控失败在 5.9%,而那正是 95% 区间的额定值:整张网格从来没做过多重性",1,0
README_zh.md,825,,144651,"年份 ⇒ **格间不独立 ⇒ BH 的 FDR 保证在这里不成立,BY 才成立** ⇒ **两个都报不选边;而若只允许一句话,那句话是「九十年代」,不是「九十年代与两千年代」**;⚠ **负控这次期望值写对了,而这正是 `#825` 刚犯过的错**:BH 控制 FDR,全零世界里保证的是「任何一次发现的概率 ≤ q」**不是 0** —— 实测 **0.050 ± 0.","负控失败在 5.9%,而那正是 95% 区间的额定值:整张网格从来没做过多重性",1,0
README_zh.md,832,,145088,"viving 2,并逐个列出没存活的格**;⚠ **改不了的**:BH/BY 只回答「哪些格不够强」——**存活不证明它是真的**,FDR 允许存活集里有 `q` 比例是假的(P6 安全侧:只报「没存活」)⟩ ⚠⚠ **`#832` 追加**:这一行的「两格存活」里,**只有 `homosex`/1990s 是家族无关的** —— `#832` 扫了从没扫过的「家族定义","62 格、两根轴、五种族定义,只剩一件事:九十年代那一格",1,0
README_zh.md,832,,145145,"证明它是真的**,FDR 允许存活集里有 `q` 比例是假的(P6 安全侧:只报「没存活」)⟩ ⚠⚠ **`#832` 追加**:这一行的「两格存活」里,**只有 `homosex`/1990s 是家族无关的** —— `#832` 扫了从没扫过的「家族定义」这条轴(62 格 × 五种族 × BH/BY = 10 个组合):**1990s 那一格 10/10 全存活(含","62 格、两根轴、五种族定义,只剩一件事:九十年代那一格",1,0
README_zh.md,820,,145394,"4`+BY 下都死。** ⇒ **正确说法:九十年代那一格与家族定义无关;两千年代那一格取决于你把什么算作一族。**| | **负控失败在 5.9%,而那正是 95% 区间的额定值:整张网格从来没做过多重性** | **`#820` 登记的那笔债到期**(「补上多种子之前,单个格子不许当硬事实」,而我随即用单个格子拼出一个计数写进 NEXT):8 题 × 6 十年 × ","按虔诚分,鸿沟是猛地裂的;按政治立场分,同一条鸿沟只是匀速漂",1,0
README_zh.md,819,,145903,"格从来没做过多重性校正** —— **`G3` 要的是 family-wise 整张网格,而我一直只做到「整张网格全报」,从没按格数调过标记阈值** ⇒ **34 格 × 5% ⇒ 纯噪声下期望约 1.7 格被标记,而 `#819` 的真实网格一共只标记了 4–5 格** ⇒ **观测标记数只有期望假阳数的 2.5–3 倍,且没有一个做过校正 ⇒ `#819` 那张网格",只有同性恋那一题在猛地裂;其余七题各按自己的匀速走,1,0
README_zh.md,819,,145968,"数调过标记阈值** ⇒ **34 格 × 5% ⇒ 纯噪声下期望约 1.7 格被标记,而 `#819` 的真实网格一共只标记了 4–5 格** ⇒ **观测标记数只有期望假阳数的 2.5–3 倍,且没有一个做过校正 ⇒ `#819` 那张网格在校正后可能剩不下几个格**;⚠ **稳定性那一半是干净的,分开报**:翻转 0 格 ⇒ **`#820` 观察到的那 1 格翻转",只有同性恋那一题在猛地裂;其余七题各按自己的匀速走,1,0
README_zh.md,820,,146026,"共只标记了 4–5 格** ⇒ **观测标记数只有期望假阳数的 2.5–3 倍,且没有一个做过校正 ⇒ `#819` 那张网格在校正后可能剩不下几个格**;⚠ **稳定性那一半是干净的,分开报**:翻转 0 格 ⇒ **`#820` 观察到的那 1 格翻转不是种子造成的,是 `B` 与代码路径一起变造成的,如实更正**;而 **`teensex`/2000s 的边界距离","按虔诚分,鸿沟是猛地裂的;按政治立场分,同一条鸿沟只是匀速漂",1,0
README_zh.md,820,,146112,"一半是干净的,分开报**:翻转 0 格 ⇒ **`#820` 观察到的那 1 格翻转不是种子造成的,是 `B` 与代码路径一起变造成的,如实更正**;而 **`teensex`/2000s 的边界距离最小 —— 它正是 `#820` 那一格,所以它是最先该被校正杀掉的那个**;⇒ **一句关于人的话,而这一轮它是关于我自己的读法的:我一直在一张三十多格的网格上找「哪几个","按虔诚分,鸿沟是猛地裂的;按政治立场分,同一条鸿沟只是匀速漂",1,0
README_zh.md,821,,146457,"`B` 都跑并同时报边界距离** ⇒ 翻转 0 而边界距离不变,**证明稳定性不是靠加大 `B` 买来的**;⚠ **翻转率(蒙特卡洛,`B` 可压)与边界距离(抽样,`B` 压不动)逐格分开报,共 68 格** —— `#821` 的教训第一次被逐格执行;⚠ kill 技术上 9/10 通过,**但整轮不可采,不许引用**;⚠ **多重性校正本轮没有做,只测出了它必须","kill 的尺子用错了噪声:种子跨度量的是可复现性,不是精度",1,1
README_zh.md,825,,146544," 压不动)逐格分开报,共 68 格** —— `#821` 的教训第一次被逐格执行;⚠ kill 技术上 9/10 通过,**但整轮不可采,不许引用**;⚠ **多重性校正本轮没有做,只测出了它必须做**⟩|  **而 `#825` 测出 `G3` 六轮从来没被真正执行过 —— 于是这一轮执行它:对整张三十四格的网格做一次 BH。****结果:q=0.05 下只剩两个格","负控失败在 5.9%,而那正是 95% 区间的额定值:整张网格从来没做过多重性",1,0
README_zh.md,832,,146673,"没被真正执行过 —— 于是这一轮执行它:对整张三十四格的网格做一次 BH。****结果:q=0.05 下只剩两个格,而它们都是同性恋那一题的九十年代与两千年代(p = 0.00017 与 0.00233)。** ⚠ **`#832` 后来扫了家族定义这条轴,只有九十年代那一格是家族无关的;两千年代那一格在最宽的 62 格族与 `religion34`+BY 下都死。**","62 格、两根轴、五种族定义,只剩一件事:九十年代那一格",1,0
README_zh.md,819,,146751,"代(p = 0.00017 与 0.00233)。** ⚠ **`#832` 后来扫了家族定义这条轴,只有九十年代那一格是家族无关的;两千年代那一格在最宽的 62 格族与 `religion34`+BY 下都死。****`#819` 报过的 `sexeduc`/1990s 与 `teensex`/2010s 都没存活 —— 而它们正是 `#825` 算出的「运气该给的那",只有同性恋那一题在猛地裂;其余七题各按自己的匀速走,1,0
README_zh.md,825,,146810,"格是家族无关的;两千年代那一格在最宽的 62 格族与 `religion34`+BY 下都死。****`#819` 报过的 `sexeduc`/1990s 与 `teensex`/2010s 都没存活 —— 而它们正是 `#825` 算出的「运气该给的那 1.7 格」。**⇒ **一句关于人的话:在减掉一张三十四格网格该由运气给出的那一份之后,五十年里唯一站得住的「不寻","负控失败在 5.9%,而那正是 95% 区间的额定值:整张网格从来没做过多重性",1,0
README_zh.md,819,,147152,"格只剩两个格」]` | **「2.5 倍」撤回:三种归一化下,那个例外落在八题全匀速的随机范围里** | **零算力的 gauge 检验**(`frontier §3` · `realstat §3` 阶梯第 1 级):`#819` 的「2.5 倍」是**原始量表分**算的,而八题档数是 2–5 ⇒ **`G3` 五种归一化 × 八题 = 40 格全报**:① raw ",只有同性恋那一题在猛地裂;其余七题各按自己的匀速走,1,0
README_zh.md,797,,147786,"不可比的那一种**;⚠⚠ **世界 C 也一起开火,它比 B 更伤**:位次变动 `helpblk` **5 名** · `sexeduc` 4 · `homosex` 3 ⇒ **「哪一题最极端」随分母而变 —— 与 `#797` 撤「三堆」同一族,排序本身不是一个对象**;⚠ **什么没有被撤,这条分界跑前就写下了**:`EXCLUDES` 问的是**该十年自助区间","底堆归不了堆:三堆撤回,剩下「干净的一对 + 排不出层的六题」",1,0
README_zh.md,824,,148440,"为放大** ⇒ **报完整排序与逐题位次变动,不只报冠军**;⚠ **观测值本身不含随机性**(确定性地从数据算出)⇒ **种子只作用在零分布上,本轮的 3 个种子买到的是零分布的稳定性,不是观测量的**⟩|  **而 `#824`② 那条「唯一」建立在单个格子上,`#820` 早就登记过「补上多种子之前,单个格子不许当硬事实」——这一轮是那笔债到期。****结果:逐格","「2.5 倍」撤回:三种归一化下,那个例外落在八题全匀速的随机范围里",1,0
README_zh.md,820,,148463,"不只报冠军**;⚠ **观测值本身不含随机性**(确定性地从数据算出)⇒ **种子只作用在零分布上,本轮的 3 个种子买到的是零分布的稳定性,不是观测量的**⟩|  **而 `#824`② 那条「唯一」建立在单个格子上,`#820` 早就登记过「补上多种子之前,单个格子不许当硬事实」——这一轮是那笔债到期。****结果:逐格标记在五个种子间一次都没翻(两个 `B` 都是","按虔诚分,鸿沟是猛地裂的;按政治立场分,同一条鸿沟只是匀速漂",1,0
README_zh.md,819,,148715,"阳率。**⇒ **两件事同时为真:① 我的负控向一个 5% 额定率的程序索要 0,期望写错了;② 而更重要的是 —— 整张网格从来没有做过多重性校正。****34 个格 × 5%,纯噪声下期望约 1.7 个格被标记,而 `#819` 的真实网格一共只标记了 4–5 个。**⇒ **观测只有期望假阳的 2.5–3 倍,且一个都没校正过。**⇒ **一句关于人的话,而这一轮",只有同性恋那一题在猛地裂;其余七题各按自己的匀速走,1,0
README_zh.md,111,c,148929,"哪几个十年不寻常」,而一张这么大的网格,纯靠运气就会给出一两个「不寻常」。我数了标记,却从来没有减掉运气该给的那一份。** `[#825「负控失败在 5.9%」]` | **更多年份只对「用上全部年份」的估计量有用;而 `#111c` 在这里开火** | **把「噪声底真的降下来了吗」写成闸 ⓪,排在所有关于人的判断之前(`#822` 的教训)——它失败了**:前半段(1","剂量在这套数据上问不出来,这是能力边界不是零;而我为了追它偏离了自己写下的 NEXT 三轮",1,0
README_zh.md,822,,148981,"该给的那一份。** `[#825「负控失败在 5.9%」]` | **更多年份只对「用上全部年份」的估计量有用;而 `#111c` 在这里开火** | **把「噪声底真的降下来了吗」写成闸 ⓪,排在所有关于人的判断之前(`#822` 的教训)——它失败了**:前半段(10 年)噪声半宽 **0.0475**(降了)· 后半段(18 年)**0.1332**(几乎没降,阈","那个「单点价值最高的改动」没用;而堵住的东西是年份数,不是统计",1,0
README_zh.md,822,,149356,"一般教训:「更多年份」只对用上全部年份的估计量是精度;对端点估计量,它是候选端点池变大,而那是方差不是精度**(前半段之所以降了,正因为它只有 10 年、跨度短、轨迹近乎直 —— **同一个机制的两面**);⇒ **与 `#822` 合起来这堵墙的形状清楚了**:`#822` 证明**用上全部年份**在年份聚类下不降噪(比值 1.000/1.090),本轮证明**换更长","那个「单点价值最高的改动」没用;而堵住的东西是年份数,不是统计",1,0
README_zh.md,822,,149378,"量是精度;对端点估计量,它是候选端点池变大,而那是方差不是精度**(前半段之所以降了,正因为它只有 10 年、跨度短、轨迹近乎直 —— **同一个机制的两面**);⇒ **与 `#822` 合起来这堵墙的形状清楚了**:`#822` 证明**用上全部年份**在年份聚类下不降噪(比值 1.000/1.090),本轮证明**换更长的段**对端点估计量反而升噪 ⇒ **既不能","那个「单点价值最高的改动」没用;而堵住的东西是年份数,不是统计",1,0
README_zh.md,111,c,149495,"证明**用上全部年份**在年份聚类下不降噪(比值 1.000/1.090),本轮证明**换更长的段**对端点估计量反而升噪 ⇒ **既不能靠更好地使用年份,也不能靠更多年份 —— 年际波动就是地板本身**;⚠⚠ **而 `#111c` 在这里开火**:「虔诚者是停住了还是往回走了」`#818` 是第一个 UNVERIFIED,本轮是第二个 ⇒ **换方向,不许追第三次**","剂量在这套数据上问不出来,这是能力边界不是零;而我为了追它偏离了自己写下的 NEXT 三轮",1,0
README_zh.md,818,,149526,"1.090),本轮证明**换更长的段**对端点估计量反而升噪 ⇒ **既不能靠更好地使用年份,也不能靠更多年份 —— 年际波动就是地板本身**;⚠⚠ **而 `#111c` 在这里开火**:「虔诚者是停住了还是往回走了」`#818` 是第一个 UNVERIFIED,本轮是第二个 ⇒ **换方向,不许追第三次** ⇒ **这个问题就此关闭,而它是被规矩关闭的,不是被答案关","UNVERIFIED,而理由是这个设计的噪声底比「值得说的量」还大",1,1
README_zh.md,816,,149798,":95% 跨度 [−0.2515, −0.2515],**宽度恰好为零** —— 那不是「噪声极小」,是**我造的植入世界里末年由首年同世代均值确定性生成,按构造不抖** ⇒ **它是确定性的代码检查,不是随机控制**(`#816`②/`#818` 同一族,**第三次**);**它证明的是「代码实现了那个代数」,不是「仪器在噪声下能取回植入量」**;负控 −0.0045","大部分是改了主意,但有七分之一根本不是「走」,是人换了",1,0
README_zh.md,818,,149806,"[−0.2515, −0.2515],**宽度恰好为零** —— 那不是「噪声极小」,是**我造的植入世界里末年由首年同世代均值确定性生成,按构造不抖** ⇒ **它是确定性的代码检查,不是随机控制**(`#816`②/`#818` 同一族,**第三次**);**它证明的是「代码实现了那个代数」,不是「仪器在噪声下能取回植入量」**;负控 −0.0045,**容差 0.","UNVERIFIED,而理由是这个设计的噪声底比「值得说的量」还大",1,0
README_zh.md,814,,149928,"*第三次**);**它证明的是「代码实现了那个代数」,不是「仪器在噪声下能取回植入量」**;负控 −0.0045,**容差 0.05 ÷ 自身噪声半宽 0.0922 = 0.54× ⇒ 这条检查自己宣告没有资格回答**(`#814` 的机制第三次正确开火);⚠ 两段 `REL` 分布 +0.891 → +0.828,**主语确有漂移,只能量不能修**;⚠ 切点 1990",容差比噪声窄七倍:那两条负控是随机开火的,1,0
README_zh.md,812,,150013,"0.54× ⇒ 这条检查自己宣告没有资格回答**(`#814` 的机制第三次正确开火);⚠ 两段 `REL` 分布 +0.891 → +0.828,**主语确有漂移,只能量不能修**;⚠ 切点 1990 跑前写死且来自 `#812`,**但仍来自同一份数据,不是外生的**⟩|  **而 `#823` 派我去解释那个「2.5 倍」——于是先用零算力的一击打它自己:那个倍数","这条鸿沟不是长出来的,是在九十年代和两千年代裂开的",1,0
README_zh.md,823,,150047,"制第三次正确开火);⚠ 两段 `REL` 分布 +0.891 → +0.828,**主语确有漂移,只能量不能修**;⚠ 切点 1990 跑前写死且来自 `#812`,**但仍来自同一份数据,不是外生的**⟩|  **而 `#823` 派我去解释那个「2.5 倍」——于是先用零算力的一击打它自己:那个倍数是原始量表分算的,而八题的档数是 2–5。****五种归一化下:原始",更多年份只对「用上全部年份」的估计量有用;而 `#111c` 在这里开火,1,0
README_zh.md,823,,150246,"标准差只剩 1.49 倍,而八题全匀速时随机产生的倍数,中位就有 1.4–1.6、95% 分位 1.75。****观测比那个零还小。第五种口径下冠军甚至换成了 `teensex`。**⇒ **「2.5 倍」在此撤回,而 `#823` 派我去解释的东西不存在 —— 一次零算力的量纲检查,省掉了后面三轮对一个假象的解释。**⚠⚠ 而排序本身也不是一个对象:`helpblk`",更多年份只对「用上全部年份」的估计量有用;而 `#111c` 在这里开火,1,0
README_zh.md,818,,150963,"产物比「改动有没有用」大得多**:**在按年份重抽的意义上,把一个十年内的年份从两年扩到五年买不到任何精度 —— 因为年际波动就是主噪声源,而年份本身就是样本;多用几年不是「更多数据」,它就是那点数据** ⇒ **堵住 `#818` 与 `#821` 的不是统计口径,是 GSS 每个十年只跑了四到六次** ⇒ **登记为结构性不可能(`realstat §2`):突破它","UNVERIFIED,而理由是这个设计的噪声底比「值得说的量」还大",1,0
README_zh.md,821,,150972,"用」大得多**:**在按年份重抽的意义上,把一个十年内的年份从两年扩到五年买不到任何精度 —— 因为年际波动就是主噪声源,而年份本身就是样本;多用几年不是「更多数据」,它就是那点数据** ⇒ **堵住 `#818` 与 `#821` 的不是统计口径,是 GSS 每个十年只跑了四到六次** ⇒ **登记为结构性不可能(`realstat §2`):突破它需要更多的调查年份","kill 的尺子用错了噪声:种子跨度量的是可复现性,不是精度",1,0
README_zh.md,821,,151204,",而这一轮它是关于「什么能被知道」的:美国的宗教鸿沟在五十年里怎么走,这个数据能告诉我们;但「哪一个十年不寻常」它答不了,再多统计功夫也改不了 —— 因为这份问卷每十年只问了四到六次,而十年本身就是那个样本**;⚠ **`#821` 那句「单点价值最高的工程改动」在此撤回** —— 它看起来显然、且两条独立线索同时指向,**而两条线索同时指向一个东西不构成那个东西有用的","kill 的尺子用错了噪声:种子跨度量的是可复现性,不是精度",1,0
README_zh.md,799,,151805,"计量** `concentration(题,轴)` = 单个最大十年的 |Δgap| ÷ 各十年 |Δgap| 之和(完全匀速 ⇒ ≈1/十年数;全集中 ⇒ ≈1.0;**分母是绝对值之和 ≥ 分子 ⇒ 结构上无小分母,`#799` 的分母放大器被设计掉了**),基线**不假设**、由同一题同一轴的真匀速合成世界给出 ⇒ 自动吸收各十年跨度不等与覆盖不全;**kill ",顶对经住了造世界那一级:小分母 + 噪声造不出 2.19 与 1.84,1,0
README_zh.md,820,,152289,"我照做了、报了跨度、然后把那个跨度当成了它不是的东西** ⇒ **规矩:预注册判据的分母必须是「这个统计量自己的抽样噪声」,永远不是「重复计算的一致性」;两者可以差一个数量级,而它们读起来一样像「稳」**;⇒ **所以 `#820` 那句「虔诚在裂、政治在漂」仍然是一个未经检验的事后读数 —— 本轮既没救它也没推翻它**;⚠ **正控带回一条比结论更耐用的能力边界:re","按虔诚分,鸿沟是猛地裂的;按政治立场分,同一条鸿沟只是匀速漂",1,0
README_zh.md,818,,152603,"ar` 六题都不开火:它们全程移动量太小,噪声淹没了集中度** ⇒ **不开火的题不是「没有集中」,是「这台仪器在它们上什么也读不出」**;⚠⚠ **而两个互不相干的问题现在被同一个设计限制卡住,这个汇合本身是发现**:`#818`(噪声底 0.134 > 要分辨的 0.10)与本轮(0.175 > 0.074)**都死在「每个十年只用首末两年」上** ⇒ **「把十年","UNVERIFIED,而理由是这个设计的噪声底比「值得说的量」还大",1,0
README_zh.md,814,,152964,"各重复 40 次;**而第一版失败带回的「正控只在大移动题上开火」不是被修掉的 bug,是真发现**;负控:容差 0.08 ÷ 自身噪声半宽 0.175 = **0.46×** ⇒ **这条检查自己宣告没有资格回答**(`#814` 的机制第二次在非它设计的问题上正确开火);**3 个种子**且逐题跨度已报⟩|  **而 `#821` 把「每个十年用上全部年份」称作单点",容差比噪声窄七倍:那两条负控是随机开火的,1,0
README_zh.md,821,,153016,"控:容差 0.08 ÷ 自身噪声半宽 0.175 = **0.46×** ⇒ **这条检查自己宣告没有资格回答**(`#814` 的机制第二次在非它设计的问题上正确开火);**3 个种子**且逐题跨度已报⟩|  **而 `#821` 把「每个十年用上全部年份」称作单点价值最高的改动 —— 于是先量它,再决定要不要拿它重跑。****结果:换一批受访者的意义上只降了约一成半","kill 的尺子用错了噪声:种子跨度量的是可复现性,不是精度",1,0
README_zh.md,819,,154364,"本轮预注册测过的** —— 我预注册的三个世界是「同一张网格」「政治同步」「分辨不出」,**实际落点是第四种:两轴都不同步,但一个跳、一个漂** ⇒ **登记为下一轮的预注册对象,本轮不当结论**;⚠⚠ **而本轮暴露 `#819` 的一处不稳,必须自己揭**:同一份数据同一套代码,只是 `B` 1500→1200、种子不同,**`teensex` 2000s 从未标记",只有同性恋那一题在猛地裂;其余七题各按自己的匀速走,1,0
README_zh.md,819,,154475,"#819` 的一处不稳,必须自己揭**:同一份数据同一套代码,只是 `B` 1500→1200、种子不同,**`teensex` 2000s 从未标记翻成 `EXCLUDES`(44 个覆盖格里翻 1 格)** ⇒ **`#819` 的「2/8」与本轮网格都是边界敏感的;`realstat` 要求 ≥3 个种子,而两轮加起来只有 2 次抽样 ⇒ 在补上多种子之前,单个格",只有同性恋那一题在猛地裂;其余七题各按自己的匀速走,1,0
README_zh.md,819,,154766,层下「全部位移集中在 1990s」的合成世界都以 **1990s** 为众数;负控:两个分层下真匀速世界假阳都是 **0 格** —— ⚠ **写成 `asserted` 不是 `identity_control`**(`#819` 的教训);gauge:参照由该题**在该分层下**自己的全程 `Δgap` 定 ⇒ 极性与分层方向都自动抵消;⚠ **改不了的**:`po,只有同性恋那一题在猛地裂;其余七题各按自己的匀速走,1,0
README_zh.md,820,,154954,"iews` 的点估计系统性小于 `REL` 的(`homosex` 1990s −0.293 对 −0.629),**而「小」与「更没分辨力」在本轮分不开**(两臂样本量与离散度都不同),**如实登记**⟩|  **而 `#820` 那句事后读数值不值得信,取决于有没有一个连续的、无阈值的量 —— 于是造了一个:****`concentration` = 单个最大十年的","按虔诚分,鸿沟是猛地裂的;按政治立场分,同一条鸿沟只是匀速漂",1,0
README_zh.md,818,,155390,"种子本身是硬要求 —— 我照做了、报了跨度、然后把它当成了它不是的东西。**⇒ 所以「虔诚在裂、政治在漂」**仍然是一个未经检验的事后读数**,本轮既没救它也没推翻它。⚠⚠ 而两个互不相干的问题现在被同一个设计限制卡住:`#818` 与本轮**都死在「每个十年只用首末两年」上** ——**那个汇合本身就是发现,它指出了这个项目目前单点价值最高的工程改动。** `[#82","UNVERIFIED,而理由是这个设计的噪声底比「值得说的量」还大",1,0
README_zh.md,789,,155620,"的匀速走** | **元分离器:8 题 × 6 个十年 = 48 格全报**(`G3`),每格对**该题自己的**匀速参照(`ref = 该题全程 Δgap × 该十年跨年 / 该题全程跨年` ⇒ **极性自动抵消**,`#789` D9 的 gauge):偏离匀速的只有 **`homosex` 1990s −0.629 · 2000s −0.476 · `sexedu","变异在组内,不在组间:「性 / 非性」这个切法解释不了任何东西",1,0
README_zh.md,806,,156102,"是整张网格其余最大一格的 2.5 倍(−0.629 对 −0.256)** ⇒ **这条鸿沟不是一次普遍宗教政治重组的实例,它在自己那一家里就是例外**;⚠⚠ **而 `helpblk` 是最有教益的对照,它推翻了我读 `#806` 时的默认理解**:它的差距**跨过了零**(−0.344→+0.333),**却没有任何一个十年偏离自己的匀速率**(1990s +0.2",换边不是刻度造的(0.6%);而顶对这个设计够不着,1,0
README_zh.md,806,,156267,"偏离自己的匀速率**(1990s +0.206 与 2010s +0.197 都落在它 +0.138/十年 的轨道上)⇒ **一条鸿沟可以一路换到对面去,而全程不曾猛地裂开一次 —— 「换边」与「裂开」是两件事,而我在 `#806` 之后一直把它们当成同一件的两种说法**;⚠ **我不能再写的那句话:「1990s–2000s 是这条宗教鸿沟裂开的年代」** —— 不带「",换边不是刻度造的(0.6%);而顶对这个设计够不着,1,0
README_zh.md,828,,156369,"两件事,而我在 `#806` 之后一直把它们当成同一件的两种说法**;⚠ **我不能再写的那句话:「1990s–2000s 是这条宗教鸿沟裂开的年代」** —— 不带「在同性恋这道题上」这个限定,它是错的 ` ⚠⚠ **`#828` 追加**:本行提到的 **`sexeduc`/1990s 与 `teensex`/2010s 在 `#826` 的 BH 多重性校正后并不","两条更正落地;而那份欠账清单的「0 笔」,仪器只验证过一次",1,0
README_zh.md,826,,156425,"2000s 是这条宗教鸿沟裂开的年代」** —— 不带「在同性恋这道题上」这个限定,它是错的 ` ⚠⚠ **`#828` 追加**:本行提到的 **`sexeduc`/1990s 与 `teensex`/2010s 在 `#826` 的 BH 多重性校正后并不存活**(p = 0.034 与 0.0067,而 34 格家族里它们正是 `#825` 算出的「运气该给的那 ","减掉运气那一份之后,整张网格只剩两个格,而它们都是同性恋那一题",1,0
README_zh.md,825,,156483,"8` 追加**:本行提到的 **`sexeduc`/1990s 与 `teensex`/2010s 在 `#826` 的 BH 多重性校正后并不存活**(p = 0.034 与 0.0067,而 34 格家族里它们正是 `#825` 算出的「运气该给的那 1.7 格」)⇒ **它们不再是「偏离」,只有 `homosex` 的 1990s / 2000s 存活;在 BY ","负控失败在 5.9%,而那正是 95% 区间的额定值:整张网格从来没做过多重性",1,0
README_zh.md,812,,156654, 2000s 存活;在 BY 之下更只剩 1990s。** [#819「只有同性恋那一题在猛地裂」]`(Entry 819) 〔GSS〕 ⟨正控:造一个「全部位移集中在 1990s」的世界(**替换轨迹不叠加** —— `#812`/`#818` 那一族已重犯三次)⇒ **只有 1990s 被检出且检出 5 题**;负控:每题各自真匀速的世界 ⇒ **44 个覆盖格里假,"这条鸿沟不是长出来的,是在九十年代和两千年代裂开的",1,0
README_zh.md,818,,156661,存活;在 BY 之下更只剩 1990s。** [#819「只有同性恋那一题在猛地裂」]`(Entry 819) 〔GSS〕 ⟨正控:造一个「全部位移集中在 1990s」的世界(**替换轨迹不叠加** —— `#812`/`#818` 那一族已重犯三次)⇒ **只有 1990s 被检出且检出 5 题**;负控:每题各自真匀速的世界 ⇒ **44 个覆盖格里假阳 0 格**,"UNVERIFIED,而理由是这个设计的噪声底比「值得说的量」还大",1,0
README_zh.md,818,,156849," 跑前写下的最强混淆:**八题年份覆盖不同 ⇒ 未问过的十年标 `NOT_ASKED` 并从分母剔除(4 格),不记成「没裂开」—— 否则分母灌水会自己制造一个假的众数**;⚠⚠ **负控那一行是这一族的第四次重犯**(`#818` 一轮前刚立的规矩):实测假阳 0 格 ⇒ `identity_control(0.0, 0.0)` 两侧都恰好为零 ⇒ 库判 DEGENE","UNVERIFIED,而理由是这个设计的噪声底比「值得说的量」还大",1,0
README_zh.md,824,,157144,"的零是沉默,不是无罪)**;⚠ 区间是**下界性质**(每十年只用首末两年)· `matters = 0.10` **是我选的** · 2020s 全部年份不足 ⇒ **「2010 年代之后」本轮答不了**⟩ ⚠⚠ **`#824` 追加 —— 这一行里的「2.5 倍」已撤回**:那个倍数是**原始量表分**算的,而八题档数 2–5;换成除以人际 SD 只剩 **1.4","「2.5 倍」撤回:三种归一化下,那个例外落在八题全匀速的随机范围里",1,0
README_zh.md,828,,157400,"sex` ⇒ **「它比别人跳得更厉害」不成立**。⚠ **本行没有被撤的部分**:「只有 `homosex` 在两个十年偏离自己的匀速率、众数十年 2/8」——那是逐题自归一的判定,**按构造量纲安全**。 ⚠⚠ **`#828` 追加**:本行提到的 **`sexeduc`/1990s 与 `teensex`/2010s 在 `#826` 的 BH 多重性校正后并不","两条更正落地;而那份欠账清单的「0 笔」,仪器只验证过一次",1,0
README_zh.md,826,,157456,"在两个十年偏离自己的匀速率、众数十年 2/8」——那是逐题自归一的判定,**按构造量纲安全**。 ⚠⚠ **`#828` 追加**:本行提到的 **`sexeduc`/1990s 与 `teensex`/2010s 在 `#826` 的 BH 多重性校正后并不存活**(p = 0.034 与 0.0067,而 34 格家族里它们正是 `#825` 算出的「运气该给的那 ","减掉运气那一份之后,整张网格只剩两个格,而它们都是同性恋那一题",1,0
README_zh.md,825,,157514,"8` 追加**:本行提到的 **`sexeduc`/1990s 与 `teensex`/2010s 在 `#826` 的 BH 多重性校正后并不存活**(p = 0.034 与 0.0067,而 34 格家族里它们正是 `#825` 算出的「运气该给的那 1.7 格」)⇒ **它们不再是「偏离」,只有 `homosex` 的 1990s / 2000s 存活;在 BY ","负控失败在 5.9%,而那正是 95% 区间的额定值:整张网格从来没做过多重性",1,0
README_zh.md,819,,157611," 34 格家族里它们正是 `#825` 算出的「运气该给的那 1.7 格」)⇒ **它们不再是「偏离」,只有 `homosex` 的 1990s / 2000s 存活;在 BY 之下更只剩 1990s。**|  **而 `#819` 那句话有一个我没检验过的前提:它是按虔诚度分的层。于是把同一张网格换成政治立场再跑一遍,并把两张网格的比较本身当成估计量。****结果:按",只有同性恋那一题在猛地裂;其余七题各按自己的匀速走,1,0
README_zh.md,819,,158044,"0.196)——这一条是我跑前写下的最强混淆,而实测把它推翻了,这正是本轮成立的关键。**⚠⚠ 但**「虔诚在裂、政治在漂」是事后读出来的**,不是本轮预注册测过的 —— 登记为下一轮的预注册对象。⚠⚠ 而本轮还暴露了 `#819` 的一处不稳:**只是换了种子与 `B`,44 个覆盖格里就翻了 1 格** ——**在补上多种子之前,单个格子不许当硬事实。** `[#8",只有同性恋那一题在猛地裂;其余七题各按自己的匀速走,1,0
README_zh.md,802,,158202,"*在补上多种子之前,单个格子不许当硬事实。** `[#820「按虔诚分,鸿沟是猛地裂的」]` | **UNVERIFIED,而理由是这个设计的噪声底比「值得说的量」还大** | **这条线索里第一个只有一层的估计量**(`#802` 以来每个数都是「两层之差」,**而一个差可以在谁都没动时变化,也可以在两群人都在动时不变**):虔诚层自己的世代内态度变化,**2000s","五条鸿沟在裂,三条在合;而同性恋那条翻了三倍",1,0
README_zh.md,815,,158567,"半宽是 **0.134**,而我跑前把「多大才算数」定在 **0.10** ⇒ **这个设计的噪声底比它要分辨的量还大 ⇒「停住了」与「往回走了」在这里结构性不可分** ⇒ **登记为能力边界,不是欠账**;**而这是 `#815` 那条机制第一次在一个不是为它设计的问题上正确开火**:容差 0.05 事先写死(`#817`② 的修正),比值 **0.37×** ⇒ *","恒真、恒假、随机:第三种最危险,因为它有时候会失败",1,0
README_zh.md,817,,158614,"噪声底比它要分辨的量还大 ⇒「停住了」与「往回走了」在这里结构性不可分** ⇒ **登记为能力边界,不是欠账**;**而这是 `#815` 那条机制第一次在一个不是为它设计的问题上正确开火**:容差 0.05 事先写死(`#817`② 的修正),比值 **0.37×** ⇒ **这条检查自己宣告没有资格回答;而正确的反应不是放宽容差,那是拿闸迁就结果**;⚠⚠ **但有",两次张开都不是纯粹的「走」;而两千年代的虔诚者根本没动,1,0
README_zh.md,812,,159031,"抓住,其中两条是同一族的重犯**:① 正控第一版**把 −0.300 叠加在真实数据上**,而真实数据有 +0.166 ⇒ 期望值应是 −0.134,实测 −0.1368 —— **仪器是对的,是我的期望值写错了;这是 `#812` 那条「destroy the structure under test」的第三次重犯,而 `#812` 已经把它写进账本了,教训没有转移过","这条鸿沟不是长出来的,是在九十年代和两千年代裂开的",1,0
README_zh.md,812,,159083," +0.166 ⇒ 期望值应是 −0.134,实测 −0.1368 —— **仪器是对的,是我的期望值写错了;这是 `#812` 那条「destroy the structure under test」的第三次重犯,而 `#812` 已经把它写进账本了,教训没有转移过来**;② 负控第一版「世代内冻结」使该项**代数上恰好为 0** ⇒ 与 0 比 0,库判 DEGEN","这条鸿沟不是长出来的,是在九十年代和两千年代裂开的",1,0
README_zh.md,802,,159178," test」的第三次重犯,而 `#812` 已经把它写进账本了,教训没有转移过来**;② 负控第一版「世代内冻结」使该项**代数上恰好为 0** ⇒ 与 0 比 0,库判 DEGENERATE —— **而库是对的**(`#802` 给 `#770` 补的前提是那两个值必须非零)⇒ **我想要的检查根本不是「两个量是同一个」,是「这个量恰好是零」,而一个恒等于零的量只能","五条鸿沟在裂,三条在合;而同性恋那条翻了三倍",1,0
README_zh.md,770,,159187,"次重犯,而 `#812` 已经把它写进账本了,教训没有转移过来**;② 负控第一版「世代内冻结」使该项**代数上恰好为 0** ⇒ 与 0 比 0,库判 DEGENERATE —— **而库是对的**(`#802` 给 `#770` 补的前提是那两个值必须非零)⇒ **我想要的检查根本不是「两个量是同一个」,是「这个量恰好是零」,而一个恒等于零的量只能做代码实现检查,不","解释份额是推导不是测量,而我用它写了五轮",1,0
README_zh.md,812,,159471,"层按年份内三分位定义 ⇒ 两个年份不是同一群人,实测该层 `REL` 均值漂移 1990s +0.852→+0.843 · 2000s +0.834→+0.841,**不大,但本设计修不了它,只能量它**⟩|  **而 `#812` 那句「九十年代裂开」只在一题上跑过,`#813`/`#816`/`#817`/`#818` 四轮全叠在它上面 —— 于是这一轮去问那四轮从","这条鸿沟不是长出来的,是在九十年代和两千年代裂开的",1,0
README_zh.md,813,,159496,"测该层 `REL` 均值漂移 1990s +0.852→+0.843 · 2000s +0.834→+0.841,**不大,但本设计修不了它,只能量它**⟩|  **而 `#812` 那句「九十年代裂开」只在一题上跑过,`#813`/`#816`/`#817`/`#818` 四轮全叠在它上面 —— 于是这一轮去问那四轮从没问过的话:八题是不是在同一个十年裂开的?****","那两次张开是真分歧;而 `#805`/`#806` 的负控只抽过一次,它们的「通过」是运气",1,0
README_zh.md,816,,159503,"L` 均值漂移 1990s +0.852→+0.843 · 2000s +0.834→+0.841,**不大,但本设计修不了它,只能量它**⟩|  **而 `#812` 那句「九十年代裂开」只在一题上跑过,`#813`/`#816`/`#817`/`#818` 四轮全叠在它上面 —— 于是这一轮去问那四轮从没问过的话:八题是不是在同一个十年裂开的?****这是一个元分离","大部分是改了主意,但有七分之一根本不是「走」,是人换了",1,0
README_zh.md,817,,159510," 1990s +0.852→+0.843 · 2000s +0.834→+0.841,**不大,但本设计修不了它,只能量它**⟩|  **而 `#812` 那句「九十年代裂开」只在一题上跑过,`#813`/`#816`/`#817`/`#818` 四轮全叠在它上面 —— 于是这一轮去问那四轮从没问过的话:八题是不是在同一个十年裂开的?****这是一个元分离器,而它的正结",两次张开都不是纯粹的「走」;而两千年代的虔诚者根本没动,1,0
README_zh.md,818,,159517,"+0.852→+0.843 · 2000s +0.834→+0.841,**不大,但本设计修不了它,只能量它**⟩|  **而 `#812` 那句「九十年代裂开」只在一题上跑过,`#813`/`#816`/`#817`/`#818` 四轮全叠在它上面 —— 于是这一轮去问那四轮从没问过的话:八题是不是在同一个十年裂开的?****这是一个元分离器,而它的正结果我不欢迎:若","UNVERIFIED,而理由是这个设计的噪声底比「值得说的量」还大",1,0
README_zh.md,806,,159838,"出来;只有同性恋这一道在猛地裂,而它那两个十年的幅度是整张网格其余最大一格的 2.5 倍。****这条鸿沟不是一次普遍宗教政治重组的实例 —— 它在自己那一家里就是例外。**⚠⚠ **而 `helpblk` 推翻了我读 `#806` 时的默认理解**:它的差距跨过了零,**却没有任何一个十年偏离自己的匀速率** ——**一条鸿沟可以一路换到对面去,而全程不曾猛地裂开一次",换边不是刻度造的(0.6%);而顶对这个设计够不着,1,0
README_zh.md,813,,160026,"换边」与「裂开」是两件事,而我一直把它们当成同一件的两种说法。** `[#819「只有同性恋那一题在猛地裂」]` | **两次张开都不是纯粹的「走」;而两千年代的虔诚者根本没动** | **世代拆解推到 2000s**(`#813` 说那个十年「几乎全是分歧」,**而它同样没检验过「走」这个前提**):1990s Δgap −0.587 = 态度 −0.501 + 构成","那两次张开是真分歧;而 `#805`/`#806` 的负控只抽过一次,它们的「通过」是运气",1,0
README_zh.md,813,,160286,".043 ⇒ 份额 **9.2% [0.5%, 37.8%]** ⇒ **两个区间重叠 ⇒ 说不出两个十年的机制不同;而两个份额区间都排除 0 ⇒ 两次张开都不是纯粹的「走」** | ⚠⚠ **并排放在一起之后冒出一件 `#813` 与 `#816` 都没看见的事,它比份额更值得说:两个十年里虔诚层做的事完全不同** —— **九十年代虔诚者的态度项是 +0.166(他","那两次张开是真分歧;而 `#805`/`#806` 的负控只抽过一次,它们的「通过」是运气",1,0
README_zh.md,816,,160295," **9.2% [0.5%, 37.8%]** ⇒ **两个区间重叠 ⇒ 说不出两个十年的机制不同;而两个份额区间都排除 0 ⇒ 两次张开都不是纯粹的「走」** | ⚠⚠ **并排放在一起之后冒出一件 `#813` 与 `#816` 都没看见的事,它比份额更值得说:两个十年里虔诚层做的事完全不同** —— **九十年代虔诚者的态度项是 +0.166(他们也在变宽容,只是","大部分是改了主意,但有七分之一根本不是「走」,是人换了",1,0
README_zh.md,815,,160643,"63 我没有给它区间** —— 它是从一次拆解里读出来的,**不是本轮预注册要测的量** ⇒ **登记为下一轮要测的,本轮不当结论**;⚠⚠ **而负控那一行印出「容差 ÷ 自身噪声半宽 = 1.00×」,这个数暴露了 `#815` 那条机制的自我瓦解**:我把容差写成 `max(噪声半宽, 1e-3)` ⇒ **比值按构造恒等于 1.00×,那条检查永远不会开火** ","恒真、恒假、随机:第三种最危险,因为它有时候会失败",1,0
README_zh.md,815,,160723,"出「容差 ÷ 自身噪声半宽 = 1.00×」,这个数暴露了 `#815` 那条机制的自我瓦解**:我把容差写成 `max(噪声半宽, 1e-3)` ⇒ **比值按构造恒等于 1.00×,那条检查永远不会开火** ⇒ **`#815` 的规矩是「容差不得窄于噪声」,而调用方只要令 `容差 := 噪声`,规矩就永远满足、什么也不约束 —— 这是「不可能失败的检查」在一条防止","恒真、恒假、随机:第三种最危险,因为它有时候会失败",1,0
README_zh.md,816,,160969,"近那个宽度内,而它做到了),**失效的是那个比值所声称的额外保证** `[#817「两次张开都不是纯粹的「走」」]`(Entry 817) 〔GSS〕 ⟨正控(态度冻结)⇒ 份额 **恒等于 1.000000**,并按 `#816`② **声明为 `deterministic=True`** —— **这一次那一行说对了它自己是什么**;负控(权重冻结)⇒ 中位 **0","大部分是改了主意,但有七分之一根本不是「走」,是人换了",1,0
README_zh.md,813,,161486,"35 ⇒ **`Δgap` −0.587 = 态度 −0.501 + 构成 −0.086,构成项占 14.7%,自助区间 [1.2%, 36.5%] —— 上界越过预注册的 1/3,kill 反着开火** | ⚠⚠ **`#813` 那句「两群人朝不同方向走」预设了同一批人在移动,而那个前提从没被检验过** —— **一个反复出现的横截面里,均值变化可以完全不需要任何人","那两次张开是真分歧;而 `#805`/`#806` 的负控只抽过一次,它们的「通过」是运气",1,0
README_zh.md,812,,161755,"是人改了主意,而且两层都改了(虔诚者也变宽容了,只是慢四倍);但大约七分之一不需要有任何一个人改变过想法** ⇒ **「全是走」是错的**;⚠ **两处口径差不许糊过去**:① 本轮 `Δgap` = −0.587 而 `#812` 同窗口是 −0.629,**差别来自样本**(只用 `cohort` 非缺失且落在 n≥60 世代箱里的人)——**同一个量在两个样本上不","这条鸿沟不是长出来的,是在九十年代和两千年代裂开的",1,0
README_zh.md,815,,162145,"** `[#816「大部分是改了主意」]`(Entry 816) 〔GSS〕 ⟨负控(世代权重冻结、只有态度变)⇒ 份额中位 **0.044** [0.003, 0.237],⚠ **这一次参照真的是 0**,而容差按 `#815` 刚立的规矩取它**自己量出来的噪声半宽 0.117**;⚠ **正控要自己揭一下,不然读起来比实际强**:它的 95% 跨度是 [1.00","恒真、恒假、随机:第三种最危险,因为它有时候会失败",1,0
README_zh.md,815,,162308,"比实际强**:它的 95% 跨度是 [1.000, 1.000]、半宽 0.000,**那不是「噪声极小」,是我造的世界里态度项按构造恒为 0 ⇒ 份额恒等于 1** ⇒ **它是一条确定性的代码检查,不是随机控制;按 `#815` 的接口它本该声明 `deterministic=True`,而我传了一个 0 噪声半宽 —— 两者都能过闸,但说的话不一样,而我说错了那一","恒真、恒假、随机:第三种最危险,因为它有时候会失败",1,0
README_zh.md,805,,162996,"」,是「**这条检查没有资格回答**」);`deterministic=True` ⇒ 确定性量,噪声不适用;**两者都不给 ⇒ 行里带显眼的 `⚠ 噪声未量` 标记**;**回测 4 例、答案事先已知 ⇒ 4/4**(`#805` 那条 0.08/0.35 ⇒ **抓住并打印 0.23×**;容差放到 0.40 ⇒ 通过,1.14×;`#796` 那种确定性恒等 ⇒ ","两者都在:刻度解释了那条鸿沟的一部分,解释不完",1,0
README_zh.md,796,,163055,"都不给 ⇒ 行里带显眼的 `⚠ 噪声未量` 标记**;**回测 4 例、答案事先已知 ⇒ 4/4**(`#805` 那条 0.08/0.35 ⇒ **抓住并打印 0.23×**;容差放到 0.40 ⇒ 通过,1.14×;`#796` 那种确定性恒等 ⇒ 干净;旧调用点 ⇒ 带标记不阻断)| ⚠⚠ **而本轮真正要记住的是那个分类,不是这段代码**:**一条检查可以坏成三",三堆不是逐年取均值取出来的;而我那三个估计量其实是两个,1,0
README_zh.md,754,,163141,"**;容差放到 0.40 ⇒ 通过,1.14×;`#796` 那种确定性恒等 ⇒ 干净;旧调用点 ⇒ 带标记不阻断)| ⚠⚠ **而本轮真正要记住的是那个分类,不是这段代码**:**一条检查可以坏成三种样子 —— 恒真(`#754`)· 恒假(容差为 0 的浮点等式)· 随机(本条)。****前两种一眼能看出来,因为它们的输出从不变化;第三种最危险:它有时候会失败,于是","人层那个族大半是一件事,而判不了的是我的阈值不是世界",1,0
README_zh.md,795,,163591,"量怎么算出来,没法替它做 200 次重抽** ⇒ **这条规矩把「量噪声」从「没人想得起来」变成「不写就留疤」,但它不能替人去量** `[#815「恒真、恒假、随机」]`(Entry 815) 〔本页自己的闸库〕 ⟨与 `#795`/`#804`/`#811` 同一条路,**第四次**:规矩写在账本里就会失效;**本轮不报效应**⟩| | **容差比噪声窄七倍:那两条负","缺陷是真的,而它一次都没到过账本:救我的是一条从没写下来的惯例",1,0
README_zh.md,804,,163598,"没法替它做 200 次重抽** ⇒ **这条规矩把「量噪声」从「没人想得起来」变成「不写就留疤」,但它不能替人去量** `[#815「恒真、恒假、随机」]`(Entry 815) 〔本页自己的闸库〕 ⟨与 `#795`/`#804`/`#811` 同一条路,**第四次**:规矩写在账本里就会失效;**本轮不报效应**⟩| | **容差比噪声窄七倍:那两条负控是随机开火的","那条规矩写在账本里,而账本不执行任何东西",1,0
README_zh.md,811,,163605,"00 次重抽** ⇒ **这条规矩把「量噪声」从「没人想得起来」变成「不写就留疤」,但它不能替人去量** `[#815「恒真、恒假、随机」]`(Entry 815) 〔本页自己的闸库〕 ⟨与 `#795`/`#804`/`#811` 同一条路,**第四次**:规矩写在账本里就会失效;**本轮不报效应**⟩| | **容差比噪声窄七倍:那两条负控是随机开火的** | **","「窄的零」缺的不是一个分支,是一个我从没说出口的输入",1,0
README_zh.md,805,,163683,"815) 〔本页自己的闸库〕 ⟨与 `#795`/`#804`/`#811` 同一条路,**第四次**:规矩写在账本里就会失效;**本轮不报效应**⟩| | **容差比噪声窄七倍:那两条负控是随机开火的** | **把 `#805`/`#806` 的负控各重抽 200 次,每个起点跑两个合成样本量**(⚠ **不搬 `#813` 那个 ±0.33** —— 它是在 19","两者都在:刻度解释了那条鸿沟的一部分,解释不完",1,0
README_zh.md,806,,163690,"页自己的闸库〕 ⟨与 `#795`/`#804`/`#811` 同一条路,**第四次**:规矩写在账本里就会失效;**本轮不报效应**⟩| | **容差比噪声窄七倍:那两条负控是随机开火的** | **把 `#805`/`#806` 的负控各重抽 200 次,每个起点跑两个合成样本量**(⚠ **不搬 `#813` 那个 ±0.33** —— 它是在 1990 起点上量",换边不是刻度造的(0.6%);而顶对这个设计够不着,1,0
README_zh.md,813,,163732,"**:规矩写在账本里就会失效;**本轮不报效应**⟩| | **容差比噪声窄七倍:那两条负控是随机开火的** | **把 `#805`/`#806` 的负控各重抽 200 次,每个起点跑两个合成样本量**(⚠ **不搬 `#813` 那个 ±0.33** —— 它是在 1990 起点上量的,搬一个数正是 `#813` 自己刚点名的错):两轮负控中位都回到 ~1.0,而*","那两次张开是真分歧;而 `#805`/`#806` 的负控只抽过一次,它们的「通过」是运气",1,0
README_zh.md,813,,163775,"条负控是随机开火的** | **把 `#805`/`#806` 的负控各重抽 200 次,每个起点跑两个合成样本量**(⚠ **不搬 `#813` 那个 ±0.33** —— 它是在 1990 起点上量的,搬一个数正是 `#813` 自己刚点名的错):两轮负控中位都回到 ~1.0,而**它们自己的 95% 噪声半宽是 0.29–0.57** ⇒ **当初的容差 0.08","那两次张开是真分歧;而 `#805`/`#806` 的负控只抽过一次,它们的「通过」是运气",1,0
README_zh.md,805,,163947,"⇒ **当初的容差 0.08 只有它的 0.14×–0.28×**,四个格全部如此,**且不随合成样本量翻转**(n=2000 与 4000 同判)⇒ **那条负控是随机开火的:通过与失败都不携带信息** | ⚠⚠ **`#805` 与 `#806` 页面上的「控制全过」已就地改成「负控没有分辨率;正控与 g=0 控制仍然成立」** —— **两轮的结论都不改变,改变的","两者都在:刻度解释了那条鸿沟的一部分,解释不完",1,0
README_zh.md,806,,163956," 0.08 只有它的 0.14×–0.28×**,四个格全部如此,**且不随合成样本量翻转**(n=2000 与 4000 同判)⇒ **那条负控是随机开火的:通过与失败都不携带信息** | ⚠⚠ **`#805` 与 `#806` 页面上的「控制全过」已就地改成「负控没有分辨率;正控与 g=0 控制仍然成立」** —— **两轮的结论都不改变,改变的是它们能声称的强度",换边不是刻度造的(0.6%);而顶对这个设计够不着,1,0
README_zh.md,754,,164199," `identity_control` 都写了容差,**而没有一条问过这个容差相对于自己的抖动是大是小** ⇒ **一个容差落在自己噪声底之内的等式检查,和一个恒真的检查一样没用,只是它看起来严格得多** ⇒ **这是 `#754` 那一族(恒真/恒假的检查)的第三种形态:不是恒真,不是恒假,是随机 —— 而随机是三者里最危险的,因为它有时候会失败,于是看起来像在工作*","人层那个族大半是一件事,而判不了的是我的阈值不是世界",1,0
README_zh.md,805,,164493," 前提(跑前写下的混淆):噪声跨度依赖 n ⇒ **两个 n 都跑并同印,判定一致 ⇒ 结论不是 n 挑出来的**;起点/容差/观测值**从各自产物 JSON 读出,不从记忆**;⚠ **改不了的**:本轮只重测了负控,`#805`/`#806` 的**正控与 g=0 控制也各自只跑了一次、同样没量过自己的噪声** —— 但它们是「明显低于 0.80」这种**单边、离参","两者都在:刻度解释了那条鸿沟的一部分,解释不完",1,0
README_zh.md,806,,164500,"下的混淆):噪声跨度依赖 n ⇒ **两个 n 都跑并同印,判定一致 ⇒ 结论不是 n 挑出来的**;起点/容差/观测值**从各自产物 JSON 读出,不从记忆**;⚠ **改不了的**:本轮只重测了负控,`#805`/`#806` 的**正控与 g=0 控制也各自只跑了一次、同样没量过自己的噪声** —— 但它们是「明显低于 0.80」这种**单边、离参照很远**的形",换边不是刻度造的(0.6%);而顶对这个设计够不着,1,0
README_zh.md,805,,164646,"的噪声** —— 但它们是「明显低于 0.80」这种**单边、离参照很远**的形式,离噪声底远得多,**所以本轮不改它们,而是如实登记:没测过,不等于没问题**;**本轮不报效应**⟩| | **那两次张开是真分歧;而 `#805`/`#806` 的负控只抽过一次,它们的「通过」是运气** | **把「共同位移」对照跑到真正发生过事情的两个十年上**(`matters`","两者都在:刻度解释了那条鸿沟的一部分,解释不完",1,0
README_zh.md,806,,164653,"— 但它们是「明显低于 0.80」这种**单边、离参照很远**的形式,离噪声底远得多,**所以本轮不改它们,而是如实登记:没测过,不等于没问题**;**本轮不报效应**⟩| | **那两次张开是真分歧;而 `#805`/`#806` 的负控只抽过一次,它们的「通过」是运气** | **把「共同位移」对照跑到真正发生过事情的两个十年上**(`matters` = 0.25",换边不是刻度造的(0.6%);而顶对这个设计够不着,1,0
README_zh.md,811,,164730,"轮不报效应**⟩| | **那两次张开是真分歧;而 `#805`/`#806` 的负控只抽过一次,它们的「通过」是运气** | **把「共同位移」对照跑到真正发生过事情的两个十年上**(`matters` = 0.25,`#811` 强制显式给):**1990s +0.272 [+0.068,+0.737] · +0.370 [+0.091,+0.986],两格对 1 ","「窄的零」缺的不是一个分支,是一个我从没说出口的输入",1,0
README_zh.md,805,,164993,"EXCLUDES**;对照十年 1980s 四格区间跨 ±7~±14,**皆 UNRESOLVED** ⇒ **那两次张开是真的两群人朝不同方向走:九十年代约七成不是刻度能解释的,两千年代几乎全部不是** | ⚠⚠ **`#805` 那个已发表的 [+0.240, +0.956] 由此被收窄了意思(它的数没有错)**:它算在**整段五十年**上,而 `#812` 已证明","两者都在:刻度解释了那条鸿沟的一部分,解释不完",1,0
README_zh.md,812,,165059,"人朝不同方向走:九十年代约七成不是刻度能解释的,两千年代几乎全部不是** | ⚠⚠ **`#805` 那个已发表的 [+0.240, +0.956] 由此被收窄了意思(它的数没有错)**:它算在**整段五十年**上,而 `#812` 已证明那五十年不均质 ⇒ **它把两个裂开的十年与三个没动的十年混在一起,描述的不是任何一个真实发生过的过程** ⇒ **一般教训:一个跨","这条鸿沟不是长出来的,是在九十年代和两千年代裂开的",1,0
README_zh.md,805,,165172,"12` 已证明那五十年不均质 ⇒ **它把两个裂开的十年与三个没动的十年混在一起,描述的不是任何一个真实发生过的过程** ⇒ **一般教训:一个跨越异质时期的分解,分解的是那个时期的平均值,不是那个时期里发生的事 —— `#805` 的数没错,它回答的是一个没人问的问题**;⚠⚠⚠ **而最该带走的一条打到 `#805` 与 `#806` 自己身上**:第一版负控只抽一","两者都在:刻度解释了那条鸿沟的一部分,解释不完",1,0
README_zh.md,805,,165217,"是任何一个真实发生过的过程** ⇒ **一般教训:一个跨越异质时期的分解,分解的是那个时期的平均值,不是那个时期里发生的事 —— `#805` 的数没错,它回答的是一个没人问的问题**;⚠⚠⚠ **而最该带走的一条打到 `#805` 与 `#806` 自己身上**:第一版负控只抽一次得 +0.8475(容差 0.10)⇒ FAIL,**而放宽容差就是拿闸迁就结果,不许*","两者都在:刻度解释了那条鸿沟的一部分,解释不完",1,0
README_zh.md,806,,165226,"过的过程** ⇒ **一般教训:一个跨越异质时期的分解,分解的是那个时期的平均值,不是那个时期里发生的事 —— `#805` 的数没错,它回答的是一个没人问的问题**;⚠⚠⚠ **而最该带走的一条打到 `#805` 与 `#806` 自己身上**:第一版负控只抽一次得 +0.8475(容差 0.10)⇒ FAIL,**而放宽容差就是拿闸迁就结果,不许** ⇒ 改成 **",换边不是刻度造的(0.6%);而顶对这个设计够不着,1,0
README_zh.md,805,,165378," FAIL,**而放宽容差就是拿闸迁就结果,不许** ⇒ 改成 **200 次重抽:中位 +1.0057,95% 范围 [+0.7657, +1.4390]** ⇒ **仪器没有偏,那次失败是抽样噪声**;**但回头看,`#805`/`#806` 的同一条负控也各自只抽了一次,而容差是 0.08 —— 比这条控制自己的抽样跨度(±0.33)窄四倍** ⇒ **一个容差落","两者都在:刻度解释了那条鸿沟的一部分,解释不完",1,0
README_zh.md,806,,165385,"*而放宽容差就是拿闸迁就结果,不许** ⇒ 改成 **200 次重抽:中位 +1.0057,95% 范围 [+0.7657, +1.4390]** ⇒ **仪器没有偏,那次失败是抽样噪声**;**但回头看,`#805`/`#806` 的同一条负控也各自只抽了一次,而容差是 0.08 —— 比这条控制自己的抽样跨度(±0.33)窄四倍** ⇒ **一个容差落在自己噪声底之",换边不是刻度造的(0.6%);而顶对这个设计够不着,1,0
README_zh.md,805,,165496,"#806` 的同一条负控也各自只抽了一次,而容差是 0.08 —— 比这条控制自己的抽样跨度(±0.33)窄四倍** ⇒ **一个容差落在自己噪声底之内的控制,是一条随机开火的控制:通过说明不了什么,失败也说明不了什么。`#805` 的 +0.9917 与 `#806` 的 +1.0473 都在那个范围里,它们「通过」是运气不是验证** ——⚠ **这不推翻那两轮的结论","两者都在:刻度解释了那条鸿沟的一部分,解释不完",1,0
README_zh.md,806,,165515,"次,而容差是 0.08 —— 比这条控制自己的抽样跨度(±0.33)窄四倍** ⇒ **一个容差落在自己噪声底之内的控制,是一条随机开火的控制:通过说明不了什么,失败也说明不了什么。`#805` 的 +0.9917 与 `#806` 的 +1.0473 都在那个范围里,它们「通过」是运气不是验证** ——⚠ **这不推翻那两轮的结论,被撤回的是「控制全过」这句话所声称的",换边不是刻度造的(0.6%);而顶对这个设计够不着,1,0
README_zh.md,812,,165877,"差 +0.0057,结论不变);⚠ 筛子剔除 1990s 与 2000s 的**非虔诚臂**(38%/32% 可达幅度)⇒ **两个十年都只剩一条定标臂,「规格曲线」是 2 格 = 2 个连接函数,不是曲线**;⚠ **`#812`③ 的新规矩本轮第一次执行**:凡 `UNRESOLVED` 必须同时印出它与哪些参照相容 —— 1980s 四格都印了「相容于 {0, 0","这条鸿沟不是长出来的,是在九十年代和两千年代裂开的",1,0
README_zh.md,816,,166062,"0.5, 1}」,**而那正是它什么都没说的证据**;⚠ 每个十年只用首末两年 ⇒ 区间是**下界性质**;共享阈值仍是假设,**DIF 结构性测不了**;`matters = 0.25` **是我选的**⟩ ⚠⚠ **`#816` 追加**:这一行说的「两群人朝不同方向走」**预设了同一批人在移动,而那个前提当时没被检验过**。`#816` 把 1990→1998 的","大部分是改了主意,但有七分之一根本不是「走」,是人换了",1,0
README_zh.md,816,,166118,"阈值仍是假设,**DIF 结构性测不了**;`matters = 0.25` **是我选的**⟩ ⚠⚠ **`#816` 追加**:这一行说的「两群人朝不同方向走」**预设了同一批人在移动,而那个前提当时没被检验过**。`#816` 把 1990→1998 的 `Δgap` 按出生世代拆开:**态度项 −0.501 · 构成项 −0.086,构成项占 14.7% [1.","大部分是改了主意,但有七分之一根本不是「走」,是人换了",1,0
README_zh.md,811,,166439,"代和两千年代裂开的** | **逐十年的 `Δgap`,参照不是 0,是「该十年按实际跨度缩放的匀速率」**(总量 −1.103 摊到十年 = −0.2206,再乘 `实际跨年/10`;`matters` = 0.11,`#811` 强制显式给):1970s −0.075 [−0.268,+0.106] · **1980s +0.052 [−0.168,+0.271] ","「窄的零」缺的不是一个分支,是一个我从没说出口的输入",1,0
README_zh.md,812,,167734,"误**;⚠ 改不了的:2020 年代只有 2 个年份 ⇒ **「2010 年代之后有没有再动」本轮答不了**;`matters = 0.11` **是我选的,是一个关于「多大算数」的判断,不是数据给的**⟩|  **而 `#812` 找出的那两个十年,一个解释都没有 —— 于是把「共同位移」对照跑到它们身上,并把没动的八十年代作为对照十年一起跑。****九十年代:`ex","这条鸿沟不是长出来的,是在九十年代和两千年代裂开的",1,0
README_zh.md,805,,167999,"7~±14,什么都说不了。**⇒ **一句关于人的话:那两次张开是真的两群人朝不同方向走 —— 不是同一场转变从两条起跑线读出来的样子。九十年代大约七成不是刻度能解释的;两千年代几乎全部不是。** ⚠⚠ 而这同时收窄了 `#805` 那个已发表区间的**意思**(它的数没有错):它算在整段五十年上,**把两个裂开的十年和三个没动的十年混在一起 —— 它描述的不是任何一个","两者都在:刻度解释了那条鸿沟的一部分,解释不完",1,0
README_zh.md,805,,168193,"。** ⚠⚠⚠ **而最该带走的一条打在我自己前两轮身上**:本轮负控第一次只抽一次就失败,而重抽 200 次后中位是 +1.0057、95% 范围 [+0.77, +1.44] ——**仪器没有偏,那次失败是噪声;可 `#805` 与 `#806` 的同一条负控也各自只抽了一次,容差却是 0.08,比它自己的噪声跨度窄四倍。****一个容差落在自己噪声底之内的控制,是","两者都在:刻度解释了那条鸿沟的一部分,解释不完",1,0
README_zh.md,806,,168202,"*而最该带走的一条打在我自己前两轮身上**:本轮负控第一次只抽一次就失败,而重抽 200 次后中位是 +1.0057、95% 范围 [+0.77, +1.44] ——**仪器没有偏,那次失败是噪声;可 `#805` 与 `#806` 的同一条负控也各自只抽了一次,容差却是 0.08,比它自己的噪声跨度窄四倍。****一个容差落在自己噪声底之内的控制,是一条随机开火的控制",换边不是刻度造的(0.6%);而顶对这个设计够不着,1,0
README_zh.md,810,,168531," hi, reference, matters)`** 三值:`EXCLUDES` · `TIGHT_NULL`(测出来约等于没变)· `UNRESOLVED`(测不出);**回测 7 例、答案事先已知 ⇒ 7/7**(`#810` NSFG [−0.0887,+0.0959] 门槛 0.17 ⇒ **TIGHT_NULL**;同门槛下 GSS 两条臂 ⇒ **UNRE","第二具仪器有了;而它给的是一个**窄的零**,不是「没分辨力」",1,0
README_zh.md,808,,168616,";**回测 7 例、答案事先已知 ⇒ 7/7**(`#810` NSFG [−0.0887,+0.0959] 门槛 0.17 ⇒ **TIGHT_NULL**;同门槛下 GSS 两条臂 ⇒ **UNRESOLVED**;`#808` `homosex` fit ⇒ **EXCLUDES**;`suicide2` raw ⇒ **TIGHT_NULL**;`matters","八条鸿沟终于有了区间;而「没动」这句话不成立,是「动得最少」",1,0
README_zh.md,808,,168929,"s` **强制显式给,给不出来就返回 `UNRESOLVED`** —— **说不出自己在找多大的东西,就没资格把一个零叫做「没变」**;判据是**等价性检验的形状,不是显著性检验的形状**;⚠⚠ **而回测顺手暴露了 `#808` 的一处空缺,这才是本轮真正的收获**:`#808` 把三题的 `raw` 区间统称「含 0」,而在门槛 0.17 下它们分成两类(`sui","八条鸿沟终于有了区间;而「没动」这句话不成立,是「动得最少」",1,0
README_zh.md,808,,168955,"LVED`** —— **说不出自己在找多大的东西,就没资格把一个零叫做「没变」**;判据是**等价性检验的形状,不是显著性检验的形状**;⚠⚠ **而回测顺手暴露了 `#808` 的一处空缺,这才是本轮真正的收获**:`#808` 把三题的 `raw` 区间统称「含 0」,而在门槛 0.17 下它们分成两类(`suicide2` = `TIGHT_NULL`,另两题 ","八条鸿沟终于有了区间;而「没动」这句话不成立,是「动得最少」",1,0
README_zh.md,808,,169050,"缺,这才是本轮真正的收获**:`#808` 把三题的 `raw` 区间统称「含 0」,而在门槛 0.17 下它们分成两类(`suicide2` = `TIGHT_NULL`,另两题 = `UNRESOLVED`)⇒ **`#808` 从头到尾没说过「多大才算数」,而没有那个数,它那张表里每一个「含 0」都同时兼容「真的没变」与「测不出」**;⚠ **而我不替它补一个门槛","八条鸿沟终于有了区间;而「没动」这句话不成立,是「动得最少」",1,0
README_zh.md,808,,169158,"**`#808` 从头到尾没说过「多大才算数」,而没有那个数,它那张表里每一个「含 0」都同时兼容「真的没变」与「测不出」**;⚠ **而我不替它补一个门槛** —— 0.17 是为 NSFG 那个 6 年窗口推出来的,`#808` 的跨度是 19–28 年,**用同一个数是偷换** ⇒ **登记为 `#808` 的欠账:它欠的是一个「多大才算数」的声明,不是更多计算。","八条鸿沟终于有了区间;而「没动」这句话不成立,是「动得最少」",1,0
README_zh.md,808,,169199," 0」都同时兼容「真的没变」与「测不出」**;⚠ **而我不替它补一个门槛** —— 0.17 是为 NSFG 那个 6 年窗口推出来的,`#808` 的跨度是 19–28 年,**用同一个数是偷换** ⇒ **登记为 `#808` 的欠账:它欠的是一个「多大才算数」的声明,不是更多计算。这条规则的价值就在这里 —— 它不是替我判了什么,是让我看见我从没回答过哪个问题*","八条鸿沟终于有了区间;而「没动」这句话不成立,是「动得最少」",1,0
README_zh.md,805,,169496,"一个「算数」那么大的偏离被排除了,而 `matters` 是我选的** ⇒ **只报「没排除」,从不认证「真的等于零」**;⚠ **改不了的**:它像 `headroom_control` 一样既能当控制又能当筛子,而 `#805` 刚证明**筛子失败与控制失败是两件事** ⇒ **本轮不加筛子入口**(纯函数 `interval_verdict` 就是筛子用法),**","两者都在:刻度解释了那条鸿沟的一部分,解释不完",1,0
README_zh.md,805,,169587,"ol` 一样既能当控制又能当筛子,而 `#805` 刚证明**筛子失败与控制失败是两件事** ⇒ **本轮不加筛子入口**(纯函数 `interval_verdict` 就是筛子用法),**明写:谁把它当筛子用,谁承担 `#805` 那次的后果**;**本轮不报效应**⟩| | **第二具仪器有了;而它给的是一个「窄的零」,不是「没分辨力」** | **NSFG 女性问","两者都在:刻度解释了那条鸿沟的一部分,解释不完",1,0
README_zh.md,802,,170017,"0350, +0.4720] · GSS(三项合成)**−0.0306** [−0.3201, +0.2651] ⇒ **没有「同号且都排除 0」⇒ kill 反着开火** | ⚠⚠ **本轮起点是关于我自己的观察**:`#802`–`#809` 连着八轮全在 GSS 上,而每轮都写「换不了仪器」,依据是 `R223` —— **可 `R223` 关的是 `r = 斜率","五条鸿沟在裂,三条在合;而同性恋那条翻了三倍",1,0
README_zh.md,809,,170024,"0.4720] · GSS(三项合成)**−0.0306** [−0.3201, +0.2651] ⇒ **没有「同号且都排除 0」⇒ kill 反着开火** | ⚠⚠ **本轮起点是关于我自己的观察**:`#802`–`#809` 连着八轮全在 GSS 上,而每轮都写「换不了仪器」,依据是 `R223` —— **可 `R223` 关的是 `r = 斜率之比` 那扇门","区间上页了;而「五十年没动」那四处命中,全是撤回本身",1,0
README_zh.md,802,,170114,"点是关于我自己的观察**:`#802`–`#809` 连着八轮全在 GSS 上,而每轮都写「换不了仪器」,依据是 `R223` —— **可 `R223` 关的是 `r = 斜率之比` 那扇门(要 ≥8 个时间点),而 `#802` 之后对象早就换成了 `Δgap`,它字面上只需要两个时间点** ⇒ **一句「换不了仪器」被从一个估计量搬到另一个估计量,搬运过程八轮没人","五条鸿沟在裂,三条在合;而同性恋那条翻了三倍",1,0
README_zh.md,777,,170193,"的是 `r = 斜率之比` 那扇门(要 ≥8 个时间点),而 `#802` 之后对象早就换成了 `Δgap`,它字面上只需要两个时间点** ⇒ **一句「换不了仪器」被从一个估计量搬到另一个估计量,搬运过程八轮没人检查(`#777`:一条限制的有效期不长于它当初被测量时的那个问题)**;⚠⚠ **而我自己的判词把 NSFG 读成「没分辨力」,那是错的,并且是 `#808","虔诚的人在同性恋上真的改了主意,在婚外性上从我们看得见的第一年起就没动过",1,0
README_zh.md,808,,170264," **一句「换不了仪器」被从一个估计量搬到另一个估计量,搬运过程八轮没人检查(`#777`:一条限制的有效期不长于它当初被测量时的那个问题)**;⚠⚠ **而我自己的判词把 NSFG 读成「没分辨力」,那是错的,并且是 `#808`② 那个 bug 的第二次**:区间宽度 0.185 在 4 档跨度上 ⇒ **这是窄的零,不是宽的零** ⇒ **正确的话是「15–49 ","八条鸿沟终于有了区间;而「没动」这句话不成立,是「动得最少」",1,0
README_zh.md,808,,170544,"给出相反符号**(+0.2218 vs −0.0306,都含 0)⇒ **6–8 年窗口上分层定义足以翻转符号**,`G4` 要求照样公布,**不公布等于我替读者选了一个规格**;⚠ **一处事后观察,明确标为事后**:`#808` 的五十年 Δgap = −1.103 摊到 6 年、换算 4 档跨度约 **−0.17**,而 NSFG 区间把它排除 ⇒ **要么扩大不","八条鸿沟终于有了区间;而「没动」这句话不成立,是「动得最少」",1,0
README_zh.md,810,,171136,"`IH-3`→`IH-1`(顺序效应,**只影响 NSFG 一侧**)· 年龄下界 15 vs 18 匹配不上 · **两条合成控制不经过 `terc` ⇒ 它们不检验分层那一段,控制没有覆盖整条路径**⟩|  **而 `#810` 留下的三个世界里,有一个可以只用 GSS 自己分开 —— 于是把五十年按十年切开。****结果:八十年代它没有可测量的移动;九十年代张开 ","第二具仪器有了;而它给的是一个**窄的零**,不是「没分辨力」",1,0
README_zh.md,808,,171672,"也不是有罪,而我把它读成了有罪。**这是同一个默认动作的第三次变形 —— 三值里我只真正会用两值。** `[#812「这条鸿沟不是长出来的」]` | **区间上页了;而「五十年没动」那四处命中,全是撤回本身** | **`#808`① 落地**:`#802` 那一行六轮以来只有方向(缩 3/8、扩 5/8),八个区间(`fit` · 年份聚类重抽 · B = 3000 ","八条鸿沟终于有了区间;而「没动」这句话不成立,是「动得最少」",1,0
README_zh.md,802,,171685,"有罪。**这是同一个默认动作的第三次变形 —— 三值里我只真正会用两值。** `[#812「这条鸿沟不是长出来的」]` | **区间上页了;而「五十年没动」那四处命中,全是撤回本身** | **`#808`① 落地**:`#802` 那一行六轮以来只有方向(缩 3/8、扩 5/8),八个区间(`fit` · 年份聚类重抽 · B = 3000 · **八题全部排除 0*","五条鸿沟在裂,三条在合;而同性恋那条翻了三倍",1,0
README_zh.md,807,,171776,"* | **`#808`① 落地**:`#802` 那一行六轮以来只有方向(缩 3/8、扩 5/8),八个区间(`fit` · 年份聚类重抽 · B = 3000 · **八题全部排除 0**)已挂到那一行上 —— **`#807` 的规矩:算出来不放进页面等于这一轮没落地**;**`#808`③ 查完不欠**:词面扫描命中 4 处(两版各 2),**而按结构定总体逐处",「从来没跑到」与「跑不了」对读者的意思是相反的,1,0
README_zh.md,808,,171808,"来只有方向(缩 3/8、扩 5/8),八个区间(`fit` · 年份聚类重抽 · B = 3000 · **八题全部排除 0**)已挂到那一行上 —— **`#807` 的规矩:算出来不放进页面等于这一轮没落地**;**`#808`③ 查完不欠**:词面扫描命中 4 处(两版各 2),**而按结构定总体逐处判,4 处全部落在 `#808` 自己的单位里,即撤回本身在引用","八条鸿沟终于有了区间;而「没动」这句话不成立,是「动得最少」",1,0
README_zh.md,808,,171862,"八题全部排除 0**)已挂到那一行上 —— **`#807` 的规矩:算出来不放进页面等于这一轮没落地**;**`#808`③ 查完不欠**:词面扫描命中 4 处(两版各 2),**而按结构定总体逐处判,4 处全部落在 `#808` 自己的单位里,即撤回本身在引用它所撤的那句话** | ⚠⚠ **这一条值得单独记,因为它是 `#798` 踩过的坑第二次出现在同一个位置,","八条鸿沟终于有了区间;而「没动」这句话不成立,是「动得最少」",1,0
README_zh.md,798,,171915,";**`#808`③ 查完不欠**:词面扫描命中 4 处(两版各 2),**而按结构定总体逐处判,4 处全部落在 `#808` 自己的单位里,即撤回本身在引用它所撤的那句话** | ⚠⚠ **这一条值得单独记,因为它是 `#798` 踩过的坑第二次出现在同一个位置,这次没踩进去**:**一次撤回必然把被撤的措辞写进页面** ⇒ **任何词面扫描都会把「撤回」报成「残留」","撤回落地了,而更正分两种:断言它 vs 证明它稳定",1,0
README_zh.md,798,,171994,"它所撤的那句话** | ⚠⚠ **这一条值得单独记,因为它是 `#798` 踩过的坑第二次出现在同一个位置,这次没踩进去**:**一次撤回必然把被撤的措辞写进页面** ⇒ **任何词面扫描都会把「撤回」报成「残留」**;`#798` 是靠跑前写下「把『撤回它』与『使用它』分开数」才没误报,本轮靠同一条控制(按拥有者条目号分侧)⇒ **一个审计规则的默认失效方向是「把更正","撤回落地了,而更正分两种:断言它 vs 证明它稳定",1,0
README_zh.md,808,,172131,"开数」才没误报,本轮靠同一条控制(按拥有者条目号分侧)⇒ **一个审计规则的默认失效方向是「把更正本身报成待修」,而它只会在你已经改对了之后才出现 —— 也就是说,它专门在你做对了的那一轮咬你**;⚠ **改不了的**:`#808`② 那个「汇总逻辑漏了一个桶」没修 —— 它要改的是判定的**维度**(逐规格判定 × 规格是否一致,两维),不是补一个 `else`,**","八条鸿沟终于有了区间;而「没动」这句话不成立,是「动得最少」",1,0
README_zh.md,808,,172711,"[−0.0887, +0.0959],4 档量表上分辨率 ±0.09)。**⚠⚠ **而我自己的判词把它读成「测不出」,那是错的**:区间是窄的 —— **「测不出」与「测出来约等于没变」是两句完全不同的话**,而这是 `#808`② 那个 bug 三轮之内的第二次,**说明那不是疏忽,是我的默认动作。** ⚠ 两个 GSS 分层规格在同一段窗口上给出**相反的符号**","八条鸿沟终于有了区间;而「没动」这句话不成立,是「动得最少」",1,0
README_zh.md,802,,172891,"反的符号**,两者都含 0 —— **六到八年的窗口上,「谁算虔诚」这个定义本身就足以翻转答案。** `[#810「第二具仪器有了」]` | **八条鸿沟终于有了区间;而「没动」这句话不成立,是「动得最少」** | **`#802`① 欠了六轮的区间,本轮还上**(B = 3000,两套**不同**的重抽方案,分别标明、不合并不平均 —— `#797` 指出页面并存两套","五条鸿沟在裂,三条在合;而同性恋那条翻了三倍",1,0
README_zh.md,797,,172952,"仪器有了」]` | **八条鸿沟终于有了区间;而「没动」这句话不成立,是「动得最少」** | **`#802`① 欠了六轮的区间,本轮还上**(B = 3000,两套**不同**的重抽方案,分别标明、不合并不平均 —— `#797` 指出页面并存两套不可比自助):`fit`(全部年份趋势 + **年份聚类重抽**)下 **八题全部排除 0** —— `homosex` ","底堆归不了堆:三堆撤回,剩下「干净的一对 + 排不出层的六题」",1,0
README_zh.md,806,,173472,"er` [−0.037,+0.183] · `suicide2` [−0.021,+0.095] **含 0** ⇒ 两规格判定一致 **5/8** ⇒ **「五裂三合」站得住,而它现在带着区间了** | ⚠⚠ **而 `#806`③ 的猜想被反驳,并且是以更有内容的方式**:我上一轮写的是「三题的差距本来就几乎没动,而『五十年没动』本身是一句关于人的话」,**实测那三",换边不是刻度造的(0.6%);而顶对这个设计够不着,1,0
README_zh.md,806,,173661,"距都动了(`fit` 全部排除 0),只是动得最少,少到只用首末两年去读的尺子分辨不出** ⇒ **正确的句子不是「没动」是「动得最少」——「没动」说两群人并排走了五十年,「动得最少」说他们也在分开,只是慢** ⇒ **`#806`③ 那句预告在此撤回,不许带进页面**;⚠ **两规格分歧的那三题,恰好就是 `#806` 里 `explained` 炸到 ±7~±31 ",换边不是刻度造的(0.6%);而顶对这个设计够不着,1,0
README_zh.md,806,,173706," ⇒ **正确的句子不是「没动」是「动得最少」——「没动」说两群人并排走了五十年,「动得最少」说他们也在分开,只是慢** ⇒ **`#806`③ 那句预告在此撤回,不许带进页面**;⚠ **两规格分歧的那三题,恰好就是 `#806` 里 `explained` 炸到 ±7~±31 的那三题** —— 两轮从两个方向看到同一件事:`Δgap` 小 ⇒ ①做分母时把噪声放大",换边不是刻度造的(0.6%);而顶对这个设计够不着,1,0
README_zh.md,802,,173851,"** —— 两轮从两个方向看到同一件事:`Δgap` 小 ⇒ ①做分母时把噪声放大成两位数 ②用低功效端点规格读不出来;⚠ **分歧的原因是功效不是方向**(`raw` 只用 2 年、`fit` 用 19–28 年,而 `#802` 已测过方向一致 8/8)—— **不要把功效差异读成矛盾**;⚠⚠ **两处自己的错,当轮记下**:① **汇总逻辑漏了一个桶** —— ","五条鸿沟在裂,三条在合;而同性恋那条翻了三倍",1,0
README_zh.md,801,,174305," ⇒ 取回 **+0.5487 [+0.4391,+0.5804]**,排除 0;负控:差距按构造恒定 ⇒ **+0.0268 [−0.0267,+0.0731],含 0** —— ⚠ **这一次参照真的是 0**,与 `#801`/`#805` 参照 **1.0** 的情形相反,**所以每轮都要重问「这个零该不该是零」**;⚠ 年数 19–28、档数 2–5 并排,同","两题都是「追上」;而地板和天花板一样压缩,我的镜像直觉是反的",1,0
README_zh.md,805,,174312,"*+0.5487 [+0.4391,+0.5804]**,排除 0;负控:差距按构造恒定 ⇒ **+0.0268 [−0.0267,+0.0731],含 0** —— ⚠ **这一次参照真的是 0**,与 `#801`/`#805` 参照 **1.0** 的情形相反,**所以每轮都要重问「这个零该不该是零」**;⚠ 年数 19–28、档数 2–5 并排,同时报「÷年数÷","两者都在:刻度解释了那条鸿沟的一部分,解释不完",1,0
README_zh.md,801,,174654,"标注 1 · **仍裸着 12** ⇒ **两版合计 24 处**;标注落地后重跑同一仪器 ⇒ **裸着 0 · 已标注 13/版** | ⚠⚠ **这一轮要说的不是「补了 24 处」,是那 24 处补的到底是什么**:`#801` 页面上写的是「那套对照**从来没跑到**这一对上」(**语气是欠账**,读者读到「以后会补」),而 `#806` 实测的是 `sexedu","两题都是「追上」;而地板和天花板一样压缩,我的镜像直觉是反的",1,0
README_zh.md,806,,174711,"已标注 13/版** | ⚠⚠ **这一轮要说的不是「补了 24 处」,是那 24 处补的到底是什么**:`#801` 页面上写的是「那套对照**从来没跑到**这一对上」(**语气是欠账**,读者读到「以后会补」),而 `#806` 实测的是 `sexeduc` 42%/31% · `racmar` 72%/71% 两条定标臂全超 30% 可达幅度 ⇒ 零个可用格 ⇒ ",换边不是刻度造的(0.6%);而顶对这个设计够不着,1,0
README_zh.md,798,,174891,"可用格 ⇒ **不是没跑,是跑不了** ——**「欠账」与「结构性不可能」对读者的意思相反:一个说这条路以后会通,一个说这条路没有,而页面整整六轮一直在用前一种语气**;⚠⚠ **而方法上的收获是本轮补的第三条控制**:`#798` 那种审计只有「该抓的抓到」与「不该抓的不抓」两条,**两条都通过时判据仍然可能分不清「改过」与「没改」** ——因为从没人检验过「加上标注","撤回落地了,而更正分两种:断言它 vs 证明它稳定",1,0
README_zh.md,805,,175233,"思是相反的」]`(Entry 807) 〔本页自己〕 ⟨本轮 **Production,不产生新的关于人的判断,如实标注**;kill 第一次跑 **24 / 0 开火**,标注落地后重跑 **0 / 0 通过**;⚠ `#805` 那句一般化的话两处命中**全在限制侧** ⇒ 已在 `#806` 当场缩回 `homosex`,不欠;⚠ **改不了的**:标注是同一句话","两者都在:刻度解释了那条鸿沟的一部分,解释不完",1,0
README_zh.md,806,,175266,"Production,不产生新的关于人的判断,如实标注**;kill 第一次跑 **24 / 0 开火**,标注落地后重跑 **0 / 0 通过**;⚠ `#805` 那句一般化的话两处命中**全在限制侧** ⇒ 已在 `#806` 当场缩回 `homosex`,不欠;⚠ **改不了的**:标注是同一句话复制 24 遍,**保证了一致性也保证了噪声** —— 更好的做法",换边不是刻度造的(0.6%);而顶对这个设计够不着,1,0
README_zh.md,801,,175881,"事**:① **顶对(`sexeduc` 42%/31% · `racmar` 72%/71%)两条定标臂都超 30% 可达幅度 ⇒ 零个可用格 —— 这个设计**结构性**够不着,而整页的 `r` 故事就靠这一对撑着;`#801` 当时写「从来没跑到这一对上」,**现在才知道不是没跑,是跑不了**,登记为结构性不可能,不是欠账**;② **`teensex` [−13","两题都是「追上」;而地板和天花板一样压缩,我的镜像直觉是反的",1,0
README_zh.md,799,,176052,"*`teensex` [−13.2,+13.5] · `suicide2` [−30.9,+28.1] · `prayer` [−7.5,+6.8] —— 分母(`gap1−gap0`)本来就小,比值把噪声放大成两位数(`#799` 的分母放大器)⇒ 这三题的点估计一个都不许报(`#783` 点名的裸点估计),登记为「这个设计在这三题上没有分辨力」**;③ **`#80",顶对经住了造世界那一级:小分母 + 噪声造不出 2.19 与 1.84,1,0
README_zh.md,783,,176082,"icide2` [−30.9,+28.1] · `prayer` [−7.5,+6.8] —— 分母(`gap1−gap0`)本来就小,比值把噪声放大成两位数(`#799` 的分母放大器)⇒ 这三题的点估计一个都不许报(`#783` 点名的裸点估计),登记为「这个设计在这三题上没有分辨力」**;③ **`#805` 的「两者都在」是 `homosex` 一题的性质,不是","页面公布的是小的那种不确定性,大的那种一直在幕后",1,0
README_zh.md,805,,176124,"8] —— 分母(`gap1−gap0`)本来就小,比值把噪声放大成两位数(`#799` 的分母放大器)⇒ 这三题的点估计一个都不许报(`#783` 点名的裸点估计),登记为「这个设计在这三题上没有分辨力」**;③ **`#805` 的「两者都在」是 `homosex` 一题的性质,不是普遍性质** —— `spanking` 与 `helpblk` 上共同位移几乎解释","两者都在:刻度解释了那条鸿沟的一部分,解释不完",1,1
README_zh.md,814,,176504," 个「题×臂」与完全答不了的 2 题**全部明写,不静默截断**;⚠ 区间仍是**下界性质**(不含年际波动);⚠ 共享阈值是假设,**DIF 结构性测不了**;⚠ 档数 [2,4,5],**不跨档排序**⟩ ⚠⚠ **`#814` 追加(而两轮的结论都不改变,改变的是能声称的强度)**:这一行当初写的「控制全过」**不成立** —— 该轮的**负控只抽了一次**,而 ",容差比噪声窄七倍:那两条负控是随机开火的,1,0
README_zh.md,814,,176580,"不了**;⚠ 档数 [2,4,5],**不跨档排序**⟩ ⚠⚠ **`#814` 追加(而两轮的结论都不改变,改变的是能声称的强度)**:这一行当初写的「控制全过」**不成立** —— 该轮的**负控只抽了一次**,而 `#814` 把它重抽 200 次量出它自己的 95% 噪声半宽是 **0.29–0.57**,**当初的容差 0.08 只有它的 0.14×–0.28",容差比噪声窄七倍:那两条负控是随机开火的,1,0
README_zh.md,802,,176742,"的容差 0.08 只有它的 0.14×–0.28×**(两个合成样本量同判)⇒ **那条负控是随机开火的:通过与失败都不携带信息** ⇒ **正确说法是「负控没有分辨率;正控与 g=0 控制仍然成立」。**|  **而 `#802` 那句「五裂三合」欠了六轮的区间,在这里还上了 —— 八题的 `Δgap` 在用上全部年份的规格下全部排除 0,最大的是 `homosex`","五条鸿沟在裂,三条在合;而同性恋那条翻了三倍",1,0
README_zh.md,806,,177106,"都动了,只是动得最少,少到只用首末两年去读的那把尺子分辨不出。**⇒ **「没动」说的是两群人并排走了五十年;「动得最少」说的是他们也在分开,只是慢。两句话对读者完全不同,而只有后一句是真的。** ⚠ 而这三题恰好就是 `#806` 里 `explained` 炸到 ±7~±31 的那三题 —— **两轮从两个方向看到的是同一件事**;分歧的原因是**功效**不是方向,",换边不是刻度造的(0.6%);而顶对这个设计够不着,1,0
README_zh.md,803,,177580,"57 [+0.327, +0.956]** ⇒ **两格都同时排除 0 与 1,并集 [+0.240, +0.956]** ⇒ **一个共同的潜在位移解释了这条鸿沟扩大的一部分,但解释不完** | ⚠⚠ **判据换掉了:`#803` 中位 +0.478、`#804` 筛完 +0.493,两次都骑在预注册的 0.50 上 —— 那不是数值巧合,是一个阈值判据在坐落于阈值上","预注册说「真分歧」,而它的八格里有四格是我一轮前刚记下的那个毛病",1,0
README_zh.md,804,,177597,"6]** ⇒ **两格都同时排除 0 与 1,并集 [+0.240, +0.956]** ⇒ **一个共同的潜在位移解释了这条鸿沟扩大的一部分,但解释不完** | ⚠⚠ **判据换掉了:`#803` 中位 +0.478、`#804` 筛完 +0.493,两次都骑在预注册的 0.50 上 —— 那不是数值巧合,是一个阈值判据在坐落于阈值上的量上没有分辨力** ⇒ 改成**","那条规矩写在账本里,而账本不执行任何东西",1,0
README_zh.md,796,,177896,"超限 ⇒ 控制行 FAIL ⇒ 整轮 `admissible()` = False,**可是那条臂已经被正确剔除、从来没进过网格** ⇒ **筛子失败 = 这一格不能用;控制失败 = 仪器坏了,两者不是同一件事**(与 `#796` 同族,而这次犯在我自己刚建的闸上、第一次用它)⇒ 筛选改用纯函数 `Gate.headroom()`,控制行改为断言「凡没过筛的臂都真的被",三堆不是逐年取均值取出来的;而我那三个估计量其实是两个,1,0
README_zh.md,804,,177991,"了,两者不是同一件事**(与 `#796` 同族,而这次犯在我自己刚建的闸上、第一次用它)⇒ 筛选改用纯函数 `Gate.headroom()`,控制行改为断言「凡没过筛的臂都真的被剔除」,**并明写剔了谁**;⚠ **`#804` 把一条规矩机械化了,而机械化本身引入了新的失败模式 —— 一条正确的规则挂在错误的行类型上,会把「正确处理了的问题」报成「仪器坏了」**(","那条规矩写在账本里,而账本不执行任何东西",1,0
README_zh.md,814,,178409,"** —— 层内按人重抽不含年际波动 ⇒ 真不确定度只会更大;⚠ logit 那格上界 **+0.956,排除 1 排得很勉强**,不四舍五入成「稳稳排除」;⚠ 共享阈值是假设,**DIF 结构性测不了**⟩ ⚠⚠ **`#814` 追加(而两轮的结论都不改变,改变的是能声称的强度)**:这一行当初写的「控制全过」**不成立** —— 该轮的**负控只抽了一次**,而 ",容差比噪声窄七倍:那两条负控是随机开火的,1,0
README_zh.md,814,,178485,"除」;⚠ 共享阈值是假设,**DIF 结构性测不了**⟩ ⚠⚠ **`#814` 追加(而两轮的结论都不改变,改变的是能声称的强度)**:这一行当初写的「控制全过」**不成立** —— 该轮的**负控只抽了一次**,而 `#814` 把它重抽 200 次量出它自己的 95% 噪声半宽是 **0.29–0.57**,**当初的容差 0.08 只有它的 0.14×–0.28",容差比噪声窄七倍:那两条负控是随机开火的,1,0
README_zh.md,805,,178647,"的容差 0.08 只有它的 0.14×–0.28×**(两个合成样本量同判)⇒ **那条负控是随机开火的:通过与失败都不携带信息** ⇒ **正确说法是「负控没有分辨率;正控与 g=0 控制仍然成立」。**|  **而 `#805` 只做了一题,所以下一轮把同一个对照推到八题上 —— 最尖锐的那一格给了一个干净的答案。****`helpblk`(政府该不该帮黑人)的两层","两者都在:刻度解释了那条鸿沟的一部分,解释不完",1,0
README_zh.md,801,,179016,"张网格给了三件我不想要的事,三件都要写:① **顶对(`sexeduc`·`racmar`)这个设计够不着,而且是结构性的** —— 两条定标臂都超过 30% 可达幅度,零个可用格;而整页的 `r` 故事就靠这一对撑着。`#801` 当时写的是「那套对照从来没跑到这一对上」,**现在才知道不是没跑,是跑不了。**② **三题的区间跨到 ±7 ~ ±31**(`teens","两题都是「追上」;而地板和天花板一样压缩,我的镜像直觉是反的",1,0
README_zh.md,805,,179179,"的区间跨到 ±7 ~ ±31**(`teensex`·`suicide2`·`prayer`)—— 它们的分母本来就小,比值把噪声放大成两位数,**点估计一个都不许报**,登记为「这个设计在这三题上没有分辨力」。③ **`#805` 的「两者都在」是 `homosex` 一题的性质,不是普遍性质** —— `spanking` 与 `helpblk` 上共同位移几乎解释","两者都在:刻度解释了那条鸿沟的一部分,解释不完",1,1
README_zh.md,801,,179341,"g` 与 `helpblk` 上共同位移几乎解释不了任何一部分,**所以那句一般化的话要缩回 `homosex`。** `[#806「换边不是刻度造的」]` | **那条规矩写在账本里,而账本不执行任何东西** | **`#801` 立下「控制不许要求一个接近可达上限的变化」并把标准定在可达幅度的 30%,而一轮之后 `#803` 又建了一遍** ⇒ 变成 `lib/g","两题都是「追上」;而地板和天花板一样压缩,我的镜像直觉是反的",1,0
README_zh.md,803,,179391,"mosex`。** `[#806「换边不是刻度造的」]` | **那条规矩写在账本里,而账本不执行任何东西** | **`#801` 立下「控制不许要求一个接近可达上限的变化」并把标准定在可达幅度的 30%,而一轮之后 `#803` 又建了一遍** ⇒ 变成 `lib/gates.py` 里的 `Gate.headroom()` + `Gate.headroom_con","预注册说「真分歧」,而它的八格里有四格是我一轮前刚记下的那个毛病",1,0
README_zh.md,801,,179563,"e.headroom_control()`(`HEADROOM_MAX = 0.30`,进 `_control_rows` ⇒ 直接压 `admissible()`);**回测 4 例、答案事先已知:2/2 该抓的抓住(`#801` 修前 181.8% · `#803` `fit` 定标=非虔诚 89.8%),2/2 该过的过(30.0% · 21.8%)**;⚠ **","两题都是「追上」;而地板和天花板一样压缩,我的镜像直觉是反的",1,0
README_zh.md,803,,179582,")`(`HEADROOM_MAX = 0.30`,进 `_control_rows` ⇒ 直接压 `admissible()`);**回测 4 例、答案事先已知:2/2 该抓的抓住(`#801` 修前 181.8% · `#803` `fit` 定标=非虔诚 89.8%),2/2 该过的过(30.0% · 21.8%)**;⚠ **而它对两格我没判过的格子给出新判定**","预注册说「真分歧」,而它的八格里有四格是我一轮前刚记下的那个毛病",1,0
README_zh.md,803,,179780,"诚 63.5% 抓住 · `fit` 定标=虔诚 28.0% 过)⇒ **同时满足「raw 口径自洽」与「三成上限」的只剩两格:+0.429 与 +0.557,中位 +0.493 —— 仍骑在 0.50 上** ⇒ **`#803` 的实质判词由一条机械规则独立复现,而不是由我的判断** | ⚠⚠ **`#600`:一条只靠记性执行的规矩,它的失效是默认状态** —— ","预注册说「真分歧」,而它的八格里有四格是我一轮前刚记下的那个毛病",1,0
README_zh.md,600,,179822,"raw 口径自洽」与「三成上限」的只剩两格:+0.429 与 +0.557,中位 +0.493 —— 仍骑在 0.50 上** ⇒ **`#803` 的实质判词由一条机械规则独立复现,而不是由我的判断** | ⚠⚠ **`#600`:一条只靠记性执行的规矩,它的失效是默认状态** —— 与 `#795` 同一个修法;⚠ **`lo`/`hi` 必须是尺子本身的两端(如 ","一条只靠记性执行的规矩,它的失效是默认状态",1,2
README_zh.md,795,,179858,"7,中位 +0.493 —— 仍骑在 0.50 上** ⇒ **`#803` 的实质判词由一条机械规则独立复现,而不是由我的判断** | ⚠⚠ **`#600`:一条只靠记性执行的规矩,它的失效是默认状态** —— 与 `#795` 同一个修法;⚠ **`lo`/`hi` 必须是尺子本身的两端(如 1 与 4),不是观测极值** —— 用观测极值会让上限随样本浮动,而*","缺陷是真的,而它一次都没到过账本:救我的是一条从没写下来的惯例",1,0
README_zh.md,803,,180284,"|change| / 可达幅度 ≤ 0.30`;**只有一个方向可靠 —— 超限 ⇒ 这一格确实在饱和区;在限内不证明这一格是好的**(还可能混口径、可能没功效)⇒ **只报「不可用」,从不认证「好」**⟩|  **而 `#803` 与 `#804` 两次都骑在阈值 0.50 上(+0.478、+0.493),那不是数值巧合,是一个阈值判据在坐落于阈值上的量上没有分辨力","预注册说「真分歧」,而它的八格里有四格是我一轮前刚记下的那个毛病",1,0
README_zh.md,804,,180293,"/ 可达幅度 ≤ 0.30`;**只有一个方向可靠 —— 超限 ⇒ 这一格确实在饱和区;在限内不证明这一格是好的**(还可能混口径、可能没功效)⇒ **只报「不可用」,从不认证「好」**⟩|  **而 `#803` 与 `#804` 两次都骑在阈值 0.50 上(+0.478、+0.493),那不是数值巧合,是一个阈值判据在坐落于阈值上的量上没有分辨力** ⇒ 换判据,","那条规矩写在账本里,而账本不执行任何东西",1,0
README_zh.md,804,,180834,"*我一轮前刚建的那个闸出了问题**:拿 `headroom_control` 去做筛选,于是**一次被正确处理的排除看起来像仪器故障**,整轮当场判成不可采。**筛子失败 = 这一格不能用;控制失败 = 仪器坏了。** `#804` 把一条规矩机械化了,**而机械化本身引入了新的失败模式 —— 一条正确的规则挂在错误的行类型上。** ⚠ 三条改不了的写在产物里:只剩一条","那条规矩写在账本里,而账本不执行任何东西",1,0
README_zh.md,801,,181929," —— 骑在阈值 0.50 上** ⇒ **实质判词是「这个设计分不开 A 与 B」:鸿沟扩大的部分里约一半是共同转变在这把尺上的投影,另一半不是** | ⚠⚠ **判据的四个 `fit` 格带着两处缺陷,而第一处正是 `#801` 一轮前刚立的规矩**:`fit` 定标在非虔诚臂上**要求走完可达幅度的 89.8%**(1.923 → 3.789,天花板 4)⇒ Δ ","两题都是「追上」;而地板和天花板一样压缩,我的镜像直觉是反的",1,0
README_zh.md,785,,182078,"达幅度的 89.8%**(1.923 → 3.789,天花板 4)⇒ Δ 顶到 +2.018/+3.476、差距几乎不动 ⇒ `explained` 变负,**而把中位拖到 0.50 以下的恰恰就是这两格**;第二处是 `#785` 那一家的**混口径**:模型起点只能是观测首年分布(gap0 = −0.651),而 `fit` 规格宣称 gap0 = −0.549 ⇒","不是一条关于性道德的规律,是一条关于「其余人真的动了的那些题」的规律",1,0
README_zh.md,787,,182225," = −0.651),而 `fit` 规格宣称 gap0 = −0.549 ⇒ **分子从模型起点算、分母从拟合起点算**(raw 无此问题:模型 gap0 = raw gap0,恰好相等);⚠ **预注册字面判词仍按 `#787` 先例照办并如实报出 —— 事后指出判据有缺陷不构成事后改判据的许可,只构成下一轮重跑的理由**(Entry 803) 〔GSS〕 ⟨负控 ","分母被换成活下来的格,三处,而它们指向相反的方向",1,0
README_zh.md,802,,182445,",`explained` = +1.000505;正控(两层 Δ 真的不同 +0.200/+0.900)= +0.350 < 0.50;正控在 g=0 时不开火(=1.0005);⚠ raw 那四格**没有区间**(与 `#802` 同一笔欠账);⚠ 共享阈值是假设,**DIF 在这份数据上测不了 —— 结构性不可能,早已登记**⟩| | **把一般的严整个扣掉,性还剩","五条鸿沟在裂,三条在合;而同性恋那条翻了三倍",1,0
README_zh.md,808,,183771,"c` +0.086 → +0.048 · `racmar` −0.190 → −0.021 · `helpblk` −0.083 → **+0.074(跨过 0)** ⇒ **缩 3/8,扩 5/8** ⚠ **区间由 `#808` 补上(`fit` 规格,年份聚类重抽,B = 3000):`homosex` −1.103 [−1.178,−0.921] · `help","八条鸿沟终于有了区间;而「没动」这句话不成立,是「动得最少」",1,0
README_zh.md,770,,184372,"是同一件事,而页面此前只把 `r` 说成「他们改了多少主意」**;⚠⚠ **负控第一版被库当场判 DEGENERATE**:我写「两层轨迹完全相同 ⇒ `gap1` 必须等于 `gap0`」并特意比两个值而不是比差与零(`#770` 的规矩),**但轨迹相同时两个值恰好都是 0.0** ⇒ **`#770` 有一个我没写进去的前提:那两个值必须非零**;改成同斜率、截距","解释份额是推导不是测量,而我用它写了五轮",1,0
README_zh.md,770,,184410,"负控第一版被库当场判 DEGENERATE**:我写「两层轨迹完全相同 ⇒ `gap1` 必须等于 `gap0`」并特意比两个值而不是比差与零(`#770` 的规矩),**但轨迹相同时两个值恰好都是 0.0** ⇒ **`#770` 有一个我没写进去的前提:那两个值必须非零**;改成同斜率、截距差 0.30、**年份集合不同**(17 年 vs 26 年)后 `gap0","解释份额是推导不是测量,而我用它写了五轮",1,0
README_zh.md,783,,184828,"00000 不是 0**,|0.300000−0.300000| = 0;正控 0.0 → +0.300 判「扩」;⚠ **这些差距没有区间** —— 两规格一致 8/8 是稳健性的一点证据,**不是区间**,如实记为 `#783` 那条规矩的欠账;⚠ 各题年份跨度 28–50 年不等 ⇒ **绝对大小不可跨题读,只读方向**⟩| | **两题都是「追上」;而地板和天花","页面公布的是小的那种不确定性,大的那种一直在幕后",1,0
README_zh.md,784,,185136,"1**;`racmar`(1–2,1974→2002)虔诚 **1.550→1.873** · 非虔诚 1.724→1.919,差距 **−0.174→−0.047** ⇒ **两题都是追上,不是超过** | ⚠⚠ **`#784`/`#785` 那套天花板对照实测只跑过 `homosex`·`premarsx`·`teensex`·`xmarsex` —— 页面上唯一","天花板解释了三分之一,剩下的三分之二是他们自己",1,0
README_zh.md,785,,185143,"cmar`(1–2,1974→2002)虔诚 **1.550→1.873** · 非虔诚 1.724→1.919,差距 **−0.174→−0.047** ⇒ **两题都是追上,不是超过** | ⚠⚠ **`#784`/`#785` 那套天花板对照实测只跑过 `homosex`·`premarsx`·`teensex`·`xmarsex` —— 页面上唯一还站着的这一对","不是一条关于性道德的规律,是一条关于「其余人真的动了的那些题」的规律",1,0
README_zh.md,791,,186101,"pblk`)· ④ 公共安排非个人行为 **死** · ⑤ 与性有关 **死**(`homosex` · `teensex`)· ⑥ 涉及生死 **死**(`suicide2`)| ⚠⚠ **本轮的收获是一条不对称**:`#791` 立过 n=8 需 **|ρ|≥0.90** 才可检出 ⇒ **确认关着**;**但一个把顶与底放在同一侧的候选,一个反例就够了 —— 反例","不是一条轴,是三堆;而解释它这条路在算术上就是关着的",1,0
README_zh.md,789,,186479,"清楚:判定是我做的且我看过次序 ⇒ 被污染,**但我有动机让切法成立 ⇒ 污染偏向存活 ⇒ 在这种偏向下仍被杀掉是更强的证据**(Entry 800) 〔GSS 题干〕 ⟨正控:构造上隔离顶对的切法必须判存活 · 负控:`#789` 已杀的性/非性必须判被杀 · **六个候选定义跑前写死,跑完不许增删改**(否则我可以调措辞隔离出任何一对)⟩ ⚠ **而 `#806` ","变异在组内,不在组间:「性 / 非性」这个切法解释不了任何东西",1,0
README_zh.md,806,,186548,"y 800) 〔GSS 题干〕 ⟨正控:构造上隔离顶对的切法必须判存活 · 负控:`#789` 已杀的性/非性必须判被杀 · **六个候选定义跑前写死,跑完不许增删改**(否则我可以调措辞隔离出任何一对)⟩ ⚠ **而 `#806` 之后要带着一句:这套「共同位移」对照对顶对**够不着**,两条定标臂都超过 30% 可达幅度(`sexeduc` 42%/31% · `r",换边不是刻度造的(0.6%);而顶对这个设计够不着,1,0
README_zh.md,782,,187015,5」不是「恰好为零」**;而它们**实测是 +2.192 与 +1.841** | ⚠⚠ **这一轮是冲着页面上最后一件站着的东西去的**:`sexeduc` 的分母是全场最小(0.00128)而比值全场最大 —— 而 `#782` 立过「两个近零斜率相除是 Cauchy 型」、`#790` 立过「不稳定由分母驱动」;⚠ 朴素怀疑已被数据削掉一半:`suicide2`(,"撤回维持,但理由换了人:不是世界有反号,是我的判据没检验比值",1,0
README_zh.md,790,,187045, +1.841** | ⚠⚠ **这一轮是冲着页面上最后一件站着的东西去的**:`sexeduc` 的分母是全场最小(0.00128)而比值全场最大 —— 而 `#782` 立过「两个近零斜率相除是 Cauchy 型」、`#790` 立过「不稳定由分母驱动」;⚠ 朴素怀疑已被数据削掉一半:`suicide2`(第二小)与 `prayer`(第三小)的 r 是 0.410,"不稳来自分母,所以 n=8 是硬天花板:抗拒只能在真的发生过的变化上被测量",1,0
README_zh.md,790,,187305,"三级);⚠⚠ **而 σ=0 那条正控给的东西比「通过」重要**:**没有噪声时小分母本身一点膨胀都不制造**(八题全部恰好 0.450000,最大偏差 1e-15)⇒ **能膨胀的是噪声,小分母只是放大器** ⇒ **`#790` 那句要读成「分母小 ⇒ 噪声被放大 ⇒ 区间变宽」,不是「分母小 ⇒ 点估计被推高」——两者是不同机制,而我此前当成了一件事**;⚠ 跑前","不稳来自分母,所以 n=8 是硬天花板:抗拒只能在真的发生过的变化上被测量",1,0
README_zh.md,806,,187573,"try 799) 〔GSS〕 ⟨正控 `identity_control`(参照 **0.45 不是 0**)· 生成器中位偏差 ≤0.013 · **0.0043 离门槛 0.10 有 23 倍余量**⟩ ⚠ **而 `#806` 之后要带着一句:这套「共同位移」对照对顶对**够不着**,两条定标臂都超过 30% 可达幅度(`sexeduc` 42%/31% · `r",换边不是刻度造的(0.6%);而顶对这个设计够不着,1,0
README_zh.md,797,,187841,"(带 `(Entry N)` 的表行 **96** + 行内锚划出的叙事段,**召回按构造 = 1**):两版合计 **20 个单位**提到堆结构(**85 处词面**),使用侧 **18 个单位****全部带上了指向 `#797` 的撤回指针**,裸着 **0** 处 | ⚠⚠ **判据里有一条精细分支,漏掉它会把两轮好工作误伤成错误**:`#791` 是 **ASS","底堆归不了堆:三堆撤回,剩下「干净的一对 + 排不出层的六题」",1,0
README_zh.md,791,,187903," 个单位**提到堆结构(**85 处词面**),使用侧 **18 个单位****全部带上了指向 `#797` 的撤回指针**,裸着 **0** 处 | ⚠⚠ **判据里有一条精细分支,漏掉它会把两轮好工作误伤成错误**:`#791` 是 **ASSERT**(断言三层划分)⇒ 直接撤;而 `#794`(分层线漂了而比值没动)与 `#796`(换估计量结论不变)是 **S","不是一条轴,是三堆;而解释它这条路在算术上就是关着的",1,0
README_zh.md,794,,187938,"位****全部带上了指向 `#797` 的撤回指针**,裸着 **0** 处 | ⚠⚠ **判据里有一条精细分支,漏掉它会把两轮好工作误伤成错误**:`#791` 是 **ASSERT**(断言三层划分)⇒ 直接撤;而 `#794`(分层线漂了而比值没动)与 `#796`(换估计量结论不变)是 **STABILITY** —— **这两句今天仍然成立**,变的只是被检验","那条线真的漂了,而它没有制造那些比值",1,0
README_zh.md,796,,187958,"的撤回指针**,裸着 **0** 处 | ⚠⚠ **判据里有一条精细分支,漏掉它会把两轮好工作误伤成错误**:`#791` 是 **ASSERT**(断言三层划分)⇒ 直接撤;而 `#794`(分层线漂了而比值没动)与 `#796`(换估计量结论不变)是 **STABILITY** —— **这两句今天仍然成立**,变的只是被检验对象的名字 ⇒ 注记是**「一个不可分辨",三堆不是逐年取均值取出来的;而我那三个估计量其实是两个,1,0
README_zh.md,773,,188139,"个不可分辨的划分保持稳定,不构成该划分成立的证据」**,不是「此行已撤」;⚠⚠ **验证器第一版判「15 处仍裸着」,那是它自己的单位错了**:①归属用「前面最近的行内锚」而**表行没有行内锚**⇒ 96 个表行全归给 `#773`,连 `#797` 自己那行都被报成裸着;②指针窗口写成 **±420 字符**,而**英文段落比中文长约一倍** ⇒ **同一条注记在两版","连唯一没饱和的那一题也判不了,而这是第二次 ⇒ 换方向",1,0
README_zh.md,797,,188148,"持稳定,不构成该划分成立的证据」**,不是「此行已撤」;⚠⚠ **验证器第一版判「15 处仍裸着」,那是它自己的单位错了**:①归属用「前面最近的行内锚」而**表行没有行内锚**⇒ 96 个表行全归给 `#773`,连 `#797` 自己那行都被报成裸着;②指针窗口写成 **±420 字符**,而**英文段落比中文长约一倍** ⇒ **同一条注记在两版上得到相反的判定*","底堆归不了堆:三堆撤回,剩下「干净的一对 + 排不出层的六题」",1,0
README_zh.md,791,,188267,"那行都被报成裸着;②指针窗口写成 **±420 字符**,而**英文段落比中文长约一倍** ⇒ **同一条注记在两版上得到相反的判定** ⇒ 改成**单位由结构定,不由字符距离定**;⚠ 本会话第六次「单位/口径」同族(`#791`·`#792`·`#793`·`#796`·`#797`·本轮)(Entry 798) 〔README 自身〕 ⟨顺带数 `#797`②:页","不是一条轴,是三堆;而解释它这条路在算术上就是关着的",1,0
README_zh.md,792,,188274,"着;②指针窗口写成 **±420 字符**,而**英文段落比中文长约一倍** ⇒ **同一条注记在两版上得到相反的判定** ⇒ 改成**单位由结构定,不由字符距离定**;⚠ 本会话第六次「单位/口径」同族(`#791`·`#792`·`#793`·`#796`·`#797`·本轮)(Entry 798) 〔README 自身〕 ⟨顺带数 `#797`②:页面上 `[±d","正对照过了,而筛子对我要主张的那个东西是瞎的",1,0
README_zh.md,793,,188281,"写成 **±420 字符**,而**英文段落比中文长约一倍** ⇒ **同一条注记在两版上得到相反的判定** ⇒ 改成**单位由结构定,不由字符距离定**;⚠ 本会话第六次「单位/口径」同族(`#791`·`#792`·`#793`·`#796`·`#797`·本轮)(Entry 798) 〔README 自身〕 ⟨顺带数 `#797`②:页面上 `[±d.ddd, ±","结构定总体之后,受影响的只有一条;而判据又错了一次,同一族第三次",1,0
README_zh.md,796,,188288,"20 字符**,而**英文段落比中文长约一倍** ⇒ **同一条注记在两版上得到相反的判定** ⇒ 改成**单位由结构定,不由字符距离定**;⚠ 本会话第六次「单位/口径」同族(`#791`·`#792`·`#793`·`#796`·`#797`·本轮)(Entry 798) 〔README 自身〕 ⟨顺带数 `#797`②:页面上 `[±d.ddd, ±d.ddd]`",三堆不是逐年取均值取出来的;而我那三个估计量其实是两个,1,0
README_zh.md,797,,188295,",而**英文段落比中文长约一倍** ⇒ **同一条注记在两版上得到相反的判定** ⇒ 改成**单位由结构定,不由字符距离定**;⚠ 本会话第六次「单位/口径」同族(`#791`·`#792`·`#793`·`#796`·`#797`·本轮)(Entry 798) 〔README 自身〕 ⟨顺带数 `#797`②:页面上 `[±d.ddd, ±d.ddd]` 形式的区间 ","底堆归不了堆:三堆撤回,剩下「干净的一对 + 排不出层的六题」",1,0
README_zh.md,797,,188334,"* ⇒ 改成**单位由结构定,不由字符距离定**;⚠ 本会话第六次「单位/口径」同族(`#791`·`#792`·`#793`·`#796`·`#797`·本轮)(Entry 798) 〔README 自身〕 ⟨顺带数 `#797`②:页面上 `[±d.ddd, ±d.ddd]` 形式的区间 **69 处**,而 `#791` 用**联合**自助、`#797` 用**逐","底堆归不了堆:三堆撤回,剩下「干净的一对 + 排不出层的六题」",1,0
README_zh.md,791,,188382,"`·`#792`·`#793`·`#796`·`#797`·本轮)(Entry 798) 〔README 自身〕 ⟨顺带数 `#797`②:页面上 `[±d.ddd, ±d.ddd]` 形式的区间 **69 处**,而 `#791` 用**联合**自助、`#797` 用**逐题**自助 —— **两套不可比,统一之前不许并排读**⟩| | **底堆归不了堆:三堆撤回,剩","不是一条轴,是三堆;而解释它这条路在算术上就是关着的",1,0
README_zh.md,797,,188399,"#796`·`#797`·本轮)(Entry 798) 〔README 自身〕 ⟨顺带数 `#797`②:页面上 `[±d.ddd, ±d.ddd]` 形式的区间 **69 处**,而 `#791` 用**联合**自助、`#797` 用**逐题**自助 —— **两套不可比,统一之前不许并排读**⟩| | **底堆归不了堆:三堆撤回,剩下「干净的一对 + 排不出层的六题","底堆归不了堆:三堆撤回,剩下「干净的一对 + 排不出层的六题」",1,5
README_zh.md,791,,188804,"+1.206,+4.862] · `racmar` +1.841 [+1.538,+2.263]);六题里仅 `homosex`·`suicide2`·`spanking` 排除 0 | ⚠⚠ **起点是更正我自己**:`#791` 的「组间 16/20」把三条边界并在一起数了 —— 逐条拆开是 **顶/中 8/8 · 顶/底 4/4 · 中/底 只有 4/8**(`s","不是一条轴,是三堆;而解释它这条路在算术上就是关着的",1,0
README_zh.md,791,,188919,"` 的「组间 16/20」把三条边界并在一起数了 —— 逐条拆开是 **顶/中 8/8 · 顶/底 4/4 · 中/底 只有 4/8**(`suicide2`·`teensex` 与两个底题一个都分不开);⚠⚠ **而 `#791` 与本轮的区间对不上,不许赖给种子**:`#791` 是「对年份并集联合重抽、八题共用一次抽样」,本轮是「每题各自重抽」—— **差异里有估","不是一条轴,是三堆;而解释它这条路在算术上就是关着的",1,0
README_zh.md,791,,188945,"— 逐条拆开是 **顶/中 8/8 · 顶/底 4/4 · 中/底 只有 4/8**(`suicide2`·`teensex` 与两个底题一个都分不开);⚠⚠ **而 `#791` 与本轮的区间对不上,不许赖给种子**:`#791` 是「对年份并集联合重抽、八题共用一次抽样」,本轮是「每题各自重抽」—— **差异里有估计量也有种子,我分不开,也不去猜**;**而「同一个","不是一条轴,是三堆;而解释它这条路在算术上就是关着的",1,0
README_zh.md,790,,189335,"try 797) 〔GSS〕 ⟨每题分母 vs **打乱年份标签的置换零**:`prayer` 2.20× · `helpblk` 1.83×;底题区间宽 0.67 / 1.06 —— **要排出层次需要更窄的区间,而 `#790` 已证明没有更多年份点**⟩ ⚠ **而 `#806` 之后要带着一句:这套「共同位移」对照对顶对**够不着**,两条定标臂都超过 30% ","不稳来自分母,所以 n=8 是硬天花板:抗拒只能在真的发生过的变化上被测量",1,0
README_zh.md,806,,189362,"乱年份标签的置换零**:`prayer` 2.20× · `helpblk` 1.83×;底题区间宽 0.67 / 1.06 —— **要排出层次需要更窄的区间,而 `#790` 已证明没有更多年份点**⟩ ⚠ **而 `#806` 之后要带着一句:这套「共同位移」对照对顶对**够不着**,两条定标臂都超过 30% 可达幅度(`sexeduc` 42%/31% · `r",换边不是刻度造的(0.6%);而顶对这个设计够不着,1,0
README_zh.md,797,,189842,".364→0.328 · `prayer` 0.126→0.051 · `helpblk` 0.105→0.013 —— **8/8 落在 `agg` 的年份聚类自助区间内,三堆成员一个都没变** ⚠ **而「三堆」在 `#797` 撤回 ⇒ 本行成立的是「估计量不改变结论」,不是「三堆成立」** | ⚠⚠ **而我那第三臂是个恒等式**:「个体层 + 每人按 1/n ","底堆归不了堆:三堆撤回,剩下「干净的一对 + 排不出层的六题」",1,0
README_zh.md,806,,190751,",+0.321] · `helpblk` [−0.642,+0.351] —— **8/8 落在内**;正控:植入 r=0.40 三估法都取回 **+0.383**,g=0 时都回到 **1.0057**⟩ ⚠ **而 `#806` 之后要带着一句:这套「共同位移」对照对顶对**够不着**,两条定标臂都超过 30% 可达幅度(`sexeduc` 42%/31% · `r",换边不是刻度造的(0.6%);而顶对这个设计够不着,1,0
README_zh.md,781,,191049,"l` 的就是控制**(6 个方法),在实例上包一层而不是改 30 多处 `rows.append`;**回测:候选集 4 · 发生数 0 · 暴露面 369** —— 账本里引用「库判 OVERTURNED」的 5 条(`#781`·`#782`·`#783`·`#785`·`#790`)**全部只用 `asserted()`,登记正确**;负控重跑 `#790`,四行","三十七个规格里有一个反号,而预注册说那就撤回",1,0
README_zh.md,782,,191056,"制**(6 个方法),在实例上包一层而不是改 30 多处 `rows.append`;**回测:候选集 4 · 发生数 0 · 暴露面 369** —— 账本里引用「库判 OVERTURNED」的 5 条(`#781`·`#782`·`#783`·`#785`·`#790`)**全部只用 `asserted()`,登记正确**;负控重跑 `#790`,四行逐字相同、总判","撤回维持,但理由换了人:不是世界有反号,是我的判据没检验比值",1,0
README_zh.md,783,,191063,"方法),在实例上包一层而不是改 30 多处 `rows.append`;**回测:候选集 4 · 发生数 0 · 暴露面 369** —— 账本里引用「库判 OVERTURNED」的 5 条(`#781`·`#782`·`#783`·`#785`·`#790`)**全部只用 `asserted()`,登记正确**;负控重跑 `#790`,四行逐字相同、总判不变 | ⚠⚠","页面公布的是小的那种不确定性,大的那种一直在幕后",1,0
README_zh.md,785,,191070,"上包一层而不是改 30 多处 `rows.append`;**回测:候选集 4 · 发生数 0 · 暴露面 369** —— 账本里引用「库判 OVERTURNED」的 5 条(`#781`·`#782`·`#783`·`#785`·`#790`)**全部只用 `asserted()`,登记正确**;负控重跑 `#790`,四行逐字相同、总判不变 | ⚠⚠ **零次假撤","不是一条关于性道德的规律,是一条关于「其余人真的动了的那些题」的规律",1,0
README_zh.md,790,,191077,"改 30 多处 `rows.append`;**回测:候选集 4 · 发生数 0 · 暴露面 369** —— 账本里引用「库判 OVERTURNED」的 5 条(`#781`·`#782`·`#783`·`#785`·`#790`)**全部只用 `asserted()`,登记正确**;负控重跑 `#790`,四行逐字相同、总判不变 | ⚠⚠ **零次假撤回到过账本,而","不稳来自分母,所以 n=8 是硬天花板:抗拒只能在真的发生过的变化上被测量",1,0
README_zh.md,790,,191116,"0 · 暴露面 369** —— 账本里引用「库判 OVERTURNED」的 5 条(`#781`·`#782`·`#783`·`#785`·`#790`)**全部只用 `asserted()`,登记正确**;负控重跑 `#790`,四行逐字相同、总判不变 | ⚠⚠ **零次假撤回到过账本,而救我的不是库** —— 是**每一轮都用脚本自己的 `ctrl` 算总判、只把","不稳来自分母,所以 n=8 是硬天花板:抗拒只能在真的发生过的变化上被测量",1,0
README_zh.md,794,,191266,"不是库** —— 是**每一轮都用脚本自己的 `ctrl` 算总判、只把 `three_valued()` 当参考**这条**从没被写下来的惯例**;**一条没写下来的安全网,离消失只有一次重构**;⚠ **而我要收回 `#794` 的一个措辞**:那条把「暴露面 369」摆在最前面,读起来就是一个风险量级 —— **正确的摆法是候选集 4、发生数 0、暴露面 369,","那条线真的漂了,而它没有制造那些比值",1,0
README_zh.md,797,,191875,"5 · `teensex` 0.36→0.29 · `prayer` 0.13→−0.05 · `helpblk` 0.10→0.08 —— **8/8 题的移动都没超过它自己的自助宽度,三堆原样存活** ⚠ **同上:`#797` 撤回「三堆」之后,本行成立的是「分层线漂移不改变结论」** | ⚠⚠ **这条设计选择从 `#776` 起在每一轮里,而账本里一次都没被命","底堆归不了堆:三堆撤回,剩下「干净的一对 + 排不出层的六题」",1,0
README_zh.md,776,,191927,"pblk` 0.10→0.08 —— **8/8 题的移动都没超过它自己的自助宽度,三堆原样存活** ⚠ **同上:`#797` 撤回「三堆」之后,本行成立的是「分层线漂移不改变结论」** | ⚠⚠ **这条设计选择从 `#776` 起在每一轮里,而账本里一次都没被命名过**;`#779` 钉的是出生世代,**钉不住分层线**;⚠ `#778` 的两种分层看似已控制,*","虔诚者不是越来越一致,是越来越分散;只有婚外性纹丝不动",1,0
README_zh.md,779,,191956,"都没超过它自己的自助宽度,三堆原样存活** ⚠ **同上:`#797` 撤回「三堆」之后,本行成立的是「分层线漂移不改变结论」** | ⚠⚠ **这条设计选择从 `#776` 起在每一轮里,而账本里一次都没被命名过**;`#779` 钉的是出生世代,**钉不住分层线**;⚠ `#778` 的两种分层看似已控制,**但那是被混淆的对照** —— (a)(b) 同时差了「绝","钉住出生世代之后,那个比不但还在,而且更极端",1,0
README_zh.md,778,,191984,":`#797` 撤回「三堆」之后,本行成立的是「分层线漂移不改变结论」** | ⚠⚠ **这条设计选择从 `#776` 起在每一轮里,而账本里一次都没被命名过**;`#779` 钉的是出生世代,**钉不住分层线**;⚠ `#778` 的两种分层看似已控制,**但那是被混淆的对照** —— (a)(b) 同时差了「绝对 vs 相对」与「一题 vs 三题」,分不开;⚠ 判词","他们确实改了主意,但只有别人的三分之一到五分之二",1,0
README_zh.md,806,,192378,",**但绝对门槛下虔诚层随时间萎缩、宽度被撑大 ⇒ 这条检验偏向「没动」**,如实标注(Entry 794) 〔GSS〕 ⟨漂移 −0.302 SD 超过预注册的 0.25 门槛;**8/8 在宽度内**⟩ ⚠ **而 `#806` 之后要带着一句:这套「共同位移」对照对顶对**够不着**,两条定标臂都超过 30% 可达幅度(`sexeduc` 42%/31% · `r",换边不是刻度造的(0.6%);而顶对这个设计够不着,1,0
README_zh.md,792,,192683," 2 行带删除线的已撤回行并全文打印备查**);替换测试给出 **USE 严格 9 · 宽松 12**,而阈值在 10 ⇒ **决定跨了阈值**;按修正后的判据 **受影响 1 条** | ⚠ **不再用词表定总体**:`#792` 的教训不是「词表不够宽」,是**用词表定义一个语义总体本身不成立** —— 我只有 1 个已知的 USE,而**样本量为 1 的召回估计不","正对照过了,而筛子对我要主张的那个东西是瞎的",1,0
README_zh.md,789,,192865,"回估计不是召回估计**;⇒ 改用**结构**定总体,召回按构造 = 1;⚠⚠ **而「决定取决于我」这句话要求我去查为什么,查完发现判据又错了**:替换测试判的是「**用没用**这个切法」,决定问的是「**前提有没有被 `#789` 推翻**」——`#789` 推翻的是一个**特定估计量**(GSS 上虔诚/非虔诚的年代变化比),**没有推翻**教育效应 · 领域内聚 ","变异在组内,不在组间:「性 / 非性」这个切法解释不了任何东西",1,0
README_zh.md,789,,192879,"改用**结构**定总体,召回按构造 = 1;⚠⚠ **而「决定取决于我」这句话要求我去查为什么,查完发现判据又错了**:替换测试判的是「**用没用**这个切法」,决定问的是「**前提有没有被 `#789` 推翻**」——`#789` 推翻的是一个**特定估计量**(GSS 上虔诚/非虔诚的年代变化比),**没有推翻**教育效应 · 领域内聚 · 面结构,那些多数还在 M","变异在组内,不在组间:「性 / 非性」这个切法解释不了任何东西",1,0
README_zh.md,791,,193024,"年代变化比),**没有推翻**教育效应 · 领域内聚 · 面结构,那些多数还在 MFQ/MSSCQ/SCCS 上;⇒ **严格/宽松那个跨阈值的分歧,根源不是我的判断余地,是我在量一个错的东西**;⚠ 本会话第三次同族:`#791` 数计数而问题问结构 · `#792` 正对照与筛子共享盲点 · 本轮判据判「用没用」而决定问「倒没倒」 —— **三次都不是算错,是把一个","不是一条轴,是三堆;而解释它这条路在算术上就是关着的",1,0
README_zh.md,792,,193043," · 领域内聚 · 面结构,那些多数还在 MFQ/MSSCQ/SCCS 上;⇒ **严格/宽松那个跨阈值的分歧,根源不是我的判断余地,是我在量一个错的东西**;⚠ 本会话第三次同族:`#791` 数计数而问题问结构 · `#792` 正对照与筛子共享盲点 · 本轮判据判「用没用」而决定问「倒没倒」 —— **三次都不是算错,是把一个相邻的量当成了要判的那个量**;⚠ 完","正对照过了,而筛子对我要主张的那个东西是瞎的",1,0
README_zh.md,792,,193216,"了要判的那个量**;⚠ 完整性检查抓到两处自伤:正则要求右括号紧跟数字(漏 4 行)· 完整性判据写成 ≥80%(**让 4 行漏掉还判「完整」**)(Entry 793) 〔README 自身〕 ⟨91 条主张全枚举;`#792` **猜中**而本轮**定下来** —— 那一轮靠一具召回为零的筛子,**猜中和定下来不是一回事**⟩| | **正对照过了,而筛子对我要主","正对照过了,而筛子对我要主张的那个东西是瞎的",1,1
README_zh.md,789,,193393,"了,而筛子对我要主张的那个东西是瞎的** | 要数「页面还有多少句话按『性 vs 非性』组织」:筛子命中 **40 行**,人工判出 **USE 0 · DISCUSS 1 · 未核实 36**;**正对照①(它看得见 `#789`/`#791`)过,正对照②(它能不能找到已知是 USE 的 `#785` 那一行)没过 —— 0 行** | ⚠⚠ **词表写的是 `性道","变异在组内,不在组间:「性 / 非性」这个切法解释不了任何东西",1,1
README_zh.md,791,,193400,"要主张的那个东西是瞎的** | 要数「页面还有多少句话按『性 vs 非性』组织」:筛子命中 **40 行**,人工判出 **USE 0 · DISCUSS 1 · 未核实 36**;**正对照①(它看得见 `#789`/`#791`)过,正对照②(它能不能找到已知是 USE 的 `#785` 那一行)没过 —— 0 行** | ⚠⚠ **词表写的是 `性道德(?:的|是","不是一条轴,是三堆;而解释它这条路在算术上就是关着的",1,0
README_zh.md,785,,193430," vs 非性』组织」:筛子命中 **40 行**,人工判出 **USE 0 · DISCUSS 1 · 未核实 36**;**正对照①(它看得见 `#789`/`#791`)过,正对照②(它能不能找到已知是 USE 的 `#785` 那一行)没过 —— 0 行** | ⚠⚠ **词表写的是 `性道德(?:的|是)?(?:一|特殊|不特殊)`,而那一行写的是「关于性道德的","不是一条关于性道德的规律,是一条关于「其余人真的动了的那些题」的规律",1,0
README_zh.md,785,,193775,"「性道德」)—— 两者的语言恰好相反**;⚠ 跑前写下的混淆的控制救了整轮:**分 USE/DISCUSS/MENTION,否则会把推翻它的那几行算成靠它撑着的**;⚠ 顺手改掉一处自伤:判词字符串硬写着「只有 0 行(`#785` 那一行)」,**计算说 0 而散文说它在里面**(Entry 792) 〔README 自身〕 ⟨命中 40 行 · USE 0 · 未核","不是一条关于性道德的规律,是一条关于「其余人真的动了的那些题」的规律",1,0
README_zh.md,797,,193923,"792) 〔README 自身〕 ⟨命中 40 行 · USE 0 · 未核实 36 ⇒ **两个数都不许拿去做重组决定**⟩| | **不是一条轴,是三堆;而解释它这条路在算术上就是关着的** ⚠⚠ **「三堆」已在 `#797` 撤回 —— 现行形状是「一对 + 六题」;本行站得住的是「顶对与其余全部分得开」与那条 MDE** | **MDE**:n=8、置换零 9","底堆归不了堆:三堆撤回,剩下「干净的一对 + 排不出层的六题」",1,0
README_zh.md,806,,194845,"0/28 · 正控 21/28;**混淆控制**:corr(可分辨,|Δr|)=**+0.779** vs corr(可分辨,宽度和)=+0.324 —— 没有它,「16/28」可能只是「最窄的对最宽的」⟩ ⚠ **而 `#806` 之后要带着一句:这套「共同位移」对照对顶对**够不着**,两条定标臂都超过 30% 可达幅度(`sexeduc` 42%/31% · `r",换边不是刻度造的(0.6%);而顶对这个设计够不着,1,0
README_zh.md,799,,195017,"` 42%/31% · `racmar` 72%/71%)⇒ 零个可用格,**结构性不可能,不是欠账**。**| | **不稳来自分母,所以 n=8 是硬天花板:抗拒只能在真的发生过的变化上被测量** ⚠⚠ **机制在 `#799` 被拆细**:分母是**噪声的放大器**不是推力 ⇒ 本行成立的是「区间变宽」,**不是「点估计被推高」** | `log(区间宽度)` 对",顶对经住了造世界那一级:小分母 + 噪声造不出 2.19 与 1.84,1,0
README_zh.md,782,,195429,"*那十二道题不稳不是因为年份少,是因为社会在它们上面动得不够多 ⇒ 年份窗口手术救不了它们** —— **不是功效问题,是这个估计量在社会没怎么动的题上本来就没有定义**;⚠ 不用 p 值,用**系数自己的自助区间**(`#782` 那一课:两个量各自显著 ≠ 它们的关系稳);⚠ **两个候选不是穷举** —— 第三个来源(如虔诚层自己的斜率大小)没进模型,**不当成完","撤回维持,但理由换了人:不是世界有反号,是我的判据没检验比值",1,0
README_zh.md,782,,196271,"」从来不会有人回去验它**;⚠⚠ **而我差一点照预注册把「一个总闸」发出去**:阈值 0.165 是**题内**跨窗口的抖动,这里比的却是**题间**中位数,题间散布是它的十二倍 —— **判据用错了噪声来源**,与 `#782` 同一族的第七次,**形状都是「比较了两个数,没比较那个差」**;⚠ 跑前混淆的控制有产出:**4 道题社会自己也没动**(`xmarsex","撤回维持,但理由换了人:不是世界有反号,是我的判据没检验比值",1,0
README_zh.md,806,,196474,"law`·`letdie1`),**12 道题社会动了但比值不稳** —— 两件事(Entry 789) 〔GSS〕 ⟨可读 8/24;差的区间宽 3.499 对需要的 0.330 = **10.6×**⟩ ⚠ **而 `#806` 之后要带着一句:这套「共同位移」对照对顶对**够不着**,两条定标臂都超过 30% 可达幅度(`sexeduc` 42%/31% · `r",换边不是刻度造的(0.6%);而顶对这个设计够不着,1,0
README_zh.md,786,,197213,"不是「数据边界」挡住一个问题** —— 数据边界要换数据,**仪器边界要换读法**(下一轮:人工定向 + 引题干原文,产物里与机器读数分开存)(Entry 788) 〔GSS〕 ⟨正控 FAIL 立刻报出「本轮的仪器与 `#786` 不是同一具」;`premarsx` 不可读**但非虔诚层确实动了** ⇒ 「比值不稳」≠「社会没动」⟩ ⚠ **而 `#806` 之后要带","同一道题只动年份集合,而同性恋那条在三个窗口下纹丝不动",1,0
README_zh.md,806,,197278,"读数分开存)(Entry 788) 〔GSS〕 ⟨正控 FAIL 立刻报出「本轮的仪器与 `#786` 不是同一具」;`premarsx` 不可读**但非虔诚层确实动了** ⇒ 「比值不稳」≠「社会没动」⟩ ⚠ **而 `#806` 之后要带着一句:这套「共同位移」对照对顶对**够不着**,两条定标臂都超过 30% 可达幅度(`sexeduc` 42%/31% · `r",换边不是刻度造的(0.6%);而顶对这个设计够不着,1,0
README_zh.md,789,,198133,"ex` 三窗口 12/12 可读;`premarsx` 全跨度 1/4 · 截短 1/4 · 最早 2/4⟩| | **不是一条关于性道德的规律,是一条关于「其余人真的动了的那些题」的规律** ⚠⚠ **这一行的前提在 `#789` 之后已倒**(「性 / 非性」这个切法解释不了任何东西),替代读法见 `#791` 的三堆 —— ⚠ **而那个三堆本身已在 `#797`","变异在组内,不在组间:「性 / 非性」这个切法解释不了任何东西",1,2
README_zh.md,791,,198175,"/4 · 最早 2/4⟩| | **不是一条关于性道德的规律,是一条关于「其余人真的动了的那些题」的规律** ⚠⚠ **这一行的前提在 `#789` 之后已倒**(「性 / 非性」这个切法解释不了任何东西),替代读法见 `#791` 的三堆 —— ⚠ **而那个三堆本身已在 `#797` 撤回**,现行读法是「一对 + 六题」;⚠ 而 `#793` 用 91 条主张的*","不是一条轴,是三堆;而解释它这条路在算术上就是关着的",1,0
README_zh.md,797,,198203,"规律,是一条关于「其余人真的动了的那些题」的规律** ⚠⚠ **这一行的前提在 `#789` 之后已倒**(「性 / 非性」这个切法解释不了任何东西),替代读法见 `#791` 的三堆 —— ⚠ **而那个三堆本身已在 `#797` 撤回**,现行读法是「一对 + 六题」;⚠ 而 `#793` 用 91 条主张的**完整枚举**确认了:**受这次推翻影响的只有这一行**","底堆归不了堆:三堆撤回,剩下「干净的一对 + 排不出层的六题」",1,0
README_zh.md,793,,198234,"*这一行的前提在 `#789` 之后已倒**(「性 / 非性」这个切法解释不了任何东西),替代读法见 `#791` 的三堆 —— ⚠ **而那个三堆本身已在 `#797` 撤回**,现行读法是「一对 + 六题」;⚠ 而 `#793` 用 91 条主张的**完整枚举**确认了:**受这次推翻影响的只有这一行** —— 其余用同一切法的十一条承载的是**别的估计量**(教育","结构定总体之后,受影响的只有一条;而判据又错了一次,同一族第三次",1,0
README_zh.md,784,,198571,")· `teensex` **0/4**(全部含 1.0,而它虔诚层端点占比最高 0.823、逼出的比 0.572 —— 天花板在那里确实挡着)· `xmarsex` **一格可读的都没有** | ⚠⚠ **本轮撤回了 `#784` 放上本页的数,而且是变号的**:`#784` 的 `r_obs` 取自**斜率比**而 Δ 的标定用**首末年之差**,**两个估计量写进","天花板解释了三分之一,剩下的三分之二是他们自己",1,0
README_zh.md,784,,198594,"含 1.0,而它虔诚层端点占比最高 0.823、逼出的比 0.572 —— 天花板在那里确实挡着)· `xmarsex` **一格可读的都没有** | ⚠⚠ **本轮撤回了 `#784` 放上本页的数,而且是变号的**:`#784` 的 `r_obs` 取自**斜率比**而 Δ 的标定用**首末年之差**,**两个估计量写进了同一个比**;统一到斜率后 `r_force","天花板解释了三分之一,剩下的三分之二是他们自己",1,0
README_zh.md,759,,198917,"撤回**,方向不变而那一项符号变了;⚠ `xmarsex` 四格不可读是因为**两层都没动**,分母趋零、比值成 Cauchy 型 —— **那不是「没有效应」,是这个问题在那一题上问不出来**;⚠ 方向逐题从值标签读(`#759`),四题全部需要翻向,脚本自己判(Entry 785) 〔GSS〕 ⟨可读 14 / 不可读 9;`teensex` 跨度 38 年 vs ","符号族的最后一笔:只造能造的那半,而它当场重新发现了一个陷阱",1,0
README_zh.md,785,,199162,"自己** | 同样的潜在位移放在虔诚层更靠顶的起跑线上,本就只会走出别人的 **0.813**(8 格 0.715–0.887);而他们实际走出的是 **0.456**(0.400–0.517)。⚠ **0.813 在 `#785` 更正为 1.369(变号)**,理由见下一行。**8 格全部**把 `r_forced` 排除在观测自助区间之外且在其下,**0 格不可分","不是一条关于性道德的规律,是一条关于「其余人真的动了的那些题」的规律",1,0
README_zh.md,782,,200615,"纯数值会误配 5 个**;⚠ 抽取器先回测:**recall 1.00(17/17)· precision 0.74(17/23)**,11 个预列诱饵捞到 5 个,**还有 1 个两边都没预料到:`0.561`,那是 `#782` 区间的下端不是点估计**(Entry 783) 〔GSS〕 ⚠⚠ **而第二臂把这句话缩了一圈**:换到 **MSSCQ**(n=12,7","撤回维持,但理由换了人:不是世界有反号,是我的判据没检验比值",1,0
README_zh.md,787,,201319,"1.0**,而按世代 **1935–54/1950–64/1955–74/1965–79 是 0/30**,**1975–94 是 4/4**、**1980–99 是 2/2**(中位宽 7.73)⚠ **这两个分母在 `#787` 被更正**:它们是**算得出来的格**,而那两个世代在 8 格的设计里分别只有 **4 格**与 **2 格**算得出来 —— 写成 4/","分母被换成活下来的格,三处,而它们指向相反的方向",1,0
README_zh.md,779,,201435," 被更正**:它们是**算得出来的格**,而那两个世代在 8 格的设计里分别只有 **4 格**与 **2 格**算得出来 —— 写成 4/4、2/2 会让不可读**显得比实际更全面** | ⚠⚠ **机制在判据里**:`#779`–`#781` 用的是「两层斜率**各自**超自己的零」——**那是分别检验分子与分母,从来没检验比值**;⚠ **零不能靠打乱年份造** ","钉住出生世代之后,那个比不但还在,而且更极端",1,0
README_zh.md,781,,201442,"它们是**算得出来的格**,而那两个世代在 8 格的设计里分别只有 **4 格**与 **2 格**算得出来 —— 写成 4/4、2/2 会让不可读**显得比实际更全面** | ⚠⚠ **机制在判据里**:`#779`–`#781` 用的是「两层斜率**各自**超自己的零」——**那是分别检验分子与分母,从来没检验比值**;⚠ **零不能靠打乱年份造** —— 打乱后两","三十七个规格里有一个反号,而预注册说那就撤回",1,0
README_zh.md,779,,201730,"13]」,因 0.561>0.44 返回「真反号」,而预注册问的是**能不能分辨**它们 —— 「判词分支测错问题」那一族的又一次,**这次改变了结论**;⚠ 1930–49 有 **4/8** 含 1.0,**这影响 `#779` 把它报成可读的那一格**(Entry 782) 〔GSS〕 ⟨区间宽度中位 **0.42**,95 分位 **7.68**,最大 **8.","钉住出生世代之后,那个比不但还在,而且更极端",1,0
README_zh.md,747,,203790,".341** | ⚠⚠ **这补上了上一行缺的那一半** —— 我写过「真的改了主意」并单独放上页面,**而一个没有分母的变化量,读者会自动配一个分母,通常是「大家都一样」**;⚠ 两种分层(`attend` 三档 = `#747` 原分层 · 三题合成三分位 = `#776`/`#777`)逐格同号,两层年数都是 28;⚠ **而本轮与 `#773` 正相反**:那一","方差升得最多的那一层耦合最强,而我预测的方向是反的",1,0
README_zh.md,776,,203813,"那一半** —— 我写过「真的改了主意」并单独放上页面,**而一个没有分母的变化量,读者会自动配一个分母,通常是「大家都一样」**;⚠ 两种分层(`attend` 三档 = `#747` 原分层 · 三题合成三分位 = `#776`/`#777`)逐格同号,两层年数都是 28;⚠ **而本轮与 `#773` 正相反**:那一轮统计量的选择**翻转**了答案,本轮两个统计","虔诚者不是越来越一致,是越来越分散;只有婚外性纹丝不动",1,0
README_zh.md,777,,203820,"— 我写过「真的改了主意」并单独放上页面,**而一个没有分母的变化量,读者会自动配一个分母,通常是「大家都一样」**;⚠ 两种分层(`attend` 三档 = `#747` 原分层 · 三题合成三分位 = `#776`/`#777`)逐格同号,两层年数都是 28;⚠ **而本轮与 `#773` 正相反**:那一轮统计量的选择**翻转**了答案,本轮两个统计量的比只差 *","虔诚的人在同性恋上真的改了主意,在婚外性上从我们看得见的第一年起就没动过",1,0
README_zh.md,773,,203851,"变化量,读者会自动配一个分母,通常是「大家都一样」**;⚠ 两种分层(`attend` 三档 = `#747` 原分层 · 三题合成三分位 = `#776`/`#777`)逐格同号,两层年数都是 28;⚠ **而本轮与 `#773` 正相反**:那一轮统计量的选择**翻转**了答案,本轮两个统计量的比只差 **1.26×** ⇒ **「水平」还是「端点占比」在这里不改变","连唯一没饱和的那一题也判不了,而这是第二次 ⇒ 换方向",1,0
README_zh.md,767,,205931,"→+0.1863)—— **三个指标一致,但本轮不解释它**;⚠⚠ 本轮两次栽在闸上:把常数与自己比(库的 `_degenerate` **只认全零**,已补标注)· 把「必须 FAIL」的反向检查放进同一个 Gate(`#767` 记过,**第三次**)(Entry 772) 〔GSS〕〔MFQ〕 ⟨端点占比 **87.8%** 对预注册阈值 60%;匹配后边际差 *","区间只动了一点,而我发现自己把另一次运行的数抄进了账本",1,0
README_zh.md,770,,206238,"read 全部超出**匹配同一相关矩阵的三元高斯零**(**1.08×–2.60×**),而高斯里条件相关不随条件变量改变 ⇒ **这部分不是二阶矩的函数** | ⚠ **本项目在这条线上找到的第一个非推导量**(对照 `#770`:份额是推导);⚠⚠ **但幅度不可读,这一条跑前就写下了** —— 高斯零减掉了「分层本身造成的差异」,减不掉方差随层变化的真实幅度:`x","解释份额是推导不是测量,而我用它写了五轮",1,0
README_zh.md,750,,207099,"更真**;⚠⚠ 本轮两次栽在同一形状并两次被 `lib/gates.py` 抓住:**把「差」与 0 比永远不会失败**(正确形状是比两个值本身)· numpy 数组喂给带索引的 Series 相关 → 全 NaN(与 `#750` 同族第三次)(Entry 770) 〔GSS〕 ⟨解析 vs 数值 **1.9e−16**;合成 vs 真 **0.89pp**,而偏度差","把一般的严整个扣掉,性还剩 +0.55",1,0
README_zh.md,765,,208555,"教 **[33.3%, 46.7%]** · 残余 **[49.4%, 63.3%]** · 残余/宗教 **[1.06×, 1.90×]**,**仍含 1,撤回不变** | ⚠⚠ **而本轮真正的发现是关于账本的**:`#765` 里那个 α = 0.4804 是我从**修过滤器之前**那次运行抄来的,持久化文件写的是 **0.7287** —— **份额不受影响,错","我的过滤器删掉了参照组,而真正咬人的是控制量的信度",1,0
README_zh.md,726,,208643,"⚠⚠ **而本轮真正的发现是关于账本的**:`#765` 里那个 α = 0.4804 是我从**修过滤器之前**那次运行抄来的,持久化文件写的是 **0.7287** —— **份额不受影响,错的只是我引的数**,与 `#726` 同族第二次;⚠⚠ **而这个错抄量出了更值钱的一件事**:同一把尺子,截断样本 α=0.4804、完整样本 α=0.7287 ⇒ **那个","我引的是文件行数,不是测量",1,0
README_zh.md,767,,209226,">0)` 整档删除 ⇒ 修好后 n 从 9,580 涨到 **12,151**,残余 62.4%→**61.0%**;信度:宗教 α **0.7287**(⚠ 页上原写 0.4804,那是**修过滤器之前**样本上的数,`#767` 更正)· 政治 SB **0.5965** ⇒ 校正后宗教 33.3%→**47.1%**、残余 63.3%→**49.0%**、**残余","区间只动了一点,而我发现自己把另一次运行的数抄进了账本",1,0
README_zh.md,764,,209330,"样本上的数,`#767` 更正)· 政治 SB **0.5965** ⇒ 校正后宗教 33.3%→**47.1%**、残余 63.3%→**49.0%**、**残余/宗教 1.90×→1.04×** | ⚠⚠ **撤回 `#764` 的「残余是宗教的 1.89 倍」** —— 校正后两者一样大;⚠ **诚实的形式是区间不是另一个点**:α 对异质量表低估信度 ⇒ 校正过","两次落进自己拍的中间带,而问题不在阈值高低,在问法",1,0
README_zh.md,762,,209567,", 63.3%]** · 残余/宗教 **[1.04×, 1.90×]**,**含 1 ⇒ 「明显大于」不被支持,而「残余仍是最大单项」两端都成立**;⚠ 暴露面已量并锁死在一处:全仓 13 个脚本用 `x>0`,只有 `#762` 碰了含 0 的变量,`R112`/`R113` 与 MFQ 臂经查干净;⚠ 一条我没设计的内部一致性检查对上了:政治合成原始只解释 6.8","宗教解释三分之一,政治解释一成,而还剩六成二",1,0
README_zh.md,754,,209882,"宗教的 1.89 倍」已被下一行撤回** —— 把控制量的信度校正之后是 **1.04 倍**,两者一样大;「残余是政治的 6.6 倍」校正后 4.24 倍,**那一半仍成立**) | 重写判词后,同两处历史轮次都可判:`#754` 权威是自己零的 **14.0×**、内群体 **4.9×**,前者是后者 2.9 倍;`#762` 宗教是政治的 **3.50 倍**,而","人层那个族大半是一件事,而判不了的是我的阈值不是世界",1,0
README_zh.md,762,,209932,"一样大;「残余是政治的 6.6 倍」校正后 4.24 倍,**那一半仍成立**) | 重写判词后,同两处历史轮次都可判:`#754` 权威是自己零的 **14.0×**、内群体 **4.9×**,前者是后者 2.9 倍;`#762` 宗教是政治的 **3.50 倍**,而**残余是宗教的 1.89 倍、是政治的 6.61 倍** | ⚠⚠ **这不是事后放宽阈值** —","宗教解释三分之一,政治解释一成,而还剩六成二",1,0
README_zh.md,774,,210814,"*,而拆分是 3.5× vs 0.56×⟩| | **宗教解释三分之一,政治解释一成,而还剩六成二**(⚠ **推导** —— 本行等价于:**虔诚度与看重服从相关 +0.27、与性态度相关 +0.25…+0.47**〔`#774` 持久化〕)(⚠ **前两个份额是 GSS 上的,同一轮的第二具仪器把它们反了过来 —— 而残余没反**:MFQ 上宗教 16.0% · 政","把页面上的份额改成推导,而改的过程量出同一句话有三个值",1,0
README_zh.md,754,,211134,"教量一起 66.9%** · **宗教+政治全放 62.4%** | ⚠ **判词 W-M:66.9% 落在预注册的 50%–75% 之间,判不了,而我没有改阈值**;⚠⚠ **而这是我连着第二次落进自己留的中间带**(`#754` 是 63.6%)—— 不是世界含糊,是**我把阈值当圆整数去拍**,而它应当由可测的量导出(该效应自己的零 / MDE / 另一个已知解释","人层那个族大半是一件事,而判不了的是我的阈值不是世界",1,0
README_zh.md,770,,211404,"果调整(Entry 762) 〔GSS〕 ⟨宗教的贡献 **542.8×** 自己的展布,而它只占 **33.1%**⟩| | **把政治左右整个偏掉,服从与管性还剩八成八**(⚠ **推导,不是独立测量** —— 按 `#770`,份额是 `(r_XY, r_XZ, r_YZ)` 的确定函数;本行等价于:**政治与看重服从相关 +0.17、与性态度相关 +0.22…+","解释份额是推导不是测量,而我用它写了五轮",1,0
README_zh.md,774,,211487,"八成八**(⚠ **推导,不是独立测量** —— 按 `#770`,份额是 `(r_XY, r_XZ, r_YZ)` 的确定函数;本行等价于:**政治与看重服从相关 +0.17、与性态度相关 +0.22…+0.32**〔`#774` 持久化〕。⚠ 而同一句「政治解释多少」在三个样本上是 **12.3% / 11.5% / 9.4%**,**各自都对** —— **一个随","把页面上的份额改成推导,而改的过程量出同一句话有三个值",1,0
README_zh.md,745,,212037,"GSS 说政治解释 12.1%,MFQ 说约 30%,而 MFQ 来自一个政治兴趣平台;⚠ **`workhard` 与 MFQ `HARM` 的保留率被判为不可读** —— 偏前值小于自己的噪声,近零分母的比值不许报(`#745`),第一版曾印出 −290.3%(Entry 760) 〔GSS〕〔MFQ〕 ⟨政治的贡献 **594.5×** 自己的展布,而它只占 **","并进去的是常去教堂的人,而几乎不去的那一群从头到尾没连起来",1,0
README_zh.md,750,,213708,"从单独还小** | ⚠⚠ **本行收窄了上一行**:族的故事只在人层成立;⚠ **盲因子拆分当场否定了「两族」这个前提** —— 九个品格里八个 PC1 载荷同号,只有攻击性反号;⚠ 最强混淆写在跑之前:**我已经看过 `#750` 的九格网格,所以我自己划的族被它拟合过** —— 防御是 Barry/Child/Bacon 1957–59 的已发表二分(比我早六十年)","把一般的严整个扣掉,性还剩 +0.55",1,0
README_zh.md,542,,215604,".0725**(有符号),而面内是 **+0.5987** —— **低一个量级**;20 个面的最弱一环中位 **+0.4809**,**20/20 高于零** | 面内一致**是量表作者的设计**(同面常是近义改写,`#542` 已按 `prior_art` 降级为验证,本行承接);面间那一半不是设计能保证的。零抽 200,000 块(C(100,5)=75,287","面内高于面间,而那是设计;`prior_art` 这一行第一次自己举了手",1,1
README_zh.md,542,,215734,"` 降级为验证,本行承接);面间那一半不是设计能保证的。零抽 200,000 块(C(100,5)=75,287,520 **不可枚举**),零 95% 分位 0.1837,跨种子相对标准差 1.22%(面内那一半承接 `#542` 的验证降级、面间口径之别,均见叙述)(Entry 720 · 721) 〔MSSCQ〕 ⟨面内 **2.62×**;最弱的一个面 1.02","面内高于面间,而那是设计;`prior_art` 这一行第一次自己举了手",1,0
README_zh.md,747,,216669,"1 → 1.131(**斜率 −0.00424**)· 偶尔 +0.00109 · **常去 0.862 → 1.373(+0.01191)** —— **方差升得最多的那一层,正是耦合最强的那一层** | ⇒ **按 `#747` 跑之前写死的判据,`#745` 的耦合梯度降级**;⚠ 而下一轮想把它救回来,**结果是判不了**:ρ 恒定、只让各层真实边际走切点的模拟","方差升得最多的那一层耦合最强,而我预测的方向是反的",1,0
README_zh.md,745,,216685,"0.00424**)· 偶尔 +0.00109 · **常去 0.862 → 1.373(+0.01191)** —— **方差升得最多的那一层,正是耦合最强的那一层** | ⇒ **按 `#747` 跑之前写死的判据,`#745` 的耦合梯度降级**;⚠ 而下一轮想把它救回来,**结果是判不了**:ρ 恒定、只让各层真实边际走切点的模拟给出的是 **−0.00284 ","并进去的是常去教堂的人,而几乎不去的那一群从头到尾没连起来",1,0
README_zh.md,691,,217358,"乎不去落在零里**([−0.00196, +0.00190]);安慰剂(随机三分)+0.00563 = 84% ⇒ **分层本身只花 16%,而宗教分层花 36%**;⚠ **用差不用比** —— 分母近零时比值无意义(`#691`)(Entry 740 · 745) 〔GSS〕 ⟨**差 +0.1191/36年**〕| | **也不是年龄,也不是教育** | 固定年龄","一个凭直觉写下的区间,这次给对了答案,而在 2.3 那里会给错",1,0
README_zh.md,740,,217570,"5%**(三段 +0.0069 / +0.0054 / +0.0069);教育三分位内 **+0.00521 = 77%** | ⚠ **在一个出生世代内部 `age = year − cohort` 是恒等式** ⇒ `#740` 的世代内斜率按构造是「年代+年龄」的合体;安慰剂(按性别分层)+0.00610 = 91%,**所以分层本身只花掉 ~9%**;零(年龄段","不是老一代退出,是同一批世代自己把两件事连了起来",1,0
README_zh.md,740,,217950," **19 个非性题**中位 **−0.00025**(占 −7%),**× 堕胎四题 −0.00445 —— 反而走远了** | **253 对的中位 +0.00001 ⇒ 不存在「什么都在靠拢」**;④ 正对照复现 `#740` 的 +0.00672(差 0.00000);零(世代内打乱年份)[−0.00155, +0.00215];⚠ 归一版同向更强(非性占 −2","不是老一代退出,是同一批世代自己把两件事连了起来",1,0
README_zh.md,731,,219322," / 0.360 / 0.415 / 0.425 / 0.513 / 0.553**,**最弱一对 0.3002** | 分母是**这具仪器自己的重测信度**(0.734–0.911),**与陪衬池无关** —— 这是 `#731` 之后仍然可用的那把尺子;④ 正对照复现 `#732` 四个系数(差 0.0000)且打乱个体配对后回到 0.07;⚠ **重测跨「问法」⇒","同一组题换一个陪衬域,比值从 0.93 倍走到 4.56 倍,而分子一动不动",1,0
README_zh.md,732,,219349,"0.513 / 0.553**,**最弱一对 0.3002** | 分母是**这具仪器自己的重测信度**(0.734–0.911),**与陪衬池无关** —— 这是 `#731` 之后仍然可用的那把尺子;④ 正对照复现 `#732` 四个系数(差 0.0000)且打乱个体配对后回到 0.07;⚠ **重测跨「问法」⇒ 低估信度 ⇒ 校正值是上界**(Entry 732 ","换一套问法再问一遍,同一批人给出的还是同一块",1,0
README_zh.md,731,,219596,"还是同一块** | 1994 年同人群同约定,两版四题的最弱一环 **+0.3339 对 +0.4273**;368 人两版都答过,逐题重测 **0.73–0.91**(逐题值见叙述) | ⚠ **只比分子不比比值**(`#731`:比值是相对池的,两版的池不同);⚠ **`teensex1` 只在 1994 问过一次 ⇒ 一次性重测,不可外推**(Entry 732)","同一组题换一个陪衬域,比值从 0.93 倍走到 4.56 倍,而分子一动不动",1,0
README_zh.md,716,,220726,"同池同 k 的零是 0.376 与 0.411** ⇒ **1.24× 与 1.03×**(严规格 1.13× 与 0.98×) | ⚠ 原来的 **1.10 倍是两个观测量相除**,不是一次检验(`realstat`/`#716`:只能对照自己的零);⚠ 两块 **k=3 对 k=4**,而零随 k 变 ⇒ **两个比值不在同一把尺子上,「一样紧」不是假,是问得不对*","五个域全都比随机凑的六题更连成一片,「只有纯洁」是那把尺子造的",1,0
README_zh.md,710,,221060,"0 · 734) 〔NSFG〕 ⟨**4.00×**〕|  **°⃠** = **补零也看不出东西**:该 n 上零的宽度已接近账本记载值本身 ⇒ **结构性无法核对,而这不表示那条声明错了**(Entry 710 / `#710`)。  **°** = **零未配套**:该声明的零不在它那一轮的脚本输出里(无 `results/*.json`,或 JSON 内无零)⇒","分诊:有两条补零也不会有分辨率,而 `°` 的定义我自己先前说窄了",1,0
README_zh.md,144,d,223651,"icization Operator  > **中文版。英文版 [`README.md`](README.md) 为准 —— 修正先落英文,这里是镜像。** > (§P16「一个事实一个家」:两份叙述并行是它自己的风险,`#144d` 记过一次代价。)  **「性」——是大脑检测的一个内容类别,还是它赋予普通世界表征的一个价值?** 531 轮自我攻击,针对同一份公开数据","一个不带出处的数字,是一个无法被撤回的数字",1,0
README_zh.md,264,,224087,"65 列,重度分箱、去人口学、注入噪声。 数据不提交 —— 原始 release 与人层衍生表都不提交;`E01…/A01…/R001_schema/run.py` 会重新下载并重建。  > ### 这一切到底有多大?(`#264`,先读这一段) > 这个项目建立的**每一个**人层维度,**放进同一个模型**去预测同样那 29 个结局, > 联合解释的**中位是 1.","把所有关于「一个人是谁」的东西加起来,平均只说中百分之一点四",1,0
README_zh.md,301,,224548,"外注意排序:**最不可靠**的那个仍站着的维度(位置分,0.432)贡献了**最大**的增量 R²(0.715%)。 > **信度与解释力是两回事 —— 一个量可以稳定地测到一个几乎不影响任何事的东西。** > ⚠ **`#301` `#302`:**样本内 1.4% / 样本外 0.87%**。留出来算 —— 5 折人层交叉验证,**六个坐标在每一折内部重估** ——",1.4% 是样本内的;换到没见过的人身上是 1.09%,1,0
README_zh.md,302,,224555,"*最不可靠**的那个仍站着的维度(位置分,0.432)贡献了**最大**的增量 R²(0.715%)。 > **信度与解释力是两回事 —— 一个量可以稳定地测到一个几乎不影响任何事的东西。** > ⚠ **`#301` `#302`:**样本内 1.4% / 样本外 0.87%**。留出来算 —— 5 折人层交叉验证,**六个坐标在每一折内部重估** ——同一条流水线的","嵌套 CV:0.869%,已发表数字的 37% 是拟合",1,0
README_zh.md,356,,224885,"个分析旋钮都不超过 0.18pp)。两个数都合法,而且回答的不是同一个问题 —— 1.390% 是这六个坐标在**建造它们的那批人**身上解释了多少,0.869% 是它们交到**从没见过的人**身上时兑现多少。 ⚠ **`#356`:而那 1.4% 里有一部分与「这个人报了多少」共线。**把「你填了多少个起始类别」加进六个坐标、对全部 29 个结局做共同性分解:共享成分","六个坐标解释的东西里,中位 18% 与「你报了多少」共线",1,1
README_zh.md,234,c,225402,"的情欲估值 | `v_i(s,c,t) = w_i(c,t)^T h(s)` —— 普通场景,施加其上的一个读出 | | **C** 递归混合 | 价值回流,重塑它作用过的那个表征 |  > ### 三个模型现在的处境(`#234c`) > **B 已死**(`#179`:位置不是一个不带立场的坐标 —— 它带着羞耻)。 > **C 唯一可分的预测没有支持**(`#234","羞耻改变一个人怎么看自己的欲望,但没有改变它的形状",1,0
README_zh.md,179,,225422,"= w_i(c,t)^T h(s)` —— 普通场景,施加其上的一个读出 | | **C** 递归混合 | 价值回流,重塑它作用过的那个表征 |  > ### 三个模型现在的处境(`#234c`) > **B 已死**(`#179`:位置不是一个不带立场的坐标 —— 它带着羞耻)。 > **C 唯一可分的预测没有支持**(`#234a`:按羞耻分层、匹配勾选数,宽度剖面","「偏爱冷门」不是一个不带立场的坐标:控制内容之后,它仍然预测羞耻",1,0
README_zh.md,234,a,225474,"| 价值回流,重塑它作用过的那个表征 |  > ### 三个模型现在的处境(`#234c`) > **B 已死**(`#179`:位置不是一个不带立场的坐标 —— 它带着羞耻)。 > **C 唯一可分的预测没有支持**(`#234a`:按羞耻分层、匹配勾选数,宽度剖面的两半复现是 > **0.4672 / 0.4611 / 0.4718** —— 平的,而这个设计的正对照","羞耻改变一个人怎么看自己的欲望,但没有改变它的形状",1,0
README_zh.md,229,,225684,"上就能点着)。 > **但诚实的读法不是「A 赢了」。** 这份数据里最可靠的人层结构 —— 分半信度 **0.56–0.72**, > 远高于位置分的 0.432 —— 是**一个人在哪些领域敞开、以什么形状敞开**(`#229`–`#232`)。 > **A、B、C 三个都没有预测它**,因为三个问的都是「什么使一样东西成为性的」, > 而它是关于**这个人**的事","宽度有形状,而它的第一个名字是「体液」",1,0
README_zh.md,232,,225691," > **但诚实的读法不是「A 赢了」。** 这份数据里最可靠的人层结构 —— 分半信度 **0.56–0.72**, > 远高于位置分的 0.432 —— 是**一个人在哪些领域敞开、以什么形状敞开**(`#229`–`#232`)。 > **A、B、C 三个都没有预测它**,因为三个问的都是「什么使一样东西成为性的」, > 而它是关于**这个人**的事实,不是关于刺","两条完全不同的路,通向同一种感觉",1,0
README_zh.md,234,c,225857,"它是关于**这个人**的事实,不是关于刺激的。 > **A/B/C 这个分解没有沿着这份数据的关节切下去。** 这是关于**分解是否完备**的主张,不是对 A 的证伪。   ---  ## 这份数据真正支持的人层维度  `#234c` 发现 A/B/C 那个分解没有沿着这份数据的关节切下去:三个模型问的都是**什么使一样东西成为性的**, 而这里最可靠的结构是关于**人*","羞耻改变一个人怎么看自己的欲望,但没有改变它的形状",1,0
README_zh.md,251,,226016,"一样东西成为性的**, 而这里最可靠的结构是关于**人**的。那些维度散落在十几条账本条目里,这是它们第一次在同一张表上。 **下面每一个数字都在 `RETRACTIONS.md` 里逐字出现过 —— 建这张表的那一轮(`#251`)只要有一个找不到就失败。** 空格写 `UNCOMPUTED`,那是它诚实的部分。  | 维度 | 分半信度 | 仪器 | 跨仪器 | ↔","这个项目花最多力气去证明的那个量,不是它手里最结实的那个",1,0
README_zh.md,259,,226365,"1155)· 性别 · 内容分 | | **跨块对比 D** —— 你在哪些领域敞开 | **+0.6785** | 块 | **已验**(起始仪器 +0.1384) | +0.0830 | ~8–10/31  ⚠ **`#259`:这一行与宽度类型 c3 那一行高度重叠** —— 两者的结局剖面相关 **+0.7826**,而衰减上限是 0.9142 ± 0.0171","大体同一,而「大体」这个词这次是有数字的",1,0
README_zh.md,255,,226682," | 块 | **已验**(维数 ≥2;起始仪器 k=2 复现 0.9379) | 逐人**清晰度**给 +0.0148 ± 0.0116(1.3×,单种子) | **29 里 8,跨六个选项劈半种子读作 3–13**(`#255` —— ⚠ `#254` 的「什么都不预测」**已撤回**:那个读数来自一个不巧的种子) | 勾选数已控 · 块层属性已排除(`#228b`","我说它「什么都不预测」,只是因为我抽到了一个不巧的种子",1,1
README_zh.md,254,,226694,"*(维数 ≥2;起始仪器 k=2 复现 0.9379) | 逐人**清晰度**给 +0.0148 ± 0.0116(1.3×,单种子) | **29 里 8,跨六个选项劈半种子读作 3–13**(`#255` —— ⚠ `#254` 的「什么都不预测」**已撤回**:那个读数来自一个不巧的种子) | 勾选数已控 · 块层属性已排除(`#228b`) | | 宽度类型 c","一个没有功效证明的零,和一个 UNCOMPUTED 只差一点点",1,0
README_zh.md,228,b,226751,"(1.3×,单种子) | **29 里 8,跨六个选项劈半种子读作 3–13**(`#255` —— ⚠ `#254` 的「什么都不预测」**已撤回**:那个读数来自一个不巧的种子) | 勾选数已控 · 块层属性已排除(`#228b`) | | 宽度类型 c1 | **+0.6429** | 块 | 未验 | `UNCOMPUTED` | 13 → **控制后 9,读作 ","「对什么都说是」的人,其实不是对什么都说是",1,0
README_zh.md,257,,226835,"个不巧的种子) | 勾选数已控 · 块层属性已排除(`#228b`) | | 宽度类型 c1 | **+0.6429** | 块 | 未验 | `UNCOMPUTED` | 13 → **控制后 9,读作 6–12**(`#257`) | **勾选数 · 性别 · 位置分 S 三重已控**(`#252`) | | 宽度类型 c2 | **+0.5778** | 块 | ","三个数字一个都没错,但它们此前给出的精度窄了大约一半",1,0
README_zh.md,252,,226871," | 宽度类型 c1 | **+0.6429** | 块 | 未验 | `UNCOMPUTED` | 13 → **控制后 9,读作 6–12**(`#257`) | **勾选数 · 性别 · 位置分 S 三重已控**(`#252`) | | 宽度类型 c2 | **+0.5778** | 块 | 未验 | `UNCOMPUTED` | 11 → **控制后 6,读作 ","一个由特征分解定义的成分,不能用种入强度扫描去做正对照",1,0
README_zh.md,257,,226953,"| **勾选数 · 性别 · 位置分 S 三重已控**(`#252`) | | 宽度类型 c2 | **+0.5778** | 块 | 未验 | `UNCOMPUTED` | 11 → **控制后 6,读作 4–8**(`#257`) | **勾选数 · 性别 · 位置分 S 三重已控**(`#252`) | | **宽度类型 c3 —— *你把开放花在哪儿*** | ","三个数字一个都没错,但它们此前给出的精度窄了大约一半",1,0
README_zh.md,252,,226989,"| | 宽度类型 c2 | **+0.5778** | 块 | 未验 | `UNCOMPUTED` | 11 → **控制后 6,读作 4–8**(`#257`) | **勾选数 · 性别 · 位置分 S 三重已控**(`#252`) | | **宽度类型 c3 —— *你把开放花在哪儿*** | **+0.5631** | 块 | **名字已跨仪器验证**(`#258","一个由特征分解定义的成分,不能用种入强度扫描去做正对照",1,0
README_zh.md,258,,227060,"**(`#257`) | **勾选数 · 性别 · 位置分 S 三重已控**(`#252`) | | **宽度类型 c3 —— *你把开放花在哪儿*** | **+0.5631** | 块 | **名字已跨仪器验证**(`#258`:与起始仪器越轨半 +0.1815、与普通半 **−0.1086**,差 18.6×) | **+0.1286** | 21 → **控制后","c3 有名字了:不是「你有多开放」,是「你把开放花在哪儿」",1,1
README_zh.md,257,,227151,"| 块 | **名字已跨仪器验证**(`#258`:与起始仪器越轨半 +0.1815、与普通半 **−0.1086**,差 18.6×) | **+0.1286** | 21 → **控制后 19,读作 17–21**(`#257`) | 与位置分只相关 +0.2036,同时进回归两个都活;控制总类别数后差**变大**到 +0.4905 ⚠ **`#366`:这条路没有","三个数字一个都没错,但它们此前给出的精度窄了大约一半",1,0
README_zh.md,366,,227215,".6×) | **+0.1286** | 21 → **控制后 19,读作 17–21**(`#257`) | 与位置分只相关 +0.2036,同时进回归两个都活;控制总类别数后差**变大**到 +0.4905 ⚠ **`#366`:这条路没有另外两条干净。** 拿 **20** 个**非坐标**人层量做 panel(年龄 · 生理性别 · 大五全部五个 · 无力感 ·",`c3⁻` 那份羞耻不是独有的;而咬掉它的五个量说的是同一种人,1,0
README_zh.md,367,,227669,"力感 7.3%。**最大的五口方向完全一致**:更年轻 · 性经验更少 · 更不外向 · 更焦虑 · 更觉得没有主动权,合起来带着这条路上约 40% 的羞耻;**剩下的 60%,这二十个量合起来也认不出来。** ⚠ **`#367`:那 40% 是**一个**维度,不是二十个 —— 但上面那句话里有一半是修辞。** 按 `c3⁻` 对齐符号后,五个量之间 **10/10","那 40% 是**一个**维度,不是二十个;而「同一种人」里有一半是我读出来的",1,3
README_zh.md,369,,228163,"部,+3.8 sd),这是「在同一份数据上挑出来的五个」所必需的零。 ⚠ **要收回的是**:「方向一致」本身几乎不含信息 —— 20 个变量里 16 个同号,随机 5 元组全同号的频率是 **28.2%**。 ⚠ **`#369`:而这份共享沿着那条线是**均匀**的 —— 上面两个数并不矛盾。** 五分位分段没有能力这么说(MDE +0.20 对着有意义的 +0.0","换估计量,不换问题:那 92% 真的是摊在整条线上",1,0
README_zh.md,368,,228241,"号,随机 5 元组全同号的频率是 **28.2%**。 ⚠ **`#369`:而这份共享沿着那条线是**均匀**的 —— 上面两个数并不矛盾。** 五分位分段没有能力这么说(MDE +0.20 对着有意义的 +0.05,`#368`),所以换成在全部 6,609 人上的**一个交互系数**:`c3⁻ × PC1` = **−0.00042**(se 0.0120,95%","「均匀」我报不了;而我把标签写反了,又造了一个永远不会开火的判据",1,1
README_zh.md,347,,228678,"** 说成人话 —— **这条线决定的是一个人有多少羞耻,不是他的口味会不会让他羞耻。** ⚠ 作刻度而非检验(k 不同):一个**真是 `c3⁻` 加同幅噪声**的变量保留 54.8%。 ⚠ `c3⁻` 是样本内估的(`#347`),所以绝对 pp 是上界,可迁移的量是**保留比例**。 | | **rho_i** —— 你罕见的兴趣排在前还是后 | **+0.531",把口径注写进页面上那个 `+0.1185`,1,0
README_zh.md,114,,228836,"* —— 你罕见的兴趣排在前还是后 | **+0.5316** | 起始年龄(31 类别) | 不适用(块仪器没有时间) | `UNCOMPUTED` | 11/31 | 当前年龄已控(+0.0226)· 回忆偏差已控(`#114` —— **`#452` 更正这条引用,原文写的是 `#289`,而那一条讲的是按性别的测量不变性**)· 跨半保住 56% | | **`","记忆把心爱的兴趣往前拉,约 0.74 年;这是这个数据集里第一个被直接量出来的回忆偏差",1,0
README_zh.md,452,,228848,"在前还是后 | **+0.5316** | 起始年龄(31 类别) | 不适用(块仪器没有时间) | `UNCOMPUTED` | 11/31 | 当前年龄已控(+0.0226)· 回忆偏差已控(`#114` —— **`#452` 更正这条引用,原文写的是 `#289`,而那一条讲的是按性别的测量不变性**)· 跨半保住 56% | | **`form_i` —— 「","读出来的两件事,比跑出来的那一件更值钱",1,0
README_zh.md,289,,228868,"| 起始年龄(31 类别) | 不适用(块仪器没有时间) | `UNCOMPUTED` | 11/31 | 当前年龄已控(+0.0226)· 回忆偏差已控(`#114` —— **`#452` 更正这条引用,原文写的是 `#289`,而那一条讲的是按性别的测量不变性**)· 跨半保住 56% | | **`form_i` —— 「被画的东西打开」与「被写的东西打开」之间","S 不是性别,但 S 在两个人群里意味着不同的东西",1,0
README_zh.md,277,,229053,"间那份共有** | **+0.3382**(两道题) | 块(`animated`/`written` 扣掉全部六个坐标之后的残差) | **已验** —— 在不相交的起始仪器上 +0.0799,是置换展布的 3.9×(`#277`) | **+0.0454**,但它在六坐标之上的增量是 **+0.21 ± 0.13pp —— 不可分辨**(`#278`) | **27","那个东西现在可以拿在手里了,即使仍然叫不出名字",1,0
README_zh.md,278,,229115,"的残差) | **已验** —— 在不相交的起始仪器上 +0.0799,是置换展布的 3.9×(`#277`) | **+0.0454**,但它在六坐标之上的增量是 **+0.21 ± 0.13pp —— 不可分辨**(`#278`) | **27 里 9–11**(已剔除它自己的两道构成题) | 六坐标按构造已扣掉;它与 `c3⊥D` 的相关是**恒等式**不是证据(","这个项目找到的每一样东西最后都指向羞耻,除了这一个",1,0
README_zh.md,277,,229191,之上的增量是 **+0.21 ± 0.13pp —— 不可分辨**(`#278`) | **27 里 9–11**(已剔除它自己的两道构成题) | 六坐标按构造已扣掉;它与 `c3⊥D` 的相关是**恒等式**不是证据(`#277`);与 `rate⊥rho` 在不相交仪器上只共享 +0.1212 的剖面(`#283`) | ⚠ **`#316`:那是关于**增量**的,"那个东西现在可以拿在手里了,即使仍然叫不出名字",1,0
README_zh.md,283,,229235,"**27 里 9–11**(已剔除它自己的两道构成题) | 六坐标按构造已扣掉;它与 `c3⊥D` 的相关是**恒等式**不是证据(`#277`);与 `rate⊥rho` 在不相交仪器上只共享 +0.1212 的剖面(`#283`) | ⚠ **`#316`:那是关于**增量**的一句话,而更宽的读法是错的。**未正交化的 `form` 与羞耻相关 **+0.0797","同一道题,两条互不相干的路",1,0
README_zh.md,316,,229249,"已剔除它自己的两道构成题) | 六坐标按构造已扣掉;它与 `c3⊥D` 的相关是**恒等式**不是证据(`#277`);与 `rate⊥rho` 在不相交仪器上只共享 +0.1212 的剖面(`#283`) | ⚠ **`#316`:那是关于**增量**的一句话,而更宽的读法是错的。**未正交化的 `form` 与羞耻相关 **+0.0797**,而它的 Spearma","`form` 不是够不到羞耻,它是信度低",1,1
README_zh.md,375,,229397,"的 `form` 与羞耻相关 **+0.0797**,而它的 Spearman–Brown 信度只有 **0.380**(`animated`↔`written` = **+0.2345**,n = 6,478;⚠ **`#375`:本页此处此前印的是 +0.468,那是 Spearman–Brown 的**分子 `2r`**,被当成了 `r` —— SB(0.468)",没有第三个 `form` 指标;而页面上那个 `+0.468` 是 `2r`,1,1
README_zh.md,320,,229592," 而不是 0.380,而 2 × 0.2346 = 0.469。可靠性 0.380 一直是对的,配对相关不是。**),所以去衰减后是 **+0.1293**(自助 95% 区间 **[+0.088, +0.167]**,`#320`) —— 与位置分(+0.1185 [cov≥8 · scope stated])和广度型 c3(+0.1286)同量级。它扛住了答题风格的","非线性不咬人,但区间该报;纳入规则把不确定性放大近一半",1,0
README_zh.md,419,,229807,"的不是信号,而是它的**独有**部分:六坐标与答题风格都扣掉之后是 **+0.0168**,低于本设计 0.0348 的 MDE。**`form` 不是一个够不到羞耻的维度,它是一个这份问卷量得太粗的维度。** ⚠ **`#419`:这两题的方向现在查过了 —— 而**羞耻题本身**的方向也是第一次被查。** `animated`/`written` 与羞耻题都是 `L",方向是对的;而顺手确认的是整页的羞耻方向,1,0
README_zh.md,392,,229924,"这两题的方向现在查过了 —— 而**羞耻题本身**的方向也是第一次被查。** `animated`/`written` 与羞耻题都是 `LIKERT_PM3`(**对称**,−2…+2 与 −3…+3),在结构上不同于 `#392` 不得不翻转方向的那个**从不为正**的 `RATING_NEG_FIB` 尺度。用一道**措辞把方向锁死**的同族题来标定整个家族 —— ",我把整个尺度读反了;而我审计了三轮**我叫得出名字的**那个担心,1,0
README_zh.md,420,,230274," —— 被画的与写的东西唤起,与**认可的性行为数**是 **−0.076 / −0.062**,与**恋物类别数**是 **+0.095 / +0.035** —— 那是一个**实质的分裂**,不是仪器失灵。 ⚠ **`#420`:而它经得起一次正式的检验。** 控制 `S`、`c3⁻`、羞耻与年龄之后,`form` 分数对**认可的性行为计数**是 **−0.076","想要的种类更多,做过的事更少",1,0
README_zh.md,421,,230605,"反应的人,想要的**种类**更多,而做过的**事**更少 —— 而这不是口味整体上更冷门造成的,那一条已经控掉了。**  ⚠ 两个计数都是自报并各自标准化,所以只比符号与是否越阈;这个分裂是描述,不是因果主张。 ⚠ **`#421`:而本页所说的「广度」**不是一个量**。** 把实际用过的五个广度量列举出来 —— 起始类别数、恋物类别数、认可的性行为数、块覆盖数、总勾",「广度」不是一个东西;而落单的那一个正是 `form` 劈开的那一个,1,1
README_zh.md,422,,230957,"* —— 最弱的一环正是它与恋物类别数的 **+0.2615**。**所以「广度」至少是两个东西 —— 你对多少种东西有兴趣,和你实际做过多少事 —— 而上面那个 `form` 分数把这两者推向相反的方向。** ⚠ **`#422`:而这个歧义原来是**有界**的,所以修它需要的是一条定义,不是九十处标注。** 把两页都审一遍,约 **90** 处广度类措辞没有在紧邻的","分成两步的价值,不在于拖一轮,在于第一步可以改变第二步是什么",1,0
README_zh.md,423,,231151,"的量 —— **但那个落单的量出现的全部 15 处(英文 7、中文 8)**都**明确点了名**,写作 `Totalsexacts` 或「认可的性行为计数」。**所以本页一句裸的「广度」从不指性行为计数。**  ⚠ **`#423`:而把题型逐个列举一遍,找出了一个**尚未触发**的陷阱,外加一句关于人的话。** 问卷里有**两个**斐波那契编码的评分族,值集互为镜像 ","一个没被用过的变量,方向不是安全的假设,是没被检查过的假设",1,0
README_zh.md,392,,231269,"把题型逐个列举一遍,找出了一个**尚未触发**的陷阱,外加一句关于人的话。** 问卷里有**两个**斐波那契编码的评分族,值集互为镜像 —— `{0,−1,−2,−3,−5,−8}` 与 `{0,1,2,3,5,8}`。`#392` 已确定前者**−8 是最色情的一端**。用同样两个「方向由构造固定」的计数锚去标定后者,它对两个锚**都为正**(**+0.166** 与",我把整个尺度读反了;而我审计了三轮**我叫得出名字的**那个担心,1,0
README_zh.md,424,,231749,"色情关系,伴随的是更宽的性生活,不是更窄的。** ⚠ 范围:只有 **2,061** 人答了这一块(全样本的 13%,且题面措辞在身体类型上做了筛选),所以这是关于**他们**的陈述,不是关于这里每一个人的。  ⚠ **`#424`:而这份问卷里**没有一种「专精」的口味**。** 名单上最大的、从未标定的题族 —— **67** 个唤起评分,从 anal 到 span",这份问卷里没有一种「专精」的口味,1,2
README_zh.md,429,,232289,"里没有任何一种口味,它越强、一个人的性生活越窄。更重从来不等于更专精。** ⚠ 「宽」由两个**计数**定义,这是横断面,而最弱的一题弱到接近无关 —— 所以主张是**「从不为负」**,不是「什么都一起来」。  ⚠ **`#429`:而本页有一条带符号的话,靠的是一个在这里根本无法检查的方向。** 把最后一个没查过的题族列举完,发现本项目用到的**八个**有序变量方向从","两个锚是坏的,两种坏法,而都不报错",1,0
README_zh.md,481,,232734,"ig Five 隔一层继承它** —— 五个的 n、范围与步长完全一致(**15,503 · −6 至 +6 · 1**),所以是**同一条计分流水线**;但那是**关于流水线的推断,不是对每个特质的测量**。 ⚠ **`#481` 检验了它**能不能**是一次测量,而答案是不能 —— 理由值得点名。** 把本页所有方向已确立的量都放进锚集,再用**它们自己那条计分流水","让那条推断成立的东西,正是让它无法被检验的东西",1,0
README_zh.md,461,,233326,"有任何方向由构造固定的量可以给它当锚 —— 唯一的候选(一个精神疾病总计)其实是一个**只有 `Any` 一个取值的字符串**。**所以「更没有能动感」在这里是 UNVERIFIED:量还站着,那个词不站。** ⚠ **`#461` 在修正后的判据下重试了一次,结论不变,而这次带着一个数。** 当初给出那个结论的判据后来被发现是坏的(`#442`),所以这次重试用上了本","不是检验太严,是没有东西能定这个变量的哪一端是哪一端",1,0
README_zh.md,442,,233384,"字符串**。**所以「更没有能动感」在这里是 UNVERIFIED:量还站着,那个词不站。** ⚠ **`#461` 在修正后的判据下重试了一次,结论不变,而这次带着一个数。** 当初给出那个结论的判据后来被发现是坏的(`#442`),所以这次重试用上了本页**所有**方向由构造固定的量 —— 认可的性行为数、恋物类别数,以及分档的性伴数。三个方向**确已确立**的变量","卷入度在遮蔽这个关系,不是在制造它;而我的锚定判据判错了自己的正对照",1,0
README_zh.md,480,,233585,"96**、**0.247** 与 **0.146**;**而 `powerlessness` 最强只到 0.074**。**⇒ 所以不是这个检验太严 —— 是现有的任何东西都定不下这个变量的哪一端是哪一端。** ⚠ **`#480` 找到了一个「只用计数」的判据从没试过的锚,而它改变了答案 —— 隔着两级。** 先问一个更便宜的问题:它是不是那三个方向已定的量的**噪声","问一个更便宜的问题,顺手撞上一个从没试过的锚",1,0
README_zh.md,433,,234298,"* ⚠ 文献先验是比羞耻量表用的「措辞锁死同族题」**更弱**的锚,已如实标明。⚠ 以 \|r\| 形式陈述的主张 —— 例如「人格五因素全部 \|r\| ≤ 0.056」—— **对符号免疫**,不受影响。  ⚠ **`#433`:而方向一旦定下,色情使用量这个变量原来只多加了一件事。** 对着本页已有的四个结局 —— 羞耻、能不能停、治疗性、实践了多少 —— 在**","色情使用量多解释的,是羞耻,而且只有羞耻",1,0
README_zh.md,434,,234714,"它疗愈」的感觉,也不是更多地去实践。** ⚠ n = **6,715**,横断面,且原始关联自始至终都小(0.030 至 0.077)—— 这是一句关于**谁在控制之后活下来**的话,不是关于一个大效应的话。  ⚠ **`#434`:而羞耻原来是刹车,不是传递者 —— 与上一段引我写下的话正好相反。** 发现「用量只预测羞耻」之后,我写下这条链必然是「用量 → 羞耻 →","羞耻是刹车,不是传递者;而我预注册的预期也是错的",1,1
README_zh.md,435,,235004,"**+0.0611 × −0.0797 = −0.0049**,越过其置换阈 0.0018,自助 **[−0.0067, −0.0032]** 不含 0)。净值(+0.0122)比直接值小,是因为两条路彼此相反。⚠ **`#435` 撤回我最初写在这里的那个份额。** 我写「间接路抵消掉直接路的 **39.8%**」;对这个比值做自助给出 **[−3.6, +2.2]*","刹车有选择,而我上一轮发布的那个份额不可估",1,0
README_zh.md,435,,235187,"2]** —— 因为它的分母(总效应 +0.0122)几乎贴在零上,**而一个分母近零的比值不是一个估计**。**间接效应本身站得住**(它越过自己的置换阈,自身区间不含 0);**站不住的只是那个分数。**  ⚠ **`#435`:而这个刹车不是一刀切的税 —— 它有选择,而且有一个量是被反向刹的。** 把同一套三路径分解一次跑五个量,每一个的代数恒等式都保持到 2e","刹车有选择,而我上一轮发布的那个份额不可估",1,0
README_zh.md,436,,235584,"见**而不是被藏起来。**不是代数的那部分是大小** —— 而这些大小的差别超过了它们自身的重抽样展布。⚠ 五个里有两个(色情使用量、类别数)的总效应太贴近零,**份额根本不可估**,如实报出来,而不是删掉。  ⚠ **`#436`:而那个唯一指向「做得更少」的坐标,原来指的是别的东西。** `c3⁻`(广度型)是本页唯一一个通往「实践了多少」为负的坐标。把模型分成「控","扫描看不见这个性质,因为页面写的是比值,分母的区间从来不在句子里",1,0
README_zh.md,437,,235867,"42,**几乎没动**)。而通往「做得更少」那条**在这个分辨率上与羞耻分不开**:z 从 −2.82 掉到 **−2.25**,**刚好落在阈下**,而系数本身只掉了五分之一。**那是一次擦阈,不是塌掉。** ⚠ **`#437` 把它解决了,办法是去问「阈本身是不是那个限制」。** 把置换次数提高十倍,阈稳定在 **2.384**,自身自助区间 **[2.323, ","那个指向「做得更少」的坐标,原来指的是「改不了」",1,1
README_zh.md,439,,236141,"这个设计无法把它与羞耻分开**,而这现在是一句**测出来的**话,不是一句悬着的话。⚠ 这同时意味着**本页通用的那套族内阈构造在这个尺度上是稳的** —— 而相反的结果会迫使所有建立在它之上的数字重新陈述。  ⚠ **`#439`:而「觉得自己改不了」有两条路,不是一条。** 本页已经说过,塑造「我停不下来」的是**经验**而不是情绪 —— 一个人实践了多少能预测这个","他们觉得改不了,尽管唯一本该让它显得可改的那一点也为真",1,0
README_zh.md,440,,236705,"而不是「它是否承载了总量」(否);**两种读法都留在记录里**,而不是把前一个悄悄替换掉。⚠ n = 6,715,横断面,羞耻全程在模型里;族内阈在 400 与 4,000 次置换之间移动 **3.3%**。  ⚠ **`#440`:而这不是「你喜欢什么」,是「你的喜欢怎么分布」。** 广度型通往「这件事我改不了」的**直接**那条路,是本页最大的一块没有解释的东西,所","不是「你喜欢什么」,是「你的喜欢怎么分布」",1,2
README_zh.md,441,,237260,"是它把第 11 块点名成答案。改正后的杠是**最大值自己的零分布**。**两者都留在记录里。** ⚠ 抽掉前 k 块的那条曲线是**近似**,不是真正的留 k 块重拟合,作为**旁证**报出,不作为检验本身。  ⚠ **`#441` 把这句话收窄了:那个「形状」不是广度型这个对比,而且它是三个里最弱的。** `c3⁻` 是块×块残差相关矩阵的**第三**个特征向量;接下","那个「形状」不是广度型,而广度型是三个里最弱的",1,2
README_zh.md,442,,237547,"而广度型那个第三个只有 **0.036**。**⇒ 「觉得自己改不了」跟的是**领头的残差结构整体强**,不是某一个特定对比** —— 上面那句话说「与内容无关」是对的,但它留下的「广度型是承载者」的印象是错的。⚠ **`#442` 更正这一句**:第一个成分被判成锚不住,是因为它与**其中一个**方向已固定的计数相关只有 **+0.028** —— 但对**另一个**","卷入度在遮蔽这个关系,不是在制造它;而我的锚定判据判错了自己的正对照",1,0
README_zh.md,442,,237965,"38**,所以它有很大一部分可能就是**整体卷入度**而不是一个独立对比;这是一条注意事项,不是一个结果。⚠ 三个成分**各自单独锚定** —— 特征向量的符号是任意的,而本项目已经四次照着它发布过反的读法。  ⚠ **`#442`:而它不是「卷入度」换了个名字 —— 把卷入度控制掉,它反而更强。** 上一段最显然的泄气解释是:第二个成分与认可的性行为计数相关 **−0","卷入度在遮蔽这个关系,不是在制造它;而我的锚定判据判错了自己的正对照",1,0
README_zh.md,443,,238273,"* —— **没有一个塌掉,两个反而变大**,广度型那个大了 **31%**。**⇒ 卷入度是在**遮蔽**这个关系,而不是在制造它;领头的残差结构跟着的是卷入度里没有的东西。** ⚠ 我预测的是第二个成分会塌。⚠ **`#443` 给了它第一个形状:「更卷入」有两种,而它们落在不同的关于人的事实上。** 第二与第三个成分**都被同一个计数(认可的性行为数)锚定,却符号","「更卷入」有两种,而它们收的费不一样",1,2
README_zh.md,444,,238796,"一种付出的是羞耻,而且若有变化,反而把那种感觉还回来一些。** ⚠ 四个点构成一条剖面,所以**区间才是结果,点估不是**。⚠ 两个成分的符号都在**锚定后的框架**里陈述,绝不用特征分解碰巧给出的那个方向。  ⚠ **`#444`:那个让你付出「可以改」这种感觉的一半,载荷集中在体液题上 —— 而最先这么说的那个检验**不可能失败**。** 问「两半各自是什么做的」,","我的判据不可能失败,而换掉它之后结论只剩一半",1,0
README_zh.md,445,,239304," 个标准差**;而在第二半上,同样这六块**落在零里**(−1.7)。⚠ 这是**描述,不是命名**:本页已经两次把载荷排序变成构念,两次都被杀掉。⚠ 这六块的集合是**先在这份数据里被注意到,然后才被形式化的**。**`#445` 把这件事拿去检验,而它站住了**:在受访者的**二十个**独立随机半样本上**分别重估**载荷,并在每一半**自己的**置换零上评判这个差","20 次劈半,20 次都在",1,0
README_zh.md,446,,239544,"**0.158**,**即效应是半样本分辨率的 2.2 倍,复制失败本来看得见**。⚠ 这是**劈半复制,不是留出数据**:同一批受访者也在最初注意到这个图样的样本里,所以这个担心是**被削弱,不是被消除**。 ⚠ **`#446` 量了那个「二十」到底压在什么上,而答案是内容,不是坐标。** 二十条半样本载荷向量彼此吻合的中位是 **+0.86**,但它们的展布从 *","坐标是脆的那一半,内容是韧的那一半",1,0
README_zh.md,447,,239868,"*0.158**,**尽管只是刚过**。**⇒ 内容图样是两者里更结实的那个:坐标是一个有时重新长不出来的载体,****而体液那批块照样待在一起。** ⚠ 贴着分辨率,所以这只排出了两者的次序,没有把它们分开。 ⚠ **`#447` 指出这个坐标里脆的是哪一部分,而它不是那个显而易见的解释所预测的部分。** 一个坐标重估不出来,最自然的说法是:第二与第三个特征值靠得太近",换标签这个解释被它自己的符号否掉了,1,0
README_zh.md,448,,240313,"5 分位是 **77°**)。**⇒ 这一对方向里,有一个每一次都重新长得出来,另一个大约每二十个半样本里彻底失败一次** —— 这一对在它的两个方向上**并不同样结实**,而压在它上面的结论继承了这个不对称。 ⚠ **`#448`:而体液图样坐在**较难保存**的那一个上,这让它比原先**更**独立于坐标,而不是更少。** 把每一半的平面与全样本平面配对、读出每一半保","体液图样骑在较难保存的那个方向上,却照样每次都在",1,0
README_zh.md,449,,240652,"而**内容并不依赖坐标条件良好**。⚠ 我预测的是相反的。⚠ 一条必须说明的限制:二十条被恢复的方向**按构造都落在同一个二维平面里**,所以它们彼此的一致性**不是**独立重建的证据,本轮也没有把它当证据用。 ⚠ **`#449`:而直接去问内容 —— 完全不用特征向量 —— 要付掉大半个样本,而且没能定案。** 一个**纯按题面**构造的量(一个人在六个体液块里的勾","绕开坐标要付掉三分之二的样本,而那道杠在剩下的人身上不具特异性",1,0
README_zh.md,450,,241047,"的杠上** —— **所以这被记成未决,而不是一个阴性结果。** ⚠ 真正有用的是那道样本量的算术:**那个坐标不是把简单问题装饰复杂了 ——****它正是让分析留住那三分之二从没答过这些块的受访者的东西。** ⚠ **`#450` 把那一臂的杠修好了,而答案随「问哪个零」翻转 —— 这正是要点。** 同一个观测 **0.0497**,越过了**打乱人**建起来的杠(*","同一个数,两个零,相反的判决",1,0
README_zh.md,451,,241406,"n = 2,490 上,**随便哪六块都行**。⚠ 这**不触及**上面那条载荷结果:那一条从一开始就是对着**块标签零**检验的,在全样本上到 **4.3 个标准差**、**20 次复制里 20 次都在**。 ⚠ **`#451` 第一次把本页最强的两条弧接上了:早来的东西,更像是定死的。** 一条弧说:**来得越早,越羞耻**;另一条(最近这几轮建起来的)说:一个人","早来的东西,更像是定死的",1,2
README_zh.md,452,,241822,"— 证明这台仪器量的是对的东西。**⇒ 「这件事我改不了」这种感觉,有一部分是关于**它什么时候来的** ——****越早出现的东西,一个人越觉得自己搬不动它。** ⚠ 起始年龄是**回忆**出来的,不是记录下来的。**`#452` 检查了它能不能造出这个结果,而答案是不能 —— 理由来自本项目自己那次回忆偏差测量的构造。** 这份数据里真正被量出来的偏差(`#114`","读出来的两件事,比跑出来的那一件更值钱",1,0
README_zh.md,114,,241892,"越觉得自己搬不动它。** ⚠ 起始年龄是**回忆**出来的,不是记录下来的。**`#452` 检查了它能不能造出这个结果,而答案是不能 —— 理由来自本项目自己那次回忆偏差测量的构造。** 这份数据里真正被量出来的偏差(`#114`:人把自己评分更高的类别报告得更早)是**先减掉每个人整体早熟度之后**才定义的 —— 而那个整体早熟度与这里用的平均起始年龄相关 **+0","记忆把心爱的兴趣往前拉,约 0.74 年;这是这个数据集里第一个被直接量出来的回忆偏差",1,0
README_zh.md,454,,242180,"那个真正的控制** —— 系数从 **+0.050** 变成 **+0.048**,**保留 95%**。⚠ 这个分离不是彻底的:扣掉早熟度之后的人内倾斜,仍与平均起始年龄相关 **+0.27**。⚠ 横断面。 ⚠ **`#454`:而它是一条**斜坡**,不是一道**坎**。** 按本页**已有**的四个起始分层切开 —— 中位起始 **12.5 / 14.7 / 1","是一条斜坡,不是一道坎",1,0
README_zh.md,455,,242652,"的感觉。** ⚠ 四个分层下,完美排序已是能拿到的最强结果,它自己的下限是 p ≈ 0.042,所以这个排序检验**贴着分辨率**;**真正的实质是那条斜坡本身**。⚠ 切点是**页面自己的**,不是本轮挑的。 ⚠ **`#455`:而羞耻走的是同一条梯度的镜像** —— **`#456` 撤回「这意味着同一个前因」这个读法。** 在**完全相同**的四个分层、**完全","一个前因,两条镜像的梯度",1,0
README_zh.md,456,,242681,",它自己的下限是 p ≈ 0.042,所以这个排序检验**贴着分辨率**;**真正的实质是那条斜坡本身**。⚠ 切点是**页面自己的**,不是本轮挑的。 ⚠ **`#455`:而羞耻走的是同一条梯度的镜像** —— **`#456` 撤回「这意味着同一个前因」这个读法。** 在**完全相同**的四个分层、**完全相同**的控制集下,调整后的羞耻逐层为 **+0.073 ","检验通过了,而通过得太轻松,所以它撑不起我原来那句话",1,0
README_zh.md,456,,243196,"⚠ 四个分层下,**双侧**的排序检验根本点不着 —— 完美排序在 24 种随机排列里出现 2 次,所以 \|rho\| 的 95 分位就是 1。这正是方向必须**事先**给定的原因,而它同样限定上面那一段。  ⚠ **`#456`:两个后果彼此毫无关系,而说「同一个前因」是读进了它撑不住的东西。** 握住羞耻、重跑「能不能改」的梯度,陡度从 **+0.128** 变成","检验通过了,而通过得太轻松,所以它撑不起我原来那句话",1,0
README_zh.md,457,,243649,"与本页从另一个方向早已得到的结论吻合:**羞耻改变人做什么,不改变人相信自己能不能停下来。** ⚠ 所以「何时」是**一个事实带着两个互不相关的后果**,不是**一个机制的两张脸**,而本轮分不出世界是哪一种。 ⚠ **`#457` 把这条注意事项变成了一个可以在检验**跑之前**就算出来的数。** 控制一个结局最多能把另一个的系数移动多远,由**三个相关系数**完全决","一个中介能不能出信息,三个相关系数就够了,不必跑那一轮",1,0
README_zh.md,458,,243917,"个计算说页面上那条色情使用量的中介**确实有空间**,所以这不是一条拒绝一切的规则。**一个上界只有百分之零点几的中介检验不可能失败 ——****而这件事现在是在跑之前被检出来的,不是跑完之后被注意到的。**  ⚠ **`#458`:而这两条路确实分得开 —— 页面上六个量里,有三个只碰其中一个。** 把本页**已有的**六个人层量同时对两个结局跑一遍,族内阈 **0.","你被什么吸引、你用多少色情内容,走到羞耻就停住了",1,0
README_zh.md,459,,244327,"自己的东西感到羞耻,与觉得那件事搬不动,不是同一种状态的两种读法:****你被什么吸引、以及你用多少色情内容,走到羞耻就停住了。** ⚠ **答题类别数**看起来是最弱的一环 —— 它衡量的是一个人走过了问卷的多少。**`#459` 检验了这一点,而「答题量」这个读法不成立。** 本页列举过的五个卷入量里,**只有两个**推动「能不能改」:起始类别数(**−0.035*","不是「答得多」,是「进过多少个不同领域」",1,0
README_zh.md,460,,244634,".031**)—— **一个都没越过**共同的阈 **0.034**。**⇒ 所以不是「答得多的人觉得更能改」:单纯勾了多少项,什么也不说。****跟着它走的是**一个人到底踏进过多少个彼此分开的领域**。** ⚠ **`#460` 接着把答题行为拿去和它自己对分,而那个假象读法没有活下来。** 两个量由**同样的两个数**构造出来:**进得广**(一个人踏进过多少个彼",把答题行为拿去和它自己对分,1,0
README_zh.md,463,,244974,"*+0.004** 与 **−0.023**,阈 **0.030**)。**⇒ 所以跟着「觉得自己能改」走的,不是一个人答了多少,****而是他到底踏进过多少块彼此分开的地界;每一块填得多满,什么也不说。**  ⚠ **`#463`:而残差结构的两个领头成分各落在一条路上 —— 这是第一次能把分岔的两边都点名。** 把第一个成分(**定向为「恋物类别越多」**,即上面那","两个领头成分各落在一条路上,分岔的两边第一次都能点名",1,0
README_zh.md,464,,245357,"的地方。** ⚠ 在这个模型里,答题类别数**刚好落到阈下**(**−0.031**),而在**不含**第一个成分的模型里它是过阈的 —— **两个模型不可比,前一条结论被限定在它自己的模型里,不是被撤回。** ⚠ **`#464` 更正贴在第一个成分上的**名字**,方向不变。** 把本页所有可数量对三个成分都试一遍:第一个成分的四个锚**全部同号**,所以它的定向站","我 NEXT 里的前提是反的,而查它顺手改了页面上一个名字",1,0
README_zh.md,465,,245779,"被我设想成「没有可数对应物」的那一个,而它恰恰拥有**三个里最强**的(与认可的性行为计数 **0.460**)。**⇒ 所以给它命名的五次失败,不是因为缺一个外部相关物** —— 无论原因是什么,都不是这个。 ⚠ **`#465` 把「一个名字必须扛住什么」收窄了一步。** 把那个最强的相关物 —— 认可的性行为计数 —— 整个从广度型坐标里扣掉:它占这个坐标方差的 ","把最强的那个可数相关物整个抽走,链子还剩八分之七",1,0
README_zh.md,466,,246068,"关,但**不是**它:****把「认可多少种性行为」抽走,通向羞耻的那条链子还剩八分之七。** ⚠ 这意味着那个未命名的东西**不是那个计数换了件衣服**,而任何一个给它的名字,都必须**扛得住同一次减法**。 ⚠ **`#466` 把所有可数量一次性全部扣掉,出来两件事。** 本页那六个计数**联合**只解释广度型坐标的 **31%** —— 单看最强的那个是 21%","谴责压得住的地方它跟着稀有度,压不住的地方它脱钩",1,0
README_zh.md,469,,246463,".031**),而**原样构造的坐标并没有**。所以「各走一条路」那种干净的分离,是**这个坐标按它被构造出来的样子**的性质,不是它去掉计数之后的内核的性质 —— **是那些计数在扛着「能不能改」那一侧**。 ⚠ **`#469`:而本页所依赖的「稀有 ↔ 羞耻」这条联系,在**少有人踏进的领域**里强了一倍。** 这个仓库里另有一条线,单位是 **186 个社会**","被罕见的东西吸引,在几乎没人去的地方更贵",1,0
README_zh.md,470,,247054,"平均的勾选项越少,稀有度分越吵,而那会**压低**它的斜率 —— **所以这里发现的方向是保守的那一侧**。⚠ 这是关于**这份问卷人群**的人层证据;它可以与一个社会层主张一致或不一致,**但不能代替它**。 ⚠ **`#470` 把这里稳的与不稳的分开钉住。** 对上一段最显然的反驳是:切点右移时,「罕见」组也从十一块涨到二十一块 —— **所以那个趋势可能是组大小","方向在十种设定里活了九种,大小估不到比四倍更细",1,0
README_zh.md,471,,247373,"77**,五个区间里有三个不含零。**⇒ 所以方向在试过的每一种设定下都活着 —— 两次扫描合计十种里有九种为正 —— 而大小估不到比「四倍」更细。** k = 12 处的那个塌陷(**+0.020**)是噪声,而 **`#471` 把它坐实而不是留着**:在 k = 12 上逐个抽掉二十四块中的每一块,差最多移动 **0.031**,而由「最大移动」在重抽样下建起来的","塌陷是噪声,而这一问到此为止(第三轮,按规矩换方向)",1,0
README_zh.md,472,,247656,"于结论」的论证现在是**测出来的**,不是断言:在块数相等时,罕见组每人每块仍只有 **5.7–6.5** 项,常见组是 **6.8–8.0** —— **所以罕见组的分数更吵,而噪声是压低它、不是抬高它。** ⚠ **`#472`:而这件事只发生在羞耻上,别处没有。** 把**完全相同**的设计 —— 同一批块、同一种分组、同一套等块数扫描、同一批人 —— 换成另一个",人烟稀少的角落只对羞耻起作用,1,0
README_zh.md,473,,248036,"味在地图上人烟稀少的角落里更让人羞耻」这件事,是专属于羞耻的 ——****同样那些角落,对一个人是否觉得那件事还能动,什么也不做。** ⚠ 两臂其余系数与本页别处一致;**分离的只是「领域之间的差」这一项**。 ⚠ **`#473`:而同一个问题**不能**照样问另一条路 —— 这是设计的边界,不是一个结果。** 改问卷入广度那个坐标 —— 用人烟稀少的块建一次、用人烟","门开了,而参照臂说门开错了地方",1,0
README_zh.md,474,,248396,"**把块劈开,稀有度还是原来的稀有度 —— 因为稀有度是在块**内**定义的 —— 而一个坐标不再是原来的坐标。** 上面那条结论不受影响;**关于另一条路的同类问题在这种设计下问不出来,本页也不声称答案。** ⚠ **`#474`:而在几乎每个人都会进的那少数几个领域里,本页赖以建立的那条关系不见了。** 只在**常见组内部**估「稀有度 → 羞耻」的斜率,对着一个*","一次扫描可信,当且仅当它的候选集小到可以整批手读",1,0
README_zh.md,475,,248873,"零(那里 n = 1,435),**所以本页不主张「反转」** —— 已确立的是:**那一端没有那条正向关系,而别处都有。** ⚠ 对照正常:同一台仪器、同一批人,在罕见组的四个宽度上都找到了那个已知的正效应。 ⚠ **`#475`:另有一条关于**本页错误画像**的说明,而它是量出来的,不是谦辞。** 这一段工作里有**七条**预注册的阈被写错了。**每一条都在写下它","在几乎人人都去的那几个领域里,本页赖以建立的那条关系不见了",1,0
README_zh.md,476,,249299," 七条里,六条 kill 阈中有**五条**偏向通过。**从本轮起,一个**通过了**的阈会被要求说明「什么样的结果会让它失败」** —— 这正是「一个零必须报出它的分辨率」的镜像,而本项目此前只问过其中一半。 ⚠ **`#476` 是第一条被它过一遍的主张,而它现在带着自己的底。** 对常见领域里那条正斜率做了**种植**:把一个已知大小的效应从结局里减去,阶梯是 *","五比二,不是七比零;而两个例外落在不同的门类上",1,0
README_zh.md,479,,249727,"报出一个真的反转**,真实关系得被推过 **−0.10**,比这里试过的任何一格都远。**⇒ 所以「在地图那一端读出一个负号」这件事,即便为真,这个设计也支撑不起来** —— 这正是前面那一段不去主张它的原因。 ⚠ **`#479`:而地图那一端对每个人都是一样的 —— 它不是两种人的平均数。** 对一个近乎为零的结果,最显然的救法是:两群人付相反的代价,在平均里抵消掉",那一端不是两种人的平均数,1,0
README_zh.md,375,,250965,"关 +0.62 ~ +0.86 —— 而**认可的性行为计数在被指涉时总是被点名**。**  ⚠ 那个 90 是**上界**:用「±120 字窗口内是否出现具体量名」来判「已点名」是一个代理,它会**多算**。 ⚠ **`#375`:而且没有第三个指标可以用来修它。** 93 个数值型人层候选里,`form` 残差最大的相关是 **`biomale`(\|r\| = 0",没有第三个 `form` 指标;而页面上那个 `+0.468` 是 `2r`,1,1
README_zh.md,325,,251250,"w}) —— 该判据在合成的平行第三题上**开火**(α₃ 0.704),在噪声上**沉默**(0.179)。**所以「量得太粗」是最终结论,不是一条待办**;而这个残差有很大一块是性别的,与紧接着那处分歧一致。⚠ **`#325`:而两个指标带得并不一样多** —— `animated` ↔ 羞耻 **+0.0985**,`written` ↔ 羞耻 **+0.051","那个 −0.2075 是 `written` 的,不是 `form` 的",1,1
README_zh.md,285,,251717,"找到的**; 承载这个项目最老、被引用最多那条主张的位置分(0.432),是仍然站着的里面**最不可靠**的一个 `[#251]`。 ---  > ⚠ **这张表建在合并样本上,而六个坐标在两个性别里不是同一个东西**(`#285` `#286`)。在两组里**各自独立**重建(n = 3,232 / 3,485):块层载荷子空间在**按性别劈**下复现 **0.769","这六个坐标在男性和女性身上,不是完全同一套",1,0
README_zh.md,286,,251724,"承载这个项目最老、被引用最多那条主张的位置分(0.432),是仍然站着的里面**最不可靠**的一个 `[#251]`。 ---  > ⚠ **这张表建在合并样本上,而六个坐标在两个性别里不是同一个东西**(`#285` `#286`)。在两组里**各自独立**重建(n = 3,232 / 3,485):块层载荷子空间在**按性别劈**下复现 **0.7695**,而在*","它们不是「人的坐标」,至少不是同一套坐标",1,0
README_zh.md,288,,252201,".2% vs 0.6%**、`animated` **6.4% vs 8.9%**。⚠ 这**不**是说哪一列错了 —— 每一列都控制过性别;它说的是**这张表是一个平均,而那个平均掩盖了一个可分辨的分歧。** ⚠ **`#288`:剔掉每一道提到 male/female/gender 的题,这个差**减半但不消失** —— 在 24 道非性别指涉结局上是 **−0.1","不是几道题的问题,是整套结构的问题",1,0
README_zh.md,293,,252450,"性来自几道带性别的题,另一半不是。**⚠ 性别指涉子集本身只有 5 个结局 —— 点太少算不出相关,所以它是 `UNCOMPUTED` 而不是零,而那个「一半」是一个**减法推断**(`D5`),不是直接测量。 ⚠ **`#293`–`#294`:两组眼里什么算冷门,本身就不一样。**稀有度向量 `rar = −log(选项流行度)` 在**合并样本**上算一次给每个人","他们眼里什么算冷门,本身就不一样",1,1
README_zh.md,294,,252457,"别的题,另一半不是。**⚠ 性别指涉子集本身只有 5 个结局 —— 点太少算不出相关,所以它是 `UNCOMPUTED` 而不是零,而那个「一半」是一个**减法推断**(`D5`),不是直接测量。 ⚠ **`#293`–`#294`:两组眼里什么算冷门,本身就不一样。**稀有度向量 `rar = −log(选项流行度)` 在**合并样本**上算一次给每个人用;块内流行度","换成组内的尺子,差一点没动",1,0
README_zh.md,296,,252757,"2061 变成 **−0.2270**(**保留 110.2%**),`SEX × S` 交互扫描在 g=0 处平坦。**两件事都为真,而其中一件不是另一件的原因** —— 差别不在尺子上,在被量的那个东西上。 ⚠ **`#296`:结局侧还没被控制住。**联合 R² 曲线的组间差也可以来自**结局自己**(全距受限、答题风格);把答题风格参考曲线偏出后差保留 **84","看上去是十轮站住了,但正对照说这句不能说",1,0
README_zh.md,381,,252954,"臂的正对照 FAIL** —— 给一组的 6 个结局加噪,偏出反而让人为差**更大**(收回 **−18.5%**),所以按 UNVERIFIED 记,不是确认。**这里的性别非不变性按 D5 报,不是 D6。 ⚠ **`#381`:而它**定位不到**位置分 `S` 上 —— 不是因为它不在那儿,是因为这份数据问不了。** 把羞耻在组内做秩变换后,`S` 的斜率差是 ",合成正对照会让我报出这个零;真实数据上的正对照拦住了它,1,0
README_zh.md,380,,253075,"定位不到**位置分 `S` 上 —— 不是因为它不在那儿,是因为这份数据问不了。** 把羞耻在组内做秩变换后,`S` 的斜率差是 +0.033(|t| 1.16),对着族内阈 2.38;**但在同一个模型、同一次运行里,`#380` 已确认真有差的 `EARLY` 也只有 |t| 1.73,同样不过。** 一个测不到它已知拥有的差的仪器,它的沉默什么也不说 —— 所以按","性兴趣来得早,在非生理男的人身上带来的羞耻大约是两倍(独立确认,五门全过)",1,0
README_zh.md,414,,253327,"让我报「`S` 没有两性差」,是**真实数据上的参照**拦住了它。**要判 `S` 需要宽口径的功率,而 `S` 的定义需要 ≥8 个块 —— 两个要求互相排斥。** 所以这是一堵被命名的墙,不是一件没做的事。 ⚠ **`#414`:而还有**第二堵墙**,种类不同 —— **类别层的分母到 31 就到顶了**。** 起始仪器恰好有 31 个类别,所以任何**类别层**",类别层有一堵结构性的墙:31 个类别就是整个仪器,1,0
README_zh.md,298,,253757,"1 与 0.756,最早的两个是 0.370 与 0.467 —— 读起来像一条清楚的正相关,而 31 个点上的实际相关是 **+0.074**。**一个 31 点排序的两端,是它的噪声,不是它的形状。**** ⚠ **`#298`–`#299`:这两种读法在这份数据上分不开。**把稀有度改在此人自己的参照群体内(性别×年龄)重算,可以分开「内容污名」与「跟像我这样的人","羞耻跟的是东西本身冷门,不是「我跟身边的人不一样」",1,0
README_zh.md,299,,253764,"56,最早的两个是 0.370 与 0.467 —— 读起来像一条清楚的正相关,而 31 个点上的实际相关是 **+0.074**。**一个 31 点排序的两端,是它的噪声,不是它的形状。**** ⚠ **`#298`–`#299`:这两种读法在这份数据上分不开。**把稀有度改在此人自己的参照群体内(性别×年龄)重算,可以分开「内容污名」与「跟像我这样的人不一样」——但","可分性提高了,而差没有;`#298a` 的方向性读法不过规格曲线",1,0
README_zh.md,304,,254092,"*差却停在 +0.0113,而这个设计能测到 +0.0918**,并且符号在四格中的一格翻转。**先前「只有内容带羞耻」的读法成立于全部选项的口径 —— 那正是两种定义九成是同一个量的地方,它不过这张网格。** ⚠ **`#304`:而这两条路不是同样结实的两个东西。**把受访者随机劈半十二次、各自独立估方向:`c3` 在两半之间指向彼此 **|cos| = 0.796","`c3` 是一条真的轴,但比 `S` 软得多",1,0
README_zh.md,308,,254352,"57,三维子空间 0.852,而 **`S` 背后的结构重现到 0.997**。换选项劈分种子只让 c3 这个数动 0.039。⚠ 半样本的 |cos| **低估**了发布版(n=6,717)那个估计的稳定性。 ⚠ **`#308`:而在同一个人身上,两条路是**相加**的。**按中位切开,羞耻均值是**0.383**(两条都低)· **0.700**(只是口味冷门)·","羞耻的两条路在同一个人身上是**相加**,而这是一个有功效的零",1,1
README_zh.md,311,,254713,"了控制勾选数与分性别(−0.024 … −0.008)。**这是一个有功效的零,不是证据的缺席。** ⚠ ** 这个交互零带着它自己的分辨率:**MDE = 0.038**,而有意义的交互约 0.05(主效应的一半)。 `#311`:而且什么也挡不住它。**年龄、开放性、非一夫一妻的关系风格、性开放的成长环境 ——对全部八个(路径 × 调节变量)交互项的联合检验给出 R","四个「本该缓冲」的变量合起来也没有在缓冲,而这次有功效",1,0
README_zh.md,384,,254972,"的三个上抓到 **10%** 的植入缓冲(开放性是 30%),而它取代的单系数检验的 MDE 是 **54.8%**。**这是一个有功效的零**:如果这四样里有任何一样能把羞耻系数削掉哪怕一成,这个设计会看见。 ⚠ **`#384`:而羞耻改变的是一个人**做了什么**,不是他**相信什么**。** 问卷里两题正好切开这件事:「如果非常努力,你能停止被它唤起吗」(*Im","羞耻改变的是你**做了什么**,不是你**相信什么**",1,2
README_zh.md,385,,255347,秩变换版同号 +0.0144)。**两个预注册的读法同时死掉**:羞耻作为被动员的控制(预测正号)与羞耻作为认命(预测负号)。 ⚠ 方向不可识别 —— 「羞耻压住了行动」与「做过了所以不那么羞耻」都合这个相关。 ⚠ **`#385`:不过有一个候选解释可以去掉 —— 它不是「性兴趣什么时候到的」造出来的。** 按起始年龄四分层(中位 12.5 / 14.7 / 16.7,"12 岁到的还是 20 岁到的,「越羞耻越少去碰」都一样成立",1,0
README_zh.md,386,,255713,"耻直接相关(−0.102),排除性限制不成立,这里没有任何东西是因果的 —— 只是少了一个对手解释。 ⚠ 按一个与羞耻相关的变量分层会压窄层内羞耻的方差,所以只比符号与是否越阈,不拿去与 −0.083 比大小。 ⚠ **`#386`:而对手机制留下了它自己的痕迹 —— 但那痕迹属于**经历**,不属于**羞耻**。** 若「做过了所以不那么羞耻」成立,机制是**试过了、","让一个人觉得「这改不掉」的,是他做过什么,不是他有多羞耻",1,0
README_zh.md,384,,255955,"0.0387**(se 0.0122;秩变换版 −0.0399),越过「在分析掩码内打乱实践量」给出的阈 0.0246 达 **−2.97 sd**。**而羞耻本身完全不预测这个判断**(+0.0135,一个有功率的零,`#384`)。 ⚠ 强度不宽裕:设计的 MDE 是 0.05,**恰好等于**有意义的幅度,且**高于**实测的 0.039 —— 同样大小的效应约四","羞耻改变的是你**做了什么**,不是你**相信什么**",1,0
README_zh.md,387,,256107,"义的幅度,且**高于**实测的 0.039 —— 同样大小的效应约四分之一的重复会漏掉:**方向可报,强度不可报**。 ⚠ 仍不是因果:实践与信念同时测量,本轮只说**那条机制预测的痕迹在不在**,不说谁在前。 ⚠ **`#387`:而最显然的下一个检验是**空的**,并且是被**代数**关掉的,不是被功率。** 在羞耻→信念的回归里控制实践量,羞耻的系数移动 **−0","我自己刚注册的分离器,是一个恒等式",1,0
README_zh.md,388,,256363,"**它不可能是别的值**,所以它不携带任何关于世界的信息。**这个区分决定下一步做什么:功率不足可以靠加数据救回来,代数上空的永远不能。** 这条链的方向在这些测量上**不可识别**,而且任何样本量都改变不了。 ⚠ **`#388`:而真正预测这个信念的,是「普通的东西对你也有用」。** 把 112 个数值型人层量对着信念的残差(已去掉实践量、`S`、`c3⁻`、类别数","觉得「我能改」的人,是那些同时也被普通的东西打动的人",1,0
README_zh.md,392,,256598,"19;而头几名是同一个家族 —— 说荤话、常规性行为、口交 —— 五题平均得 **+0.1159**,单变量零 0.0219。**整体稀有度 `S` 已在控制项里**,所以这是**超出**口味有多冷门之外的残差:⚠ **`#392` 把这整条注记的方向翻了过来 —— 连同 `#390` 与 `#391`。** 这五题是 `RATING_NEG_FIB` 的**全部**(",我把整个尺度读反了;而我审计了三轮**我叫得出名字的**那个担心,1,0
README_zh.md,390,,256625,"口交 —— 五题平均得 **+0.1159**,单变量零 0.0219。**整体稀有度 `S` 已在控制项里**,所以这是**超出**口味有多冷门之外的残差:⚠ **`#392` 把这整条注记的方向翻了过来 —— 连同 `#390` 与 `#391`。** 这五题是 `RATING_NEG_FIB` 的**全部**(全问卷恰好五个),而它们的取值只跑遍 {0, −1, ","强度赢,广度塌;而复位的检验是预注册的",1,0
README_zh.md,391,,256634,"均得 **+0.1159**,单变量零 0.0219。**整体稀有度 `S` 已在控制项里**,所以这是**超出**口味有多冷门之外的残差:⚠ **`#392` 把这整条注记的方向翻了过来 —— 连同 `#390` 与 `#391`。** 这五题是 `RATING_NEG_FIB` 的**全部**(全问卷恰好五个),而它们的取值只跑遍 {0, −1, −2, −3, −","是一个家族:五题各自成立,去掉任何一题都还在",1,0
README_zh.md,389,,257200,"通的人觉得能改,是那些**同时也**被普通的东西打动的人觉得能改。**~~ ⚠ 这个家族是**看过头名之后**定义的;预注册的量是「最大值」,它自己过了,而家族分数是对那些头名的**描述**,不是一次独立检验。 ⚠ **`#389`:而那个描述没能站住 —— 换成问卷自己的块结构来定义,它**变号**。** 改用 `#327` 定出的 `c3` 普通端两块(`sex a",复制失败且**变号**;`#388a` 的家族读法退回,1,1
README_zh.md,327,,257248,"过头名之后**定义的;预注册的量是「最大值」,它自己过了,而家族分数是对那些头名的**描述**,不是一次独立检验。 ⚠ **`#389`:而那个描述没能站住 —— 换成问卷自己的块结构来定义,它**变号**。** 改用 `#327` 定出的 `c3` 普通端两块(`sex acts` · `sensations`)而不是我手挑的五题,相关是 **−0.0259**,对着","`c3` 的块载荷,与 `#303` 在另一件仪器上的分界重合",1,0
README_zh.md,395,,257520,"赖那次选择,保留。 ⚠ 两种定义不是同一个构念 —— 手挑的题量的是常规行为**有多色**,块版本数的是**勾了多少项**(与总勾选相关 +0.34)—— **但那是这次复制的限制,不是把结论救回来的理由。** ⚠ **`#395`:而同一个分数也预测羞耻 —— 它是两件**彼此无关**的事的共同前项。** 方向订正之后,五题分数预测羞耻:原始 **+0.0827**,","同一个分数,同时带来更多羞耻和更强的「我能停下来」",1,0
README_zh.md,384,,257735,"*(se 0.0126),越过置换阈 0.0247 达 **+5.10 sd**。所以普通的东西对一个人越不起作用,他**越**羞耻;而同一个分数又独立地预测「我停得下来」这个信念,但**羞耻与那个信念彼此并不相关**(`#384`)。 ⚠ 这里 MDE 0.05 恰等于有意义的幅度,所以强度不宽裕。 ⚠ **`#396`:而一整类后续检验被**代数**关掉了。** 加","羞耻改变的是你**做了什么**,不是你**相信什么**",1,0
README_zh.md,396,,257781,"东西对一个人越不起作用,他**越**羞耻;而同一个分数又独立地预测「我停得下来」这个信念,但**羞耻与那个信念彼此并不相关**(`#384`)。 ⚠ 这里 MDE 0.05 恰等于有意义的幅度,所以强度不宽裕。 ⚠ **`#396`:而一整类后续检验被**代数**关掉了。** 加一个控制 M、读 X 的系数往哪走,只要 `X→M` 与 `M→Y|X` **都已经估过**","「加一个控制,看系数往哪走」是一整类空的分离器",1,1
README_zh.md,397,,258050,"时,它才是一个检验。** 这是本页第二次遇到它,而它之所以一再被提出,是因为它**读起来**像一个中介分析 —— 但中介分析的信息量来自「无未测混淆」这个**假设**,不来自那个算术;把假设拿掉,就只剩恒等式。 ⚠ **`#397`:而那个五题分数原来是**第四条**羞耻路径,与 `c3⁻` 各自独立。** 两者只相关 **+0.2395**,同时进模型时**都活下来*","「我口味偏」和「普通的东西对我没用」是两回事,各自带来羞耻",1,0
README_zh.md,398,,258410," ⚠ `c3⁻` 是特征向量、符号任意,用前已对着羞耻定向(+0.127)。 ⚠ 值得一提:这条路是从**另一扇门**进来的 —— 它是在扫**「能不能改」**那道题的残差时被撞见的,不是在找羞耻路径时找到的。 ⚠ **`#398`–`#399`:换第三个结局去扫 —— 「参与/幻想那些唤起我的东西对我是疗愈的」—— 又找到两条,而它们**不是一个构念**。** 那道题","「治疗性」不是羞耻取反;而最像它的那个人,是能被对方带动的人",1,0
README_zh.md,399,,258417,"` 是特征向量、符号任意,用前已对着羞耻定向(+0.127)。 ⚠ 值得一提:这条路是从**另一扇门**进来的 —— 它是在扫**「能不能改」**那道题的残差时被撞见的,不是在找羞耻路径时找到的。 ⚠ **`#398`–`#399`:换第三个结局去扫 —— 「参与/幻想那些唤起我的东西对我是疗愈的」—— 又找到两条,而它们**不是一个构念**。** 那道题不是羞耻取反:","门检验的是断言,不是我给断言起的名字",1,0
README_zh.md,401,,258843,"们几乎相反的内容一致(**吸收**对方的兴奋 vs **不需要**对方的兴奋)。**所以这是两件各自预测同一结局的不同的事,不是一个构念的两个指标。**  ⚠ 扫描是发现不是检验;两条都只在这份数据内部复制过。 ⚠ **`#401`:而羞耻与疗愈**不是同一条轴的两端** —— 有 1,790 个人两样都报。** 在全部 15,501 名作答者上,两者的线性相关是 **","既深深羞耻、又觉得这件事在治愈自己的人,有 1,790 个",1,0
README_zh.md,402,,259191,"然预期**还要多一点**。 ⚠ 这次比较**刻意不控制任何东西**:问的是这些人存不存在,而控制会把一群人变成一个残差。 ⚠ 同源方差会把相关往「一条轴」的方向抬,所以这个近乎为零的读数方向上是**保守**的。 ⚠ **`#402`:而他们**不是**羞耻者里随机的一群 —— 他们有形状。** 把「都高」(坐标的块覆盖规则生效后 n = **815**)与「只羞耻」(n","他们不是没有偏离,是**两边都有**",1,0
README_zh.md,415,,259563,"的东西对他们更色,而他们的兴趣来得更早。**  ⚠ 值得注意的是,`c3⁻` —— 本页最大的那条羞耻路径 —— **分不开**他们(\|t\| 1.19)**—— 但把它当成关于 `c3⁻` 的证据之前,请先读下面的 `#415`:这一刀的两格**羞耻都高**,`c3⁻` 没有变化的空间,而在另一刀上它是 5.15**。沿**这一刀**区分他们的不是**他们想要什么*",两把刀切出两组几乎不重叠的量,1,0
README_zh.md,415,,259700," 没有变化的空间,而在另一刀上它是 5.15**。沿**这一刀**区分他们的不是**他们想要什么**,而是**他们同时也拥有普通的那一半**。 ⚠ 两格都在高羞耻那一侧,所以这里没有任何东西在测羞耻本身的差异。 ⚠ **`#415`:另一刀 —— 「都高」(815)对「只疗愈」(1,046)—— 隔离的是**羞耻**那一维,而它挑出的量与前一刀**几乎不重叠**。** ",两把刀切出两组几乎不重叠的量,1,0
README_zh.md,416,,260114,"给上面那句话加了限定:`c3⁻` 在前一刀上分不开他们,**不是**它与这些人无关的证据 —— 那一刀的两格**羞耻都高**,`c3⁻` 本来就没有变化的空间。**一把刀给出的零,只是沿着那把刀的方向的零。** ⚠ **`#416`:而把**四个格子**都用上之后,两个维度原来是**相加**的。** 第三把刀(只羞耻 vs 只疗愈)**完全不携带新信息** —— 它按构",第三把刀是空的;而真正的交互说:两维是相加的,1,0
README_zh.md,417,,260496,"着有意义的 0.20。**没有哪个量专门属于「两样都强」那一格。** 所以那 1,790 人所具有的形状,**就是两个维度各自形状的和**,没有多出来的东西 —— 这与更早那条「『两边都有』不是一个构念」一致。 ⚠ **`#417`–`#418`:而第四格 —— 两样都低的那 1,662 人 —— **并不是**「哪儿都更淡」。** 它非常有特点:位置分 `S` 相差 ","判据测了它测的东西,而那不是我给它起的名字(第二次)",1,0
README_zh.md,418,,260503,".20。**没有哪个量专门属于「两样都强」那一格。** 所以那 1,790 人所具有的形状,**就是两个维度各自形状的和**,没有多出来的东西 —— 这与更早那条「『两边都有』不是一个构念」一致。 ⚠ **`#417`–`#418`:而第四格 —— 两样都低的那 1,662 人 —— **并不是**「哪儿都更淡」。** 它非常有特点:位置分 `S` 相差 **d = −",「不羞耻也不疗愈」不是「什么都淡」,1,0
README_zh.md,403,,260909," 6。** MDE 0.05 sd 对着有意义的 0.20,这是一个**有功率**的零。**所以「两样都低」是一个具体的位置,不是一次普遍的变暗**:口味明显更普通、兴趣来得更晚,但**并不是每一样都更少**。 ⚠ **`#403`:而「两边都有」表现得像**一件事**,不是两件。** 合成 `z(S) − z(五题)` 后,它把两格分开到 **d = +0.399、\",「两边都有」是一件事,1,1
README_zh.md,404,,261179,"注册的门槛:两个**已经各自显著**的量合起来,越过普通阈值本来就是被构造保证的。两种构造,同一个判决。 ⚠ 这仍是同一份数据、同一对格子,所以**不是复制**;而「合起来更强」也不等于**存在一个潜变量**。 ⚠ **`#404`:而一检验,它也没有变成潜变量。** 把这个组合与它的两个成分一起放进**「治疗性」**的模型 —— 一个**没有参与构造它**的结局 ——","「潜变量」这个词不能用,而理由不是它被排除了",1,0
README_zh.md,405,,261593,"设计也排除不了它」** —— 那与「已经排除了」是两句话。 ⚠ 一个**不是零**的旁证:在治疗性这个结局上,两半**并不对等**(冷门 +0.047,常规也管用 +0.123),而它们在区分那两格时是对等的。 ⚠ **`#405`:而在四个结局上,这个分工**并不稳定** —— 这一次是个**有功率**的零。** 把羞耻、能不能改、治疗性、实践了多少各自拟合到同样的两","「两边都有」是那群人的好描述,不是一个构念",1,0
README_zh.md,406,,261986,"的**好描述**,不是一个**构念****:它在被发现的地方有效,不作为一件事在别处重现。 ⚠ 四个结局彼此相关,这会**压低**离散度、因而**偏向「稳定」**——这份不稳定是在一个反方向的偏差下仍然成立的。 ⚠ **`#406`:而位置分 `S` 本身**并不朝一个方向** —— 29 个结局里有 8 个它是反号的。** 本页每一句关于 `S` 的话都来自**羞耻*","一个擦线的通过,加上一个偏向通过的偏差,不足以支持那句话",1,0
README_zh.md,409,,262419,"范围:这个设计的 MDE **不可测**,而那与「很小」不是一回事。**所以形如「`S` 高的人如何如何」的句子必须带上「在**羞耻**这个结局上」** —— 反号的那些里就包括「一个人是否相信自己能停下来」。 ⚠ **`#409`:而把 `S` 拆成两半并不能修好它 —— 这是一个**有功率**的零。** 用 `#327` 从载荷(而非从阅读)导出的越轨/普通块分法,",拆开 `S` 没有让它更像一个方向;越轨那一半反而更散,1,0
README_zh.md,327,,262466,"人如何如何」的句子必须带上「在**羞耻**这个结局上」** —— 反号的那些里就包括「一个人是否相信自己能停下来」。 ⚠ **`#409`:而把 `S` 拆成两半并不能修好它 —— 这是一个**有功率**的零。** 用 `#327` 从载荷(而非从阅读)导出的越轨/普通块分法,两半的符号一致性是 **0.621**(越轨)与 **0.759**(普通),而合起来的 `S","`c3` 的块载荷,与 `#303` 在另一件仪器上的分界重合",1,0
README_zh.md,411,,262738,"*所以 `S` 不是两个方向的混合** —— 越轨那一半反而是更散的 —— 而上面那条「结局特定」的限定,现在有了一个**被检验过**而不是被假定的理由。 ⚠ MDE 40% 对着有意义的 50%,扫描未饱和。 ⚠ **`#411`:而在**从没有过性伴**的人身上,羞耻几乎完全不压制行动。** 把「羞耻 → 实践」按性伴数(0 vs ≥1)分层,控制年龄、类别数,窄臂","在从没有过性伴的人身上,羞耻几乎不压制行动",1,0
README_zh.md,390,,263110,"从没有过性伴的人**既没有观众,也没有机会**,而「实践了多少」同时被这两者压低 —— **任何样本量都分不开它们。** ⚠ 宽窄两口径是不同人群,而宽臂去掉了 `S` 与 `c3⁻`(它们需要 ≥8 个块)。 ⚠ **`#390`:放进同一个模型,强度活下来、广度塌掉 —— 那次收回被一个**事先注册**的检验撤销。** 两项同时在场时(它们相关 −0.37,所以「共","强度赢,广度塌;而复位的检验是预注册的",1,0
README_zh.md,389,,263309,"立),评分式的**强度**分数保持 **+0.1255**(se 0.0131,阈 0.0253,由两列**一起**打乱给出),而块计数式的**广度**分数从单独放的 −0.0430 掉到 **−0.0009**。所以 `#389` 的 −0.026 是**广度在替强度说话**。**三个结局与各自的预测都写在跑之前**,而 kill 为「复位」那一个开火 —— 一次收回",复制失败且**变号**;`#388a` 的家族读法退回,1,0
README_zh.md,388,,263448,"。**三个结局与各自的预测都写在跑之前**,而 kill 为「复位」那一个开火 —— 一次收回站了整整一轮,由预注册的检验撤销,不是靠事后重新解释。 ⚠ 这**没有**解决选择本身:那五题仍是看过扫描结果之后挑的,所以 `#388` 的 scope 仍然成立,站得住的预注册量仍是那个最大值 +0.0888。 ⚠ **`#391`:不过在这五题**内部**,它表现得像**","觉得「我能改」的人,是那些同时也被普通的东西打动的人",1,0
README_zh.md,391,,263497,"整整一轮,由预注册的检验撤销,不是靠事后重新解释。 ⚠ 这**没有**解决选择本身:那五题仍是看过扫描结果之后挑的,所以 `#388` 的 scope 仍然成立,站得住的预注册量仍是那个最大值 +0.0888。 ⚠ **`#391`:不过在这五题**内部**,它表现得像**一个家族**,而不是一两题顶着一个名字。** 各自单独放进模型,五题同号且各自越过**它自己的**","是一个家族:五题各自成立,去掉任何一题都还在",1,0
README_zh.md,325,,263710,"69 · +0.064 · +0.063,阈 0.024–0.026);而**去掉任何一题**,五题分数仍保留 **86–104%** —— 最大的单题贡献只有 14%,其中两题反而略微**稀释**而非承载它。这排除了 `#325` 那种「一个构念的两个指标极不等量地带着它」的情形。 ⚠ 它**不触及**选择问题:证明这五题内部一致,不等于证明这五题是被公正挑出来的。 ","那个 −0.2075 是 `written` 的,不是 `form` 的",1,0
README_zh.md,327,,263790," 14%,其中两题反而略微**稀释**而非承载它。这排除了 `#325` 那种「一个构念的两个指标极不等量地带着它」的情形。 ⚠ 它**不触及**选择问题:证明这五题内部一致,不等于证明这五题是被公正挑出来的。 ⚠ **`#327`:而块载荷在另一件仪器上复现了同一条分界。**在人层自助 300 次下(32 块里 23 块的区间不含零),`c3` 朝羞耻那一端是**尿液","`c3` 的块载荷,与 `#303` 在另一件仪器上的分界重合",1,0
README_zh.md,201,,264030,"(+0.244);另一端是**性行为**(−0.287)与**感觉**(−0.268)。换选项劈分种子后载荷向量相关仍 ≥ **+0.975**。⚠ **一个载荷排序是描述,不是名字** —— 这里已经死过四次命名尝试(`#201` `#202` `#303` `#324`)。 ⚠ **`#330`:而它不是冷门度换了件衣服。**把三个与内容无关的块属性 ——平均流行度","⚠ 撤回「媒介偏好」这个名字:`animated` 与 `written` 相关 +0.25,不是二选一",1,0
README_zh.md,202,,264037,");另一端是**性行为**(−0.287)与**感觉**(−0.268)。换选项劈分种子后载荷向量相关仍 ≥ **+0.975**。⚠ **一个载荷排序是描述,不是名字** —— 这里已经死过四次命名尝试(`#201` `#202` `#303` `#324`)。 ⚠ **`#330`:而它不是冷门度换了件衣服。**把三个与内容无关的块属性 ——平均流行度、选项数、流行",不是「表征 vs 实况」的轴;而这一轮的价值在于上一轮没有把名字说出口,1,0
README_zh.md,303,,264044,"*性行为**(−0.287)与**感觉**(−0.268)。换选项劈分种子后载荷向量相关仍 ≥ **+0.975**。⚠ **一个载荷排序是描述,不是名字** —— 这里已经死过四次命名尝试(`#201` `#202` `#303` `#324`)。 ⚠ **`#330`:而它不是冷门度换了件衣服。**把三个与内容无关的块属性 ——平均流行度、选项数、流行度离散度 ——","一个常设相关也不需要嵌套修正,而 `c3` 的下降是仪器的",1,0
README_zh.md,324,,264051,"−0.287)与**感觉**(−0.268)。换选项劈分种子后载荷向量相关仍 ≥ **+0.975**。⚠ **一个载荷排序是描述,不是名字** —— 这里已经死过四次命名尝试(`#201` `#202` `#303` `#324`)。 ⚠ **`#330`:而它不是冷门度换了件衣服。**把三个与内容无关的块属性 ——平均流行度、选项数、流行度离散度 —— 从 c3 的","`form` 偏向反事实半,但只是 PLAUSIBLE",1,0
README_zh.md,330,,264064,"*(−0.268)。换选项劈分种子后载荷向量相关仍 ≥ **+0.975**。⚠ **一个载荷排序是描述,不是名字** —— 这里已经死过四次命名尝试(`#201` `#202` `#303` `#324`)。 ⚠ **`#330`:而它不是冷门度换了件衣服。**把三个与内容无关的块属性 ——平均流行度、选项数、流行度离散度 —— 从 c3 的载荷向量里**全部**减掉","扣掉全部三个结构属性,`c3` 跨仪器反而更锐",1,0
README_zh.md,373,,264350,"*了:越轨半 **+0.174 → +0.208**,普通半 **−0.121 → −0.058**。那三个属性是在给跨仪器的分离添噪声,不是在扛它。⚠ 三个属性是我想到的三个;这是一个下界式的论证,不是证明。 ⚠ **`#373`:而那份卡片描述的并不是这个文件。** 它的抬头写 15,511 × 376,CSV 是 **15,503 × 365**。卡片明写档数的五",数据集卡片描述的不是我手上这个文件,1,0
README_zh.md,366,,264732,"错,**幅度是下界**。 ✅ 有一条后果是反方向的,并且**改进**了一条旧警告:既然卡片把那两个标记记为 None/Any,而行数排除了「删行」,文件里的空白**就是** None 那一档 —— 把它读成 0 是对的,`#366` 里「把没有与没作答并成一档」的警告**撤回**。 ⚠ **`#374`:但卡片是**过时**,不是**假** —— 它的删除属实。** 它",`c3⁻` 那份羞耻不是独有的;而咬掉它的五个量说的是同一种人,1,0
README_zh.md,374,,264768,"条旧警告:既然卡片把那两个标记记为 None/Any,而行数排除了「删行」,文件里的空白**就是** None 那一档 —— 把它读成 0 是对的,`#366` 里「把没有与没作答并成一档」的警告**撤回**。 ⚠ **`#374`:但卡片是**过时**,不是**假** —— 它的删除属实。** 它的 `DROPPED GT QUESTIONS` 一节点名 13 个已删","卡片的**档数**过时,它的**删除**属实",1,2
README_zh.md,332,,265115,"的不健全方向:子串不出现可以推出列不在,子串出现推不出列在。 ⚠ 卡片用的是原始问卷的名字,所以「改名」也会读成「不在」;这个检验能证否,不能证成。**把卡片读成:关于删了什么是准的,关于压了多少是过时的。** ⚠ **`#332`:而还有第三个相关物 —— 它来得多早。**起始年龄均值与羞耻的相关是原样 **−0.1024**,在同时控制此人报了多少类别与其位置分 `",起始越早羞耻越多:每一项检查都过了,1,0
README_zh.md,380,,265415,"34, −0.082]**。去掉所有报过删失档(「26yo+」)的人后仍是 **−0.0684**(占样本 83%),换三套不同的年龄数值编码极差只有 0.004。⚠ 起始年龄是回溯自报 —— 关联,不是因果。 ⚠ **`#380`:而这条路,在非生理男的作答者身上大约强一倍。** 在宽口径上(n = 12,720),把羞耻**在每组内部做秩变换** —— 这不只拿掉量","性兴趣来得早,在非生理男的人身上带来的羞耻大约是两倍(独立确认,五门全过)",1,0
README_zh.md,296,,265509,"—— 关联,不是因果。 ⚠ **`#380`:而这条路,在非生理男的作答者身上大约强一倍。** 在宽口径上(n = 12,720),把羞耻**在每组内部做秩变换** —— 这不只拿掉量表使用的均值与方差差异,还拿掉了让 `#296` 停在 D5 的**作答形状**混淆 —— 起始年龄预测羞耻在组 0 是 **−0.133**,在组 1 是 **−0.068**(差 +0","看上去是十轮站住了,但正对照说这句不能说",1,0
README_zh.md,370,,265906,"宽口径撑不住 c3⁻(它的剖面需要 ≥8 个块),所以「宽 × 全模型」是**不可能**,不是没做。 ⚠ 在窄口径的全模型上,同一个差是 +0.053、|t| 2.14 对着阈 2.42 —— 同号,但在线下。 ⚠ **`#370`:而在一个人**自己**身上,冷门的东西是**后**到的 —— 远比共同时间表能解释的多。** 对每个报了 ≥8 个起始类别的人(n = 6",几乎每个人都是从普通的地方开始的,1,0
README_zh.md,371,,266265,"**),所以零由「把每个起始换成**该类别自己分布**里的一个抽样」构造 —— 保住时间表,只打断个人偏差。**实测是零的 2.5 倍:几乎每个人都是从普通的地方开始的,而这个次序是个人的,不只是人口学的。** ⚠ **`#371`:而反过来的那少数人,更羞耻。** 把羞耻回归到这个人内次序上,控制类别数与 `S`:宽口径(n = 11,535)**−0.0287**(",顺序是有代价的;而我的「宽口径臂」第一版根本没宽,1,0
README_zh.md,372,,266520,"0.057, −0.009])—— 同号,两臂都越阈。**负号的意思是:那些冷门兴趣**早**到、赶在普通的之前就来了的人,今天更羞耻。**宽臂的 MDE 是 0.025 对着 0.029 的效应:够,不宽裕。 ⚠ **`#372`:而这里面大约一半,只是「这些人什么都来得早」。** 把平均起始年龄加进同一个模型,次序的系数从 **−0.0287** 掉到 **−0.0","那个负号有一半是「他整体就来得早」,剩下的一半这个设计看不见",1,0
README_zh.md,346,,266864,"模型**的置换阈 0.0173(−1.65 sd)。**所以次序目前还不是一条独立的路** —— 一半是整体来得早,余下的低于这个设计的分辨率。上面那句描述仍然成立;分不开的是机制。 ⚠ 宽窄两口径是**不同的人群**(`#346`),所以这是**跨人群复制**,不是加功率。 ⚠ 那条宽臂的第一版**根本没宽**:`S` 只在覆盖 ≥8 上有定义,要求它就把窄规则又加了","宽口径对 `c3` 几乎免费,而它把 `S ↔ 羞耻` 抬了 45%",1,0
README_zh.md,334,,267009,"的第一版**根本没宽**:`S` 只在覆盖 ≥8 上有定义,要求它就把窄规则又加了回来,臂只涨了 70 人而不是 5,000 —— **一个不移动 n 的放宽从未发生过**,而它是讨好方向的 scope 主张。 ⚠ **`#334`:三条路,而只有一对是重叠的。**「起始早」的增量是 **0.484pp**,而 `S` 是 **0.491pp**、`c3⁻` 是 **0",次可加过了全族阈:PLAUSIBLE 升到 CONFIRMED,1,0
README_zh.md,337,,267290,"**0.987**)是相加的,而 **`S × EARLY` 次可加(|t| = 3.36,全族 p = 0.004)**,且在三套起始年龄编码下都过阈。「口味冷门」与「来得早」有重叠;另外两对是干干净净地相加。⚠ **`#337`:而这个重叠在人×类别那一层仍然成立**(147,387 格、13,517 人,置换零按**人**打乱):**比该类别自己的人群中位来得更早","格层复现了次可加,而格层的时间表已被中心化掉",1,0
README_zh.md,350,,267477,"*(+0.082)与**该类别的稀有度**(+0.068)各自都带来羞耻,而它们的交互是 **−0.0094(置换 p = 0.010)**——所以那个重叠不是共享的发育时间表,因为时间表已经被逐格中心化掉了。 ⚠ **`#350`:它在一个更大、更杂的样本里复现。**把纳入规则放宽(覆盖 32 块中的 ≥4 而不是 ≥8,n = 6,717 → 8,196),同一个全",那条次可加在更大也更杂的人群里更强了,1,0
README_zh.md,346,,267693,"47,全族 p = 0.000**(原为 3.36 / 0.005),而另两个交互仍为零(全族 p ≥ 0.658)。⚠ **两个口径是**不同的人群**,不是同一个人群加了数据** —— 低覆盖的受访者在系统上不一样(`#346`),所以这是一次**跨人群的复现**,不是功效的提升。 ⚠ **`#357`:那四个调节变量里有两个在发布前就被人为粗化了。**这份数据自己","宽口径对 `c3` 几乎免费,而它把 `S ↔ 羞耻` 抬了 45%",1,0
README_zh.md,357,,267731,"个交互仍为零(全族 p ≥ 0.658)。⚠ **两个口径是**不同的人群**,不是同一个人群加了数据** —— 低覆盖的受访者在系统上不一样(`#346`),所以这是一次**跨人群的复现**,不是功效的提升。 ⚠ **`#357`:那四个调节变量里有两个在发布前就被人为粗化了。**这份数据自己的列说明 ——一个本项目直到现在才读到的文件 —— 记录着「你的成长环境有多","广度共线在 `S` 上,不在特征向量上;而量级不是新的",1,0
README_zh.md,278,,268003,"是发布口径造成的,不是人群造成的**。发布方另外声明匿名化让相关**比原始弱约 25%** —— 所以这一页上每一个相关都是**下界**。  > ⚠ **`form_i` 是唯一一个**不**通向羞耻的仍站着的维度**(`#278`)。这个项目里其它每一样东西最后都指向它 —— 位置分 +0.1185 [cov≥8 · scope stated]、宽度类型 c3 +0.","这个项目找到的每一样东西最后都指向羞耻,除了这一个",1,0
README_zh.md,346,,268210,"384 —— 而这一个不:它与羞耻的相关是 +0.0454,但**在六坐标之上的增量是 +0.21 ± 0.13pp,与零不可分辨**。**一个项目里所有的量都指向同一个结局时,最有信息的是那个不指向它的。** ⚠ **`#346`:那个 +0.1185 对口径敏感。**它是在覆盖 32 个块中 ≥8 块的受访者上算的(n = 6,717)。放宽到 ≥6 与 ≥4(n ","宽口径对 `c3` 几乎免费,而它把 `S ↔ 羞耻` 抬了 45%",1,0
README_zh.md,270,,268530,"所以低覆盖的受访者不只是更吵 —— **他们在系统上不一样**,而这是本项目尚未处理的开放问题。`c3⁻ ↔ 羞耻` 不受影响(**+0.1278 → +0.1290**)。  > ⚠ **这六列不是六个独立的测量**(`#270`)。它们全部由**同一次**选项劈半构造,因此共享测量误差。 > 两次独立劈分可以把这个误差直接量出来(同劈分异名 − 跨劈分异名): > ","相邻两列的一致,可能只是它们一起抖了一下",1,0
README_zh.md,264,,268914,"一致,可能只是它们一起抖了一下。** > ⚠ 这**不**推翻任何一列自己的结论(每一列都各自控制、各自划过作用域); > 它推翻的是**把这六列当成六个独立坐标去联合解读**。 > ⚠ **那个 1.4% 的口径**(`#264` `#271`):旧 S + 最小二乘; > 替代口径(S 随块子集变化)给 **1.21%**,两者都在 1.2–1.4%。 > 会改变这","把所有关于「一个人是谁」的东西加起来,平均只说中百分之一点四",1,0
README_zh.md,271,,268921,"它们一起抖了一下。** > ⚠ 这**不**推翻任何一列自己的结论(每一列都各自控制、各自划过作用域); > 它推翻的是**把这六列当成六个独立坐标去联合解读**。 > ⚠ **那个 1.4% 的口径**(`#264` `#271`):旧 S + 最小二乘; > 替代口径(S 随块子集变化)给 **1.21%**,两者都在 1.2–1.4%。 > 会改变这个数的旋钮已在","两个我能想到的原因都不是它,那说明还有第三个我没记下来的选择",1,0
README_zh.md,233,,269211,"ple, at the strength it was actually measured. The ledger entry is the receipt. > ⚠ **本页所有「N/M」计数都是区间,不是确定值**(`#233`)。全族阈值是从置换零里重抽估出来的,计数随它移动。25 次独立重抽实测:位置分读作 31 里的 **19–21**,跨块对比 **6–12","一个计数的宽度,不来自分数有多强",1,0
README_zh.md,161,,269680,".4 倍**(平均差 +0.5321,**26.6×**,四个 k 符号一致)。**而这不是仪器不行**:往「何时」里种一个人特异信号,同一个仪器把信度推到 **0.67**。**而「何时」的第二种问法给出同一个数**(`#161`:「共享时间表贴合你多少」= 0.163,与「你偏离多远」= 0.114 分不开,1.3× 展布;两者与「什么」差 **12.2×**) |","关于「何时」,两个完全不同的问法给出同一个小数字",1,1
README_zh.md,159,,269757,"到 **0.67**。**而「何时」的第二种问法给出同一个数**(`#161`:「共享时间表贴合你多少」= 0.163,与「你偏离多远」= 0.114 分不开,1.3× 展布;两者与「什么」差 **12.2×**) | `#159` `#160` `#161` | | **性欲有一个发育顺序,先具体后关系,差 2–3 年** | 外观 14.0 · 身体部位 14.4 ","那 20% 几乎不是关于人的,它是关于东西的",1,0
README_zh.md,160,,269764,"7**。**而「何时」的第二种问法给出同一个数**(`#161`:「共享时间表贴合你多少」= 0.163,与「你偏离多远」= 0.114 分不开,1.3× 展布;两者与「什么」差 **12.2×**) | `#159` `#160` `#161` | | **性欲有一个发育顺序,先具体后关系,差 2–3 年** | 外观 14.0 · 身体部位 14.4 · 衣物 14","性偏好的「什么」是个人的,「何时」不是",1,2
README_zh.md,161,,269771,"「何时」的第二种问法给出同一个数**(`#161`:「共享时间表贴合你多少」= 0.163,与「你偏离多远」= 0.114 分不开,1.3× 展布;两者与「什么」差 **12.2×**) | `#159` `#160` `#161` | | **性欲有一个发育顺序,先具体后关系,差 2–3 年** | 外观 14.0 · 身体部位 14.4 · 衣物 14.7 → 权力","关于「何时」,两个完全不同的问法给出同一个小数字",1,1
README_zh.md,75,,269964," · 束缚 16.9 · 精神改变 17.0。用它猜任意两个兴趣谁先谁后达 **66.852 ± 0.191**,而""全人群共享一个顺序""的理论上限是 66.5% —— 这个时间表几乎榨干了共享顺序能提供的全部信息 | `#75` 8 seeds · 35,438 对 · 6,230 人;全体对上界定 **[60.5%, 66.5%]** `#63` | | **内容",CLOSURE: the cap cost precision and cost no verdict,1,0
README_zh.md,63,,270025,"群共享一个顺序""的理论上限是 66.5% —— 这个时间表几乎榨干了共享顺序能提供的全部信息 | `#75` 8 seeds · 35,438 对 · 6,230 人;全体对上界定 **[60.5%, 66.5%]** `#63` | | **内容与个体化估值,对认可概率的影响一样大** | 选项基率 **±21.5 pp**(账本记 ±22.6,**5% 漂移未解释","66.7% was accuracy on the pairs the release can order; over all pairs it is bounded [60.5, 66.5]",1,0
README_zh.md,157,e,270103,"230 人;全体对上界定 **[60.5%, 66.5%]** `#63` | | **内容与个体化估值,对认可概率的影响一样大** | 选项基率 **±21.5 pp**(账本记 ±22.6,**5% 漂移未解释**,`#157e`)· 人整体率 **±16.7 pp** · 人×选项交互 **±23.7 pp**(`#157` 把两条只写在账本散文里的校正装进了代码,","一条只写在账本散文里的校正,不会到达仪器(两轮之内第二例)",1,0
README_zh.md,157,,270153,"估值,对认可概率的影响一样大** | 选项基率 **±21.5 pp**(账本记 ±22.6,**5% 漂移未解释**,`#157e`)· 人整体率 **±16.7 pp** · 人×选项交互 **±23.7 pp**(`#157` 把两条只写在账本散文里的校正装进了代码,交互逐位复现)。内容在每一个""可预测性""指标上碾压(3.5–5.6×),**纯粹因为它被估计得好 ","一条只写在账本散文里的校正,不会到达仪器(两轮之内第二例)",1,0
README_zh.md,88,,270256,"7 pp**(`#157` 把两条只写在账本散文里的校正装进了代码,交互逐位复现)。内容在每一个""可预测性""指标上碾压(3.5–5.6×),**纯粹因为它被估计得好 179 倍**(3,228 次观测 vs 18) | `#88` `#90` | | **""这是性内容""在问卷里问不出来** | 二元认可矩阵里,一个选项的**基率**和它的**内容**是同一个数。题目主","with nothing subtracted anywhere, the item effect is 3.5–5.6× the interaction, and `#85`'s tie was the correction machinery",1,0
README_zh.md,90,,270262,"(`#157` 把两条只写在账本散文里的校正装进了代码,交互逐位复现)。内容在每一个""可预测性""指标上碾压(3.5–5.6×),**纯粹因为它被估计得好 179 倍**(3,228 次观测 vs 18) | `#88` `#90` | | **""这是性内容""在问卷里问不出来** | 二元认可矩阵里,一个选项的**基率**和它的**内容**是同一个数。题目主效应有闭式解","on the probability scale the three components are the same size, and the item effect wins every skill measure because it is estimated 179× better",1,0
README_zh.md,69,,270393,"卷里问不出来** | 二元认可矩阵里,一个选项的**基率**和它的**内容**是同一个数。题目主效应有闭式解,实测 R² = **0.994**、斜率 0.988,且对基率**形状**在 23/23 块中完全不敏感 | `#69` | | **稀有偏好是一条所有人都在上面的连续维度,不是一群特殊的人** | 分布对称加宽:上尾挑更罕见的,下尾挑更常见的,**中位数纹丝","the item main effect is 1+1=2, and the algebra was checkable in one line",1,0
README_zh.md,99,,270494,"中完全不敏感 | `#69` | | **稀有偏好是一条所有人都在上面的连续维度,不是一群特殊的人** | 分布对称加宽:上尾挑更罕见的,下尾挑更常见的,**中位数纹丝不动**,两侧各 11–13× 自身自助 sd | `#99` | | **它是一个可靠的人格维度,而且不是""你勾了多少""** | 跨不相交块集的分半信度 **+0.432 ± 0.016**(人层自助","the check eleven rounds never ran: the distribution is symmetrically WIDER, not one-sidedly elevated",1,0
README_zh.md,167,,270602,"| `#99` | | **它是一个可靠的人格维度,而且不是""你勾了多少""** | 跨不相交块集的分半信度 **+0.432 ± 0.016**(人层自助,n=7,316,400 次 —— 这个误差棒是它八轮之后才有的,`#167`;原来挂着的 −0.022 是 curveball **零假设地板**,答的是另一个问题),种植天花板 +0.832。**而这个名字本身现在","注册的 kill 没开火;而项目最老的那条声明,八轮以来没有过误差棒",1,0
README_zh.md,163,,270686,"6,400 次 —— 这个误差棒是它八轮之后才有的,`#167`;原来挂着的 −0.022 是 curveball **零假设地板**,答的是另一个问题),种植天花板 +0.832。**而这个名字本身现在被检验过了**(`#163`):把块分到内容最不像的两端,信度**保留 85%**,而纯**位置**种植保留 100%、纯**内容**种植塌到 −2% —— **「偏爱","「偏爱冷门」是一个真的口味位置,不是""喜欢某一类恰好冷门的东西""",1,0
README_zh.md,164,,270808,"内容最不像的两端,信度**保留 85%**,而纯**位置**种植保留 100%、纯**内容**种植塌到 −2% —— **「偏爱冷门」是一个可迁移的位置,不是「喜欢某一族恰好冷门的东西」**。**而它不是性别的影子**(`#164`):把性别从**每一个**块层分数里回归掉,这个倾向保留 **102%**(4.9× 自身展布,方向是**升**);而同样的处理让一个纯**","「偏爱冷门」是这个人自己的口味,不是他的性别",1,1
README_zh.md,165,,271013,"**、让一个纯**个人**的位置种植存活到 **+0.986**;移除勾选数后存活 **67%**,而且它与勾选数的相关(+0.608)**低于**零的(+0.719) 。**而它也不是一个更大的「内容」维度的投影**(`#165`):直接在**选项矩阵**上给人打分 ——「你勾了哪些具体东西」—— 分半信度只有 **+0.26**,而位置侧是 **+0.60**(3.",位置不是内容的投影;而「有没有内容」这个问题被泄漏底噪吃掉了,1,0
README_zh.md,100,,271165,"半信度只有 **+0.26**,而位置侧是 **+0.60**(3.1× 自身展布,预注册的 0.60 阈值也在噪声带外 3.1×)。**挑什么内容很大程度上是共享的;而你站在冷门—常见这条轴的哪儿,是你自己的** | `#100` `#104` `#165` | | **而且「偏爱冷门」不是不带立场的 —— 它带着羞耻** | 两道与块**零 item 重叠**的独立","a reliable person-level trait in WHICH options are endorsed, independent of HOW MANY",1,0
README_zh.md,104,,271172,"*+0.26**,而位置侧是 **+0.60**(3.1× 自身展布,预注册的 0.60 阈值也在噪声带外 3.1×)。**挑什么内容很大程度上是共享的;而你站在冷门—常见这条轴的哪儿,是你自己的** | `#100` `#104` `#165` | | **而且「偏爱冷门」不是不带立场的 —— 它带着羞耻** | 两道与块**零 item 重叠**的独立 Likert",CLOSURE: the arc's three surviving claims re-read through the instrument built from its own failures,1,0
README_zh.md,165,,271179,"*,而位置侧是 **+0.60**(3.1× 自身展布,预注册的 0.60 阈值也在噪声带外 3.1×)。**挑什么内容很大程度上是共享的;而你站在冷门—常见这条轴的哪儿,是你自己的** | `#100` `#104` `#165` | | **而且「偏爱冷门」不是不带立场的 —— 它带着羞耻** | 两道与块**零 item 重叠**的独立 Likert 题(n=15",位置不是内容的投影;而「有没有内容」这个问题被泄漏底噪吃掉了,1,0
README_zh.md,184,,271586," 所以这不是通用的方法学假象。⚠ 最严门槛(≥16 块,n=950)上羞耻衰减到 +0.0156;7 个门槛中 6 个同号。**横断面自报 —— 「因为冷门所以羞耻」与「因为羞耻所以只敢要冷门的」在此不可分。**⚠ **`#184` 补的 scope**:把同一条管道跑遍全部 20 道 Likert 结局、用最大统计量零给全族阈值(\|r\| = 0.0393),羞耻*","⚠ 降级 `#180`/`#182`/`#183`:截距↔羞耻没越过全族阈值,而一个非性的一般特质与它一样大",1,0
README_zh.md,230,,271740,"用最大统计量零给全族阈值(\|r\| = 0.0393),羞耻**排名 1/20** 并越过它 6.3× —— 但 **20 道里有 10 道越过**,所以羞耻是位置分**最大**的那个相关物,不是唯一的一个  ⚠ **`#230` —— 羞耻有第二条路,而且是略强的那条**:第三个**宽度类型**成分(`#229`,人层得分分半信度 **+0.5631**)对**同一","通向羞耻的路不止一条,而新的那条略强一点",1,0
README_zh.md,229,,271783,"并越过它 6.3× —— 但 **20 道里有 10 道越过**,所以羞耻是位置分**最大**的那个相关物,不是唯一的一个  ⚠ **`#230` —— 羞耻有第二条路,而且是略强的那条**:第三个**宽度类型**成分(`#229`,人层得分分半信度 **+0.5631**)对**同一道羞耻题**给 **+0.1286**,而位置分是 +0.1185;两者之间只相关 *","宽度有形状,而它的第一个名字是「体液」",1,0
README_zh.md,231,,272105,"那个相关」变成「两个之一,且不是更大的那个」。⚠ 这个成分的**得分**是明确的,**名字**不是(`D5`):特征向量的旋转不可识别,所以「对越轨类别宽而不是对普通性行为宽」是载荷的读法,不是被检验过的主张  ⚠ **`#231` —— 而「罕见」原来在两个层次上各起一次作用,第二个层次上符号相反**:把 32 个块按**它们自己的平均勾选率**(一个与得分构造无关的","在人人都去的地方敞开的人,羞耻更少",1,0
README_zh.md,232,,272527,"等相关时 −0.0041)。**在普通的事情上敞开,羞耻反而更少;同一份敞开,换到少有人去的地方,就变成羞耻。** ⚠ 「越轨」被操作化为**块的平均勾选率低**,是一个不区分「社会禁忌」与「单纯少见」的粗代理 ⚠ **`#232` —— 通向羞耻的两条路,在别处哪里都不相遇**:把块内位置分 `S`(信度 +0.7282)与跨块对比 `D`(越轨半 − 普通半的宽度,","两条完全不同的路,通向同一种感觉",1,0
README_zh.md,232,d,273048,"指标下是退化的** —— 两个残差正好是 ±同一个数(+0.0333 / −0.0333),因为 2 维空间的第一主成分只留下一根轴。必须用 ≥3 个指标重做。⚠ 另外本页所有「N/31」都应读成 **±2 的区间**(`#232d`):全族阈值是重抽样出来的,同一个分数在一次运行里给过 10 和 8 ⚠ **`#235` —— 主张能换仪器,分数不能**:这份 rele","两条完全不同的路,通向同一种感觉",1,0
README_zh.md,235,,273094,"因为 2 维空间的第一主成分只留下一根轴。必须用 ≥3 个指标重做。⚠ 另外本页所有「N/31」都应读成 **±2 的区间**(`#232d`):全族阈值是重抽样出来的,同一个分数在一次运行里给过 10 和 8 ⚠ **`#235` —— 主张能换仪器,分数不能**:这份 release 带着第二把、**刻意不相交**的仪器(31 个 AGE_ONSET 类别,与块选项","感觉是稳的,地图是随题目走的",1,0
README_zh.md,229,,273500,"0.5452 的 24.5%** —— 注册的 50% 没达到,而同一套算法给块仪器**内部**两个不相交半边算出 95.4%。**所以「在更少人去的领域敞开 ↔ 羞耻」是关于人的;而剖面的维数、体液族、三个成分的身份(`#229`–`#232`)仍然只是**通过块这把仪器**测到的性质,没有被证明能换一把仪器活下来** ⚠ **`#236` 把这条收窄放宽了一步**:","宽度有形状,而它的第一个名字是「体液」",1,0
README_zh.md,232,,273507,"的 24.5%** —— 注册的 50% 没达到,而同一套算法给块仪器**内部**两个不相交半边算出 95.4%。**所以「在更少人去的领域敞开 ↔ 羞耻」是关于人的;而剖面的维数、体液族、三个成分的身份(`#229`–`#232`)仍然只是**通过块这把仪器**测到的性质,没有被证明能换一把仪器活下来** ⚠ **`#236` 把这条收窄放宽了一步**:在不相交的起始","两条完全不同的路,通向同一种感觉",1,0
README_zh.md,236,,273556,"出 95.4%。**所以「在更少人去的领域敞开 ↔ 羞耻」是关于人的;而剖面的维数、体液族、三个成分的身份(`#229`–`#232`)仍然只是**通过块这把仪器**测到的性质,没有被证明能换一把仪器活下来** ⚠ **`#236` 把这条收窄放宽了一步**:在不相交的起始仪器上重建(劈人,判类别×类别残差子空间),形状**仍然是多维的** —— k=2 复现 **0.","一个人真正独特的地方,从第二维才开始",1,0
README_zh.md,237,,273871,"一件事:**k=1 上零就已经是 0.9063** —— 类别的流行度是**题目**的性质、与人无关,它在两个人群半样本里当然完美复现。**第一维是仪器的;人的结构从 k=2 才开始**,而那正是零掉下去的地方 ⚠ **`#237` —— 这两个复现数不能并排读**:减法式正对照(随机把 λ 比例的人换成置换噪声,两端都断言)显示两个统计量的动态范围完全不同。块仪器的剖","一个贴着天花板的统计量,和一个线性响应的统计量,数值上不可比",1,0
README_zh.md,238,,274181,".37 / 0.00)。λ₅₀ ≈ **0.57** vs **0.83**。**所以 0.9379 不是 0.4290 的「两倍强」—— 它问的是「人群里有几个方向」,不是「这个人是谁」,两者数值上不可比** ⚠ **`#238` —— 而扛着它的是**最早**的那些欲望**:在不相交的起始仪器上,按**每个人自己的**起始年龄中位数把类别劈成早/晚两半,各取平均罕见","羞耻贴的不是你后来走进去的地方,是你最早就想要的东西有多冷门",1,0
README_zh.md,114,,274473,"**,而且**解衰减之后早半仍然更强**(+0.2536 vs +0.1716),所以信度差不能解释它。**羞耻贴的是你最早就想要的那些东西有多冷门,而不是你后来走进去的地方。**⚠ 按 `D6`,且有一个对手明确活着:`#114` 测到人**把最爱的兴趣记得更早**(−0.2000 年/评分 sd),所以早半可能只是富集了最被爱的兴趣。**这是关于这份自报时间线的事实","记忆把心爱的兴趣往前拉,约 0.74 年;这是这个数据集里第一个被直接量出来的回忆偏差",1,0
README_zh.md,239,,274570,"`,且有一个对手明确活着:`#114` 测到人**把最爱的兴趣记得更早**(−0.2000 年/评分 sd),所以早半可能只是富集了最被爱的兴趣。**这是关于这份自报时间线的事实,不是关于真实发展顺序的事实** ⚠ **`#239` 把「早 vs 晚」这个不对称降级为 `UNVERIFIED`,而它的理由比结果更值钱**:把每个起始年龄对**这个人自己对该类别的评分**","一个改变了样本的控制,改变的是估计目标本身",1,0
README_zh.md,114,,274650,"份自报时间线的事实,不是关于真实发展顺序的事实** ⚠ **`#239` 把「早 vs 晚」这个不对称降级为 `UNVERIFIED`,而它的理由比结果更值钱**:把每个起始年龄对**这个人自己对该类别的评分**残差化(`#114` 的通路在这份数据上确实存在 —— `corr(起始年龄, 评分)` 均值 **−0.1175**,24 个匹配类别里 23 个为负;正对照","记忆把心爱的兴趣往前拉,约 0.74 年;这是这个数据集里第一个被直接量出来的回忆偏差",1,0
README_zh.md,241,,275042,"主效应**:残差化之后两半仍然都预测羞耻,**早 +0.0985 ± 0.0124、晚 +0.0966 ± 0.0127**(n = 6,301)。**你敞开在多冷门的地方就有多羞耻,不论那是什么时候开始的** ⚠ **`#241` 已在交集样本上重算**:两半是在不同的人身上算的(5,322 与 6,113,因为各自要求 ≥4 块覆盖),所以差值在**两者都有的 4,","我写的第一版扫描,给出的正是我最想听的那个答案",1,0
README_zh.md,290,,275227,",718 人**上重跑了一次 —— 普通半 **−0.0589**、越轨半 **+0.1012**、差 **+0.1601**,2×展布 0.0394,**保留原值的 98.5%**。结论不变,这一行是作用域。 ⚠ **`#290`:这个相关在两个性别里是同一件事** —— +0.1297 ± 0.0188 与 +0.1081 ± 0.0186,差 −0.0216,而随","S 在两组间意味着不同的东西,但不同的地方不在羞耻上",1,0
README_zh.md,286,,275406,"0216,而随机劈同样大小两组之间的差是 0 ± 0.0273(0.8×,不可分辨),且正对照是有效的(一个由 `性别 × S` **交互**驱动的结局能把它推到 +0.3300)。所以尽管六个坐标整体上在两性间不不变(`#286`)、而**位置分 S 正是来源**(`#289`),**羞耻并不是那个非不变性落脚的地方。** | `#179` `#184` `#186`","它们不是「人的坐标」,至少不是同一套坐标",1,0
README_zh.md,289,,275430," 0.0273(0.8×,不可分辨),且正对照是有效的(一个由 `性别 × S` **交互**驱动的结局能把它推到 +0.3300)。所以尽管六个坐标整体上在两性间不不变(`#286`)、而**位置分 S 正是来源**(`#289`),**羞耻并不是那个非不变性落脚的地方。** | `#179` `#184` `#186` `#192` `#201` `#229` `#","S 不是性别,但 S 在两个人群里意味着不同的东西",1,0
README_zh.md,179,,275462,"`性别 × S` **交互**驱动的结局能把它推到 +0.3300)。所以尽管六个坐标整体上在两性间不不变(`#286`)、而**位置分 S 正是来源**(`#289`),**羞耻并不是那个非不变性落脚的地方。** | `#179` `#184` `#186` `#192` `#201` `#229` `#230` `#231` `#232` `#235` `#236`","「偏爱冷门」不是一个不带立场的坐标:控制内容之后,它仍然预测羞耻",1,0
README_zh.md,184,,275469,"` **交互**驱动的结局能把它推到 +0.3300)。所以尽管六个坐标整体上在两性间不不变(`#286`)、而**位置分 S 正是来源**(`#289`),**羞耻并不是那个非不变性落脚的地方。** | `#179` `#184` `#186` `#192` `#201` `#229` `#230` `#231` `#232` `#235` `#236` `#237`","⚠ 降级 `#180`/`#182`/`#183`:截距↔羞耻没越过全族阈值,而一个非性的一般特质与它一样大",1,0
README_zh.md,186,,275476,"*驱动的结局能把它推到 +0.3300)。所以尽管六个坐标整体上在两性间不不变(`#286`)、而**位置分 S 正是来源**(`#289`),**羞耻并不是那个非不变性落脚的地方。** | `#179` `#184` `#186` `#192` `#201` `#229` `#230` `#231` `#232` `#235` `#236` `#237` `#238`",`#179` 的 +0.116 是一个下界;而单题信度在本 release 上不可估,1,0
README_zh.md,192,,275483,"把它推到 +0.3300)。所以尽管六个坐标整体上在两性间不不变(`#286`)、而**位置分 S 正是来源**(`#289`),**羞耻并不是那个非不变性落脚的地方。** | `#179` `#184` `#186` `#192` `#201` `#229` `#230` `#231` `#232` `#235` `#236` `#237` `#238` `#239`",同一把尺下内容侧确实更受性别影响;而 `#188` 的分工图有一部分是控制勾选数造的,1,0
README_zh.md,201,,275490,".3300)。所以尽管六个坐标整体上在两性间不不变(`#286`)、而**位置分 S 正是来源**(`#289`),**羞耻并不是那个非不变性落脚的地方。** | `#179` `#184` `#186` `#192` `#201` `#229` `#230` `#231` `#232` `#235` `#236` `#237` `#238` `#239` `#241`","⚠ 撤回「媒介偏好」这个名字:`animated` 与 `written` 相关 +0.25,不是二选一",1,0
README_zh.md,229,,275497,"所以尽管六个坐标整体上在两性间不不变(`#286`)、而**位置分 S 正是来源**(`#289`),**羞耻并不是那个非不变性落脚的地方。** | `#179` `#184` `#186` `#192` `#201` `#229` `#230` `#231` `#232` `#235` `#236` `#237` `#238` `#239` `#241` `#290`","宽度有形状,而它的第一个名字是「体液」",1,0
README_zh.md,230,,275504,"标整体上在两性间不不变(`#286`)、而**位置分 S 正是来源**(`#289`),**羞耻并不是那个非不变性落脚的地方。** | `#179` `#184` `#186` `#192` `#201` `#229` `#230` `#231` `#232` `#235` `#236` `#237` `#238` `#239` `#241` `#290` | ⚠ **","通向羞耻的路不止一条,而新的那条略强一点",1,0
README_zh.md,231,,275511,"间不不变(`#286`)、而**位置分 S 正是来源**(`#289`),**羞耻并不是那个非不变性落脚的地方。** | `#179` `#184` `#186` `#192` `#201` `#229` `#230` `#231` `#232` `#235` `#236` `#237` `#238` `#239` `#241` `#290` | ⚠ **`#360`:","在人人都去的地方敞开的人,羞耻更少",1,0
README_zh.md,232,,275518,"286`)、而**位置分 S 正是来源**(`#289`),**羞耻并不是那个非不变性落脚的地方。** | `#179` `#184` `#186` `#192` `#201` `#229` `#230` `#231` `#232` `#235` `#236` `#237` `#238` `#239` `#241` `#290` | ⚠ **`#360`:那个 +0.1","两条完全不同的路,通向同一种感觉",1,0
README_zh.md,235,,275525,"**位置分 S 正是来源**(`#289`),**羞耻并不是那个非不变性落脚的地方。** | `#179` `#184` `#186` `#192` `#201` `#229` `#230` `#231` `#232` `#235` `#236` `#237` `#238` `#239` `#241` `#290` | ⚠ **`#360`:那个 +0.1185 是一条","感觉是稳的,地图是随题目走的",1,0
README_zh.md,236,,275532," 正是来源**(`#289`),**羞耻并不是那个非不变性落脚的地方。** | `#179` `#184` `#186` `#192` `#201` `#229` `#230` `#231` `#232` `#235` `#236` `#237` `#238` `#239` `#241` `#290` | ⚠ **`#360`:那个 +0.1185 是一条单调曲线上的一","一个人真正独特的地方,从第二维才开始",1,0
README_zh.md,237,,275539,"(`#289`),**羞耻并不是那个非不变性落脚的地方。** | `#179` `#184` `#186` `#192` `#201` `#229` `#230` `#231` `#232` `#235` `#236` `#237` `#238` `#239` `#241` `#290` | ⚠ **`#360`:那个 +0.1185 是一条单调曲线上的一点。**沿覆盖","一个贴着天花板的统计量,和一个线性响应的统计量,数值上不可比",1,0
README_zh.md,238,,275546,"),**羞耻并不是那个非不变性落脚的地方。** | `#179` `#184` `#186` `#192` `#201` `#229` `#230` `#231` `#232` `#235` `#236` `#237` `#238` `#239` `#241` `#290` | ⚠ **`#360`:那个 +0.1185 是一条单调曲线上的一点。**沿覆盖阈 ≥4/6/","羞耻贴的不是你后来走进去的地方,是你最早就想要的东西有多冷门",1,0
README_zh.md,239,,275553,不是那个非不变性落脚的地方。** | `#179` `#184` `#186` `#192` `#201` `#229` `#230` `#231` `#232` `#235` `#236` `#237` `#238` `#239` `#241` `#290` | ⚠ **`#360`:那个 +0.1185 是一条单调曲线上的一点。**沿覆盖阈 ≥4/6/8/10/12,"一个改变了样本的控制,改变的是估计目标本身",1,0
README_zh.md,241,,275560,性落脚的地方。** | `#179` `#184` `#186` `#192` `#201` `#229` `#230` `#231` `#232` `#235` `#236` `#237` `#238` `#239` `#241` `#290` | ⚠ **`#360`:那个 +0.1185 是一条单调曲线上的一点。**沿覆盖阈 ≥4/6/8/10/12/16(n =,"我写的第一版扫描,给出的正是我最想听的那个答案",1,0
README_zh.md,290,,275567,"** | `#179` `#184` `#186` `#192` `#201` `#229` `#230` `#231` `#232` `#235` `#236` `#237` `#238` `#239` `#241` `#290` | ⚠ **`#360`:那个 +0.1185 是一条单调曲线上的一点。**沿覆盖阈 ≥4/6/8/10/12/16(n = 12,720","S 在两组间意味着不同的东西,但不同的地方不在羞耻上",1,0
README_zh.md,360,,275580,"#184` `#186` `#192` `#201` `#229` `#230` `#231` `#232` `#235` `#236` `#237` `#238` `#239` `#241` `#290` | ⚠ **`#360`:那个 +0.1185 是一条单调曲线上的一点。**沿覆盖阈 ≥4/6/8/10/12/16(n = 12,720 → 950)它是 **+","页面上那个 +0.1185,坐在一条从 +0.172 走到 −0.002 的单调曲线中间",1,0
README_zh.md,363,,275889,"全距受限,约 0.10 不是;控制勾选数后曲线压平到 0.123。**这个关系在 `S` 被测得最差的地方最强、在测得最好的地方消失** —— 与测量误差的方向相反,而本项目在这里分不开「样本」与「估计质量」。 ⚠ **`#363`:而这个下降是羞耻特有的。**把同一条六点覆盖阈曲线跑遍全部 29 个结局,\|两端差\| 的中位是 **+0.0015**,而纯选择基线(",那个下降几乎只发生在羞耻上,1,0
README_zh.md,201,,276492,"道性别身份题 —— **而它完全不预测羞耻**(+0.0029,0.2×)。所以**你的口味有多冷门**贴着**羞耻**,**你具体喜欢哪些**贴着 `animated`/`written` 与**性别身份**。⚠ **`#201` 撤回「媒介(画的还是写的)」这个读法**:`corr(animated, written) = +0.2507`(29.4×)—— **强","⚠ 撤回「媒介偏好」这个名字:`animated` 与 `written` 相关 +0.25,不是二选一",1,3
README_zh.md,192,,276771,"勾选数造出来的**:**边际**评估下位置分对 `animated` = **+0.1193(10.0×)**,与它对羞耻的 **+0.1185** 在同一把尺上不可分 —— 干净的分工只在**给定勾选数**之后才出现(`#192`)。⚠ **正交性是构造出来的,而原始的两个维度根本不正交**:人层 `corr(S, C) = +0.4323`,所以 `corr(S, ",同一把尺下内容侧确实更受性别影响;而 `#188` 的分工图有一部分是控制勾选数造的,1,0
README_zh.md,129,,276865,"在**给定勾选数**之后才出现(`#192`)。⚠ **正交性是构造出来的,而原始的两个维度根本不正交**:人层 `corr(S, C) = +0.4323`,所以 `corr(S, C残差) = 0` 是定义不是发现(`#129` `#189d`)—— 它们是**一个维度、和另一个扣掉它之后的余量**,不是两个独立的东西,而内容分是跨人主成分,完全特异的组合对它不可见","特质链接不是覆盖度;而一次尺度不匹配的残差化,把两轮的 `corr(·,S)` 变成了负的勾选数",1,1
README_zh.md,189,d,276872,"数**之后才出现(`#192`)。⚠ **正交性是构造出来的,而原始的两个维度根本不正交**:人层 `corr(S, C) = +0.4323`,所以 `corr(S, C残差) = 0` 是定义不是发现(`#129` `#189d`)—— 它们是**一个维度、和另一个扣掉它之后的余量**,不是两个独立的东西,而内容分是跨人主成分,完全特异的组合对它不可见  ⚠ **`#","那个 −0.41 的「结局层耦合」是我自己用残差化造出来的,而四道闸全绿",1,0
README_zh.md,227,,276947," `corr(S, C残差) = 0` 是定义不是发现(`#129` `#189d`)—— 它们是**一个维度、和另一个扣掉它之后的余量**,不是两个独立的东西,而内容分是跨人主成分,完全特异的组合对它不可见  ⚠ **`#227` —— 这个「内容」维度的正名是 breadth(你对多少东西说「是」),不是内容口味**:块层主成分被**直接相加而从没对齐符号** ——","尺子装对之后:第三个维度的正名是 breadth,而 `#189` 的三个方向活着",1,1
README_zh.md,188,,277084,"dth(你对多少东西说「是」),不是内容口味**:块层主成分被**直接相加而从没对齐符号** —— `np.linalg.eigh` 的特征向量符号任意,32 个块里 **17 个指向一边、15 个指向另一边**,所以 `#188`/`#189` 背后的每一个内容人分,都是一个部分相消的 ±breadth 混合。用**留一共识法**对齐后(32 个块翻了 15 个),这","⚠ 收窄 `#187`:内容残差不是噪声,它只是不预测羞耻 —— 它预测媒介与性别身份",1,0
README_zh.md,189,,277091,"少东西说「是」),不是内容口味**:块层主成分被**直接相加而从没对齐符号** —— `np.linalg.eigh` 的特征向量符号任意,32 个块里 **17 个指向一边、15 个指向另一边**,所以 `#188`/`#189` 背后的每一个内容人分,都是一个部分相消的 ±breadth 混合。用**留一共识法**对齐后(32 个块翻了 15 个),这个维度与**勾","那个 −0.41 的「结局层耦合」是我自己用残差化造出来的,而四道闸全绿",1,0
README_zh.md,228,,277681,",不是量的**;每半 16 个块时,随机符号和仍会保留强共同信号的 ~1/√16。**原始的 breadth 读数不依赖这一切**:对齐 +0.8320、**未对齐 +0.5154**,两个都过注册的 0.5  ⚠ **`#228` —— 而这个 breadth 不是单一的回答风格**:把每个块**内部的选项**劈成两半 —— 那是对同一个人×块格子的两次独立测量,块层","「对什么都说是」的人,其实不是对什么都说是",1,0
README_zh.md,188,,278053,"我没有事后改它 —— **它要求的增量是对着零定价的,而基线是 +0.429,因为现象本来就在那儿**。作用域也窄:它否掉的是「breadth **只是**一个全局回答风格」,**不是**「全局水平里不含回答风格」 | `#188` `#189` `#192` `#201` `#227` `#228` | | **一个人自己那些别人很少有的兴趣,排在他自己那些大家都有的","⚠ 收窄 `#187`:内容残差不是噪声,它只是不预测羞耻 —— 它预测媒介与性别身份",1,0
README_zh.md,189,,278060," —— **它要求的增量是对着零定价的,而基线是 +0.429,因为现象本来就在那儿**。作用域也窄:它否掉的是「breadth **只是**一个全局回答风格」,**不是**「全局水平里不含回答风格」 | `#188` `#189` `#192` `#201` `#227` `#228` | | **一个人自己那些别人很少有的兴趣,排在他自己那些大家都有的兴趣前面** ","那个 −0.41 的「结局层耦合」是我自己用残差化造出来的,而四道闸全绿",1,0
README_zh.md,192,,278067,"要求的增量是对着零定价的,而基线是 +0.429,因为现象本来就在那儿**。作用域也窄:它否掉的是「breadth **只是**一个全局回答风格」,**不是**「全局水平里不含回答风格」 | `#188` `#189` `#192` `#201` `#227` `#228` | | **一个人自己那些别人很少有的兴趣,排在他自己那些大家都有的兴趣前面** | 扣掉人群共",同一把尺下内容侧确实更受性别影响;而 `#188` 的分工图有一部分是控制勾选数造的,1,0
README_zh.md,201,,278074,"着零定价的,而基线是 +0.429,因为现象本来就在那儿**。作用域也窄:它否掉的是「breadth **只是**一个全局回答风格」,**不是**「全局水平里不含回答风格」 | `#188` `#189` `#192` `#201` `#227` `#228` | | **一个人自己那些别人很少有的兴趣,排在他自己那些大家都有的兴趣前面** | 扣掉人群共享的时间表和这","⚠ 撤回「媒介偏好」这个名字:`animated` 与 `written` 相关 +0.25,不是二选一",1,0
README_zh.md,227,,278081,"基线是 +0.429,因为现象本来就在那儿**。作用域也窄:它否掉的是「breadth **只是**一个全局回答风格」,**不是**「全局水平里不含回答风格」 | `#188` `#189` `#192` `#201` `#227` `#228` | | **一个人自己那些别人很少有的兴趣,排在他自己那些大家都有的兴趣前面** | 扣掉人群共享的时间表和这个人整体的早熟","尺子装对之后:第三个维度的正名是 breadth,而 `#189` 的三个方向活着",1,1
README_zh.md,228,,278088,"429,因为现象本来就在那儿**。作用域也窄:它否掉的是「breadth **只是**一个全局回答风格」,**不是**「全局水平里不含回答风格」 | `#188` `#189` `#192` `#201` `#227` `#228` | | **一个人自己那些别人很少有的兴趣,排在他自己那些大家都有的兴趣前面** | 扣掉人群共享的时间表和这个人整体的早熟之后,人内「起","「对什么都说是」的人,其实不是对什么都说是",1,0
README_zh.md,114,,278268,"后,人内「起始年龄残差 × 类别稀有度」= **−0.0328**,题内跨人置换零 +0.0018,**8.8×**。**离散版本(最早一格 vs 他自己的曲目库)独立复现:扣掉时间表后 +0.0767,14.5×**。`#114` 的回忆偏差实际只贡献 **4%**,且对主量符号相反。⚠ **`#211` 给这条声明补上它一直没有的边界**:用同一条管道把起始年龄截到","记忆把心爱的兴趣往前拉,约 0.74 年;这是这个数据集里第一个被直接量出来的回忆偏差",1,0
README_zh.md,211,,278306,"置换零 +0.0018,**8.8×**。**离散版本(最早一格 vs 他自己的曲目库)独立复现:扣掉时间表后 +0.0767,14.5×**。`#114` 的回忆偏差实际只贡献 **4%**,且对主量符号相反。⚠ **`#211` 给这条声明补上它一直没有的边界**:用同一条管道把起始年龄截到 14 / 16 / 18 岁(种植的效应在**每一档**都仍然开火),Δ ",⚠ `#128` 的 Δ 只由 14 岁之后的起始年龄扛着:三个受限档全部不可分辨,1,0
README_zh.md,213,,278557,"与零不可分辨**,而不截断那一档是 −0.0328(8.9×)。范围受限已排除(人内稀有度 sd **不减反增**,0.473 → 0.533)。**所以 Δ 由较晚的起始年龄扛着,而在最早的那些里不存在** —— 而 `#213` 证明**并没有一个 14 岁的门槛**:把切点在 10–20 岁上扫一遍,曲线是单调的(−0.056 → −0.070 → −0.081 ","没有十四岁这个门槛:曲线是单调的,「越晚的那一段越强」",1,1
README_zh.md,218,,278737,"0.081 → −0.303),最大二阶差分越不过它自身的展布,所以是**越晚的那一段越强**,不是**十四岁之后才有**。(扫描的分辨率是两年一档的起始年龄段,即约 5 个不同切点;右端只有 n=1,944。)⚠ **`#218` 把右端界住了**:c=18 那一点自己的零**强烈依赖置换方案** —— 题内跨人 −0.120、人内 +0.053、**curvebal","⚠ 晚半有多强没有唯一的数;而在项目最常用的那个零下,负对照直接失败",1,0
README_zh.md,212,,278921,"all 固定边际 −0.198** —— 所以它的净值是一个**区间 [−0.356, −0.105]**,不是一个数;而在固定边际那个零下(本项目用得最多的方案),负对照**失败**:光靠边际就能造出它的 65%。**`#212` 把两种读法分开了,而它是窗口不是假象**:在每个人**自己**的时间线上按 14 岁劈开(不需要跨人比较,因而不受截断影响),14 岁后那","分开了:是发育窗口,不是截断假象 —— 这件事发生在十四岁之后",1,0
README_zh.md,243,,279209,"半 g=1 就开火。**全样本的 −0.0328 是被 14 岁前那段(那里没有效应)稀释的结果。**⚠ 14 岁后那一半本身是年龄选择的(贡献者年龄中位 26.5 对 22.5),且它的置换零是效应的 30% ⚠ **`#243` —— 而它根本不是一个人群效应**:按「**14 岁前是否报了 ≥8 个起始年龄**」把人分开,并把其余人按**总类别数**匹配(两组中位","全样本的 Δ 不是一个人群效应,是两群反号的人的混合",1,1
README_zh.md,114,,279609,"vs 3.022)却给出更强的相关,而受限只会衰减。**全样本的 −0.0328,是两群反号的人抵消之后剩下的东西。**⚠ 这里的「早」指**报告**在 14 岁前有 ≥8 个起始年龄,它同时携带「真的早」与「记得早」(`#114`) ⚠ **`#245` 用一条连续的线取代了那两组人**:用 `A8`(一个人**第 8 个起始年龄**)给每个人定位,Δ 对它**单调*","记忆把心爱的兴趣往前拉,约 0.74 年;这是这个数据集里第一个被直接量出来的回忆偏差",1,0
README_zh.md,245,,279621,"更强的相关,而受限只会衰减。**全样本的 −0.0328,是两群反号的人抵消之后剩下的东西。**⚠ 这里的「早」指**报告**在 14 岁前有 ≥8 个起始年龄,它同时携带「真的早」与「记得早」(`#114`) ⚠ **`#245` 用一条连续的线取代了那两组人**:用 `A8`(一个人**第 8 个起始年龄**)给每个人定位,Δ 对它**单调** —— A8≈13.5","不存在两类人,存在一条穿过 17 岁半的线",1,0
README_zh.md,247,,280049,"—— **那个二分有 79% 只是这条线上的位置**。**不存在两类人,只有一条线,而它在 17 岁半左右穿过零。**⚠ 指示变量剩下的 3.0× 不是没有:连续化假设了线性,而这点残留正是这个假设不成立的地方 ⚠ **`#247` —— 那个人群数字是一片地形的平均高度**:用**积累速率**(第一个到最后一个起始年龄之间,每年新增几个兴趣)给每个人定位,Δ 在八层上","那个数字不是一个人群的性质,是一片地形的平均高度",1,0
README_zh.md,128,,280435,"的 19%);正对照两端都精确。**一个跨度是自身均值 13 倍的量,它的人群平均值几乎不携带信息。**⚠ 唯一没被控制的边:`rate` 的分母是**回忆的**年龄跨度,把记忆压缩在一起的人会得到很大的 rate | `#128` `#130` `#211` `#212` `#213` `#218` `#243` `#245` `#247` | | **版图真正的主分",不寻常的东西一开始就在那里;而一遍双向去均值把这个结论的符号弄反了,1,0
README_zh.md,130,,280442,"正对照两端都精确。**一个跨度是自身均值 13 倍的量,它的人群平均值几乎不携带信息。**⚠ 唯一没被控制的边:`rate` 的分母是**回忆的**年龄跨度,把记忆压缩在一起的人会得到很大的 rate | `#128` `#130` `#211` `#212` `#213` `#218` `#243` `#245` `#247` | | **版图真正的主分界线不是""先来","人群从常见处开始,而每个人都在共享曲线上提前了自己那一份",1,0
README_zh.md,211,,280449,"确。**一个跨度是自身均值 13 倍的量,它的人群平均值几乎不携带信息。**⚠ 唯一没被控制的边:`rate` 的分母是**回忆的**年龄跨度,把记忆压缩在一起的人会得到很大的 rate | `#128` `#130` `#211` `#212` `#213` `#218` `#243` `#245` `#247` | | **版图真正的主分界线不是""先来后到"",是""物",⚠ `#128` 的 Δ 只由 14 岁之后的起始年龄扛着:三个受限档全部不可分辨,1,0
README_zh.md,212,,280456,"度是自身均值 13 倍的量,它的人群平均值几乎不携带信息。**⚠ 唯一没被控制的边:`rate` 的分母是**回忆的**年龄跨度,把记忆压缩在一起的人会得到很大的 rate | `#128` `#130` `#211` `#212` `#213` `#218` `#243` `#245` `#247` | | **版图真正的主分界线不是""先来后到"",是""物件 vs 叙事","分开了:是发育窗口,不是截断假象 —— 这件事发生在十四岁之后",1,0
README_zh.md,213,,280463,"13 倍的量,它的人群平均值几乎不携带信息。**⚠ 唯一没被控制的边:`rate` 的分母是**回忆的**年龄跨度,把记忆压缩在一起的人会得到很大的 rate | `#128` `#130` `#211` `#212` `#213` `#218` `#243` `#245` `#247` | | **版图真正的主分界线不是""先来后到"",是""物件 vs 叙事""** | 6","没有十四岁这个门槛:曲线是单调的,「越晚的那一段越强」",1,0
README_zh.md,218,,280470,"它的人群平均值几乎不携带信息。**⚠ 唯一没被控制的边:`rate` 的分母是**回忆的**年龄跨度,把记忆压缩在一起的人会得到很大的 rate | `#128` `#130` `#211` `#212` `#213` `#218` `#243` `#245` `#247` | | **版图真正的主分界线不是""先来后到"",是""物件 vs 叙事""** | 6 个连贯分割 ","⚠ 晚半有多强没有唯一的数;而在项目最常用的那个零下,负对照直接失败",1,0
README_zh.md,243,,280477,"几乎不携带信息。**⚠ 唯一没被控制的边:`rate` 的分母是**回忆的**年龄跨度,把记忆压缩在一起的人会得到很大的 rate | `#128` `#130` `#211` `#212` `#213` `#218` `#243` `#245` `#247` | | **版图真正的主分界线不是""先来后到"",是""物件 vs 叙事""** | 6 个连贯分割 × 11 个非","全样本的 Δ 不是一个人群效应,是两群反号的人的混合",1,0
README_zh.md,245,,280484,"。**⚠ 唯一没被控制的边:`rate` 的分母是**回忆的**年龄跨度,把记忆压缩在一起的人会得到很大的 rate | `#128` `#130` `#211` `#212` `#213` `#218` `#243` `#245` `#247` | | **版图真正的主分界线不是""先来后到"",是""物件 vs 叙事""** | 6 个连贯分割 × 11 个非性变量的整格,","不存在两类人,存在一条穿过 17 岁半的线",1,0
README_zh.md,247,,280491,"没被控制的边:`rate` 的分母是**回忆的**年龄跨度,把记忆压缩在一起的人会得到很大的 rate | `#128` `#130` `#211` `#212` `#213` `#218` `#243` `#245` `#247` | | **版图真正的主分界线不是""先来后到"",是""物件 vs 叙事""** | 6 个连贯分割 × 11 个非性变量的整格,最大统计量零给","那个数字不是一个人群的性质,是一片地形的平均高度",1,0
README_zh.md,139,,280798,"083 · 外向性 +0.088 · 神经质 −0.064 · 无力感 −0.059,两性方向一致)。⚠ 命名是我对载荷的读法(D5);标度小(0.033–0.088)。⚠ **模型方向已撤回**:不依赖命名的结构检验(`#139`)显示 PC4 两侧**并不比别的分割更不同构**(0.8×),所以这条线与模型 A、B 都相容 | `#138` `#139` | | *",`#138f` 降级;真正结构不对称的是早/晚那条线,1,0
README_zh.md,138,,280855,"对载荷的读法(D5);标度小(0.033–0.088)。⚠ **模型方向已撤回**:不依赖命名的结构检验(`#139`)显示 PC4 两侧**并不比别的分割更不同构**(0.8×),所以这条线与模型 A、B 都相容 | `#138` `#139` | | **性别锚住的是""性""本身,不是其中某一族** | 早族 +0.0706 vs 晚族 +0.0816,差 **0.7","版图的主分界线不是""先来后到"",是""物件 vs 叙事""",1,0
README_zh.md,139,,280862,"D5);标度小(0.033–0.088)。⚠ **模型方向已撤回**:不依赖命名的结构检验(`#139`)显示 PC4 两侧**并不比别的分割更不同构**(0.8×),所以这条线与模型 A、B 都相容 | `#138` `#139` | | **性别锚住的是""性""本身,不是其中某一族** | 早族 +0.0706 vs 晚族 +0.0816,差 **0.7×**。而开放",`#138f` 降级;真正结构不对称的是早/晚那条线,1,0
README_zh.md,137,,281086,"晚族 —— **但那个差不是这两族特有的**:同一矩阵的另外五个同样连贯的分割给出 0.0702–0.2106,**早/晚这条线是六个里最弱的一个**。两族在组织度与到达方式上不同,在**外部成因**上不是两样东西 | `#137` | | **关系族同时到达,却装着好几个独立的维度** | 早/晚这条线的**结构不对称是六个连贯分割里最大的**(5.73,3.0×):",两族不是两样东西:早/晚这条线在外部锚上是六个里最弱的,1,0
README_zh.md,139,,281389,"64 vs 5.30)。**而它装的就是 `A02` 早就命名过的三条轴**(谁服从·谁被看·谁接受,留出相关 0.81/0.81/0.91,随机载荷地板 0.349)—— 关系族是三条近乎独立的轴的**交汇处** | `#139` `#140` | | **早来的东西是散的,晚来的东西是一整套** | 人内置换零下的三个块:早×早 **−0.01272(27.9×)*",`#138f` 降级;真正结构不对称的是早/晚那条线,1,0
README_zh.md,140,,281396,".30)。**而它装的就是 `A02` 早就命名过的三条轴**(谁服从·谁被看·谁接受,留出相关 0.81/0.81/0.91,随机载荷地板 0.349)—— 关系族是三条近乎独立的轴的**交汇处** | `#139` `#140` | | **早来的东西是散的,晚来的东西是一整套** | 人内置换零下的三个块:早×早 **−0.01272(27.9×)** · **晚","关系族装的就是 A02 那三条轴;而那个""零""是 0.349,不是 0",1,0
README_zh.md,75,,281764,"得年龄比同样多个随机挑的**靠拢 9.4%**(17.7×,在扣掉人群时间表之后),具体族反而**分散 9.0%**(12.1×)。**发育不是同一种东西按顺序到达,是两种不同组织度的东西以不同方式到达** —— 这是 `#75` 的时间表没有的维度。⚠ 连通度**没有拐点**(1.6×),所以""17 岁关上""只对类别数成立 | `#135` `#136` | | *",CLOSURE: the cap cost precision and cost no verdict,1,0
README_zh.md,135,,281820,"**(12.1×)。**发育不是同一种东西按顺序到达,是两种不同组织度的东西以不同方式到达** —— 这是 `#75` 的时间表没有的维度。⚠ 连通度**没有拐点**(1.6×),所以""17 岁关上""只对类别数成立 | `#135` `#136` | | **三分之一的人,版图在 17 岁就关上了;剩下的人,它是向外开的** | 29–32 岁档里 **33.3% 报告","没有边界,但有两族:早来的东西是散的,晚来的东西是一整套",1,0
README_zh.md,136,,281827,"×)。**发育不是同一种东西按顺序到达,是两种不同组织度的东西以不同方式到达** —— 这是 `#75` 的时间表没有的维度。⚠ 连通度**没有拐点**(1.6×),所以""17 岁关上""只对类别数成立 | `#135` `#136` | | **三分之一的人,版图在 17 岁就关上了;剩下的人,它是向外开的** | 29–32 岁档里 **33.3% 报告 17 岁后一","「一整套」是字面意义的:关系族一起到,具体族一个一个到",1,0
README_zh.md,114,,281962,"7 岁就关上了;剩下的人,它是向外开的** | 29–32 岁档里 **33.3% 报告 17 岁后一个新兴趣都没有**。而在有晚期条目的人身上,晚获得的类别与他早期那些**更不相连**,配对层剥掉稀有度后保留 89%,`#114` 符号相反,**五个年龄档全部同号(5.3–10.9×)且无年龄梯度**(所以不是叙事整理)。**扩张,不是深化** —— 模型 C 不能被","记忆把心爱的兴趣往前拉,约 0.74 年;这是这个数据集里第一个被直接量出来的回忆偏差",1,0
README_zh.md,133,,282163,"*只报方向,不报量级**:切点从 13.5 到 17.5 give −0.0165 → −0.0069(差 2.4 倍),且**人内中位数分割不可分辨(1.0×)—— 现象绑在绝对年龄上,不是""你序列里靠后的""** | `#133` `#134` | | **性版图在青春期结束时就基本定型** | 29–32 岁的人,自己报告的性兴趣有 **68.4% 是 17 岁前获","成年后加进来的不是旁边那一块,是别处;而三分之一的人版图在 17 岁就关上了",1,0
README_zh.md,134,,282170,"报量级**:切点从 13.5 到 17.5 give −0.0165 → −0.0069(差 2.4 倍),且**人内中位数分割不可分辨(1.0×)—— 现象绑在绝对年龄上,不是""你序列里靠后的""** | `#133` `#134` | | **性版图在青春期结束时就基本定型** | 29–32 岁的人,自己报告的性兴趣有 **68.4% 是 17 岁前获得的**,最晚","反向回忆的印记不存在;但那个效应绑在绝对年龄上,而它的量级要降级",1,0
README_zh.md,132,,282364,"**22.6 岁**(人内测量,不依赖横断面假设)。横断面上 15 年里类别数只从 12.4 长到 12.9(+4.5%,队列混淆,较弱)。**这给模型 C 划了时间边界:递归重塑若存在,作用窗口主要在青春期内** | `#132` | | **人群层面,版图确实从大家都有的东西开始** | 一个人最早报告的那批兴趣,在他自己曲目库里按罕见度排落在**第 33 百分位*",审查解释不掉 Δ;而性版图在青春期结束时就基本定型了,1,0
README_zh.md,147,,282535,"度排落在**第 33 百分位**(49.4×)。**以每人自己的置换零展布为单位是 z = −0.5515**,而**五个广度层每一层都可分辨为负(17.5–27.3×)—— 这个效应是普遍的,与他喜欢多少东西无关**(`#147`)。⚠ `#146` 那条「口味越广越明显」已撤回:原始 Δ 的 27 倍变化是 `(k−m)/k` 的算术界,归一化后的残余梯度比一个**",`#130a` 得救而且是普遍的;而 `#146` 的广度联系是一条算术界,1,0
README_zh.md,146,,282545," 百分位**(49.4×)。**以每人自己的置换零展布为单位是 z = −0.5515**,而**五个广度层每一层都可分辨为负(17.5–27.3×)—— 这个效应是普遍的,与他喜欢多少东西无关**(`#147`)。⚠ `#146` 那条「口味越广越明显」已撤回:原始 Δ 的 27 倍变化是 `(k−m)/k` 的算术界,归一化后的残余梯度比一个**按构造与广度无关**","Δ 的量级由""谁够格进入分析""决定,而那就是广度",1,0
README_zh.md,148,,282677,"原始 Δ 的 27 倍变化是 `(k−m)/k` 的算术界,归一化后的残余梯度比一个**按构造与广度无关**的种植效应还小。内容线也不解释它(PC4 只 0.2×),稀有度离散度也不(+0.191)。**机制已定位**(`#148` `#152`):**它是那张所有人共享的发育时间表投影到每个人身上的样子** —— **五种不同的时间表定义下都解释掉大部分,符号一致(6","机制找到了:那不是关于个人的,是共享时间表投影到每个人身上的样子",1,0
README_zh.md,152,,282684,"27 倍变化是 `(k−m)/k` 的算术界,归一化后的残余梯度比一个**按构造与广度无关**的种植效应还小。内容线也不解释它(PC4 只 0.2×),稀有度离散度也不(+0.191)。**机制已定位**(`#148` `#152`):**它是那张所有人共享的发育时间表投影到每个人身上的样子** —— **五种不同的时间表定义下都解释掉大部分,符号一致(61%–104%","方向立住,量级撤回:`#148a` 的分母错了,比值被高估 14 倍",1,0
README_zh.md,148,,282779,"机制已定位**(`#148` `#152`):**它是那张所有人共享的发育时间表投影到每个人身上的样子** —— **五种不同的时间表定义下都解释掉大部分,符号一致(61%–104%)**。⚠ **量级是规格依赖的**:`#148` 报的「80%,超出随机基准 44 个百分点 20.0×」已撤回 —— 那个基准是**一次**随机抽样(20 抽跨 −61%..+118%)","机制找到了:那不是关于个人的,是共享时间表投影到每个人身上的样子",1,0
README_zh.md,159,,282928,"—— 那个基准是**一次**随机抽样(20 抽跨 −61%..+118%),而判它用错了分母,正确读法是 **61 ± 44 个百分点 = 1.4×,不可分辨**。剩下的 **9.4×** 曾被当作""个人的"" —— 而 `#159` 证明**它几乎不是关于人的**:把一个人的兴趣劈两半,他的""提前倾向""分半信度只有 **0.105**;把**人**劈两半,**类别载荷的","那 20% 几乎不是关于人的,它是关于东西的",1,0
README_zh.md,149,,283070,"半,他的""提前倾向""分半信度只有 **0.105**;把**人**劈两半,**类别载荷的图样复现到 0.96(去掉稀有度后仍 0.81)**。**某些性兴趣就是会比共享时间表更早或更晚到来,对不同的人是同一套图样。** `#149` 说**那一部分是真的但不是一个特质**:同一批兴趣上两个独立读数一致(−0.5741,**91.6×**),换到这个人的**另一半**兴趣","那 20% 是真的,但它不是一个特质",1,0
README_zh.md,100,,283191,"一部分是真的但不是一个特质**:同一批兴趣上两个独立读数一致(−0.5741,**91.6×**),换到这个人的**另一半**兴趣上只剩 **−0.0910**(小 6.3 倍)。**喜欢什么罕见的东西是一个稳定的性质(`#100`:+0.4611,23.1×);什么时候得到它们,不是。**⚠ **机制 UNVERIFIED**:题目层 Spearman(稀有度, 起始","a reliable person-level trait in WHICH options are endorsed, independent of HOW MANY",1,0
README_zh.md,130,,283381,"中位数**)= +0.437,但中位数是一个**更差的时间表**(留出成对顺序 63.30% vs 均值 66.70%),而均值序与稀有度无关(+0.011)。左尾解释已死(−0.091)。**效应稳,机制未定** | `#130` `#131` | | **越是最终口味罕见的人,这个提前量越大** | −0.0459;**按答题类别数卡钳 1:1 匹配后 −0.041","人群从常见处开始,而每个人都在共享曲线上提前了自己那一份",1,0
README_zh.md,131,,283388," +0.437,但中位数是一个**更差的时间表**(留出成对顺序 63.30% vs 均值 66.70%),而均值序与稀有度无关(+0.011)。左尾解释已死(−0.091)。**效应稳,机制未定** | `#130` `#131` | | **越是最终口味罕见的人,这个提前量越大** | −0.0459;**按答题类别数卡钳 1:1 匹配后 −0.0417(3.1×,","66.852% 保住了;而""跳过排不出来的对""值 12.9 个百分点",1,0
README_zh.md,114,,283514,"终口味罕见的人,这个提前量越大** | −0.0459;**按答题类别数卡钳 1:1 匹配后 −0.0417(3.1×,保留 91%)**,三个匹配规格 85–100% 一致,置换零 17%,种植正对照 +0.5878。`#114` 的回忆偏差实际贡献 39%。**换成离散统计量后复现:匹配后 +0.0532,5.1×**。**而 `#150` 的预注册点预测命中**:","记忆把心爱的兴趣往前拉,约 0.74 年;这是这个数据集里第一个被直接量出来的回忆偏差",1,0
README_zh.md,150,,283571,"1×,保留 91%)**,三个匹配规格 85–100% 一致,置换零 17%,种植正对照 +0.5878。`#114` 的回忆偏差实际贡献 39%。**换成离散统计量后复现:匹配后 +0.0532,5.1×**。**而 `#150` 的预注册点预测命中**:换成""他最早那个有多罕见""来测,得 **+0.0370**(预测 +0.0404,符号按定义相反,判别量 0.2×","预注册的点预测命中了;而""一致""仍然不等于""证明了相同""",1,1
README_zh.md,151,,283718,"**+0.0370**(预测 +0.0404,符号按定义相反,判别量 0.2×)—— **这句话不依赖我用哪个统计量**。⚠ 但只是 CONSISTENT 不是 PROVEN:等价界只能排除大于效应 86% 的差异,而 `#151` 证明**这个 release 里没有能焊死它的工具**(强制选择更干净但只有 10 块,信度 0.252 vs 0.461,净结果是分辨率","强制选择没放大效应,它更吵;而""更干净""不等于""更好""",1,0
README_zh.md,128,,283800,"ROVEN:等价界只能排除大于效应 86% 的差异,而 `#151` 证明**这个 release 里没有能焊死它的工具**(强制选择更干净但只有 10 块,信度 0.252 vs 0.461,净结果是分辨率损失) | `#128` `#129` `#130` `#150` `#151` | | **它唯一挂得住的外部锚是性别** | +0.093(去衰减 +0.141",不寻常的东西一开始就在那里;而一遍双向去均值把这个结论的符号弄反了,1,0
README_zh.md,129,,283807,"价界只能排除大于效应 86% 的差异,而 `#151` 证明**这个 release 里没有能焊死它的工具**(强制选择更干净但只有 10 块,信度 0.252 vs 0.461,净结果是分辨率损失) | `#128` `#129` `#130` `#150` `#151` | | **它唯一挂得住的外部锚是性别** | +0.093(去衰减 +0.141)。人格五因素","特质链接不是覆盖度;而一次尺度不匹配的残差化,把两轮的 `corr(·,S)` 变成了负的勾选数",1,0
README_zh.md,130,,283814,"于效应 86% 的差异,而 `#151` 证明**这个 release 里没有能焊死它的工具**(强制选择更干净但只有 10 块,信度 0.252 vs 0.461,净结果是分辨率损失) | `#128` `#129` `#130` `#150` `#151` | | **它唯一挂得住的外部锚是性别** | +0.093(去衰减 +0.141)。人格五因素全部 \|r\","人群从常见处开始,而每个人都在共享曲线上提前了自己那一份",1,0
README_zh.md,150,,283821," 的差异,而 `#151` 证明**这个 release 里没有能焊死它的工具**(强制选择更干净但只有 10 块,信度 0.252 vs 0.461,净结果是分辨率损失) | `#128` `#129` `#130` `#150` `#151` | | **它唯一挂得住的外部锚是性别** | +0.093(去衰减 +0.141)。人格五因素全部 \|r\| ≤ 0.0","预注册的点预测命中了;而""一致""仍然不等于""证明了相同""",1,0
README_zh.md,151,,283828,"`#151` 证明**这个 release 里没有能焊死它的工具**(强制选择更干净但只有 10 块,信度 0.252 vs 0.461,净结果是分辨率损失) | `#128` `#129` `#130` `#150` `#151` | | **它唯一挂得住的外部锚是性别** | +0.093(去衰减 +0.141)。人格五因素全部 \|r\| ≤ 0.056,**开放","强制选择没放大效应,它更吵;而""更干净""不等于""更好""",1,0
README_zh.md,154,,283976,"去衰减 +0.141)。人格五因素全部 \|r\| ≤ 0.056,**开放性只有 +0.023 [R15 3× curveball · scope stated]** —— 它不是一般性的求新。**零的强度已量化**(`#154`):单次 curveball 零自己就能在人格上产生高到 **0.054** 的相关,而 `R15` 平均了三次,残余 ≈0.004,余量 ",我重抽的是一个已被取代的轮次;而那 10 抽仍然证明了 `R15` 的三次平均是必要的,1,0
README_zh.md,101,,284084,"*(`#154`):单次 curveball 零自己就能在人格上产生高到 **0.054** 的相关,而 `R15` 平均了三次,残余 ≈0.004,余量 23 倍 —— **这条声明安全,是因为设计而不是运气** | `#101` `#102` `#154` | | **人把最爱的性兴趣记得更早,约九个月** | −0.2000 年/评分标准差(**19.8× SE*","the trait tracks WHEN interests were acquired, more than it tracks personality",1,0
README_zh.md,102,,284091,"`):单次 curveball 零自己就能在人格上产生高到 **0.054** 的相关,而 `R15` 平均了三次,残余 ≈0.004,余量 23 倍 —— **这条声明安全,是因为设计而不是运气** | `#101` `#102` `#154` | | **人把最爱的性兴趣记得更早,约九个月** | −0.2000 年/评分标准差(**19.8× SE**),同类别内","the onset link does not survive its own matched null, and my gate checked the null against a number instead of against the effect",1,0
README_zh.md,154,,284098,"urveball 零自己就能在人格上产生高到 **0.054** 的相关,而 `R15` 平均了三次,残余 ≈0.004,余量 23 倍 —— **这条声明安全,是因为设计而不是运气** | `#101` `#102` `#154` | | **人把最爱的性兴趣记得更早,约九个月** | −0.2000 年/评分标准差(**19.8× SE**),同类别内打乱零 = 效",我重抽的是一个已被取代的轮次;而那 10 抽仍然证明了 `R15` 的三次平均是必要的,1,0
README_zh.md,153,,284187,"运气** | `#101` `#102` `#154` | | **人把最爱的性兴趣记得更早,约九个月** | −0.2000 年/评分标准差(**19.8× SE**),同类别内打乱零 = 效应的 **0–11%**(`#153`:原轮只抽了**一次**,那一抽是 20 抽里最小的;零的实现 sd 是效应的 5.5%),种植阶梯单调。**这是本数据集第一个被直接量出来",单次抽样的零不自动致命;伤害 = 零的实现 sd ÷ 效应,1,1
README_zh.md,162,,284305,"轮只抽了**一次**,那一抽是 20 抽里最小的;零的实现 sd 是效应的 5.5%),种植阶梯单调。**这是本数据集第一个被直接量出来的回忆偏差,而整个成熟时间表建立在它之上**。⚠ **它是人群规律,不是个人的**(`#162`):按人估计的斜率,其分半信度**在它自己零的实现噪声之内**(0.054 vs 零的 sd 0.058),而人特异种植被回收到 **0.4",回忆偏差是所有人共有的;而它的效应比它自己零的噪声还小,1,0
README_zh.md,114,,284438,"在它自己零的实现噪声之内**(0.054 vs 零的 sd 0.058),而人特异种植被回收到 **0.41–0.55** —— 所以这是一个真的缺席,不是没检出力。**「某些人比别人更会把最爱的记早」不成立。** | `#114` `#162` | | **而且这个记忆畸变随时间加深,十五年里几乎翻倍** | 15 岁组 −0.0505 → 30 岁组 −0.0917","记忆把心爱的兴趣往前拉,约 0.74 年;这是这个数据集里第一个被直接量出来的回忆偏差",1,0
README_zh.md,162,,284445,"现噪声之内**(0.054 vs 零的 sd 0.058),而人特异种植被回收到 **0.41–0.55** —— 所以这是一个真的缺席,不是没检出力。**「某些人比别人更会把最爱的记早」不成立。** | `#114` `#162` | | **而且这个记忆畸变随时间加深,十五年里几乎翻倍** | 15 岁组 −0.0505 → 30 岁组 −0.0917,年龄趋势 *",回忆偏差是所有人共有的;而它的效应比它自己零的噪声还小,1,0
README_zh.md,119,,284570,"这个记忆畸变随时间加深,十五年里几乎翻倍** | 15 岁组 −0.0505 → 30 岁组 −0.0917,年龄趋势 **3.5×**;残余伪影**符号相反**,校正只会放大。**它不是在回答问卷那一刻生成的** | `#119` | | **同类兴趣之间,先获得哪一个,预示你其余的整个偏好轮廓** | **+0.0159,6.1× 展布**,在减掉两项各自评分、它们","回忆畸变随年龄增强,所以它不是纯粹的""报告时刻建构"";而""伪影是否为零""一直是错的问题",1,0
README_zh.md,107,,284710,"其余的整个偏好轮廓** | **+0.0159,6.1× 展布**,在减掉两项各自评分、它们的差、以及人均评分之后。**成对设计对""作答水平""结构上免疫** —— 它的兄弟命题(""越早越在中心"")正是死在这个混淆上 | `#107` `#110` `#116` `#117` | | **而其余偏好被拉向先来的那一个** | 位移 **+0.0339 —— 3.1× 自身","顺序的痕迹不是「你是哪一类人」:跨类对的效应被类型吸收殆尽,同类对的存活",1,0
README_zh.md,110,,284717,"轮廓** | **+0.0159,6.1× 展布**,在减掉两项各自评分、它们的差、以及人均评分之后。**成对设计对""作答水平""结构上免疫** —— 它的兄弟命题(""越早越在中心"")正是死在这个混淆上 | `#107` `#110` `#116` `#117` | | **而其余偏好被拉向先来的那一个** | 位移 **+0.0339 —— 3.1× 自身展布**,零是","顺序效应在对的零上是 +0.0285(8.6× SE);剂量再次被自己的对照挡下,而这次机制查清了",1,0
README_zh.md,116,,284724,"**+0.0159,6.1× 展布**,在减掉两项各自评分、它们的差、以及人均评分之后。**成对设计对""作答水平""结构上免疫** —— 它的兄弟命题(""越早越在中心"")正是死在这个混淆上 | `#107` `#110` `#116` `#117` | | **而其余偏好被拉向先来的那一个** | 位移 **+0.0339 —— 3.1× 自身展布**,零是效应的 **6","顺序效应挺过了杀死它兄弟的那个混淆,而且原因是设计结构上的",1,0
README_zh.md,117,,284731,"59,6.1× 展布**,在减掉两项各自评分、它们的差、以及人均评分之后。**成对设计对""作答水平""结构上免疫** —— 它的兄弟命题(""越早越在中心"")正是死在这个混淆上 | `#107` `#110` `#116` `#117` | | **而其余偏好被拉向先来的那一个** | 位移 **+0.0339 —— 3.1× 自身展布**,零是效应的 **6%**,68 ","零修对后效应站得更稳;而""先来的把其余偏好拉向自己""刚过线",1,0
README_zh.md,118,,284914,"68 对里 46 对为正,生成式正对照单调开火。⚠ **加倍样本并没有加强它**(3.093 → 3.048),而源码里那句""加强成功""已撤回;强度的一位小数本身在自助噪声内(20 个种子:3.023–3.163) | `#118` `#142`,标 DESCRIPTION:方向不判别因果 | | ~~**""上/下""一个词盖着三件近乎不相关的事**~~ **降级为:三条","方向命题从 2.1× 升到 3.1×,但不是因为我预测的理由;而它原来的正对照是一个恒等式",1,0
README_zh.md,142,,284921,"6 对为正,生成式正对照单调开火。⚠ **加倍样本并没有加强它**(3.093 → 3.048),而源码里那句""加强成功""已撤回;强度的一位小数本身在自助噪声内(20 个种子:3.023–3.163) | `#118` `#142`,标 DESCRIPTION:方向不判别因果 | | ~~**""上/下""一个词盖着三件近乎不相关的事**~~ **降级为:三条角色轴之间相关","`#118` 宣布的""加强""没有发生,而它的判定压在一个落进噪声带的常数上",1,0
README_zh.md,141,,285242,"CE r_true = +0.605**,即**共享 37% 方差,不是 5%**。预注册判定落在中带(0.45 < 0.605 < 0.70)→ **UNVERIFIED**:既不是一个构念,也不是已确认可分。⚠ **`#141` 整条撤回** —— 它靠重跑 `A02/R034` 来""重新定价"",却没读 `Entry 24`,于是把已撤回的「2.95/3」写回了这一","A02 的结论站得住,但它引用错了自己的证据;而我的路标前提是错的",1,0
README_zh.md,143,,285376,"02/R034` 来""重新定价"",却没读 `Entry 24`,于是把已撤回的「2.95/3」写回了这一行,并推荐引用**原始**相关(0.112),而原始相关正是**被衰减压平**的那个 | `Entry 24` · `#143` | | **""极端""不是一条轴,是两个互斥的方向** | 卑贱污秽 ↔ 血/烧灼/武器 —— 喜欢一端的人系统性地不喜欢另一端 | A02",`#141` 整条撤回:我审计的是一个 118 条之前就已作废的版本,1,0
README_zh.md,26,,285747,"「其中 85% 是作答风格」这一步是 **UNVERIFIED** —— 每一道题都是情色内容且无反向计分,所以一般性同意倾向与一般性情色认可在这个 release 里分不开)。⚠ 但""其中 85% 是作答风格""这一步 `#26` 已降级为 **UNVERIFIED** —— 全部题项都是情欲内容且无反向计分,""泛泛同意""与""泛泛认可情欲事物""在本 release 分",a pre-registered kill that passed while the real problem sat next to it,1,0
README_zh.md,26,,285833,"开)。⚠ 但""其中 85% 是作答风格""这一步 `#26` 已降级为 **UNVERIFIED** —— 全部题项都是情欲内容且无反向计分,""泛泛同意""与""泛泛认可情欲事物""在本 release 分不开 | A06 · `#26` |  ---  # 第二台仪器,以及它定下的一件事  上面所有内容来自一份问卷。2026-08-05 加入了两份公开数据,好让一个说法能被",a pre-registered kill that passed while the real problem sat next to it,1,0
README_zh.md,490,,287795,"两个不同话题恰好落在附近; 而较弱的那几格是**过去 12 个月**那一版,它来自一道被筛过的题(n ≈ 1,260 / 6,141), 弱可能来自这个筛选,而不是来自任何真实的衰减。  ⚠ **多近算近?** 后一轮(`#490`)把**同一份 NSFG 问卷、同一批人、同一模式**里的三个 「态度×行为」对并排放:同性性关系、未婚生育、未婚同居。它们的对数优势是 *","同一份问卷里只换话题,差距就动 0.90,而跨仪器只差 0.20",1,0
README_zh.md,494,a,299084," 中位 0.217**, 而唯三比头条更紧的对,**全是同一个问题问了男女两遍**。它仍然带着降级。 `[#528, #619]`  ---  | 一个在此处出生的猜想不能在此处被检验 | 六个话题在门槛扫描下三降三升(`#494a`),提示差距在**行为留下第三方可见痕迹**的地方变大。那个猜想由那六条斜率生成,因此不能在它们身上被检验。把两份问卷的全部态度题筛一遍找可","三个话题往下,三个往上,而我把它们平均成了一个零",1,0
README_zh.md,528,,320641,"族志里读出来的是同一个答案:Barry 1977 编的「晚童年男孩的体罚」对上 Lang 1998 编的同一个构念,秩相关 **+0.6301**(n = 60,95% CI [+0.4768, +0.7550]),而 `#528` 量出的**跨团队**变量对的中位只有 **0.105** —— 这一对是它的 **6 倍**。所以「这个社会打不打孩子」在记录里是一件够硬",五格里只有一格:「越稀有越被谴责」不是关于做法的定律,1,0
README_zh.md,638,,320871,"把尺子的方向定了下来:正对照(同源、同构念、不同年龄)+0.8301(n = 144),安慰剂(|纬度|)−0.0731,规格曲线两端 +0.6301 / +0.6396 判决不变 —— **数字越大 = 打得越重**。`#638` 说「读不出来」的是**码本**,不是**数据**。⚠ 三处缩小,而第一处最要紧:① **这是一对,不是一个分布** —— 它推翻不了那个跨","同一行为、同一量表、四个对象,一百三十九个社会 —— 而对象是这个社会自己的孩子",1,0
README_zh.md,635,,321224,"CCS619`,与四件套联合 **n = 68**,越过了我写的地板 30 —— **而它的三组是 2 / 59 / 7**,判别性对照落在 **2 对 7** 个社会上。杀死它的不是样本量,是**锚变量几乎是常数**;`#635` 已经记过一次同型缺陷,我这一次仍然把地板写在了联合 n 上 `[#639「换个团队隔二十年还是同一个答案,而我的地板又一次写错了格」]`。","我预注册的是样本量的地板,而杀死它的是变量本身没有方差",1,0
README_zh.md,639,,321585,"记:**我头一版按本页通行的天花板归一算,得 +0.6791 / +0.6973,与账本差 0.049 / 0.058 —— 同方向、系统性,不是噪声。改用生 Spearman 后差 0.0000 / 0.0000。⇒ `#639` 当年报的是生 Spearman,不是归一。** 这一对的天花板只有 **0.93**(11 档对 3 档,配不满),所以两种约定在这一行相","换个团队隔二十年还是同一个答案,而我的地板又一次写错了格",1,0
README_zh.md,639,,321822,"一页上跨行比较 ρ 的时候,我没有保证在比同一个量。**这不是这一行的错,是这一页的可比性债**,而它是被一次「复现失败」逼出来的:**复现不上的那 0.05,不是数据变了,是约定没写在数字旁边。** ⚠ 两条缩小照抄 `#639`,不许因为补了零就悄悄放松:**这是一对,不是一个分布**;**两个团队读的是同一批民族志,所以是独立的编码,不是独立的观察** —— 真正","换个团队隔二十年还是同一个答案,而我的地板又一次写错了格",1,0
README_zh.md,528,,323326,"条是:这不是同一件事。** 四格 95% 区间的上界最高只到 **+0.4401**,全部低于 0.60,离 +0.8392 还差一半。⚠ **而没被分辨出来的那一条,我一开始写错了判据。** 我把阶梯切在 0.210(`#528` 跨团队中位 0.105 的两倍),中位只比它高 **0.014**,而单格区间宽约 **0.42** —— **判据的分档比设计的分辨率细",五格里只有一格:「越稀有越被谴责」不是关于做法的定律,1,0
README_zh.md,635,,323465,"高 **0.014**,而单格区间宽约 **0.42** —— **判据的分档比设计的分辨率细**,所以「家内暴力到底有没有一个共同维度」在这个设计里**判不了**,只有「它不是同一件事」是判得了的。这是同型缺陷第三次(`#635`、`#639` 是把地板写在 n 上,这一次是把阈值切得比区间还细),而母题是同一个:**写门槛的时候没有问设计能分辨到多少** `[#64","我预注册的是样本量的地板,而杀死它的是变量本身没有方差",1,0
README_zh.md,639,,323472,"14**,而单格区间宽约 **0.42** —— **判据的分档比设计的分辨率细**,所以「家内暴力到底有没有一个共同维度」在这个设计里**判不了**,只有「它不是同一件事」是判得了的。这是同型缺陷第三次(`#635`、`#639` 是把地板写在 n 上,这一次是把阈值切得比区间还细),而母题是同一个:**写门槛的时候没有问设计能分辨到多少** `[#641「能分辨的那","换个团队隔二十年还是同一个答案,而我的地板又一次写错了格",1,0
README_zh.md,529,,323902,"了两个变量:`SCCS620` 的码是「只有丈夫打 / 谁都不打 / 互相都可以」,**最不暴力的一档坐在中间,不可序**;`SCCS1801` 含「只男性说 / 只女性说」,**是类型不是强度**。两个都丢了,理由和 `#529` 丢掉 `SCCS172` 的一模一样。**所以这一页现在能说的是:一个社会的严厉,聚合的单位既不是「暴力」,也不是「谁挨打」,而是那一整套","「严厉的社会」这种东西,在这份数据里没有证据",1,0
README_zh.md,653,,334298," 0.3148 · k=4 → 0.3015 · k=5 → 0.1969 · k=6 → 0.1029**,单调下降。**最弱一环是 min over C(k,2) 对,k 越小取的 min 越少,零就越高。** 而 `#653` 拿**一个固定的 0.30 阈**去判 k=3、4、6、7 的块 —— **在 k=3 上,那个阈本身就低于它自己的零。** 这是 `#7","五个道德域里只有纯洁是团,而性在两具仪器上都是",1,0
README_zh.md,713,,334371,"ver C(k,2) 对,k 越小取的 min 越少,零就越高。** 而 `#653` 拿**一个固定的 0.30 阈**去判 k=3、4、6、7 的块 —— **在 k=3 上,那个阈本身就低于它自己的零。** 这是 `#713`「同一个 PASS 在这一页上意味着三种不同的强度」换了个地方长出来:**这一次是同一个阈,在四种块大小上意味着四种强度。**⇒ **最弱一","同一个 `PASS`,在这一页上意味着三种不同的强度",1,3
README_zh.md,653,,334872,"民族志那五组,掉出来的是一个关于「管孩子」这件事本身的接缝。** 那个池是 **5 种手段 × 4 个对象**(以身作则 · 讲课 · 体罚 · 放任 · 疼爱,各自施于早/晚期的男孩与女孩),所以它自带一个免费的对照:`#653` 判「团」的五块是**同一手段施于四个对象**,而**同一个对象受四种手段**同样是四个变量,同样出自同一支笔。**全枚举 4,840 个块","五个道德域里只有纯洁是团,而性在两具仪器上都是",1,0
README_zh.md,542,,336615,"这只能记为观察,不能记为发现,理由写在这里:堕胎四与自杀四变的是「同一个行为的四个条件」(胎儿缺陷 / 不想再要 / 家里穷 / 强奸致孕;绝症 / 破产 / 蒙羞 / 厌世),而性四变的是「四个不同的行为」** —— `#542`/`#653`⑤ 早就记过:**同构或近义的题会把「一块」造出来。** ⚠ 而性四自己也不干净:`teensex` 的题干字面是「Sex b","面内高于面间,而那是设计;`prior_art` 这一行第一次自己举了手",1,0
README_zh.md,653,,336622,",不能记为发现,理由写在这里:堕胎四与自杀四变的是「同一个行为的四个条件」(胎儿缺陷 / 不想再要 / 家里穷 / 强奸致孕;绝症 / 破产 / 蒙羞 / 厌世),而性四变的是「四个不同的行为」** —— `#542`/`#653`⑤ 早就记过:**同构或近义的题会把「一块」造出来。** ⚠ 而性四自己也不干净:`teensex` 的题干字面是「Sex before m","五个道德域里只有纯洁是团,而性在两具仪器上都是",1,0
README_zh.md,650,,336818,"eens 14-16」,**它与 `premarsx` 是同一个行为的两个年龄**,与 NSFG 那对孪生同型。⇒ **在 NSFG 这份问卷里,「哪一块更成套」根本问不出来 —— 它的十道题彼此本来就都相关。** 把 `#650` 那句「一样紧」拆开重做:**实测 0.468(性三)与 0.425(同居四)是真的紧;而同池同 k 的零是 0.376 与 0.411**","七题不是一个领域,所以 4.7 倍是拿一个领域去比一个袋子",1,0
README_zh.md,716,,337051,"块都几乎贴着自己的零**(裁决 UNVERIFIED,零占效应 88%;安慰剂打乱行后两块回到 +0.0015 / −0.0007)。⚠ 而原来那个 **1.10 倍是两个观测量相除** —— `realstat` 与 `#716` 都记过:**一个量只能对照它自己的零,不能对照另一个观测量。** ⚠ 更根本的一条:两块的 **k 是 3 对 4**,而零随 k 变(本","五个域全都比随机凑的六题更连成一片,「只有纯洁」是那把尺子造的",1,0
README_zh.md,650,,337307,"当场开火(同居四题算出 **−0.0332** 对账本 +0.4257)—— 因为 **`okcohab` 题干本就反向**(「should **not** live together unless married」),`#650` 做了符号对齐而我漏了。**这是 `#718`/`#720` 之后第三次漏掉同一步**,已把 `aligned_pooled_median`","七题不是一个领域,所以 4.7 倍是拿一个领域去比一个袋子",1,0
README_zh.md,718,,337330," 对账本 +0.4257)—— 因为 **`okcohab` 题干本就反向**(「should **not** live together unless married」),`#650` 做了符号对齐而我漏了。**这是 `#718`/`#720` 之后第三次漏掉同一步**,已把 `aligned_pooled_median` 提进 `lib/` `[#734「两块都贴着","比值随符号约定腰斩,而两条判决因此翻面",1,0
README_zh.md,720,,337337,".4257)—— 因为 **`okcohab` 题干本就反向**(「should **not** live together unless married」),`#650` 做了符号对齐而我漏了。**这是 `#718`/`#720` 之后第三次漏掉同一步**,已把 `aligned_pooled_median` 提进 `lib/` `[#734「两块都贴着自己的零,而那","一个人的性不是一件事,是二十件互不蕴含的事",1,0
README_zh.md,731,,338032,"版都答过,逐题的重测相关是 0.837 / 0.843 / 0.911 / 0.734**。⇒ **换一套问法再问一遍,同一批美国人给出的还是同一块。** ⚠⚠ **而把那一次重测当成尺子用,得到的答案不是好消息。** `#731` 证明比值是相对池的,`#734` 又证明在题题相关的问卷里比值整个失效 ⇒ **「一个人有一套性道德」不能再靠比值来说。** 而重测给了一","同一组题换一个陪衬域,比值从 0.93 倍走到 4.56 倍,而分子一动不动",1,0
README_zh.md,734,,338049,"37 / 0.843 / 0.911 / 0.734**。⇒ **换一套问法再问一遍,同一批美国人给出的还是同一块。** ⚠⚠ **而把那一次重测当成尺子用,得到的答案不是好消息。** `#731` 证明比值是相对池的,`#734` 又证明在题题相关的问卷里比值整个失效 ⇒ **「一个人有一套性道德」不能再靠比值来说。** 而重测给了一把**与池无关**的尺子:一个人对","两块都贴着自己的零,而那句「一样紧」是把两个观测量相除得来的",1,0
README_zh.md,676,,339053,"+0.632(+0.2703/36年),而其余五对是 −0.039 到 +0.051 —— 几乎没动。** ⇒ **不是「性道德变成一个立场」,是「对同性恋的判断从一件单独的事,变成了性道德的一部分」。** ⚠ 而这与 `#676` 在**教育**这个单位上量到的是同一件事(那一轮说收紧集中在同性恋这一题)—— **两个单位,同一个机制,而它们是各自独立测出来的。** ","变宽容和变成一个立场是两件事,教育只对性做了后面那件",1,0
README_zh.md,740,,340570,"「同一个人变了」。真面板这具仪器没有。** > ⚠⚠ **而「世代内」这三个字本身有一个我三轮里没说的问题:在一个出生世代内部,`age = year − cohort` 是恒等式 —— 年份与年龄完全共线。** 所以 `#740` 量到的按构造是「年代 + 年龄」的合体,那句话也可能是「人老了之后才把这两件事连起来」。⇒ 换一把刀:**固定年龄段(25–39 / 40","不是老一代退出,是同一批世代自己把两件事连了起来",1,0
README_zh.md,676,,340916,":分层会减 n、n 减了斜率会因噪声缩水。按**性别**分层(同样的粒度)给 **+0.00610 = 91%** ⇒ **分层本身只花掉约 9%,年龄再花 5%。** ⇒ **纯年龄被排除。** ⚠ 教育那一条也问了(`#676` 已证教育本身产生同一个融合):**教育三分位内 +0.00521 = 77%**,三层全在动 ⇒ **教育最多解释四分之一。** ⚠ 而两","变宽容和变成一个立场是两件事,教育只对性做了后面那件",1,0
README_zh.md,740,,341119,"9 格、(世代×教育)1/18 格过地板 ⇒ 判不了** —— **那个 0 是沉默,不是赦免**,如实登记。⚠⚠ **最后一条必须写清楚,它是这一整条线的上限:年龄、年代、队列三者线性相关(APC 不可识别)。本轮与 `#740` 合起来只能排除「纯年龄」与「纯队列」两个解释,不能把「年代」估成一个系数。剩下的那个词是排除法留下的,不是测出来的。** `[#743「世","不是老一代退出,是同一批世代自己把两件事连了起来",1,0
README_zh.md,739,,342015,"花板在同期从 **0.947 掉到 0.558** —— **那 +0.00075 是天花板说的,不是人说的。** > ⇒ **三个性题全都加入了,而且速率几乎一样。「出轨没加入」撤回。** > ⚠ 而最该记住的是:**`#739` 早就量出 `xmarsex×homosex` 的伪影份额是 64%** —— > **我手里已经有那个数,却在下一轮拿生斜率写了一句实质结","限幅解释了三个小的,唯一大的那个它解释不了",1,0
README_zh.md,745,,342760,"一半是耦合**:同一轮里量了逐层的**方差轨迹**,**常去的人从 sd 0.862(近乎一致谴责)走到 1.373,升得最多;几乎不去的人反而从 1.321 降到 1.131** —— **方差升得最多的那一层,正是 `#745` 里耦合最强的那一层。** 按跑之前写死的判据,**`#745` 的耦合梯度因此降级:它可能是方差差造出来的。** ⚠ **而我预注册的方向","并进去的是常去教堂的人,而几乎不去的那一群从头到尾没连起来",1,0
README_zh.md,745,,342792,"从 sd 0.862(近乎一致谴责)走到 1.373,升得最多;几乎不去的人反而从 1.321 降到 1.131** —— **方差升得最多的那一层,正是 `#745` 里耦合最强的那一层。** 按跑之前写死的判据,**`#745` 的耦合梯度因此降级:它可能是方差差造出来的。** ⚠ **而我预注册的方向判断是反的** —— 我推理「从 1.79 走到 3.26 的那","并进去的是常去教堂的人,而几乎不去的那一群从头到尾没连起来",1,0
README_zh.md,745,,343794,"**那条解读不该再被当作已确立的东西重复。** ⚠ **而同样要说的是这个设计的分辨率:零的半宽是 ±0.52**,它只看得见极强的关联 —— **「没被支持」在这里是弱证据,不是反证。** ⚠ 还有一处设计陷阱值得记:`#745`① 的字面写法是「按 `premarsx` 分箱」,而 **`premarsx` 是被测相关的两个变量之一** ——**按个人取值分层就是对","并进去的是常去教堂的人,而几乎不去的那一群从头到尾没连起来",1,0
README_zh.md,691,,344014,"能用组层面的均值。** `[#746「我给的那条解读没被支持,而这个设计只看得见极强的关联」]`。⚠ **而我第一版的判词把这条梯度判成了「塌了」,因为我拿归一后的两个斜率相除,而分母是 −0.00044** —— **`#691` 记过:含噪近零分母之比是重尾的,没有分辨力。改成用差,并让每一层对照它自己的零。** `[#745「并进去的是常去教堂的人,而几乎不去的那","一个凭直觉写下的区间,这次给对了答案,而在 2.3 那里会给错",1,0
README_zh.md,731,,344446,"确实是同一个人的两次作答 `[#735「把测量误差校正掉之后,最弱的一对只有 0.30」]`。**所以「一个人有一套性道德」是关于人的,不是关于我挑的那四句话的。** ⚠ 三条缩小:① **只比分子,不比比值** —— `#731` 刚立的规矩说比值是相对池的,而两版的池不同;② `teensex1` **只在 1994 问过一次**,所以这是一次性的重测,**不能外推","同一组题换一个陪衬域,比值从 0.93 倍走到 4.56 倍,而分子一动不动",1,0
README_zh.md,716,,345142," == 零的 95% 分位」,四格全是 1.00×。改成「任何整块落在同一真域内的都排除」之后,才有上面这些数 `[#730「两具仪器的分歧,84% 在分母,而分母是问卷的性质」]`。⚠ **而没有动的那一样,正是我在 `#716` 里特意写成承重的那一样:排序。**纯洁 > 权威 > 内群 > 伤害 > 公平,两种约定下逐位相同。**一个二分随约定翻面,一个排序不翻*","五个域全都比随机凑的六题更连成一片,「只有纯洁」是那把尺子造的",1,0
README_zh.md,67,,382857,"| 现在 | 为什么 | |---|---|---| | ""性是一个价值,不是一个类别""(epoch 标题) | **假,而且问题本身是两个** | 加载器第 1 行就删掉了对手;而块内基率≡内容,那个对比根本无法裁决 `#67` `#69` `#70` | | ""域一般胜过域特异,186/276"" | **反转:0 一般 / 201 特异** | 那 186 是我给","the epoch is named after the smaller of the two components, and the loader deleted the larger one first",1,1
README_zh.md,69,,382863," 为什么 | |---|---|---| | ""性是一个价值,不是一个类别""(epoch 标题) | **假,而且问题本身是两个** | 加载器第 1 行就删掉了对手;而块内基率≡内容,那个对比根本无法裁决 `#67` `#69` `#70` | | ""域一般胜过域特异,186/276"" | **反转:0 一般 / 201 特异** | 那 186 是我给域特异侧的 ","the item main effect is 1+1=2, and the algebra was checkable in one line",1,0
README_zh.md,70,,382869," |---|---|---| | ""性是一个价值,不是一个类别""(epoch 标题) | **假,而且问题本身是两个** | 加载器第 1 行就删掉了对手;而块内基率≡内容,那个对比根本无法裁决 `#67` `#69` `#70` | | ""域一般胜过域特异,186/276"" | **反转:0 一般 / 201 特异** | 那 186 是我给域特异侧的 −0.135","the epoch title was two questions wearing one sentence, and the answer differs between them",1,1
README_zh.md,82,,382950,"基率≡内容,那个对比根本无法裁决 `#67` `#69` `#70` | | ""域一般胜过域特异,186/276"" | **反转:0 一般 / 201 特异** | 那 186 是我给域特异侧的 −0.135 估计器坑 `#82` | | ""三个成分一样大(可预测性上),1.05×"" | **撤回** | 减零不修正估计器,它把估计器的失败记在被估计量头上 `#86`",#71 inverts: the person-side readout is mostly assembled PER DOMAIN,1,0
README_zh.md,86,,383020,"/ 201 特异** | 那 186 是我给域特异侧的 −0.135 估计器坑 `#82` | | ""三个成分一样大(可预测性上),1.05×"" | **撤回** | 减零不修正估计器,它把估计器的失败记在被估计量头上 `#86` `#87` `#88` | | ""少数人集中于稀有选项"" | **措辞撤回,存在性保留** | 是对称加宽,不是子群 `#99` | | ","a null correction credits a component with the DAMAGE its estimator does, and 87% of the person effect's correction was that",1,0
README_zh.md,87,,383026,"特异** | 那 186 是我给域特异侧的 −0.135 估计器坑 `#82` | | ""三个成分一样大(可预测性上),1.05×"" | **撤回** | 减零不修正估计器,它把估计器的失败记在被估计量头上 `#86` `#87` `#88` | | ""少数人集中于稀有选项"" | **措辞撤回,存在性保留** | 是对称加宽,不是子群 `#99` | | ""越早进入版","the −0.19 floor is an estimator artifact, and my own comparison let one arm peek at the test set",1,0
README_zh.md,88,,383032," 那 186 是我给域特异侧的 −0.135 估计器坑 `#82` | | ""三个成分一样大(可预测性上),1.05×"" | **撤回** | 减零不修正估计器,它把估计器的失败记在被估计量头上 `#86` `#87` `#88` | | ""少数人集中于稀有选项"" | **措辞撤回,存在性保留** | 是对称加宽,不是子群 `#99` | | ""越早进入版图的东西越在","with nothing subtracted anywhere, the item effect is 3.5–5.6× the interaction, and `#85`'s tie was the correction machinery",1,0
README_zh.md,99,,383085,",1.05×"" | **撤回** | 减零不修正估计器,它把估计器的失败记在被估计量头上 `#86` `#87` `#88` | | ""少数人集中于稀有选项"" | **措辞撤回,存在性保留** | 是对称加宽,不是子群 `#99` | | ""越早进入版图的东西越在中心"" | **撤回,只剩 10%** | 那不是时间,是""什么都给高分的人"" `#115` | | ""特","the check eleven rounds never ran: the distribution is symmetrically WIDER, not one-sidedly elevated",1,0
README_zh.md,115,,383147," | | ""少数人集中于稀有选项"" | **措辞撤回,存在性保留** | 是对称加宽,不是子群 `#99` | | ""越早进入版图的东西越在中心"" | **撤回,只剩 10%** | 那不是时间,是""什么都给高分的人"" `#115` | | ""特质追踪更早的获取年龄"" | **撤回** | −0.030 对零 −0.028,零是效应的 91% `#102` | | ""跨","`#112a` 撤回:那不是""早到来的东西在中心"",是""什么都给高分的人""",1,2
README_zh.md,102,,383210,"版图的东西越在中心"" | **撤回,只剩 10%** | 那不是时间,是""什么都给高分的人"" `#115` | | ""特质追踪更早的获取年龄"" | **撤回** | −0.030 对零 −0.028,零是效应的 91% `#102` | | ""跨块累积的 √n 反映潜结构"" | **反转** | 等预算下块越多越差;那是普通的 √N `#64` |  ---  # 这套","the onset link does not survive its own matched null, and my gate checked the null against a number instead of against the effect",1,0
README_zh.md,64,,383268,"""特质追踪更早的获取年龄"" | **撤回** | −0.030 对零 −0.028,零是效应的 91% `#102` | | ""跨块累积的 √n 反映潜结构"" | **反转** | 等预算下块越多越差;那是普通的 √N `#64` |  ---  # 这套数据做不到的(每条都量过,不是猜的)  | 做不到 | 量出来的边界 | |---|---| | 看见 ≤30% ","at equal data, fragmenting it across more blocks makes the signal worse, so the accumulation was never about blocks",1,0
README_zh.md,91,,383393," 这套数据做不到的(每条都量过,不是猜的)  | 做不到 | 量出来的边界 | |---|---| | 看见 ≤30% 人携带的结构(方差解释法) | 5% 携带者在 **±50 pp** 下技能不离地板;需 ≈30% `#91` | | 区分""一小群对某几样异常强烈""与""一条重尾连续谱"" | 保边际的集中/弥散种植在 3000 交换/块下都在零抖动内;**出路是外部","a structure carried by 5% of people is invisible at ANY strength, and that is what a fetish looks like",1,0
README_zh.md,122,,383480,"50 pp** 下技能不离地板;需 ≈30% `#91` | | 区分""一小群对某几样异常强烈""与""一条重尾连续谱"" | 保边际的集中/弥散种植在 3000 交换/块下都在零抖动内;**出路是外部锚,不是更强的种植** `#122` | | 区分记忆变模糊与故事被讲实 | 真实曲率是 **0.3× 自身展布** —— 它**根本没通过可分辨性**,所以这是**能力边界,","保边际的两个种植都太弱,问题停在能力边界;而尾部超出本身是真的",1,0
README_zh.md,120,,383582,"更强的种植** `#122` | | 区分记忆变模糊与故事被讲实 | 真实曲率是 **0.3× 自身展布** —— 它**根本没通过可分辨性**,所以这是**能力边界,不是零**;推到 2× 需约 **48 倍**样本 `#120` | | 直接测量交互幅度(不经模型) | **代数上不可能** —— 残差一阶矩是边际决定量,保边际零下恒等于零 `#105` | | 数","机制分不开,而且原因是真实曲率根本不可分辨;我的两个 gate 又各错了一次",1,0
README_zh.md,105,,383646,"通过可分辨性**,所以这是**能力边界,不是零**;推到 2× 需约 **48 倍**样本 `#120` | | 直接测量交互幅度(不经模型) | **代数上不可能** —— 残差一阶矩是边际决定量,保边际零下恒等于零 `#105` | | 数出维度 | 有诚实地板的估计器数不了;能数的地板是伪影 `#89` | | 呈现顺序首因 | release **按字母序**导","the direct measurement is algebraically impossible, which is why `#90` had to be indirect",1,0
README_zh.md,89,,383686,"倍**样本 `#120` | | 直接测量交互幅度(不经模型) | **代数上不可能** —— 残差一阶矩是边际决定量,保边际零下恒等于零 `#105` | | 数出维度 | 有诚实地板的估计器数不了;能数的地板是伪影 `#89` | | 呈现顺序首因 | release **按字母序**导出多选答案(119 对一致性 1.0000),显示顺序已毁 `#69` | |","the estimator with the honest floor cannot count dimensions, and the one that can count has a dishonest floor",1,0
README_zh.md,69,,383752,"等于零 `#105` | | 数出维度 | 有诚实地板的估计器数不了;能数的地板是伪影 `#89` | | 呈现顺序首因 | release **按字母序**导出多选答案(119 对一致性 1.0000),显示顺序已毁 `#69` | | 区分广度与默许 | 需反向计分或强制选择题项,本 release 没有 | | 因果方向 | 横断面,剥离过的 release |","the item main effect is 1+1=2, and the algebra was checkable in one line",1,0
README_zh.md,338,,384314,":比冷门度预测的更羞耻的是 `humiliation` · `gender` · `bestiality` · `incest`;更不羞耻的是 `vore` · `brutal` · `creepy/creature`(`#338` `#339`)。**而这件事本身是稳的**:把受访者随机劈半二十次,两半的 31 维残差向量相关 **+0.905 ± 0.042**(S","稀有度解释类别层羞耻的 58%,残差是噪声底的 5 倍",1,0
README_zh.md,339,,384321,"的更羞耻的是 `humiliation` · `gender` · `bestiality` · `incest`;更不羞耻的是 `vore` · `brutal` · `creepy/creature`(`#338` `#339`)。**而这件事本身是稳的**:把受访者随机劈半二十次,两半的 31 维残差向量相关 **+0.905 ± 0.042**(Spearman","那四成,这个项目现有的量一个也解释不了",1,0
README_zh.md,343,,384516,"0.95**),与一个合成的类别层真信号(**+0.942**)持平,远高于人层噪声对照(**−0.159 ± 0.229**)。⚠ **「稳」是信度,不是「真」** —— 一个可复现的类别层量仍然可以是别的东西的影子(`#343`)。|  **并且这里有一条可迁移的方法学结论 —— 但比我最初发表的那条小得多。**按块数匹配把 pornhabit 的一致性缺口从 0.",那 42% 是类别的一个高信度性质(分半 0.90),1,0
README_zh.md,169,,384703,"285 压到 0.0871 再到 0.0439,**并使它与性别的排序反转** —— 这个校正是**在那一个切分上直接测出来的**,它成立,而且从来不依赖任何相关 —— **但它是单切分的直接测量,自己的精度从未被估过(`#169`,这里是声明范围,不是承诺精度)**。**不**成立的是我架在它上面的那条定律:~~`corr(缺口, 覆盖度差) = +0.815`,9 ",公开面收窄后是干净的;而收窄途中撞出一条 `#20` 已经杀掉、却还挂在两份 README 上的定律,1,0
README_zh.md,20,,384790,"但它是单切分的直接测量,自己的精度从未被估过(`#169`,这里是声明范围,不是承诺精度)**。**不**成立的是我架在它上面的那条定律:~~`corr(缺口, 覆盖度差) = +0.815`,9 次切分~~ **已被 `#20` 杀掉** —— K ∈ {3,5,8,12} 上的中位 r 是 **+0.127**,最差留一是 **−0.294**(去掉 pornha","the coverage law was one point, and the point was 7.6× the rest of the range",1,0
README_zh.md,11,,385186,者自己的 `analysis/swarm/14-missingness.md`(**早五个月**)已写明:门控列上的分组比较是在比不同的子人群。**危害是他们记录的;一个切分上的一次校正是我的;那条定律谁的都不是。**(`#11` `#15` `#20`)  ---   ## 每个大轮确立了什么(R = 一次迭代、一次信念更新、一次提交)  **[R01 · 对象](,"**""How much porn you consume reorganises erotic grammar 2.4× more than sex does""** (`r31`, deficit **0.2285**, z=60)",1,0
README_zh.md,15,,385192,analysis/swarm/14-missingness.md`(**早五个月**)已写明:门控列上的分组比较是在比不同的子人群。**危害是他们记录的;一个切分上的一次校正是我的;那条定律谁的都不是。**(`#11` `#15` `#20`)  ---   ## 每个大轮确立了什么(R = 一次迭代、一次信念更新、一次提交)  **[R01 · 对象](A01_ob,"prior art, which the forecast predicted at p=0.75",1,0
README_zh.md,20,,385198,is/swarm/14-missingness.md`(**早五个月**)已写明:门控列上的分组比较是在比不同的子人群。**危害是他们记录的;一个切分上的一次校正是我的;那条定律谁的都不是。**(`#11` `#15` `#20`)  ---   ## 每个大轮确立了什么(R = 一次迭代、一次信念更新、一次提交)  **[R01 · 对象](A01_object_a,"the coverage law was one point, and the point was 7.6× the rest of the range",1,0
README_zh.md,321,,386350," +0.605** —— 它们共享 **37% 的方差,不是 5%**。 预注册的 kill 落在中间带(0.45 < 0.605 < 0.70):**UNVERIFIED**,既不是一个构念,也没被确认为不同。⚠ **`#321`:而这现在是一个**已判定的中间值**,不是测不出来** —— 自助 95% 区间是 **[+0.561, +0.659]**,整段都在带内","UNVERIFIED 从「测不出」升级成「测出来了,答案就在中间」",1,1
README_zh.md,358,,386703,"ion_and_time)** —— 兴趣按一张**人群共享**的时间表到来 (内容类早:外观 14.0、身体部位 14.4、衣物 14.7;关系类晚:权力动态 16.8、束缚 16.9、精神改变 17.0)。 ⚠ **`#358`:这张时间表现在有了它自己的证据,以及一个上限。**31 个类别均值是**分得开**的 ——全距 **3.37 年**,而自助区间平均宽 *","那张共享时间表现在有了它自己的证据,以及一个上限",1,1
README_zh.md,20,,388143,":探索者自己的 `analysis/swarm/14-missingness.md`,早五个月,就写明了 在受门控的列上做组间比较是在比较不同的子人群。 **危险是他们的;一次劈分上的一处更正是我的;那条定律谁的也不是(`#20`)。** 绘制内容 vs 真人内容的消费者 —— 后者的内容里没有真实身体 —— 相差 **0.0204 ± 0.0265**, 被界在性别","the coverage law was one point, and the point was 7.6× the rest of the range",1,0
README_zh.md,60,,389915,"# 共享信号是怎么累积的  **[RETRACTIONS #60]** `增量 = 0.00723 × √(源领域数)` —— 跨 n=1…31 的 CV **6.4%**, 对数形式 11.2%、线性形式 51.9%(`#60`),而置换标签的零在每一个 n 上都恰好是 0.0000。 **[机制被反转 —— #61、#64]** 块**不是**可互换的(子集方差是","the accumulation is √n, and that is the mechanism as well as the curve",1,0
README_zh.md,59,,390333,"S #59]** 两份大体独立的贡献,87% 可加,各自都对着两个**恰好为零**的对照: **跨块因子 +0.0409**(在另外 31 个块上拟合)与**块内结构 +0.0290**,合起来 **+0.0606**(`#59`)。 聚合起来的跨领域信号是**更大**的那一个 —— 逐对的块→块约等于 0(#49),而它跨块累积。  ## 题目边际  **[RETR","the aggregate cross-domain signal is larger than block-internal structure, and my verdict label confused largeness with sameness",1,0
README_zh.md,168,,400200,"账本 → 轮次(账本的数字现在还跑得出来吗;**账本判为错的旧值还在不在输出里**) | | `guard_lint.error_bar_scan()` | artifact → 精度(**真实臂到底有没有抖动来源**,`#168`) | | `lib/gates.py` | 10 条守卫 + 每轮用来攻自己的 `Gate` 比较规则 |  每个工具都带自己的 `P6`","不是 `#100` 一处:整个 A11 弧十轮都没有误差棒,而账本 57.5% 的条目不作任何精度陈述",1,0
