v_page,v_win,v_term,v_named,v_pos,v_ctx
README.md,80,category count,False,10376," (median 0.7335)** — **in real data the ceiling is set by marginal skew, not by category count**, so normalisation does far more work here than the si"
README.md,80,breadth,False,243972,"e who refused at least once (**conditioning on the outcome, a collider**) ⇒ the breadth difference must have its **synthetic null** subtracted (indepe"
README.md,80,breadth,False,263882,"n `E01`'s `A05`–`A07`, whose products are ""the third dimension's proper name is breadth"", ""breadth has a shape and its first name is fluids"", ""the ALS"
README.md,80,breadth,False,263893,"A05`–`A07`, whose products are ""the third dimension's proper name is breadth"", ""breadth has a shape and its first name is fluids"", ""the ALS loading as"
README.md,80,category count,False,406638,"⚠ shared thresholds are an assumption and **DIF is structurally untestable**; ⚠ category counts [2,4,5], **no ranking across them**⟩ ⚠⚠ **appended by "
README.md,80,breadth,True,518283,t grows with how well the outcome is explained (`r` = **+0.609**). Swapping the breadth proxy for block coverage keeps it (25/29 positive; the two sha
README.md,80,pick count,False,519194,"e distinguishing prediction is unsupported** (`#234a`: stratify by shame, match pick count, > and the breadth profile's split-half replication is **0."
README.md,80,breadth,False,519216,"ction is unsupported** (`#234a`: stratify by shame, match pick count, > and the breadth profile's split-half replication is **0.4672 / 0.4611 / 0.4718"
README.md,80,pick count,False,520764,ocks (32 multi-select) | untested | **+0.1185 [cov≥8 · scope stated]** | 9/20 | pick count controlled (+0.1155) · sex · content score | | **Between-bl
README.md,80,breadth,False,520996," (onset instrument, +0.1384) | +0.0830 | ~8–10/31  ⚠ **`#259`: this row and the breadth-type c3 row overlap heavily** — their outcome profiles correla"
README.md,80,pick count,False,521329,"wo rows because the residual is resolvable, not because they are independent. | pick count near-absent on the onset instrument (+0.0428) | | **Breadth"
README.md,80,pick count,False,521748,"""predicts nothing"" is **withdrawn**: that reading came from one unlucky seed) | pick count controlled · block-level property ruled out (`#228b`) | | B"
README.md,80,pick count,False,521936,"| untested | `UNCOMPUTED` | 13 → **9 after control, read as 6–12** (`#257`) | **pick count · sex · position S all controlled** (`#252`) | | Breadth ty"
README.md,80,pick count,False,522114," | untested | `UNCOMPUTED` | 11 → **6 after control, read as 4–8** (`#257`) | **pick count · sex · position S all controlled** (`#252`) | | **Breadth "
README.md,80,category count,False,522532,* (`#257`) | correlates only +0.2036 with position; both survive jointly; total category count controlled — the gap **grows** to +0.4905 ⚠ **`#366`: a
README.md,80,pick count,False,522908,"lationship style, gender tolerance, politics, straightness, BMI, partner count, pick count, porn habit, self-reported honesty), a commonality decompos"
README.md,80,breadth,False,526969,t rho_i (−0.8499 vs 0.8779) |  **Read the reliability column first.** The three breadth types (0.56–0.72) are the most reliable person-level quantitie
README.md,80,category count,False,534190,"whether they have acted on everything that arouses them. Controlling S, c3⁻ and category count, shame predicts **−0.0833** (se 0.0123) on having acted"
README.md,80,category count,False,537535,"son-level variables against the belief residual (after removing acting, S, c3⁻, category count and shame), the largest is **+0.0888** against a max-of"
README.md,80,category count,False,540483," score predicts shame at **+0.0827** raw and **+0.0657** controlling S, c3⁻ and category count (se 0.0126), **+5.10 sd** past a permutation threshold "
README.md,80,category count,False,542587,"re not one construct.** That item is not inverted shame: with shame, S, c3⁻ and category count removed, the residual still has structure (largest \|r\"
README.md,80,category count,False,552253,"fying the shame→acted relation by partner count (0 versus ≥1), controlling age, category count and — in the narrow arm — S and c3⁻, the coefficient is"
README.md,80,breadth,False,553021,"se they require ≥8 blocks. ⚠ **`#390`: put in one model, intensity survives and breadth collapses — the withdrawal is reversed by a test registered in"
README.md,80,breadth,False,553336,"1, threshold 0.0253 from permuting both columns together) while the block-count breadth score falls from −0.0430 alone to **−0.0009**. So `#389`'s −0."
README.md,80,breadth,False,553414,t breadth score falls from −0.0430 alone to **−0.0009**. So `#389`'s −0.026 was breadth speaking for intensity. **The three outcomes and their predict
README.md,80,category count,False,558629,"arry more shame.** Regressing shame on that within-person ordering, controlling category count and S, gives **−0.0287** (95% CI [−0.047, −0.011], −3.0"
README.md,80,breadth,False,565208," this project ends up pointing at it — position +0.1185 [cov≥8 · scope stated], breadth-type c3 +0.1286, the between-block > contrast on the disjoint "
README.md,80,breadth,False,566252,"67]**, `#320`) — the same size as position (+0.1185 [cov≥8 · scope stated]) and breadth-type c3 (+0.1286). It survives controlling response style (**+"
README.md,80,breadth,False,568480," are compared; the split is a description, not a causal claim. ⚠ **`#421`: and ""breadth"" on this page is not one quantity.** Enumerating the five brea"
README.md,80,breadth,True,568546,"*`#421`: and ""breadth"" on this page is not one quantity.** Enumerating the five breadth measures actually used — onset-category count, fetish-category"
README.md,80,category count,True,568585,"not one quantity.** Enumerating the five breadth measures actually used — onset-category count, fetish-category count, endorsed-sex-act count, block c"
README.md,80,category count,True,568608,"merating the five breadth measures actually used — onset-category count, fetish-category count, endorsed-sex-act count, block coverage and total picks"
README.md,80,category count,True,568743,"and total picks — only **6 of their 10 pairwise correlations reach 0.6**. Onset-category count, block coverage and total picks intercorrelate at **+0."
README.md,80,category count,True,568906, and behave as one thing (how much of the survey a person engaged with); fetish-category count sits at its edge (+0.62 to +0.74); and **the endorsed-s
README.md,80,category count,True,569090,"lating only +0.26 to +0.51 with the rest** — its weakest link being with fetish-category count at **+0.2615**. **So ""breadth"" is at least two things —"
README.md,80,breadth,True,569127,"est** — its weakest link being with fetish-category count at **+0.2615**. **So ""breadth"" is at least two things — how many kinds of thing interest you"
README.md,80,breadth,False,569459,"ixes it rather than ninety annotations.** Auditing both pages, about 90 uses of breadth-like wording do not name a specific measure within their immed"
README.md,80,breadth,True,569725,") names it explicitly**, as `Totalsexacts` or ""endorsed sex acts"". **So a bare ""breadth"" on this page never means the sex-act count.**  ⚠ **`#423`: an"
README.md,80,breadth,False,577638,"c, how much acted on — with **rarity of taste, how well ordinary content works, breadth type, category count and age all controlled**, more porn use s"
README.md,80,category count,False,577652,"ted on — with **rarity of taste, how well ordinary content works, breadth type, category count and age all controlled**, more porn use still predicts "
README.md,80,category count,False,580407,"s differ by more than their own resampling spread. ⚠ Two of the five (porn use, category count) have totals too near zero for their share to be estima"
README.md,80,breadth,False,580664,"nts away from doing turns out to point at something else instead.** `c3⁻` — the breadth-type coordinate — is the only one here whose path to ""how much"
README.md,80,breadth,False,582805,"one of the direct path (**−0.036**, larger than the total). **So people high on breadth type feel they cannot change this even though the one thing ab"
README.md,80,breadth,False,583477,"ot what you like — it is how your liking is distributed.** The direct path from breadth type to ""I cannot change this"" was the largest unexplained thi"
README.md,80,breadth,False,584791," corroboration, not as the test.  ⚠ **`#441` narrows this: the shape is not the breadth-type contrast, and that contrast is the weakest of the three.*"
README.md,80,breadth,False,585204,"*0.028**), the first component reaches **0.052**, the second **0.053**, and the breadth-type third only **0.036**. **So feeling unable to change what "
README.md,80,breadth,False,585490,"e is right that it is not about content, but wrong to leave the impression that breadth type is the carrier. ⚠ **`#442` corrects this**: the first com"
README.md,80,breadth,False,587148,"3 / 0.035** to **0.052 / 0.062 / 0.047** — none collapses and two **grow**, the breadth-type one by **31%**. **So involvement was masking the relation"
README.md,80,breadth,False,601539,"rks"" (**−0.066 / −0.127**) and onset age (**−0.058 / +0.050**) move **both**; **breadth type** (**+0.082 / −0.030**) and **porn use** (**+0.059 / −0.0"
README.md,80,category count,False,601946,awn to and how much you use pornography reach the shame and stop there.** ⚠ The category count looked like the weakest link — a measure of how much of
README.md,80,category count,True,602217,"asures this page enumerates, only two move the changeability outcome: the onset-category count (**−0.035**) and **block coverage** (**−0.042**), both "
README.md,80,breadth,False,603888,"ches the changeability outcome (**−0.047**) and not shame (**+0.017**), while **breadth type still reaches shame (+0.078) and not changeability**, aga"
README.md,80,category count,False,604240,"tions about the same tastes, landing in different places.** ⚠ In this model the category count falls just under the bar (**−0.031**) where in the mode"
README.md,80,breadth,True,604900," fetish categories the **weakest of the four at 0.131**. **So it is not ""fetish breadth"" — it is the same overall-engagement-breadth direction that bl"
README.md,80,breadth,True,604945,"at 0.131**. **So it is not ""fetish breadth"" — it is the same overall-engagement-breadth direction that block coverage and the category count mark, and"
README.md,80,category count,True,604991,"it is the same overall-engagement-breadth direction that block coverage and the category count mark, and it lands on the changeability path exactly wh"
README.md,80,breadth,False,605124,"y path exactly where they do.** The sentence above should be read as engagement breadth, not fetish content. ⚠ The same check kills a guess of mine in"
README.md,80,breadth,False,605220,ish content. ⚠ The same check kills a guess of mine in the other direction: the breadth-type component was supposed to be the one with no countable co
README.md,80,breadth,True,605662,ve.** Taking that strongest correlate — the endorsed-sex-act count — out of the breadth-type coordinate altogether: it accounts for **21%** of the coo
README.md,80,breadth,False,606398, out.** The six counts on this page **jointly** account for only **31%** of the breadth-type coordinate — the strongest alone was 21% — so **69% of it
README.md,80,breadth,False,611127, which is a limit of the design rather than a result.** Asked of the engagement-breadth coordinate instead — build it from the sparsely-entered blocks
README.md,80,breadth,False,615395,"osite costs and cancel. Splitting the people in the most-entered domains by the breadth-type coordinate — a cut this page already carries, with its di"
README.md,80,breadth,True,617971,"mediation at all. Reading rule, established rather than assumed: **unqualified ""breadth"" refers to the engagement family — onset-category count, block"
README.md,80,category count,True,618020,"r than assumed: **unqualified ""breadth"" refers to the engagement family — onset-category count, block coverage, total picks and fetish-category count,"
README.md,80,category count,True,618075,"ngagement family — onset-category count, block coverage, total picks and fetish-category count, which intercorrelate +0.62 to +0.86 — and the count of"
README.md,80,breadth,False,621593," the position score reads **19–21** of 31, the between-block contrast **6–12**, breadth component 1 **10–12**, component 3 **18–22**. Width is driven "
README.md,80,pick count,False,625470," survives at **+0.986** under the same treatment; **67%** survives removing the pick count, and its correlation with pick count (+0.608) is **lower** "
README.md,80,pick count,False,625507,"e treatment; **67%** survives removing the pick count, and its correlation with pick count (+0.608) is **lower** than the null's (+0.719). **And it is"
README.md,80,pick count,False,626287,"cts **shame at +0.1185 [cov≥8 · scope stated]**, and it survives every control: pick count (+0.1155), sex (+0.1154), and the **content** score itself "
README.md,80,pick count,False,626683,peline the *therapeutic* item starts at +0.0937 and **collapses to +0.0075 once pick count is controlled** — so this is not a generic artifact. ⚠ At t
README.md,80,breadth,False,627365," — shame has a second route, and it is slightly the stronger one**: the third **breadth-type** component (`#229`, person-score split-half **+0.5631**)"
README.md,80,breadth,False,627642," position score. Entered together (standardised betas, n=6,717) **both survive: breadth-type-3 +0.1090, position +0.0963**. This does **not** retract "
README.md,80,breadth,False,628328,ick rate (a quantity external to the score's construction) and build a residual breadth score from each half. The **ordinary** half predicts shame at 
README.md,80,breadth,False,628935," equally). **Being broad about ordinary things goes with *less* shame; the same breadth, moved to where few people go, becomes shame.** ⚠ ""Transgressi"
README.md,80,breadth,False,629318,"282) and the between-block contrast `D` (transgressive-half minus ordinary-half breadth, +0.6785; `corr(S,D) = +0.2029`) against all 31 outcomes. Thei"
README.md,80,breadth,False,631648,"587 ± 0.0143 (**33.5× the null's own spread**), k=3 at 0.9529 (**102×**). **So ""breadth has shape, at least two dimensions"" is cross-instrument; only "
README.md,80,pick count,False,636227,74 drop is selection and range restriction and roughly 0.10 is not; controlling pick count flattens the curve to 0.123. **The relation is strongest wh
README.md,80,pick count,False,638154,"t has not yet named or tested. ⚠ **This split is partly produced by controlling pick count**: evaluated *marginally*, the position score predicts `ani"
README.md,80,pick count,False,638398,.1185 [cov≥8 · scope stated]** — the clean division of labour appears only once pick count is held fixed (`#192`). ⚠ **The orthogonality is constructe
README.md,80,breadth,False,638892,urely idiosyncratic combinations are invisible to it  ⚠ **`#227` — 这个「内容」维度的正名是 breadth（你对多少东西说「是」），不是内容口味**：the block-level principal components were
README.md,80,breadth,False,639195,", so every content person-score behind `#188`/`#189` is a partially cancelling ±breadth mixture. Aligned by **leave-one-out sign consensus** (15 of 32"
README.md,80,pick count,False,639320,"ign consensus** (15 of 32 blocks flip), the dimension correlates **+0.8320 with pick count**, and **+0.5772 even after the position score is removed**"
README.md,80,breadth,False,640284,ks per half a random-sign sum keeps ~1/√16 of a strong common signal. **The raw breadth reading does not depend on any of this**: it is +0.8320 aligne
README.md,80,breadth,False,640436,"and **+0.5154 unaligned**, both above the registered 0.5  ⚠ **`#228` — and that breadth is not a single response style**: split the options *inside* e"
README.md,80,breadth,False,640652,"n×block cell, so every block-level property cancels — and a person's **residual breadth profile across blocks replicates at +0.4290 ± 0.0141** (77,872"
README.md,80,breadth,False,641224,".429, because the phenomenon is already there**. Scope is narrow: this refutes «breadth is *only* a global response style», **not** «the global level "
README.md,80,category count,False,643929,"e by whether they reported **≥8 onsets by age 14**, and match the rest on total category count (both medians 14). The early-accumulating group gives *"
README.md,80,category count,False,649771,"ve. ⚠ Connectivity has **no knee** (1.6×), so ""closes at 17"" holds only for the category count | `#135` `#136` | | **For a third of people the map clo"
README.md,80,category count,False,650906,"ithin-person measurement, no cross-sectional assumption). Cross-sectionally the category count grows only from 12.4 to 12.9 over fifteen years (+4.5%;"
README.md,80,breadth,False,651432," person's own permutation spread this is z = −0.5515**, and **every one of five breadth strata is resolvably negative (17.5–27.3×) — the effect is uni"
README.md,80,breadth,False,651790,after normalisation the residual gradient is *smaller* than what a deliberately breadth-independent planted effect produces. The content line does not
README.md,80,breadth,False,914558,"** (119 pairs, agreement 1.0000); display order is destroyed `#69` | | Separate breadth from acquiescence | Needs reverse-keyed or forced-choice items"
README.md,80,breadth,False,915228,"nset age, its onset spread, its holders' mean position score, its holders' mean breadth-type score) give **R² = 0.024** against a permutation null of "
README.md,80,breadth,False,924008,"ction)** — the retrospective induction claim, its two absent signatures and the breadth it actually tracks are stated once in the standing-claims tabl"
README.md,80,breadth,False,924708,tion is unusable as an outcome measure — phase 3 must be prospective.  **[R07 · breadth](A07_breadth)** — Quantity without shape. A person's set is on
README.md,80,breadth,False,924721,ble as an outcome measure — phase 3 must be prospective.  **[R07 · breadth](A07_breadth)** — Quantity without shape. A person's set is only **0.88%** 
README.md,80,breadth,False,925448, index that is orthogonal to the POWER axis (+0.024) but correlates +0.385 with breadth itself; response style and erotic endorsement cannot be separa
README.md,80,breadth,False,925595,"arated without balanced-keyed items, which this release lacks.  **[E01·R05 · is breadth the object](E01_sexual_as_a_value_not_a_category/A05_is_breadt"
README.md,80,breadth,False,925659,**[E01·R05 · is breadth the object](E01_sexual_as_a_value_not_a_category/A05_is_breadth_a_nuisance_or_the_object)** — Nearly domain-encapsulated. All 
README.md,80,breadth,True,925985,"gated `totalfetishcategory` with acquiescence controlled, childhood adversity → breadth is **r = +0.059, effect/floor 7.5** — real and small, matching"
README.md,80,breadth,False,926340,") *and* independently with the coordinates (**0.0439** after matching coverage, breadth and sex — 3.6× the neuroticism reference). Direction is unavai"
README_zh.md,80,计数,False,33584," 1。** 91 条主张全部读一遍(判据「把「性」换成「道德」,主张是否失去内容」写死在读到任何一行之前;而我知道自己想要「不用重组」,所以同时报严格与宽松两个计数)。**结果 严格 9 · 宽松 12,而阈值在 10 —— 决定跨了阈值。** ⚠⚠ **而正是「决定取决于我」这句话逼我去查为什么,"
README_zh.md,80,计数,False,33853,"** ⇒ **受影响的只有一条,就是那条已经挂了前向指针的。** ⇒ **一句关于这项工作本身的话:这是本会话第三次「把一个相邻的量当成要判的那个量」—— 数了计数而问题问结构、正对照与筛子共享盲点、判据判「用没用」而决定问「倒没倒」。三次都不是算错。** ⚠ 而结论与上一行的猜测一致这件事必须说清"
README_zh.md,80,计数,False,42604,"具上量过)只有 **4** 条 —— `Entry 653 · 686 · 689 · 690`。**两个都报,别只信宽的**(Entry 704)。 ⚠ **计数仍是 4,但 `Entry 653` 的那两具换人了**:它原本靠 GSS + NSFG,而 NSFG 那条腿在最优符号下落进自己的零("
README_zh.md,80,计数,False,42709,"换人了**:它原本靠 GSS + NSFG,而 NSFG 那条腿在最优符号下落进自己的零(Entry 718),现在靠的是 **GSS + MFQ**。**一个计数不变,不代表它底下的东西没换。**   **社会侧**(SCCS 186 个社会)  | 一句话 | 数 | 控制 | |---|---"
README_zh.md,80,计数,False,57732,"*,零容忍会逼我改几百个旧文件(`L81`);⚠ **357 处不是「357 个错」**,它是**待人工判的队列而我一条都没判过** ⇒ **不许当成项目的缺陷计数**(`#800`:存活不构成证据,存量同理)⟩| | **修好切法再重数:总体虚高 28%,而 `#833` 自己也记错了缺陷的形状*"
README_zh.md,80,计数,False,58384,"8%)** —— ⚠ **单位数只变 32 而字符变近三成,因为重复的是文本不是单位**(表行正文同时坐在 `row` 与某个 `para` 里);**三轮关键计数(谓词用 `ast` 从它们自己的文件读出,一个字符都不手抄 —— `#841` 那把新尺子的第一个正面用例):`#798` CLUMP"
README_zh.md,80,计数,False,58975,"己的输出没说的话**;⇒ **一句关于方法的话:一个总体定义错了 28%,而这 28% 是同一段文本被数了两次;重复的是文本不是单位,所以「有几个单位命中」这种计数受影响,而「有没有一个单位裸着」这种判词可能完全不受影响。计数变了不等于结论变了,但也绝不等于结论没变 —— 这两句话我这一轮只有资格说"
README_zh.md,80,计数,False,59006,"了 28%,而这 28% 是同一段文本被数了两次;重复的是文本不是单位,所以「有几个单位命中」这种计数受影响,而「有没有一个单位裸着」这种判词可能完全不受影响。计数变了不等于结论变了,但也绝不等于结论没变 —— 这两句话我这一轮只有资格说前半句** `[#842「总体虚高 28%」]`(Entry "
README_zh.md,80,计数,False,59253,ls()`)—— **正控**:旧版必须把写在 `#100` 锚后的注记**归给 `#101`**;**正控 β**:旧版 `para` 必须含有表行文本(重复计数本身)、新版必须不含;**负控**:没有表行的页面上两版必须给出**相同**的 `para` ⇒ 全过;② 前提(跑前写下的最强混淆):
README_zh.md,80,计数,False,68774,"错」**,是**已知误报的存量**,棘轮只拦**新增**的,而消掉一处新增只需在句子里写一个 `homosex` 或「作用域」⇒ **不许把 8 当成项目的缺陷计数**(`#800`/`#841` 的同一条:存活不构成证据,存量同理);⚠ **真正的修法是给编号加类型而不是给闸加正则** —— 若页"
README_zh.md,80,计数,False,70547,"能跑,**设计时没预见到,如实记下**⟩| | **剩下两条判词也重算了,而「43 处退化」是我的代理在数题名** | ⚠ **作用域**:本轮对象是页面自己的计数,与 `#846` 那条 `homosex`-only 的结论无关。**还 `#843`①** —— `#843` 把 `#798` 的"
README_zh.md,80,计数,False,71177,"duc`**;实测归属:那 43 处里 **`#846` 及之后的条目占 4 处**,其余 39 处分布在更早的条目上 ⇒ **登记为「未分辨的存量」,不是缺陷计数**(`#841` 的 357、`#848` 的 8,同一条);⚠ **正控在本轮也失败过一次,是本会话第三次同一形状**:第一版植入夹"
README_zh.md,80,计数,False,71977,"登记为未分辨,既不是「39 处要修」也不是「没事」**;⚠ 若要真判 `#807` 今天是否退化,得把 `TOP` 从「题名」换成「那条主张」,**而那会让新旧计数不可比**(`#797` 那类:两套不可比的东西并存)⇒ **登记为想法,不是计划**(`#850`①)⟩| | **一张永远自洽的空表"
README_zh.md,80,计数,False,72661,"漏了 169** ⇒ **正控证明了它会开火,却没证明它看得见我要主张的那种东西**(`realstat` 点名的那条,**本会话第四次**)⇒ 紧式/宽式两个计数现在**永远并列印出**;**② 把控制夹具当成了对象** —— 修好后作用域内 6 笔缺行里有一笔是 **`#999①`**,原文是「"
README_zh.md,80,计数,False,75156,"前者写**;⚠ **不要去补那 124 条缺失的边** —— 补边就是重写历史条目的 `NEXT`,**而 `#850` 刚证过:改一个已发表轮次的谓词会让新旧计数不可比** ⇒ 正确做法是**从今往后每笔欠账都进表**(`#851` 的闸已强制),**让缺口停止增长而不是回填**(`L81`:an"
README_zh.md,80,计数,False,80114,*本会话四次「判词说了输出没说的话」分成两类**:`#834`(列了「年龄什么都没显示」而上一行正印着 age 存活)· `#842`(「有判词受影响」而只量了计数)· `#850`(「今天有退化」而 `TOP` 匹配的是题名)——**三次错在字符串**;`#854` ——**一次错在判据本身** 
README_zh.md,80,计数,False,99838,")上 ⇒ 严格居中那组是空集**(`#864` 用的是含端点的 `np.digitize`),**不是笔误,是离散变量的粒度**,顺手把空网格改成显式报错并逐轴计数;⇒ **一句关于人的话:在「该不该拦着他」上,那几块站得离人群最远的少数,既不是同一批人,也不站在同一边 —— 最虔诚的那三分之一和最"
README_zh.md,80,广度,False,100580,"块反对者与块内反对者反对得一样多吗」被①块本来就预测反不反对、②只看「至少反对一次」的人(**在结局上做条件,collider**)**两件事共同强制** ⇒ 广度差必须减掉**合成零**(每题独立抽、保留每层逐题边际、**同样施加 R≥1**);⇒ **干净的估计量来自定理不是直觉**:**Ras"
README_zh.md,80,计数,False,107073,"(≥2 轮次脚本的**可执行代码**、且 `lib/` 里没有家)= **本轮开始 19 个,搬走 `biomale` 后剩 18 个****;⚠⚠ **而这个计数自己错过两次、一次一个方向**:不剥字符串时是 **18**(`lib/bks_items.py` 的 **docstring 引了一句"
README_zh.md,80,计数,False,108545,"*是**一条规则却不以行内 `!=` 的形状出现,**形状表看不见它 ⇒ `PROXY ⊊ PROPERTY`,已写进代理账**;② **两个形状没有正控 ⇒ 计数不可用**,而造一个正控需要先有一个已知答案,本轮没有 ⇒ **不计入,不是「以后补」**;③ **本轮没有量任何关于人的东西**,它是"
README_zh.md,80,breadth,False,109009,"许说影响很大」**,本轮去量;⚠ **而这不是随便一个 5%**:那 8 个文件全部落在 `E01` 的 `A05`–`A07`,产物正是「第三个维度的正名是 breadth」「宽度有形状,第一个名字是体液」「ALS 载荷当人层变量」—— **被污染的位置恰好是 E01 给维度起名字的那一步** |"
README_zh.md,80,计数,False,134015,"a)自 `#798` 起每次「裸着 N / 总体 M」,分母都把 131 个表行数了两遍 —— 那些「总体 379 个单位」是虚高的**;**(b)而「裸着」的计数在 `row` 单位下是对的**(`row` 看得见行尾注记)**⇒ 过去的落地判定没有被推翻,被推翻的是它们报出的总体规模**;**修"
README_zh.md,80,计数,False,138668,"子,而不是一句只能被重抄的话**;⚠ **而本轮必须自己说清楚它不是什么**(`§0.2`):**建这张表不是在还债,是在获得「能记下欠了什么」这件能力;今天的计数不是产物,那张表和它的闸才是** —— **它的价值在于以后能挡住什么,不在今天返回什么**;⇒ **一句关于这个项目自己的话:它现在有"
README_zh.md,80,计数,False,141266,"十几轮的执行句写法各异,而我只喂了一组模式)⇒ **本轮的耐用产物是那份 26 行清单,不是那个 0**(`§0.2`:站得住的是清单这件工具,不是它此刻返回的计数);⇒ **一句关于这个项目自己的话:它欠着二十六笔具名的账,而在此之前连「有多少笔」都是抄来的;现在清单可以被一行 `grep` 查出"
README_zh.md,80,计数,False,142842,"个数字从写下的第一天起就与它自己的清单不符,而它被当作事实重复了二十五次**;更糟的是 **`#808` 的 NEXT 明写「`#802`① 已还」,而同一行的计数没有动** ⇒ **`realstat`「收尾句是主张,却从来没有控制」的教科书实例 —— 而它出现在一个整套纪律都是「要测,不要假设」"
README_zh.md,80,计数,False,143815,"配器的灵敏度只在一个已知阳性上验证过 —— `#814` 刚立过:只跑过一次的控制没有分辨率。**⇒ **所以本轮的耐用产物是那份清单这件工具,不是它此刻返回的计数。**⇒ **一句关于这个项目自己的话:它欠着二十六笔具名的账,而在此之前连「有多少笔」都是抄来的;现在清单可以被一行 `grep` 查"
README_zh.md,80,计数,False,145446,"% 区间的额定值:整张网格从来没做过多重性** | **`#820` 登记的那笔债到期**(「补上多种子之前,单个格子不许当硬事实」,而我随即用单个格子拼出一个计数写进 NEXT):8 题 × 6 十年 × **5 个种子 × 2 个 `B`(1500/6000)**;**逐格标记的种子间翻转数 ="
README_zh.md,80,计数,False,166686,",−0.238] 对匀速与对零皆 EXCLUDES** · 2010s +0.023 [−0.207,+0.252] · 2020s 只有 2 个年份**不参与计数(跑前定的规矩)** ⇒ **5 个参与计数的十年里 3 个偏离匀速 ⇒「匀速」死了** | ⚠⚠ **一句关于人的话,比「五十年翻了三"
README_zh.md,80,计数,False,166708,"DES** · 2010s +0.023 [−0.207,+0.252] · 2020s 只有 2 个年份**不参与计数(跑前定的规矩)** ⇒ **5 个参与计数的十年里 3 个偏离匀速 ⇒「匀速」死了** | ⚠⚠ **一句关于人的话,比「五十年翻了三倍」具体得多**:**八十年代它没有可测量的"
README_zh.md,80,计数,False,193032,"在 MFQ/MSSCQ/SCCS 上;⇒ **严格/宽松那个跨阈值的分歧,根源不是我的判断余地,是我在量一个错的东西**;⚠ 本会话第三次同族:`#791` 数计数而问题问结构 · `#792` 正对照与筛子共享盲点 · 本轮判据判「用没用」而决定问「倒没倒」 —— **三次都不是算错,是把一个相邻"
README_zh.md,80,计数,False,202239," 0.375),1 个不显示**;⚠ **那一格被定位了,不被解释** —— 不许读成「年轻世代的差距消失了」,那需要它自己的一轮;⚠ **不可读的 13 格已计数并全部列出**(不许只报活下来的);⚠ 分位是对**格**取的不是对人,而 37 个格**不是 37 个独立证据**(共享同一批人);⚠"
README_zh.md,80,广度,True,225061,"中位 **0.345pp** —— **相当于中位结局已解释方差的 18.2%** —— 而且结局越好解释,这个成分越大(`r` = **+0.609**)。把广度代理换成块覆盖数后它仍在(25/29 为正;两个代理的共享向量相关 **+0.892**)。⚠ 共同性是**记账项**不是因果量:它只说"
README_zh.md,80,勾选数,False,225490," > **B 已死**(`#179`:位置不是一个不带立场的坐标 —— 它带着羞耻)。 > **C 唯一可分的预测没有支持**(`#234a`:按羞耻分层、匹配勾选数,宽度剖面的两半复现是 > **0.4672 / 0.4611 / 0.4718** —— 平的,而这个设计的正对照在比 C 所预测的"
README_zh.md,80,勾选数,False,226246,多冷门 | **+0.432** | 块(32 道多选) | 未验 | **+0.1185 [cov≥8 · scope stated]** | 9/20 | 勾选数已控(+0.1155)· 性别 · 内容分 | | **跨块对比 D** —— 你在哪些领域敞开 | **+0.6785** | 块 
README_zh.md,80,勾选数,False,226511,"2 ± 0.0171,即**上限的 86%**;低于上限是可分辨的(7.7 个展布),但绝对差只有 0.13。保留两行是因为残差可分辨,不是因为它们独立。 | 勾选数在起始仪器上几乎不存在(+0.0428) | | **宽度剖面** —— 你被打开的形状 | **+0.4290** | 块 | **"
README_zh.md,80,勾选数,False,226735,"*29 里 8,跨六个选项劈半种子读作 3–13**(`#255` —— ⚠ `#254` 的「什么都不预测」**已撤回**:那个读数来自一个不巧的种子) | 勾选数已控 · 块层属性已排除(`#228b`) | | 宽度类型 c1 | **+0.6429** | 块 | 未验 | `UNCOMPU"
README_zh.md,80,勾选数,False,226847,"型 c1 | **+0.6429** | 块 | 未验 | `UNCOMPUTED` | 13 → **控制后 9,读作 6–12**(`#257`) | **勾选数 · 性别 · 位置分 S 三重已控**(`#252`) | | 宽度类型 c2 | **+0.5778** | 块 | 未验 | `"
README_zh.md,80,勾选数,False,226965,"类型 c2 | **+0.5778** | 块 | 未验 | `UNCOMPUTED` | 11 → **控制后 6,读作 4–8**(`#257`) | **勾选数 · 性别 · 位置分 S 三重已控**(`#252`) | | **宽度类型 c3 —— *你把开放花在哪儿*** | **+0.5"
README_zh.md,80,类别数,False,227190,"| **+0.1286** | 21 → **控制后 19,读作 17–21**(`#257`) | 与位置分只相关 +0.2036,同时进回归两个都活;控制总类别数后差**变大**到 +0.4905 ⚠ **`#366`:这条路没有另外两条干净。** 拿 **20** 个**非坐标**人层量做 p"
README_zh.md,80,广度,False,229640,"(自助 95% 区间 **[+0.088, +0.167]**,`#320`) —— 与位置分(+0.1185 [cov≥8 · scope stated])和广度型 c3(+0.1286)同量级。它扛住了答题风格的控制(去衰减 **+0.0791**,保留 61%)。缺席的不是信号,而是它的**独"
README_zh.md,80,计数,True,230049,"度。用一道**措辞把方向锁死**的同族题来标定整个家族 —— *「我已经实践过所有唤起我的东西」*,若「值越高 = 越同意」,它**必须**随一个人认可的性行为计数上升 —— 对两个计数锚给出 **+0.118** 与 **+0.056**。**所以「值越高 = 越同意」成立,而本页每一条羞耻结论此"
README_zh.md,80,计数,True,230060,"向锁死**的同族题来标定整个家族 —— *「我已经实践过所有唤起我的东西」*,若「值越高 = 越同意」,它**必须**随一个人认可的性行为计数上升 —— 对两个计数锚给出 **+0.118** 与 **+0.056**。**所以「值越高 = 越同意」成立,而本页每一条羞耻结论此前都压在一个从未被验证"
README_zh.md,80,计数,True,230146,"**+0.118** 与 **+0.056**。**所以「值越高 = 越同意」成立,而本页每一条羞耻结论此前都压在一个从未被验证的假设上。**  ⚠ 另外,两个计数锚对这两题**给出相反的符号** —— 被画的与写的东西唤起,与**认可的性行为数**是 **−0.076 / −0.062**,与**"
README_zh.md,80,类别数,True,230218," ⚠ 另外,两个计数锚对这两题**给出相反的符号** —— 被画的与写的东西唤起,与**认可的性行为数**是 **−0.076 / −0.062**,与**恋物类别数**是 **+0.095 / +0.035** —— 那是一个**实质的分裂**,不是仪器失灵。 ⚠ **`#420`:而它经得起一次"
README_zh.md,80,计数,True,230336,"的分裂**,不是仪器失灵。 ⚠ **`#420`:而它经得起一次正式的检验。** 控制 `S`、`c3⁻`、羞耻与年龄之后,`form` 分数对**认可的性行为计数**是 **−0.076**(阈 0.019),对**恋物类别计数**是 **+0.049**(阈 0.022),两者都越过由「打乱 `"
README_zh.md,80,计数,True,230369,"式的检验。** 控制 `S`、`c3⁻`、羞耻与年龄之后,`form` 分数对**认可的性行为计数**是 **−0.076**(阈 0.019),对**恋物类别计数**是 **+0.049**(阈 0.022),两者都越过由「打乱 `form` 分数本身」构造的 offset 零 —— **反号,而"
README_zh.md,80,计数,False,230451,"**是 **+0.049**(阈 0.022),两者都越过由「打乱 `form` 分数本身」构造的 offset 零 —— **反号,而且两个都存活**;而两个计数彼此相关 **+0.373**,所以「共线残留」并不是稻草人。**对画的与写的东西有反应的人,想要的**种类**更多,而做过的**事**"
README_zh.md,80,计数,False,230560,"稻草人。**对画的与写的东西有反应的人,想要的**种类**更多,而做过的**事**更少 —— 而这不是口味整体上更冷门造成的,那一条已经控掉了。**  ⚠ 两个计数都是自报并各自标准化,所以只比符号与是否越阈;这个分裂是描述,不是因果主张。 ⚠ **`#421`:而本页所说的「广度」**不是一个量*"
README_zh.md,80,广度,True,230619,"造成的,那一条已经控掉了。**  ⚠ 两个计数都是自报并各自标准化,所以只比符号与是否越阈;这个分裂是描述,不是因果主张。 ⚠ **`#421`:而本页所说的「广度」**不是一个量**。** 把实际用过的五个广度量列举出来 —— 起始类别数、恋物类别数、认可的性行为数、块覆盖数、总勾选项数 —— 它"
README_zh.md,80,广度,True,230643,"是自报并各自标准化,所以只比符号与是否越阈;这个分裂是描述,不是因果主张。 ⚠ **`#421`:而本页所说的「广度」**不是一个量**。** 把实际用过的五个广度量列举出来 —— 起始类别数、恋物类别数、认可的性行为数、块覆盖数、总勾选项数 —— 它们的 10 对两两相关里**只有 6 对达到 0"
README_zh.md,80,类别数,True,230656,"比符号与是否越阈;这个分裂是描述,不是因果主张。 ⚠ **`#421`:而本页所说的「广度」**不是一个量**。** 把实际用过的五个广度量列举出来 —— 起始类别数、恋物类别数、认可的性行为数、块覆盖数、总勾选项数 —— 它们的 10 对两两相关里**只有 6 对达到 0.6**。起始类别数、块覆"
README_zh.md,80,类别数,True,230662,"越阈;这个分裂是描述,不是因果主张。 ⚠ **`#421`:而本页所说的「广度」**不是一个量**。** 把实际用过的五个广度量列举出来 —— 起始类别数、恋物类别数、认可的性行为数、块覆盖数、总勾选项数 —— 它们的 10 对两两相关里**只有 6 对达到 0.6**。起始类别数、块覆盖数与总勾选"
README_zh.md,80,类别数,True,230720,"的五个广度量列举出来 —— 起始类别数、恋物类别数、认可的性行为数、块覆盖数、总勾选项数 —— 它们的 10 对两两相关里**只有 6 对达到 0.6**。起始类别数、块覆盖数与总勾选项数彼此 **+0.83 ~ +0.86**,表现得像**一件事**(一个人在这份问卷里卷入了多少);恋物类别数在它"
README_zh.md,80,类别数,True,230785," 6 对达到 0.6**。起始类别数、块覆盖数与总勾选项数彼此 **+0.83 ~ +0.86**,表现得像**一件事**(一个人在这份问卷里卷入了多少);恋物类别数在它的边缘(+0.62 ~ +0.74);**而认可的性行为数是落单的那一个,与其余只有 +0.26 ~ +0.51** —— 最弱的"
README_zh.md,80,类别数,True,230863,"恋物类别数在它的边缘(+0.62 ~ +0.74);**而认可的性行为数是落单的那一个,与其余只有 +0.26 ~ +0.51** —— 最弱的一环正是它与恋物类别数的 **+0.2615**。**所以「广度」至少是两个东西 —— 你对多少种东西有兴趣,和你实际做过多少事 —— 而上面那个 `for"
README_zh.md,80,广度,True,230885,"74);**而认可的性行为数是落单的那一个,与其余只有 +0.26 ~ +0.51** —— 最弱的一环正是它与恋物类别数的 **+0.2615**。**所以「广度」至少是两个东西 —— 你对多少种东西有兴趣,和你实际做过多少事 —— 而上面那个 `form` 分数把这两者推向相反的方向。** ⚠ "
README_zh.md,80,广度,False,231022,"推向相反的方向。** ⚠ **`#422`:而这个歧义原来是**有界**的,所以修它需要的是一条定义,不是九十处标注。** 把两页都审一遍,约 **90** 处广度类措辞没有在紧邻的上下文里点名具体的量 —— **但那个落单的量出现的全部 15 处(英文 7、中文 8)**都**明确点了名**,写作"
README_zh.md,80,计数,True,231116,"里点名具体的量 —— **但那个落单的量出现的全部 15 处(英文 7、中文 8)**都**明确点了名**,写作 `Totalsexacts` 或「认可的性行为计数」。**所以本页一句裸的「广度」从不指性行为计数。**  ⚠ **`#423`:而把题型逐个列举一遍,找出了一个**尚未触发**的陷阱,"
README_zh.md,80,广度,True,231131,"个落单的量出现的全部 15 处(英文 7、中文 8)**都**明确点了名**,写作 `Totalsexacts` 或「认可的性行为计数」。**所以本页一句裸的「广度」从不指性行为计数。**  ⚠ **`#423`:而把题型逐个列举一遍,找出了一个**尚未触发**的陷阱,外加一句关于人的话。** 问卷"
README_zh.md,80,计数,True,231140,"部 15 处(英文 7、中文 8)**都**明确点了名**,写作 `Totalsexacts` 或「认可的性行为计数」。**所以本页一句裸的「广度」从不指性行为计数。**  ⚠ **`#423`:而把题型逐个列举一遍,找出了一个**尚未触发**的陷阱,外加一句关于人的话。** 问卷里有**两个**斐"
README_zh.md,80,计数,False,231311,"{0,−1,−2,−3,−5,−8}` 与 `{0,1,2,3,5,8}`。`#392` 已确定前者**−8 是最色情的一端**。用同样两个「方向由构造固定」的计数锚去标定后者,它对两个锚**都为正**(**+0.166** 与 **+0.114**,对「掩码内打乱」零分别是 **7.4** 与 *"
README_zh.md,80,计数,False,231851,"」的口味**。** 名单上最大的、从未标定的题族 —— **67** 个唤起评分,从 anal 到 spanking 到 mind-break —— 用同样两个计数锚标定:**134 个检验里 122 个越过族内阈,全部为正,而 134 个里没有一个是负的**,从最弱的 **+0.028** 到最强"
README_zh.md,80,计数,False,232073,",而且被量了出来**:在一个把**整行人**一起搬走的零下 —— 列与列之间的相关被**精确**保住(**0.0757** 对 **0.0757**),只打断与计数的配对 —— 负号数从 **34 到 104**,中位 **67**,散布约是「符号独立」的**两倍**;**而「一个负号都没有」在 2"
README_zh.md,80,计数,False,232227,"零里一次都没出现。****所以这个读法扛住了针对它最强的反驳:这里没有任何一种口味,它越强、一个人的性生活越窄。更重从来不等于更专精。** ⚠ 「宽」由两个**计数**定义,这是横断面,而最弱的一题弱到接近无关 —— 所以主张是**「从不为负」**,不是「什么都一起来」。  ⚠ **`#429`:而"
README_zh.md,80,类别数,True,233432,"而这次带着一个数。** 当初给出那个结论的判据后来被发现是坏的(`#442`),所以这次重试用上了本页**所有**方向由构造固定的量 —— 认可的性行为数、恋物类别数,以及分档的性伴数。三个方向**确已确立**的变量对着这组锚分别达到 **0.196**、**0.247** 与 **0.146**;"
README_zh.md,80,计数,False,233600,"` 最强只到 0.074**。**⇒ 所以不是这个检验太严 —— 是现有的任何东西都定不下这个变量的哪一端是哪一端。** ⚠ **`#480` 找到了一个「只用计数」的判据从没试过的锚,而它改变了答案 —— 隔着两级。** 先问一个更便宜的问题:它是不是那三个方向已定的量的**噪声版本**?它与它们"
README_zh.md,80,计数,False,233731,"向已定的量的**噪声版本**?它与它们中任何一个的最强联系是 **−0.174**,而「同一构念的两次测量」需要远在 **0.5** 以上,本数据里连两个不同的计数都能到 **+0.373**。**⇒ 所以它不是那些已知量的影子。** 但它最接近的那一个是 **extroversion**,而**它"
README_zh.md,80,计数,False,233861,"*extroversion**,而**它的方向在本页是已确立的** —— 于是 extroversion 本身就是一个合格的锚,而 **−0.174 越过了那些计数没能越过的同一道杠**。对着「能动感是外向性的一个侧面」这个标准立场读,编码就定下来了:**这个变量的高端 = 更没有能动感**,而页面"
README_zh.md,80,广度,False,234390,"定下,色情使用量这个变量原来只多加了一件事。** 对着本页已有的四个结局 —— 羞耻、能不能停、治疗性、实践了多少 —— 在**口味有多罕见、普通内容管不管用、广度型、类别数与年龄全部控制**之后,用得越多仍然预测**更多羞耻**(**+0.061**,**5.19 sd**,族内阈 2.44),而"
README_zh.md,80,类别数,False,234394,"情使用量这个变量原来只多加了一件事。** 对着本页已有的四个结局 —— 羞耻、能不能停、治疗性、实践了多少 —— 在**口味有多罕见、普通内容管不管用、广度型、类别数与年龄全部控制**之后,用得越多仍然预测**更多羞耻**(**+0.061**,**5.19 sd**,族内阈 2.44),而对另外三"
README_zh.md,80,类别数,False,235541,"为负的量,好让这件事**可见**而不是被藏起来。**不是代数的那部分是大小** —— 而这些大小的差别超过了它们自身的重抽样展布。⚠ 五个里有两个(色情使用量、类别数)的总效应太贴近零,**份额根本不可估**,如实报出来,而不是删掉。  ⚠ **`#436`:而那个唯一指向「做得更少」的坐标,原来指"
README_zh.md,80,广度,False,235627,"效应太贴近零,**份额根本不可估**,如实报出来,而不是删掉。  ⚠ **`#436`:而那个唯一指向「做得更少」的坐标,原来指的是别的东西。** `c3⁻`(广度型)是本页唯一一个通往「实践了多少」为负的坐标。把模型分成「控羞耻」与「不控羞耻」两臂:**控羞耻之后活下来的不是「做得更少」,而是「觉"
README_zh.md,80,广度,False,236238,"有两条路,不是一条。** 本页已经说过,塑造「我停不下来」的是**经验**而不是情绪 —— 一个人实践了多少能预测这个信念(**−0.039**),而羞耻不能。广度型也能预测它(**−0.035**),而且**几乎一样大**,所以显而易见的读法是:它是**经由经验**起作用的。**并不是。** 以「"
README_zh.md,80,广度,False,236387,"「实践了多少」为中介做分解,经验那条路只占总量的 **−2.4%**(**[−6.4%, −0.5%]**)—— 而那个负号才是要点:**它是往反方向跑的**。广度型强的人**做得更少**(−0.027),而做得更少的人**更觉得自己能改**,所以这条路本该把结果往回拉。它确实在拉,而它几乎没有抵消"
README_zh.md,80,广度,False,236489,",而做得更少的人**更觉得自己能改**,所以这条路本该把结果往回拉。它确实在拉,而它几乎没有抵消掉直接那条(**−0.036**,**比总量还大**)。**⇒ 广度型高的人觉得这件事自己改不了 —— 尽管他们身上唯一本该让它显得可改的那一点****(他们实践得更少)也同时为真。** ⚠ 本轮**预注"
README_zh.md,80,广度,False,236739,"程在模型里;族内阈在 400 与 4,000 次置换之间移动 **3.3%**。  ⚠ **`#440`:而这不是「你喜欢什么」,是「你的喜欢怎么分布」。** 广度型通往「这件事我改不了」的**直接**那条路,是本页最大的一块没有解释的东西,所以把它拆到**对象自身**的层面:把这个坐标**重建 3"
README_zh.md,80,广度,False,237283,"前 k 块的那条曲线是**近似**,不是真正的留 k 块重拟合,作为**旁证**报出,不作为检验本身。  ⚠ **`#441` 把这句话收窄了:那个「形状」不是广度型这个对比,而且它是三个里最弱的。** `c3⁻` 是块×块残差相关矩阵的**第三**个特征向量;接下来显然要问的是前两个是什么、它们是"
README_zh.md,80,广度,False,237438,"个信念。**三个都预测。** 用「三个里的最大值在置换下的分布」搭的杠(**0.028**):第一个成分达到 **0.052**,第二个 **0.053**,而广度型那个第三个只有 **0.036**。**⇒ 「觉得自己改不了」跟的是**领头的残差结构整体强**,不是某一个特定对比** —— 上面那"
README_zh.md,80,广度,False,237528," **0.036**。**⇒ 「觉得自己改不了」跟的是**领头的残差结构整体强**,不是某一个特定对比** —— 上面那句话说「与内容无关」是对的,但它留下的「广度型是承载者」的印象是错的。⚠ **`#442` 更正这一句**:第一个成分被判成锚不住,是因为它与**其中一个**方向已固定的计数相关只"
README_zh.md,80,计数,True,237593,"内容无关」是对的,但它留下的「广度型是承载者」的印象是错的。⚠ **`#442` 更正这一句**:第一个成分被判成锚不住,是因为它与**其中一个**方向已固定的计数相关只有 **+0.028** —— 但对**另一个**计数(恋物类别数)它达到 **−0.131**。**错的是「单锚」这条判据,而它"
README_zh.md,80,计数,True,237623,"⚠ **`#442` 更正这一句**:第一个成分被判成锚不住,是因为它与**其中一个**方向已固定的计数相关只有 **+0.028** —— 但对**另一个**计数(恋物类别数)它达到 **−0.131**。**错的是「单锚」这条判据,而它自己的正对照就这么说**:在这个掩码上,一个方向**已经确立"
README_zh.md,80,类别数,True,237628,"#442` 更正这一句**:第一个成分被判成锚不住,是因为它与**其中一个**方向已固定的计数相关只有 **+0.028** —— 但对**另一个**计数(恋物类别数)它达到 **−0.131**。**错的是「单锚」这条判据,而它自己的正对照就这么说**:在这个掩码上,一个方向**已经确立**的变量"
README_zh.md,80,计数,True,237845,"是判据,不是变量。** 改成「两个锚任一过杠」之后,三个成分**全部**锚得住,而第一个读作:**恋物类别越多,越不觉得这件事能改。**⚠ 第二个与认可的性行为计数相关 **−0.38**,所以它有很大一部分可能就是**整体卷入度**而不是一个独立对比;这是一条注意事项,不是一个结果。⚠ 三个成分*"
README_zh.md,80,计数,True,238032,"布过反的读法。  ⚠ **`#442`:而它不是「卷入度」换了个名字 —— 把卷入度控制掉,它反而更强。** 上一段最显然的泄气解释是:第二个成分与认可的性行为计数相关 **−0.38**,所以「残差结构预测觉得改不了」可能只是「卷入得多的人更觉得改不了」。把那个计数加进控制集重拟合,**两臂都报*"
README_zh.md,80,计数,True,238084,"** 上一段最显然的泄气解释是:第二个成分与认可的性行为计数相关 **−0.38**,所以「残差结构预测觉得改不了」可能只是「卷入得多的人更觉得改不了」。把那个计数加进控制集重拟合,**两臂都报**:三个系数从 **0.052 / 0.053 / 0.035** 变成 **0.052 / 0.062"
README_zh.md,80,广度,False,238186,"系数从 **0.052 / 0.053 / 0.035** 变成 **0.052 / 0.062 / 0.047** —— **没有一个塌掉,两个反而变大**,广度型那个大了 **31%**。**⇒ 卷入度是在**遮蔽**这个关系,而不是在制造它;领头的残差结构跟着的是卷入度里没有的东西。** ⚠ "
README_zh.md,80,计数,False,238332,"* ⚠ 我预测的是第二个成分会塌。⚠ **`#443` 给了它第一个形状:「更卷入」有两种,而它们落在不同的关于人的事实上。** 第二与第三个成分**都被同一个计数(认可的性行为数)锚定,却符号相反** —— 所以这个结构把「卷入」切成了两半。把两半都转向同一侧、对四个结局各跑一遍:**每一半都只在"
README_zh.md,80,广度,False,244095, / −0.086**)、「普通的东西也管用」(**−0.066 / −0.127**)与起始年龄(**−0.058 / +0.050**)推**两个**;**广度型**(**+0.082 / −0.030**)与**色情使用量**(**+0.059 / −0.016**)**只推羞耻**;而**一
README_zh.md,80,类别数,False,244290,"**⇒ 为唤起自己的东西感到羞耻,与觉得那件事搬不动,不是同一种状态的两种读法:****你被什么吸引、以及你用多少色情内容,走到羞耻就停住了。** ⚠ **答题类别数**看起来是最弱的一环 —— 它衡量的是一个人走过了问卷的多少。**`#459` 检验了这一点,而「答题量」这个读法不成立。** 本页"
README_zh.md,80,类别数,True,244390,"量的是一个人走过了问卷的多少。**`#459` 检验了这一点,而「答题量」这个读法不成立。** 本页列举过的五个卷入量里,**只有两个**推动「能不能改」:起始类别数(**−0.035**)与**块覆盖数**(**−0.042**),**两个都是「一个人进过多少个彼此不同的领域」的计数**。而三个数"
README_zh.md,80,计数,True,244451,"**只有两个**推动「能不能改」:起始类别数(**−0.035**)与**块覆盖数**(**−0.042**),**两个都是「一个人进过多少个彼此不同的领域」的计数**。而三个数「领域**之内**」的量 —— 总勾选项数(**−0.023**)、恋物类别数(**−0.014**)、认可的性行为数(*"
README_zh.md,80,类别数,True,244496,"*−0.042**),**两个都是「一个人进过多少个彼此不同的领域」的计数**。而三个数「领域**之内**」的量 —— 总勾选项数(**−0.023**)、恋物类别数(**−0.014**)、认可的性行为数(**−0.031**)—— **一个都没越过**共同的阈 **0.034**。**⇒ 所以不"
README_zh.md,80,广度,True,245115,"「恋物类别越多」**,即上面那段所用的框架)加进同一个七量模型:它够到的是「能不能改」(**−0.047**)而**不是**羞耻(**+0.017**);而**广度型仍然够到羞耻(+0.078)而不是「能不能改」**,共同的阈是 **0.034**。**⇒ 所以一个人把开放度花在哪里,跟着的是他有多"
README_zh.md,80,类别数,True,245265,"羞耻;****而他握着多少个彼此分开的恋物类别,跟着的是那件事感觉上有多可动。****关于同一批口味的两个不同问题,落在不同的地方。** ⚠ 在这个模型里,答题类别数**刚好落到阈下**(**−0.031**),而在**不含**第一个成分的模型里它是过阈的 —— **两个模型不可比,前一条结论被限定"
README_zh.md,80,类别数,True,245487,":第一个成分的四个锚**全部同号**,所以它的定向站得住 —— 但它最强的三个是 **总勾选项数(0.227)**、**块覆盖数(0.213)** 与 **起始类别数(0.183)**,而**恋物类别数是四个里最弱的(0.131)**。**⇒ 所以它不是「恋物广度」—— 它就是块覆盖数与类别数所标记"
README_zh.md,80,类别数,True,245505,",所以它的定向站得住 —— 但它最强的三个是 **总勾选项数(0.227)**、**块覆盖数(0.213)** 与 **起始类别数(0.183)**,而**恋物类别数是四个里最弱的(0.131)**。**⇒ 所以它不是「恋物广度」—— 它就是块覆盖数与类别数所标记的那条**整体卷入广度**的方向,*"
README_zh.md,80,广度,True,245537,".227)**、**块覆盖数(0.213)** 与 **起始类别数(0.183)**,而**恋物类别数是四个里最弱的(0.131)**。**⇒ 所以它不是「恋物广度」—— 它就是块覆盖数与类别数所标记的那条**整体卷入广度**的方向,****而它落在「能不能改」这条路上的位置,与它们完全一致。** "
README_zh.md,80,类别数,True,245551,"(0.213)** 与 **起始类别数(0.183)**,而**恋物类别数是四个里最弱的(0.131)**。**⇒ 所以它不是「恋物广度」—— 它就是块覆盖数与类别数所标记的那条**整体卷入广度**的方向,****而它落在「能不能改」这条路上的位置,与它们完全一致。** 上面那句话应当按**卷入广度"
README_zh.md,80,广度,True,245566,"始类别数(0.183)**,而**恋物类别数是四个里最弱的(0.131)**。**⇒ 所以它不是「恋物广度」—— 它就是块覆盖数与类别数所标记的那条**整体卷入广度**的方向,****而它落在「能不能改」这条路上的位置,与它们完全一致。** 上面那句话应当按**卷入广度**读,不是按恋物内容读。⚠ "
README_zh.md,80,广度,True,245619,"」—— 它就是块覆盖数与类别数所标记的那条**整体卷入广度**的方向,****而它落在「能不能改」这条路上的位置,与它们完全一致。** 上面那句话应当按**卷入广度**读,不是按恋物内容读。⚠ 同一次检查也杀掉了我另一个方向上的猜测:**广度型**那个成分本来被我设想成「没有可数对应物」的那一个,而"
README_zh.md,80,广度,True,245658,"而它落在「能不能改」这条路上的位置,与它们完全一致。** 上面那句话应当按**卷入广度**读,不是按恋物内容读。⚠ 同一次检查也杀掉了我另一个方向上的猜测:**广度型**那个成分本来被我设想成「没有可数对应物」的那一个,而它恰恰拥有**三个里最强**的(与认可的性行为计数 **0.460**)。**"
README_zh.md,80,计数,True,245712,"读。⚠ 同一次检查也杀掉了我另一个方向上的猜测:**广度型**那个成分本来被我设想成「没有可数对应物」的那一个,而它恰恰拥有**三个里最强**的(与认可的性行为计数 **0.460**)。**⇒ 所以给它命名的五次失败,不是因为缺一个外部相关物** —— 无论原因是什么,都不是这个。 ⚠ **`#4"
README_zh.md,80,计数,True,245827,"一个外部相关物** —— 无论原因是什么,都不是这个。 ⚠ **`#465` 把「一个名字必须扛住什么」收窄了一步。** 把那个最强的相关物 —— 认可的性行为计数 —— 整个从广度型坐标里扣掉:它占这个坐标方差的 **21%**,而**残差**对羞耻的预测是 **+0.069**(原来 **+0."
README_zh.md,80,广度,True,245836," —— 无论原因是什么,都不是这个。 ⚠ **`#465` 把「一个名字必须扛住什么」收窄了一步。** 把那个最强的相关物 —— 认可的性行为计数 —— 整个从广度型坐标里扣掉:它占这个坐标方差的 **21%**,而**残差**对羞耻的预测是 **+0.069**(原来 **+0.078**),**"
README_zh.md,80,计数,False,246026,"哪里,与他实际做过多少有关,但**不是**它:****把「认可多少种性行为」抽走,通向羞耻的那条链子还剩八分之七。** ⚠ 这意味着那个未命名的东西**不是那个计数换了件衣服**,而任何一个给它的名字,都必须**扛得住同一次减法**。 ⚠ **`#466` 把所有可数量一次性全部扣掉,出来两件事。*"
README_zh.md,80,计数,False,246103,"是那个计数换了件衣服**,而任何一个给它的名字,都必须**扛得住同一次减法**。 ⚠ **`#466` 把所有可数量一次性全部扣掉,出来两件事。** 本页那六个计数**联合**只解释广度型坐标的 **31%** —— 单看最强的那个是 21% —— 所以**它有 69% 是这些计数一个都碰不到的**"
README_zh.md,80,广度,False,246114,"*,而任何一个给它的名字,都必须**扛得住同一次减法**。 ⚠ **`#466` 把所有可数量一次性全部扣掉,出来两件事。** 本页那六个计数**联合**只解释广度型坐标的 **31%** —— 单看最强的那个是 21% —— 所以**它有 69% 是这些计数一个都碰不到的**;而把六个全部扣掉之后"
README_zh.md,80,计数,False,246162,"次性全部扣掉,出来两件事。** 本页那六个计数**联合**只解释广度型坐标的 **31%** —— 单看最强的那个是 21% —— 所以**它有 69% 是这些计数一个都碰不到的**;而把六个全部扣掉之后,通向羞耻的联系仍保留 **74%**(从 **+0.079** 到 **+0.059**)。*"
README_zh.md,80,计数,False,246264,",通向羞耻的联系仍保留 **74%**(从 **+0.079** 到 **+0.059**)。**⇒ 所以「一个人把开放度花在哪里」里,有一大块是这份问卷里任何计数都够不到的,****而四分之三的羞耻关系就住在那里。** ⚠ 第二件事**限定的是上面那一段,不是这一段**:把计数剥掉之后,残差**也"
README_zh.md,80,计数,False,246322,"开放度花在哪里」里,有一大块是这份问卷里任何计数都够不到的,****而四分之三的羞耻关系就住在那里。** ⚠ 第二件事**限定的是上面那一段,不是这一段**:把计数剥掉之后,残差**也**越过了「能不能改」那一格(**−0.031**),而**原样构造的坐标并没有**。所以「各走一条路」那种干净的分"
README_zh.md,80,计数,False,246422,"能改」那一格(**−0.031**),而**原样构造的坐标并没有**。所以「各走一条路」那种干净的分离,是**这个坐标按它被构造出来的样子**的性质,不是它去掉计数之后的内核的性质 —— **是那些计数在扛着「能不能改」那一侧**。 ⚠ **`#469`:而本页所依赖的「稀有 ↔ 羞耻」这条联系,在"
README_zh.md,80,计数,False,246441,"而**原样构造的坐标并没有**。所以「各走一条路」那种干净的分离,是**这个坐标按它被构造出来的样子**的性质,不是它去掉计数之后的内核的性质 —— **是那些计数在扛着「能不能改」那一侧**。 ⚠ **`#469`:而本页所依赖的「稀有 ↔ 羞耻」这条联系,在**少有人踏进的领域**里强了一倍。*"
README_zh.md,80,广度,False,248088,"致;**分离的只是「领域之间的差」这一项**。 ⚠ **`#473`:而同一个问题**不能**照样问另一条路 —— 这是设计的边界,不是一个结果。** 改问卷入广度那个坐标 —— 用人烟稀少的块建一次、用人烟稠密的块建一次,再比 —— 差是 **−0.059**,而且每个 k 都越阈。**但参照臂在"
README_zh.md,80,广度,False,249820,"对每个人都是一样的 —— 它不是两种人的平均数。** 对一个近乎为零的结果,最显然的救法是:两群人付相反的代价,在平均里抵消掉了。把最常被进入的领域里的人按**广度型坐标**劈两半 —— 这个切法本页已有,方向也已确立 —— 两半在六块时是 **−0.050 与 −0.056**,八块时 **−0."
README_zh.md,80,广度,True,250809,"样吻合。⚠ 被它取代的那句话是我**上一轮**写的,而**我预注册的预期是「根本没有中介」** —— 也错了。 由此确立(而非假定)的阅读规则:**未加限定的「广度」指的是**卷入家族** —— 起始类别数、块覆盖数、总勾选项数与恋物类别数,它们彼此相关 +0.62 ~ +0.86 —— 而**认可"
README_zh.md,80,类别数,True,250829,"轮**写的,而**我预注册的预期是「根本没有中介」** —— 也错了。 由此确立(而非假定)的阅读规则:**未加限定的「广度」指的是**卷入家族** —— 起始类别数、块覆盖数、总勾选项数与恋物类别数,它们彼此相关 +0.62 ~ +0.86 —— 而**认可的性行为计数在被指涉时总是被点名**。*"
README_zh.md,80,类别数,True,250846,"「根本没有中介」** —— 也错了。 由此确立(而非假定)的阅读规则:**未加限定的「广度」指的是**卷入家族** —— 起始类别数、块覆盖数、总勾选项数与恋物类别数,它们彼此相关 +0.62 ~ +0.86 —— 而**认可的性行为计数在被指涉时总是被点名**。**  ⚠ 那个 90 是**上界*"
README_zh.md,80,计数,True,250883,"未加限定的「广度」指的是**卷入家族** —— 起始类别数、块覆盖数、总勾选项数与恋物类别数,它们彼此相关 +0.62 ~ +0.86 —— 而**认可的性行为计数在被指涉时总是被点名**。**  ⚠ 那个 90 是**上界**:用「±120 字窗口内是否出现具体量名」来判「已点名」是一个代理,它会"
README_zh.md,80,勾选数,False,254606,"。连续交互系数 **−0.0150**,置换零 +0.0051 ± 0.0135,而同一个检验把植入的 0.15 交互认成 **+0.1502**。它扛住了控制勾选数与分性别(−0.024 … −0.008)。**这是一个有功效的零,不是证据的缺席。** ⚠ ** 这个交互零带着它自己的分辨率:**"
README_zh.md,80,类别数,False,255101,"开这件事:「如果非常努力,你能停止被它唤起吗」(*Impossible* … *稍微努力就行*)与「我已经实践过所有唤起我的东西」。控制 `S`、`c3⁻` 与类别数后,羞耻对「实践了多少」是 **−0.0833**(se 0.0123),越过它自己的置换阈 0.0238 达 **−6.85 sd*"
README_zh.md,80,类别数,False,256436,"了。 ⚠ **`#388`:而真正预测这个信念的,是「普通的东西对你也有用」。** 把 112 个数值型人层量对着信念的残差(已去掉实践量、`S`、`c3⁻`、类别数与羞耻)扫一遍,最大的是 **+0.0888**,对着「112 个合成噪声列取最大」的阈 0.0419;而头几名是同一个家族 —— 说"
README_zh.md,80,计数,True,256754,"全问卷恰好五个),而它们的取值只跑遍 {0, −1, −2, −3, −5, −8},**从不为正**,**众数是 −8**,0 最罕见。用两个方向由构造固定的计数变量作锚:五题平均与 `Totalsexacts` 相关 **−0.4502**、与勾选类别总数 **−0.1866** —— 两锚同号"
README_zh.md,80,计数,True,256994,"起作用。** 于是 +0.1255 的读法是:**普通的东西对一个人越不起作用,他越相信自己能停下来。**  ⚠ 而构念也不是「常规内容」—— 它与认可的性行为计数相关 −0.45,有很大一块只是**整体性唤起度取反**。原来的读法保留在下面而不是删掉,因为这件事值得记下来的地方正是:**四轮的门全"
README_zh.md,80,类别数,False,257610,"个分数也预测羞耻 —— 它是两件**彼此无关**的事的共同前项。** 方向订正之后,五题分数预测羞耻:原始 **+0.0827**,控制 `S`、`c3⁻` 与类别数后 **+0.0657**(se 0.0126),越过置换阈 0.0247 达 **+5.10 sd**。所以普通的东西对一个人越不起"
README_zh.md,80,类别数,False,258509,"局去扫 —— 「参与/幻想那些唤起我的东西对我是疗愈的」—— 又找到两条,而它们**不是一个构念**。** 那道题不是羞耻取反:去掉羞耻、`S`、`c3⁻` 与类别数后,残差里仍有结构(最大 \|r\| **0.1187**,对着「112 个合成噪声列取最大」的阈 0.0442,21 个候选里 10"
README_zh.md,80,计数,True,260708,"0.16、轮廓清晰度 −0.09 也都越过 2.73 的族内阈。**但用一个既不是羞耻、也不是我的读法的锚**把八个量都定向到「更卷入」—— 即**认可的性行为计数**,它的方向由「它是一个计数」固定,且不参与四格的定义 —— **只有 8 个里的 6 个指向「更淡」,而 offset 零是 3.9"
README_zh.md,80,计数,True,260723,"9 也都越过 2.73 的族内阈。**但用一个既不是羞耻、也不是我的读法的锚**把八个量都定向到「更卷入」—— 即**认可的性行为计数**,它的方向由「它是一个计数」固定,且不参与四格的定义 —— **只有 8 个里的 6 个指向「更淡」,而 offset 零是 3.96 ± 1.46,它的 95 "
README_zh.md,80,计数,False,262294,"2.47 sd 越阈 —— 擦线 —— 而结局之间的相关会**抬高**一致性,所以偏差朝着结论的方向。**  ⚠ MDE 扫描**每一级都饱和**,因为**符号计数**这种统计量几乎没有动态范围:这个设计的 MDE **不可测**,而那与「很小」不是一回事。**所以形如「`S` 高的人如何如何」的句"
README_zh.md,80,类别数,False,262808,"描未饱和。 ⚠ **`#411`:而在**从没有过性伴**的人身上,羞耻几乎完全不压制行动。** 把「羞耻 → 实践」按性伴数(0 vs ≥1)分层,控制年龄、类别数,窄臂另控 `S` 与 `c3⁻`:系数在从没有过性伴的人身上是 **−0.015**,在其余人身上是 **−0.077**,差 **"
README_zh.md,80,广度,False,263131,"都分不开它们。** ⚠ 宽窄两口径是不同人群,而宽臂去掉了 `S` 与 `c3⁻`(它们需要 ≥8 个块)。 ⚠ **`#390`:放进同一个模型,强度活下来、广度塌掉 —— 那次收回被一个**事先注册**的检验撤销。** 两项同时在场时(它们相关 −0.37,所以「共线到两个都塌」那个世界不成立)"
README_zh.md,80,计数,False,263265,"共线到两个都塌」那个世界不成立),评分式的**强度**分数保持 **+0.1255**(se 0.0131,阈 0.0253,由两列**一起**打乱给出),而块计数式的**广度**分数从单独放的 −0.0430 掉到 **−0.0009**。所以 `#389` 的 −0.026 是**广度在替强度说"
README_zh.md,80,广度,False,263271,"塌」那个世界不成立),评分式的**强度**分数保持 **+0.1255**(se 0.0131,阈 0.0253,由两列**一起**打乱给出),而块计数式的**广度**分数从单独放的 −0.0430 掉到 **−0.0009**。所以 `#389` 的 −0.026 是**广度在替强度说话**。**"
README_zh.md,80,广度,False,263328,"由两列**一起**打乱给出),而块计数式的**广度**分数从单独放的 −0.0430 掉到 **−0.0009**。所以 `#389` 的 −0.026 是**广度在替强度说话**。**三个结局与各自的预测都写在跑之前**,而 kill 为「复位」那一个开火 —— 一次收回站了整整一轮,由预注册的检"
README_zh.md,80,类别数,False,266305,"每个人都是从普通的地方开始的,而这个次序是个人的,不只是人口学的。** ⚠ **`#371`:而反过来的那少数人,更羞耻。** 把羞耻回归到这个人内次序上,控制类别数与 `S`:宽口径(n = 11,535)**−0.0287**(95% CI [−0.047, −0.011],距打乱人的零 −3."
README_zh.md,80,计数,False,269196,"ength it was actually measured. The ledger entry is the receipt. > ⚠ **本页所有「N/M」计数都是区间,不是确定值**(`#233`)。全族阈值是从置换零里重抽估出来的,计数随它移动。25 次独立重抽实测:位置分读作 31 里的 "
README_zh.md,80,计数,False,269236,"er entry is the receipt. > ⚠ **本页所有「N/M」计数都是区间,不是确定值**(`#233`)。全族阈值是从置换零里重抽估出来的,计数随它移动。25 次独立重抽实测:位置分读作 31 里的 **19–21**,跨块对比 **6–12**,宽度成分 1 **10–12**"
README_zh.md,80,勾选数,False,270938,"身展布,方向是**升**);而同样的处理让一个纯**性别驱动**的位置种植塌到 **−0%**、让一个纯**个人**的位置种植存活到 **+0.986**;移除勾选数后存活 **67%**,而且它与勾选数的相关(+0.608)**低于**零的(+0.719) 。**而它也不是一个更大的「内容」维度的"
README_zh.md,80,勾选数,False,270957,"理让一个纯**性别驱动**的位置种植塌到 **−0%**、让一个纯**个人**的位置种植存活到 **+0.986**;移除勾选数后存活 **67%**,而且它与勾选数的相关(+0.608)**低于**零的(+0.719) 。**而它也不是一个更大的「内容」维度的投影**(`#165`):直接在**选"
README_zh.md,80,勾选数,False,271294,"羞耻** | 两道与块**零 item 重叠**的独立 Likert 题(n=15,503):位置分预测**羞耻 +0.1185**,并且穿过每一层控制 —— 勾选数(+0.1155)、性别(+0.1154)、**内容分本身**(**+0.1132,9.0× 自身自助 sd**)。内容只中介 **4"
README_zh.md,80,勾选数,False,271457,"跟着**你喜欢哪些家族走。跨人打乱羞耻给 **+0.0008 ± 0.0118**(效应的 1%)。内部判别:同一条管道上「疗愈」从 +0.0937 **一控制勾选数就塌到 +0.0075** —— 所以这不是通用的方法学假象。⚠ 最严门槛(≥16 块,n=950)上羞耻衰减到 +0.0156;7 "
README_zh.md,80,勾选数,False,275796,"间不重叠。**一个真值固定的合成关系在同一批阈上也会掉 0.074**,所以观测到的 0.174 的下降里约 43% 是选择与全距受限,约 0.10 不是;控制勾选数后曲线压平到 0.123。**这个关系在 `S` 被测得最差的地方最强、在测得最好的地方消失** —— 与测量误差的方向相反,而本项目"
README_zh.md,80,勾选数,False,276661,"刻度对是 −0.2673。它们不是一条轴的两端;内容维度预测的是两者**共有**的东西,而那个东西本项目**尚未命名也未检验**。⚠ **这个分工有一部分是控制勾选数造出来的**:**边际**评估下位置分对 `animated` = **+0.1193(10.0×)**,与它对羞耻的 **+0.11"
README_zh.md,80,勾选数,False,276760,"位置分对 `animated` = **+0.1193(10.0×)**,与它对羞耻的 **+0.1185** 在同一把尺上不可分 —— 干净的分工只在**给定勾选数**之后才出现(`#192`)。⚠ **正交性是构造出来的,而原始的两个维度根本不正交**:人层 `corr(S, C) = +0.4"
README_zh.md,80,breadth,False,276970,"维度、和另一个扣掉它之后的余量**,不是两个独立的东西,而内容分是跨人主成分,完全特异的组合对它不可见  ⚠ **`#227` —— 这个「内容」维度的正名是 breadth(你对多少东西说「是」),不是内容口味**:块层主成分被**直接相加而从没对齐符号** —— `np.linalg.eigh`"
README_zh.md,80,breadth,False,277120," 的特征向量符号任意,32 个块里 **17 个指向一边、15 个指向另一边**,所以 `#188`/`#189` 背后的每一个内容人分,都是一个部分相消的 ±breadth 混合。用**留一共识法**对齐后(32 个块翻了 15 个),这个维度与**勾选数相关 +0.8320**,而且**扣掉位置"
README_zh.md,80,勾选数,False,277166,"188`/`#189` 背后的每一个内容人分,都是一个部分相消的 ±breadth 混合。用**留一共识法**对齐后(32 个块翻了 15 个),这个维度与**勾选数相关 +0.8320**,而且**扣掉位置分之后仍有 +0.5772**。三个具名方向**全部同号存活** —— `animated`"
README_zh.md,80,breadth,False,277618,"— 我注册的是「未对齐必须低于 0.30」,而这个地板是我**选的,不是量的**;每半 16 个块时,随机符号和仍会保留强共同信号的 ~1/√16。**原始的 breadth 读数不依赖这一切**:对齐 +0.8320、**未对齐 +0.5154**,两个都过注册的 0.5  ⚠ **`#228` "
README_zh.md,80,breadth,False,277695,"始的 breadth 读数不依赖这一切**:对齐 +0.8320、**未对齐 +0.5154**,两个都过注册的 0.5  ⚠ **`#228` —— 而这个 breadth 不是单一的回答风格**:把每个块**内部的选项**劈成两半 —— 那是对同一个人×块格子的两次独立测量,块层的一切属性都被扣"
README_zh.md,80,breadth,False,278007," vs 要求的 0.4893)且我没有事后改它 —— **它要求的增量是对着零定价的,而基线是 +0.429,因为现象本来就在那儿**。作用域也窄:它否掉的是「breadth **只是**一个全局回答风格」,**不是**「全局水平里不含回答风格」 | `#188` `#189` `#192` `#2"
README_zh.md,80,类别数,False,279273,"置换零是效应的 30% ⚠ **`#243` —— 而它根本不是一个人群效应**:按「**14 岁前是否报了 ≥8 个起始年龄**」把人分开,并把其余人按**总类别数**匹配(两组中位都是 14)。早期积累组给出 **Δ = −0.1407 ± 0.0062**(n=2,806),类别数匹配的非早期"
README_zh.md,80,类别数,False,279334,"年龄**」把人分开,并把其余人按**总类别数**匹配(两组中位都是 14)。早期积累组给出 **Δ = −0.1407 ± 0.0062**(n=2,806),类别数匹配的非早期组给出 **+0.0268 ± 0.0060**(n=2,629)—— **符号相反,差是合并展布的 19.5×**。随机"
README_zh.md,80,类别数,False,281812,"顺序到达,是两种不同组织度的东西以不同方式到达** —— 这是 `#75` 的时间表没有的维度。⚠ 连通度**没有拐点**(1.6×),所以""17 岁关上""只对类别数成立 | `#135` `#136` | | **三分之一的人,版图在 17 岁就关上了;剩下的人,它是向外开的** | 29–32 "
README_zh.md,80,类别数,False,282290,"的人,自己报告的性兴趣有 **68.4% 是 17 岁前获得的**,最晚的那一个平均在 **22.6 岁**(人内测量,不依赖横断面假设)。横断面上 15 年里类别数只从 12.4 长到 12.9(+4.5%,队列混淆,较弱)。**这给模型 C 划了时间边界:递归重塑若存在,作用窗口主要在青春期内*"
README_zh.md,80,广度,False,282486,"报告的那批兴趣,在他自己曲目库里按罕见度排落在**第 33 百分位**(49.4×)。**以每人自己的置换零展布为单位是 z = −0.5515**,而**五个广度层每一层都可分辨为负(17.5–27.3×)—— 这个效应是普遍的,与他喜欢多少东西无关**(`#147`)。⚠ `#146` 那条「口"
README_zh.md,80,广度,False,282615,"`#147`)。⚠ `#146` 那条「口味越广越明显」已撤回:原始 Δ 的 27 倍变化是 `(k−m)/k` 的算术界,归一化后的残余梯度比一个**按构造与广度无关**的种植效应还小。内容线也不解释它(PC4 只 0.2×),稀有度离散度也不(+0.191)。**机制已定位**(`#148` `"
README_zh.md,80,类别数,False,283437,"(−0.091)。**效应稳,机制未定** | `#130` `#131` | | **越是最终口味罕见的人,这个提前量越大** | −0.0459;**按答题类别数卡钳 1:1 匹配后 −0.0417(3.1×,保留 91%)**,三个匹配规格 85–100% 一致,置换零 17%,种植正对照 +"
README_zh.md,80,计数,False,289713,"格」坐标不是一把尺子,是两把** `[#523「一个新数字也没有引入」]`**。** 把八道规范分成关于**性行为**的三道与关于**婚姻生养**的五道, 两个计数**同时**进回归后,每件行为的系数由**它自己那一域**携带: 曾有同性接触由**性严格**携带(−0.036,跨域仅 −0.012)"
README_zh.md,80,计数,False,289898,"**); 非婚生育同样(−0.052,跨域 **+0.016**)。五件行为里三件的同域系数至少是跨域的两倍; 另外两件(初次性交年龄、离婚)分不开。 ⚠ 两个计数相关 **+0.54**,这会同时抬高两边的标准误,**因此偏向「说不清」而不是偏向任一答案**; 而域的划分是我做的。改让**数据**"
README_zh.md,80,计数,False,291061,"**,而那些数字住在**前一条**里,写作 −0.03559、−0.05181、+0.01582。⚠ 两处修复都试过,也都回滚了:补上正确的锚会让这一页上另一个计数变差 —— **两种写法,两次都是**。**所以缺陷是被登记的,不是被打补丁的**,而这就是它诚实的状态。而这个核对器自身的盲点比那个发"
README_zh.md,80,计数,False,291253,"**21 段被判成错的,其实没错**。**而正对照自始至终都是通过的 —— 因为我挑来验证它的那三个,恰好都不超过四位小数。**⚠ **而这一页一直背着的另一个计数 —— 跨会话继承下来的三格「内部不一致」—— 查下去大半根本不是关于这一页的** `[#621「一条规则,它能看见的每一个样本都已经在"
README_zh.md,80,计数,False,293292,"判**,而诚实的说法是那个分辨率,不是那个答案。⚠ 那唯一一次拆限定语只发生在中文页 —— **只数英文页时这个数是零** —— 这已经是本次会话里第三次,一个计数取决于你看的是两版里的哪一版。⚠ **所以它不再是一条备注,而变成了每条规则的一个属性** `[#626「读了两版,不等于在两版上都有效"
README_zh.md,80,计数,False,293861,"*里注入一个它**本应抓到**的最小缺陷,同时注入一段它**不该抓**的无害文字作为零臂。**六个可测格,六个都开火,一个失明的都没有,而零臂在任何地方都没有把计数抬高。**⛔ 而那处更正:我写过那条一致性规则在中文页上**结构性开不了火**。**它开得了。**只要注入的缺陷里带上**一行不含中文的"
README_zh.md,80,计数,False,294369,"交之间的差里** —— 所以在一个一次性分支上造了两次提交:一次加入带符号的量,一次把它删掉。**它在两版上都开火;而零臂(第二次提交只改措辞)在两版上都没有把计数抬高分毫。**还剩三格算不出来,而这个数现在报的是三,不是四。⚠ 这一轮真正值得留下的是它自己的那道守卫:工作区不干净时它拒绝伪造任何东"
README_zh.md,80,计数,False,307304,"0.099)、向种族主义者宣誓效忠、踢一只狗、嘲笑胖子** —— 全落在「伤害—公平」那条上。但预注册的检验数的是「每条轴认领了 26 件里的几件」,而**这个计数自己的噪声地板比计数还大**:两个真正不同的道德得分分开 4 件与 6 件,两条轴分开 6 件与 4 件,两个随机方向分开 0 件与 2"
README_zh.md,80,计数,False,307314,"主义者宣誓效忠、踢一只狗、嘲笑胖子** —— 全落在「伤害—公平」那条上。但预注册的检验数的是「每条轴认领了 26 件里的几件」,而**这个计数自己的噪声地板比计数还大**:两个真正不同的道德得分分开 4 件与 6 件,两条轴分开 6 件与 4 件,两个随机方向分开 0 件与 2 件 —— 而门槛("
README_zh.md,80,计数,False,308020,"这个扫描本身也不干净:它的十五个命中我逐个手检,**有三个是假阳性**,而且全在另一侧(两个编的是**谁**被罚,一个编的是名讳禁忌**有没有**),所以诚实的计数是 **七与五**,不是十与五。**那堵我差点写上这一页的墙并不存在** —— 而墙后面是一个这个项目里任何人层问卷都没能提供的形状:*"
README_zh.md,80,计数,False,325949,"更强** —— 声称可判的三轮,阈都在区间外;自报判不了的两轮,阈都在区间内。⚠ **而这次收口自己查出了三件别的。**① 这一页上「几个纪元、几个弧、几轮」的计数**三个数字全错,两版还互相矛盾**(英文 25 弧 213 轮、中文 21 弧 207 轮),**而同一页另一段写着十六个弧** ——"
README_zh.md,80,计数,False,377084,"非数据(打 +1、讲道理 +1、以身作则 0 并把含它的四对预先排除、放任 −1、疼爱 −1),统计量是六对上「预测符号乘观测相关」的均值——连续量,既不是十档计数,也不是少点上的秩相关。**结果:六对预测符号全部命中,统计量 +0.3243;松零的中位正好压在零上(+0.0003)、九十五分位 +"
README_zh.md,80,广度,False,383764,"影 `#89` | | 呈现顺序首因 | release **按字母序**导出多选答案(119 对一致性 1.0000),显示顺序已毁 `#69` | | 区分广度与默许 | 需反向计分或强制选择题项,本 release 没有 | | 因果方向 | 横断面,剥离过的 release | | **说出"
README_zh.md,80,广度,False,384055,"9 倍**),打乱人的零把残差压回 **0.031 ± 0.006**。但四个已有的量(该类别的平均起始年龄、起始年龄的 sd、拥有者的平均位置分、拥有者的平均广度型分)给出 **R² = 0.024**,而置换零是 **0.132 ± 0.083** —— **比随机还少**,同时一个只由单一来源"
README_zh.md,80,广度,False,388428,"一条真实的、有界的、对 A 的约束。  **[R06 · 诱导](A06_induction)** —— 回溯性诱导那条声明、它缺席的两个签名、以及它真正跟踪的广度, 都已在上面的常设声明表里说过一次;这一节只补表里没有的。 **[已更正 —— RETRACTIONS #26,由 #144 抓到]*"
README_zh.md,80,广度,False,388711,"发布版里,一般性的随和与一般性的情色认可分不开。 **设计后果**:诱导的回溯性自报**不能**用作结局测量 —— 第三阶段必须是前瞻的。  **[R07 · 广度](A07_breadth)** —— 有量没有形状。一个人的集合在坐标空间里,只比一个 按基率、同样大小的集合**集中 0.88%**"
README_zh.md,80,breadth,False,388719,"的随和与一般性的情色认可分不开。 **设计后果**:诱导的回溯性自报**不能**用作结局测量 —— 第三阶段必须是前瞻的。  **[R07 · 广度](A07_breadth)** —— 有量没有形状。一个人的集合在坐标空间里,只比一个 按基率、同样大小的集合**集中 0.88%** —— 可忽略。"
README_zh.md,80,广度,False,388946,"0.88% 的那个 K 上是 **−0.29%**;当年与它并列打印的 t 值,在本仓库里已无存留出处。 集合从随机走到完美嵌套的路上走了 **24.2%**。广度中等程度上是一个特质(Spearman–Brown 0.557)。 **[UNVERIFIED —— RETRACTIONS #26]*"
README_zh.md,80,广度,False,389060,"。 **[UNVERIFIED —— RETRACTIONS #26]**「9–13% 是答题风格」这个数来自一个与 POWER 轴正交(+0.024)、 却与广度本身相关 +0.385 的指标;没有平衡计分的题目就分不开答题风格与情色认可,而这个发布版没有。  **[E01·R05 · 广度是不是"
README_zh.md,80,广度,False,389125,"轴正交(+0.024)、 却与广度本身相关 +0.385 的指标;没有平衡计分的题目就分不开答题风格与情色认可,而这个发布版没有。  **[E01·R05 · 广度是不是那个对象](E01_sexual_as_a_value_not_a_category/A05_is_breadth_a_nuisa"
README_zh.md,80,breadth,False,389180,",而这个发布版没有。  **[E01·R05 · 广度是不是那个对象](E01_sexual_as_a_value_not_a_category/A05_is_breadth_a_nuisance_or_the_object)** —— 近乎领域封闭。全部 15 个非性变量合起来:**R² = 0."
README_zh.md,80,广度,True,389369,"那只在控制了问卷推进度、且结局是**受门控**的那一个时成立。 在未受门控的 `totalfetishcategory` 上、控制了随和倾向之后,童年逆境 → 广度是 **r = +0.059,效应/地板 7.5** —— 真实且小,与已发表的 d=0.151 相符。 成年性侵害、体罚与成长环境仍近"
README_zh.md,80,广度,False,389526,"R09 · 消费](A09_consumption)** —— 消费同时碰到两项:它与 θ 相关(rho 0.17), **并且**独立地与坐标相关(匹配覆盖、广度与性别之后 **0.0439** —— 神经质参照量的 3.6 倍)。 方向不可得;这正是一个前瞻设计能解决的东西。  **[R10 ·"
README_zh.md,80,计数,False,397809,"同一批债被数了两遍,而我把它写成了另有八笔债」]`:那八段里的每一段,都是**英文页上早就欠着出处的同一条主张**。仪器不再半瞎的时候,**欠账没有翻倍 —— 计数翻倍了**。这一页上带着数字而没有出处的**不同主张是九条**,其中八条只是被两种语言各数了一次。守卫仍然数实例,因为一条主张要在两版上"
README_zh.md,80,计数,False,400471,"**一轮 = 这一页上的一条声明**,而产出它的脚本平铺在它的文件夹里(全项目 635 个)。2026-08-06 从 685 个「一脚本一目录」重排而来;**计数是被发现的,不是被选的**。 **R 全局连续编号**(R001…R207),所以一个轮次号不需要弧名就唯一。  每一轮是一个目录,含 "
README.md,120,category count,False,10376,"e **GSS's six ceilings run 0.4770–0.8515 (median 0.7335)** — **in real data the ceiling is set by marginal skew, not by category count**, so normalisa"
README.md,120,breadth,False,243972,"r you refuse and ② looking only at people who refused at least once (**conditioning on the outcome, a collider**) ⇒ the breadth difference must have i"
README.md,120,breadth,False,263882,"not an arbitrary 5%**: all 8 files sit in `E01`'s `A05`–`A07`, whose products are ""the third dimension's proper name is breadth"", ""breadth has a shape"
README.md,120,breadth,False,263893,"trary 5%**: all 8 files sit in `E01`'s `A05`–`A07`, whose products are ""the third dimension's proper name is breadth"", ""breadth has a shape and its fi"
README.md,120,category count,False,406638,"r bounds** (no year-to-year variation); ⚠ shared thresholds are an assumption and **DIF is structurally untestable**; ⚠ category counts [2,4,5], **no "
README.md,120,breadth,True,518283,n outcome's explained variance** — and it grows with how well the outcome is explained (`r` = **+0.609**). Swapping the breadth proxy for block covera
README.md,120,pick count,False,519194,"inate — it comes with shame). > **C's one distinguishing prediction is unsupported** (`#234a`: stratify by shame, match pick count, > and the breadth "
README.md,120,breadth,False,519216,"shame). > **C's one distinguishing prediction is unsupported** (`#234a`: stratify by shame, match pick count, > and the breadth profile's split-half r"
README.md,120,pick count,False,520764,e options you pick are | **+0.432** | blocks (32 multi-select) | untested | **+0.1185 [cov≥8 · scope stated]** | 9/20 | pick count controlled (+0.1155
README.md,120,breadth,False,520996,"in | **+0.6785** | blocks | **verified** (onset instrument, +0.1384) | +0.0830 | ~8–10/31  ⚠ **`#259`: this row and the breadth-type c3 row overlap he"
README.md,120,pick count,False,521329,"13 in absolute terms. They are kept as two rows because the residual is resolvable, not because they are independent. | pick count near-absent on the "
README.md,120,pick count,False,521748,"option-split seeds (`#255` — ⚠ `#254`'s ""predicts nothing"" is **withdrawn**: that reading came from one unlucky seed) | pick count controlled · block-"
README.md,120,pick count,False,521936," Breadth type c1 | **+0.6429** | blocks | untested | `UNCOMPUTED` | 13 → **9 after control, read as 6–12** (`#257`) | **pick count · sex · position S "
README.md,120,pick count,False,522114,"| Breadth type c2 | **+0.5778** | blocks | untested | `UNCOMPUTED` | 11 → **6 after control, read as 4–8** (`#257`) | **pick count · sex · position S "
README.md,120,category count,False,522532," 21 → **19 after control, read as 17–21** (`#257`) | correlates only +0.2036 with position; both survive jointly; total category count controlled — th"
README.md,120,pick count,False,522908,"hildhood-adversity flags, upbringing, relationship style, gender tolerance, politics, straightness, BMI, partner count, pick count, porn habit, self-r"
README.md,120,breadth,False,526969,— its profile sits at the ceiling against rho_i (−0.8499 vs 0.8779) |  **Read the reliability column first.** The three breadth types (0.56–0.72) are 
README.md,120,category count,False,534190,"sible* … *with little effort, yes*) and whether they have acted on everything that arouses them. Controlling S, c3⁻ and category count, shame predicts"
README.md,120,category count,False,537535," for you too.** Scanning 112 numeric person-level variables against the belief residual (after removing acting, S, c3⁻, category count and shame), the"
README.md,120,category count,False,540483,"h the direction now fixed, the five-item score predicts shame at **+0.0827** raw and **+0.0657** controlling S, c3⁻ and category count (se 0.0126), **"
README.md,120,category count,False,542587,"therapeutic — finds two more, and they are not one construct.** That item is not inverted shame: with shame, S, c3⁻ and category count removed, the re"
README.md,120,category count,False,552253,"e who have never had a partner.** Stratifying the shame→acted relation by partner count (0 versus ≥1), controlling age, category count and — in the na"
README.md,120,breadth,False,553021,", and the wide arm drops S and c3⁻ because they require ≥8 blocks. ⚠ **`#390`: put in one model, intensity survives and breadth collapses — the withdr"
README.md,120,breadth,False,553336,"ity score holds at **+0.1255** (se 0.0131, threshold 0.0253 from permuting both columns together) while the block-count breadth score falls from −0.04"
README.md,120,breadth,False,553414,h columns together) while the block-count breadth score falls from −0.0430 alone to **−0.0009**. So `#389`'s −0.026 was breadth speaking for intensity
README.md,120,category count,False,558629," the few for whom it ran the other way carry more shame.** Regressing shame on that within-person ordering, controlling category count and S, gives **"
README.md,120,breadth,False,565208,"h shame** (`#278`). Everything else in > this project ends up pointing at it — position +0.1185 [cov≥8 · scope stated], breadth-type c3 +0.1286, the b"
README.md,120,breadth,False,566252," (bootstrap 95% interval **[+0.088, +0.167]**, `#320`) — the same size as position (+0.1185 [cov≥8 · scope stated]) and breadth-type c3 (+0.1286). It "
README.md,120,breadth,True,568480,"d, so only signs and threshold-crossings are compared; the split is a description, not a causal claim. ⚠ **`#421`: and ""breadth"" on this page is not o"
README.md,120,breadth,True,568546,"s a description, not a causal claim. ⚠ **`#421`: and ""breadth"" on this page is not one quantity.** Enumerating the five breadth measures actually used"
README.md,120,category count,True,568585,"**`#421`: and ""breadth"" on this page is not one quantity.** Enumerating the five breadth measures actually used — onset-category count, fetish-categor"
README.md,120,category count,True,568608," on this page is not one quantity.** Enumerating the five breadth measures actually used — onset-category count, fetish-category count, endorsed-sex-a"
README.md,120,category count,True,568743," endorsed-sex-act count, block coverage and total picks — only **6 of their 10 pairwise correlations reach 0.6**. Onset-category count, block coverage"
README.md,120,category count,True,568906,cks intercorrelate at **+0.83 to +0.86** and behave as one thing (how much of the survey a person engaged with); fetish-category count sits at its edg
README.md,120,category count,True,569090,"rsed-sex-act count is the outlier, correlating only +0.26 to +0.51 with the rest** — its weakest link being with fetish-category count at **+0.2615**."
README.md,120,breadth,True,569127,"rrelating only +0.26 to +0.51 with the rest** — its weakest link being with fetish-category count at **+0.2615**. **So ""breadth"" is at least two thing"
README.md,120,breadth,False,569459,"s out to be bounded, so one definition fixes it rather than ninety annotations.** Auditing both pages, about 90 uses of breadth-like wording do not na"
README.md,120,breadth,True,569725,"e appears (7 here, 8 in the Chinese page) names it explicitly**, as `Totalsexacts` or ""endorsed sex acts"". **So a bare ""breadth"" on this page never me"
README.md,120,breadth,False,577638,"ries — shame, ""could I stop"", therapeutic, how much acted on — with **rarity of taste, how well ordinary content works, breadth type, category count a"
README.md,120,category count,False,577652,"""could I stop"", therapeutic, how much acted on — with **rarity of taste, how well ordinary content works, breadth type, category count and age all con"
README.md,120,category count,False,580407,"not algebra is the size** — and the sizes differ by more than their own resampling spread. ⚠ Two of the five (porn use, category count) have totals to"
README.md,120,breadth,False,580664,*`#436`: and the one coordinate that points away from doing turns out to point at something else instead.** `c3⁻` — the breadth-type coordinate — is t
README.md,120,breadth,False,582805,"ther way. It is, and it cancels almost none of the direct path (**−0.036**, larger than the total). **So people high on breadth type feel they cannot "
README.md,120,breadth,False,583477,"0 permutations.  ⚠ **`#440`: and it is not what you like — it is how your liking is distributed.** The direct path from breadth type to ""I cannot chan"
README.md,120,breadth,False,584791,"ue leave-k-out refit, and is reported as corroboration, not as the test.  ⚠ **`#441` narrows this: the shape is not the breadth-type contrast, and tha"
README.md,120,breadth,False,585204,"argest of the three under permutation (**0.028**), the first component reaches **0.052**, the second **0.053**, and the breadth-type third only **0.03"
README.md,120,breadth,False,585490,"cular contrast** — and the sentence above is right that it is not about content, but wrong to leave the impression that breadth type is the carrier. ⚠"
README.md,120,breadth,False,587148,"hree coefficients go from **0.052 / 0.053 / 0.035** to **0.052 / 0.062 / 0.047** — none collapses and two **grow**, the breadth-type one by **31%**. *"
README.md,120,breadth,False,601539,"9 / −0.086**), ""ordinary content also works"" (**−0.066 / −0.127**) and onset age (**−0.058 / +0.050**) move **both**; **breadth type** (**+0.082 / −0."
README.md,120,category count,False,601946,o readings of one state: what you are drawn to and how much you use pornography reach the shame and stop there.** ⚠ The category count looked like the
README.md,120,category count,True,602217,"es not hold.** Of the five engagement measures this page enumerates, only two move the changeability outcome: the onset-category count (**−0.035**) an"
README.md,120,breadth,False,603888,"to the same seven-quantity model: it reaches the changeability outcome (**−0.047**) and not shame (**+0.017**), while **breadth type still reaches sha"
README.md,120,category count,False,604240,"how movable it feels. Two different questions about the same tastes, landing in different places.** ⚠ In this model the category count falls just unde"
README.md,120,breadth,True,604900,"* and **onset categories (0.183)**, with fetish categories the **weakest of the four at 0.131**. **So it is not ""fetish breadth"" — it is the same over"
README.md,120,breadth,True,604945,"sh categories the **weakest of the four at 0.131**. **So it is not ""fetish breadth"" — it is the same overall-engagement-breadth direction that block c"
README.md,120,category count,True,604991,"31**. **So it is not ""fetish breadth"" — it is the same overall-engagement-breadth direction that block coverage and the category count mark, and it la"
README.md,120,breadth,False,605124,"t mark, and it lands on the changeability path exactly where they do.** The sentence above should be read as engagement breadth, not fetish content. ⚠"
README.md,120,breadth,False,605220,"d be read as engagement breadth, not fetish content. ⚠ The same check kills a guess of mine in the other direction: the breadth-type component was sup"
README.md,120,breadth,True,605662,s what a name for it would have to survive.** Taking that strongest correlate — the endorsed-sex-act count — out of the breadth-type coordinate altoge
README.md,120,breadth,False,606398,"le quantity at once, and two things come out.** The six counts on this page **jointly** account for only **31%** of the breadth-type coordinate — the "
README.md,120,breadth,False,611127,"uestion cannot be put to the other path, which is a limit of the design rather than a result.** Asked of the engagement-breadth coordinate instead — b"
README.md,120,breadth,False,615395,r a near-zero is that two groups pay opposite costs and cancel. Splitting the people in the most-entered domains by the breadth-type coordinate — a cu
README.md,120,breadth,True,617971,"expected not to find** — I predicted no mediation at all. Reading rule, established rather than assumed: **unqualified ""breadth"" refers to the engagem"
README.md,120,category count,True,618020," at all. Reading rule, established rather than assumed: **unqualified ""breadth"" refers to the engagement family — onset-category count, block coverage"
README.md,120,category count,True,618075," **unqualified ""breadth"" refers to the engagement family — onset-category count, block coverage, total picks and fetish-category count, which intercor"
README.md,120,breadth,False,621593,"easured over 25 independent resamplings: the position score reads **19–21** of 31, the between-block contrast **6–12**, breadth component 1 **10–12**,"
README.md,120,pick count,False,625470,"ses to **−0%** and a purely personal one survives at **+0.986** under the same treatment; **67%** survives removing the pick count, and its correlatio"
README.md,120,pick count,False,625507,"one survives at **+0.986** under the same treatment; **67%** survives removing the pick count, and its correlation with pick count (+0.608) is **lower"
README.md,120,pick count,False,626287,"cks (n=15,503), the position score predicts **shame at +0.1185 [cov≥8 · scope stated]**, and it survives every control: pick count (+0.1155), sex (+0."
README.md,120,pick count,False,626683,he internal discriminant: on the same pipeline the *therapeutic* item starts at +0.0937 and **collapses to +0.0075 once pick count is controlled** — s
README.md,120,breadth,False,627365,"tion score, not its only one  ⚠ **`#230` — shame has a second route, and it is slightly the stronger one**: the third **breadth-type** component (`#22"
README.md,120,breadth,False,627642,"le correlating only **+0.2036** with the position score. Entered together (standardised betas, n=6,717) **both survive: breadth-type-3 +0.1090, positi"
README.md,120,breadth,False,628328, split the 32 blocks by their own mean pick rate (a quantity external to the score's construction) and build a residual breadth score from each half. 
README.md,120,breadth,False,628935,"ransgressive half, −0.0041 when it loads equally). **Being broad about ordinary things goes with *less* shame; the same breadth, moved to where few pe"
README.md,120,breadth,False,629318,"ock position score `S` (reliability +0.7282) and the between-block contrast `D` (transgressive-half minus ordinary-half breadth, +0.6785; `corr(S,D) ="
README.md,120,breadth,False,631648,"0478** against a permutation null of 0.4587 ± 0.0143 (**33.5× the null's own spread**), k=3 at 0.9529 (**102×**). **So ""breadth has shape, at least tw"
README.md,120,pick count,False,636227,"ds**, so roughly 43% of the observed 0.174 drop is selection and range restriction and roughly 0.10 is not; controlling pick count flattens the curve "
README.md,120,pick count,False,638154,"s what they **share**, which this project has not yet named or tested. ⚠ **This split is partly produced by controlling pick count**: evaluated *margi"
README.md,120,pick count,False,638398,uishable from its shame correlation **+0.1185 [cov≥8 · scope stated]** — the clean division of labour appears only once pick count is held fixed (`#19
README.md,120,breadth,False,638892,"a cross-person principal component, so purely idiosyncratic combinations are invisible to it  ⚠ **`#227` — 这个「内容」维度的正名是 breadth（你对多少东西说「是」），不是内容口味**：t"
README.md,120,breadth,False,639195,"inted one way while 15 pointed the other, so every content person-score behind `#188`/`#189` is a partially cancelling ±breadth mixture. Aligned by **"
README.md,120,pick count,False,639320,"th mixture. Aligned by **leave-one-out sign consensus** (15 of 32 blocks flip), the dimension correlates **+0.8320 with pick count**, and **+0.5772 ev"
README.md,120,breadth,False,640284, instead of measuring it**; with 16 blocks per half a random-sign sum keeps ~1/√16 of a strong common signal. **The raw breadth reading does not depen
README.md,120,breadth,False,640436,"on any of this**: it is +0.8320 aligned and **+0.5154 unaligned**, both above the registered 0.5  ⚠ **`#228` — and that breadth is not a single respon"
README.md,120,breadth,False,640652,"dependent measurements of the same person×block cell, so every block-level property cancels — and a person's **residual breadth profile across blocks "
README.md,120,breadth,False,641224,"ced against zero when the baseline is +0.429, because the phenomenon is already there**. Scope is narrow: this refutes «breadth is *only* a global res"
README.md,120,category count,False,643929," population effect at all**: split people by whether they reported **≥8 onsets by age 14**, and match the rest on total category count (both medians 1"
README.md,120,category count,False,649771,"a dimension `#75`'s schedule does not have. ⚠ Connectivity has **no knee** (1.6×), so ""closes at 17"" holds only for the category count | `#135` `#136`"
README.md,120,category count,False,650906," latest one averages **22.6 years** (a within-person measurement, no cross-sectional assumption). Cross-sectionally the category count grows only from"
README.md,120,breadth,False,651432,"re by rarity (49.4×). **In units of each person's own permutation spread this is z = −0.5515**, and **every one of five breadth strata is resolvably n"
README.md,120,breadth,False,651790," is the arithmetic bound `(k−m)/k`, and after normalisation the residual gradient is *smaller* than what a deliberately breadth-independent planted ef"
README.md,120,breadth,False,914558,"rts multiselect answers **alphabetically** (119 pairs, agreement 1.0000); display order is destroyed `#69` | | Separate breadth from acquiescence | Ne"
README.md,120,breadth,False,915228,"isting quantities (the category's mean onset age, its onset spread, its holders' mean position score, its holders' mean breadth-type score) give **R² "
README.md,120,breadth,False,924008,"aint on A.  **[R06 · induction](A06_induction)** — the retrospective induction claim, its two absent signatures and the breadth it actually tracks are"
README.md,120,breadth,False,924708,ce**: retrospective self-report of induction is unusable as an outcome measure — phase 3 must be prospective.  **[R07 · breadth](A07_breadth)** — Quan
README.md,120,breadth,False,924721,ective self-report of induction is unusable as an outcome measure — phase 3 must be prospective.  **[R07 · breadth](A07_breadth)** — Quantity without 
README.md,120,breadth,False,925448,13% response style' figure comes from an index that is orthogonal to the POWER axis (+0.024) but correlates +0.385 with breadth itself; response style
README.md,120,breadth,False,925595,"yle and erotic endorsement cannot be separated without balanced-keyed items, which this release lacks.  **[E01·R05 · is breadth the object](E01_sexual"
README.md,120,breadth,False,925659,"keyed items, which this release lacks.  **[E01·R05 · is breadth the object](E01_sexual_as_a_value_not_a_category/A05_is_breadth_a_nuisance_or_the_obje"
README.md,120,breadth,True,925985,"trolled and a *gated* outcome. On the ungated `totalfetishcategory` with acquiescence controlled, childhood adversity → breadth is **r = +0.059, effec"
README.md,120,breadth,False,926340,"th terms: it correlates with θ (rho 0.17) *and* independently with the coordinates (**0.0439** after matching coverage, breadth and sex — 3.6× the neu"
README_zh.md,120,计数,False,33584,"尾 —— 那是一个机械可枚举、与我用什么词无关的总体,**枚举它,召回按构造 = 1。** 91 条主张全部读一遍(判据「把「性」换成「道德」,主张是否失去内容」写死在读到任何一行之前;而我知道自己想要「不用重组」,所以同时报严格与宽松两个计数)。**结果 严格 9 · 宽松 12,而阈值在 10 "
README_zh.md,120,计数,False,33853,"变化比 —— **它没有推翻教育效应、领域内聚、面结构,那些多数还在别的仪器上。** ⇒ **受影响的只有一条,就是那条已经挂了前向指针的。** ⇒ **一句关于这项工作本身的话:这是本会话第三次「把一个相邻的量当成要判的那个量」—— 数了计数而问题问结构、正对照与筛子共享盲点、判据判「用没用」而决"
README_zh.md,120,计数,False,42604,"*宽读**(条目里提到 ≥2 具)有 9–12 条,**严读**(真的在 ≥2 具上量过)只有 **4** 条 —— `Entry 653 · 686 · 689 · 690`。**两个都报,别只信宽的**(Entry 704)。 ⚠ **计数仍是 4,但 `Entry 653` 的那两具换人了**"
README_zh.md,120,计数,False,42709,"ntry 704)。 ⚠ **计数仍是 4,但 `Entry 653` 的那两具换人了**:它原本靠 GSS + NSFG,而 NSFG 那条腿在最优符号下落进自己的零(Entry 718),现在靠的是 **GSS + MFQ**。**一个计数不变,不代表它底下的东西没换。**   **社会侧**("
README_zh.md,120,计数,False,57732,"te` 的零容忍相反,理由可说清:历史 357 处里有相当一部分是**合理引用**,零容忍会逼我改几百个旧文件(`L81`);⚠ **357 处不是「357 个错」**,它是**待人工判的队列而我一条都没判过** ⇒ **不许当成项目的缺陷计数**(`#800`:存活不构成证据,存量同理)⟩| | "
README_zh.md,120,计数,False,58384,"md` 单位 388→356、字符 1,030,060→805,977(+27.8%)** —— ⚠ **单位数只变 32 而字符变近三成,因为重复的是文本不是单位**(表行正文同时坐在 `row` 与某个 `para` 里);**三轮关键计数(谓词用 `ast` 从它们自己的文件读出,一个字符都不"
README_zh.md,120,计数,False,58975,"影响」也不是「没事」** —— **这正是 `#834` 那一类:判词串说了它自己的输出没说的话**;⇒ **一句关于方法的话:一个总体定义错了 28%,而这 28% 是同一段文本被数了两次;重复的是文本不是单位,所以「有几个单位命中」这种计数受影响,而「有没有一个单位裸着」这种判词可能完全不受影响"
README_zh.md,120,计数,False,59006,"类:判词串说了它自己的输出没说的话**;⇒ **一句关于方法的话:一个总体定义错了 28%,而这 28% 是同一段文本被数了两次;重复的是文本不是单位,所以「有几个单位命中」这种计数受影响,而「有没有一个单位裸着」这种判词可能完全不受影响。计数变了不等于结论变了,但也绝不等于结论没变 —— 这两句话"
README_zh.md,120,计数,False,59253,新的关于人的判断**;闸:① 控制(`lib/page_units.controls()`)—— **正控**:旧版必须把写在 `#100` 锚后的注记**归给 `#101`**;**正控 β**:旧版 `para` 必须含有表行文本(重复计数本身)、新版必须不含;**负控**:没有表行的页面上两版
README_zh.md,120,计数,False,68774,"器没证明会开火,它的零是沉默);⚠ **改不了的**:**那 8 处不是「8 个错」**,是**已知误报的存量**,棘轮只拦**新增**的,而消掉一处新增只需在句子里写一个 `homosex` 或「作用域」⇒ **不许把 8 当成项目的缺陷计数**(`#800`/`#841` 的同一条:存活不构成证"
README_zh.md,120,计数,False,70547,"测成」**;⚠ 且**九十年代奇数年那一半根本不可用**,那条切法从头就只有一半能跑,**设计时没预见到,如实记下**⟩| | **剩下两条判词也重算了,而「43 处退化」是我的代理在数题名** | ⚠ **作用域**:本轮对象是页面自己的计数,与 `#846` 那条 `homosex`-only "
README_zh.md,120,计数,False,71177,"是那条主张**,而 **`#846`/`#849` 整轮都在正当地谈 `sexeduc`**;实测归属:那 43 处里 **`#846` 及之后的条目占 4 处**,其余 39 处分布在更早的条目上 ⇒ **登记为「未分辨的存量」,不是缺陷计数**(`#841` 的 357、`#848` 的 8,同"
README_zh.md,120,计数,False,71977," —— **它们可能是真退化,也可能同样是题名误报,本轮没分辨** ⇒ **明确登记为未分辨,既不是「39 处要修」也不是「没事」**;⚠ 若要真判 `#807` 今天是否退化,得把 `TOP` 从「题名」换成「那条主张」,**而那会让新旧计数不可比**(`#797` 那类:两套不可比的东西并存)⇒"
README_zh.md,120,计数,False,72661,"间隔着一个反引号** ⇒ 它报「承诺过 **3** 笔」而**实际 172 笔,漏了 169** ⇒ **正控证明了它会开火,却没证明它看得见我要主张的那种东西**(`realstat` 点名的那条,**本会话第四次**)⇒ 紧式/宽式两个计数现在**永远并列印出**;**② 把控制夹具当成了对象*"
README_zh.md,120,计数,False,75156,"了** ⇒ **「代价由人判主导」是已知边界,不是「做不完」——两者不同,页面按前者写**;⚠ **不要去补那 124 条缺失的边** —— 补边就是重写历史条目的 `NEXT`,**而 `#850` 刚证过:改一个已发表轮次的谓词会让新旧计数不可比** ⇒ 正确做法是**从今往后每笔欠账都进表**"
README_zh.md,120,计数,False,80114,"*,所有词都能在输出里找到对应,**唯独没人问「这个比例是在谁身上算的」**;**本会话四次「判词说了输出没说的话」分成两类**:`#834`(列了「年龄什么都没显示」而上一行正印着 age 存活)· `#842`(「有判词受影响」而只量了计数)· `#850`(「今天有退化」而 `TOP` 匹配的"
README_zh.md,120,计数,False,99838,"格居中」,而 **`polviews` 的两个三分位切点落在相邻整数(4 和 5)上 ⇒ 严格居中那组是空集**(`#864` 用的是含端点的 `np.digitize`),**不是笔误,是离散变量的粒度**,顺手把空网格改成显式报错并逐轴计数;⇒ **一句关于人的话:在「该不该拦着他」上,那几块站"
README_zh.md,120,广度,False,100580,"#865`①**;⚠⚠ **算术先行 —— 最直觉的那个问法是被强制的**:「零块反对者与块内反对者反对得一样多吗」被①块本来就预测反不反对、②只看「至少反对一次」的人(**在结局上做条件,collider**)**两件事共同强制** ⇒ 广度差必须减掉**合成零**(每题独立抽、保留每层逐题边际、"
README_zh.md,120,计数,False,107073,".py`、受控形状命中 **302** 行 ⇒ **「靠拷贝活着」的 token(≥2 轮次脚本的**可执行代码**、且 `lib/` 里没有家)= **本轮开始 19 个,搬走 `biomale` 后剩 18 个****;⚠⚠ **而这个计数自己错过两次、一次一个方向**:不剥字符串时是 **18"
README_zh.md,120,计数,False,108545,"b/gss_polarity.py` 的 `ITEM_EXCEPTIONS` **是**一条规则却不以行内 `!=` 的形状出现,**形状表看不见它 ⇒ `PROXY ⊊ PROPERTY`,已写进代理账**;② **两个形状没有正控 ⇒ 计数不可用**,而造一个正控需要先有一个已知答案,本轮没有 "
README_zh.md,120,breadth,False,109009,"`**,把影响登记为 **`UNASSESSED` 并明写「不许说影响很小,也不许说影响很大」**,本轮去量;⚠ **而这不是随便一个 5%**:那 8 个文件全部落在 `E01` 的 `A05`–`A07`,产物正是「第三个维度的正名是 breadth」「宽度有形状,第一个名字是体液」「ALS 载"
README_zh.md,120,计数,False,134015,"7,锚在 850);⇒ **两条后果,分开说,不许用后一条赦免前一条**:**(a)自 `#798` 起每次「裸着 N / 总体 M」,分母都把 131 个表行数了两遍 —— 那些「总体 379 个单位」是虚高的**;**(b)而「裸着」的计数在 `row` 单位下是对的**(`row` 看得见行尾"
README_zh.md,120,计数,False,138668,"而它比之前那个抄了二十五遍的「二十五」多一样东西:它是一个能被后来的轮次改写的格子,而不是一句只能被重抄的话**;⚠ **而本轮必须自己说清楚它不是什么**(`§0.2`):**建这张表不是在还债,是在获得「能记下欠了什么」这件能力;今天的计数不是产物,那张表和它的闸才是** —— **它的价值在于"
README_zh.md,120,计数,False,141266," ⇒ **「0/26」分不开「真的一笔都没执行」与「匹配器措辞太窄」**(后面二十几轮的执行句写法各异,而我只喂了一组模式)⇒ **本轮的耐用产物是那份 26 行清单,不是那个 0**(`§0.2`:站得住的是清单这件工具,不是它此刻返回的计数);⇒ **一句关于这个项目自己的话:它欠着二十六笔具名"
README_zh.md,120,计数,False,142842,"*,而 `#800` 的规范清单去重后实际是 **26 笔** | ⚠⚠ **那个数字从写下的第一天起就与它自己的清单不符,而它被当作事实重复了二十五次**;更糟的是 **`#808` 的 NEXT 明写「`#802`① 已还」,而同一行的计数没有动** ⇒ **`realstat`「收尾句是主张,"
README_zh.md,120,计数,False,143815,"」,主张要的是「真的了结」——两个单位不相等;****(b)而更该记的是,这个匹配器的灵敏度只在一个已知阳性上验证过 —— `#814` 刚立过:只跑过一次的控制没有分辨率。**⇒ **所以本轮的耐用产物是那份清单这件工具,不是它此刻返回的计数。**⇒ **一句关于这个项目自己的话:它欠着二十六笔具"
README_zh.md,120,计数,False,145446,"一格取决于你把什么算作一族。**| | **负控失败在 5.9%,而那正是 95% 区间的额定值:整张网格从来没做过多重性** | **`#820` 登记的那笔债到期**(「补上多种子之前,单个格子不许当硬事实」,而我随即用单个格子拼出一个计数写进 NEXT):8 题 × 6 十年 × **5 个种"
README_zh.md,120,计数,False,166686,"与对零皆 EXCLUDES** · **2000s −0.476 [−0.705,−0.238] 对匀速与对零皆 EXCLUDES** · 2010s +0.023 [−0.207,+0.252] · 2020s 只有 2 个年份**不参与计数(跑前定的规矩)** ⇒ **5 个参与计数的十年里 3"
README_zh.md,120,计数,False,166708,"00s −0.476 [−0.705,−0.238] 对匀速与对零皆 EXCLUDES** · 2010s +0.023 [−0.207,+0.252] · 2020s 只有 2 个年份**不参与计数(跑前定的规矩)** ⇒ **5 个参与计数的十年里 3 个偏离匀速 ⇒「匀速」死了** | ⚠⚠ "
README_zh.md,120,计数,False,193032,"诚的年代变化比),**没有推翻**教育效应 · 领域内聚 · 面结构,那些多数还在 MFQ/MSSCQ/SCCS 上;⇒ **严格/宽松那个跨阈值的分歧,根源不是我的判断余地,是我在量一个错的东西**;⚠ 本会话第三次同族:`#791` 数计数而问题问结构 · `#792` 正对照与筛子共享盲点 ·"
README_zh.md,120,计数,False,202239,"的话**;⚠ 替代它的是分布形式:**36/37 个规格显示虔诚者改变更少(中位 0.375),1 个不显示**;⚠ **那一格被定位了,不被解释** —— 不许读成「年轻世代的差距消失了」,那需要它自己的一轮;⚠ **不可读的 13 格已计数并全部列出**(不许只报活下来的);⚠ 分位是对**格*"
README_zh.md,120,广度,True,225061,"全部 29 个结局做共同性分解:共享成分在 **29 个里有 22 个**为正,中位 **0.345pp** —— **相当于中位结局已解释方差的 18.2%** —— 而且结局越好解释,这个成分越大(`r` = **+0.609**)。把广度代理换成块覆盖数后它仍在(25/29 为正;两个代理的共"
README_zh.md,120,勾选数,False,225490,",重塑它作用过的那个表征 |  > ### 三个模型现在的处境(`#234c`) > **B 已死**(`#179`:位置不是一个不带立场的坐标 —— 它带着羞耻)。 > **C 唯一可分的预测没有支持**(`#234a`:按羞耻分层、匹配勾选数,宽度剖面的两半复现是 > **0.4672 / 0."
README_zh.md,120,勾选数,False,226246,---|---:|---:|---| | **位置分 S** —— 你挑的选项有多冷门 | **+0.432** | 块(32 道多选) | 未验 | **+0.1185 [cov≥8 · scope stated]** | 9/20 | 勾选数已控(+0.1155)· 性别 · 内容分 | | *
README_zh.md,120,勾选数,False,226511,"** —— 两者的结局剖面相关 **+0.7826**,而衰减上限是 0.9142 ± 0.0171,即**上限的 86%**;低于上限是可分辨的(7.7 个展布),但绝对差只有 0.13。保留两行是因为残差可分辨,不是因为它们独立。 | 勾选数在起始仪器上几乎不存在(+0.0428) | | **"
README_zh.md,120,勾选数,False,226735,"人**清晰度**给 +0.0148 ± 0.0116(1.3×,单种子) | **29 里 8,跨六个选项劈半种子读作 3–13**(`#255` —— ⚠ `#254` 的「什么都不预测」**已撤回**:那个读数来自一个不巧的种子) | 勾选数已控 · 块层属性已排除(`#228b`) | | 宽"
README_zh.md,120,勾选数,False,226847,"巧的种子) | 勾选数已控 · 块层属性已排除(`#228b`) | | 宽度类型 c1 | **+0.6429** | 块 | 未验 | `UNCOMPUTED` | 13 → **控制后 9,读作 6–12**(`#257`) | **勾选数 · 性别 · 位置分 S 三重已控**(`#252`"
README_zh.md,120,勾选数,False,226965,"**勾选数 · 性别 · 位置分 S 三重已控**(`#252`) | | 宽度类型 c2 | **+0.5778** | 块 | 未验 | `UNCOMPUTED` | 11 → **控制后 6,读作 4–8**(`#257`) | **勾选数 · 性别 · 位置分 S 三重已控**(`#252`"
README_zh.md,120,类别数,False,227190,"仪器越轨半 +0.1815、与普通半 **−0.1086**,差 18.6×) | **+0.1286** | 21 → **控制后 19,读作 17–21**(`#257`) | 与位置分只相关 +0.2036,同时进回归两个都活;控制总类别数后差**变大**到 +0.4905 ⚠ **`#366"
README_zh.md,120,广度,False,229640,"380 一直是对的,配对相关不是。**),所以去衰减后是 **+0.1293**(自助 95% 区间 **[+0.088, +0.167]**,`#320`) —— 与位置分(+0.1185 [cov≥8 · scope stated])和广度型 c3(+0.1286)同量级。它扛住了答题风格的控制"
README_zh.md,120,计数,True,230049,"` 不得不翻转方向的那个**从不为正**的 `RATING_NEG_FIB` 尺度。用一道**措辞把方向锁死**的同族题来标定整个家族 —— *「我已经实践过所有唤起我的东西」*,若「值越高 = 越同意」,它**必须**随一个人认可的性行为计数上升 —— 对两个计数锚给出 **+0.118** 与 "
README_zh.md,120,计数,True,230060,"个**从不为正**的 `RATING_NEG_FIB` 尺度。用一道**措辞把方向锁死**的同族题来标定整个家族 —— *「我已经实践过所有唤起我的东西」*,若「值越高 = 越同意」,它**必须**随一个人认可的性行为计数上升 —— 对两个计数锚给出 **+0.118** 与 **+0.056**。"
README_zh.md,120,计数,True,230146," 越同意」,它**必须**随一个人认可的性行为计数上升 —— 对两个计数锚给出 **+0.118** 与 **+0.056**。**所以「值越高 = 越同意」成立,而本页每一条羞耻结论此前都压在一个从未被验证的假设上。**  ⚠ 另外,两个计数锚对这两题**给出相反的符号** —— 被画的与写的东西"
README_zh.md,120,类别数,True,230218," = 越同意」成立,而本页每一条羞耻结论此前都压在一个从未被验证的假设上。**  ⚠ 另外,两个计数锚对这两题**给出相反的符号** —— 被画的与写的东西唤起,与**认可的性行为数**是 **−0.076 / −0.062**,与**恋物类别数**是 **+0.095 / +0.035** —— "
README_zh.md,120,计数,True,230336,"恋物类别数**是 **+0.095 / +0.035** —— 那是一个**实质的分裂**,不是仪器失灵。 ⚠ **`#420`:而它经得起一次正式的检验。** 控制 `S`、`c3⁻`、羞耻与年龄之后,`form` 分数对**认可的性行为计数**是 **−0.076**(阈 0.019),对**恋"
README_zh.md,120,计数,True,230369,"是一个**实质的分裂**,不是仪器失灵。 ⚠ **`#420`:而它经得起一次正式的检验。** 控制 `S`、`c3⁻`、羞耻与年龄之后,`form` 分数对**认可的性行为计数**是 **−0.076**(阈 0.019),对**恋物类别计数**是 **+0.049**(阈 0.022),两者都越"
README_zh.md,120,计数,True,230451,"可的性行为计数**是 **−0.076**(阈 0.019),对**恋物类别计数**是 **+0.049**(阈 0.022),两者都越过由「打乱 `form` 分数本身」构造的 offset 零 —— **反号,而且两个都存活**;而两个计数彼此相关 **+0.373**,所以「共线残留」并不是稻"
README_zh.md,120,计数,True,230560,"两个都存活**;而两个计数彼此相关 **+0.373**,所以「共线残留」并不是稻草人。**对画的与写的东西有反应的人,想要的**种类**更多,而做过的**事**更少 —— 而这不是口味整体上更冷门造成的,那一条已经控掉了。**  ⚠ 两个计数都是自报并各自标准化,所以只比符号与是否越阈;这个分裂是"
README_zh.md,120,广度,True,230619,",想要的**种类**更多,而做过的**事**更少 —— 而这不是口味整体上更冷门造成的,那一条已经控掉了。**  ⚠ 两个计数都是自报并各自标准化,所以只比符号与是否越阈;这个分裂是描述,不是因果主张。 ⚠ **`#421`:而本页所说的「广度」**不是一个量**。** 把实际用过的五个广度量列举出"
README_zh.md,120,广度,True,230643," —— 而这不是口味整体上更冷门造成的,那一条已经控掉了。**  ⚠ 两个计数都是自报并各自标准化,所以只比符号与是否越阈;这个分裂是描述,不是因果主张。 ⚠ **`#421`:而本页所说的「广度」**不是一个量**。** 把实际用过的五个广度量列举出来 —— 起始类别数、恋物类别数、认可的性行为数"
README_zh.md,120,类别数,True,230656,"更冷门造成的,那一条已经控掉了。**  ⚠ 两个计数都是自报并各自标准化,所以只比符号与是否越阈;这个分裂是描述,不是因果主张。 ⚠ **`#421`:而本页所说的「广度」**不是一个量**。** 把实际用过的五个广度量列举出来 —— 起始类别数、恋物类别数、认可的性行为数、块覆盖数、总勾选项数 —"
README_zh.md,120,类别数,True,230662,",那一条已经控掉了。**  ⚠ 两个计数都是自报并各自标准化,所以只比符号与是否越阈;这个分裂是描述,不是因果主张。 ⚠ **`#421`:而本页所说的「广度」**不是一个量**。** 把实际用过的五个广度量列举出来 —— 起始类别数、恋物类别数、认可的性行为数、块覆盖数、总勾选项数 —— 它们的 "
README_zh.md,120,类别数,True,230720, ⚠ **`#421`:而本页所说的「广度」**不是一个量**。** 把实际用过的五个广度量列举出来 —— 起始类别数、恋物类别数、认可的性行为数、块覆盖数、总勾选项数 —— 它们的 10 对两两相关里**只有 6 对达到 0.6**。起始类别数、块覆盖数与总勾选项数彼此 **+0.83 ~ +0.
README_zh.md,120,类别数,True,230785,"、认可的性行为数、块覆盖数、总勾选项数 —— 它们的 10 对两两相关里**只有 6 对达到 0.6**。起始类别数、块覆盖数与总勾选项数彼此 **+0.83 ~ +0.86**,表现得像**一件事**(一个人在这份问卷里卷入了多少);恋物类别数在它的边缘(+0.62 ~ +0.74);**而认可的"
README_zh.md,120,类别数,True,230863,"3 ~ +0.86**,表现得像**一件事**(一个人在这份问卷里卷入了多少);恋物类别数在它的边缘(+0.62 ~ +0.74);**而认可的性行为数是落单的那一个,与其余只有 +0.26 ~ +0.51** —— 最弱的一环正是它与恋物类别数的 **+0.2615**。**所以「广度」至少是两个"
README_zh.md,120,广度,True,230885,"*(一个人在这份问卷里卷入了多少);恋物类别数在它的边缘(+0.62 ~ +0.74);**而认可的性行为数是落单的那一个,与其余只有 +0.26 ~ +0.51** —— 最弱的一环正是它与恋物类别数的 **+0.2615**。**所以「广度」至少是两个东西 —— 你对多少种东西有兴趣,和你实际做"
README_zh.md,120,广度,True,231022,"少种东西有兴趣,和你实际做过多少事 —— 而上面那个 `form` 分数把这两者推向相反的方向。** ⚠ **`#422`:而这个歧义原来是**有界**的,所以修它需要的是一条定义,不是九十处标注。** 把两页都审一遍,约 **90** 处广度类措辞没有在紧邻的上下文里点名具体的量 —— **但那个"
README_zh.md,120,计数,True,231116,"十处标注。** 把两页都审一遍,约 **90** 处广度类措辞没有在紧邻的上下文里点名具体的量 —— **但那个落单的量出现的全部 15 处(英文 7、中文 8)**都**明确点了名**,写作 `Totalsexacts` 或「认可的性行为计数」。**所以本页一句裸的「广度」从不指性行为计数。** "
README_zh.md,120,广度,True,231131,",约 **90** 处广度类措辞没有在紧邻的上下文里点名具体的量 —— **但那个落单的量出现的全部 15 处(英文 7、中文 8)**都**明确点了名**,写作 `Totalsexacts` 或「认可的性行为计数」。**所以本页一句裸的「广度」从不指性行为计数。**  ⚠ **`#423`:而把题"
README_zh.md,120,计数,True,231140," 处广度类措辞没有在紧邻的上下文里点名具体的量 —— **但那个落单的量出现的全部 15 处(英文 7、中文 8)**都**明确点了名**,写作 `Totalsexacts` 或「认可的性行为计数」。**所以本页一句裸的「广度」从不指性行为计数。**  ⚠ **`#423`:而把题型逐个列举一遍,找"
README_zh.md,120,计数,False,231311,"于人的话。** 问卷里有**两个**斐波那契编码的评分族,值集互为镜像 —— `{0,−1,−2,−3,−5,−8}` 与 `{0,1,2,3,5,8}`。`#392` 已确定前者**−8 是最色情的一端**。用同样两个「方向由构造固定」的计数锚去标定后者,它对两个锚**都为正**(**+0.166"
README_zh.md,120,计数,False,231851,"不是关于这里每一个人的。  ⚠ **`#424`:而这份问卷里**没有一种「专精」的口味**。** 名单上最大的、从未标定的题族 —— **67** 个唤起评分,从 anal 到 spanking 到 mind-break —— 用同样两个计数锚标定:**134 个检验里 122 个越过族内阈,全部"
README_zh.md,120,计数,False,232073,",只要一个共享因子偶然落在正的一侧,它们就会**一起**变正。**这个反驳是真的,而且被量了出来**:在一个把**整行人**一起搬走的零下 —— 列与列之间的相关被**精确**保住(**0.0757** 对 **0.0757**),只打断与计数的配对 —— 负号数从 **34 到 104**,中位 "
README_zh.md,120,计数,False,232227,"**,散布约是「符号独立」的**两倍**;**而「一个负号都没有」在 200 次零里一次都没出现。****所以这个读法扛住了针对它最强的反驳:这里没有任何一种口味,它越强、一个人的性生活越窄。更重从来不等于更专精。** ⚠ 「宽」由两个**计数**定义,这是横断面,而最弱的一题弱到接近无关 —— 所"
README_zh.md,120,类别数,True,233432,",那个词不站。** ⚠ **`#461` 在修正后的判据下重试了一次,结论不变,而这次带着一个数。** 当初给出那个结论的判据后来被发现是坏的(`#442`),所以这次重试用上了本页**所有**方向由构造固定的量 —— 认可的性行为数、恋物类别数,以及分档的性伴数。三个方向**确已确立**的变量对着"
README_zh.md,120,计数,False,233600,"**0.247** 与 **0.146**;**而 `powerlessness` 最强只到 0.074**。**⇒ 所以不是这个检验太严 —— 是现有的任何东西都定不下这个变量的哪一端是哪一端。** ⚠ **`#480` 找到了一个「只用计数」的判据从没试过的锚,而它改变了答案 —— 隔着两级。*"
README_zh.md,120,计数,False,233731,"锚,而它改变了答案 —— 隔着两级。** 先问一个更便宜的问题:它是不是那三个方向已定的量的**噪声版本**?它与它们中任何一个的最强联系是 **−0.174**,而「同一构念的两次测量」需要远在 **0.5** 以上,本数据里连两个不同的计数都能到 **+0.373**。**⇒ 所以它不是那些已知"
README_zh.md,120,计数,False,233861,".373**。**⇒ 所以它不是那些已知量的影子。** 但它最接近的那一个是 **extroversion**,而**它的方向在本页是已确立的** —— 于是 extroversion 本身就是一个合格的锚,而 **−0.174 越过了那些计数没能越过的同一道杠**。对着「能动感是外向性的一个侧面」"
README_zh.md,120,广度,False,234390,"056」—— **对符号免疫**,不受影响。  ⚠ **`#433`:而方向一旦定下,色情使用量这个变量原来只多加了一件事。** 对着本页已有的四个结局 —— 羞耻、能不能停、治疗性、实践了多少 —— 在**口味有多罕见、普通内容管不管用、广度型、类别数与年龄全部控制**之后,用得越多仍然预测**更"
README_zh.md,120,类别数,False,234394,"—— **对符号免疫**,不受影响。  ⚠ **`#433`:而方向一旦定下,色情使用量这个变量原来只多加了一件事。** 对着本页已有的四个结局 —— 羞耻、能不能停、治疗性、实践了多少 —— 在**口味有多罕见、普通内容管不管用、广度型、类别数与年龄全部控制**之后,用得越多仍然预测**更多羞耻*"
README_zh.md,120,类别数,False,235541,"何抬高羞耻的量必然失去、任何压低羞耻的量必然得到;本轮**故意**放进一个对羞耻为负的量,好让这件事**可见**而不是被藏起来。**不是代数的那部分是大小** —— 而这些大小的差别超过了它们自身的重抽样展布。⚠ 五个里有两个(色情使用量、类别数)的总效应太贴近零,**份额根本不可估**,如实报出来"
README_zh.md,120,广度,False,235627,"大小的差别超过了它们自身的重抽样展布。⚠ 五个里有两个(色情使用量、类别数)的总效应太贴近零,**份额根本不可估**,如实报出来,而不是删掉。  ⚠ **`#436`:而那个唯一指向「做得更少」的坐标,原来指的是别的东西。** `c3⁻`(广度型)是本页唯一一个通往「实践了多少」为负的坐标。把模型分"
README_zh.md,120,广度,False,236238,"使所有建立在它之上的数字重新陈述。  ⚠ **`#439`:而「觉得自己改不了」有两条路,不是一条。** 本页已经说过,塑造「我停不下来」的是**经验**而不是情绪 —— 一个人实践了多少能预测这个信念(**−0.039**),而羞耻不能。广度型也能预测它(**−0.035**),而且**几乎一样大"
README_zh.md,120,广度,False,236387,"大**,所以显而易见的读法是:它是**经由经验**起作用的。**并不是。** 以「实践了多少」为中介做分解,经验那条路只占总量的 **−2.4%**(**[−6.4%, −0.5%]**)—— 而那个负号才是要点:**它是往反方向跑的**。广度型强的人**做得更少**(−0.027),而做得更少的人"
README_zh.md,120,广度,False,236489,"才是要点:**它是往反方向跑的**。广度型强的人**做得更少**(−0.027),而做得更少的人**更觉得自己能改**,所以这条路本该把结果往回拉。它确实在拉,而它几乎没有抵消掉直接那条(**−0.036**,**比总量还大**)。**⇒ 广度型高的人觉得这件事自己改不了 —— 尽管他们身上唯一本该"
README_zh.md,120,广度,False,236739,"留在记录里**,而不是把前一个悄悄替换掉。⚠ n = 6,715,横断面,羞耻全程在模型里;族内阈在 400 与 4,000 次置换之间移动 **3.3%**。  ⚠ **`#440`:而这不是「你喜欢什么」,是「你的喜欢怎么分布」。** 广度型通往「这件事我改不了」的**直接**那条路,是本页最大"
README_zh.md,120,广度,False,237283,"案。改正后的杠是**最大值自己的零分布**。**两者都留在记录里。** ⚠ 抽掉前 k 块的那条曲线是**近似**,不是真正的留 k 块重拟合,作为**旁证**报出,不作为检验本身。  ⚠ **`#441` 把这句话收窄了:那个「形状」不是广度型这个对比,而且它是三个里最弱的。** `c3⁻` 是块"
README_zh.md,120,广度,False,237438,"关矩阵的**第三**个特征向量;接下来显然要问的是前两个是什么、它们是否也预测这个信念。**三个都预测。** 用「三个里的最大值在置换下的分布」搭的杠(**0.028**):第一个成分达到 **0.052**,第二个 **0.053**,而广度型那个第三个只有 **0.036**。**⇒ 「觉得自己"
README_zh.md,120,广度,True,237528,"成分达到 **0.052**,第二个 **0.053**,而广度型那个第三个只有 **0.036**。**⇒ 「觉得自己改不了」跟的是**领头的残差结构整体强**,不是某一个特定对比** —— 上面那句话说「与内容无关」是对的,但它留下的「广度型是承载者」的印象是错的。⚠ **`#442` 更正这一"
README_zh.md,120,计数,True,237593,"的是**领头的残差结构整体强**,不是某一个特定对比** —— 上面那句话说「与内容无关」是对的,但它留下的「广度型是承载者」的印象是错的。⚠ **`#442` 更正这一句**:第一个成分被判成锚不住,是因为它与**其中一个**方向已固定的计数相关只有 **+0.028** —— 但对**另一个**"
README_zh.md,120,计数,True,237623,"— 上面那句话说「与内容无关」是对的,但它留下的「广度型是承载者」的印象是错的。⚠ **`#442` 更正这一句**:第一个成分被判成锚不住,是因为它与**其中一个**方向已固定的计数相关只有 **+0.028** —— 但对**另一个**计数(恋物类别数)它达到 **−0.131**。**错的是「"
README_zh.md,120,类别数,True,237628,"句话说「与内容无关」是对的,但它留下的「广度型是承载者」的印象是错的。⚠ **`#442` 更正这一句**:第一个成分被判成锚不住,是因为它与**其中一个**方向已固定的计数相关只有 **+0.028** —— 但对**另一个**计数(恋物类别数)它达到 **−0.131**。**错的是「单锚」这条"
README_zh.md,120,计数,True,237845,"第二个才 **+0.139**。**一条会把方向已知的变量判成锚不住的判据,量的是判据,不是变量。** 改成「两个锚任一过杠」之后,三个成分**全部**锚得住,而第一个读作:**恋物类别越多,越不觉得这件事能改。**⚠ 第二个与认可的性行为计数相关 **−0.38**,所以它有很大一部分可能就是**"
README_zh.md,120,计数,True,238032,"成分**各自单独锚定** —— 特征向量的符号是任意的,而本项目已经四次照着它发布过反的读法。  ⚠ **`#442`:而它不是「卷入度」换了个名字 —— 把卷入度控制掉,它反而更强。** 上一段最显然的泄气解释是:第二个成分与认可的性行为计数相关 **−0.38**,所以「残差结构预测觉得改不了」"
README_zh.md,120,计数,True,238084,"*`#442`:而它不是「卷入度」换了个名字 —— 把卷入度控制掉,它反而更强。** 上一段最显然的泄气解释是:第二个成分与认可的性行为计数相关 **−0.38**,所以「残差结构预测觉得改不了」可能只是「卷入得多的人更觉得改不了」。把那个计数加进控制集重拟合,**两臂都报**:三个系数从 **0."
README_zh.md,120,广度,False,238186,"「卷入得多的人更觉得改不了」。把那个计数加进控制集重拟合,**两臂都报**:三个系数从 **0.052 / 0.053 / 0.035** 变成 **0.052 / 0.062 / 0.047** —— **没有一个塌掉,两个反而变大**,广度型那个大了 **31%**。**⇒ 卷入度是在**遮蔽*"
README_zh.md,120,计数,False,238332,"*遮蔽**这个关系,而不是在制造它;领头的残差结构跟着的是卷入度里没有的东西。** ⚠ 我预测的是第二个成分会塌。⚠ **`#443` 给了它第一个形状:「更卷入」有两种,而它们落在不同的关于人的事实上。** 第二与第三个成分**都被同一个计数(认可的性行为数)锚定,却符号相反** —— 所以这个结"
README_zh.md,120,广度,False,244095,"时对两个结局跑一遍,族内阈 **0.034**:口味的罕见程度(**+0.079 / −0.086**)、「普通的东西也管用」(**−0.066 / −0.127**)与起始年龄(**−0.058 / +0.050**)推**两个**;**广度型**(**+0.082 / −0.030**)与**色"
README_zh.md,120,类别数,True,244290,"少个类别**(**+0.010 / −0.035**)**只推「觉得能改」**。**⇒ 为唤起自己的东西感到羞耻,与觉得那件事搬不动,不是同一种状态的两种读法:****你被什么吸引、以及你用多少色情内容,走到羞耻就停住了。** ⚠ **答题类别数**看起来是最弱的一环 —— 它衡量的是一个人走过了问"
README_zh.md,120,类别数,True,244390,"容,走到羞耻就停住了。** ⚠ **答题类别数**看起来是最弱的一环 —— 它衡量的是一个人走过了问卷的多少。**`#459` 检验了这一点,而「答题量」这个读法不成立。** 本页列举过的五个卷入量里,**只有两个**推动「能不能改」:起始类别数(**−0.035**)与**块覆盖数**(**−0."
README_zh.md,120,计数,True,244451,"9` 检验了这一点,而「答题量」这个读法不成立。** 本页列举过的五个卷入量里,**只有两个**推动「能不能改」:起始类别数(**−0.035**)与**块覆盖数**(**−0.042**),**两个都是「一个人进过多少个彼此不同的领域」的计数**。而三个数「领域**之内**」的量 —— 总勾选项数"
README_zh.md,120,类别数,True,244496,"个**推动「能不能改」:起始类别数(**−0.035**)与**块覆盖数**(**−0.042**),**两个都是「一个人进过多少个彼此不同的领域」的计数**。而三个数「领域**之内**」的量 —— 总勾选项数(**−0.023**)、恋物类别数(**−0.014**)、认可的性行为数(**−0.0"
README_zh.md,120,广度,True,245115,"在一条路上 —— 这是第一次能把分岔的两边都点名。** 把第一个成分(**定向为「恋物类别越多」**,即上面那段所用的框架)加进同一个七量模型:它够到的是「能不能改」(**−0.047**)而**不是**羞耻(**+0.017**);而**广度型仍然够到羞耻(+0.078)而不是「能不能改」**,共"
README_zh.md,120,类别数,True,245265,"同的阈是 **0.034**。**⇒ 所以一个人把开放度花在哪里,跟着的是他有多羞耻;****而他握着多少个彼此分开的恋物类别,跟着的是那件事感觉上有多可动。****关于同一批口味的两个不同问题,落在不同的地方。** ⚠ 在这个模型里,答题类别数**刚好落到阈下**(**−0.031**),而在**"
README_zh.md,120,类别数,True,245487,"在第一个成分上的**名字**,方向不变。** 把本页所有可数量对三个成分都试一遍:第一个成分的四个锚**全部同号**,所以它的定向站得住 —— 但它最强的三个是 **总勾选项数(0.227)**、**块覆盖数(0.213)** 与 **起始类别数(0.183)**,而**恋物类别数是四个里最弱的(0"
README_zh.md,120,类别数,True,245505,"变。** 把本页所有可数量对三个成分都试一遍:第一个成分的四个锚**全部同号**,所以它的定向站得住 —— 但它最强的三个是 **总勾选项数(0.227)**、**块覆盖数(0.213)** 与 **起始类别数(0.183)**,而**恋物类别数是四个里最弱的(0.131)**。**⇒ 所以它不是「"
README_zh.md,120,广度,True,245537,"**全部同号**,所以它的定向站得住 —— 但它最强的三个是 **总勾选项数(0.227)**、**块覆盖数(0.213)** 与 **起始类别数(0.183)**,而**恋物类别数是四个里最弱的(0.131)**。**⇒ 所以它不是「恋物广度」—— 它就是块覆盖数与类别数所标记的那条**整体卷入广"
README_zh.md,120,类别数,True,245551,"向站得住 —— 但它最强的三个是 **总勾选项数(0.227)**、**块覆盖数(0.213)** 与 **起始类别数(0.183)**,而**恋物类别数是四个里最弱的(0.131)**。**⇒ 所以它不是「恋物广度」—— 它就是块覆盖数与类别数所标记的那条**整体卷入广度**的方向,****而它落"
README_zh.md,120,广度,True,245566,"是 **总勾选项数(0.227)**、**块覆盖数(0.213)** 与 **起始类别数(0.183)**,而**恋物类别数是四个里最弱的(0.131)**。**⇒ 所以它不是「恋物广度」—— 它就是块覆盖数与类别数所标记的那条**整体卷入广度**的方向,****而它落在「能不能改」这条路上的位置,"
README_zh.md,120,广度,True,245619,",而**恋物类别数是四个里最弱的(0.131)**。**⇒ 所以它不是「恋物广度」—— 它就是块覆盖数与类别数所标记的那条**整体卷入广度**的方向,****而它落在「能不能改」这条路上的位置,与它们完全一致。** 上面那句话应当按**卷入广度**读,不是按恋物内容读。⚠ 同一次检查也杀掉了我另一个"
README_zh.md,120,广度,True,245658,"度」—— 它就是块覆盖数与类别数所标记的那条**整体卷入广度**的方向,****而它落在「能不能改」这条路上的位置,与它们完全一致。** 上面那句话应当按**卷入广度**读,不是按恋物内容读。⚠ 同一次检查也杀掉了我另一个方向上的猜测:**广度型**那个成分本来被我设想成「没有可数对应物」的那一个,"
README_zh.md,120,计数,True,245712,"的位置,与它们完全一致。** 上面那句话应当按**卷入广度**读,不是按恋物内容读。⚠ 同一次检查也杀掉了我另一个方向上的猜测:**广度型**那个成分本来被我设想成「没有可数对应物」的那一个,而它恰恰拥有**三个里最强**的(与认可的性行为计数 **0.460**)。**⇒ 所以给它命名的五次失败,"
README_zh.md,120,计数,True,245827,"可的性行为计数 **0.460**)。**⇒ 所以给它命名的五次失败,不是因为缺一个外部相关物** —— 无论原因是什么,都不是这个。 ⚠ **`#465` 把「一个名字必须扛住什么」收窄了一步。** 把那个最强的相关物 —— 认可的性行为计数 —— 整个从广度型坐标里扣掉:它占这个坐标方差的 **"
README_zh.md,120,广度,True,245836,"*0.460**)。**⇒ 所以给它命名的五次失败,不是因为缺一个外部相关物** —— 无论原因是什么,都不是这个。 ⚠ **`#465` 把「一个名字必须扛住什么」收窄了一步。** 把那个最强的相关物 —— 认可的性行为计数 —— 整个从广度型坐标里扣掉:它占这个坐标方差的 **21%**,而**"
README_zh.md,120,计数,False,246026,"保留 87%**;对「能不能改」依然什么也不预测。**⇒ 所以一个人把开放度花在哪里,与他实际做过多少有关,但**不是**它:****把「认可多少种性行为」抽走,通向羞耻的那条链子还剩八分之七。** ⚠ 这意味着那个未命名的东西**不是那个计数换了件衣服**,而任何一个给它的名字,都必须**扛得住同"
README_zh.md,120,计数,False,246103,"」抽走,通向羞耻的那条链子还剩八分之七。** ⚠ 这意味着那个未命名的东西**不是那个计数换了件衣服**,而任何一个给它的名字,都必须**扛得住同一次减法**。 ⚠ **`#466` 把所有可数量一次性全部扣掉,出来两件事。** 本页那六个计数**联合**只解释广度型坐标的 **31%** —— 单"
README_zh.md,120,广度,False,246114,"链子还剩八分之七。** ⚠ 这意味着那个未命名的东西**不是那个计数换了件衣服**,而任何一个给它的名字,都必须**扛得住同一次减法**。 ⚠ **`#466` 把所有可数量一次性全部扣掉,出来两件事。** 本页那六个计数**联合**只解释广度型坐标的 **31%** —— 单看最强的那个是 21%"
README_zh.md,120,计数,False,246162,"它的名字,都必须**扛得住同一次减法**。 ⚠ **`#466` 把所有可数量一次性全部扣掉,出来两件事。** 本页那六个计数**联合**只解释广度型坐标的 **31%** —— 单看最强的那个是 21% —— 所以**它有 69% 是这些计数一个都碰不到的**;而把六个全部扣掉之后,通向羞耻的联系"
README_zh.md,120,计数,False,246264," —— 所以**它有 69% 是这些计数一个都碰不到的**;而把六个全部扣掉之后,通向羞耻的联系仍保留 **74%**(从 **+0.079** 到 **+0.059**)。**⇒ 所以「一个人把开放度花在哪里」里,有一大块是这份问卷里任何计数都够不到的,****而四分之三的羞耻关系就住在那里。**"
README_zh.md,120,计数,False,246322,"*(从 **+0.079** 到 **+0.059**)。**⇒ 所以「一个人把开放度花在哪里」里,有一大块是这份问卷里任何计数都够不到的,****而四分之三的羞耻关系就住在那里。** ⚠ 第二件事**限定的是上面那一段,不是这一段**:把计数剥掉之后,残差**也**越过了「能不能改」那一格(**−"
README_zh.md,120,计数,False,246422,"*限定的是上面那一段,不是这一段**:把计数剥掉之后,残差**也**越过了「能不能改」那一格(**−0.031**),而**原样构造的坐标并没有**。所以「各走一条路」那种干净的分离,是**这个坐标按它被构造出来的样子**的性质,不是它去掉计数之后的内核的性质 —— **是那些计数在扛着「能不能改」"
README_zh.md,120,计数,False,246441,"把计数剥掉之后,残差**也**越过了「能不能改」那一格(**−0.031**),而**原样构造的坐标并没有**。所以「各走一条路」那种干净的分离,是**这个坐标按它被构造出来的样子**的性质,不是它去掉计数之后的内核的性质 —— **是那些计数在扛着「能不能改」那一侧**。 ⚠ **`#469`:而"
README_zh.md,120,广度,False,248088,"落,对一个人是否觉得那件事还能动,什么也不做。** ⚠ 两臂其余系数与本页别处一致;**分离的只是「领域之间的差」这一项**。 ⚠ **`#473`:而同一个问题**不能**照样问另一条路 —— 这是设计的边界,不是一个结果。** 改问卷入广度那个坐标 —— 用人烟稀少的块建一次、用人烟稠密的块建一"
README_zh.md,120,广度,False,249820,"* —— 这正是前面那一段不去主张它的原因。 ⚠ **`#479`:而地图那一端对每个人都是一样的 —— 它不是两种人的平均数。** 对一个近乎为零的结果,最显然的救法是:两群人付相反的代价,在平均里抵消掉了。把最常被进入的领域里的人按**广度型坐标**劈两半 —— 这个切法本页已有,方向也已确立 "
README_zh.md,120,广度,True,250809,"这是穿过一个相关结构的两条路径,不是两条因果机制;同样的数字与「羞耻驱动用量」一样吻合。⚠ 被它取代的那句话是我**上一轮**写的,而**我预注册的预期是「根本没有中介」** —— 也错了。 由此确立(而非假定)的阅读规则:**未加限定的「广度」指的是**卷入家族** —— 起始类别数、块覆盖数、总"
README_zh.md,120,类别数,True,250829,"因果机制;同样的数字与「羞耻驱动用量」一样吻合。⚠ 被它取代的那句话是我**上一轮**写的,而**我预注册的预期是「根本没有中介」** —— 也错了。 由此确立(而非假定)的阅读规则:**未加限定的「广度」指的是**卷入家族** —— 起始类别数、块覆盖数、总勾选项数与恋物类别数,它们彼此相关 +0"
README_zh.md,120,类别数,True,250846,"量」一样吻合。⚠ 被它取代的那句话是我**上一轮**写的,而**我预注册的预期是「根本没有中介」** —— 也错了。 由此确立(而非假定)的阅读规则:**未加限定的「广度」指的是**卷入家族** —— 起始类别数、块覆盖数、总勾选项数与恋物类别数,它们彼此相关 +0.62 ~ +0.86 —— 而*"
README_zh.md,120,计数,True,250883,"预期是「根本没有中介」** —— 也错了。 由此确立(而非假定)的阅读规则:**未加限定的「广度」指的是**卷入家族** —— 起始类别数、块覆盖数、总勾选项数与恋物类别数,它们彼此相关 +0.62 ~ +0.86 —— 而**认可的性行为计数在被指涉时总是被点名**。**  ⚠ 那个 90 是**"
README_zh.md,120,勾选数,False,254606," —— 两条都占的人背的是低低组的 **2.81 倍**,**正好是两份之和**。连续交互系数 **−0.0150**,置换零 +0.0051 ± 0.0135,而同一个检验把植入的 0.15 交互认成 **+0.1502**。它扛住了控制勾选数与分性别(−0.024 … −0.008)。**这是一"
README_zh.md,120,类别数,False,255101,"耻改变的是一个人**做了什么**,不是他**相信什么**。** 问卷里两题正好切开这件事:「如果非常努力,你能停止被它唤起吗」(*Impossible* … *稍微努力就行*)与「我已经实践过所有唤起我的东西」。控制 `S`、`c3⁻` 与类别数后,羞耻对「实践了多少」是 **−0.0833**(s"
README_zh.md,120,类别数,False,256436,"永远不能。** 这条链的方向在这些测量上**不可识别**,而且任何样本量都改变不了。 ⚠ **`#388`:而真正预测这个信念的,是「普通的东西对你也有用」。** 把 112 个数值型人层量对着信念的残差(已去掉实践量、`S`、`c3⁻`、类别数与羞耻)扫一遍,最大的是 **+0.0888**,对着"
README_zh.md,120,计数,True,256754,"`#391`。** 这五题是 `RATING_NEG_FIB` 的**全部**(全问卷恰好五个),而它们的取值只跑遍 {0, −1, −2, −3, −5, −8},**从不为正**,**众数是 −8**,0 最罕见。用两个方向由构造固定的计数变量作锚:五题平均与 `Totalsexacts` 相关"
README_zh.md,120,计数,True,256994,"003。**所以 −8 才是「色」的那一端:分数越高,常规的东西对他**越不**起作用。** 于是 +0.1255 的读法是:**普通的东西对一个人越不起作用,他越相信自己能停下来。**  ⚠ 而构念也不是「常规内容」—— 它与认可的性行为计数相关 −0.45,有很大一块只是**整体性唤起度取反**"
README_zh.md,120,类别数,False,257610,"但那是这次复制的限制,不是把结论救回来的理由。** ⚠ **`#395`:而同一个分数也预测羞耻 —— 它是两件**彼此无关**的事的共同前项。** 方向订正之后,五题分数预测羞耻:原始 **+0.0827**,控制 `S`、`c3⁻` 与类别数后 **+0.0657**(se 0.0126),越过"
README_zh.md,120,类别数,False,258509,"见的,不是在找羞耻路径时找到的。 ⚠ **`#398`–`#399`:换第三个结局去扫 —— 「参与/幻想那些唤起我的东西对我是疗愈的」—— 又找到两条,而它们**不是一个构念**。** 那道题不是羞耻取反:去掉羞耻、`S`、`c3⁻` 与类别数后,残差里仍有结构(最大 \|r\| **0.1187"
README_zh.md,120,计数,True,260708,"| 10.17)**,五题分数 +0.17、`c3⁻` −0.17、平均起始 +0.16、轮廓清晰度 −0.09 也都越过 2.73 的族内阈。**但用一个既不是羞耻、也不是我的读法的锚**把八个量都定向到「更卷入」—— 即**认可的性行为计数**,它的方向由「它是一个计数」固定,且不参与四格的定义"
README_zh.md,120,计数,True,260723," +0.17、`c3⁻` −0.17、平均起始 +0.16、轮廓清晰度 −0.09 也都越过 2.73 的族内阈。**但用一个既不是羞耻、也不是我的读法的锚**把八个量都定向到「更卷入」—— 即**认可的性行为计数**,它的方向由「它是一个计数」固定,且不参与四格的定义 —— **只有 8 个里的 "
README_zh.md,120,计数,False,262294,"位 0.690)——该零由「打乱 `S`、保住结局之间的相关」构造。**它以 +2.47 sd 越阈 —— 擦线 —— 而结局之间的相关会**抬高**一致性,所以偏差朝着结论的方向。**  ⚠ MDE 扫描**每一级都饱和**,因为**符号计数**这种统计量几乎没有动态范围:这个设计的 MDE **"
README_zh.md,120,类别数,False,262808,"*被检验过**而不是被假定的理由。 ⚠ MDE 40% 对着有意义的 50%,扫描未饱和。 ⚠ **`#411`:而在**从没有过性伴**的人身上,羞耻几乎完全不压制行动。** 把「羞耻 → 实践」按性伴数(0 vs ≥1)分层,控制年龄、类别数,窄臂另控 `S` 与 `c3⁻`:系数在从没有过性伴"
README_zh.md,120,广度,False,263131,"没有观众,也没有机会**,而「实践了多少」同时被这两者压低 —— **任何样本量都分不开它们。** ⚠ 宽窄两口径是不同人群,而宽臂去掉了 `S` 与 `c3⁻`(它们需要 ≥8 个块)。 ⚠ **`#390`:放进同一个模型,强度活下来、广度塌掉 —— 那次收回被一个**事先注册**的检验撤销。*"
README_zh.md,120,计数,False,263265,"个**事先注册**的检验撤销。** 两项同时在场时(它们相关 −0.37,所以「共线到两个都塌」那个世界不成立),评分式的**强度**分数保持 **+0.1255**(se 0.0131,阈 0.0253,由两列**一起**打乱给出),而块计数式的**广度**分数从单独放的 −0.0430 掉到 *"
README_zh.md,120,广度,False,263271,"册**的检验撤销。** 两项同时在场时(它们相关 −0.37,所以「共线到两个都塌」那个世界不成立),评分式的**强度**分数保持 **+0.1255**(se 0.0131,阈 0.0253,由两列**一起**打乱给出),而块计数式的**广度**分数从单独放的 −0.0430 掉到 **−0.00"
README_zh.md,120,广度,False,263328,"强度**分数保持 **+0.1255**(se 0.0131,阈 0.0253,由两列**一起**打乱给出),而块计数式的**广度**分数从单独放的 −0.0430 掉到 **−0.0009**。所以 `#389` 的 −0.026 是**广度在替强度说话**。**三个结局与各自的预测都写在跑之前*"
README_zh.md,120,类别数,False,266305,"个抽样」构造 —— 保住时间表,只打断个人偏差。**实测是零的 2.5 倍:几乎每个人都是从普通的地方开始的,而这个次序是个人的,不只是人口学的。** ⚠ **`#371`:而反过来的那少数人,更羞耻。** 把羞耻回归到这个人内次序上,控制类别数与 `S`:宽口径(n = 11,535)**−0.0"
README_zh.md,120,计数,False,269196,"is one sentence about people, at the strength it was actually measured. The ledger entry is the receipt. > ⚠ **本页所有「N/M」计数都是区间,不是确定值**(`#233`)。全族阈值是从置"
README_zh.md,120,计数,False,269236,"ength it was actually measured. The ledger entry is the receipt. > ⚠ **本页所有「N/M」计数都是区间,不是确定值**(`#233`)。全族阈值是从置换零里重抽估出来的,计数随它移动。25 次独立重抽实测:位置分读作 31 里的 "
README_zh.md,120,勾选数,False,270938,"别从**每一个**块层分数里回归掉,这个倾向保留 **102%**(4.9× 自身展布,方向是**升**);而同样的处理让一个纯**性别驱动**的位置种植塌到 **−0%**、让一个纯**个人**的位置种植存活到 **+0.986**;移除勾选数后存活 **67%**,而且它与勾选数的相关(+0.6"
README_zh.md,120,勾选数,False,270957,"个倾向保留 **102%**(4.9× 自身展布,方向是**升**);而同样的处理让一个纯**性别驱动**的位置种植塌到 **−0%**、让一个纯**个人**的位置种植存活到 **+0.986**;移除勾选数后存活 **67%**,而且它与勾选数的相关(+0.608)**低于**零的(+0.719)"
README_zh.md,120,勾选数,False,271294,"104` `#165` | | **而且「偏爱冷门」不是不带立场的 —— 它带着羞耻** | 两道与块**零 item 重叠**的独立 Likert 题(n=15,503):位置分预测**羞耻 +0.1185**,并且穿过每一层控制 —— 勾选数(+0.1155)、性别(+0.1154)、**内容分"
README_zh.md,120,勾选数,False,271457,"2,9.0× 自身自助 sd**)。内容只中介 **4.5%**,所以羞耻**不跟着**你喜欢哪些家族走。跨人打乱羞耻给 **+0.0008 ± 0.0118**(效应的 1%)。内部判别:同一条管道上「疗愈」从 +0.0937 **一控制勾选数就塌到 +0.0075** —— 所以这不是通用的方法"
README_zh.md,120,勾选数,False,275796,"119 · +0.084 · +0.071 · −0.002**,单调,且两端区间不重叠。**一个真值固定的合成关系在同一批阈上也会掉 0.074**,所以观测到的 0.174 的下降里约 43% 是选择与全距受限,约 0.10 不是;控制勾选数后曲线压平到 0.123。**这个关系在 `S` 被测"
README_zh.md,120,勾选数,False,276661,"en) = +0.2507`(29.4×)—— **强正**,而「确实二选一」的刻度对是 −0.2673。它们不是一条轴的两端;内容维度预测的是两者**共有**的东西,而那个东西本项目**尚未命名也未检验**。⚠ **这个分工有一部分是控制勾选数造出来的**:**边际**评估下位置分对 `anima"
README_zh.md,120,勾选数,False,276760,"未检验**。⚠ **这个分工有一部分是控制勾选数造出来的**:**边际**评估下位置分对 `animated` = **+0.1193(10.0×)**,与它对羞耻的 **+0.1185** 在同一把尺上不可分 —— 干净的分工只在**给定勾选数**之后才出现(`#192`)。⚠ **正交性是构造出"
README_zh.md,120,breadth,False,276970,") = 0` 是定义不是发现(`#129` `#189d`)—— 它们是**一个维度、和另一个扣掉它之后的余量**,不是两个独立的东西,而内容分是跨人主成分,完全特异的组合对它不可见  ⚠ **`#227` —— 这个「内容」维度的正名是 breadth(你对多少东西说「是」),不是内容口味**:块"
README_zh.md,120,breadth,False,277120,"层主成分被**直接相加而从没对齐符号** —— `np.linalg.eigh` 的特征向量符号任意,32 个块里 **17 个指向一边、15 个指向另一边**,所以 `#188`/`#189` 背后的每一个内容人分,都是一个部分相消的 ±breadth 混合。用**留一共识法**对齐后(32 个块"
README_zh.md,120,勾选数,False,277166,"符号任意,32 个块里 **17 个指向一边、15 个指向另一边**,所以 `#188`/`#189` 背后的每一个内容人分,都是一个部分相消的 ±breadth 混合。用**留一共识法**对齐后(32 个块翻了 15 个),这个维度与**勾选数相关 +0.8320**,而且**扣掉位置分之后仍有 "
README_zh.md,120,breadth,False,277618,"**0.9083**、未对齐只剩 **0.3423**),**第二句没过** —— 我注册的是「未对齐必须低于 0.30」,而这个地板是我**选的,不是量的**;每半 16 个块时,随机符号和仍会保留强共同信号的 ~1/√16。**原始的 breadth 读数不依赖这一切**:对齐 +0.8320、"
README_zh.md,120,breadth,False,277695,"的**;每半 16 个块时,随机符号和仍会保留强共同信号的 ~1/√16。**原始的 breadth 读数不依赖这一切**:对齐 +0.8320、**未对齐 +0.5154**,两个都过注册的 0.5  ⚠ **`#228` —— 而这个 breadth 不是单一的回答风格**:把每个块**内部的选"
README_zh.md,120,breadth,False,278007,"是可靠的。⚠ 按 `D6` 报,不按已定论报:正对照的注册条款没过(0.4789 vs 要求的 0.4893)且我没有事后改它 —— **它要求的增量是对着零定价的,而基线是 +0.429,因为现象本来就在那儿**。作用域也窄:它否掉的是「breadth **只是**一个全局回答风格」,**不是**"
README_zh.md,120,类别数,False,279273,"4 岁后那一半本身是年龄选择的(贡献者年龄中位 26.5 对 22.5),且它的置换零是效应的 30% ⚠ **`#243` —— 而它根本不是一个人群效应**:按「**14 岁前是否报了 ≥8 个起始年龄**」把人分开,并把其余人按**总类别数**匹配(两组中位都是 14)。早期积累组给出 **Δ"
README_zh.md,120,类别数,False,279334,"` —— 而它根本不是一个人群效应**:按「**14 岁前是否报了 ≥8 个起始年龄**」把人分开,并把其余人按**总类别数**匹配(两组中位都是 14)。早期积累组给出 **Δ = −0.1407 ± 0.0062**(n=2,806),类别数匹配的非早期组给出 **+0.0268 ± 0.006"
README_zh.md,120,类别数,False,281812,"之后),具体族反而**分散 9.0%**(12.1×)。**发育不是同一种东西按顺序到达,是两种不同组织度的东西以不同方式到达** —— 这是 `#75` 的时间表没有的维度。⚠ 连通度**没有拐点**(1.6×),所以""17 岁关上""只对类别数成立 | `#135` `#136` | | **三分"
README_zh.md,120,类别数,False,282290,"`#134` | | **性版图在青春期结束时就基本定型** | 29–32 岁的人,自己报告的性兴趣有 **68.4% 是 17 岁前获得的**,最晚的那一个平均在 **22.6 岁**(人内测量,不依赖横断面假设)。横断面上 15 年里类别数只从 12.4 长到 12.9(+4.5%,队列混淆,"
README_zh.md,120,广度,False,282486,"132` | | **人群层面,版图确实从大家都有的东西开始** | 一个人最早报告的那批兴趣,在他自己曲目库里按罕见度排落在**第 33 百分位**(49.4×)。**以每人自己的置换零展布为单位是 z = −0.5515**,而**五个广度层每一层都可分辨为负(17.5–27.3×)—— 这个效"
README_zh.md,120,广度,False,282615,"辨为负(17.5–27.3×)—— 这个效应是普遍的,与他喜欢多少东西无关**(`#147`)。⚠ `#146` 那条「口味越广越明显」已撤回:原始 Δ 的 27 倍变化是 `(k−m)/k` 的算术界,归一化后的残余梯度比一个**按构造与广度无关**的种植效应还小。内容线也不解释它(PC4 只 0"
README_zh.md,120,类别数,False,283437," vs 均值 66.70%),而均值序与稀有度无关(+0.011)。左尾解释已死(−0.091)。**效应稳,机制未定** | `#130` `#131` | | **越是最终口味罕见的人,这个提前量越大** | −0.0459;**按答题类别数卡钳 1:1 匹配后 −0.0417(3.1×,保留 "
README_zh.md,120,计数,False,289713,"耻」在那里**根本无法复现**。 `[#500, #501]`  **而那个「严格」坐标不是一把尺子,是两把** `[#523「一个新数字也没有引入」]`**。** 把八道规范分成关于**性行为**的三道与关于**婚姻生养**的五道, 两个计数**同时**进回归后,每件行为的系数由**它自己那一域*"
README_zh.md,120,计数,False,289898,".012);非婚同居由**家庭严格**携带(−0.051,跨域 **+0.002**); 非婚生育同样(−0.052,跨域 **+0.016**)。五件行为里三件的同域系数至少是跨域的两倍; 另外两件(初次性交年龄、离婚)分不开。 ⚠ 两个计数相关 **+0.54**,这会同时抬高两边的标准误,**"
README_zh.md,120,计数,False,291061,"52 对 +0.016)的那一段,引的条目**标题上写着「一个新数字也没有引入」**,而那些数字住在**前一条**里,写作 −0.03559、−0.05181、+0.01582。⚠ 两处修复都试过,也都回滚了:补上正确的锚会让这一页上另一个计数变差 —— **两种写法,两次都是**。**所以缺陷是被"
README_zh.md,120,计数,False,291253,"值钱:它的数字读取器**停在四位小数**,于是账本里五位小数的条目对它是隐形的,**21 段被判成错的,其实没错**。**而正对照自始至终都是通过的 —— 因为我挑来验证它的那三个,恰好都不超过四位小数。**⚠ **而这一页一直背着的另一个计数 —— 跨会话继承下来的三格「内部不一致」—— 查下去大"
README_zh.md,120,计数,False,293292,"次数**与**这个含糊桶**都要小;前者是 1,后者是 25,**所以它无法被评判**,而诚实的说法是那个分辨率,不是那个答案。⚠ 那唯一一次拆限定语只发生在中文页 —— **只数英文页时这个数是零** —— 这已经是本次会话里第三次,一个计数取决于你看的是两版里的哪一版。⚠ **所以它不再是一条备"
README_zh.md,120,计数,False,293861,"上没有能让它开火的东西」]`。对每一条可以被「改页面」激发的规则,在**每一版**里注入一个它**本应抓到**的最小缺陷,同时注入一段它**不该抓**的无害文字作为零臂。**六个可测格,六个都开火,一个失明的都没有,而零臂在任何地方都没有把计数抬高。**⛔ 而那处更正:我写过那条一致性规则在中文页上"
README_zh.md,120,计数,False,294369,"**离开**页面」的规则,改任何一版页面都激不出它 —— **它的缺陷住在两次提交之间的差里** —— 所以在一个一次性分支上造了两次提交:一次加入带符号的量,一次把它删掉。**它在两版上都开火;而零臂(第二次提交只改措辞)在两版上都没有把计数抬高分毫。**还剩三格算不出来,而这个数现在报的是三,不"
README_zh.md,120,计数,False,307304," —— 全落在「权威—纯洁—忠诚」那条轴上;而**杀一只濒危动物(在另一条轴上 0.099)、向种族主义者宣誓效忠、踢一只狗、嘲笑胖子** —— 全落在「伤害—公平」那条上。但预注册的检验数的是「每条轴认领了 26 件里的几件」,而**这个计数自己的噪声地板比计数还大**:两个真正不同的道德得分分开"
README_zh.md,120,计数,False,307314,"—纯洁—忠诚」那条轴上;而**杀一只濒危动物(在另一条轴上 0.099)、向种族主义者宣誓效忠、踢一只狗、嘲笑胖子** —— 全落在「伤害—公平」那条上。但预注册的检验数的是「每条轴认领了 26 件里的几件」,而**这个计数自己的噪声地板比计数还大**:两个真正不同的道德得分分开 4 件与 6 件,"
README_zh.md,120,计数,False,308020,"员、对本社会但本地社群之外的人、对其他社会的人施加身体暴力的可接受程度。**⚠ 这个扫描本身也不干净:它的十五个命中我逐个手检,**有三个是假阳性**,而且全在另一侧(两个编的是**谁**被罚,一个编的是名讳禁忌**有没有**),所以诚实的计数是 **七与五**,不是十与五。**那堵我差点写上这一页"
README_zh.md,120,计数,False,325949,"本会话犯过三次「门槛写得比设计能分辨的更细」):**没有一条说得比它的区间允许的更强** —— 声称可判的三轮,阈都在区间外;自报判不了的两轮,阈都在区间内。⚠ **而这次收口自己查出了三件别的。**① 这一页上「几个纪元、几个弧、几轮」的计数**三个数字全错,两版还互相矛盾**(英文 25 弧 2"
README_zh.md,120,计数,False,377084,"。替代量在**打印相关表之前**写死,否则预测就是事后的:语义预测取自码本词义而非数据(打 +1、讲道理 +1、以身作则 0 并把含它的四对预先排除、放任 −1、疼爱 −1),统计量是六对上「预测符号乘观测相关」的均值——连续量,既不是十档计数,也不是少点上的秩相关。**结果:六对预测符号全部命中,"
README_zh.md,120,广度,True,383764,"零 `#105` | | 数出维度 | 有诚实地板的估计器数不了;能数的地板是伪影 `#89` | | 呈现顺序首因 | release **按字母序**导出多选答案(119 对一致性 1.0000),显示顺序已毁 `#69` | | 区分广度与默许 | 需反向计分或强制选择题项,本 release"
README_zh.md,120,广度,False,384055,"残差 sd **0.145**,而各类别的抽样底是 **0.029**(**4.9 倍**),打乱人的零把残差压回 **0.031 ± 0.006**。但四个已有的量(该类别的平均起始年龄、起始年龄的 sd、拥有者的平均位置分、拥有者的平均广度型分)给出 **R² = 0.024**,而置换零是 *"
README_zh.md,120,广度,False,388428," 2× 种子展布,而性别在 9/9 里都可分辨);每格约需 44 个种子。 那是一条真实的、有界的、对 A 的约束。  **[R06 · 诱导](A06_induction)** —— 回溯性诱导那条声明、它缺席的两个签名、以及它真正跟踪的广度, 都已在上面的常设声明表里说过一次;这一节只补表里没有"
README_zh.md,120,广度,False,388711," **UNVERIFIED**:每一道题都是情色内容、没有反向计分, 所以在这个发布版里,一般性的随和与一般性的情色认可分不开。 **设计后果**:诱导的回溯性自报**不能**用作结局测量 —— 第三阶段必须是前瞻的。  **[R07 · 广度](A07_breadth)** —— 有量没有形状。一"
README_zh.md,120,breadth,False,388719,"IFIED**:每一道题都是情色内容、没有反向计分, 所以在这个发布版里,一般性的随和与一般性的情色认可分不开。 **设计后果**:诱导的回溯性自报**不能**用作结局测量 —— 第三阶段必须是前瞻的。  **[R07 · 广度](A07_breadth)** —— 有量没有形状。一个人的集合在坐标"
README_zh.md,120,广度,False,388946,"表对同一个量给出:K=2 时 −0.01%,K=16 时 −2.56%,在报出 0.88% 的那个 K 上是 **−0.29%**;当年与它并列打印的 t 值,在本仓库里已无存留出处。 集合从随机走到完美嵌套的路上走了 **24.2%**。广度中等程度上是一个特质(Spearman–Brown 0."
README_zh.md,120,广度,False,389060,.2%**。广度中等程度上是一个特质(Spearman–Brown 0.557)。 **[UNVERIFIED —— RETRACTIONS #26]**「9–13% 是答题风格」这个数来自一个与 POWER 轴正交(+0.024)、 却与广度本身相关 +0.385 的指标;没有平衡计分的题目就分不
README_zh.md,120,广度,False,389125,"TIONS #26]**「9–13% 是答题风格」这个数来自一个与 POWER 轴正交(+0.024)、 却与广度本身相关 +0.385 的指标;没有平衡计分的题目就分不开答题风格与情色认可,而这个发布版没有。  **[E01·R05 · 广度是不是那个对象](E01_sexual_as_a_val"
README_zh.md,120,breadth,False,389180,"广度本身相关 +0.385 的指标;没有平衡计分的题目就分不开答题风格与情色认可,而这个发布版没有。  **[E01·R05 · 广度是不是那个对象](E01_sexual_as_a_value_not_a_category/A05_is_breadth_a_nuisance_or_the_obje"
README_zh.md,120,广度,True,389369,".012**。 **[部分撤回 —— 见 RETRACTIONS #17]** 那只在控制了问卷推进度、且结局是**受门控**的那一个时成立。 在未受门控的 `totalfetishcategory` 上、控制了随和倾向之后,童年逆境 → 广度是 **r = +0.059,效应/地板 7.5** —"
README_zh.md,120,广度,False,389526,"与已发表的 d=0.151 相符。 成年性侵害、体罚与成长环境仍近零。  **[R09 · 消费](A09_consumption)** —— 消费同时碰到两项:它与 θ 相关(rho 0.17), **并且**独立地与坐标相关(匹配覆盖、广度与性别之后 **0.0439** —— 神经质参照量的 "
README_zh.md,120,计数,False,397809,"而不是那把尺子。**⚠ **而这句话本身在一小时内就被推翻了** `[#603「同一批债被数了两遍,而我把它写成了另有八笔债」]`:那八段里的每一段,都是**英文页上早就欠着出处的同一条主张**。仪器不再半瞎的时候,**欠账没有翻倍 —— 计数翻倍了**。这一页上带着数字而没有出处的**不同主张是九"
README_zh.md,120,计数,False,400471,"全)含轮次(一次信念更新)。 **3 个纪元,18 个弧,100 轮** —— **一轮 = 这一页上的一条声明**,而产出它的脚本平铺在它的文件夹里(全项目 635 个)。2026-08-06 从 685 个「一脚本一目录」重排而来;**计数是被发现的,不是被选的**。 **R 全局连续编号**("
README.md,200,category count,False,10376,"page — only the direction does**: the synthetic ceilings are **0.95–0.99**, while **GSS's six ceilings run 0.4770–0.8515 (median 0.7335)** — **in real"
README.md,200,breadth,False,243972,"uch as bloc refusers"" is forced jointly by ① the blocs already predicting whether you refuse and ② looking only at people who refused at least once (*"
README.md,200,breadth,False,263882,"icitly forbidding both ""probably small"" and ""probably large""**; ⚠ **and this is not an arbitrary 5%**: all 8 files sit in `E01`'s `A05`–`A07`, whose p"
README.md,200,breadth,False,263893,"idding both ""probably small"" and ""probably large""**; ⚠ **and this is not an arbitrary 5%**: all 8 files sit in `E01`'s `A05`–`A07`, whose products are"
README.md,200,category count,False,406638,"*all named explicitly, never silently truncated**; ⚠ the intervals remain **lower bounds** (no year-to-year variation); ⚠ shared thresholds are an ass"
README.md,200,breadth,True,518283,"is positive for **22 of 29** outcomes, median **0.345pp** — **18.2% of the median outcome's explained variance** — and it grows with how well the outc"
README.md,200,pick count,False,519194,els stand (`#234c`) > **B is dead** (`#179`: position is not a stance-free coordinate — it comes with shame). > **C's one distinguishing prediction is
README.md,200,breadth,False,519216,**B is dead** (`#179`: position is not a stance-free coordinate — it comes with shame). > **C's one distinguishing prediction is unsupported** (`#234a
README.md,200,pick count,False,520764,gest rival | |---|---:|---|---|---:|---:|---| | **Position S** — how uncommon the options you pick are | **+0.432** | blocks (32 multi-select) | untes
README.md,200,breadth,False,520996,"· sex · content score | | **Between-block contrast D** — which domains you open in | **+0.6785** | blocks | **verified** (onset instrument, +0.1384) |"
README.md,200,pick count,False,521329,"1, i.e. **86% of ceiling**, resolvably below it (7.7× the spread) but by only 0.13 in absolute terms. They are kept as two rows because the residual i"
README.md,200,pick count,False,521748," gives +0.0148 ± 0.0116 (1.3×, one seed) | **8 of 29, read as 3–13** across six option-split seeds (`#255` — ⚠ `#254`'s ""predicts nothing"" is **withdr"
README.md,200,pick count,False,521936,cky seed) | pick count controlled · block-level property ruled out (`#228b`) | | Breadth type c1 | **+0.6429** | blocks | untested | `UNCOMPUTED` | 13
README.md,200,pick count,False,522114,s 6–12** (`#257`) | **pick count · sex · position S all controlled** (`#252`) | | Breadth type c2 | **+0.5778** | blocks | untested | `UNCOMPUTED` | 1
README.md,200,category count,False,522532,"ansgressive half, **−0.1086** with its ordinary half, gap 18.6×) | **+0.1286** | 21 → **19 after control, read as 17–21** (`#257`) | correlates only +"
README.md,200,pick count,False,522908,"riables (age, sex, all five Big Five traits, powerlessness, mental-illness and childhood-adversity flags, upbringing, relationship style, gender toler"
README.md,200,breadth,False,526969,+0.6931 | onset ages | n/a | `UNCOMPUTED` | 6/31 | **withdrawn as a dimension** — its profile sits at the ceiling against rho_i (−0.8499 vs 0.8779) | 
README.md,200,category count,False,534190,"lit this cleanly: whether they think they could stop being aroused by it (*Impossible* … *with little effort, yes*) and whether they have acted on eve"
README.md,200,category count,False,537535,at. ⚠ **`#388`: what does predict that belief is having the ordinary things work for you too.** Scanning 112 numeric person-level variables against th
README.md,200,category count,False,540483,"t is the common antecedent of two things that are unrelated to each other.** With the direction now fixed, the five-item score predicts shame at **+0."
README.md,200,category count,False,542587,"8`–`#399`: scanning a third outcome — whether engaging with one's arousal feels therapeutic — finds two more, and they are not one construct.** That i"
README.md,200,category count,False,552253,weep unsaturated. ⚠ **`#411`: and shame barely suppresses action at all in people who have never had a partner.** Stratifying the shame→acted relation
README.md,200,breadth,False,553021,"sample size separates them. ⚠ Wide and narrow calibers are different populations, and the wide arm drops S and c3⁻ because they require ≥8 blocks. ⚠ *"
README.md,200,breadth,False,553336,"relate −0.37, so the collinearity world does not apply), the rating-based intensity score holds at **+0.1255** (se 0.0131, threshold 0.0253 from permu"
README.md,200,breadth,False,553414,"nsity score holds at **+0.1255** (se 0.0131, threshold 0.0253 from permuting both columns together) while the block-count breadth score falls from −0."
README.md,200,category count,False,558629,"rdinary, and the ordering is personal, not merely demographic.** ⚠ **`#371`: and the few for whom it ran the other way carry more shame.** Regressing "
README.md,200,breadth,False,565208,agreement.**  > ⚠ **`form_i` is the only standing dimension that does *not* reach shame** (`#278`). Everything else in > this project ends up pointing
README.md,200,breadth,False,566252,"ght; the pair correlation was not.**), so the disattenuated value is **+0.1293** (bootstrap 95% interval **[+0.088, +0.167]**, `#320`) — the same size"
README.md,200,breadth,True,568480,"of taste, which is controlled.** ⚠ Both counts are self-reported and standardised, so only signs and threshold-crossings are compared; the split is a "
README.md,200,breadth,True,568546,"nd standardised, so only signs and threshold-crossings are compared; the split is a description, not a causal claim. ⚠ **`#421`: and ""breadth"" on this"
README.md,200,category count,True,568585,"shold-crossings are compared; the split is a description, not a causal claim. ⚠ **`#421`: and ""breadth"" on this page is not one quantity.** Enumeratin"
README.md,200,category count,True,568608,"pared; the split is a description, not a causal claim. ⚠ **`#421`: and ""breadth"" on this page is not one quantity.** Enumerating the five breadth meas"
README.md,200,category count,True,568743,"ve breadth measures actually used — onset-category count, fetish-category count, endorsed-sex-act count, block coverage and total picks — only **6 of "
README.md,200,category count,True,568906,"wise correlations reach 0.6**. Onset-category count, block coverage and total picks intercorrelate at **+0.83 to +0.86** and behave as one thing (how "
README.md,200,category count,True,569090,"d with); fetish-category count sits at its edge (+0.62 to +0.74); and **the endorsed-sex-act count is the outlier, correlating only +0.26 to +0.51 wit"
README.md,200,breadth,True,569127,"t its edge (+0.62 to +0.74); and **the endorsed-sex-act count is the outlier, correlating only +0.26 to +0.51 with the rest** — its weakest link being"
README.md,200,breadth,False,569459,"ve pushes those two in opposite directions.** ⚠ **`#422`: and the ambiguity turns out to be bounded, so one definition fixes it rather than ninety ann"
README.md,200,breadth,True,569725,"mmediate context — but **every one of the 15 places where the odd-one-out measure appears (7 here, 8 in the Chinese page) names it explicitly**, as `T"
README.md,200,breadth,False,577638," out to add exactly one thing.** Against the four outcomes this page already carries — shame, ""could I stop"", therapeutic, how much acted on — with **"
README.md,200,category count,False,577652,"actly one thing.** Against the four outcomes this page already carries — shame, ""could I stop"", therapeutic, how much acted on — with **rarity of tast"
README.md,200,category count,False,580407, a negative path to shame so that this is visible rather than hidden. **What is not algebra is the size** — and the sizes differ by more than their ow
README.md,200,breadth,False,580664," to be estimable at all, and they are reported as such rather than dropped.  ⚠ **`#436`: and the one coordinate that points away from doing turns out "
README.md,200,breadth,False,582805,"goes with feeling **more** able to change, so that route should be pulling the other way. It is, and it cancels almost none of the direct path (**−0.0"
README.md,200,breadth,False,583477,"me in the model throughout; the family threshold moved 3.3% between 400 and 4,000 permutations.  ⚠ **`#440`: and it is not what you like — it is how y"
README.md,200,breadth,False,584791," Both are on the record. ⚠ The drop-k curve is an approximation rather than a true leave-k-out refit, and is reported as corroboration, not as the tes"
README.md,200,breadth,False,585204,"hey predict the belief as well. **All three do.** Against a bar built from the largest of the three under permutation (**0.028**), the first component"
README.md,200,breadth,False,585490," with the leading residual structure being strong in general, not with one particular contrast** — and the sentence above is right that it is not abou"
README.md,200,breadth,False,587148," Adding that count to the controls and refitting, with both arms reported: the three coefficients go from **0.052 / 0.053 / 0.035** to **0.052 / 0.062"
README.md,200,breadth,False,601539," outcomes at once, with a family-wise bar of **0.034**: rarity of taste (**+0.079 / −0.086**), ""ordinary content also works"" (**−0.066 / −0.127**) and"
README.md,200,category count,False,601946, **So being ashamed of what arouses you and feeling unable to move it are not two readings of one state: what you are drawn to and how much you use po
README.md,200,category count,True,602217,"the survey someone walked through. **`#459` tests that and the volume reading does not hold.** Of the five engagement measures this page enumerates, o"
README.md,200,breadth,True,603888,"t higher means **more fetish categories** (the frame the paragraph above uses), to the same seven-quantity model: it reaches the changeability outcome"
README.md,200,category count,True,604240,"h how ashamed they are; how many separate fetish categories they hold goes with how movable it feels. Two different questions about the same tastes, l"
README.md,200,breadth,True,604900,"tands — but its strongest are **total picks (0.227)**, **block coverage (0.213)** and **onset categories (0.183)**, with fetish categories the **weake"
README.md,200,breadth,True,604945,"0.227)**, **block coverage (0.213)** and **onset categories (0.183)**, with fetish categories the **weakest of the four at 0.131**. **So it is not ""fe"
README.md,200,category count,True,604991,"et categories (0.183)**, with fetish categories the **weakest of the four at 0.131**. **So it is not ""fetish breadth"" — it is the same overall-engagem"
README.md,200,breadth,True,605124,"e overall-engagement-breadth direction that block coverage and the category count mark, and it lands on the changeability path exactly where they do.*"
README.md,200,breadth,True,605220,"ands on the changeability path exactly where they do.** The sentence above should be read as engagement breadth, not fetish content. ⚠ The same check "
README.md,200,breadth,True,605662,"ernal correlate**, and whatever the reason is, it is not that. ⚠ **`#465` narrows what a name for it would have to survive.** Taking that strongest co"
README.md,200,breadth,False,606398,"red for it has to survive the same subtraction. ⚠ **`#466` removes every countable quantity at once, and two things come out.** The six counts on this"
README.md,200,breadth,False,611127,"them; only the between-domain difference dissociates. ⚠ **`#473`: and the same question cannot be put to the other path, which is a limit of the desig"
README.md,200,breadth,False,615395,e there — it is not an average over two kinds of people.** The obvious rescue for a near-zero is that two groups pay opposite costs and cancel. Splitt
README.md,200,breadth,True,617971,"was written one round earlier, by me, and was **pre-registered as the outcome I expected not to find** — I predicted no mediation at all. Reading rule"
README.md,200,category count,True,618020,"re-registered as the outcome I expected not to find** — I predicted no mediation at all. Reading rule, established rather than assumed: **unqualified "
README.md,200,category count,True,618075," I predicted no mediation at all. Reading rule, established rather than assumed: **unqualified ""breadth"" refers to the engagement family — onset-categ"
README.md,200,breadth,False,621593,"d is estimated by resampling the permutation null, so the count moves with it. Measured over 25 independent resamplings: the position score reads **19"
README.md,200,pick count,False,625470,"ead, and the direction is *up*), while a purely sex-driven position plant collapses to **−0%** and a purely personal one survives at **+0.986** under "
README.md,200,pick count,False,625507,e a purely sex-driven position plant collapses to **−0%** and a purely personal one survives at **+0.986** under the same treatment; **67%** survives 
README.md,200,pick count,False,626287,"hame** | On two independent Likert items with **zero item overlap** with the blocks (n=15,503), the position score predicts **shame at +0.1185 [cov≥8 "
README.md,200,pick count,False,626683,. Permuting shame across people gives **+0.0008 ± 0.0118** (1% of the effect). The internal discriminant: on the same pipeline the *therapeutic* item 
README.md,200,breadth,False,627365,"but **10 of 20 items clear it**, so shame is the *largest* correlate of the position score, not its only one  ⚠ **`#230` — shame has a second route, a"
README.md,200,breadth,False,627642,"ts **the same shame item at +0.1286**, against the position score's +0.1185, while correlating only **+0.2036** with the position score. Entered toget"
README.md,200,breadth,False,628328,"and rarity turns out to work at two levels, with opposite signs at the second**: split the 32 blocks by their own mean pick rate (a quantity external "
README.md,200,breadth,False,628935,"he positive control fire (+0.5680 when the synthetic outcome loads only on the transgressive half, −0.0041 when it loads equally). **Being broad about"
README.md,200,breadth,False,629318,rity ⚠ **`#232` — the two routes to shame meet nowhere else**: run the within-block position score `S` (reliability +0.7282) and the between-block con
README.md,200,breadth,False,631648,"ace), the shape is **still multi-dimensional** — k=2 replicates at **0.9379 ± 0.0478** against a permutation null of 0.4587 ± 0.0143 (**33.5× the null"
README.md,200,pick count,False,636227,"nthetic relation of fixed true strength declines by 0.074 over the same thresholds**, so roughly 43% of the observed 0.174 drop is selection and range"
README.md,200,pick count,False,638154,"0.2673 — so they are not two ends of one axis, and the content dimension predicts what they **share**, which this project has not yet named or tested."
README.md,200,pick count,False,638398,"sition score predicts `animated` at **+0.1193 (10.0×)**, statistically indistinguishable from its shame correlation **+0.1185 [cov≥8 · scope stated]**"
README.md,200,breadth,False,638892,"her after subtracting it*, not two independent things, and the content score is a cross-person principal component, so purely idiosyncratic combinatio"
README.md,200,breadth,False,639195,"signs** — `np.linalg.eigh` returns an arbitrary sign, and 17 of the 32 blocks pointed one way while 15 pointed the other, so every content person-scor"
README.md,200,pick count,False,639320,every content person-score behind `#188`/`#189` is a partially cancelling ±breadth mixture. Aligned by **leave-one-out sign consensus** (15 of 32 bloc
README.md,200,breadth,False,640284,"* — I had pre-registered ""unaligned must stay below 0.30"" and **chose that floor instead of measuring it**; with 16 blocks per half a random-sign sum "
README.md,200,breadth,False,640436,"eps ~1/√16 of a strong common signal. **The raw breadth reading does not depend on any of this**: it is +0.8320 aligned and **+0.5154 unaligned**, bot"
README.md,200,breadth,False,640652," single response style**: split the options *inside* each block in half — two independent measurements of the same person×block cell, so every block-l"
README.md,200,breadth,False,641224," against a required 0.4893) and was not moved — **its required increment was priced against zero when the baseline is +0.429, because the phenomenon i"
README.md,200,category count,False,643929,22.5) and its permutation null is 30% of the effect ⚠ **`#243` — and it is not a population effect at all**: split people by whether they reported **≥
README.md,200,category count,False,649771,"rder; it is two kinds of thing, differently organised, arriving differently** — a dimension `#75`'s schedule does not have. ⚠ Connectivity has **no kn"
README.md,200,category count,False,650906,"olds, **68.4% of their own reported interests were acquired before 17**, and the latest one averages **22.6 years** (a within-person measurement, no c"
README.md,200,breadth,False,651432, a person reports earliest sits at the **33rd percentile** of their own repertoire by rarity (49.4×). **In units of each person's own permutation spre
README.md,200,breadth,False,651790,"r your taste the stronger it is"" is **withdrawn**: the raw Δ's 27-fold variation is the arithmetic bound `(k−m)/k`, and after normalisation the residu"
README.md,200,breadth,False,914558,"t is an artefact `#89` | | Recover presentation-order primacy | The release exports multiselect answers **alphabetically** (119 pairs, agreement 1.000"
README.md,200,breadth,False,915228,"), and a person-shuffle null puts the residual at **0.031 ± 0.006**. But four existing quantities (the category's mean onset age, its onset spread, it"
README.md,200,breadth,False,924008,"able in 9/9); ~44 seeds per cell would be needed. That is a real, bounded constraint on A.  **[R06 · induction](A06_induction)** — the retrospective i"
README.md,200,breadth,False,924708,general erotic endorsement are not separable in this release. **Design consequence**: retrospective self-report of induction is unusable as an outcome
README.md,200,breadth,False,924721,c endorsement are not separable in this release. **Design consequence**: retrospective self-report of induction is unusable as an outcome measure — ph
README.md,200,breadth,False,925448,ely one trait (Spearman–Brown 0.557). **[UNVERIFIED — RETRACTIONS #26]** the '9–13% response style' figure comes from an index that is orthogonal to t
README.md,200,breadth,False,925595,o the POWER axis (+0.024) but correlates +0.385 with breadth itself; response style and erotic endorsement cannot be separated without balanced-keyed 
README.md,200,breadth,False,925659,"elf; response style and erotic endorsement cannot be separated without balanced-keyed items, which this release lacks.  **[E01·R05 · is breadth the ob"
README.md,200,breadth,True,925985,LY RETRACTED — see RETRACTIONS #17]** That held only with survey progression controlled and a *gated* outcome. On the ungated `totalfetishcategory` wi
README.md,200,breadth,False,926340,in near zero.  **[R09 · consumption](A09_consumption)** — Consumption touches both terms: it correlates with θ (rho 0.17) *and* independently with the
README_zh.md,200,计数,False,33584,"是瞎的」]`。 ⚠⚠ **而上一行判 UNVERIFIED 之后,下一轮换了一条路:不再用词表定总体,改用结构。** 主表每一行都以 `(Entry N)` 结尾 —— 那是一个机械可枚举、与我用什么词无关的总体,**枚举它,召回按构造 = 1。** 91 条主张全部读一遍(判据「把「性」换成「道德"
README_zh.md,200,计数,False,33853,",查完发现判据又错了:替换测试判的是「用没用这个切法」,而决定问的是「前提有没有被推翻」。** 上一行推翻的是一个特定估计量 —— GSS 上虔诚/非虔诚的年代变化比 —— **它没有推翻教育效应、领域内聚、面结构,那些多数还在别的仪器上。** ⇒ **受影响的只有一条,就是那条已经挂了前向指针的。"
README_zh.md,200,计数,False,42604,"读成「最可靠」,它只是样本最大**(Entry 706 / `#706`)。   **〔…〕** = **这一条路由经过的仪器**。⚠ 而「跨具」有两个读法:**宽读**(条目里提到 ≥2 具)有 9–12 条,**严读**(真的在 ≥2 具上量过)只有 **4** 条 —— `Entry 653 "
README_zh.md,200,计数,False,42709,",**严读**(真的在 ≥2 具上量过)只有 **4** 条 —— `Entry 653 · 686 · 689 · 690`。**两个都报,别只信宽的**(Entry 704)。 ⚠ **计数仍是 4,但 `Entry 653` 的那两具换人了**:它原本靠 GSS + NSFG,而 NSFG 那"
README_zh.md,200,计数,False,57732,"**(★P5:仪器没证明会开火,它的零是沉默);已接进 `readme_gate --precommit`,**棘轮而非零容忍** —— 与 `debts_gate` 的零容忍相反,理由可说清:历史 357 处里有相当一部分是**合理引用**,零容忍会逼我改几百个旧文件(`L81`);⚠ **357"
README_zh.md,200,计数,False,58384,"nits.py` | **总体:`README_zh.md` 单位 417→385、字符 423,940→328,952(虚高 +28.9%);`README.md` 单位 388→356、字符 1,030,060→805,977(+27.8%)** —— ⚠ **单位数只变 32 而字符变近三成,"
README_zh.md,200,计数,False,58975,"三轮各自的判词**(`#798` 的 `naked==0`、`#807`/`#828` 的「两条更正都落地」**一个都没重算**)⇒ **登记为未测,既不是「受影响」也不是「没事」** —— **这正是 `#834` 那一类:判词串说了它自己的输出没说的话**;⇒ **一句关于方法的话:一个总体定义"
README_zh.md,200,计数,False,59006,"#807`/`#828` 的「两条更正都落地」**一个都没重算**)⇒ **登记为未测,既不是「受影响」也不是「没事」** —— **这正是 `#834` 那一类:判词串说了它自己的输出没说的话**;⇒ **一句关于方法的话:一个总体定义错了 28%,而这 28% 是同一段文本被数了两次;重复的是文"
README_zh.md,200,计数,False,59253,"#842「总体虚高 28%」]`(Entry 842) 〔本项目自己的页面〕 ⟨**Production + 一次对 `#833` 的更正,诚实标注:本轮不产生新的关于人的判断**;闸:① 控制(`lib/page_units.controls()`)—— **正控**:旧版必须把写在 `#100`"
README_zh.md,200,计数,False,68774," · 负控 β(什么都没引用)**过** · **负控 γ(只引欠账 id `#840①`)过**;**控制不过时 `exit 2` 并拒绝签发**(★P5:仪器没证明会开火,它的零是沉默);⚠ **改不了的**:**那 8 处不是「8 个错」**,是**已知误报的存量**,棘轮只拦**新增**的,"
README_zh.md,200,计数,False,70547,"条线索任何新地位** —— 它仍是 `#846` 给的那个:**一个被多重性校正拒绝的格**;**「没被证伪」不是「被支持」,而本轮连「没被证伪」都只能算作「没测成」**;⚠ 且**九十年代奇数年那一半根本不可用**,那条切法从头就只有一半能跑,**设计时没预见到,如实记下**⟩| | **剩下两条"
README_zh.md,200,计数,False,71177,"出了它自己的输出,已当场改掉** —— **`#807` 的 `TOP` 正则是 `sexeduc|racmar|顶对|top pair`,它匹配的是题名本身不是那条主张**,而 **`#846`/`#849` 整轮都在正当地谈 `sexeduc`**;实测归属:那 43 处里 **`#846` 及"
README_zh.md,200,计数,False,71977,"这个零该是零**:带标记按定义不算裸着)⇒ 过;④ kill(当时旧 == 当时新)⇒ 过;⚠ **改不了的**:那 **39 处更早条目的命中没有逐处判过** —— **它们可能是真退化,也可能同样是题名误报,本轮没分辨** ⇒ **明确登记为未分辨,既不是「39 处要修」也不是「没事」**;⚠ "
README_zh.md,200,计数,False,72661,"己抓了三次,三次同一大类**:**① 正则看不见页面真正用的写法** —— 第一版要求「圈码**紧跟**数字」,而账本写的是 `` `#844`① ``,**中间隔着一个反引号** ⇒ 它报「承诺过 **3** 笔」而**实际 172 笔,漏了 169** ⇒ **正控证明了它会开火,却没证明它看得"
README_zh.md,200,计数,False,75156,"— `#829` 已证从散文反推欠账状态不可行(匹配器召回 **18.6%**),量的是**把一笔欠账送到人面前所需的机器动作**,**人判那一步的代价本轮量不了** ⇒ **「代价由人判主导」是已知边界,不是「做不完」——两者不同,页面按前者写**;⚠ **不要去补那 124 条缺失的边** ——"
README_zh.md,200,计数,False,80114,"ill);**而 `#854` 的错在另一个位置:量对了、尺对了,评错了人** ⇒ **这种错字符串检查看不出来** —— **判词串忠实地转述了一个算错的量**,所有词都能在输出里找到对应,**唯独没人问「这个比例是在谁身上算的」**;**本会话四次「判词说了输出没说的话」分成两类**:`#834"
README_zh.md,200,计数,False,99838,"」,**实测是自由派** —— **`#864` 刚在同一处栽过,隔一轮又栽一次**;③ 第一版**整张网格是空的** —— 块划分写成「≤下分位/≥上分位/严格居中」,而 **`polviews` 的两个三分位切点落在相邻整数(4 和 5)上 ⇒ 严格居中那组是空集**(`#864` 用的是含端点"
README_zh.md,200,广度,False,100580,"*作用域**:GSS 五个平行靶(同性恋 · 种族主义者 · 共产主义者 · 军管主义者 · 无神论者)× 各自的十年 × 2 种切法,共 56 格。**还 `#865`①**;⚠⚠ **算术先行 —— 最直觉的那个问法是被强制的**:「零块反对者与块内反对者反对得一样多吗」被①块本来就预测反不反对"
README_zh.md,200,计数,False,107073,*0** ⇒ 受控;`year_guard`(9 文件)与 `exclusion_list`(63 文件)**无正控 ⇒ 不计入**;扫 **862** 个 `.py`、受控形状命中 **302** 行 ⇒ **「靠拷贝活着」的 token(≥2 轮次脚本的**可执行代码**、且 `lib/` 里没
README_zh.md,200,计数,False,108545,"个 .py〕 ⟨⚠ **本轮结构性做不到的**:① **审计只报下界** —— `grep` 看不见跨行写的、藏在数据字典里的例外,**证人就在手边**:`lib/gss_polarity.py` 的 `ITEM_EXCEPTIONS` **是**一条规则却不以行内 `!=` 的形状出现,**形状表"
README_zh.md,200,breadth,False,109009,",4} × 标准化两版 × 相关矩阵两版。还 `#869`① —— `#869` 查出发现规则有 **38 份拷贝、8 份漏了 `if c!='biomale'`**,把影响登记为 **`UNASSESSED` 并明写「不许说影响很小,也不许说影响很大」**,本轮去量;⚠ **而这不是随便一个 5%"
README_zh.md,200,计数,False,134015,"凡是像 `#807` 以来「追加在行尾」的注记,一律落在锚之后 ⇒ 对 `para` 单位不可见**(本轮中文那 1 处「裸着」正是这么来的:注记在位置 1157,锚在 850);⇒ **两条后果,分开说,不许用后一条赦免前一条**:**(a)自 `#798` 起每次「裸着 N / 总体 M」,分母"
README_zh.md,200,计数,False,138668,"**填 `OPEN` 是假装我知道它们还欠着,填 `SETTLED` 是假装我知道它们还了** ⇒ **`UNVERIFIED` 是这张表此刻能承载的全部真相,而它比之前那个抄了二十五遍的「二十五」多一样东西:它是一个能被后来的轮次改写的格子,而不是一句只能被重抄的话**;⚠ **而本轮必须自己说清"
README_zh.md,200,计数,False,141266,"个匹配器的灵敏度只在 `一` 个已知阳性上验证过**(`#802`①,`#808` 明写「已还」)—— **`#814` 刚立过:只跑过一次的控制没有分辨率** ⇒ **「0/26」分不开「真的一笔都没执行」与「匹配器措辞太窄」**(后面二十几轮的执行句写法各异,而我只喂了一组模式)⇒ **本轮的耐"
README_zh.md,200,计数,False,142842,"rol`,**回测 6/6**;② `grep` 实测「二十五笔欠账仍在」在账本中出现 **25 次**,从 `#800` 抄到 `#825` **无一轮重数**,而 `#800` 的规范清单去重后实际是 **26 笔** | ⚠⚠ **那个数字从写下的第一天起就与它自己的清单不符,而它被当作事实重"
README_zh.md,200,计数,False,143815,"T` 开头,可以被一行 `grep` 查出来。**⚠⚠ **而清单返回的那个「0 笔被声称执行过」不许当结论,两条理由:****(a)仪器看见的是「一句声称执行」,主张要的是「真的了结」——两个单位不相等;****(b)而更该记的是,这个匹配器的灵敏度只在一个已知阳性上验证过 —— `#814` 刚"
README_zh.md,200,计数,False,145446,"osex`/2000s 在窄族下存活、在 62 格族与 `religion34`+BY 下都死。** ⇒ **正确说法:九十年代那一格与家族定义无关;两千年代那一格取决于你把什么算作一族。**| | **负控失败在 5.9%,而那正是 95% 区间的额定值:整张网格从来没做过多重性** | **`#"
README_zh.md,200,计数,False,166686,"1980s +0.052 [−0.168,+0.271] 对匀速 EXCLUDES** · **1990s −0.629 [−0.860,−0.402] 对匀速与对零皆 EXCLUDES** · **2000s −0.476 [−0.705,−0.238] 对匀速与对零皆 EXCLUDES** · "
README_zh.md,200,计数,False,166708,"0.271] 对匀速 EXCLUDES** · **1990s −0.629 [−0.860,−0.402] 对匀速与对零皆 EXCLUDES** · **2000s −0.476 [−0.705,−0.238] 对匀速与对零皆 EXCLUDES** · 2010s +0.023 [−0.207,+"
README_zh.md,200,计数,False,193032,"试判的是「**用没用**这个切法」,决定问的是「**前提有没有被 `#789` 推翻**」——`#789` 推翻的是一个**特定估计量**(GSS 上虔诚/非虔诚的年代变化比),**没有推翻**教育效应 · 领域内聚 · 面结构,那些多数还在 MFQ/MSSCQ/SCCS 上;⇒ **严格/宽松那个"
README_zh.md,200,计数,False,202239,".821) | ⚠⚠ **按预注册撤回「虔诚者变得少」作为无条件句** —— 我写的是「任一可读格 ≥1.0」,它响了;**「36/37 已经很好」不是预注册说的话**;⚠ 替代它的是分布形式:**36/37 个规格显示虔诚者改变更少(中位 0.375),1 个不显示**;⚠ **那一格被定位了,不"
README_zh.md,200,广度,True,225061,"到**从没见过的人**身上时兑现多少。 ⚠ **`#356`:而那 1.4% 里有一部分与「这个人报了多少」共线。**把「你填了多少个起始类别」加进六个坐标、对全部 29 个结局做共同性分解:共享成分在 **29 个里有 22 个**为正,中位 **0.345pp** —— **相当于中位结局已解释"
README_zh.md,200,勾选数,False,225490,"表征的情欲估值 | `v_i(s,c,t) = w_i(c,t)^T h(s)` —— 普通场景,施加其上的一个读出 | | **C** 递归混合 | 价值回流,重塑它作用过的那个表征 |  > ### 三个模型现在的处境(`#234c`) > **B 已死**(`#179`:位置不是一个不带立场的"
README_zh.md,200,勾选数,False,226246,"OMPUTED`,那是它诚实的部分。  | 维度 | 分半信度 | 仪器 | 跨仪器 | ↔ 羞耻 | 越阈结局 | 最强对手 | |---|---:|---|---|---:|---:|---| | **位置分 S** —— 你挑的选项有多冷门 | **+0.432** | 块(32 道多选) |"
README_zh.md,200,勾选数,False,226511," | 块 | **已验**(起始仪器 +0.1384) | +0.0830 | ~8–10/31  ⚠ **`#259`:这一行与宽度类型 c3 那一行高度重叠** —— 两者的结局剖面相关 **+0.7826**,而衰减上限是 0.9142 ± 0.0171,即**上限的 86%**;低于上限是可"
README_zh.md,200,勾选数,False,226735,"| | **宽度剖面** —— 你被打开的形状 | **+0.4290** | 块 | **已验**(维数 ≥2;起始仪器 k=2 复现 0.9379) | 逐人**清晰度**给 +0.0148 ± 0.0116(1.3×,单种子) | **29 里 8,跨六个选项劈半种子读作 3–13**(`#2"
README_zh.md,200,勾选数,False,226847,"单种子) | **29 里 8,跨六个选项劈半种子读作 3–13**(`#255` —— ⚠ `#254` 的「什么都不预测」**已撤回**:那个读数来自一个不巧的种子) | 勾选数已控 · 块层属性已排除(`#228b`) | | 宽度类型 c1 | **+0.6429** | 块 | 未验 | "
README_zh.md,200,勾选数,False,226965,"度类型 c1 | **+0.6429** | 块 | 未验 | `UNCOMPUTED` | 13 → **控制后 9,读作 6–12**(`#257`) | **勾选数 · 性别 · 位置分 S 三重已控**(`#252`) | | 宽度类型 c2 | **+0.5778** | 块 | 未验 |"
README_zh.md,200,类别数,False,227190,"#252`) | | **宽度类型 c3 —— *你把开放花在哪儿*** | **+0.5631** | 块 | **名字已跨仪器验证**(`#258`:与起始仪器越轨半 +0.1815、与普通半 **−0.1086**,差 18.6×) | **+0.1286** | 21 → **控制后 19,"
README_zh.md,200,广度,False,229640,"**分子 `2r`**,被当成了 `r` —— SB(0.468) 会是 0.638 而不是 0.380,而 2 × 0.2346 = 0.469。可靠性 0.380 一直是对的,配对相关不是。**),所以去衰减后是 **+0.1293**(自助 95% 区间 **[+0.088, +0.167]*"
README_zh.md,200,计数,True,230049,"。** `animated`/`written` 与羞耻题都是 `LIKERT_PM3`(**对称**,−2…+2 与 −3…+3),在结构上不同于 `#392` 不得不翻转方向的那个**从不为正**的 `RATING_NEG_FIB` 尺度。用一道**措辞把方向锁死**的同族题来标定整个家族 ——"
README_zh.md,200,计数,True,230060,"ed`/`written` 与羞耻题都是 `LIKERT_PM3`(**对称**,−2…+2 与 −3…+3),在结构上不同于 `#392` 不得不翻转方向的那个**从不为正**的 `RATING_NEG_FIB` 尺度。用一道**措辞把方向锁死**的同族题来标定整个家族 —— *「我已经实践过所有"
README_zh.md,200,计数,True,230146,"正**的 `RATING_NEG_FIB` 尺度。用一道**措辞把方向锁死**的同族题来标定整个家族 —— *「我已经实践过所有唤起我的东西」*,若「值越高 = 越同意」,它**必须**随一个人认可的性行为计数上升 —— 对两个计数锚给出 **+0.118** 与 **+0.056**。**所以「值"
README_zh.md,200,类别数,True,230218,",若「值越高 = 越同意」,它**必须**随一个人认可的性行为计数上升 —— 对两个计数锚给出 **+0.118** 与 **+0.056**。**所以「值越高 = 越同意」成立,而本页每一条羞耻结论此前都压在一个从未被验证的假设上。**  ⚠ 另外,两个计数锚对这两题**给出相反的符号** —— "
README_zh.md,200,计数,True,230336,"*  ⚠ 另外,两个计数锚对这两题**给出相反的符号** —— 被画的与写的东西唤起,与**认可的性行为数**是 **−0.076 / −0.062**,与**恋物类别数**是 **+0.095 / +0.035** —— 那是一个**实质的分裂**,不是仪器失灵。 ⚠ **`#420`:而它经得起"
README_zh.md,200,计数,True,230369,"画的与写的东西唤起,与**认可的性行为数**是 **−0.076 / −0.062**,与**恋物类别数**是 **+0.095 / +0.035** —— 那是一个**实质的分裂**,不是仪器失灵。 ⚠ **`#420`:而它经得起一次正式的检验。** 控制 `S`、`c3⁻`、羞耻与年龄之后,`"
README_zh.md,200,计数,True,230451,"个**实质的分裂**,不是仪器失灵。 ⚠ **`#420`:而它经得起一次正式的检验。** 控制 `S`、`c3⁻`、羞耻与年龄之后,`form` 分数对**认可的性行为计数**是 **−0.076**(阈 0.019),对**恋物类别计数**是 **+0.049**(阈 0.022),两者都越过由"
README_zh.md,200,计数,True,230560,"),对**恋物类别计数**是 **+0.049**(阈 0.022),两者都越过由「打乱 `form` 分数本身」构造的 offset 零 —— **反号,而且两个都存活**;而两个计数彼此相关 **+0.373**,所以「共线残留」并不是稻草人。**对画的与写的东西有反应的人,想要的**种类**更"
README_zh.md,200,广度,True,230619,"的 offset 零 —— **反号,而且两个都存活**;而两个计数彼此相关 **+0.373**,所以「共线残留」并不是稻草人。**对画的与写的东西有反应的人,想要的**种类**更多,而做过的**事**更少 —— 而这不是口味整体上更冷门造成的,那一条已经控掉了。**  ⚠ 两个计数都是自报并各自"
README_zh.md,200,广度,True,230643,"存活**;而两个计数彼此相关 **+0.373**,所以「共线残留」并不是稻草人。**对画的与写的东西有反应的人,想要的**种类**更多,而做过的**事**更少 —— 而这不是口味整体上更冷门造成的,那一条已经控掉了。**  ⚠ 两个计数都是自报并各自标准化,所以只比符号与是否越阈;这个分裂是描述,"
README_zh.md,200,类别数,True,230656,"关 **+0.373**,所以「共线残留」并不是稻草人。**对画的与写的东西有反应的人,想要的**种类**更多,而做过的**事**更少 —— 而这不是口味整体上更冷门造成的,那一条已经控掉了。**  ⚠ 两个计数都是自报并各自标准化,所以只比符号与是否越阈;这个分裂是描述,不是因果主张。 ⚠ **`"
README_zh.md,200,类别数,True,230662,".373**,所以「共线残留」并不是稻草人。**对画的与写的东西有反应的人,想要的**种类**更多,而做过的**事**更少 —— 而这不是口味整体上更冷门造成的,那一条已经控掉了。**  ⚠ 两个计数都是自报并各自标准化,所以只比符号与是否越阈;这个分裂是描述,不是因果主张。 ⚠ **`#421`:"
README_zh.md,200,类别数,True,230720,"*更少 —— 而这不是口味整体上更冷门造成的,那一条已经控掉了。**  ⚠ 两个计数都是自报并各自标准化,所以只比符号与是否越阈;这个分裂是描述,不是因果主张。 ⚠ **`#421`:而本页所说的「广度」**不是一个量**。** 把实际用过的五个广度量列举出来 —— 起始类别数、恋物类别数、认可的性"
README_zh.md,200,类别数,True,230785,"这个分裂是描述,不是因果主张。 ⚠ **`#421`:而本页所说的「广度」**不是一个量**。** 把实际用过的五个广度量列举出来 —— 起始类别数、恋物类别数、认可的性行为数、块覆盖数、总勾选项数 —— 它们的 10 对两两相关里**只有 6 对达到 0.6**。起始类别数、块覆盖数与总勾选项数彼"
README_zh.md,200,类别数,True,230863,"别数、认可的性行为数、块覆盖数、总勾选项数 —— 它们的 10 对两两相关里**只有 6 对达到 0.6**。起始类别数、块覆盖数与总勾选项数彼此 **+0.83 ~ +0.86**,表现得像**一件事**(一个人在这份问卷里卷入了多少);恋物类别数在它的边缘(+0.62 ~ +0.74);**而认"
README_zh.md,200,广度,True,230885,"—— 它们的 10 对两两相关里**只有 6 对达到 0.6**。起始类别数、块覆盖数与总勾选项数彼此 **+0.83 ~ +0.86**,表现得像**一件事**(一个人在这份问卷里卷入了多少);恋物类别数在它的边缘(+0.62 ~ +0.74);**而认可的性行为数是落单的那一个,与其余只有 +0"
README_zh.md,200,广度,True,231022,"的那一个,与其余只有 +0.26 ~ +0.51** —— 最弱的一环正是它与恋物类别数的 **+0.2615**。**所以「广度」至少是两个东西 —— 你对多少种东西有兴趣,和你实际做过多少事 —— 而上面那个 `form` 分数把这两者推向相反的方向。** ⚠ **`#422`:而这个歧义原来是"
README_zh.md,200,计数,True,231116,"多少事 —— 而上面那个 `form` 分数把这两者推向相反的方向。** ⚠ **`#422`:而这个歧义原来是**有界**的,所以修它需要的是一条定义,不是九十处标注。** 把两页都审一遍,约 **90** 处广度类措辞没有在紧邻的上下文里点名具体的量 —— **但那个落单的量出现的全部 15 处"
README_zh.md,200,广度,True,231131,"orm` 分数把这两者推向相反的方向。** ⚠ **`#422`:而这个歧义原来是**有界**的,所以修它需要的是一条定义,不是九十处标注。** 把两页都审一遍,约 **90** 处广度类措辞没有在紧邻的上下文里点名具体的量 —— **但那个落单的量出现的全部 15 处(英文 7、中文 8)**都*"
README_zh.md,200,计数,True,231140,"两者推向相反的方向。** ⚠ **`#422`:而这个歧义原来是**有界**的,所以修它需要的是一条定义,不是九十处标注。** 把两页都审一遍,约 **90** 处广度类措辞没有在紧邻的上下文里点名具体的量 —— **但那个落单的量出现的全部 15 处(英文 7、中文 8)**都**明确点了名**,"
README_zh.md,200,计数,True,231311,"可的性行为计数」。**所以本页一句裸的「广度」从不指性行为计数。**  ⚠ **`#423`:而把题型逐个列举一遍,找出了一个**尚未触发**的陷阱,外加一句关于人的话。** 问卷里有**两个**斐波那契编码的评分族,值集互为镜像 —— `{0,−1,−2,−3,−5,−8}` 与 `{0,1,2,"
README_zh.md,200,计数,False,231851,"性生活,不是更窄的。** ⚠ 范围:只有 **2,061** 人答了这一块(全样本的 13%,且题面措辞在身体类型上做了筛选),所以这是关于**他们**的陈述,不是关于这里每一个人的。  ⚠ **`#424`:而这份问卷里**没有一种「专精」的口味**。** 名单上最大的、从未标定的题族 —— **"
README_zh.md,200,计数,False,232073,"越过族内阈,全部为正,而 134 个里没有一个是负的**,从最弱的 **+0.028** 到最强的 **+0.372**。⚠ 明显的反驳是:这 67 题彼此相关,只要一个共享因子偶然落在正的一侧,它们就会**一起**变正。**这个反驳是真的,而且被量了出来**:在一个把**整行人**一起搬走的零下 "
README_zh.md,200,计数,False,232227,"与列之间的相关被**精确**保住(**0.0757** 对 **0.0757**),只打断与计数的配对 —— 负号数从 **34 到 104**,中位 **67**,散布约是「符号独立」的**两倍**;**而「一个负号都没有」在 200 次零里一次都没出现。****所以这个读法扛住了针对它最强的反驳"
README_zh.md,200,类别数,True,233432,"当锚 —— 唯一的候选(一个精神疾病总计)其实是一个**只有 `Any` 一个取值的字符串**。**所以「更没有能动感」在这里是 UNVERIFIED:量还站着,那个词不站。** ⚠ **`#461` 在修正后的判据下重试了一次,结论不变,而这次带着一个数。** 当初给出那个结论的判据后来被发现是坏"
README_zh.md,200,计数,True,233600,"了本页**所有**方向由构造固定的量 —— 认可的性行为数、恋物类别数,以及分档的性伴数。三个方向**确已确立**的变量对着这组锚分别达到 **0.196**、**0.247** 与 **0.146**;**而 `powerlessness` 最强只到 0.074**。**⇒ 所以不是这个检验太严 "
README_zh.md,200,计数,False,233731,"4**。**⇒ 所以不是这个检验太严 —— 是现有的任何东西都定不下这个变量的哪一端是哪一端。** ⚠ **`#480` 找到了一个「只用计数」的判据从没试过的锚,而它改变了答案 —— 隔着两级。** 先问一个更便宜的问题:它是不是那三个方向已定的量的**噪声版本**?它与它们中任何一个的最强联系是"
README_zh.md,200,计数,False,233861,"版本**?它与它们中任何一个的最强联系是 **−0.174**,而「同一构念的两次测量」需要远在 **0.5** 以上,本数据里连两个不同的计数都能到 **+0.373**。**⇒ 所以它不是那些已知量的影子。** 但它最接近的那一个是 **extroversion**,而**它的方向在本页是已确立"
README_zh.md,200,广度,False,234390,"⚠ 文献先验是比羞耻量表用的「措辞锁死同族题」**更弱**的锚,已如实标明。⚠ 以 \|r\| 形式陈述的主张 —— 例如「人格五因素全部 \|r\| ≤ 0.056」—— **对符号免疫**,不受影响。  ⚠ **`#433`:而方向一旦定下,色情使用量这个变量原来只多加了一件事。** 对着本页已"
README_zh.md,200,类别数,False,234394,"先验是比羞耻量表用的「措辞锁死同族题」**更弱**的锚,已如实标明。⚠ 以 \|r\| 形式陈述的主张 —— 例如「人格五因素全部 \|r\| ≤ 0.056」—— **对符号免疫**,不受影响。  ⚠ **`#433`:而方向一旦定下,色情使用量这个变量原来只多加了一件事。** 对着本页已有的四个"
README_zh.md,200,类别数,False,235541,".2%**(**[+4.2%, +11.9%]**)—— **两个区间不相交**。⚠ 这里的**符号**是代数不是证据:羞耻→行为那一段是**共用**的,所以任何抬高羞耻的量必然失去、任何压低羞耻的量必然得到;本轮**故意**放进一个对羞耻为负的量,好让这件事**可见**而不是被藏起来。**不是代数"
README_zh.md,200,广度,False,235627,"量必然失去、任何压低羞耻的量必然得到;本轮**故意**放进一个对羞耻为负的量,好让这件事**可见**而不是被藏起来。**不是代数的那部分是大小** —— 而这些大小的差别超过了它们自身的重抽样展布。⚠ 五个里有两个(色情使用量、类别数)的总效应太贴近零,**份额根本不可估**,如实报出来,而不是删掉"
README_zh.md,200,广度,False,236238,"它与羞耻分开**,而这现在是一句**测出来的**话,不是一句悬着的话。⚠ 这同时意味着**本页通用的那套族内阈构造在这个尺度上是稳的** —— 而相反的结果会迫使所有建立在它之上的数字重新陈述。  ⚠ **`#439`:而「觉得自己改不了」有两条路,不是一条。** 本页已经说过,塑造「我停不下来」的"
README_zh.md,200,广度,False,236387,"的是**经验**而不是情绪 —— 一个人实践了多少能预测这个信念(**−0.039**),而羞耻不能。广度型也能预测它(**−0.035**),而且**几乎一样大**,所以显而易见的读法是:它是**经由经验**起作用的。**并不是。** 以「实践了多少」为中介做分解,经验那条路只占总量的 **−2."
README_zh.md,200,广度,False,236489,"验**起作用的。**并不是。** 以「实践了多少」为中介做分解,经验那条路只占总量的 **−2.4%**(**[−6.4%, −0.5%]**)—— 而那个负号才是要点:**它是往反方向跑的**。广度型强的人**做得更少**(−0.027),而做得更少的人**更觉得自己能改**,所以这条路本该把结果"
README_zh.md,200,广度,False,236739,"更少)也同时为真。** ⚠ 本轮**预注册的 kill 措辞是错的**:它问的是「间接效应是否 ≠ 0」(是),而不是「它是否承载了总量」(否);**两种读法都留在记录里**,而不是把前一个悄悄替换掉。⚠ n = 6,715,横断面,羞耻全程在模型里;族内阈在 400 与 4,000 次置换之间移动"
README_zh.md,200,广度,False,237283,"轮**预注册的 kill 会发布相反的结论**:它拿「32 块里的最大值」去比一个「1 个标准差」的杠,而一个最大值几乎必然越过它,于是它把第 11 块点名成答案。改正后的杠是**最大值自己的零分布**。**两者都留在记录里。** ⚠ 抽掉前 k 块的那条曲线是**近似**,不是真正的留 k 块重拟"
README_zh.md,200,广度,True,237438,"*旁证**报出,不作为检验本身。  ⚠ **`#441` 把这句话收窄了:那个「形状」不是广度型这个对比,而且它是三个里最弱的。** `c3⁻` 是块×块残差相关矩阵的**第三**个特征向量;接下来显然要问的是前两个是什么、它们是否也预测这个信念。**三个都预测。** 用「三个里的最大值在置换下的分"
README_zh.md,200,广度,True,237528,"个特征向量;接下来显然要问的是前两个是什么、它们是否也预测这个信念。**三个都预测。** 用「三个里的最大值在置换下的分布」搭的杠(**0.028**):第一个成分达到 **0.052**,第二个 **0.053**,而广度型那个第三个只有 **0.036**。**⇒ 「觉得自己改不了」跟的是**领"
README_zh.md,200,计数,True,237593,"(**0.028**):第一个成分达到 **0.052**,第二个 **0.053**,而广度型那个第三个只有 **0.036**。**⇒ 「觉得自己改不了」跟的是**领头的残差结构整体强**,不是某一个特定对比** —— 上面那句话说「与内容无关」是对的,但它留下的「广度型是承载者」的印象是错的。"
README_zh.md,200,计数,True,237623,"第二个 **0.053**,而广度型那个第三个只有 **0.036**。**⇒ 「觉得自己改不了」跟的是**领头的残差结构整体强**,不是某一个特定对比** —— 上面那句话说「与内容无关」是对的,但它留下的「广度型是承载者」的印象是错的。⚠ **`#442` 更正这一句**:第一个成分被判成锚不住"
README_zh.md,200,类别数,True,237628,"*0.053**,而广度型那个第三个只有 **0.036**。**⇒ 「觉得自己改不了」跟的是**领头的残差结构整体强**,不是某一个特定对比** —— 上面那句话说「与内容无关」是对的,但它留下的「广度型是承载者」的印象是错的。⚠ **`#442` 更正这一句**:第一个成分被判成锚不住,是因为它"
README_zh.md,200,计数,True,237845,"*。**错的是「单锚」这条判据,而它自己的正对照就这么说**:在这个掩码上,一个方向**已经确立**的变量(色情使用量)对第一个锚只有 **+0.099**,对第二个才 **+0.139**。**一条会把方向已知的变量判成锚不住的判据,量的是判据,不是变量。** 改成「两个锚任一过杠」之后,三个成分"
README_zh.md,200,计数,True,238032,"*⚠ 第二个与认可的性行为计数相关 **−0.38**,所以它有很大一部分可能就是**整体卷入度**而不是一个独立对比;这是一条注意事项,不是一个结果。⚠ 三个成分**各自单独锚定** —— 特征向量的符号是任意的,而本项目已经四次照着它发布过反的读法。  ⚠ **`#442`:而它不是「卷入度」换"
README_zh.md,200,计数,True,238084,"是一个独立对比;这是一条注意事项,不是一个结果。⚠ 三个成分**各自单独锚定** —— 特征向量的符号是任意的,而本项目已经四次照着它发布过反的读法。  ⚠ **`#442`:而它不是「卷入度」换了个名字 —— 把卷入度控制掉,它反而更强。** 上一段最显然的泄气解释是:第二个成分与认可的性行为计数"
README_zh.md,200,广度,True,238186," —— 把卷入度控制掉,它反而更强。** 上一段最显然的泄气解释是:第二个成分与认可的性行为计数相关 **−0.38**,所以「残差结构预测觉得改不了」可能只是「卷入得多的人更觉得改不了」。把那个计数加进控制集重拟合,**两臂都报**:三个系数从 **0.052 / 0.053 / 0.035** "
README_zh.md,200,计数,False,238332,"5** 变成 **0.052 / 0.062 / 0.047** —— **没有一个塌掉,两个反而变大**,广度型那个大了 **31%**。**⇒ 卷入度是在**遮蔽**这个关系,而不是在制造它;领头的残差结构跟着的是卷入度里没有的东西。** ⚠ 我预测的是第二个成分会塌。⚠ **`#443` 给了"
README_zh.md,200,广度,False,244095,"的,不是跑完之后被注意到的。**  ⚠ **`#458`:而这两条路确实分得开 —— 页面上六个量里,有三个只碰其中一个。** 把本页**已有的**六个人层量同时对两个结局跑一遍,族内阈 **0.034**:口味的罕见程度(**+0.079 / −0.086**)、「普通的东西也管用」(**−0.0"
README_zh.md,200,类别数,True,244290,"**;**广度型**(**+0.082 / −0.030**)与**色情使用量**(**+0.059 / −0.016**)**只推羞耻**;而**一个人答了多少个类别**(**+0.010 / −0.035**)**只推「觉得能改」**。**⇒ 为唤起自己的东西感到羞耻,与觉得那件事搬不动,不是同"
README_zh.md,200,类别数,True,244390,".035**)**只推「觉得能改」**。**⇒ 为唤起自己的东西感到羞耻,与觉得那件事搬不动,不是同一种状态的两种读法:****你被什么吸引、以及你用多少色情内容,走到羞耻就停住了。** ⚠ **答题类别数**看起来是最弱的一环 —— 它衡量的是一个人走过了问卷的多少。**`#459` 检验了这一点"
README_zh.md,200,计数,True,244451,"***你被什么吸引、以及你用多少色情内容,走到羞耻就停住了。** ⚠ **答题类别数**看起来是最弱的一环 —— 它衡量的是一个人走过了问卷的多少。**`#459` 检验了这一点,而「答题量」这个读法不成立。** 本页列举过的五个卷入量里,**只有两个**推动「能不能改」:起始类别数(**−0.03"
README_zh.md,200,类别数,True,244496,"起来是最弱的一环 —— 它衡量的是一个人走过了问卷的多少。**`#459` 检验了这一点,而「答题量」这个读法不成立。** 本页列举过的五个卷入量里,**只有两个**推动「能不能改」:起始类别数(**−0.035**)与**块覆盖数**(**−0.042**),**两个都是「一个人进过多少个彼此不同"
README_zh.md,200,广度,True,245115,"」走的,不是一个人答了多少,****而是他到底踏进过多少块彼此分开的地界;每一块填得多满,什么也不说。**  ⚠ **`#463`:而残差结构的两个领头成分各落在一条路上 —— 这是第一次能把分岔的两边都点名。** 把第一个成分(**定向为「恋物类别越多」**,即上面那段所用的框架)加进同一个七量模"
README_zh.md,200,类别数,True,245265,"型:它够到的是「能不能改」(**−0.047**)而**不是**羞耻(**+0.017**);而**广度型仍然够到羞耻(+0.078)而不是「能不能改」**,共同的阈是 **0.034**。**⇒ 所以一个人把开放度花在哪里,跟着的是他有多羞耻;****而他握着多少个彼此分开的恋物类别,跟着的是那件"
README_zh.md,200,类别数,True,245487,"**),而在**不含**第一个成分的模型里它是过阈的 —— **两个模型不可比,前一条结论被限定在它自己的模型里,不是被撤回。** ⚠ **`#464` 更正贴在第一个成分上的**名字**,方向不变。** 把本页所有可数量对三个成分都试一遍:第一个成分的四个锚**全部同号**,所以它的定向站得住 —"
README_zh.md,200,类别数,True,245505,"模型里它是过阈的 —— **两个模型不可比,前一条结论被限定在它自己的模型里,不是被撤回。** ⚠ **`#464` 更正贴在第一个成分上的**名字**,方向不变。** 把本页所有可数量对三个成分都试一遍:第一个成分的四个锚**全部同号**,所以它的定向站得住 —— 但它最强的三个是 **总勾选项数"
README_zh.md,200,广度,True,245537,"自己的模型里,不是被撤回。** ⚠ **`#464` 更正贴在第一个成分上的**名字**,方向不变。** 把本页所有可数量对三个成分都试一遍:第一个成分的四个锚**全部同号**,所以它的定向站得住 —— 但它最强的三个是 **总勾选项数(0.227)**、**块覆盖数(0.213)** 与 **起始"
README_zh.md,200,类别数,True,245551,"* ⚠ **`#464` 更正贴在第一个成分上的**名字**,方向不变。** 把本页所有可数量对三个成分都试一遍:第一个成分的四个锚**全部同号**,所以它的定向站得住 —— 但它最强的三个是 **总勾选项数(0.227)**、**块覆盖数(0.213)** 与 **起始类别数(0.183)**,而"
README_zh.md,200,广度,True,245566,"贴在第一个成分上的**名字**,方向不变。** 把本页所有可数量对三个成分都试一遍:第一个成分的四个锚**全部同号**,所以它的定向站得住 —— 但它最强的三个是 **总勾选项数(0.227)**、**块覆盖数(0.213)** 与 **起始类别数(0.183)**,而**恋物类别数是四个里最弱的("
README_zh.md,200,广度,True,245619,"全部同号**,所以它的定向站得住 —— 但它最强的三个是 **总勾选项数(0.227)**、**块覆盖数(0.213)** 与 **起始类别数(0.183)**,而**恋物类别数是四个里最弱的(0.131)**。**⇒ 所以它不是「恋物广度」—— 它就是块覆盖数与类别数所标记的那条**整体卷入广度*"
README_zh.md,200,广度,True,245658,"227)**、**块覆盖数(0.213)** 与 **起始类别数(0.183)**,而**恋物类别数是四个里最弱的(0.131)**。**⇒ 所以它不是「恋物广度」—— 它就是块覆盖数与类别数所标记的那条**整体卷入广度**的方向,****而它落在「能不能改」这条路上的位置,与它们完全一致。** 上"
README_zh.md,200,计数,True,245712,"最弱的(0.131)**。**⇒ 所以它不是「恋物广度」—— 它就是块覆盖数与类别数所标记的那条**整体卷入广度**的方向,****而它落在「能不能改」这条路上的位置,与它们完全一致。** 上面那句话应当按**卷入广度**读,不是按恋物内容读。⚠ 同一次检查也杀掉了我另一个方向上的猜测:**广度型*"
README_zh.md,200,计数,True,245827,"按恋物内容读。⚠ 同一次检查也杀掉了我另一个方向上的猜测:**广度型**那个成分本来被我设想成「没有可数对应物」的那一个,而它恰恰拥有**三个里最强**的(与认可的性行为计数 **0.460**)。**⇒ 所以给它命名的五次失败,不是因为缺一个外部相关物** —— 无论原因是什么,都不是这个。 ⚠ "
README_zh.md,200,广度,True,245836,"同一次检查也杀掉了我另一个方向上的猜测:**广度型**那个成分本来被我设想成「没有可数对应物」的那一个,而它恰恰拥有**三个里最强**的(与认可的性行为计数 **0.460**)。**⇒ 所以给它命名的五次失败,不是因为缺一个外部相关物** —— 无论原因是什么,都不是这个。 ⚠ **`#465` "
README_zh.md,200,计数,False,246026,"为计数 —— 整个从广度型坐标里扣掉:它占这个坐标方差的 **21%**,而**残差**对羞耻的预测是 **+0.069**(原来 **+0.078**),**保留 87%**;对「能不能改」依然什么也不预测。**⇒ 所以一个人把开放度花在哪里,与他实际做过多少有关,但**不是**它:****把「认"
README_zh.md,200,计数,False,246103,",**保留 87%**;对「能不能改」依然什么也不预测。**⇒ 所以一个人把开放度花在哪里,与他实际做过多少有关,但**不是**它:****把「认可多少种性行为」抽走,通向羞耻的那条链子还剩八分之七。** ⚠ 这意味着那个未命名的东西**不是那个计数换了件衣服**,而任何一个给它的名字,都必须**扛"
README_zh.md,200,广度,False,246114,";对「能不能改」依然什么也不预测。**⇒ 所以一个人把开放度花在哪里,与他实际做过多少有关,但**不是**它:****把「认可多少种性行为」抽走,通向羞耻的那条链子还剩八分之七。** ⚠ 这意味着那个未命名的东西**不是那个计数换了件衣服**,而任何一个给它的名字,都必须**扛得住同一次减法**。 "
README_zh.md,200,计数,False,246162,"*不是**它:****把「认可多少种性行为」抽走,通向羞耻的那条链子还剩八分之七。** ⚠ 这意味着那个未命名的东西**不是那个计数换了件衣服**,而任何一个给它的名字,都必须**扛得住同一次减法**。 ⚠ **`#466` 把所有可数量一次性全部扣掉,出来两件事。** 本页那六个计数**联合**只"
README_zh.md,200,计数,False,246264,"⚠ **`#466` 把所有可数量一次性全部扣掉,出来两件事。** 本页那六个计数**联合**只解释广度型坐标的 **31%** —— 单看最强的那个是 21% —— 所以**它有 69% 是这些计数一个都碰不到的**;而把六个全部扣掉之后,通向羞耻的联系仍保留 **74%**(从 **+0.079"
README_zh.md,200,计数,False,246322,"*31%** —— 单看最强的那个是 21% —— 所以**它有 69% 是这些计数一个都碰不到的**;而把六个全部扣掉之后,通向羞耻的联系仍保留 **74%**(从 **+0.079** 到 **+0.059**)。**⇒ 所以「一个人把开放度花在哪里」里,有一大块是这份问卷里任何计数都够不到的,"
README_zh.md,200,计数,False,246422,"0.059**)。**⇒ 所以「一个人把开放度花在哪里」里,有一大块是这份问卷里任何计数都够不到的,****而四分之三的羞耻关系就住在那里。** ⚠ 第二件事**限定的是上面那一段,不是这一段**:把计数剥掉之后,残差**也**越过了「能不能改」那一格(**−0.031**),而**原样构造的坐标并"
README_zh.md,200,计数,False,246441,"把开放度花在哪里」里,有一大块是这份问卷里任何计数都够不到的,****而四分之三的羞耻关系就住在那里。** ⚠ 第二件事**限定的是上面那一段,不是这一段**:把计数剥掉之后,残差**也**越过了「能不能改」那一格(**−0.031**),而**原样构造的坐标并没有**。所以「各走一条路」那种干净的"
README_zh.md,200,广度,False,248088,"小于**羞耻在同一个 k 上的 **+0.061**。**⇒ 所以「罕见的口味在地图上人烟稀少的角落里更让人羞耻」这件事,是专属于羞耻的 ——****同样那些角落,对一个人是否觉得那件事还能动,什么也不做。** ⚠ 两臂其余系数与本页别处一致;**分离的只是「领域之间的差」这一项**。 ⚠ **`#"
README_zh.md,200,广度,False,249820,"个真的反转**,真实关系得被推过 **−0.10**,比这里试过的任何一格都远。**⇒ 所以「在地图那一端读出一个负号」这件事,即便为真,这个设计也支撑不起来** —— 这正是前面那一段不去主张它的原因。 ⚠ **`#479`:而地图那一端对每个人都是一样的 —— 它不是两种人的平均数。** 对一个"
README_zh.md,200,广度,True,250809,"羞耻并不把色情使用量传递到行为上 —— 它从中减去。** ⚠ 这个分解是一个 OLS 恒等式(c = c′ + ab,残差 2e-16),而数据是横断面的,所以这是穿过一个相关结构的两条路径,不是两条因果机制;同样的数字与「羞耻驱动用量」一样吻合。⚠ 被它取代的那句话是我**上一轮**写的,而**我"
README_zh.md,200,类别数,True,250829,"它从中减去。** ⚠ 这个分解是一个 OLS 恒等式(c = c′ + ab,残差 2e-16),而数据是横断面的,所以这是穿过一个相关结构的两条路径,不是两条因果机制;同样的数字与「羞耻驱动用量」一样吻合。⚠ 被它取代的那句话是我**上一轮**写的,而**我预注册的预期是「根本没有中介」** ——"
README_zh.md,200,类别数,True,250846,"个 OLS 恒等式(c = c′ + ab,残差 2e-16),而数据是横断面的,所以这是穿过一个相关结构的两条路径,不是两条因果机制;同样的数字与「羞耻驱动用量」一样吻合。⚠ 被它取代的那句话是我**上一轮**写的,而**我预注册的预期是「根本没有中介」** —— 也错了。 由此确立(而非假定)的"
README_zh.md,200,计数,True,250883,"断面的,所以这是穿过一个相关结构的两条路径,不是两条因果机制;同样的数字与「羞耻驱动用量」一样吻合。⚠ 被它取代的那句话是我**上一轮**写的,而**我预注册的预期是「根本没有中介」** —— 也错了。 由此确立(而非假定)的阅读规则:**未加限定的「广度」指的是**卷入家族** —— 起始类别数、"
README_zh.md,200,勾选数,False,254606,"低)· **0.700**(只是口味冷门)· **0.718**(只是把开放性花在越轨一侧)· **1.077**(两条都高),而加性预测是 **1.034** —— 两条都占的人背的是低低组的 **2.81 倍**,**正好是两份之和**。连续交互系数 **−0.0150**,置换零 +0.005"
README_zh.md,200,类别数,False,255101,"检验的 MDE 是 **54.8%**。**这是一个有功效的零**:如果这四样里有任何一样能把羞耻系数削掉哪怕一成,这个设计会看见。 ⚠ **`#384`:而羞耻改变的是一个人**做了什么**,不是他**相信什么**。** 问卷里两题正好切开这件事:「如果非常努力,你能停止被它唤起吗」(*Impos"
README_zh.md,200,类别数,False,256436,"量恒等式,**六位小数全对上**。**它不可能是别的值**,所以它不携带任何关于世界的信息。**这个区分决定下一步做什么:功率不足可以靠加数据救回来,代数上空的永远不能。** 这条链的方向在这些测量上**不可识别**,而且任何样本量都改变不了。 ⚠ **`#388`:而真正预测这个信念的,是「普通的"
README_zh.md,200,计数,True,256754,"体稀有度 `S` 已在控制项里**,所以这是**超出**口味有多冷门之外的残差:⚠ **`#392` 把这整条注记的方向翻了过来 —— 连同 `#390` 与 `#391`。** 这五题是 `RATING_NEG_FIB` 的**全部**(全问卷恰好五个),而它们的取值只跑遍 {0, −1, −2,"
README_zh.md,200,计数,True,256994,"**、与勾选类别总数 **−0.1866** —— 两锚同号;重复出现的 cunnilingus 一对相关 +0.697 作内部一致性正对照,纯噪声与锚 −0.003。**所以 −8 才是「色」的那一端:分数越高,常规的东西对他**越不**起作用。** 于是 +0.1255 的读法是:**普通的东西"
README_zh.md,200,类别数,False,257610,"赖那次选择,保留。 ⚠ 两种定义不是同一个构念 —— 手挑的题量的是常规行为**有多色**,块版本数的是**勾了多少项**(与总勾选相关 +0.34)—— **但那是这次复制的限制,不是把结论救回来的理由。** ⚠ **`#395`:而同一个分数也预测羞耻 —— 它是两件**彼此无关**的事的共同前"
README_zh.md,200,类别数,False,258509,"是特征向量、符号任意,用前已对着羞耻定向(+0.127)。 ⚠ 值得一提:这条路是从**另一扇门**进来的 —— 它是在扫**「能不能改」**那道题的残差时被撞见的,不是在找羞耻路径时找到的。 ⚠ **`#398`–`#399`:换第三个结局去扫 —— 「参与/幻想那些唤起我的东西对我是疗愈的」——"
README_zh.md,200,计数,True,260708,"`:而第四格 —— 两样都低的那 1,662 人 —— **并不是**「哪儿都更淡」。** 它非常有特点:位置分 `S` 相差 **d = −0.31(\|t\| 10.17)**,五题分数 +0.17、`c3⁻` −0.17、平均起始 +0.16、轮廓清晰度 −0.09 也都越过 2.73 的族内"
README_zh.md,200,计数,True,260723,"那 1,662 人 —— **并不是**「哪儿都更淡」。** 它非常有特点:位置分 `S` 相差 **d = −0.31(\|t\| 10.17)**,五题分数 +0.17、`c3⁻` −0.17、平均起始 +0.16、轮廓清晰度 −0.09 也都越过 2.73 的族内阈。**但用一个既不是羞耻、也"
README_zh.md,200,计数,False,262294,"`S` 的系数 **21 个为正、8 个为负**,符号一致性 **0.724**,对着 **0.579 ± 0.059** 的 offset 零(上侧 95 分位 0.690)——该零由「打乱 `S`、保住结局之间的相关」构造。**它以 +2.47 sd 越阈 —— 擦线 —— 而结局之间的相关会*"
README_zh.md,200,类别数,False,262808," **0.651 ± 0.035**。**所以 `S` 不是两个方向的混合** —— 越轨那一半反而是更散的 —— 而上面那条「结局特定」的限定,现在有了一个**被检验过**而不是被假定的理由。 ⚠ MDE 40% 对着有意义的 50%,扫描未饱和。 ⚠ **`#411`:而在**从没有过性伴**的"
README_zh.md,200,广度,False,263131," +89.4%)。三个可算的格全部带着预注册的负号,只有最宽的那格越阈。 ⚠ **这确立的是「这个差不是噪声」,不是「羞耻需要观众」**:从没有过性伴的人**既没有观众,也没有机会**,而「实践了多少」同时被这两者压低 —— **任何样本量都分不开它们。** ⚠ 宽窄两口径是不同人群,而宽臂去掉了 "
README_zh.md,200,计数,False,263265,"两口径是不同人群,而宽臂去掉了 `S` 与 `c3⁻`(它们需要 ≥8 个块)。 ⚠ **`#390`:放进同一个模型,强度活下来、广度塌掉 —— 那次收回被一个**事先注册**的检验撤销。** 两项同时在场时(它们相关 −0.37,所以「共线到两个都塌」那个世界不成立),评分式的**强度**分数保"
README_zh.md,200,广度,False,263271,"人群,而宽臂去掉了 `S` 与 `c3⁻`(它们需要 ≥8 个块)。 ⚠ **`#390`:放进同一个模型,强度活下来、广度塌掉 —— 那次收回被一个**事先注册**的检验撤销。** 两项同时在场时(它们相关 −0.37,所以「共线到两个都塌」那个世界不成立),评分式的**强度**分数保持 **+0"
README_zh.md,200,广度,False,263328,"下来、广度塌掉 —— 那次收回被一个**事先注册**的检验撤销。** 两项同时在场时(它们相关 −0.37,所以「共线到两个都塌」那个世界不成立),评分式的**强度**分数保持 **+0.1255**(se 0.0131,阈 0.0253,由两列**一起**打乱给出),而块计数式的**广度**分数从"
README_zh.md,200,类别数,False,266305,",也不可能是**:在人口层,越冷门的类别确实开始得越晚(类别中位起始与稀有度相关 **+0.3406**),所以零由「把每个起始换成**该类别自己分布**里的一个抽样」构造 —— 保住时间表,只打断个人偏差。**实测是零的 2.5 倍:几乎每个人都是从普通的地方开始的,而这个次序是个人的,不只是人口"
README_zh.md,200,计数,False,269196,"在 [`CALIBER.md`](CALIBER.md) 中逐一实测 —— **而那张表声明了自己不完整。**  # 这说明了关于人的什么  Each row is one sentence about people, at the strength it was actually measured"
README_zh.md,200,计数,False,269236,"而那张表声明了自己不完整。**  # 这说明了关于人的什么  Each row is one sentence about people, at the strength it was actually measured. The ledger entry is the receipt. > ⚠ *"
README_zh.md,200,勾选数,False,270938,"纯**内容**种植塌到 −2% —— **「偏爱冷门」是一个可迁移的位置,不是「喜欢某一族恰好冷门的东西」**。**而它不是性别的影子**(`#164`):把性别从**每一个**块层分数里回归掉,这个倾向保留 **102%**(4.9× 自身展布,方向是**升**);而同样的处理让一个纯**性别驱动"
README_zh.md,200,勾选数,False,270957,"**「偏爱冷门」是一个可迁移的位置,不是「喜欢某一族恰好冷门的东西」**。**而它不是性别的影子**(`#164`):把性别从**每一个**块层分数里回归掉,这个倾向保留 **102%**(4.9× 自身展布,方向是**升**);而同样的处理让一个纯**性别驱动**的位置种植塌到 **−0%**、让"
README_zh.md,200,勾选数,False,271294,"展布,预注册的 0.60 阈值也在噪声带外 3.1×)。**挑什么内容很大程度上是共享的;而你站在冷门—常见这条轴的哪儿,是你自己的** | `#100` `#104` `#165` | | **而且「偏爱冷门」不是不带立场的 —— 它带着羞耻** | 两道与块**零 item 重叠**的独立 Li"
README_zh.md,200,勾选数,False,271457,"03):位置分预测**羞耻 +0.1185**,并且穿过每一层控制 —— 勾选数(+0.1155)、性别(+0.1154)、**内容分本身**(**+0.1132,9.0× 自身自助 sd**)。内容只中介 **4.5%**,所以羞耻**不跟着**你喜欢哪些家族走。跨人打乱羞耻给 **+0.0008"
README_zh.md,200,勾选数,False,275796,"5 是一条单调曲线上的一点。**沿覆盖阈 ≥4/6/8/10/12/16(n = 12,720 → 950)它是 **+0.172 · +0.148 · +0.119 · +0.084 · +0.071 · −0.002**,单调,且两端区间不重叠。**一个真值固定的合成关系在同一批阈上也会掉 0."
README_zh.md,200,勾选数,False,276661,"mated`/`written` 与**性别身份**。⚠ **`#201` 撤回「媒介(画的还是写的)」这个读法**:`corr(animated, written) = +0.2507`(29.4×)—— **强正**,而「确实二选一」的刻度对是 −0.2673。它们不是一条轴的两端;内容维度预测"
README_zh.md,200,勾选数,False,276760,"×)—— **强正**,而「确实二选一」的刻度对是 −0.2673。它们不是一条轴的两端;内容维度预测的是两者**共有**的东西,而那个东西本项目**尚未命名也未检验**。⚠ **这个分工有一部分是控制勾选数造出来的**:**边际**评估下位置分对 `animated` = **+0.1193(10"
README_zh.md,200,breadth,False,276970,"(`#192`)。⚠ **正交性是构造出来的,而原始的两个维度根本不正交**:人层 `corr(S, C) = +0.4323`,所以 `corr(S, C残差) = 0` 是定义不是发现(`#129` `#189d`)—— 它们是**一个维度、和另一个扣掉它之后的余量**,不是两个独立的东西,而内"
README_zh.md,200,breadth,False,277120,"容分是跨人主成分,完全特异的组合对它不可见  ⚠ **`#227` —— 这个「内容」维度的正名是 breadth(你对多少东西说「是」),不是内容口味**:块层主成分被**直接相加而从没对齐符号** —— `np.linalg.eigh` 的特征向量符号任意,32 个块里 **17 个指向一边、1"
README_zh.md,200,勾选数,False,277166,"正名是 breadth(你对多少东西说「是」),不是内容口味**:块层主成分被**直接相加而从没对齐符号** —— `np.linalg.eigh` 的特征向量符号任意,32 个块里 **17 个指向一边、15 个指向另一边**,所以 `#188`/`#189` 背后的每一个内容人分,都是一个部分相"
README_zh.md,200,breadth,False,277618,"后 17/31 vs 15/31)。⚠ **那个 +0.5772 是 `UNVERIFIED`**:对齐法的正对照第一句过了(种入后再打乱符号的信号,对齐救回 **0.9083**、未对齐只剩 **0.3423**),**第二句没过** —— 我注册的是「未对齐必须低于 0.30」,而这个地板是我*"
README_zh.md,200,breadth,False,277695,"救回 **0.9083**、未对齐只剩 **0.3423**),**第二句没过** —— 我注册的是「未对齐必须低于 0.30」,而这个地板是我**选的,不是量的**;每半 16 个块时,随机符号和仍会保留强共同信号的 ~1/√16。**原始的 breadth 读数不依赖这一切**:对齐 +0.83"
README_zh.md,200,breadth,False,278007,"77,872 格),修正后的置换零是 **+0.0043 ± 0.0012**,种入强度扫描全程单调。人是**在某些类别上格外宽、在另一些上并不**,而这个形状是可靠的。⚠ 按 `D6` 报,不按已定论报:正对照的注册条款没过(0.4789 vs 要求的 0.4893)且我没有事后改它 —— **它"
README_zh.md,200,类别数,False,279273,".098 / 0.228),而种植在 14 岁后那一半 g=1 就开火。**全样本的 −0.0328 是被 14 岁前那段(那里没有效应)稀释的结果。**⚠ 14 岁后那一半本身是年龄选择的(贡献者年龄中位 26.5 对 22.5),且它的置换零是效应的 30% ⚠ **`#243` —— 而它根本"
README_zh.md,200,类别数,False,279334,"(那里没有效应)稀释的结果。**⚠ 14 岁后那一半本身是年龄选择的(贡献者年龄中位 26.5 对 22.5),且它的置换零是效应的 30% ⚠ **`#243` —— 而它根本不是一个人群效应**:按「**14 岁前是否报了 ≥8 个起始年龄**」把人分开,并把其余人按**总类别数**匹配(两组中"
README_zh.md,200,类别数,False,281812,"674**,早族彼此 −0.0075。**而且""一整套""是字面意义的**:关系族的获得年龄比同样多个随机挑的**靠拢 9.4%**(17.7×,在扣掉人群时间表之后),具体族反而**分散 9.0%**(12.1×)。**发育不是同一种东西按顺序到达,是两种不同组织度的东西以不同方式到达** —— 这"
README_zh.md,200,类别数,False,282290,"0165 → −0.0069(差 2.4 倍),且**人内中位数分割不可分辨(1.0×)—— 现象绑在绝对年龄上,不是""你序列里靠后的""** | `#133` `#134` | | **性版图在青春期结束时就基本定型** | 29–32 岁的人,自己报告的性兴趣有 **68.4% 是 17 岁前获得"
README_zh.md,200,广度,False,282486,"5 年里类别数只从 12.4 长到 12.9(+4.5%,队列混淆,较弱)。**这给模型 C 划了时间边界:递归重塑若存在,作用窗口主要在青春期内** | `#132` | | **人群层面,版图确实从大家都有的东西开始** | 一个人最早报告的那批兴趣,在他自己曲目库里按罕见度排落在**第 33 "
README_zh.md,200,广度,False,282615,"他自己曲目库里按罕见度排落在**第 33 百分位**(49.4×)。**以每人自己的置换零展布为单位是 z = −0.5515**,而**五个广度层每一层都可分辨为负(17.5–27.3×)—— 这个效应是普遍的,与他喜欢多少东西无关**(`#147`)。⚠ `#146` 那条「口味越广越明显」已撤"
README_zh.md,200,类别数,False,283437,"ERIFIED**:题目层 Spearman(稀有度, 起始年龄**中位数**)= +0.437,但中位数是一个**更差的时间表**(留出成对顺序 63.30% vs 均值 66.70%),而均值序与稀有度无关(+0.011)。左尾解释已死(−0.091)。**效应稳,机制未定** | `#130`"
README_zh.md,200,计数,False,289713,"版**已撤回**。 ⚠ 它**不是**本页前半部分那个稀有度位置坐标:它量的是你有多严格,不是你的口味有多不寻常。 NSFG 没有任何羞耻题,所以「位置 → 羞耻」在那里**根本无法复现**。 `[#500, #501]`  **而那个「严格」坐标不是一把尺子,是两把** `[#523「一个新数字也"
README_zh.md,200,计数,False,289898,"**婚姻生养**的五道, 两个计数**同时**进回归后,每件行为的系数由**它自己那一域**携带: 曾有同性接触由**性严格**携带(−0.036,跨域仅 −0.012);非婚同居由**家庭严格**携带(−0.051,跨域 **+0.002**); 非婚生育同样(−0.052,跨域 **+0.016"
README_zh.md,200,计数,False,291061,"」的条目**;而这条主张第一次发表时写下的映射表里,记着正确的那一对。报域内/跨域系数(−0.036 对 −0.012,−0.051 对 +0.002,−0.052 对 +0.016)的那一段,引的条目**标题上写着「一个新数字也没有引入」**,而那些数字住在**前一条**里,写作 −0.03559"
README_zh.md,200,计数,False,291253,"让这一页上另一个计数变差 —— **两种写法,两次都是**。**所以缺陷是被登记的,不是被打补丁的**,而这就是它诚实的状态。而这个核对器自身的盲点比那个发现更值钱:它的数字读取器**停在四位小数**,于是账本里五位小数的条目对它是隐形的,**21 段被判成错的,其实没错**。**而正对照自始至终都"
README_zh.md,200,计数,False,293292,"*,因为改写一个**本来就带着限定语**的段落,会同量地删掉和加回限定语行,而没有任何机械规则能把它和「把一个范围词换成另一个」分开。事先写下的判据要求**删的次数**与**这个含糊桶**都要小;前者是 1,后者是 25,**所以它无法被评判**,而诚实的说法是那个分辨率,不是那个答案。⚠ 那唯一一"
README_zh.md,200,计数,False,293861,"仪器往哪里看;而出错的地方是它能看见什么。**⚠ **所以后者也被量了,用植入 —— 而它更正了我两轮前写下的一句话** `[#627「不是它开不了火,是这一页上没有能让它开火的东西」]`。对每一条可以被「改页面」激发的规则,在**每一版**里注入一个它**本应抓到**的最小缺陷,同时注入一段它**"
README_zh.md,200,计数,False,294369,"」,才是那个讨好自己的错误。⚠ **四格里已经关掉一个,靠的是把它需要的那次提交伪造出来** `[#628「一个守卫太严,人就会去关掉它」]`。那条盯着「某个数**离开**页面」的规则,改任何一版页面都激不出它 —— **它的缺陷住在两次提交之间的差里** —— 所以在一个一次性分支上造了两次提交:"
README_zh.md,200,计数,False,307304,"26 件事排开,得到的图不需要统计就能读:**卖掉自己的灵魂(R² 0.149 对 0.003)、烧国旗(0.113 对 0.000)、放弃国籍、咒骂开国者** —— 全落在「权威—纯洁—忠诚」那条轴上;而**杀一只濒危动物(在另一条轴上 0.099)、向种族主义者宣誓效忠、踢一只狗、嘲笑胖子** "
README_zh.md,200,计数,False,307314,的图不需要统计就能读:**卖掉自己的灵魂(R² 0.149 对 0.003)、烧国旗(0.113 对 0.000)、放弃国籍、咒骂开国者** —— 全落在「权威—纯洁—忠诚」那条轴上;而**杀一只濒危动物(在另一条轴上 0.099)、向种族主义者宣誓效忠、踢一只狗、嘲笑胖子** —— 全落在「伤害—
README_zh.md,200,计数,False,308020,"表、且在经济类目上一个都不返回),找到了**五个**:一个社会如何评判**强奸**,以及 —— **在同一条四级量表上、对同一个行为** —— **对本地社群成员、对本社会但本地社群之外的人、对其他社会的人施加身体暴力的可接受程度。**⚠ 这个扫描本身也不干净:它的十五个命中我逐个手检,**有三个是"
README_zh.md,200,计数,False,325949,"段 **+0.2288**(并杀掉了光环世界)、以身作则与一切正交而自身 **+0.9215**。⚠ 关门前把这五轮的结论逐条拿它**自己的区间**去量了一遍(本会话犯过三次「门槛写得比设计能分辨的更细」):**没有一条说得比它的区间允许的更强** —— 声称可判的三轮,阈都在区间外;自报判不了的两"
README_zh.md,200,计数,False,377084,"下的主量当场停用,而停用它的是它**自己**的停止条件:「十个符号的匹配数」只有 0 到 10 共十一档,少于二十档,**而上一件明写「不许在粗格上报 p」**。替代量在**打印相关表之前**写死,否则预测就是事后的:语义预测取自码本词义而非数据(打 +1、讲道理 +1、以身作则 0 并把含它的四对"
README_zh.md,200,广度,True,383764," 2× 需约 **48 倍**样本 `#120` | | 直接测量交互幅度(不经模型) | **代数上不可能** —— 残差一阶矩是边际决定量,保边际零下恒等于零 `#105` | | 数出维度 | 有诚实地板的估计器数不了;能数的地板是伪影 `#89` | | 呈现顺序首因 | release *"
README_zh.md,200,广度,True,384055,"多** | 在 31 个起始类别上,稀有度解释了「这一类的拥有者有多羞耻」的 **58%**(`r` = +0.758)。剩下的 **42% 是真的** —— 残差 sd **0.145**,而各类别的抽样底是 **0.029**(**4.9 倍**),打乱人的零把残差压回 **0.031 ± 0."
README_zh.md,200,广度,False,388428,"下。**[UNVERIFIED —— RETRACTIONS #34]** 文字 vs 视觉的亏空在 5 个种子下无法分辨 (9 个语料切法里 0 个的效应超过 2× 种子展布,而性别在 9/9 里都可分辨);每格约需 44 个种子。 那是一条真实的、有界的、对 A 的约束。  **[R06 · 诱"
README_zh.md,200,广度,False,388711,"rho +0.2515,85% 活过答题风格控制」—— 那一对数**在账本里根本不存在**,来自这一页 A09 之前的一份草稿。 「85% 是答题风格」这一步是 **UNVERIFIED**:每一道题都是情色内容、没有反向计分, 所以在这个发布版里,一般性的随和与一般性的情色认可分不开。 **设计后"
README_zh.md,200,breadth,False,388719,"515,85% 活过答题风格控制」—— 那一对数**在账本里根本不存在**,来自这一页 A09 之前的一份草稿。 「85% 是答题风格」这一步是 **UNVERIFIED**:每一道题都是情色内容、没有反向计分, 所以在这个发布版里,一般性的随和与一般性的情色认可分不开。 **设计后果**:诱导的回"
README_zh.md,200,广度,False,388946,"在坐标空间里,只比一个 按基率、同样大小的集合**集中 0.88%** —— 可忽略。⚠ **那个数是在一个设定(K=6)上算的、从未扫过**,而账本自己的扫描表对同一个量给出:K=2 时 −0.01%,K=16 时 −2.56%,在报出 0.88% 的那个 K 上是 **−0.29%**;当年与它"
README_zh.md,200,广度,False,389060,"%,在报出 0.88% 的那个 K 上是 **−0.29%**;当年与它并列打印的 t 值,在本仓库里已无存留出处。 集合从随机走到完美嵌套的路上走了 **24.2%**。广度中等程度上是一个特质(Spearman–Brown 0.557)。 **[UNVERIFIED —— RETRACTIONS"
README_zh.md,200,广度,False,389125,到完美嵌套的路上走了 **24.2%**。广度中等程度上是一个特质(Spearman–Brown 0.557)。 **[UNVERIFIED —— RETRACTIONS #26]**「9–13% 是答题风格」这个数来自一个与 POWER 轴正交(+0.024)、 却与广度本身相关 +0.385 的
README_zh.md,200,breadth,True,389180,"。 **[UNVERIFIED —— RETRACTIONS #26]**「9–13% 是答题风格」这个数来自一个与 POWER 轴正交(+0.024)、 却与广度本身相关 +0.385 的指标;没有平衡计分的题目就分不开答题风格与情色认可,而这个发布版没有。  **[E01·R05 · 广度是不是"
README_zh.md,200,广度,True,389369,ory/A05_is_breadth_a_nuisance_or_the_object)** —— 近乎领域封闭。全部 15 个非性变量合起来:**R² = 0.012**。 **[部分撤回 —— 见 RETRACTIONS #17]** 那只在控制了问卷推进度、且结局是**受门控**的那一个时成立
README_zh.md,200,广度,True,389526,"的 `totalfetishcategory` 上、控制了随和倾向之后,童年逆境 → 广度是 **r = +0.059,效应/地板 7.5** —— 真实且小,与已发表的 d=0.151 相符。 成年性侵害、体罚与成长环境仍近零。  **[R09 · 消费](A09_consumption)** —"
README_zh.md,200,计数,False,397809,"出错;只是从来没有什么东西看过。所以这一页的守卫报出来的数字,在仪器不再半瞎的那一刻从九升到了十七 —— **而这不是页面变差了,是这个数字终于开始说的是页面,而不是那把尺子。**⚠ **而这句话本身在一小时内就被推翻了** `[#603「同一批债被数了两遍,而我把它写成了另有八笔债」]`:那八段里"
README_zh.md,200,计数,False,400471," `P6` 代理账:**只在命中方向可读,输出是必读清单不是判决。**  ## 布局  **E · A · R** —— 纪元(本体论变了)含大弧(一个决定变安全)含轮次(一次信念更新)。 **3 个纪元,18 个弧,100 轮** —— **一轮 = 这一页上的一条声明**,而产出它的脚本平铺在它"
