line,refs,grid,kw,tabs,txt
14,(无引用),False,,0,"The first dataset gives `corr(rarity, shame) = 0.758` (Entry 528). Case closed, apparently"
23,(无引用),False,,0,Rank-correlating condemnation against rarity: **only one of five cells holds** (premarital
31,(无引用),False,,0,"about others. The strongest available pair (premarital × extramarital, n = 90) gives **+0."
32,(无引用),False,,0,of the full eight-cell grid is **+0.125** — and the right comparison is not zero but **how
33,(无引用),False,,0,variables coded by the same team already are: 0.187 ± 0.152** (Entry 529 · 530).
43,(无引用),False,,0,- **Change who is hit: median of six pairs +0.845.** Barely moves.
44,(无引用),False,,0,- **Change which method** (hitting / lecturing / teaching / permissiveness / affection): *
46,(无引用),False,,0,- **Cross to wife-beating: upper bound only +0.440.** (Entry 640 · 641 · 642)
53,(无引用),False,,0,gives +0.229 against +0.845 for changing the target — Entry 642).
57,(无引用),False,,0,"It does, and more sharply. **Of five moral domains, only purity has all six item pairs abo"
58,(无引用),False,,0,(weakest link **0.335**); each of the other four contains a pair far lower (fairness is
59,(无引用),False,,0,**0.062** — Entry 653).
60,(无引用),False,,0,"⚠ **But ""only purity"" was manufactured by that chosen 0.30, and it is withdrawn**: against"
61,(无引用),False,,0,"**all 593,770 random six-item blocks** of the same questionnaire, the 95th percentile is *"
62,(无引用),False,,0,"**all five domains clear it**, purity **11.23×** > authority 5.68× > ingroup 4.99× > harm "
67,#716 #720 #727 #728,True,"规格,跨种子",5,"> ⚠ At the null's **99th** percentile of 0.2019, **only purity does clear it.**"
70,#716 #720 #727 #728,True,"规格,跨种子",5,"> ⚠ And the null's **maximum is +0.4501**, above purity's own 0.3354 — a random six-item b"
72,#716 #720 #727 #728,True,"规格,跨种子",5,> ⚠ **And whether it is one structure for men and for women was measured separately.** The
73,#716 #720 #727 #728,True,"规格,跨种子",5,"> the within-sex random split-half ceiling is **+0.975** (ten splits, [+0.965, +0.980]) an"
74,#716 #720 #727 #728,True,"规格,跨种子",5,"> **By the letter, 0.952 is below the ceiling ⇒ the structure differs. And the placebo wri"
75,#716 #720 #727 #728,True,"规格,跨种子",5,"> **splitting by age instead of sex gives only +0.958, also below that ceiling** — any **n"
77,#716 #720 #727 #728,True,"规格,跨种子",5,"> ⇒ What stands: **the ordering is one structure (sexes 0.952 against age 0.958, not separ"
82,#716 #720 #727 #728,True,"规格,跨种子",5,"> ⚠ **Those seven were then put through multiplicity, and the verdict is UNVERIFIED.** Und"
84,(无引用),False,,0,"**And ""sex is one block"" holds on two entirely different instruments** (GSS four items, we"
85,(无引用),False,,0,"NSFG three items, 0.346 — different wordings, populations, years). Conversely, **the seven"
97,(无引用),False,,0,- face-to-face **0.7051** against web **0.5951** (2022) · **0.7917** against **0.6057** (2
98,(无引用),False,,0,- **the same contrast on the death penalty: +0.018 and −0.012 — essentially nothing.** (En
103,(无引用),False,,0,"+0.0735, non-sexual −0.0074. **But code 1 does not mean the same thing across items** — fo"
106,(无引用),False,,0,"**+0.0378**, not −0.0074, the gap falls to **+0.0357**, and **its interval contains zero**"
113,(无引用),False,,0,"group to the same cell count gives a median agreement rate of 0.750, putting the sexual gr"
114,(无引用),False,,0,"**76.6th percentile, empirical p = 0.234**; and randomly relabelling sexual/non-sexual pro"
115,(无引用),False,,0,(**0.106**) **larger than the real split's (0.083)** (Entry 662).
128,#542 #607 #617 #618 #623 #653 #676 #716 #717 #718 #719 #720 #721 #723 #724 #726 #736 #737 #747 #749 #750 #751 #752 #753 #754 #756 #757 #760 #762 #763 #764 #765 #767 #768 #769 #770 #771 #772 #773 #776 #777 #778 #779 #780 #781 #782 #783 #784 #785 #786 #787 #788 #789 #790 #791 #792 #793 #794 #795 #796 #797 #798 #799 #800 #801 #806,True,"grid,sweep,三种",62,⚠⚠ **And every normalised number on this page is an under-estimate — measured in a synthet
129,#542 #607 #617 #618 #623 #653 #676 #716 #717 #718 #719 #720 #721 #723 #724 #726 #736 #737 #747 #749 #750 #751 #752 #753 #754 #756 #757 #760 #762 #763 #764 #765 #767 #768 #769 #770 #771 #772 #773 #776 #777 #778 #779 #780 #781 #782 #783 #784 #785 #786 #787 #788 #789 #790 #791 #792 #793 #794 #795 #796 #797 #798 #799 #800 #801 #806,True,"grid,sweep,三种",62,⚠ **But the *magnitudes* in that simulation do not transfer to this page — only the direct
131,#542 #607 #617 #618 #623 #653 #676 #716 #717 #718 #719 #720 #721 #723 #724 #726 #736 #737 #747 #749 #750 #751 #752 #753 #754 #756 #757 #760 #762 #763 #764 #765 #767 #768 #769 #770 #771 #772 #773 #776 #777 #778 #779 #780 #781 #782 #783 #784 #785 #786 #787 #788 #789 #790 #791 #792 #793 #794 #795 #796 #797 #798 #799 #800 #801 #806,True,"grid,sweep,三种",62,"only the companion battery changes, and the ratio runs from **0.93×** (against the abortio"
133,#542 #607 #617 #618 #623 #653 #676 #716 #717 #718 #719 #720 #721 #723 #724 #726 #736 #737 #747 #749 #750 #751 #752 #753 #754 #756 #757 #760 #762 #763 #764 #765 #767 #768 #769 #770 #771 #772 #773 #776 #777 #778 #779 #780 #781 #782 #783 #784 #785 #786 #787 #788 #789 #790 #791 #792 #793 #794 #795 #796 #797 #798 #799 #800 #801 #806,True,"grid,sweep,三种",62,"⚠ **That denominator is itself an estimate, so how much it wobbles has been measured**: of"
135,#783 #797 #801 #802,True,"grid,网格,规格",5,**And `#801` immediately exposed something larger: this page has published `r` for eight i
137,#706 #787 #801 #802 #803,True,规格,4,"**And `#802`'s sentence immediately owed a control, so the next round went and built it — "
138,#706 #787 #801 #802 #803,True,规格,4,"⚠ **This number tracks sample size, not how true the claim is**: measured, `corr(ratio, n)"
148,#711,True,,1,"| **The child-rearing axis reaches sex — through its coercive end, not its warm one** — ⚠ "
149,#711,True,,1,"| **How a society raises children lies on an imposition↔warmth axis, and that shape is not"
150,#711,True,,1,| **The halo explains *who gets hit*; it does not explain *which technique is used*** | ac
151,#711,True,,1,| ⛔ ~~Changing who is hit barely changes how hard a society hits~~ **demoted to a halo** |
152,#711,True,,1,"| Changing the method removes three quarters | **+0.229** [+0.132, +0.293] | the halo worl"
153,#711,True,,1,| Hitting children and hitting wives are not one act | upper bound **+0.440** | cross-team
154,#711,True,,1,| A society that hits more also lectures more; permissiveness travels with affection | +0.
155,#711,True,,1,| Example-setting takes no side | +0.045 against four methods · **+0.922 internally** | ga
156,#711,True,,1,| A change of reader leaves the same number | cross-team **+0.630** (n=60) | cross-team me
162,#100 #101 #111 #661 #680 #709 #770 #773 #789 #797 #798 #799 #800 #803 #807 #814 #816 #817 #818 #820 #821 #822 #826 #827 #828 #829 #830 #831 #832 #833 #834 #835 #836 #837 #838 #839 #840 #841 #842 #843 #844 #845 #846 #847 #848 #849 #850 #851 #852 #853 #854 #855 #856 #857 #858 #859 #860 #861 #862 #863 #864 #865 #866 #867 #868 #869 #870 #871 #872 #873 #874,True,"specification,sweep,三种",54,| **Education does not make people milder; it makes them stand more firmly in one place** 
163,#100 #101 #111 #661 #680 #709 #770 #773 #789 #797 #798 #799 #800 #803 #807 #814 #816 #817 #818 #820 #821 #822 #826 #827 #828 #829 #830 #831 #832 #833 #834 #835 #836 #837 #838 #839 #840 #841 #842 #843 #844 #845 #846 #847 #848 #849 #850 #851 #852 #853 #854 #855 #856 #857 #858 #859 #860 #861 #862 #863 #864 #865 #866 #867 #868 #869 #870 #871 #872 #873 #874,True,"specification,sweep,三种",54,| **Within-person compression: same direction on three instruments** | GSS **−0.1574** (pr
164,#100 #101 #111 #661 #680 #709 #770 #773 #789 #797 #798 #799 #800 #803 #807 #814 #816 #817 #818 #820 #821 #822 #826 #827 #828 #829 #830 #831 #832 #833 #834 #835 #836 #837 #838 #839 #840 #841 #842 #843 #844 #845 #846 #847 #848 #849 #850 #851 #852 #853 #854 #855 #856 #857 #858 #859 #860 #861 #862 #863 #864 #865 #866 #867 #868 #869 #870 #871 #872 #873 #874,True,"specification,sweep,三种",54,"| **The within-person compression replicates on a second instrument** | MFQ ρ(education, t"
165,#100 #101 #111 #661 #680 #709 #770 #773 #789 #797 #798 #799 #800 #803 #807 #814 #816 #817 #818 #820 #821 #822 #826 #827 #828 #829 #830 #831 #832 #833 #834 #835 #836 #837 #838 #839 #840 #841 #842 #843 #844 #845 #846 #847 #848 #849 #850 #851 #852 #853 #854 #855 #856 #857 #858 #859 #860 #861 #862 #863 #864 #865 #866 #867 #868 #869 #870 #871 #872 #873 #874,True,"specification,sweep,三种",54,"| **The more educated, the less a person's answers fluctuate — and mostly by gathering int"
166,#100 #101 #111 #661 #680 #709 #770 #773 #789 #797 #798 #799 #800 #803 #807 #814 #816 #817 #818 #820 #821 #822 #826 #827 #828 #829 #830 #831 #832 #833 #834 #835 #836 #837 #838 #839 #840 #841 #842 #843 #844 #845 #846 #847 #848 #849 #850 #851 #852 #853 #854 #855 #856 #857 #858 #859 #860 #861 #862 #863 #864 #865 #866 #867 #868 #869 #870 #871 #872 #873 #874,True,"specification,sweep,三种",54,"| **It is education, not cohort** | within five cohort cells the education Δ agrees in sig"
167,#100 #101 #111 #661 #680 #709 #770 #773 #789 #797 #798 #799 #800 #803 #807 #814 #816 #817 #818 #820 #821 #822 #826 #827 #828 #829 #830 #831 #832 #833 #834 #835 #836 #837 #838 #839 #840 #841 #842 #843 #844 #845 #846 #847 #848 #849 #850 #851 #852 #853 #854 #855 #856 #857 #858 #859 #860 #861 #862 #863 #864 #865 #866 #867 #868 #869 #870 #871 #872 #873 #874,True,"specification,sweep,三种",54,| **Education makes people nearly unanimous on civil liberties and more divided on sex and
171,#100 #101 #111 #661 #680 #709 #770 #773 #789 #797 #798 #799 #800 #803 #807 #814 #816 #817 #818 #820 #821 #822 #826 #827 #828 #829 #830 #831 #832 #833 #834 #835 #836 #837 #838 #839 #840 #841 #842 #843 #844 #845 #846 #847 #848 #849 #850 #851 #852 #853 #854 #855 #856 #857 #858 #859 #860 #861 #862 #863 #864 #865 #866 #867 #868 #869 #870 #871 #872 #873 #874,True,"specification,sweep,三种",54,| **The level moved a whole point; the structure did not move in thirty-six years** | thre
172,#100 #101 #111 #661 #680 #709 #770 #773 #789 #797 #798 #799 #800 #803 #807 #814 #816 #817 #818 #820 #821 #822 #826 #827 #828 #829 #830 #831 #832 #833 #834 #835 #836 #837 #838 #839 #840 #841 #842 #843 #844 #845 #846 #847 #848 #849 #850 #851 #852 #853 #854 #855 #856 #857 #858 #859 #860 #861 #862 #863 #864 #865 #866 #867 #868 #869 #870 #871 #872 #873 #874,True,"specification,sweep,三种",54,"| The tightening is uneven: **the pairs with homosexuality move most, and those without mo"
173,#100 #101 #111 #661 #680 #709 #770 #773 #789 #797 #798 #799 #800 #803 #807 #814 #816 #817 #818 #820 #821 #822 #826 #827 #828 #829 #830 #831 #832 #833 #834 #835 #836 #837 #838 #839 #840 #841 #842 #843 #844 #845 #846 #847 #848 #849 #850 #851 #852 #853 #854 #855 #856 #857 #858 #859 #860 #861 #862 #863 #864 #865 #866 #867 #868 #869 #870 #871 #872 #873 #874,True,"specification,sweep,三种",54,| **Growing permissive and becoming one position are two different things** | marginal-mat
174,#100 #101 #111 #661 #680 #709 #770 #773 #789 #797 #798 #799 #800 #803 #807 #814 #816 #817 #818 #820 #821 #822 #826 #827 #828 #829 #830 #831 #832 #833 #834 #835 #836 #837 #838 #839 #840 #841 #842 #843 #844 #845 #846 #847 #848 #849 #850 #851 #852 #853 #854 #855 #856 #857 #858 #859 #860 #861 #862 #863 #864 #865 #866 #867 #868 #869 #870 #871 #872 #873 #874,True,"specification,sweep,三种",54,"| **Two walls: the question as posed is not identified, and the version that is has no pow"
175,#100 #101 #111 #661 #680 #709 #770 #773 #789 #797 #798 #799 #800 #803 #807 #814 #816 #817 #818 #820 #821 #822 #826 #827 #828 #829 #830 #831 #832 #833 #834 #835 #836 #837 #838 #839 #840 #841 #842 #843 #844 #845 #846 #847 #848 #849 #850 #851 #852 #853 #854 #855 #856 #857 #858 #859 #860 #861 #862 #863 #864 #865 #866 #867 #868 #869 #870 #871 #872 #873 #874,True,"specification,sweep,三种",54,"| **Switch the unit to the society: the ""condemnation ↔ rarity"" association is visible onl"
176,#100 #101 #111 #661 #680 #709 #770 #773 #789 #797 #798 #799 #800 #803 #807 #814 #816 #817 #818 #820 #821 #822 #826 #827 #828 #829 #830 #831 #832 #833 #834 #835 #836 #837 #838 #839 #840 #841 #842 #843 #844 #845 #846 #847 #848 #849 #850 #851 #852 #853 #854 #855 #856 #857 #858 #859 #860 #861 #862 #863 #864 #865 #866 #867 #868 #869 #870 #871 #872 #873 #874,True,"specification,sweep,三种",54,"| **Do the three rulers agree? The question cannot be asked — and that ""cannot"" narrows my"
177,#100 #101 #111 #661 #680 #709 #770 #773 #789 #797 #798 #799 #800 #803 #807 #814 #816 #817 #818 #820 #821 #822 #826 #827 #828 #829 #830 #831 #832 #833 #834 #835 #836 #837 #838 #839 #840 #841 #842 #843 #844 #845 #846 #847 #848 #849 #850 #851 #852 #853 #854 #855 #856 #857 #858 #859 #860 #861 #862 #863 #864 #865 #866 #867 #868 #869 #870 #871 #872 #873 #874,True,"specification,sweep,三种",54,| **The nineties rift opened because the secular side left — not because the devout side d
178,#100 #101 #111 #661 #680 #709 #770 #773 #789 #797 #798 #799 #800 #803 #807 #814 #816 #817 #818 #820 #821 #822 #826 #827 #828 #829 #830 #831 #832 #833 #834 #835 #836 #837 #838 #839 #840 #841 #842 #843 #844 #845 #846 #847 #848 #849 #850 #851 #852 #853 #854 #855 #856 #857 #858 #859 #860 #861 #862 #863 #864 #865 #866 #867 #868 #869 #870 #871 #872 #873 #874,True,"specification,sweep,三种",54,"| **A ruler with no upper end: `#838` holds in 10 of 10 cells, and the ceiling biased the "
179,#100 #101 #111 #661 #680 #709 #770 #773 #789 #797 #798 #799 #800 #803 #807 #814 #816 #817 #818 #820 #821 #822 #826 #827 #828 #829 #830 #831 #832 #833 #834 #835 #836 #837 #838 #839 #840 #841 #842 #843 #844 #845 #846 #847 #848 #849 #850 #851 #852 #853 #854 #855 #856 #857 #858 #859 #860 #861 #862 #863 #864 #865 #866 #867 #868 #869 #870 #871 #872 #873 #874,True,"specification,sweep,三种",54,"| **Give the gap its own interval: ""it was pulled open"" holds, ""it closed again"" cannot be"
180,#100 #101 #111 #661 #680 #709 #770 #773 #789 #797 #798 #799 #800 #803 #807 #814 #816 #817 #818 #820 #821 #822 #826 #827 #828 #829 #830 #831 #832 #833 #834 #835 #836 #837 #838 #839 #840 #841 #842 #843 #844 #845 #846 #847 #848 #849 #850 #851 #852 #853 #854 #855 #856 #857 #858 #859 #860 #861 #862 #863 #864 #865 #866 #867 #868 #869 #870 #871 #872 #873 #874,True,"specification,sweep,三种",54,"| **Building a ruler for ""never retype last round's number"" — and the first one was killed"
181,#100 #101 #111 #661 #680 #709 #770 #773 #789 #797 #798 #799 #800 #803 #807 #814 #816 #817 #818 #820 #821 #822 #826 #827 #828 #829 #830 #831 #832 #833 #834 #835 #836 #837 #838 #839 #840 #841 #842 #843 #844 #845 #846 #847 #848 #849 #850 #851 #852 #853 #854 #855 #856 #857 #858 #859 #860 #861 #862 #863 #864 #865 #866 #867 #868 #869 #870 #871 #872 #873 #874,True,"specification,sweep,三种",54,"| **Fix the cut and count again: the population was inflated 28%, and `#833` had the defec"
182,#100 #101 #111 #661 #680 #709 #770 #773 #789 #797 #798 #799 #800 #803 #807 #814 #816 #817 #818 #820 #821 #822 #826 #827 #828 #829 #830 #831 #832 #833 #834 #835 #836 #837 #838 #839 #840 #841 #842 #843 #844 #845 #846 #847 #848 #849 #850 #851 #852 #853 #854 #855 #856 #857 #858 #859 #860 #861 #862 #863 #864 #865 #866 #867 #868 #869 #870 #871 #872 #873 #874,True,"specification,sweep,三种",54,"| **The ""cannot be fixed"" I registered last round — `git` had the answer** | **Paying `#84"
183,#100 #101 #111 #661 #680 #709 #770 #773 #789 #797 #798 #799 #800 #803 #807 #814 #816 #817 #818 #820 #821 #822 #826 #827 #828 #829 #830 #831 #832 #833 #834 #835 #836 #837 #838 #839 #840 #841 #842 #843 #844 #845 #846 #847 #848 #849 #850 #851 #852 #853 #854 #855 #856 #857 #858 #859 #860 #861 #862 #863 #864 #865 #866 #867 #868 #869 #870 #871 #872 #873 #874,True,"specification,sweep,三种",54,"| **Auditing the three walls I wrote: one fell, and it was the one I was surest of** | **T"
184,#100 #101 #111 #661 #680 #709 #770 #773 #789 #797 #798 #799 #800 #803 #807 #814 #816 #817 #818 #820 #821 #822 #826 #827 #828 #829 #830 #831 #832 #833 #834 #835 #836 #837 #838 #839 #840 #841 #842 #843 #844 #845 #846 #847 #848 #849 #850 #851 #852 #853 #854 #855 #856 #857 #858 #859 #860 #861 #862 #863 #864 #865 #866 #867 #868 #869 #870 #871 #872 #873 #874,True,"specification,sweep,三种",54,| **The algebraic wall fell; the estimation wall stands — the identifiable half of age is 
185,#100 #101 #111 #661 #680 #709 #770 #773 #789 #797 #798 #799 #800 #803 #807 #814 #816 #817 #818 #820 #821 #822 #826 #827 #828 #829 #830 #831 #832 #833 #834 #835 #836 #837 #838 #839 #840 #841 #842 #843 #844 #845 #846 #847 #848 #849 #850 #851 #852 #853 #854 #855 #856 #857 #858 #859 #860 #861 #862 #863 #864 #865 #866 #867 #868 #869 #870 #871 #872 #873 #874,True,"specification,sweep,三种",54,"| **""The non-religious moved faster"" is not a sentence about those people — it holds only "
188,#100 #101 #111 #661 #680 #709 #770 #773 #789 #797 #798 #799 #800 #803 #807 #814 #816 #817 #818 #820 #821 #822 #826 #827 #828 #829 #830 #831 #832 #833 #834 #835 #836 #837 #838 #839 #840 #841 #842 #843 #844 #845 #846 #847 #848 #849 #850 #851 #852 #853 #854 #855 #856 #857 #858 #859 #860 #861 #862 #863 #864 #865 #866 #867 #868 #869 #870 #871 #872 #873 #874,True,"specification,sweep,三种",54,| **The lead is neither refuted nor supported: splitting the sample is a route with no pow
191,#100 #101 #111 #661 #680 #709 #770 #773 #789 #797 #798 #799 #800 #803 #807 #814 #816 #817 #818 #820 #821 #822 #826 #827 #828 #829 #830 #831 #832 #833 #834 #835 #836 #837 #838 #839 #840 #841 #842 #843 #844 #845 #846 #847 #848 #849 #850 #851 #852 #853 #854 #855 #856 #857 #858 #859 #860 #861 #862 #863 #864 #865 #866 #867 #868 #869 #870 #871 #872 #873 #874,True,"specification,sweep,三种",54,"| **Not allowed to say ""too many to do"": measured, the bottleneck is not the evidence but "
192,#100 #101 #111 #661 #680 #709 #770 #773 #789 #797 #798 #799 #800 #803 #807 #814 #816 #817 #818 #820 #821 #822 #826 #827 #828 #829 #830 #831 #832 #833 #834 #835 #836 #837 #838 #839 #840 #841 #842 #843 #844 #845 #846 #847 #848 #849 #850 #851 #852 #853 #854 #855 #856 #857 #858 #859 #860 #861 #862 #863 #864 #865 #866 #867 #868 #869 #870 #871 #872 #873 #874,True,"specification,sweep,三种",54,| **The first cross-instrument replication: change the questionnaire and the divide is sti
195,#100 #101 #111 #661 #680 #709 #770 #773 #789 #797 #798 #799 #800 #803 #807 #814 #816 #817 #818 #820 #821 #822 #826 #827 #828 #829 #830 #831 #832 #833 #834 #835 #836 #837 #838 #839 #840 #841 #842 #843 #844 #845 #846 #847 #848 #849 #850 #851 #852 #853 #854 #855 #856 #857 #858 #859 #860 #861 #862 #863 #864 #865 #866 #867 #868 #869 #870 #871 #872 #873 #874,True,"specification,sweep,三种",54,"| **Religiosity has two faces, and in GSS the public one divides people further** | ⚠ **Sc"
196,#100 #101 #111 #661 #680 #709 #770 #773 #789 #797 #798 #799 #800 #803 #807 #814 #816 #817 #818 #820 #821 #822 #826 #827 #828 #829 #830 #831 #832 #833 #834 #835 #836 #837 #838 #839 #840 #841 #842 #843 #844 #845 #846 #847 #848 #849 #850 #851 #852 #853 #854 #855 #856 #857 #858 #859 #860 #861 #862 #863 #864 #865 #866 #867 #868 #869 #870 #871 #872 #873 #874,True,"specification,sweep,三种",54,"| **The key that would break the collinearity exists in exactly one year, and that year ca"
197,#100 #101 #111 #661 #680 #709 #770 #773 #789 #797 #798 #799 #800 #803 #807 #814 #816 #817 #818 #820 #821 #822 #826 #827 #828 #829 #830 #831 #832 #833 #834 #835 #836 #837 #838 #839 #840 #841 #842 #843 #844 #845 #846 #847 #848 #849 #850 #851 #852 #853 #854 #855 #856 #857 #858 #859 #860 #861 #862 #863 #864 #865 #866 #867 #868 #869 #870 #871 #872 #873 #874,True,"specification,sweep,三种",54,"| **""It is wrong"" and ""he may not teach"" are not the same rift — and the whole arc measure"
198,#100 #101 #111 #661 #680 #709 #770 #773 #789 #797 #798 #799 #800 #803 #807 #814 #816 #817 #818 #820 #821 #822 #826 #827 #828 #829 #830 #831 #832 #833 #834 #835 #836 #837 #838 #839 #840 #841 #842 #843 #844 #845 #846 #847 #848 #849 #850 #851 #852 #853 #854 #855 #856 #857 #858 #859 #860 #861 #862 #863 #864 #865 #866 #867 #868 #869 #870 #871 #872 #873 #874,True,"specification,sweep,三种",54,"| **Two thirds of those who say it is ""always wrong"" say he may teach** | ⚠ **Scope**: GSS"
199,#100 #101 #111 #661 #680 #709 #770 #773 #789 #797 #798 #799 #800 #803 #807 #814 #816 #817 #818 #820 #821 #822 #826 #827 #828 #829 #830 #831 #832 #833 #834 #835 #836 #837 #838 #839 #840 #841 #842 #843 #844 #845 #846 #847 #848 #849 #850 #851 #852 #853 #854 #855 #856 #857 #858 #859 #860 #861 #862 #863 #864 #865 #866 #867 #868 #869 #870 #871 #872 #873 #874,True,"specification,sweep,三种",54,| **`direction` enters the tool: a criterion's fourth part** | ⚠ **Scope**: this project's
200,#100 #101 #111 #661 #680 #709 #770 #773 #789 #797 #798 #799 #800 #803 #807 #814 #816 #817 #818 #820 #821 #822 #826 #827 #828 #829 #830 #831 #832 #833 #834 #835 #836 #837 #838 #839 #840 #841 #842 #843 #844 #845 #846 #847 #848 #849 #850 #851 #852 #853 #854 #855 #856 #857 #858 #859 #860 #861 #862 #863 #864 #865 #866 #867 #868 #869 #870 #871 #872 #873 #874,True,"specification,sweep,三种",54,| **What widened is the moral rift; the rift over permission did not move at all** | ⚠ **S
201,#100 #101 #111 #661 #680 #709 #770 #773 #789 #797 #798 #799 #800 #803 #807 #814 #816 #817 #818 #820 #821 #822 #826 #827 #828 #829 #830 #831 #832 #833 #834 #835 #836 #837 #838 #839 #840 #841 #842 #843 #844 #845 #846 #847 #848 #849 #850 #851 #852 #853 #854 #855 #856 #857 #858 #859 #860 #861 #862 #863 #864 #865 #866 #867 #868 #869 #870 #871 #872 #873 #874,True,"specification,sweep,三种",54,"| **The cleavage carrying sanction is not religion but education: six cells, no exceptions"
202,#100 #101 #111 #661 #680 #709 #770 #773 #789 #797 #798 #799 #800 #803 #807 #814 #816 #817 #818 #820 #821 #822 #826 #827 #828 #829 #830 #831 #832 #833 #834 #835 #836 #837 #838 #839 #840 #841 #842 #843 #844 #845 #846 #847 #848 #849 #850 #851 #852 #853 #854 #855 #856 #857 #858 #859 #860 #861 #862 #863 #864 #865 #866 #867 #868 #869 #870 #871 #872 #873 #874,True,"specification,sweep,三种",54,"| **One topic, two rifts: on ""is it wrong"" it is faith, on ""should we stop him"" it is scho"
203,#100 #101 #111 #661 #680 #709 #770 #773 #789 #797 #798 #799 #800 #803 #807 #814 #816 #817 #818 #820 #821 #822 #826 #827 #828 #829 #830 #831 #832 #833 #834 #835 #836 #837 #838 #839 #840 #841 #842 #843 #844 #845 #846 #847 #848 #849 #850 #851 #852 #853 #854 #855 #856 #857 #858 #859 #860 #861 #862 #863 #864 #865 #866 #867 #868 #869 #870 #871 #872 #873 #874,True,"specification,sweep,三种",54,"| **Asked ""is it wrong"", Americans are a gradient; asked ""should we stop him"", they are no"
204,#100 #101 #111 #661 #680 #709 #770 #773 #789 #797 #798 #799 #800 #803 #807 #814 #816 #817 #818 #820 #821 #822 #826 #827 #828 #829 #830 #831 #832 #833 #834 #835 #836 #837 #838 #839 #840 #841 #842 #843 #844 #845 #846 #847 #848 #849 #850 #851 #852 #853 #854 #855 #856 #857 #858 #859 #860 #861 #862 #863 #864 #865 #866 #867 #868 #869 #870 #871 #872 #873 #874,True,"specification,sweep,三种",54,| **The isolated minorities are neither the same people nor on the same side** | ⚠ **Scope
205,#100 #101 #111 #661 #680 #709 #770 #773 #789 #797 #798 #799 #800 #803 #807 #814 #816 #817 #818 #820 #821 #822 #826 #827 #828 #829 #830 #831 #832 #833 #834 #835 #836 #837 #838 #839 #840 #841 #842 #843 #844 #845 #846 #847 #848 #849 #850 #851 #852 #853 #854 #855 #856 #857 #858 #859 #860 #861 #862 #863 #864 #865 #866 #867 #868 #869 #870 #871 #872 #873 #874,True,"specification,sweep,三种",54,"| **UNVERIFIED — and the three failures were three different instrument defects, none of t"
206,#100 #101 #111 #661 #680 #709 #770 #773 #789 #797 #798 #799 #800 #803 #807 #814 #816 #817 #818 #820 #821 #822 #826 #827 #828 #829 #830 #831 #832 #833 #834 #835 #836 #837 #838 #839 #840 #841 #842 #843 #844 #845 #846 #847 #848 #849 #850 #851 #852 #853 #854 #855 #856 #857 #858 #859 #860 #861 #862 #863 #864 #865 #866 #867 #868 #869 #870 #871 #872 #873 #874,True,"specification,sweep,三种",54,| **`population` now applies to control rows too: the criterion's fifth part** | ⚠ **Scope
207,#100 #101 #111 #661 #680 #709 #770 #773 #789 #797 #798 #799 #800 #803 #807 #814 #816 #817 #818 #820 #821 #822 #826 #827 #828 #829 #830 #831 #832 #833 #834 #835 #836 #837 #838 #839 #840 #841 #842 #843 #844 #845 #846 #847 #848 #849 #850 #851 #852 #853 #854 #855 #856 #857 #858 #859 #860 #861 #862 #863 #864 #865 #866 #867 #868 #869 #870 #871 #872 #873 #874,True,"specification,sweep,三种",54,"| **Refusal is one thing inside a person, not three; and how much the two strata differ is"
208,#100 #101 #111 #661 #680 #709 #770 #773 #789 #797 #798 #799 #800 #803 #807 #814 #816 #817 #818 #820 #821 #822 #826 #827 #828 #829 #830 #831 #832 #833 #834 #835 #836 #837 #838 #839 #840 #841 #842 #843 #844 #845 #846 #847 #848 #849 #850 #851 #852 #853 #854 #855 #856 #857 #858 #859 #860 #861 #862 #863 #864 #865 #866 #867 #868 #869 #870 #871 #872 #873 #874,True,"specification,sweep,三种",54,"| **Another rule half-dead: 38 copies, 8 missing the line — and the missing line was not a"
209,#100 #101 #111 #661 #680 #709 #770 #773 #789 #797 #798 #799 #800 #803 #807 #814 #816 #817 #818 #820 #821 #822 #826 #827 #828 #829 #830 #831 #832 #833 #834 #835 #836 #837 #838 #839 #840 #841 #842 #843 #844 #845 #846 #847 #848 #849 #850 #851 #852 #853 #854 #855 #856 #857 #858 #859 #860 #861 #862 #863 #864 #865 #866 #867 #868 #869 #870 #871 #872 #873 #874,True,"specification,sweep,三种",54,"| **Those 8 rounds treated ""is this person male"" as a 20th sexual interest — and it correl"
210,#100 #101 #111 #661 #680 #709 #770 #773 #789 #797 #798 #799 #800 #803 #807 #814 #816 #817 #818 #820 #821 #822 #826 #827 #828 #829 #830 #831 #832 #833 #834 #835 #836 #837 #838 #839 #840 #841 #842 #843 #844 #845 #846 #847 #848 #849 #850 #851 #852 #853 #854 #855 #856 #857 #858 #859 #860 #861 #862 #863 #864 #865 #866 #867 #868 #869 #870 #871 #872 #873 #874,True,"specification,sweep,三种",54,| **The missing line changed every number and not one conclusion** | ⚠ **LANGUAGE SWITCH —
211,#100 #101 #111 #661 #680 #709 #770 #773 #789 #797 #798 #799 #800 #803 #807 #814 #816 #817 #818 #820 #821 #822 #826 #827 #828 #829 #830 #831 #832 #833 #834 #835 #836 #837 #838 #839 #840 #841 #842 #843 #844 #845 #846 #847 #848 #849 #850 #851 #852 #853 #854 #855 #856 #857 #858 #859 #860 #861 #862 #863 #864 #865 #866 #867 #868 #869 #870 #871 #872 #873 #874,True,"specification,sweep,三种",54,| **This project has always checked whether a finding survives dropping a PERSON; it had n
212,#100 #101 #111 #661 #680 #709 #770 #773 #789 #797 #798 #799 #800 #803 #807 #814 #816 #817 #818 #820 #821 #822 #826 #827 #828 #829 #830 #831 #832 #833 #834 #835 #836 #837 #838 #839 #840 #841 #842 #843 #844 #845 #846 #847 #848 #849 #850 #851 #852 #853 #854 #855 #856 #857 #858 #859 #860 #861 #862 #863 #864 #865 #866 #867 #868 #869 #870 #871 #872 #873 #874,True,"specification,sweep,三种",54,"| **A converter that refuses, because this operation will be repeated 858 times** | ⚠ **Ty"
213,#100 #101 #111 #661 #680 #709 #770 #773 #789 #797 #798 #799 #800 #803 #807 #814 #816 #817 #818 #820 #821 #822 #826 #827 #828 #829 #830 #831 #832 #833 #834 #835 #836 #837 #838 #839 #840 #841 #842 #843 #844 #845 #846 #847 #848 #849 #850 #851 #852 #853 #854 #855 #856 #857 #858 #859 #860 #861 #862 #863 #864 #865 #866 #867 #868 #869 #870 #871 #872 #873 #874,True,"specification,sweep,三种",54,"| **The sweep that was supposed to measure re-derivability could not be run, and the reaso"
214,#100 #101 #111 #661 #680 #709 #770 #773 #789 #797 #798 #799 #800 #803 #807 #814 #816 #817 #818 #820 #821 #822 #826 #827 #828 #829 #830 #831 #832 #833 #834 #835 #836 #837 #838 #839 #840 #841 #842 #843 #844 #845 #846 #847 #848 #849 #850 #851 #852 #853 #854 #855 #856 #857 #858 #859 #860 #861 #862 #863 #864 #865 #866 #867 #868 #869 #870 #871 #872 #873 #874,True,"specification,sweep,三种",54,"| **The rift runs along two lines — how religious, and how old. And my verdict string eras"
216,#834 #835,True,网格,1,"**And the first thing to write about `#834`①'s ""remove the age effect"" quantity is that it"
218,#836 #837,True,,2,**The first thing to say about this round is why it left GSS.** The previous sixteen round
220,#837,True,,1,**The first thing this round did was attack the sentence I had just written.** I liked tha
222,#838 #846,True,"网格,规格,规格曲线",2,**The first thing to say about this round is why it had to produce something.** The three 
224,#838 #839 #846,True,"每一格,网格,规格",3,"**Last round's story was too pleasing, so this round went after it first.** The threat was"
226,#770 #840 #846,True,,3,**This round first paid the debt I had written down at the end of the last one.** `#770` e
235,#601 #807 #816 #817 #820 #825 #826 #827 #830 #831 #832 #834,True,"四种,多种子,网格",4,"| **62 cells, two axes, five family definitions — and one thing left standing: the ninetie"
239,#715 #716 #758 #762 #799 #800 #802 #804 #807 #808 #809 #826 #827 #828 #829 #830 #832,True,"三种,四种,扫描",9,| **Stop building a fourth ruler: write the status into a structure instead of mining it o
240,#715 #716 #758 #762 #799 #800 #802 #804 #807 #808 #809 #826 #827 #828 #829 #830 #832,True,"三种,四种,扫描",9,"| **The matcher only recognises how I have been writing lately: 18.6% recall, and its blin"
243,#798 #800 #802 #807 #808 #814 #826 #827 #828 #829 #830,True,"三种,扫描,网格",5,"| **Both corrections landed — and the ""0 of 26"" on that debt list rests on an instrument v"
245,#715 #758 #762 #795 #799 #800 #802 #804 #808 #811 #815 #825 #826 #827 #828 #829,True,"sweep,三种,四种",8,"**And after `#828` marked its own ""0/26"" unciteable, this round measured it — the whole di"
246,#715 #758 #762 #795 #799 #800 #802 #804 #808 #811 #815 #825 #826 #827 #828 #829,True,"sweep,三种,四种",8,"| **`G3` went six rounds unexecuted because the library contained none of it — and ""twenty"
249,#814 #819 #820 #821 #825 #826 #827 #828 #832,True,"三种,四种,多种子",4,"| **After subtracting luck's share, two cells survive in the whole grid — and both are the"
250,#814 #819 #820 #821 #825 #826 #827 #828 #832,True,"三种,四种,多种子",4,| **The negative control failed at 5.9% — which is exactly a 95% interval's nominal rate: 
252,#797 #819 #824 #825 #826 #832,True,"三种,多种子,每一格",5,**And `#825` had established that `G3` was never actually executed in six rounds — so this
253,#797 #819 #824 #825 #826 #832,True,"三种,多种子,每一格",5,"| **The ""2.5×"" is withdrawn: under three of five normalizations the exception sits inside "
255,#111 #812 #814 #816 #818 #819 #820 #822 #823 #824 #825,True,"三种,四种,多种子",8,"**And `#824`②'s ""only"" was built on single cells, which `#820` had already registered as f"
256,#111 #812 #814 #816 #818 #819 #820 #822 #823 #824 #825,True,"三种,四种,多种子",8,| **More years only buys precision for an estimator that uses them all — and `#111c` fires
258,#799 #814 #818 #820 #821 #822 #823 #824,True,"三种,四种,多种子",4,"**And `#823` sent me to explain that ""2.5×"" — so the first move was the zero-compute strik"
259,#799 #814 #818 #820 #821 #822 #823 #824,True,"三种,四种,多种子",4,"| **The ""highest-value single change"" does not work — and what is blocking us is the numbe"
260,#799 #814 #818 #820 #821 #822 #823 #824,True,"三种,四种,多种子",4,"| **The kill's yardstick was the wrong noise: seed spread measures reproducibility, not pr"
262,#819 #820 #821 #822,True,"四种,多种子,每一格",2,"**And `#821` had called ""use every year within a decade"" the highest-value single change —"
263,#819 #820 #821 #822,True,"四种,多种子,每一格",2,| **Sorted by devoutness the divide lurches; sorted by political conservatism the same div
265,#789 #806 #812 #818 #819 #820 #821 #824 #825 #826 #828,True,"三种,四种,多种子",6,"**Whether `#820`'s post-hoc reading deserves belief depends on having a continuous, thresh"
266,#789 #806 #812 #818 #819 #820 #821 #824 #825 #826 #828,True,"三种,四种,多种子",6,| **Only the homosexuality item lurches; the other seven each move at their own steady pac
268,#770 #802 #812 #815 #817 #818 #819 #820,True,"三种,四种,多种子",5,**And `#819`'s sentence rested on a premise I had never tested: it was stratified by devou
269,#770 #802 #812 #815 #817 #818 #819 #820,True,"三种,四种,多种子",5,| **UNVERIFIED — and the reason is that this design's noise floor is larger than the amoun
271,#806 #812 #813 #815 #816 #817 #818 #819,True,"三种,每一格,网格",5,"**And `#812`'s ""it split open in the nineties"" had only ever been run on one item, with `#"
272,#806 #812 #813 #815 #816 #817 #818 #819,True,"三种,每一格,网格",5,"| **Neither opening was pure ""movement"" — and in the two-thousands the devout did not move"
273,#806 #812 #813 #815 #816 #817 #818 #819,True,"三种,每一格,网格",5,"| **Mostly people changed their minds — but about one seventh is not ""movement"" at all, it"
275,#754 #795 #796 #804 #805 #806 #811 #812 #813 #814 #815 #816 #817,True,"sweep,三种,旋钮",7,**And placing the two decades side by side surfaced something the previous two rounds had 
276,#754 #795 #796 #804 #805 #806 #811 #812 #813 #814 #815 #816 #817,True,"sweep,三种,旋钮",7,"| **Always-true, always-false, random: the third is the most dangerous, because it fails s"
277,#754 #795 #796 #804 #805 #806 #811 #812 #813 #814 #815 #816 #817,True,"sweep,三种,旋钮",7,| **The tolerance was seven times narrower than the noise: both negative controls fired at
278,#754 #795 #796 #804 #805 #806 #811 #812 #813 #814 #815 #816 #817,True,"sweep,三种,旋钮",7,| **Both openings were genuine divergence — and `#805`/`#806` drew their negative control 
279,#754 #795 #796 #804 #805 #806 #811 #812 #813 #814 #815 #816 #817,True,"sweep,三种,旋钮",7,| **The divide did not grow — it split open in the nineties and the two-thousands** | **de
281,#777 #802 #805 #806 #808 #809 #810 #811 #812 #813,True,"三种,扫描,网格",7,**And the two decades `#812` found had no explanation at all — so the common-shift control
282,#777 #802 #805 #806 #808 #809 #810 #811 #812 #813,True,"三种,扫描,网格",7,"| **What ""a narrow zero"" was missing was not a branch — it was an input I had never said o"
283,#777 #802 #805 #806 #808 #809 #810 #811 #812 #813,True,"三种,扫描,网格",7,"| **A second instrument exists — and what it returns is a *narrow* zero, not ""no resolutio"
285,#798 #802 #807 #808 #809 #810 #812,True,"三种,扫描,规格",5,"**And of the three worlds `#810` left standing, one could be separated using GSS alone — s"
288,#783 #797 #798 #799 #801 #802 #805 #806 #807 #808 #810 #814,True,"grid,三种,扫描",11,"**And after eight consecutive rounds, an observation about me had more leverage than any q"
289,#783 #797 #798 #799 #801 #802 #805 #806 #807 #808 #810 #814,True,"grid,三种,扫描",11,"| **The eight divides finally have intervals — and ""it did not move"" is the wrong sentence"
291,#783 #797 #798 #799 #801 #802 #805 #806 #807 #808 #810 #814,True,"grid,三种,扫描",11,| **Changing sides was not made by the scale (0.6%) — and the top pair is out of this desi
293,#796 #802 #803 #804 #805 #806 #808 #814,True,"三种,旋钮,网格",6,"**And `#802`'s ""five widened, three narrowed"", owed its intervals for six rounds, is paid "
294,#796 #802 #803 #804 #805 #806 #808 #814,True,"三种,旋钮,网格",6,"| **Both are present: the scale explains part of that divide, and does not explain all of "
296,#600 #795 #801 #803 #804 #805 #806,True,"sweep,网格,规格",3,"**And `#805` had only done one item, so the next round pushed the same control across all "
297,#600 #795 #801 #803 #804 #805 #806,True,"sweep,网格,规格",3,"| **The rule was written in the ledger, and a ledger enforces nothing** | **`#801` establi"
299,#542 #691 #716 #726 #731 #732 #740 #745 #747 #748 #750 #754 #759 #762 #764 #765 #767 #770 #773 #774 #776 #777 #778 #779 #781 #782 #783 #784 #785 #786 #787 #789 #790 #791 #792 #793 #794 #796 #797 #799 #801 #802 #803 #804 #805 #806 #808,True,"grid,三种,所有格",41,"**And `#803` and `#804` both landed astride the 0.50 threshold (+0.478, +0.493) — not a nu"
300,#542 #691 #716 #726 #731 #732 #740 #745 #747 #748 #750 #754 #759 #762 #764 #765 #767 #770 #773 #774 #776 #777 #778 #779 #781 #782 #783 #784 #785 #786 #787 #789 #790 #791 #792 #793 #794 #796 #797 #799 #801 #802 #803 #804 #805 #806 #808,True,"grid,三种,所有格",41,| **Education makes sexual morality one position; age does it to gender roles** | educatio
301,#542 #691 #716 #726 #731 #732 #740 #745 #747 #748 #750 #754 #759 #762 #764 #765 #767 #770 #773 #774 #776 #777 #778 #779 #781 #782 #783 #784 #785 #786 #787 #789 #790 #791 #792 #793 #794 #796 #797 #799 #801 #802 #803 #804 #805 #806 #808,True,"grid,三种,所有格",41,| **Men's and women's sexual self-concept share one structure; only the strength differs**
302,#542 #691 #716 #726 #731 #732 #740 #745 #747 #748 #750 #754 #759 #762 #764 #765 #767 #770 #773 #774 #776 #777 #778 #779 #781 #782 #783 #784 #785 #786 #787 #789 #790 #791 #792 #793 #794 #796 #797 #799 #801 #802 #803 #804 #805 #806 #808,True,"grid,三种,所有格",41,"| **The pre-registration says ""real divergence"" — and four of its eight cells carry the ve"
303,#542 #691 #716 #726 #731 #732 #740 #745 #747 #748 #750 #754 #759 #762 #764 #765 #767 #770 #773 #774 #776 #777 #778 #779 #781 #782 #783 #784 #785 #786 #787 #789 #790 #791 #792 #793 #794 #796 #797 #799 #801 #802 #803 #804 #805 #806 #808,True,"grid,三种,所有格",41,| **Remove general strictness entirely and +0.55 is left** | partialling out obedience (th
304,#542 #691 #716 #726 #731 #732 #740 #745 #747 #748 #750 #754 #759 #762 #764 #765 #767 #770 #773 #774 #776 #777 #778 #779 #781 #782 #783 #784 #785 #786 #787 #789 #790 #791 #792 #793 #794 #796 #797 #799 #801 #802 #803 #804 #805 #806 #808,True,"grid,三种,所有格",41,"| **Even the one item that was not saturated cannot be decided, and this is the second tim"
305,#542 #691 #716 #726 #731 #732 #740 #745 #747 #748 #750 #754 #759 #762 #764 #765 #767 #770 #773 #774 #776 #777 #778 #779 #781 #782 #783 #784 #785 #786 #787 #789 #790 #791 #792 #793 #794 #796 #797 #799 #801 #802 #803 #804 #805 #806 #808,True,"grid,三种,所有格",41,"| **Five divides widened, three narrowed — and the one on homosexuality roughly tripled** "
306,#542 #691 #716 #726 #731 #732 #740 #745 #747 #748 #750 #754 #759 #762 #764 #765 #767 #770 #773 #774 #776 #777 #778 #779 #781 #782 #783 #784 #785 #786 #787 #789 #790 #791 #792 #793 #794 #796 #797 #799 #801 #802 #803 #804 #805 #806 #808,True,"grid,三种,所有格",41,"| **Both items are catching up — and the floor compresses exactly as the ceiling does, so "
307,#542 #691 #716 #726 #731 #732 #740 #745 #747 #748 #750 #754 #759 #762 #764 #765 #767 #770 #773 #774 #776 #777 #778 #779 #781 #782 #783 #784 #785 #786 #787 #789 #790 #791 #792 #793 #794 #796 #797 #799 #801 #802 #803 #804 #805 #806 #808,True,"grid,三种,所有格",41,"| **The MDE closes confirmation, not refutation: all six candidates die to counterexamples"
308,#542 #691 #716 #726 #731 #732 #740 #745 #747 #748 #750 #754 #759 #762 #764 #765 #767 #770 #773 #774 #776 #777 #778 #779 #781 #782 #783 #784 #785 #786 #787 #789 #790 #791 #792 #793 #794 #796 #797 #799 #801 #802 #803 #804 #805 #806 #808,True,"grid,三种,所有格",41,| **The top pair survived the build-the-world attack: a small denominator plus noise canno
310,#542 #691 #716 #726 #731 #732 #740 #745 #747 #748 #750 #754 #759 #762 #764 #765 #767 #770 #773 #774 #776 #777 #778 #779 #781 #782 #783 #784 #785 #786 #787 #789 #790 #791 #792 #793 #794 #796 #797 #799 #801 #802 #803 #804 #805 #806 #808,True,"grid,三种,所有格",41,"| **The bottom clump cannot be placed: three clumps retracted, leaving one clean pair and "
311,#542 #691 #716 #726 #731 #732 #740 #745 #747 #748 #750 #754 #759 #762 #764 #765 #767 #770 #773 #774 #776 #777 #778 #779 #781 #782 #783 #784 #785 #786 #787 #789 #790 #791 #792 #793 #794 #796 #797 #799 #801 #802 #803 #804 #805 #806 #808,True,"grid,三种,所有格",41,| **The clumps are not an artifact of averaging by year — and two of my three estimators w
313,#542 #691 #716 #726 #731 #732 #740 #745 #747 #748 #750 #754 #759 #762 #764 #765 #767 #770 #773 #774 #776 #777 #778 #779 #781 #782 #783 #784 #785 #786 #787 #789 #790 #791 #792 #793 #794 #796 #797 #799 #801 #802 #803 #804 #805 #806 #808,True,"grid,三种,所有格",41,"| **The line really did drift, and it did not manufacture those ratios** | ""the most devou"
316,#542 #691 #716 #726 #731 #732 #740 #745 #747 #748 #750 #754 #759 #762 #764 #765 #767 #770 #773 #774 #776 #777 #778 #779 #781 #782 #783 #784 #785 #786 #787 #789 #790 #791 #792 #793 #794 #796 #797 #799 #801 #802 #803 #804 #805 #806 #808,True,"grid,三种,所有格",41,"| **Not an axis — three clumps; and explaining it is arithmetically out of reach** ⚠⚠ **""t"
317,#542 #691 #716 #726 #731 #732 #740 #745 #747 #748 #750 #754 #759 #762 #764 #765 #767 #770 #773 #774 #776 #777 #778 #779 #781 #782 #783 #784 #785 #786 #787 #789 #790 #791 #792 #793 #794 #796 #797 #799 #801 #802 #803 #804 #805 #806 #808,True,"grid,三种,所有格",41,"| **The instability comes from the denominator, so n=8 is a hard ceiling: resistance can o"
318,#542 #691 #716 #726 #731 #732 #740 #745 #747 #748 #750 #754 #759 #762 #764 #765 #767 #770 #773 #774 #776 #777 #778 #779 #781 #782 #783 #784 #785 #786 #787 #789 #790 #791 #792 #793 #794 #796 #797 #799 #801 #802 #803 #804 #805 #806 #808,True,"grid,三种,所有格",41,"| **The variation is within the groups, not between them: ""sexual vs non-sexual"" explains "
320,#542 #691 #716 #726 #731 #732 #740 #745 #747 #748 #750 #754 #759 #762 #764 #765 #767 #770 #773 #774 #776 #777 #778 #779 #781 #782 #783 #784 #785 #786 #787 #789 #790 #791 #792 #793 #794 #796 #797 #799 #801 #802 #803 #804 #805 #806 #808,True,"grid,三种,所有格",41,| **Change only the set of years and the homosexuality result does not move** | `homosex` 
321,#542 #691 #716 #726 #731 #732 #740 #745 #747 #748 #750 #754 #759 #762 #764 #765 #767 #770 #773 #774 #776 #777 #778 #779 #781 #782 #783 #784 #785 #786 #787 #789 #790 #791 #792 #793 #794 #796 #797 #799 #801 #802 #803 #804 #805 #806 #808,True,"grid,三种,所有格",41,| **Not a law about sexual morality — a law about the items everyone else actually moved o
322,#542 #691 #716 #726 #731 #732 #740 #745 #747 #748 #750 #754 #759 #762 #764 #765 #767 #770 #773 #774 #776 #777 #778 #779 #781 #782 #783 #784 #785 #786 #787 #789 #790 #791 #792 #793 #794 #796 #797 #799 #801 #802 #803 #804 #805 #806 #808,True,"grid,三种,所有格",41,| **The ceiling explains about a third; the other two thirds are theirs** | the same laten
323,#542 #691 #716 #726 #731 #732 #740 #745 #747 #748 #750 #754 #759 #762 #764 #765 #767 #770 #773 #774 #776 #777 #778 #779 #781 #782 #783 #784 #785 #786 #787 #789 #790 #791 #792 #793 #794 #796 #797 #799 #801 #802 #803 #804 #805 #806 #808,True,"grid,三种,所有格",41,| **The page has been publishing the small kind of uncertainty; the large kind was never o
324,#542 #691 #716 #726 #731 #732 #740 #745 #747 #748 #750 #754 #759 #762 #764 #765 #767 #770 #773 #774 #776 #777 #778 #779 #781 #782 #783 #784 #785 #786 #787 #789 #790 #791 #792 #793 #794 #796 #797 #799 #801 #802 #803 #804 #805 #806 #808,True,"grid,三种,所有格",41,"| **The retraction stands but its reason changes: not a reversed world, a criterion that n"
325,#542 #691 #716 #726 #731 #732 #740 #745 #747 #748 #750 #754 #759 #762 #764 #765 #767 #770 #773 #774 #776 #777 #778 #779 #781 #782 #783 #784 #785 #786 #787 #789 #790 #791 #792 #793 #794 #796 #797 #799 #801 #802 #803 #804 #805 #806 #808,True,"grid,三种,所有格",41,"| **One of thirty-seven specifications runs the other way, and the pre-registration says t"
326,#542 #691 #716 #726 #731 #732 #740 #745 #747 #748 #750 #754 #759 #762 #764 #765 #767 #770 #773 #774 #776 #777 #778 #779 #781 #782 #783 #784 #785 #786 #787 #789 #790 #791 #792 #793 #794 #796 #797 #799 #801 #802 #803 #804 #805 #806 #808,True,"grid,三种,所有格",41,"| **The cut is deciding the answer, and the guard fired at me** | replacing terciles with "
327,#542 #691 #716 #726 #731 #732 #740 #745 #747 #748 #750 #754 #759 #762 #764 #765 #767 #770 #773 #774 #776 #777 #778 #779 #781 #782 #783 #784 #785 #786 #787 #789 #790 #791 #792 #793 #794 #796 #797 #799 #801 #802 #803 #804 #805 #806 #808,True,"grid,三种,所有格",41,| **Fixing birth cohort leaves the ratio not just intact but more extreme** | 1930–1949: l
328,#542 #691 #716 #726 #731 #732 #740 #745 #747 #748 #750 #754 #759 #762 #764 #765 #767 #770 #773 #774 #776 #777 #778 #779 #781 #782 #783 #784 #785 #786 #787 #789 #790 #791 #792 #793 #794 #796 #797 #799 #801 #802 #803 #804 #805 #806 #808,True,"grid,三种,所有格",41,"| **They did change their minds, but by only a third to two-fifths of everyone else's** | "
329,#542 #691 #716 #726 #731 #732 #740 #745 #747 #748 #750 #754 #759 #762 #764 #765 #767 #770 #773 #774 #776 #777 #778 #779 #781 #782 #783 #784 #785 #786 #787 #789 #790 #791 #792 #793 #794 #796 #797 #799 #801 #802 #803 #804 #805 #806 #808,True,"grid,三种,所有格",41,"| **The devout genuinely changed their minds about homosexuality, and have not moved on ex"
330,#542 #691 #716 #726 #731 #732 #740 #745 #747 #748 #750 #754 #759 #762 #764 #765 #767 #770 #773 #774 #776 #777 #778 #779 #781 #782 #783 #784 #785 #786 #787 #789 #790 #791 #792 #793 #794 #796 #797 #799 #801 #802 #803 #804 #805 #806 #808,True,"grid,三种,所有格",41,"| **The devout are not converging, they are spreading out — and only extramarital sex sits"
331,#542 #691 #716 #726 #731 #732 #740 #745 #747 #748 #750 #754 #759 #762 #764 #765 #767 #770 #773 #774 #776 #777 #778 #779 #781 #782 #783 #784 #785 #786 #787 #789 #790 #791 #792 #793 #794 #796 #797 #799 #801 #802 #803 #804 #805 #806 #808,True,"grid,三种,所有格",41,"| **The item is already at its ceiling among the most devout, so that direction is the sca"
332,#542 #691 #716 #726 #731 #732 #740 #745 #747 #748 #750 #754 #759 #762 #764 #765 #767 #770 #773 #774 #776 #777 #778 #779 #781 #782 #783 #784 #785 #786 #787 #789 #790 #791 #792 #793 #794 #796 #797 #799 #801 #802 #803 #804 #805 #806 #808,True,"grid,三种,所有格",41,| **The first non-derivation quantity is the interaction — and its direction was overturne
333,#542 #691 #716 #726 #731 #732 #740 #745 #747 #748 #750 #754 #759 #762 #764 #765 #767 #770 #773 #774 #776 #777 #778 #779 #781 #782 #783 #784 #785 #786 #787 #789 #790 #791 #792 #793 #794 #796 #797 #799 #801 #802 #803 #804 #805 #806 #808,True,"grid,三种,所有格",41,"| **The explained share is a derivation, not a measurement, and I wrote five rounds on it*"
334,#542 #691 #716 #726 #731 #732 #740 #745 #747 #748 #750 #754 #759 #762 #764 #765 #767 #770 #773 #774 #776 #777 #778 #779 #781 #782 #783 #784 #785 #786 #787 #789 #790 #791 #792 #793 #794 #796 #797 #799 #801 #802 #803 #804 #805 #806 #808,True,"grid,三种,所有格",41,"| **The entanglement ordering should not have been mine, and once measured it cannot be re"
335,#542 #691 #716 #726 #731 #732 #740 #745 #747 #748 #750 #754 #759 #762 #764 #765 #767 #770 #773 #774 #776 #777 #778 #779 #781 #782 #783 #784 #785 #786 #787 #789 #790 #791 #792 #793 #794 #796 #797 #799 #801 #802 #803 #804 #805 #806 #808,True,"grid,三种,所有格",41,"| **Policing other people's sex is a little bit about what you yourself did in a lifetime,"
336,#542 #691 #716 #726 #731 #732 #740 #745 #747 #748 #750 #754 #759 #762 #764 #765 #767 #770 #773 #774 #776 #777 #778 #779 #781 #782 #783 #784 #785 #786 #787 #789 #790 #791 #792 #793 #794 #796 #797 #799 #801 #802 #803 #804 #805 #806 #808,True,"grid,三种,所有格",41,"| **The interval barely moved, and I found I had copied a number from a different run into"
337,#542 #691 #716 #726 #731 #732 #740 #745 #747 #748 #750 #754 #759 #762 #764 #765 #767 #770 #773 #774 #776 #777 #778 #779 #781 #782 #783 #784 #785 #786 #787 #789 #790 #791 #792 #793 #794 #796 #797 #799 #801 #802 #803 #804 #805 #806 #808,True,"grid,三种,所有格",41,"| **My filter deleted the reference group, and what actually bit was the controls' reliabi"
338,#542 #691 #716 #726 #731 #732 #740 #745 #747 #748 #750 #754 #759 #762 #764 #765 #767 #770 #773 #774 #776 #777 #778 #779 #781 #782 #783 #784 #785 #786 #787 #789 #790 #791 #792 #793 #794 #796 #797 #799 #801 #802 #803 #804 #805 #806 #808,True,"grid,三种,所有格",41,"| **Landing twice inside a band I picked myself, where the problem was not the threshold's"
339,#542 #691 #716 #726 #731 #732 #740 #745 #747 #748 #750 #754 #759 #762 #764 #765 #767 #770 #773 #774 #776 #777 #778 #779 #781 #782 #783 #784 #785 #786 #787 #789 #790 #791 #792 #793 #794 #796 #797 #799 #801 #802 #803 #804 #805 #806 #808,True,"grid,三种,所有格",41,"| **Two instruments reverse each other on whether religion or politics matters, and land 0"
340,#542 #691 #716 #726 #731 #732 #740 #745 #747 #748 #750 #754 #759 #762 #764 #765 #767 #770 #773 #774 #776 #777 #778 #779 #781 #782 #783 #784 #785 #786 #787 #789 #790 #791 #792 #793 #794 #796 #797 #799 #801 #802 #803 #804 #805 #806 #808,True,"grid,三种,所有格",41,"| **Religion explains a third, politics a tenth, and five-eighths is left** (⚠ **a derivat"
341,#542 #691 #716 #726 #731 #732 #740 #745 #747 #748 #750 #754 #759 #762 #764 #765 #767 #770 #773 #774 #776 #777 #778 #779 #781 #782 #783 #784 #785 #786 #787 #789 #790 #791 #792 #793 #794 #796 #797 #799 #801 #802 #803 #804 #805 #806 #808,True,"grid,三种,所有格",41,| **Remove political left–right entirely and obedience still carries seven-eighths of its 
342,#542 #691 #716 #726 #731 #732 #740 #745 #747 #748 #750 #754 #759 #762 #764 #765 #767 #770 #773 #774 #776 #777 #778 #779 #781 #782 #783 #784 #785 #786 #787 #789 #790 #791 #792 #793 #794 #796 #797 #799 #801 #802 #803 #804 #805 #806 #808,True,"grid,三种,所有格",41,"| **This data cannot support the question of direction, and only computing the MDE first r"
343,#542 #691 #716 #726 #731 #732 #740 #745 #747 #748 #750 #754 #759 #762 #764 #765 #767 #770 #773 #774 #776 #777 #778 #779 #781 #782 #783 #784 #785 #786 #787 #789 #790 #791 #792 #793 #794 #796 #797 #799 #801 #802 #803 #804 #805 #806 #808,True,"grid,三种,所有格",41,"| **On a probability sample of sixteen thousand, the strongest predictor of policing sex i"
344,#542 #691 #716 #726 #731 #732 #740 #745 #747 #748 #750 #754 #759 #762 #764 #765 #767 #770 #773 #774 #776 #777 #778 #779 #781 #782 #783 #784 #785 #786 #787 #789 #790 #791 #792 #793 #794 #796 #797 #799 #801 #802 #803 #804 #805 #806 #808,True,"grid,三种,所有格",41,"| **The person-level family is mostly one thing, and what could not be decided was my thre"
345,#542 #691 #716 #726 #731 #732 #740 #745 #747 #748 #750 #754 #759 #762 #764 #765 #767 #770 #773 #774 #776 #777 #778 #779 #781 #782 #783 #784 #785 #786 #787 #789 #790 #791 #792 #793 #794 #796 #797 #799 #801 #802 #803 #804 #805 #806 #808,True,"grid,三种,所有格",41,"| **At the society level there is no obedience family, only obedience** | partialling out "
346,#542 #691 #716 #726 #731 #732 #740 #745 #747 #748 #750 #754 #759 #762 #764 #765 #767 #770 #773 #774 #776 #777 #778 #779 #781 #782 #783 #784 #785 #786 #787 #789 #790 #791 #792 #793 #794 #796 #797 #799 #801 #802 #803 #804 #805 #806 #808,True,"grid,三种,所有格",41,"| **Sex is independent of harm and fairness, and is part of the authority family** | ρ(cha"
347,#542 #691 #716 #726 #731 #732 #740 #745 #747 #748 #750 #754 #759 #762 #764 #765 #767 #770 #773 #774 #776 #777 #778 #779 #781 #782 #783 #784 #785 #786 #787 #789 #790 #791 #792 #793 #794 #796 #797 #799 #801 #802 #803 #804 #805 #806 #808,True,"grid,三种,所有格",41,| **A person's strictness about sex shares only +0.13 with how wrong they think tax and be
348,#542 #691 #716 #726 #731 #732 #740 #745 #747 #748 #750 #754 #759 #762 #764 #765 #767 #770 #773 #774 #776 #777 #778 #779 #781 #782 #783 #784 #785 #786 #787 #789 #790 #791 #792 #793 #794 #796 #797 #799 #801 #802 #803 #804 #805 #806 #808,True,"grid,三种,所有格",41,| **A society's strictness about sex is not a facet of how strict it is in general** | tea
349,#542 #691 #716 #726 #731 #732 #740 #745 #747 #748 #750 #754 #759 #762 #764 #765 #767 #770 #773 #774 #776 #777 #778 #779 #781 #782 #783 #784 #785 #786 #787 #789 #790 #791 #792 #793 #794 #796 #797 #799 #801 #802 #803 #804 #805 #806 #808,True,"grid,三种,所有格",41,"| **The double standard is an offset, not a seam** | sexual restraint across four targets,"
350,#542 #691 #716 #726 #731 #732 #740 #745 #747 #748 #750 #754 #759 #762 #764 #765 #767 #770 #773 #774 #776 #777 #778 #779 #781 #782 #783 #784 #785 #786 #787 #789 #790 #791 #792 #793 #794 #796 #797 #799 #801 #802 #803 #804 #805 #806 #808,True,"grid,三种,所有格",41,| **A person's sexuality is not one thing; it is twenty things that do not imply one anoth
351,#542 #691 #716 #726 #731 #732 #740 #745 #747 #748 #750 #754 #759 #762 #764 #765 #767 #770 #773 #774 #776 #777 #778 #779 #781 #782 #783 #784 #785 #786 #787 #789 #790 #791 #792 #793 #794 #796 #797 #799 #801 #802 #803 #804 #805 #806 #808,True,"grid,三种,所有格",41,| Whether a society uses a given technique is uniform across all four kinds of child; whic
352,#542 #691 #716 #726 #731 #732 #740 #745 #747 #748 #750 #754 #759 #762 #764 #765 #767 #770 #773 #774 #776 #777 #778 #779 #781 #782 #783 #784 #785 #786 #787 #789 #790 #791 #792 #793 #794 #796 #797 #799 #801 #802 #803 #804 #805 #806 #808,True,"grid,三种,所有格",41,"| **All five** moral domains cohere more than a random six, purity tightest (fairness sits"
353,#542 #691 #716 #726 #731 #732 #740 #745 #747 #748 #750 #754 #759 #762 #764 #765 #767 #770 #773 #774 #776 #777 #778 #779 #781 #782 #783 #784 #785 #786 #787 #789 #790 #791 #792 #793 #794 #796 #797 #799 #801 #802 #803 #804 #805 #806 #808,True,"grid,三种,所有格",41,"| And its lead is larger than the raw figure | +0.175 → **+0.202** [+0.180, +0.223] | shuf"
354,#542 #691 #716 #726 #731 #732 #740 #745 #747 #748 #750 #754 #759 #762 #764 #765 #767 #770 #773 #774 #776 #777 #778 #779 #781 #782 #783 #784 #785 #786 #787 #789 #790 #791 #792 #793 #794 #796 #797 #799 #801 #802 #803 #804 #805 #806 #808,True,"grid,三种,所有格",41,| ⚠ **And the row above now carries a live alternative** | the per-stratum **standard-devi
355,#542 #691 #716 #726 #731 #732 #740 #745 #747 #748 #750 #754 #759 #762 #764 #765 #767 #770 #773 #774 #776 #777 #778 #779 #781 #782 #783 #784 #785 #786 #787 #789 #790 #791 #792 #793 #794 #796 #797 #799 #801 #802 #803 #804 #805 #806 #808,True,"grid,三种,所有格",41,| **The ones who merged them are the churchgoers** | ceiling-normalised: **frequent +0.002
356,#542 #691 #716 #726 #731 #732 #740 #745 #747 #748 #750 #754 #759 #762 #764 #765 #767 #770 #773 #774 #776 #777 #778 #779 #781 #782 #783 #784 #785 #786 #787 #789 #790 #791 #792 #793 #794 #796 #797 #799 #801 #802 #803 #804 #805 #806 #808,True,"grid,三种,所有格",41,"| **Nor is it age, nor education** | pooled within fixed age bands **+0.00640 = 95% of the"
357,#542 #691 #716 #726 #731 #732 #740 #745 #747 #748 #750 #754 #759 #762 #764 #765 #767 #770 #773 #774 #776 #777 #778 #779 #781 #782 #783 #784 #785 #786 #787 #789 #790 #791 #792 #793 #794 #796 #797 #799 #801 #802 #803 #804 #805 #806 #808,True,"grid,三种,所有格",41,"| **What it moved into is sexual morality, not politics** | `premarsx × homosex` **+0.0067"
358,#542 #691 #716 #726 #731 #732 #740 #745 #747 #748 #750 #754 #759 #762 #764 #765 #767 #770 #773 #774 #776 #777 #778 #779 #781 #782 #783 #784 #785 #786 #787 #789 #790 #791 #792 #793 #794 #796 #797 #799 #801 #802 #803 #804 #805 #806 #808,True,"grid,三种,所有格",41,| **Nor is it older cohorts dying out: the same birth cohorts made the link themselves** |
359,#542 #691 #716 #726 #731 #732 #740 #745 #747 #748 #750 #754 #759 #762 #764 #765 #767 #770 #773 #774 #776 #777 #778 #779 #781 #782 #783 #784 #785 #786 #787 #789 #790 #791 #792 #793 #794 #796 #797 #799 #801 #802 #803 #804 #805 #806 #808,True,"grid,三种,所有格",41,| **And that pair's fusion is not a mechanical consequence of moving off the floor** | in 
360,#542 #691 #716 #726 #731 #732 #740 #745 #747 #748 #750 #754 #759 #762 #764 #765 #767 #770 #773 #774 #776 #777 #778 #779 #781 #782 #783 #784 #785 #786 #787 #789 #790 #791 #792 #793 #794 #796 #797 #799 #801 #802 #803 #804 #805 #806 #808,True,"grid,三种,所有格",41,"| **1988–2024: the level moved a full step, and only one pair tightened** | level **1.758 "
361,#542 #691 #716 #726 #731 #732 #740 #745 #747 #748 #750 #754 #759 #762 #764 #765 #767 #770 #773 #774 #776 #777 #778 #779 #781 #782 #783 #784 #785 #786 #787 #789 #790 #791 #792 #793 #794 #796 #797 #799 #801 #802 #803 #804 #805 #806 #808,True,"grid,三种,所有格",41,| ⚠ **Correct for measurement error and the four items are still only loosely related** | 
362,#542 #691 #716 #726 #731 #732 #740 #745 #747 #748 #750 #754 #759 #762 #764 #765 #767 #770 #773 #774 #776 #777 #778 #779 #781 #782 #783 #784 #785 #786 #787 #789 #790 #791 #792 #793 #794 #796 #797 #799 #801 #802 #803 #804 #805 #806 #808,True,"grid,三种,所有格",41,| **Ask it again in different words and the same people give the same block** | within 199
363,#542 #691 #716 #726 #731 #732 #740 #745 #747 #748 #750 #754 #759 #762 #764 #765 #767 #770 #773 #774 #776 #777 #778 #779 #781 #782 #783 #784 #785 #786 #787 #789 #790 #791 #792 #793 #794 #796 #797 #799 #801 #802 #803 #804 #805 #806 #808,True,"grid,三种,所有格",41,"| ⚠ **""Sexual morality coheres more than other moral attitudes"" does not stand — it was ma"
364,#542 #691 #716 #726 #731 #732 #740 #745 #747 #748 #750 #754 #759 #762 #764 #765 #767 #770 #773 #774 #776 #777 #778 #779 #781 #782 #783 #784 #785 #786 #787 #789 #790 #791 #792 #793 #794 #796 #797 #799 #801 #802 #803 #804 #805 #806 #808,True,"grid,三种,所有格",41,| **The two instruments do not disagree about people: the observations nearly match and 84
365,#542 #691 #716 #726 #731 #732 #740 #745 #747 #748 #750 #754 #759 #762 #764 #765 #767 #770 #773 #774 #776 #777 #778 #779 #781 #782 #783 #784 #785 #786 #787 #789 #790 #791 #792 #793 #794 #796 #797 #799 #801 #802 #803 #804 #805 #806 #808,True,"grid,三种,所有格",41,"| ⛔ ~~""Sex is one block"" on two instruments~~ **one leg left, GSS** | GSS **0.416** · NSFG"
366,#542 #691 #716 #726 #731 #732 #740 #745 #747 #748 #750 #754 #759 #762 #764 #765 #767 #770 #773 #774 #776 #777 #778 #779 #781 #782 #783 #784 #785 #786 #787 #789 #790 #791 #792 #793 #794 #796 #797 #799 #801 #802 #803 #804 #805 #806 #808,True,"grid,三种,所有格",41,| ⛔ ~~Her judgements about sex and about the unmarried family are equally tight~~ **both b
367,#542 #691 #716 #726 #731 #732 #740 #745 #747 #748 #750 #754 #759 #762 #764 #765 #767 #770 #773 #774 #776 #777 #778 #779 #781 #782 #783 #784 #785 #786 #787 #789 #790 #791 #792 #793 #794 #796 #797 #799 #801 #802 #803 #804 #805 #806 #808,True,"grid,三种,所有格",41,| And the family seven are not a domain | largest sub-block **4/7** | 4 at all four thresh
377,(无引用),False,,0,"| Decide whether rarity drives condemnation at the **decade** unit | after differencing, c"
380,(无引用),False,,0,"| Say for which societies ""+0.845 across targets"" holds | SCCS has 186 societies — it cann"
381,(无引用),False,,0,"| Promote ""education makes sexual morality one position"" into a claim about *sex* or *puri"
383,(无引用),False,,0,"| See, at the society level, whether this axis relates to anything outside itself | n tops"
393,(无引用),False,,0,| **A threshold on a ratio must be measured from that ratio's own null** | the 2.4-fold as
394,(无引用),False,,0,| **An UNVERIFIED does not enter *What stands* — and this one died the next round** | it o
396,(无引用),False,,0,| **Correlations have ceilings** | skewed marginals pin the maximum: GSS binaries **0.36**
398,(无引用),False,,0,"| **A gradient needs ten strata** | ""rank the strata, then take ρ"" has a permutation null "
428,(无引用),False,,0,Object: the **Big Kink Survey** public subsample — [Zenodo 10.5281/zenodo.18625141](https:
429,(无引用),False,,0,"15,503 respondents × 365 columns, aggressively binned, demographically stripped, noise-inj"
434,#264 #301 #302 #356,True,"扫描,旋钮",3,"> outcomes, explains a **median of 1.4%** of the variance — **7.8% at its best** (`animate"
435,#264 #301 #302 #356,True,"扫描,旋钮",3,"> for shame. The degrees-of-freedom floor is **0.14%**, and the same pipeline reaches **49"
439,#264 #301 #302 #356,True,"扫描,旋钮",3,"> 0.14%, and every dimension clears its own family-wise threshold). It does *not* mean sex"
440,#264 #301 #302 #356,True,"扫描,旋钮",3,"> preference is mostly random — **1.4% is the reach of *these six coordinates*, not a ceil"
441,#264 #301 #302 #356,True,"扫描,旋钮",3,> explainability**. ⚠ And note the ordering: the *least reliable* standing dimension (posi
442,#264 #301 #302 #356,True,"扫描,旋钮",3,> contributes the *largest* incremental R² (0.715%). **Reliability and explanatory power a
444,#264 #301 #302 #356,True,"扫描,旋钮",3,> ⚠ **`#301` `#302`:**in-sample 1.4% / out-of-sample 0.87%**. Held out — 5-fold person-lev
458,#179 #229 #232 #234,True,"扫描,规格,规格曲线",1,"> and the breadth profile's split-half replication is **0.4672 / 0.4611 / 0.4718** — flat,"
459,#179 #229 #232 #234,True,"扫描,规格,规格曲线",1,> whose positive control fires at a gradient **7.4× smaller** than the one C predicts).
461,#179 #229 #232 #234,True,"扫描,规格,规格曲线",1,"> split-half **0.56–0.72**, against the position score's 0.432 — is *which domains a perso"
480,#114 #228 #252 #254 #255 #257 #258 #259 #277 #278 #283 #289 #347 #366 #367 #368 #369 #452,True,"sweep,扫描,旋钮",7,| **Position S** — how uncommon the options you pick are | **+0.432** | blocks (32 multi-s
481,#114 #228 #252 #254 #255 #257 #258 #259 #277 #278 #283 #289 #347 #366 #367 #368 #369 #452,True,"sweep,扫描,旋钮",7,| **Between-block contrast D** — which domains you open in | **+0.6785** | blocks | **veri
482,#114 #228 #252 #254 #255 #257 #258 #259 #277 #278 #283 #289 #347 #366 #367 #368 #369 #452,True,"sweep,扫描,旋钮",7,| **Breadth profile** — the shape you open in | **+0.4290** | blocks | **verified** (≥2 di
483,#114 #228 #252 #254 #255 #257 #258 #259 #277 #278 #283 #289 #347 #366 #367 #368 #369 #452,True,"sweep,扫描,旋钮",7,| Breadth type c1 | **+0.6429** | blocks | untested | `UNCOMPUTED` | 13 → **9 after contro
484,#114 #228 #252 #254 #255 #257 #258 #259 #277 #278 #283 #289 #347 #366 #367 #368 #369 #452,True,"sweep,扫描,旋钮",7,| Breadth type c2 | **+0.5778** | blocks | untested | `UNCOMPUTED` | 11 → **6 after contro
485,#114 #228 #252 #254 #255 #257 #258 #259 #277 #278 #283 #289 #347 #366 #367 #368 #369 #452,True,"sweep,扫描,旋钮",7,| **Breadth type c3 — *where you spend your openness*** | **+0.5631** | blocks | **name ve
486,#114 #228 #252 #254 #255 #257 #258 #259 #277 #278 #283 #289 #347 #366 #367 #368 #369 #452,True,"sweep,扫描,旋钮",7,| **rho_i** — whether your rare interests come first or last | **+0.5316** | onset ages (3
487,#114 #228 #252 #254 #255 #257 #258 #259 #277 #278 #283 #289 #347 #366 #367 #368 #369 #452,True,"sweep,扫描,旋钮",7,"| **`form_i` — what ""opened by drawn things"" and ""opened by written things"" share** | **+0"
488,#114 #228 #252 #254 #255 #257 #258 #259 #277 #278 #283 #289 #347 #366 #367 #368 #369 #452,True,"sweep,扫描,旋钮",7,| ~~Accumulation rate~~ | +0.6931 | onset ages | n/a | `UNCOMPUTED` | 6/31 | **withdrawn a
490,#251,True,扫描,1,**Read the reliability column first.** The three breadth types (0.56–0.72) are the most re
491,#251,True,扫描,1,"quantities in this release, and they were the last to be found. The position score (0.432)"
495,#201 #202 #285 #286 #288 #293 #294 #296 #298 #299 #303 #304 #308 #311 #324 #325 #327 #330 #332 #334 #337 #346 #350 #357 #366 #370 #371 #372 #373 #374 #380 #381 #384 #385 #386 #387 #388 #389 #390 #391 #392 #395 #396 #397 #398 #399 #401 #402 #403 #404 #405 #406 #409 #411 #414 #415 #416 #417 #418,True,"\bf=0\.,三种,扫描",19,"> ⚠ **This table is built on the pooled sample, and the six coordinates are not the same t"
496,#201 #202 #285 #286 #288 #293 #294 #296 #298 #299 #303 #304 #308 #311 #324 #325 #327 #330 #332 #334 #337 #346 #350 #357 #366 #370 #371 #372 #373 #374 #380 #381 #384 #385 #386 #387 #388 #389 #390 #391 #392 #395 #396 #397 #398 #399 #401 #402 #403 #404 #405 #406 #409 #411 #414 #415 #416 #417 #418,True,"\bf=0\.,三种,扫描",19,"> sexes** (`#285` `#286`). Rebuilt independently in each group (n = 3,232 / 3,485): the bl"
497,#201 #202 #285 #286 #288 #293 #294 #296 #298 #299 #303 #304 #308 #311 #324 #325 #327 #330 #332 #334 #337 #346 #350 #357 #366 #370 #371 #372 #373 #374 #380 #381 #384 #385 #386 #387 #388 #389 #390 #391 #392 #395 #396 #397 #398 #399 #401 #402 #403 #404 #405 #406 #409 #411 #414 #415 #416 #417 #418,True,"\bf=0\.,三种,扫描",19,> loading subspace replicates at **0.7695** across the sex split against **0.8385 ± 0.0263
498,#201 #202 #285 #286 #288 #293 #294 #296 #298 #299 #303 #304 #308 #311 #324 #325 #327 #330 #332 #334 #337 #346 #350 #357 #366 #370 #371 #372 #373 #374 #380 #381 #384 #385 #386 #387 #388 #389 #390 #391 #392 #395 #396 #397 #398 #399 #401 #402 #403 #404 #405 #406 #409 #411 #414 #415 #416 #417 #418,True,"\bf=0\.,三种,扫描",19,"> random split of the same sizes (**2.6×**), and — the sharper test — the *joint R² curve "
499,#201 #202 #285 #286 #288 #293 #294 #296 #298 #299 #303 #304 #308 #311 #324 #325 #327 #330 #332 #334 #337 #346 #350 #357 #366 #370 #371 #372 #373 #374 #380 #381 #384 #385 #386 #387 #388 #389 #390 #391 #392 #395 #396 #397 #398 #399 #401 #402 #403 #404 #405 #406 #409 #411 #414 #415 #416 #417 #418,True,"\bf=0\.,三种,扫描",19,> outcomes* correlates **+0.6667** across the sex split against **+0.8728 ± 0.0161** acros
500,#201 #202 #285 #286 #288 #293 #294 #296 #298 #299 #303 #304 #308 #311 #324 #325 #327 #330 #332 #334 #337 #346 #350 #357 #366 #370 #371 #372 #373 #374 #380 #381 #384 #385 #386 #387 #388 #389 #390 #391 #392 #395 #396 #397 #398 #399 #401 #402 #403 #404 #405 #406 #409 #411 #414 #415 #416 #417 #418,True,"\bf=0\.,三种,扫描",19,> (**12.8×**). Both ends of the positive control behave (a sex-driven synthetic quantity g
501,#201 #202 #285 #286 #288 #293 #294 #296 #298 #299 #303 #304 #308 #311 #324 #325 #327 #330 #332 #334 #337 #346 #350 #357 #366 #370 #371 #372 #373 #374 #380 #381 #384 #385 #386 #387 #388 #389 #390 #391 #392 #395 #396 #397 #398 #399 #401 #402 #403 #404 #405 #406 #409 #411 #414 #415 #416 #417 #418,True,"\bf=0\.,三种,扫描",19,"> `agreeableness`, which correlates −0.0749 with sex, gives −0.0016). The three outcomes t"
502,#201 #202 #285 #286 #288 #293 #294 #296 #298 #299 #303 #304 #308 #311 #324 #325 #327 #330 #332 #334 #337 #346 #350 #357 #366 #370 #371 #372 #373 #374 #380 #381 #384 #385 #386 #387 #388 #389 #390 #391 #392 #395 #396 #397 #398 #399 #401 #402 #403 #404 #405 #406 #409 #411 #414 #415 #416 #417 #418,True,"\bf=0\.,三种,扫描",19,"> most: `I sometimes find peop…` **1.9% vs 5.0%**, `I find the thought of…` **3.2% vs 0.6%"
503,#201 #202 #285 #286 #288 #293 #294 #296 #298 #299 #303 #304 #308 #311 #324 #325 #327 #330 #332 #334 #337 #346 #350 #357 #366 #370 #371 #372 #373 #374 #380 #381 #384 #385 #386 #387 #388 #389 #390 #391 #392 #395 #396 #397 #398 #399 #401 #402 #403 #404 #405 #406 #409 #411 #414 #415 #416 #417 #418,True,"\bf=0\.,三种,扫描",19,> **6.4% vs 8.9%**. ⚠ This does **not** say any column is wrong — every one was controlled
507,#278 #316 #320 #375 #392 #419 #420 #421 #422,True,"三种,扫描,旋钮",3,"> this project ends up pointing at it — position +0.1185 [cov≥8 · scope stated], breadth-t"
508,#278 #316 #320 #375 #392 #419 #420 #421 #422,True,"三种,扫描,旋钮",3,> contrast on the disjoint instrument +0.1384 — and this one does not: its correlation wit
509,#278 #316 #320 #375 #392 #419 #420 #421 #422,True,"三种,扫描,旋钮",3,"> +0.0454, but its **increment over the six coordinates is +0.21 ± 0.13pp, indistinguishab"
511,#278 #316 #320 #375 #392 #419 #420 #421 #422,True,"三种,扫描,旋钮",3,"> doesn't.** ⚠ **`#316`: that is a statement about the *increment*, and the wider reading "
513,#392 #423,True,扫描,0,⚠ **`#423`: and enumerating the question types turned up a loaded trap that has not yet fi
515,#424,False,,0,⚠ **`#424`: and there is no specialist taste in this survey.** The largest never-anchored 
517,#429 #442 #461 #480 #481,False,,0,⚠ **`#429`: and one signed claim on this page rests on a direction that cannot be checked 
519,#433,False,,0,"⚠ **`#433`: and once its direction was settled, the porn-use variable turned out to add ex"
521,#434 #435,True,扫描,0,"⚠ **`#434`: and shame turns out to be the brake, not the carrier — which is the opposite o"
523,#435,True,扫描,0,"⚠ **`#435`: and the brake is not a flat tax — it discriminates, and one quantity is braked"
525,#436 #437,True,扫描,0,⚠ **`#436`: and the one coordinate that points away from doing turns out to point at somet
527,#439,True,"规格,规格曲线",0,"⚠ **`#439`: and feeling unable to change what arouses you has two roads, not one.** This p"
529,#440,False,,0,⚠ **`#440`: and it is not what you like — it is how your liking is distributed.** The dire
531,#441 #442,False,,0,"⚠ **`#441` narrows this: the shape is not the breadth-type contrast, and that contrast is "
533,#442 #443,False,,0,⚠ **`#442`: and it is not involvement wearing a different name — controlling involvement m
535,#114 #444 #445 #446 #447 #448 #449 #450 #451 #452 #454 #455 #456,True,扫描,2,⚠ **`#444`: the half that costs you the sense of changeability is loaded on the bodily-flu
537,#456 #457,False,,0,"⚠ **`#456`: the two consequences have nothing to do with each other, and saying ""one antec"
539,#458 #459 #460,False,,0,⚠ **`#458`: and the two paths do come apart — three of six page quantities touch exactly o
541,#325 #346 #375 #463 #464 #465 #466 #469 #470 #471 #472 #473 #474 #475 #476 #479,True,"扫描,旋钮,规格",4,⚠ **`#463`: and the two leading components of the residual structure fall on the two diffe
546,#264 #270 #271,False,,0,"> exceed twice the cross-split spread**, and they cluster — **c1↔c2 |0.416|**, c3↔c2 |0.25"
547,#264 #270 #271,False,,0,> |0.191| — while position S and profile clarity stay clean (max 0.064). **c2 is the hub.*
552,#264 #270 #271,False,,0,"> ⚠ **Caliber of the 1.4%** (`#264`, `#271`): old S + least squares; the alternative calib"
553,#264 #270 #271,False,,0,> with block subset) gives **1.21%**. Both sit in 1.2–1.4%. The knobs that move this numbe
562,#233,True,,1,"> ⚠ **Every ""N of M"" count on this page is an interval, not an exact number** (`#233`). Th"
567,#26 #63 #69 #75 #88 #90 #99 #100 #101 #102 #104 #107 #110 #114 #116 #117 #118 #119 #128 #129 #130 #131 #132 #133 #134 #135 #136 #137 #138 #139 #140 #141 #142 #143 #146 #147 #148 #149 #150 #151 #152 #153 #154 #157 #159 #160 #161 #162 #163 #164 #165 #167 #179 #184 #186 #188 #189 #192 #201 #211 #212 #213 #218 #227 #228 #229 #230 #231 #232 #235 #236 #237 #238 #239 #241 #243 #245 #247 #286 #289 #290 #360 #363,True,"三种,扫描,旋钮",105,"| **The ""what"" of a sexual preference is personal. The ""when"" is not.** | Same people, sam"
568,#26 #63 #69 #75 #88 #90 #99 #100 #101 #102 #104 #107 #110 #114 #116 #117 #118 #119 #128 #129 #130 #131 #132 #133 #134 #135 #136 #137 #138 #139 #140 #141 #142 #143 #146 #147 #148 #149 #150 #151 #152 #153 #154 #157 #159 #160 #161 #162 #163 #164 #165 #167 #179 #184 #186 #188 #189 #192 #201 #211 #212 #213 #218 #227 #228 #229 #230 #231 #232 #235 #236 #237 #238 #239 #241 #243 #245 #247 #286 #289 #290 #360 #363,True,"三种,扫描,旋钮",105,"| **Sexual interests arrive on a shared developmental schedule — concrete first, relationa"
569,#26 #63 #69 #75 #88 #90 #99 #100 #101 #102 #104 #107 #110 #114 #116 #117 #118 #119 #128 #129 #130 #131 #132 #133 #134 #135 #136 #137 #138 #139 #140 #141 #142 #143 #146 #147 #148 #149 #150 #151 #152 #153 #154 #157 #159 #160 #161 #162 #163 #164 #165 #167 #179 #184 #186 #188 #189 #192 #201 #211 #212 #213 #218 #227 #228 #229 #230 #231 #232 #235 #236 #237 #238 #239 #241 #243 #245 #247 #286 #289 #290 #360 #363,True,"三种,扫描,旋钮",105,| **Content and individualised valuation move endorsement probability by the same amount**
570,#26 #63 #69 #75 #88 #90 #99 #100 #101 #102 #104 #107 #110 #114 #116 #117 #118 #119 #128 #129 #130 #131 #132 #133 #134 #135 #136 #137 #138 #139 #140 #141 #142 #143 #146 #147 #148 #149 #150 #151 #152 #153 #154 #157 #159 #160 #161 #162 #163 #164 #165 #167 #179 #184 #186 #188 #189 #192 #201 #211 #212 #213 #218 #227 #228 #229 #230 #231 #232 #235 #236 #237 #238 #239 #241 #243 #245 #247 #286 #289 #290 #360 #363,True,"三种,扫描,旋钮",105,"| **""Is this sexual content?"" cannot be asked of this survey** | In a binary endorsement m"
572,#26 #63 #69 #75 #88 #90 #99 #100 #101 #102 #104 #107 #110 #114 #116 #117 #118 #119 #128 #129 #130 #131 #132 #133 #134 #135 #136 #137 #138 #139 #140 #141 #142 #143 #146 #147 #148 #149 #150 #151 #152 #153 #154 #157 #159 #160 #161 #162 #163 #164 #165 #167 #179 #184 #186 #188 #189 #192 #201 #211 #212 #213 #218 #227 #228 #229 #230 #231 #232 #235 #236 #237 #238 #239 #241 #243 #245 #247 #286 #289 #290 #360 #363,True,"三种,扫描,旋钮",105,"| **It is a reliable personality dimension, and it is not ""how many boxes you ticked""** | "
573,#26 #63 #69 #75 #88 #90 #99 #100 #101 #102 #104 #107 #110 #114 #116 #117 #118 #119 #128 #129 #130 #131 #132 #133 #134 #135 #136 #137 #138 #139 #140 #141 #142 #143 #146 #147 #148 #149 #150 #151 #152 #153 #154 #157 #159 #160 #161 #162 #163 #164 #165 #167 #179 #184 #186 #188 #189 #192 #201 #211 #212 #213 #218 #227 #228 #229 #230 #231 #232 #235 #236 #237 #238 #239 #241 #243 #245 #247 #286 #289 #290 #360 #363,True,"三种,扫描,旋钮",105,| **And preferring the uncommon is not affectively neutral — it comes with shame** | On tw
574,#26 #63 #69 #75 #88 #90 #99 #100 #101 #102 #104 #107 #110 #114 #116 #117 #118 #119 #128 #129 #130 #131 #132 #133 #134 #135 #136 #137 #138 #139 #140 #141 #142 #143 #146 #147 #148 #149 #150 #151 #152 #153 #154 #157 #159 #160 #161 #162 #163 #164 #165 #167 #179 #184 #186 #188 #189 #192 #201 #211 #212 #213 #218 #227 #228 #229 #230 #231 #232 #235 #236 #237 #238 #239 #241 #243 #245 #247 #286 #289 #290 #360 #363,True,"三种,扫描,旋钮",105,"| **Two orthogonal person-level dimensions, each pointing at something different** | Resid"
575,#26 #63 #69 #75 #88 #90 #99 #100 #101 #102 #104 #107 #110 #114 #116 #117 #118 #119 #128 #129 #130 #131 #132 #133 #134 #135 #136 #137 #138 #139 #140 #141 #142 #143 #146 #147 #148 #149 #150 #151 #152 #153 #154 #157 #159 #160 #161 #162 #163 #164 #165 #167 #179 #184 #186 #188 #189 #192 #201 #211 #212 #213 #218 #227 #228 #229 #230 #231 #232 #235 #236 #237 #238 #239 #241 #243 #245 #247 #286 #289 #290 #360 #363,True,"三种,扫描,旋钮",105,| **A person's own uncommon interests sit ahead of their own common ones** | After removin
576,#26 #63 #69 #75 #88 #90 #99 #100 #101 #102 #104 #107 #110 #114 #116 #117 #118 #119 #128 #129 #130 #131 #132 #133 #134 #135 #136 #137 #138 #139 #140 #141 #142 #143 #146 #147 #148 #149 #150 #151 #152 #153 #154 #157 #159 #160 #161 #162 #163 #164 #165 #167 #179 #184 #186 #188 #189 #192 #201 #211 #212 #213 #218 #227 #228 #229 #230 #231 #232 #235 #236 #237 #238 #239 #241 #243 #245 #247 #286 #289 #290 #360 #363,True,"三种,扫描,旋钮",105,"| **The map's strongest psychologically-anchored dividing line is not ""early vs late"" — it"
577,#26 #63 #69 #75 #88 #90 #99 #100 #101 #102 #104 #107 #110 #114 #116 #117 #118 #119 #128 #129 #130 #131 #132 #133 #134 #135 #136 #137 #138 #139 #140 #141 #142 #143 #146 #147 #148 #149 #150 #151 #152 #153 #154 #157 #159 #160 #161 #162 #163 #164 #165 #167 #179 #184 #186 #188 #189 #192 #201 #211 #212 #213 #218 #227 #228 #229 #230 #231 #232 #235 #236 #237 #238 #239 #241 #243 #245 #247 #286 #289 #290 #360 #363,True,"三种,扫描,旋钮",105,"| **Sex anchors ""the sexual"" itself, not one family within it** | early family +0.0706 vs "
578,#26 #63 #69 #75 #88 #90 #99 #100 #101 #102 #104 #107 #110 #114 #116 #117 #118 #119 #128 #129 #130 #131 #132 #133 #134 #135 #136 #137 #138 #139 #140 #141 #142 #143 #146 #147 #148 #149 #150 #151 #152 #153 #154 #157 #159 #160 #161 #162 #163 #164 #165 #167 #179 #184 #186 #188 #189 #192 #201 #211 #212 #213 #218 #227 #228 #229 #230 #231 #232 #235 #236 #237 #238 #239 #241 #243 #245 #247 #286 #289 #290 #360 #363,True,"三种,扫描,旋钮",105,| **The relational family arrives together yet contains several independent dimensions** |
579,#26 #63 #69 #75 #88 #90 #99 #100 #101 #102 #104 #107 #110 #114 #116 #117 #118 #119 #128 #129 #130 #131 #132 #133 #134 #135 #136 #137 #138 #139 #140 #141 #142 #143 #146 #147 #148 #149 #150 #151 #152 #153 #154 #157 #159 #160 #161 #162 #163 #164 #165 #167 #179 #184 #186 #188 #189 #192 #201 #211 #212 #213 #218 #227 #228 #229 #230 #231 #232 #235 #236 #237 #238 #239 #241 #243 #245 #247 #286 #289 #290 #360 #363,True,"三种,扫描,旋钮",105,| **What arrives early is scattered; what arrives late is a set** | Three blocks against a
580,#26 #63 #69 #75 #88 #90 #99 #100 #101 #102 #104 #107 #110 #114 #116 #117 #118 #119 #128 #129 #130 #131 #132 #133 #134 #135 #136 #137 #138 #139 #140 #141 #142 #143 #146 #147 #148 #149 #150 #151 #152 #153 #154 #157 #159 #160 #161 #162 #163 #164 #165 #167 #179 #184 #186 #188 #189 #192 #201 #211 #212 #213 #218 #227 #228 #229 #230 #231 #232 #235 #236 #237 #238 #239 #241 #243 #245 #247 #286 #289 #290 #360 #363,True,"三种,扫描,旋钮",105,| **For a third of people the map closed at 17; for the rest it opens outward** | In the 2
581,#26 #63 #69 #75 #88 #90 #99 #100 #101 #102 #104 #107 #110 #114 #116 #117 #118 #119 #128 #129 #130 #131 #132 #133 #134 #135 #136 #137 #138 #139 #140 #141 #142 #143 #146 #147 #148 #149 #150 #151 #152 #153 #154 #157 #159 #160 #161 #162 #163 #164 #165 #167 #179 #184 #186 #188 #189 #192 #201 #211 #212 #213 #218 #227 #228 #229 #230 #231 #232 #235 #236 #237 #238 #239 #241 #243 #245 #247 #286 #289 #290 #360 #363,True,"三种,扫描,旋钮",105,"| **The sexual map is largely fixed by the end of adolescence** | Among 29–32 year olds, *"
582,#26 #63 #69 #75 #88 #90 #99 #100 #101 #102 #104 #107 #110 #114 #116 #117 #118 #119 #128 #129 #130 #131 #132 #133 #134 #135 #136 #137 #138 #139 #140 #141 #142 #143 #146 #147 #148 #149 #150 #151 #152 #153 #154 #157 #159 #160 #161 #162 #163 #164 #165 #167 #179 #184 #186 #188 #189 #192 #201 #211 #212 #213 #218 #227 #228 #229 #230 #231 #232 #235 #236 #237 #238 #239 #241 #243 #245 #247 #286 #289 #290 #360 #363,True,"三种,扫描,旋钮",105,| **At the population level the map really does start from what everyone has** | The batch
583,#26 #63 #69 #75 #88 #90 #99 #100 #101 #102 #104 #107 #110 #114 #116 #117 #118 #119 #128 #129 #130 #131 #132 #133 #134 #135 #136 #137 #138 #139 #140 #141 #142 #143 #146 #147 #148 #149 #150 #151 #152 #153 #154 #157 #159 #160 #161 #162 #163 #164 #165 #167 #179 #184 #186 #188 #189 #192 #201 #211 #212 #213 #218 #227 #228 #229 #230 #231 #232 #235 #236 #237 #238 #239 #241 #243 #245 #247 #286 #289 #290 #360 #363,True,"三种,扫描,旋钮",105,"| **The rarer a person's eventual taste, the larger that head start** | −0.0459; **after 1"
584,#26 #63 #69 #75 #88 #90 #99 #100 #101 #102 #104 #107 #110 #114 #116 #117 #118 #119 #128 #129 #130 #131 #132 #133 #134 #135 #136 #137 #138 #139 #140 #141 #142 #143 #146 #147 #148 #149 #150 #151 #152 #153 #154 #157 #159 #160 #161 #162 #163 #164 #165 #167 #179 #184 #186 #188 #189 #192 #201 #211 #212 #213 #218 #227 #228 #229 #230 #231 #232 #235 #236 #237 #238 #239 #241 #243 #245 #247 #286 #289 #290 #360 #363,True,"三种,扫描,旋钮",105,| **Its only external anchor that holds is sex** | +0.093 (disattenuated +0.141). All Big 
585,#26 #63 #69 #75 #88 #90 #99 #100 #101 #102 #104 #107 #110 #114 #116 #117 #118 #119 #128 #129 #130 #131 #132 #133 #134 #135 #136 #137 #138 #139 #140 #141 #142 #143 #146 #147 #148 #149 #150 #151 #152 #153 #154 #157 #159 #160 #161 #162 #163 #164 #165 #167 #179 #184 #186 #188 #189 #192 #201 #211 #212 #213 #218 #227 #228 #229 #230 #231 #232 #235 #236 #237 #238 #239 #241 #243 #245 #247 #286 #289 #290 #360 #363,True,"三种,扫描,旋钮",105,| **People remember their most-loved sexual interests as arriving about nine months earlie
586,#26 #63 #69 #75 #88 #90 #99 #100 #101 #102 #104 #107 #110 #114 #116 #117 #118 #119 #128 #129 #130 #131 #132 #133 #134 #135 #136 #137 #138 #139 #140 #141 #142 #143 #146 #147 #148 #149 #150 #151 #152 #153 #154 #157 #159 #160 #161 #162 #163 #164 #165 #167 #179 #184 #186 #188 #189 #192 #201 #211 #212 #213 #218 #227 #228 #229 #230 #231 #232 #235 #236 #237 #238 #239 #241 #243 #245 #247 #286 #289 #290 #360 #363,True,"三种,扫描,旋钮",105,"| **And that memory distortion deepens with time, nearly doubling over fifteen years** | t"
587,#26 #63 #69 #75 #88 #90 #99 #100 #101 #102 #104 #107 #110 #114 #116 #117 #118 #119 #128 #129 #130 #131 #132 #133 #134 #135 #136 #137 #138 #139 #140 #141 #142 #143 #146 #147 #148 #149 #150 #151 #152 #153 #154 #157 #159 #160 #161 #162 #163 #164 #165 #167 #179 #184 #186 #188 #189 #192 #201 #211 #212 #213 #218 #227 #228 #229 #230 #231 #232 #235 #236 #237 #238 #239 #241 #243 #245 #247 #286 #289 #290 #360 #363,True,"三种,扫描,旋钮",105,"| **Among interests of the same kind, which one came first predicts your whole remaining p"
588,#26 #63 #69 #75 #88 #90 #99 #100 #101 #102 #104 #107 #110 #114 #116 #117 #118 #119 #128 #129 #130 #131 #132 #133 #134 #135 #136 #137 #138 #139 #140 #141 #142 #143 #146 #147 #148 #149 #150 #151 #152 #153 #154 #157 #159 #160 #161 #162 #163 #164 #165 #167 #179 #184 #186 #188 #189 #192 #201 #211 #212 #213 #218 #227 #228 #229 #230 #231 #232 #235 #236 #237 #238 #239 #241 #243 #245 #247 #286 #289 #290 #360 #363,True,"三种,扫描,旋钮",105,| **And the remaining preferences are pulled toward whichever came first** | displacement 
589,#26 #63 #69 #75 #88 #90 #99 #100 #101 #102 #104 #107 #110 #114 #116 #117 #118 #119 #128 #129 #130 #131 #132 #133 #134 #135 #136 #137 #138 #139 #140 #141 #142 #143 #146 #147 #148 #149 #150 #151 #152 #153 #154 #157 #159 #160 #161 #162 #163 #164 #165 #167 #179 #184 #186 #188 #189 #192 #201 #211 #212 #213 #218 #227 #228 #229 #230 #231 #232 #235 #236 #237 #238 #239 #241 #243 #245 #247 #286 #289 #290 #360 #363,True,"三种,扫描,旋钮",105,"| ~~**""Top/bottom"" is one word over three near-unrelated things**~~ **downgraded to: the t"
591,#26 #63 #69 #75 #88 #90 #99 #100 #101 #102 #104 #107 #110 #114 #116 #117 #118 #119 #128 #129 #130 #131 #132 #133 #134 #135 #136 #137 #138 #139 #140 #141 #142 #143 #146 #147 #148 #149 #150 #151 #152 #153 #154 #157 #159 #160 #161 #162 #163 #164 #165 #167 #179 #184 #186 #188 #189 #192 #201 #211 #212 #213 #218 #227 #228 #229 #230 #231 #232 #235 #236 #237 #238 #239 #241 #243 #245 #247 #286 #289 #290 #360 #363,True,"三种,扫描,旋钮",105,"| **82.7% say ""porn gave me this interest"", and that sentence leaves no trace in either th"
603,#486,False,,0,"aged 25–54, the share saying pornography should be illegal for everyone fell **0.38 → 0.18"
605,#486,False,,0,X-rated film in the past year was **−1.34** in 1973–1988 and **−1.44** in 2006–2024:
606,#486,False,,0,"**Δ = −0.10, 95% CI [−0.29, +0.09]**, against a **minimum detectable effect of 0.27** — so"
607,#486,False,,0,"of the size that would matter (0.5) would have been seen, and was not. Across a 36-cell gr"
623,#487,True,"规格,规格曲线",0,balanced (max |z| = 1.95 over five demographics). They do not report the same thing: **0.3
624,#487,True,"规格,规格曲线",0,"0.425 positive, Δ = +0.105, 95% CI [+0.079, +0.135]** — a tenth of the population moves in"
626,#487,True,"规格,规格曲线",0,"is not distinguishable between the arms: **Δ log-odds = −0.27, 95% CI [−0.61, +0.08]**, ag"
627,#487,True,"规格,规格曲线",0,"MDE of **0.50**. ⚠ Two things vary together between the arms (the object named, and the an"
630,#487,True,"规格,规格曲线",0,**|Δ| < 0.50** is reportable. Across the frequency scale's eight cut points and four subgr
632,#487,True,"规格,规格曲线",0,heavy use (−1.57 at *several times a year* to −2.19 at *every week*). `[#487]`
636,#568 #571,False,,0,"**log-odds = −1.22, 95% CI [−1.41, −1.05]** (n = 5,895), against **−1.42** for the GSS por"
637,#568 #571,False,,0,"pair. Across both waves and both definitions of condemning, **4 of 4 admissible cells carr"
639,#568 #571,False,,0,"*last-12-months* ones, which come from a filtered question (n ≈ 1,260 of 6,141) and may be"
644,#490,True,,1,"and unmarried cohabitation. Their log-odds were **−1.22, −0.73 and −0.31**, mutually non-o"
645,#490,True,,1,a spread of **0.90**. That is **4.5× the 0.20 that separates the GSS and NSFG numbers abov
647,#490,True,,1,topics whose slopes had never been computed put two of them **0.55 apart with disjoint int
649,#490,True,,1,of 0.20 is between a fifth and a quarter of what changing the topic does inside a single
654,#492 #511,True,,2,"questionnaire, one sample, one mode, six attitude/behaviour pairs give log-odds from **−0."
655,#492 #511,True,,2,−1.33**. Three of them were specified before being computed: *divorce is the best solution
656,#492 #511,True,,2,"(−0.77), *all right for unmarried **18**-year-olds to have sex* (−0.52), *all right for un"
657,#492 #511,True,,2,**16**-year-olds* (−1.07). **The last two are asked of the same people about the same beha
659,#492 #511,True,,2,"intervals do not overlap ([−0.64, −0.41] vs [−1.25, −0.90]). ⚠ The share who condemn also "
666,#493,False,,0,"share who condemn — slope **+0.60, 95% CI [+0.27, +0.93]**. But that association is confou"
669,#493,False,,0,"within-topic slope of **−0.18, CI [−0.39, +0.01]**, against an **MDE of 0.28** — a design "
670,#493,False,,0,comfortably have seen +0.60 and did not. **So the across-topic relation is carried by the 
673,#493,False,,0,"disagree**. Fitting one slope per topic gives **−0.61, −0.68, −0.35** for same-sex relatio"
674,#493,False,,0,"cohabitation and 18-year-olds, against **+0.43, +0.23, +0.01** for divorce, unmarried chil"
675,#493,False,,0,16-year-olds; a heterogeneity test against a null in which all six share one slope gives *
676,#493,False,,0,"p = 0.001**, and no single topic drives it (leave-one-out Q stays at 12.7–21.9). **So ""the"
684,#500 #501,True,,2,"probability falls by about **0.019–0.027** (four of five behaviours, each beyond its own M"
695,#523,False,,0,"(−0.036 vs −0.012 cross-domain), non-marital cohabitation by family strictness (−0.051 vs "
696,#523,False,,0,non-marital birth likewise (−0.052 vs **+0.016**). Three of five behaviours show the same-
698,#523,False,,0,"two counts correlate at **+0.54**, which widens both standard errors and therefore pushes "
704,#528 #619 #620 #621 #622 #623 #624 #625 #626 #627 #628 #629 #630 #631 #632 #633 #634 #635 #636 #637 #638,True,"三种,网格",15,"(ρ = **+0.797**, n = 97); for **homosexuality** (−0.371, n = 34) and **rape** (−0.519, n ="
705,#528 #619 #620 #621 #622 #623 #624 #625 #626 #627 #628 #629 #630 #631 #632 #633 #634 #635 #636 #637 #638,True,"三种,网格",15,"sign is the other way, and neither clears the family-wise permutation null. ⚠ **And the ra"
709,#528 #619 #620 #621 #622 #623 #624 #625 #626 #627 #628 #629 #630 #631 #632 #633 #634 #635 #636 #637 #638,True,"三种,网格",15,"variables is **|ρ| median 0.217**, and the only three pairs tighter than the headline are "
718,#506 #507,True,三种,1,| `c3` survives the split-half test that killed a later grouping | Five attempts to name t
722,(无引用),False,,0,"| The headline cannot be replicated anywhere, and the reason is the same everywhere | The "
729,(无引用),False,,0,"(17,685 rows released, **12,789 complete cases analysed**). What it produced, in one place"
732,#486 #487 #489 #492 #500 #501 #511 #517 #540,True,"扫描,每一格,网格",5,"  0.38 → 0.18 across thirty surveys, and the log-odds gap between condemners and non-conde"
733,#486 #487 #489 #492 #500 #501 #511 #517 #540,True,"扫描,每一格,网格",5,"  reporting having watched it did not move: **Δ = −0.10, CI [−0.29, +0.09], MDE 0.27** `[#"
735,#486 #487 #489 #492 #500 #501 #511 #517 #540,True,"扫描,每一格,网格",5,"  two differently-worded behaviour questions, answer **0.320 vs 0.425** — **Δ = +0.105, CI"
736,#486 #487 #489 #492 #500 #501 #511 #517 #540,True,"扫描,每一格,网格",5,  +0.135]** `[#487]`.
737,#486 #487 #489 #492 #500 #501 #511 #517 #540,True,"扫描,每一格,网格",5,"- **A gap that survives a different institution and a different mode**, at **−1.22, CI [−1"
738,#486 #487 #489 #492 #500 #501 #511 #517 #540,True,"扫描,每一格,网格",5,"  −1.05]**, across four admissible cells spanning −1.22 to −1.41 `[#489, #517]`."
740,#486 #487 #489 #492 #500 #501 #511 #517 #540,True,"扫描,每一格,网格",5,  in an age — 18 versus 16 — move the same gap from **−0.52 to −1.07** with disjoint inter
741,#486 #487 #489 #492 #500 #501 #511 #517 #540,True,"扫描,每一格,网格",5,"  cross-instrument agreement of 0.20 is a fifth of what one word does `[#492, #511]`."
744,#486 #487 #489 #492 #500 #501 #511 #517 #540,True,"扫描,每一格,网格",5,"  **0.019–0.027**, and the effect is carried by the same domain as the behaviour (three of"
745,#486 #487 #489 #492 #500 #501 #511 #517 #540,True,"扫描,每一格,网格",5,"- **An eleventh, and it is mostly a warning: men sit close to women, but the same question"
747,#539,True,网格,1,"- **A tenth: sexual morality is already a single block at 15, while family morality is sti"
749,#536,True,"三种,规格",1,"- **A ninth, in the instrument the previous one lacked: sexual morality is tighter than th"
751,#607 #608 #609 #610 #611 #612 #613 #614 #615 #616 #617 #618,True,"三种,扫描,网格",12,"- **An eighth, and it points the other way: there is one ruler at the person level, even t"
753,#534 #535,True,"四种,扫描,每一格",3,"The abortion battery reaches **0.437**, which is as close to a repeated question as this i"
755,#532 #533,True,网格,2,"- **A seventh, in a different country and a different unit: what looks like a shared clima"
757,#529 #530 #531,True,"三种,网格,规格",2,"- **A sixth: there is no such thing as a ""strict society"" in this data.** If harshness wer"
759,#528,True,"三种,网格",1,"- **And a fifth: across 186 societies, ""rarer is more condemned"" holds in exactly one of f"
761,#542,False,,0,"- **A twelfth, and it is mostly a correction of scope: ""sex is one block"" is scale-depende"
763,#545 #546 #548 #549 #550 #551 #552,True,"sweep,扫描",3,"- **Two more instruments were opened to test the above against a different source, and bot"
765,#556,True,"grid,网格",1,"- **And one sentence carried over from a result that was not published: five ""different"" s"
767,#557 #575 #576 #577 #579 #580 #582 #583 #585 #586 #587,True,"三种,规格,规格曲线",10,"- **A thirteenth, and the answerable version of the question the sexual items could not ca"
769,#558 #588 #589 #590 #591 #592 #593,True,"三种,网格,规格",4,"- **A fourteenth, and it is the last question this claim had not been asked: her sexual mo"
771,#528 #635 #638 #639 #714,True,"三种,网格,规格",4,"- **A fifteenth, and it narrows the warning attached to the fifth: what the ethnographer's"
773,#640,True,,1,"- **A sixteenth, and it qualifies the sixth rather than overturning it: a ""strict society"""
775,#528 #529 #635 #639 #641,True,"三种,每一格,网格",5,"- **A seventeenth, and it is the question the sixteenth asked and could not answer: the bo"
777,#642,True,四种,1,"- **An eighteenth, and it is the step I deliberately built so that the outcome I did not w"
779,#643,True,四种,0,"- **A nineteenth, and it is something I cannot answer, so what is written down is its shap"
781,#644,True,,1,"- **A twentieth, and it closes an arc rather than adding a finding: the right unit for *ho"
783,#645,True,扫描,1,"- **A twenty-first, and it is a *cannot*: not one of the five instruments this work can re"
785,#646,True,,1,"- **A twenty-second, and it is an UNVERIFIED: carrying the society-side contrast over to p"
787,#647,True,,2,"- **A twenty-third, and it is the second UNVERIFIED on one question, so this line changes "
789,#648,True,"网格,规格",1,"- **A twenty-fourth, and it is a bet I placed the wrong way: purity is not only the tighte"
791,#649,True,,1,"- **A twenty-fifth, and it turns the ninth from a direction into a magnitude: the same wom"
793,#650,True,"规格,规格曲线",1,"- **A twenty-sixth, and it overturns the 4.7× I wrote one round ago: her three judgements "
795,#651,True,网格,1,"- **A twenty-seventh, and it is an UNVERIFIED whose only reportable content is a mechanism"
797,#652,True,三种,2,"- **A twenty-eighth, and it is the second bet I placed the wrong way: the domain boundarie"
799,#542 #650 #653 #676 #713 #715 #716 #717 #718 #720 #731 #734 #739 #740 #741 #742 #743,True,"三种,四种,网格",17,"- **A twenty-ninth, and it restates the purity result in a different key: purity is not me"
800,#542 #650 #653 #676 #713 #715 #716 #717 #718 #720 #731 #734 #739 #740 #741 #742 #743,True,"三种,四种,网格",17,> ⚠⚠ **And the last obvious rival was cut away too: it is not older cohorts leaving and yo
803,#542 #650 #653 #676 #713 #715 #716 #717 #718 #720 #731 #734 #739 #740 #741 #742 #743,True,"三种,四种,网格",17,"> **the typical pair moves +0.00001, which is to say not at all** — **so there is no gener"
804,#542 #650 #653 #676 #713 #715 #716 #717 #718 #720 #731 #734 #739 #740 #741 #742 #743,True,"三种,四种,网格",17,> while `premarsx × homosex`'s +0.00672 **ranks 2nd of 253**.
805,#542 #650 #653 #676 #713 #715 #716 #717 #718 #720 #731 #734 #739 #740 #741 #742 #743,True,"三种,四种,网格",17,> `homosex` against the **19 non-sexual items** has a median of **−0.00025** (−7% of the s
806,#542 #650 #653 #676 #713 #715 #716 #717 #718 #720 #731 #734 #739 #740 #741 #742 #743,True,"三种,四种,网格",17,> **abortion −0.00445 · spending −0.00220 · police 0.00000 · suicide +0.00033 · gender rol
808,#542 #650 #653 #676 #713 #715 #716 #717 #718 #720 #731 #734 #739 #740 #741 #742 #743,True,"三种,四种,网格",17,> ⛔ ~~And one detail that has to be named: of the three sexual items `xmarsex` gains only 
810,#542 #650 #653 #676 #713 #715 #716 #717 #718 #720 #731 #734 #739 #740 #741 #742 #743,True,"三种,四种,网格",17,> **`premarsx×homosex` +0.00581 · `xmarsex×homosex` +0.00574 · `teensex×homosex` +0.00688 
811,#542 #650 #653 #676 #713 #715 #716 #717 #718 #720 #731 #734 #739 #740 #741 #742 #743,True,"三种,四种,网格",17,> Meanwhile that pair's ceiling fell from **0.947 to 0.558** over the same years — **the +
816,#738 #745 #747,True,网格,4,"⚠ Two shrinkages: GSS is a **repeated cross-section, not a panel** ⇒ this is about *Americ"
818,#691 #745 #746,True,,4,"⚠⚠ **And the last question was *who*, and the answer is the counter-intuitive one.** Split"
820,#716 #718 #730 #731 #732 #735,True,"三种,四种",7,⚠ Three things must be said together: ① **this is still an upper bound** — the retest runs
822,#654,True,,1,"- **A thirtieth, and it is a *cannot* plus a mechanism: in the questionnaire that divides "
824,#655,True,,1,"- **A thirty-first, and it is an UNVERIFIED with no sentence about people in it — because "
826,#659,True,,1,"- **A thirty-second, and it is an UNVERIFIED whose only surviving content is a limit: once"
828,#660,False,,0,"- **A thirty-third, and it is the first sentence about people in this stretch: in the same"
830,#661,True,,1,"- **A thirty-fourth, which demotes the thirty-third, and what killed it was my own check i"
832,#662,True,,1,"- **A thirty-fifth, and what it corrects is a number I left behind myself one round ago: """
834,#663,True,,1,"- **A thirty-sixth, and it closes this line: people say something different to a person th"
836,#664,True,,1,"- **A thirty-seventh, and it prices everything else on this page: 73% of what is said here"
838,#665,True,,1,"- **A thirty-eighth, the first positive result in this stretch and the fourth bet I placed"
840,#666,True,规格,1,"- **A thirty-ninth, and it rescues the previous one from being a possible tautology: how m"
842,#667,False,,0,"- **A fortieth, which replicates this page's headline shape on a second coding and simulta"
848,#670,True,规格,0,"- **A forty-third, an UNVERIFIED whose only reportable content is a direction: the older a"
850,#671,True,规格,1,"- **A forty-fourth, which turns a finding that looked like it was about sex into one about"
852,#672 #673 #674 #675 #676 #677 #678 #679 #680 #681 #682 #683 #684 #685 #686 #687 #688 #689 #690 #691 #692 #693 #694 #695 #696 #697 #698 #699 #700 #701 #702 #703 #704 #705 #709,True,"grid,四种,网格",30,"- **A forty-fifth, and it withdraws a name I gave one round ago: the ""response-coherence t"
853,#672 #673 #674 #675 #676 #677 #678 #679 #680 #681 #682 #683 #684 #685 #686 #687 #688 #689 #690 #691 #692 #693 #694 #695 #696 #697 #698 #699 #700 #701 #702 #703 #704 #705 #709,True,"grid,四种,网格",30,"- **A forty-sixth, and what dies here is not a psychological conclusion but the ruler I me"
854,#672 #673 #674 #675 #676 #677 #678 #679 #680 #681 #682 #683 #684 #685 #686 #687 #688 #689 #690 #691 #692 #693 #694 #695 #696 #697 #698 #699 #700 #701 #702 #703 #704 #705 #709,True,"grid,四种,网格",30,"- **A forty-seventh, and the first claim on this page that carries a positive result and a"
855,#672 #673 #674 #675 #676 #677 #678 #679 #680 #681 #682 #683 #684 #685 #686 #687 #688 #689 #690 #691 #692 #693 #694 #695 #696 #697 #698 #699 #700 #701 #702 #703 #704 #705 #709,True,"grid,四种,网格",30,"- **A forty-eighth, and what kills the ""it is just growing more permissive"" explanation is"
856,#672 #673 #674 #675 #676 #677 #678 #679 #680 #681 #682 #683 #684 #685 #686 #687 #688 #689 #690 #691 #692 #693 #694 #695 #696 #697 #698 #699 #700 #701 #702 #703 #704 #705 #709,True,"grid,四种,网格",30,"- **A forty-ninth, and it is the confound I preregistered one entry earlier, coming back h"
857,#672 #673 #674 #675 #676 #677 #678 #679 #680 #681 #682 #683 #684 #685 #686 #687 #688 #689 #690 #691 #692 #693 #694 #695 #696 #697 #698 #699 #700 #701 #702 #703 #704 #705 #709,True,"grid,四种,网格",30,"- **A fiftieth, and it raises the sturdiest claim on this page while shrinking one I had r"
858,#672 #673 #674 #675 #676 #677 #678 #679 #680 #681 #682 #683 #684 #685 #686 #687 #688 #689 #690 #691 #692 #693 #694 #695 #696 #697 #698 #699 #700 #701 #702 #703 #704 #705 #709,True,"grid,四种,网格",30,"- **A fifty-first, and what caught it was not me but a rule I had written down: a conclusi"
859,#672 #673 #674 #675 #676 #677 #678 #679 #680 #681 #682 #683 #684 #685 #686 #687 #688 #689 #690 #691 #692 #693 #694 #695 #696 #697 #698 #699 #700 #701 #702 #703 #704 #705 #709,True,"grid,四种,网格",30,"- **A fifty-second, and it withdraws the withdrawal: the previous entry declared the mecha"
860,#672 #673 #674 #675 #676 #677 #678 #679 #680 #681 #682 #683 #684 #685 #686 #687 #688 #689 #690 #691 #692 #693 #694 #695 #696 #697 #698 #699 #700 #701 #702 #703 #704 #705 #709,True,"grid,四种,网格",30,"- **A fifty-third, which demotes its own predecessor and trades it for something cleaner: "
861,#672 #673 #674 #675 #676 #677 #678 #679 #680 #681 #682 #683 #684 #685 #686 #687 #688 #689 #690 #691 #692 #693 #694 #695 #696 #697 #698 #699 #700 #701 #702 #703 #704 #705 #709,True,"grid,四种,网格",30,"- **A fifty-fourth, and it withdraws the control I had written at the end of the previous "
862,#672 #673 #674 #675 #676 #677 #678 #679 #680 #681 #682 #683 #684 #685 #686 #687 #688 #689 #690 #691 #692 #693 #694 #695 #696 #697 #698 #699 #700 #701 #702 #703 #704 #705 #709,True,"grid,四种,网格",30,"- **A fifty-fifth, the first test on this line that could genuinely have forced the whole "
863,#672 #673 #674 #675 #676 #677 #678 #679 #680 #681 #682 #683 #684 #685 #686 #687 #688 #689 #690 #691 #692 #693 #694 #695 #696 #697 #698 #699 #700 #701 #702 #703 #704 #705 #709,True,"grid,四种,网格",30,"- **A fifty-sixth, in which three of my own gates turned out to be broken — the third of t"
864,#672 #673 #674 #675 #676 #677 #678 #679 #680 #681 #682 #683 #684 #685 #686 #687 #688 #689 #690 #691 #692 #693 #694 #695 #696 #697 #698 #699 #700 #701 #702 #703 #704 #705 #709,True,"grid,四种,网格",30,"- **A fifty-seventh, in which the criterion was fixed by the previous entry before the run"
865,#672 #673 #674 #675 #676 #677 #678 #679 #680 #681 #682 #683 #684 #685 #686 #687 #688 #689 #690 #691 #692 #693 #694 #695 #696 #697 #698 #699 #700 #701 #702 #703 #704 #705 #709,True,"grid,四种,网格",30,"- **A fifty-eighth, and it folds the eleven before it into a single sentence: the more edu"
866,#672 #673 #674 #675 #676 #677 #678 #679 #680 #681 #682 #683 #684 #685 #686 #687 #688 #689 #690 #691 #692 #693 #694 #695 #696 #697 #698 #699 #700 #701 #702 #703 #704 #705 #709,True,"grid,四种,网格",30,"- **A fifty-ninth, and it is the result I wrote down in advance as the one I would not wan"
867,#672 #673 #674 #675 #676 #677 #678 #679 #680 #681 #682 #683 #684 #685 #686 #687 #688 #689 #690 #691 #692 #693 #694 #695 #696 #697 #698 #699 #700 #701 #702 #703 #704 #705 #709,True,"grid,四种,网格",30,"- **A sixtieth, the one test on this line capable of demoting its own twelve rounds wholes"
868,#672 #673 #674 #675 #676 #677 #678 #679 #680 #681 #682 #683 #684 #685 #686 #687 #688 #689 #690 #691 #692 #693 #694 #695 #696 #697 #698 #699 #700 #701 #702 #703 #704 #705 #709,True,"grid,四种,网格",30,"- **A sixty-first, half a registration of something structurally impossible and half the s"
869,#672 #673 #674 #675 #676 #677 #678 #679 #680 #681 #682 #683 #684 #685 #686 #687 #688 #689 #690 #691 #692 #693 #694 #695 #696 #697 #698 #699 #700 #701 #702 #703 #704 #705 #709,True,"grid,四种,网格",30,"- **A sixty-second, the last attempt the rules allowed, with the criterion fixed in advanc"
870,#672 #673 #674 #675 #676 #677 #678 #679 #680 #681 #682 #683 #684 #685 #686 #687 #688 #689 #690 #691 #692 #693 #694 #695 #696 #697 #698 #699 #700 #701 #702 #703 #704 #705 #709,True,"grid,四种,网格",30,"- **A sixty-third, whose real product is not the psychological conclusion but something ab"
871,#672 #673 #674 #675 #676 #677 #678 #679 #680 #681 #682 #683 #684 #685 #686 #687 #688 #689 #690 #691 #692 #693 #694 #695 #696 #697 #698 #699 #700 #701 #702 #703 #704 #705 #709,True,"grid,四种,网格",30,"- **A sixty-fourth, a closure round, and its sentence is about how I speak: ""the homosexua"
872,#672 #673 #674 #675 #676 #677 #678 #679 #680 #681 #682 #683 #684 #685 #686 #687 #688 #689 #690 #691 #692 #693 #694 #695 #696 #697 #698 #699 #700 #701 #702 #703 #704 #705 #709,True,"grid,四种,网格",30,"- **A sixty-fifth, another closure round, and it has no sentence about people — I will not"
874,#672 #673 #674 #675 #676 #677 #678 #679 #680 #681 #682 #683 #684 #685 #686 #687 #688 #689 #690 #691 #692 #693 #694 #695 #696 #697 #698 #699 #700 #701 #702 #703 #704 #705 #709,True,"grid,四种,网格",30,"- **A sixty-seventh, another closure round, and it turns an ugly fact into a visible mark "
875,#672 #673 #674 #675 #676 #677 #678 #679 #680 #681 #682 #683 #684 #685 #686 #687 #688 #689 #690 #691 #692 #693 #694 #695 #696 #697 #698 #699 #700 #701 #702 #703 #704 #705 #709,True,"grid,四种,网格",30,"- **A sixty-eighth, back to the object after four rounds spent taking my own work apart — "
876,#672 #673 #674 #675 #676 #677 #678 #679 #680 #681 #682 #683 #684 #685 #686 #687 #688 #689 #690 #691 #692 #693 #694 #695 #696 #697 #698 #699 #700 #701 #702 #703 #704 #705 #709,True,"grid,四种,网格",30,"- **A sixty-ninth, and it is the outcome I had written down as the one I did not want, and"
877,#672 #673 #674 #675 #676 #677 #678 #679 #680 #681 #682 #683 #684 #685 #686 #687 #688 #689 #690 #691 #692 #693 #694 #695 #696 #697 #698 #699 #700 #701 #702 #703 #704 #705 #709,True,"grid,四种,网格",30,"- **A seventieth, and it completes the previous entry's bad news into a whole sentence: th"
878,#672 #673 #674 #675 #676 #677 #678 #679 #680 #681 #682 #683 #684 #685 #686 #687 #688 #689 #690 #691 #692 #693 #694 #695 #696 #697 #698 #699 #700 #701 #702 #703 #704 #705 #709,True,"grid,四种,网格",30,"- **A seventy-first, and it gives the one surviving society-side structure its shape: how "
879,#672 #673 #674 #675 #676 #677 #678 #679 #680 #681 #682 #683 #684 #685 #686 #687 #688 #689 #690 #691 #692 #693 #694 #695 #696 #697 #698 #699 #700 #701 #702 #703 #704 #705 #709,True,"grid,四种,网格",30,"- **A seventy-second, and it is the step that joins this project's actual question to the "
880,#672 #673 #674 #675 #676 #677 #678 #679 #680 #681 #682 #683 #684 #685 #686 #687 #688 #689 #690 #691 #692 #693 #694 #695 #696 #697 #698 #699 #700 #701 #702 #703 #704 #705 #709,True,"grid,四种,网格",30,"- **A seventy-third, recorded UNVERIFIED, and the failure itself is the heaviest informati"
881,#672 #673 #674 #675 #676 #677 #678 #679 #680 #681 #682 #683 #684 #685 #686 #687 #688 #689 #690 #691 #692 #693 #694 #695 #696 #697 #698 #699 #700 #701 #702 #703 #704 #705 #709,True,"grid,四种,网格",30,"- **A seventy-fourth, measuring how much eyesight this line has left: the society side see"
882,#672 #673 #674 #675 #676 #677 #678 #679 #680 #681 #682 #683 #684 #685 #686 #687 #688 #689 #690 #691 #692 #693 #694 #695 #696 #697 #698 #699 #700 #701 #702 #703 #704 #705 #709,True,"grid,四种,网格",30,"- **A seventy-fifth, answering a question nobody had asked: why has E01's relation never b"
884,#672 #673 #674 #675 #676 #677 #678 #679 #680 #681 #682 #683 #684 #685 #686 #687 #688 #689 #690 #691 #692 #693 #694 #695 #696 #697 #698 #699 #700 #701 #702 #703 #704 #705 #709,True,"grid,四种,网格",30,"- **A seventy-seventh, a closure round whose product is a distinction rather than an effec"
885,#672 #673 #674 #675 #676 #677 #678 #679 #680 #681 #682 #683 #684 #685 #686 #687 #688 #689 #690 #691 #692 #693 #694 #695 #696 #697 #698 #699 #700 #701 #702 #703 #704 #705 #709,True,"grid,四种,网格",30,"- **A seventy-eighth, which takes an old conclusion that never had a null, supplies one, a"
890,#526,True,"规格,规格曲线",1,Every claim above carries the ledger entry it came from. A check verifies that the anchore
900,#64 #67 #69 #70 #82 #86 #87 #88 #99 #102 #115,True,grid,22,"| ""Domain-general beats domain-specific, 186/276"" | **Inverted: 0 general / 201 specific**"
901,#64 #67 #69 #70 #82 #86 #87 #88 #99 #102 #115,True,grid,22,"| ""The three components are the same size (in predictability), 1.05×"" | **Withdrawn** | Su"
904,#64 #67 #69 #70 #82 #86 #87 #88 #99 #102 #115,True,grid,22,"| ""The trait tracks earlier acquisition age"" | **Withdrawn** | −0.030 against a null of −0"
913,#69 #89 #91 #105 #120 #122 #338 #339 #343,True,,14,| See structure carried by ≤30% of people (variance-explained methods) | 5% carriers at **
915,#69 #89 #91 #105 #120 #122 #338 #339 #343,True,,14,| Distinguish memory becoming blurry from a story becoming settled | Real curvature is **0
918,#69 #89 #91 #105 #120 #122 #338 #339 #343,True,,14,| Recover presentation-order primacy | The release exports multiselect answers **alphabeti
921,#69 #89 #91 #105 #120 #122 #338 #339 #343,True,,14,| **Say what makes some interests carry more shame than their rarity predicts** | Across t
923,#20 #169,True,"specification,规格",2,**And a transferable methodological result — but a much smaller one than I first published
929,(无引用),False,,0,"ratings; it is 101 multiselect columns exploding to **1,332 options over 15,468 people**. "
930,(无引用),False,,0,to every block is gated on a parent rating: **P(enter | parent > 0) = 0.99**. This is
932,(无引用),False,,0,conditioned on liking the parent category. Person-profile split-half reliability **0.727**
933,(无引用),False,,0,item base-rate reliability **0.999**. The noise injection did not destroy individual signa
936,#25,True,,1,instruments could not see it. PC1-vs-PC1 gave 0.064 (retraction #2); held-out CCA gave 0.2
937,#25,True,,1,"0.055 floor; leave-one-block-out gave **32/32 blocks positive**, median gain +0.0340 again"
946,#24 #141 #143 #321,True,,3,"**[DOWNGRADED — RETRACTIONS #24, re-affirmed #143]** ""three near-independent axes / effect"
949,#22 #49 #50 #358,True,,4,"population-shared schedule (content-like early: appearance 14.0, body parts 14.4, clothing"
950,#22 #49 #50 #358,True,,4,"relational late: power dynamics 16.8, bondage 16.9, mental alteration 17.0). **[SURVIVES F"
951,#22 #49 #50 #358,True,,4,"(−0.126 — **[VERIFICATION — see RETRACTIONS #16]**, published as `01-age-onset` Finding 1)"
952,#22 #49 #50 #358,True,,4,280 pairs sharing no content word vs 0.646 for 64 that do). **[CONFIRMED — RETRACTIONS #22
956,#20 #34,True,"grid,specification",2,**One split's group comparison on this release was partly measuring survey coverage**: blo
960,#20 #34,True,"grid,specification",2,**The hazard is theirs; one correction on one split is mine; the law was nobody's (`#20`).
962,#26 #144,True,,2,"**[R06 · induction](A06_induction)** — the retrospective induction claim, its two absent s"
964,#26,True,,1,**[R07 · breadth](A07_breadth)** — Quantity without shape. A person's set is only **0.88%*
965,#26,True,,1,concentrated in coordinate space than a size-matched base-rate set — negligible. ⚠ **That 
968,#17,True,"grid,specification",0,variables jointly: **R² = 0.012**. **[PARTLY RETRACTED — see RETRACTIONS #17]** That held 
971,(无引用),False,,0,"(rho 0.17) *and* independently with the coordinates (**0.0439** after matching coverage, b"
972,(无引用),False,,0,and sex — 3.6× the neuroticism reference). Direction is unavailable; this is exactly what 
976,(无引用),False,,0,"substance boundary it meets (+0.24 to +0.58) **except source gender, where it is +0.017**."
985,#60 #61 #64,True,"across .{0,12}seeds",5,**[RETRACTIONS #60]** `increment = 0.00723 × √(source domains)` — CV **6.4%** across n=1…3
986,#60 #61 #64,True,"across .{0,12}seeds",5,"for log and 51.9% for linear (`#60`), with a permuted-label null of exactly 0.0000 at ever"
987,#60 #61 #64,True,"across .{0,12}seeds",5,"**fixed total respondent-rows more blocks is worse**: n=8 gives 0.0042, n=16 gives 0.0028,"
990,#60 #61 #64,True,"across .{0,12}seeds",5,"0.06 needs 69 domains, 0.08 needs 122, 0.10 needs 191 — extrapolated beyond the measured r"
995,#49 #59,True,,2,controls: **cross-block factors +0.0409** (fitted on 31 *other* blocks) and **within-block
996,#49 #59,True,,2,"+0.0290**, combined **+0.0606** (`#59`). The aggregate cross-domain signal is the *larger*"
1002,#57 #58,True,,2,"item-neighbour structure recovers **+0.0206** held-out R² over a marginals base, against t"
1003,#57 #58,True,,2,factors' **+0.0289** and a random-neighbour control's **+0.0006** — **71% of the person ma
1004,#57 #58,True,,2,"578,989 held-out cells. **[#58]** Fitted jointly, the two are **67% the same structure**: "
1008,(无引用),False,,0,"Every assertion the second half added, with the unit it holds at, the instrument it routes"
1012,#528 #529 #530 #531 #532 #533 #534 #535 #536 #539 #540 #542 #573 #574 #581,True,"三种,四种,扫描",13,| Rarer is more condemned — in one of five cells `[#528「不是关于做法的定律」]` | society | SCCS / Br
1013,#528 #529 #530 #531 #532 #533 #534 #535 #536 #539 #540 #542 #573 #574 #581,True,"三种,四种,扫描",13,"| No ""strict society"" `[#529「最有力的那一对,几乎是零」]` | society | same | 26–90 societies per pair |"
1014,#528 #529 #530 #531 #532 #533 #534 #535 #536 #539 #540 #542 #573 #574 #581,True,"三种,四种,扫描",13,"| …and that is *indistinguishable from*, not *below*, the instrument's own coupling `[#530"
1015,#528 #529 #530 #531 #532 #533 #534 #535 #536 #539 #540 #542 #573 #574 #581,True,"三种,四种,扫描",13,| The practice assignment is not load-bearing `[#531「指派不是承重墙」]` | society | same | 3 schem
1016,#528 #529 #530 #531 #532 #533 #534 #535 #536 #539 #540 #542 #573 #574 #581,True,"三种,四种,扫描",13,"| …and that ""indistinguishable"" cannot be sharpened `[#573「余量不存在」]` | society | same | 18 "
1018,#528 #529 #530 #531 #532 #533 #534 #535 #536 #539 #540 #542 #573 #574 #581,True,"三种,四种,扫描",13,| …and a longer window stops being a test `[#533「长滞后不是分离器」]` | decade | same | 6–18 year w
1019,#528 #529 #530 #531 #532 #533 #534 #535 #536 #539 #540 #542 #573 #574 #581,True,"三种,四种,扫描",13,"| One ruler at the person level `[#534「三个单位,三个答案」]` | person | GSS, within year | 30 surve"
1020,#528 #529 #530 #531 #532 #533 #534 #535 #536 #539 #540 #542 #573 #574 #581,True,"三种,四种,扫描",13,| …of which format explains 13–45% `[#535「格式解释掉一部分」]` | person | same | same | excess +0.1
1021,#528 #529 #530 #531 #532 #533 #534 #535 #536 #539 #540 #542 #573 #574 #581,True,"三种,四种,扫描",13,| Sexual morality is tighter than family morality `[#536「性比家庭更紧」]` | person | NSFG 2011–13
1022,#528 #529 #530 #531 #532 #533 #534 #535 #536 #539 #540 #542 #573 #574 #581,True,"三种,四种,扫描",13,| Already formed at 15; family morality still tightening at 44 `[#539「一个在十五岁就已经成形」]` | per
1023,#528 #529 #530 #531 #532 #533 #534 #535 #536 #539 #540 #542 #573 #574 #581,True,"三种,四种,扫描",13,"| Men sit close to women `[#540「波之间做不到」]` | person × sex | NSFG 2017–19 | 5,177 men, 6,115"
1024,#528 #529 #530 #531 #532 #533 #534 #535 #536 #539 #540 #542 #573 #574 #581,True,"三种,四种,扫描",13,"| ""One block"" is scale-dependent — and this row is a verification `[#542「面内高于面间」]` | perso"
1041,#595,True,"扫描,规格",0,"| Nobody was ever asked twice, so ""people changed"" and ""people were replaced"" can never be"
1043,#561,True,规格,1,"One of those five rows was then attacked with the data already here, on the theory that th"
1047,#567 #568 #569,True,"三种,扫描,规格",2,"⚠ And a sixth row belongs in it, found by scanning for a third way of asking: in this whol"
1064,#594,True,"三种,规格",1,| 1 | Sexual attitudes are a bridge: they reach further into other moral judgements than t
1065,#594,True,"三种,规格",1,| 2 | **Swap the comparison group** for three domains spanning loose-to-tight | The cross 
1066,#594,True,"三种,规格",1,| 3 | Then it is a constant: sexual position predicts any other moral position at ~0.19–0.
1067,#594,True,"三种,规格",1,| 4 | **Partial out the two explanations that would make it dull** — political self-rating
1068,#594,True,"三种,规格",1,"| 5 | **Drop each item in turn; then plot it by year** | No item carries it (max 15.7%), a"
1069,#594,True,"三种,规格",1,| 6 | **Split by age band × birth cohort; then re-band three ways** | Both margins rise (+
1110,(无引用),False,,0,`.venv` (system python 3.14 has no `ensurepip`; pip was bootstrapped).
