v_sent,refs,has_置换分位数,has_MDE/CI,has_正对照灵敏度,full
"The strongest available pair (premarital × extramarital, n = 90) gives **+0.086**; the m",(无),False,False,False,False
Purity is the tightest — twice the next — > not the only one.** (Entry 653 · 716) > ⚠ At,#720,True,False,True,False
**I compared a between-group quantity against a within-group ceiling.** > ⇒ What stands:,#720,True,False,True,False
⚠ The one that dropped is exactly the facet `#720` found sitting on its own null at 1.02,#720,True,False,True,False
- face-to-face **0.7051** against web **0.5951** (2022) · **0.7917** against **0.6057** ,(无),False,False,False,False
"Correctly oriented, the sexual items are not twelve of twelve but **10/12**; resampling ",(无),False,False,False,False
⚠⚠ **And every normalised number on this page is an under-estimate — measured in a synth,#542 #607 #617 #618 #623 #653 #676 #716 #717 #718 #720 #721 #737 #747 #749 #750 #754 #762 #776 #779 #781 #782 #783 #785 #786 #787 #791 #797 #799 #806,True,True,True,True
"⚠ **And even composed it still under-estimates by 9.5%, because four-category discretisa",#542 #607 #617 #618 #623 #653 #676 #716 #717 #718 #720 #721 #737 #747 #749 #750 #754 #762 #776 #779 #781 #782 #783 #785 #786 #787 #791 #797 #799 #806,True,True,True,True
⚠ **But the *magnitudes* in that simulation do not transfer to this page — only the dire,#542 #607 #617 #618 #623 #653 #676 #716 #717 #718 #720 #721 #737 #747 #749 #750 #754 #762 #776 #779 #781 #782 #783 #785 #786 #787 #791 #797 #799 #806,True,True,True,True
The pre-registered mechanism check passed (mixed 4×5 ceiling 0.9544 < same-category 0.99,#542 #607 #617 #618 #623 #653 #676 #716 #717 #718 #720 #721 #737 #747 #749 #750 #754 #762 #776 #779 #781 #782 #783 #785 #786 #787 #791 #797 #799 #806,True,True,True,True
"⚠ **That denominator is itself an estimate, so how much it wobbles has been measured**: ",#542 #607 #617 #618 #623 #653 #676 #716 #717 #718 #720 #721 #737 #747 #749 #750 #754 #762 #776 #779 #781 #782 #783 #785 #786 #787 #791 #797 #799 #806,True,True,True,True
"Measured, **only one kind bites**: at the same B = 4,000, a **permutation null's relativ",#542 #607 #617 #618 #623 #653 #676 #716 #717 #718 #720 #721 #737 #747 #749 #750 #754 #762 #776 #779 #781 #782 #783 #785 #786 #787 #791 #797 #799 #806,True,True,True,True
"⚠ **First, what it cannot do**: the four GSS items are **moral judgements about other pe",#542 #607 #617 #618 #623 #653 #676 #716 #717 #718 #720 #721 #737 #747 #749 #750 #754 #762 #776 #779 #781 #782 #783 #785 #786 #787 #791 #797 #799 #806,True,True,True,True
"**The result: all twenty facets clear their own null, median +0.4809 = 2.62× it; while f",#542 #607 #617 #618 #623 #653 #676 #716 #717 #718 #720 #721 #737 #747 #749 #750 #754 #762 #776 #779 #781 #782 #783 #785 #786 #787 #791 #797 #799 #806,True,True,True,True
⚠ **The single facet sitting on its null is the tenth** — *I notice how others perceive ,#542 #607 #617 #618 #623 #653 #676 #716 #717 #718 #720 #721 #737 #747 #749 #750 #754 #762 #776 #779 #781 #782 #783 #785 #786 #787 #791 #797 #799 #806,True,True,True,True
"**And 1,786 of the 4,750 cross-facet pairs (38%) are negative** ⇒ by the rule `#607` alr",#542 #607 #617 #618 #623 #653 #676 #716 #717 #718 #720 #721 #737 #747 #749 #750 #754 #762 #776 #779 #781 #782 #783 #785 #786 #787 #791 #797 #799 #806,True,True,True,True
"Recomputed like for like it is **0.5856 against 0.5789, a gap of 0.0067** — **the conclu",#542 #607 #617 #618 #623 #653 #676 #716 #717 #718 #720 #721 #737 #747 #749 #750 #754 #762 #776 #779 #781 #782 #783 #785 #786 #787 #791 #797 #799 #806,True,True,True,True
The cross-facet half does not inherit it** — an author designing twenty distinct facets ,#542 #607 #617 #618 #623 #653 #676 #716 #717 #718 #720 #721 #737 #747 #749 #750 #754 #762 #776 #779 #781 #782 #783 #785 #786 #787 #791 #797 #799 #806,True,True,True,True
⚠ **And this page's oldest education claim does not move under the new tools — for a str,#542 #607 #617 #618 #623 #653 #676 #716 #717 #718 #720 #721 #737 #747 #749 #750 #754 #762 #776 #779 #781 #782 #783 #785 #786 #787 #791 #797 #799 #806,True,True,True,True
Recomputed with `#718`'s optimal signs: **sexual four Δ greedy +0.1837 / optimal +0.1837,#542 #607 #617 #618 #623 #653 #676 #716 #717 #718 #720 #721 #737 #747 #749 #750 #754 #762 #776 #779 #781 #782 #783 #785 #786 #787 #791 #797 #799 #806,True,True,True,True
"**All 91,380 same-pool same-k blocks enumerated as the null (q95 0.1537); all ten traits",#542 #607 #617 #618 #623 #653 #676 #716 #717 #718 #720 #721 #737 #747 #749 #750 #754 #762 #776 #779 #781 #782 #783 #785 #786 #787 #791 #797 #799 #806,True,True,True,True
"The double standard is an offset, not a seam.** ⚠ And that cross-team arm has an arm of ",#542 #607 #617 #618 #623 #653 #676 #716 #717 #718 #720 #721 #737 #747 #749 #750 #754 #762 #776 #779 #781 #782 #783 #785 #786 #787 #791 #797 #799 #806,True,True,True,True
"The discovery is the discriminant half: obedience, industry and self-restraint, the *gen",#542 #607 #617 #618 #623 #653 #676 #716 #717 #718 #720 #721 #737 #747 #749 #750 #754 #762 #776 #779 #781 #782 #783 #785 #786 #787 #791 #797 #799 #806,True,True,True,True
"⚠⚠ **The next round put that sentence to a stronger standard: not a ranking, but explici",#542 #607 #617 #618 #623 #653 #676 #716 #717 #718 #720 #721 #737 #747 #749 #750 #754 #762 #776 #779 #781 #782 #783 #785 #786 #787 #791 #797 #799 #806,True,True,True,True
The nine non-sexual traits' own bivariate ceiling is **+0.3030** ⇒ **the partialled sexu,#542 #607 #617 #618 #623 #653 #676 #716 #717 #718 #720 #721 #737 #747 #749 #750 #754 #762 #776 #779 #781 #782 #783 #785 #786 #787 #791 #797 #799 #806,True,True,True,True
⚠ **The claim's reach is narrower than it sounds**: what the person level removed is dis,#542 #607 #617 #618 #623 #653 #676 #716 #717 #718 #720 #721 #737 #747 #749 #750 #754 #762 #776 #779 #781 #782 #783 #785 #786 #787 #791 #797 #799 #806,True,True,True,True
"On a second person-level instrument (MFQ, n=7267): **ρ(sex, general morality) = +0.3161,",#542 #607 #617 #618 #623 #653 #676 #716 #717 #718 #720 #721 #737 #747 #749 #750 #754 #762 #776 #779 #781 #782 #783 #785 #786 #787 #791 #797 #799 #806,True,True,True,True
**Asking whether sex is its own line requires first naming who stands on the other side ,#542 #607 #617 #618 #623 #653 #676 #716 #717 #718 #720 #721 #737 #747 #749 #750 #754 #762 #776 #779 #781 #782 #783 #785 #786 #787 #791 #797 #799 #806,True,True,True,True
"And the costs, taken apart: **obedience alone +0.0783, responsibility alone +0.0046, the",#542 #607 #617 #618 #623 #653 #676 #716 #717 #718 #720 #721 #737 #747 #749 #750 #754 #762 #776 #779 #781 #782 #783 #785 #786 #787 #791 #797 #799 #806,True,True,True,True
Cut them apart: **partialling out ingroup leaves chastity×authority at 63.6% (14.0× its ,#542 #607 #617 #618 #623 #653 #676 #716 #717 #718 #720 #721 #737 #747 #749 #750 #754 #762 #776 #779 #781 #782 #783 #785 #786 #787 #791 #797 #799 #806,True,True,True,True
"⇒ Taking both arms together: **the society level is ""obedience alone"", the person level ",#542 #607 #617 #618 #623 #653 #676 #716 #717 #718 #720 #721 #737 #747 #749 #750 #754 #762 #776 #779 #781 #782 #783 #785 #786 #787 #791 #797 #799 #806,True,True,True,True
**The care-and-harm end sits near zero on all three.** ⚠ And `thnkself` coming second ev,#542 #607 #617 #618 #623 #653 #676 #716 #717 #718 #720 #721 #737 #747 #749 #750 #754 #762 #776 #779 #781 #782 #783 #785 #786 #787 #791 #797 #799 #806,True,True,True,True
"⚠⚠ **But −0.1295 must not be read as ""which one leads""** — its own null's 95th percentil",#542 #607 #617 #618 #623 #653 #676 #716 #717 #718 #720 #721 #737 #747 #749 #750 #754 #762 #776 #779 #781 #782 #783 #785 #786 #787 #791 #797 #799 #806,True,True,True,True
"⚠ Worth stating precisely: the detrended residual sd is 2.53–3.11× the sampling se, so *",#542 #607 #617 #618 #623 #653 #676 #716 #717 #718 #720 #721 #737 #747 #749 #750 #754 #762 #776 #779 #781 #782 #783 #785 #786 #787 #791 #797 #799 #806,True,True,True,True
"⚠⚠ **One strong rival explanation had still never been tested, and the arc could not pro",#542 #607 #617 #618 #623 #653 #676 #716 #717 #718 #720 #721 #737 #747 #749 #750 #754 #762 #776 #779 #781 #782 #783 #785 #786 #787 #791 #797 #799 #806,True,True,True,True
"**That is a positive outcome I would not welcome, which is exactly why it had to be test",#542 #607 #617 #618 #623 #653 #676 #716 #717 #718 #720 #721 #737 #747 #749 #750 #754 #762 #776 #779 #781 #782 #783 #785 #786 #787 #791 #797 #799 #806,True,True,True,True
"Politics does explain something — **−0.0332, which is 594.5× its own spread, genuinely r",#542 #607 #617 #618 #623 #653 #676 #716 #717 #718 #720 #721 #737 #747 #749 #750 #754 #762 #776 #779 #781 #782 #783 #785 #786 #787 #791 #797 #799 #806,True,True,True,True
"The left skew is real (mean 2.87 against ≈4), but that is skew, not range.",#542 #607 #617 #618 #623 #653 #676 #716 #717 #718 #720 #721 #737 #747 #749 #750 #754 #762 #776 #779 #781 #782 #783 #785 #786 #787 #791 #797 #799 #806,True,True,True,True
"**⇒ With politics gone, sex and care-and-fairness are unrelated rather than in tension —",#542 #607 #617 #618 #623 #653 #676 #716 #717 #718 #720 #721 #737 #747 #749 #750 #754 #762 #776 #779 #781 #782 #783 #785 #786 #787 #791 #797 #799 #806,True,True,True,True
"⇒ **Of the link between policing other people's sex and wanting children to obey, about ",#542 #607 #617 #618 #623 #653 #676 #716 #717 #718 #720 #721 #737 #747 #749 #750 #754 #762 #776 #779 #781 #782 #783 #785 #786 #787 #791 #797 #799 #806,True,True,True,True
"⚠ The three religion measures are correlated with one another (ρ(attendance, identificat",#542 #607 #617 #618 #623 #653 #676 #716 #717 #718 #720 #721 #737 #747 #749 #750 #754 #762 #776 #779 #781 #782 #783 #785 #786 #787 #791 #797 #799 #806,True,True,True,True
⚠⚠ **And a second instrument in the same round reversed the first two shares — while lea,#542 #607 #617 #618 #623 #653 #676 #716 #717 #718 #720 #721 #737 #747 #749 #750 #754 #762 #776 #779 #781 #782 #783 #785 #786 #787 #791 #797 #799 #806,True,True,True,True
"⇒ **The largest single ""explanation"" of the link between policing other people's sex and",#542 #607 #617 #618 #623 #653 #676 #716 #717 #718 #720 #721 #737 #747 #749 #750 #754 #762 #776 #779 #781 #782 #783 #785 #786 #787 #791 #797 #799 #806,True,True,True,True
"⚠ **And the honest form is an interval, not another point**: α under-estimates reliabili",#542 #607 #617 #618 #623 #653 #676 #716 #717 #718 #720 #721 #737 #747 #749 #750 #754 #762 #776 #779 #781 #782 #783 #785 #786 #787 #791 #797 #799 #806,True,True,True,True
"⚠ **That interval's upper end rested on Cronbach's α, which is unbiased only when all it",#542 #607 #617 #618 #623 #653 #676 #716 #717 #718 #720 #721 #737 #747 #749 #750 #754 #762 #776 #779 #781 #782 #783 #785 #786 #787 #791 #797 #799 #806,True,True,True,True
⚠⚠ **And what this round actually found is about the ledger: the α = 0.4804 written abov,#542 #607 #617 #618 #623 #653 #676 #716 #717 #718 #720 #721 #737 #747 #749 #750 #754 #762 #776 #779 #781 #782 #783 #785 #786 #787 #791 #797 #799 #806,True,True,True,True
⚠⚠ **And that mis-quote measured something more valuable in reverse**: the same religion,#542 #607 #617 #618 #623 #653 #676 #716 #717 #718 #720 #721 #737 #747 #749 #750 #754 #762 #776 #779 #781 #782 #783 #785 #786 #787 #791 #797 #799 #806,True,True,True,True
"Switching to lifetime partners: **9.1%, 4.8× the last-year figure**, landing inside poli",#542 #607 #617 #618 #623 #653 #676 #716 #717 #718 #720 #721 #737 #747 #749 #750 #754 #762 #776 #779 #781 #782 #783 #785 #786 #787 #791 #797 #799 #806,True,True,True,True
⚠⚠ **And the second arm carries a confound I did not write before the run and must state,#542 #607 #617 #618 #623 #653 #676 #716 #717 #718 #720 #721 #737 #747 #749 #750 #754 #762 #776 #779 #781 #782 #783 #785 #786 #787 #791 #797 #799 #806,True,True,True,True
"⇒ **Own lifetime sexual history explains [5.8%, 12.4%]; religion explains [33.3%, 46.7%]",#542 #607 #617 #618 #623 #653 #676 #716 #717 #718 #720 #721 #737 #747 #749 #750 #754 #762 #776 #779 #781 #782 #783 #785 #786 #787 #791 #797 #799 #806,True,True,True,True
"⚠⚠ **And that 5.8% lower bound was picked by me after the fact, not measured** — I decid",#542 #607 #617 #618 #623 #653 #676 #716 #717 #718 #720 #721 #737 #747 #749 #750 #754 #762 #776 #779 #781 #782 #783 #785 #786 #787 #791 #797 #799 #806,True,True,True,True
"**The intercept is 1.9% with a 95% interval of [−2.2%, 6.2%].** ⚠ **But the pre-register",#542 #607 #617 #618 #623 #653 #676 #716 #717 #718 #720 #721 #737 #747 #749 #750 #754 #762 #776 #779 #781 #782 #783 #785 #786 #787 #791 #797 #799 #806,True,True,True,True
"⚠⚠ **And across all five of those rounds I reported an ""explained share"" without once as",#542 #607 #617 #618 #623 #653 #676 #716 #717 #718 #720 #721 #737 #747 #749 #750 #754 #762 #776 #779 #781 #782 #783 #785 #786 #787 #791 #797 #799 #806,True,True,True,True
⇒ **The interaction is not a function of second moments — the first non-derivation quant,#542 #607 #617 #618 #623 #653 #676 #716 #717 #718 #720 #721 #737 #747 #749 #750 #754 #762 #776 #779 #781 #782 #783 #785 #786 #787 #791 #797 #799 #806,True,True,True,True
"⇒ **What is supported is that the interaction exists, not how large it is.** ⚠ And `prem",#542 #607 #617 #618 #623 #653 #676 #716 #717 #718 #720 #721 #737 #747 #749 #750 #754 #762 #776 #779 #781 #782 #783 #785 #786 #787 #791 #797 #799 #806,True,True,True,True
⚠⚠ **And the next round dissolved that disagreement entirely: the answer is not in the p,#542 #607 #617 #618 #623 #653 #676 #716 #717 #718 #720 #721 #737 #747 #749 #750 #754 #762 #776 #779 #781 #782 #783 #785 #786 #787 #791 #797 #799 #806,True,True,True,True
"⚠ The only item not at its ceiling is `premarsx` (endpoint 46.4%, sd **rising**, slope *",#542 #607 #617 #618 #623 #653 #676 #716 #717 #718 #720 #721 #737 #747 #749 #750 #754 #762 #776 #779 #781 #782 #783 #785 #786 #787 #791 #797 #799 #806,True,True,True,True
"⚠⚠ **And when the next round asked whether ""only extramarital sex sits still"" means genu",#542 #607 #617 #618 #623 #653 #676 #716 #717 #718 #720 #721 #737 #747 #749 #750 #754 #762 #776 #779 #781 #782 #783 #785 #786 #787 #791 #797 #799 #806,True,True,True,True
⚠ The positive control passed (a 3×-null slope planted into the 28-year series was recov,#542 #607 #617 #618 #623 #653 #676 #716 #717 #718 #720 #721 #737 #747 #749 #750 #754 #762 #776 #779 #781 #782 #783 #785 #786 #787 #791 #797 #799 #806,True,True,True,True
"⚠⚠ **And that sentence was missing half of itself, which the next round supplied: eighte",#542 #607 #617 #618 #623 #653 #676 #716 #717 #718 #720 #721 #737 #747 #749 #750 #754 #762 #776 #779 #781 #782 #783 #785 #786 #787 #791 #797 #799 #806,True,True,True,True
"⚠⚠ **And three consecutive same-direction rounds make a basin, so the next round deliber",#542 #607 #617 #618 #623 #653 #676 #716 #717 #718 #720 #721 #737 #747 #749 #750 #754 #762 #776 #779 #781 #782 #783 #785 #786 #787 #791 #797 #799 #806,True,True,True,True
⚠⚠ **And when the next round asked whether a different cut would bring the younger cohor,#542 #607 #617 #618 #623 #653 #676 #716 #717 #718 #720 #721 #737 #747 #749 #750 #754 #762 #776 #779 #781 #782 #783 #785 #786 #787 #791 #797 #799 #806,True,True,True,True
"What replaces it is the distribution: of 37 readable specifications, 36 show the devout ",#542 #607 #617 #618 #623 #653 #676 #716 #717 #718 #720 #721 #737 #747 #749 #750 #754 #762 #776 #779 #781 #782 #783 #785 #786 #787 #791 #797 #799 #806,True,True,True,True
⚠⚠ **And when the next round asked whether that cell was a genuine reversal or my criter,#542 #607 #617 #618 #623 #653 #676 #716 #717 #718 #720 #721 #737 #747 #749 #750 #754 #762 #776 #779 #781 #782 #783 #785 #786 #787 #791 #797 #799 #806,True,True,True,True
"⇒ **In one sentence about people, harder than the row above: across the four cohorts the",#542 #607 #617 #618 #623 #653 #676 #716 #717 #718 #720 #721 #737 #747 #749 #750 #754 #762 #776 #779 #781 #782 #783 #785 #786 #787 #791 #797 #799 #806,True,True,True,True
**The four pooled numbers — the two most-quoted sentences on this page — never had an in,#542 #607 #617 #618 #623 #653 #676 #716 #717 #718 #720 #721 #737 #747 #749 #750 #754 #762 #776 #779 #781 #782 #783 #785 #786 #787 #791 #797 #799 #806,True,True,True,True
"Moving to **MSSCQ** (sexual self-concept, **n = 12,789 complete respondents**, resamplin",#542 #607 #617 #618 #623 #653 #676 #716 #717 #718 #720 #721 #737 #747 #749 #750 #754 #762 #776 #779 #781 #782 #783 #785 #786 #787 #791 #797 #799 #806,True,True,True,True
Two causes: ① I rewrote a function the project already has (`lib/blocks.py::median_of_gr,#542 #607 #617 #618 #623 #653 #676 #716 #717 #718 #720 #721 #737 #747 #749 #750 #754 #762 #776 #779 #781 #782 #783 #785 #786 #787 #791 #797 #799 #806,True,True,True,True
⇒ the two numbers the page prints side by side differ on two degrees of freedom at once;,#542 #607 #617 #618 #623 #653 #676 #716 #717 #718 #720 #721 #737 #747 #749 #750 #754 #762 #776 #779 #781 #782 #783 #785 #786 #787 #791 #797 #799 #806,True,True,True,True
"⇒ **One sentence about people, and this time it is the precision that changes, not the d",#542 #607 #617 #618 #623 #653 #676 #716 #717 #718 #720 #721 #737 #747 #749 #750 #754 #762 #776 #779 #781 #782 #783 #785 #786 #787 #791 #797 #799 #806,True,True,True,True
"⚠⚠ **The next round was built to kill the sentence above: what if ""the devout changed le",#542 #607 #617 #618 #623 #653 #676 #716 #717 #718 #720 #721 #737 #747 #749 #750 #754 #762 #776 #779 #781 #782 #783 #785 #786 #787 #791 #797 #799 #806,True,True,True,True
"**The answer is 0.813 (8 cells, 0.715–0.887); what they actually produced is 0.456.** **",#542 #607 #617 #618 #623 #653 #676 #716 #717 #718 #720 #721 #737 #747 #749 #750 #754 #762 #776 #779 #781 #782 #783 #785 #786 #787 #791 #797 #799 #806,True,True,True,True
"⚠⚠ **And the first version was killed on the spot by its own two controls, which is wort",#542 #607 #617 #618 #623 #653 #676 #716 #717 #718 #720 #721 #737 #747 #749 #750 #754 #762 #776 #779 #781 #782 #783 #785 #786 #787 #791 #797 #799 #806,True,True,True,True
"Unified onto slopes, `r_forced` moves from **0.813 to 1.369** and the residual from **0.",#542 #607 #617 #618 #623 #653 #676 #716 #717 #718 #720 #721 #737 #747 #749 #750 #754 #762 #776 #779 #781 #782 #783 #785 #786 #787 #791 #797 #799 #806,True,True,True,True
"⇒ **`teensex`'s unreadability is not caused by having 21 points, and the line above hold",#542 #607 #617 #618 #623 #653 #676 #716 #717 #718 #720 #721 #737 #747 #749 #750 #754 #762 #776 #779 #781 #782 #783 #785 #786 #787 #791 #797 #799 #806,True,True,True,True
"**The denominator of ""2/2"" is the cells that survived, not the cells attempted.** And un",#542 #607 #617 #618 #623 #653 #676 #716 #717 #718 #720 #721 #737 #747 #749 #750 #754 #762 #776 #779 #781 #782 #783 #785 #786 #787 #791 #797 #799 #806,True,True,True,True
"Three lines of algebra, and a gauge control turned them into a measurement: **all 24 ite",#542 #607 #617 #618 #623 #653 #676 #716 #717 #718 #720 #721 #737 #747 #749 #750 #754 #762 #776 #779 #781 #782 #783 #785 #786 #787 #791 #797 #799 #806,True,True,True,True
"**So the ""measurable"" in ""sexual morality is a measurable social operation"" is decided b",#542 #607 #617 #618 #623 #653 #676 #716 #717 #718 #720 #721 #737 #747 #749 #750 #754 #762 #776 #779 #781 #782 #783 #785 #786 #787 #791 #797 #799 #806,True,True,True,True
"**The first is the MDE, which depends only on the design: at n=8 a candidate would need ",#542 #607 #617 #618 #623 #653 #676 #716 #717 #718 #720 #721 #737 #747 #749 #750 #754 #762 #776 #779 #781 #782 #783 #785 #786 #787 #791 #797 #799 #806,True,True,True,True
"And the three clumps are not ""sexual versus non-sexual"": each clump contains both.** ⚠ T",#542 #607 #617 #618 #623 #653 #676 #716 #717 #718 #720 #721 #737 #747 #749 #750 #754 #762 #776 #779 #781 #782 #783 #785 #786 #787 #791 #797 #799 #806,True,True,True,True
"⇒ First, measure it: `REL` is z-scored on the pooled sample, so the ruler is absolute — ",#542 #607 #617 #618 #623 #653 #676 #716 #717 #718 #720 #721 #737 #747 #749 #750 #754 #762 #776 #779 #781 #782 #783 #785 #786 #787 #791 #797 #799 #806,True,True,True,True
Weight every respondent equally instead of every year equally and not a word of the conc,#542 #607 #617 #618 #623 #653 #676 #716 #717 #718 #720 #721 #737 #747 #749 #750 #754 #762 #776 #779 #781 #782 #783 #785 #786 #787 #791 #797 #799 #806,True,True,True,True
"The shape the data actually supports is: one cleanly separated pair (sex education 2.19,",#542 #607 #617 #618 #623 #653 #676 #716 #717 #718 #720 #721 #737 #747 #749 #750 #754 #762 #776 #779 #781 #782 #783 #785 #786 #787 #791 #797 #799 #806,True,True,True,True
"⚠⚠ **With the three clumps retracted, only the top pair was still standing — so the next",#542 #607 #617 #618 #623 #653 #676 #716 #717 #718 #720 #721 #737 #747 #749 #750 #754 #762 #776 #779 #781 #782 #783 #785 #786 #787 #791 #797 #799 #806,True,True,True,True
⇒ **In that world the top pair produces r>1.5 with frequency 0.0005 and 0.0000 (0.0043 a,#542 #607 #617 #618 #623 #653 #676 #716 #717 #718 #720 #721 #737 #747 #749 #750 #754 #762 #776 #779 #781 #782 #783 #785 #786 #787 #791 #797 #799 #806,True,True,True,True
"⇒ **What inflates a ratio is noise; the small denominator is only its amplifier** — so """,#542 #607 #617 #618 #623 #653 #676 #716 #717 #718 #720 #721 #737 #747 #749 #750 #754 #762 #776 #779 #781 #782 #783 #785 #786 #787 #791 #797 #799 #806,True,True,True,True
"⚠⚠ **Inside the previous line's ""stop looking for candidate explanations"" was something ",#542 #607 #617 #618 #623 #653 #676 #716 #717 #718 #720 #721 #737 #747 #749 #750 #754 #762 #776 #779 #781 #782 #783 #785 #786 #787 #791 #797 #799 #806,True,True,True,True
⇒ **One sentence about this work: what makes those two items special is not state involv,#542 #607 #617 #618 #623 #653 #676 #716 #717 #718 #720 #721 #737 #747 #749 #750 #754 #762 #776 #779 #781 #782 #783 #785 #786 #787 #791 #797 #799 #806,True,True,True,True
The page had never reported the four strata's start and end levels.** And something hard,#542 #607 #617 #618 #623 #653 #676 #716 #717 #718 #720 #721 #737 #747 #749 #750 #754 #762 #776 #779 #781 #782 #783 #785 #786 #787 #791 #797 #799 #806,True,True,True,True
"And the raw ρ's spread is only **0.8×** its own Gaussian null (0.75× at quintiles), **in",#542 #607 #617 #618 #623 #653 #676 #716 #717 #718 #720 #721 #737 #747 #749 #750 #754 #762 #776 #779 #781 #782 #783 #785 #786 #787 #791 #797 #799 #806,True,True,True,True
"⇒ **The verdict is UNVERIFIED; both gates were written before the run, and no threshold ",#542 #607 #617 #618 #623 #653 #676 #716 #717 #718 #720 #721 #737 #747 #749 #750 #754 #762 #776 #779 #781 #782 #783 #785 #786 #787 #791 #797 #799 #806,True,True,True,True
⚠ And testing that boundary on NSFG returned **an instrument mismatch** rather than a fa,#542 #607 #617 #618 #623 #653 #676 #716 #717 #718 #720 #721 #737 #747 #749 #750 #754 #762 #776 #779 #781 #782 #783 #785 #786 #787 #791 #797 #799 #806,True,True,True,True
⚠⚠ **And that sentence was withdrawn by a second instrument inside the same round.** MFQ,#542 #607 #617 #618 #623 #653 #676 #716 #717 #718 #720 #721 #737 #747 #749 #750 #754 #762 #776 #779 #781 #782 #783 #785 #786 #787 #791 #797 #799 #806,True,True,True,True
⚠⚠ **And the assumption they differ on is sitting in the per-stratum sd column**: **GSS',#542 #607 #617 #618 #623 #653 #676 #716 #717 #718 #720 #721 #737 #747 #749 #750 #754 #762 #776 #779 #781 #782 #783 #785 #786 #787 #791 #797 #799 #806,True,True,True,True
**And on homosexuality — the item this whole project has centred on — the divide did not,#783 #797 #801,True,True,False,False
"They did change their minds (`r = 0.41`); everyone else changed far faster, so the dista",#783 #797 #801,True,True,False,False
⚠ But `helpblk`'s `r` interval spans both 0 and 0.41 (`#797`) ⇒ **the ratio side is unre,#783 #797 #801,True,True,False,False
"**⚠⚠ But reading those eight cells after the verdict, four of them carry the defect I ha",#706 #787 #801 #802,False,True,True,False
"**Do not read 18.46 as ""most reliable""; it is merely the biggest sample** (Entry 706 / `",#706 #787 #801 #802,False,True,True,False
| One line | Number | Control | |---|---|---| | **The child-rearing axis reaches sex — t,#711,True,False,True,False
| One line | Number | Control | |---|---|---| | **Education does not make people milder;,#100 #101 #111 #661 #680 #709 #770 #773 #789 #797 #798 #799 #800 #803 #807 #814 #816 #817 #818 #820 #821 #822 #826 #827 #828 #829 #830 #831 #832 #833 #834 #835 #836 #837 #838 #839 #840 #841 #842 #843 #844 #845 #846 #847 #848 #849 #850 #851 #853 #854 #855 #856 #857 #858 #859 #860 #861 #862 #863 #864 #865 #866 #867 #868 #869 #870 #871,True,True,True,True
"⇒ Only the observational half stands; the interpretive half is downgraded to ""I cannot s",#100 #101 #111 #661 #680 #709 #770 #773 #789 #797 #798 #799 #800 #803 #807 #814 #816 #817 #818 #820 #821 #822 #826 #827 #828 #829 #830 #831 #832 #833 #834 #835 #836 #837 #838 #839 #840 #841 #842 #843 #844 #845 #846 #847 #848 #849 #850 #851 #853 #854 #855 #856 #857 #858 #859 #860 #861 #862 #863 #864 #865 #866 #867 #868 #869 #870 #871,True,True,True,True
"Across eight items × two strata, the secular stratum departs on **1/8** (only `homosex`)",#100 #101 #111 #661 #680 #709 #770 #773 #789 #797 #798 #799 #800 #803 #807 #814 #816 #817 #818 #820 #821 #822 #826 #827 #828 #829 #830 #831 #832 #833 #834 #835 #836 #837 #838 #839 #840 #841 #842 #843 #844 #845 #846 #847 #848 #849 #850 #851 #853 #854 #855 #856 #857 #858 #859 #860 #861 #862 #863 #864 #865 #866 #867 #868 #869 #870 #871,True,True,True,True
Across eight items the secular stratum departs on **1/8** and the devout on **1/8** (`se,#100 #101 #111 #661 #680 #709 #770 #773 #789 #797 #798 #799 #800 #803 #807 #814 #816 #817 #818 #820 #821 #822 #826 #827 #828 #829 #830 #831 #832 #833 #834 #835 #836 #837 #838 #839 #840 #841 #842 #843 #844 #845 #846 #847 #848 #849 #850 #851 #853 #854 #855 #856 #857 #858 #859 #860 #861 #862 #863 #864 #865 #866 #867 #868 #869 #870 #871,True,True,True,True
"""Both sides are moving"" and ""the distance shrank"" are not the same sentence, and last ro",#100 #101 #111 #661 #680 #709 #770 #773 #789 #797 #798 #799 #800 #803 #807 #814 #816 #817 #818 #820 #821 #822 #826 #827 #828 #829 #830 #831 #832 #833 #834 #835 #836 #837 #838 #839 #840 #841 #842 #843 #844 #845 #846 #847 #848 #849 #850 #851 #853 #854 #855 #856 #857 #858 #859 #860 #861 #862 #863 #864 #865 #866 #867 #868 #869 #870 #871,True,True,True,True
A positive control can only tell you the instrument is not blind; it will never tell you,#100 #101 #111 #661 #680 #709 #770 #773 #789 #797 #798 #799 #800 #803 #807 #814 #816 #817 #818 #820 #821 #822 #826 #827 #828 #829 #830 #831 #832 #833 #834 #835 #836 #837 #838 #839 #840 #841 #842 #843 #844 #845 #846 #847 #848 #849 #850 #851 #853 #854 #855 #856 #857 #858 #859 #860 #861 #862 #863 #864 #865 #866 #867 #868 #869 #870 #871,True,True,True,True
"The old `para`'s left boundary is **the previous anchor's end**, so text following entry",#100 #101 #111 #661 #680 #709 #770 #773 #789 #797 #798 #799 #800 #803 #807 #814 #816 #817 #818 #820 #821 #822 #826 #827 #828 #829 #830 #831 #832 #833 #834 #835 #836 #837 #838 #839 #840 #841 #842 #843 #844 #845 #846 #847 #848 #849 #850 #851 #853 #854 #855 #856 #857 #858 #859 #860 #861 #862 #863 #864 #865 #866 #867 #868 #869 #870 #871,True,True,True,True
"This time, checking it cost one `git show`** `[#843「我上一轮登记的那条」]` (Entry 843) 〔this proje",#100 #101 #111 #661 #680 #709 #770 #773 #789 #797 #798 #799 #800 #803 #807 #814 #816 #817 #818 #820 #821 #822 #826 #827 #828 #829 #830 #831 #832 #833 #834 #835 #836 #837 #838 #839 #840 #841 #842 #843 #844 #845 #846 #847 #848 #849 #850 #851 #853 #854 #855 #856 #857 #858 #859 #860 #861 #862 #863 #864 #865 #866 #867 #868 #869 #870 #871,True,True,True,True
"`#835`'s ""removing age also removes cohort ⇒ APC inseparable"" was overstated and is with",#100 #101 #111 #661 #680 #709 #770 #773 #789 #797 #798 #799 #800 #803 #807 #814 #816 #817 #818 #820 #821 #822 #826 #827 #828 #829 #830 #831 #832 #833 #834 #835 #836 #837 #838 #839 #840 #841 #842 #843 #844 #845 #846 #847 #848 #849 #850 #851 #853 #854 #855 #856 #857 #858 #859 #860 #861 #862 #863 #864 #865 #866 #867 #868 #869 #870 #871,True,True,True,True
"""Inseparable"" was the right shape and the wrong strength: what is collinear is the linea",#100 #101 #111 #661 #680 #709 #770 #773 #789 #797 #798 #799 #800 #803 #807 #814 #816 #817 #818 #820 #821 #822 #826 #827 #828 #829 #830 #831 #832 #833 #834 #835 #836 #837 #838 #839 #840 #841 #842 #843 #844 #845 #846 #847 #848 #849 #850 #851 #853 #854 #855 #856 #857 #858 #859 #860 #861 #862 #863 #864 #865 #866 #867 #868 #869 #870 #871,True,True,True,True
"There is nothing to subtract, so there is nothing to say** `[#845「可识别的那半个年龄」]` (Entry 84",#100 #101 #111 #661 #680 #709 #770 #773 #789 #797 #798 #799 #800 #803 #807 #814 #816 #817 #818 #820 #821 #822 #826 #827 #828 #829 #830 #831 #832 #833 #834 #835 #836 #837 #838 #839 #840 #841 #842 #843 #844 #845 #846 #847 #848 #849 #850 #851 #853 #854 #855 #856 #857 #858 #859 #860 #861 #862 #863 #864 #865 #866 #867 #868 #869 #870 #871,True,True,True,True
"What happened in the nineties belongs to the question, not to the group** `[#846「不是关于那群人",#100 #101 #111 #661 #680 #709 #770 #773 #789 #797 #798 #799 #800 #803 #807 #814 #816 #817 #818 #820 #821 #822 #826 #827 #828 #829 #830 #831 #832 #833 #834 #835 #836 #837 #838 #839 #840 #841 #842 #843 #844 #845 #846 #847 #848 #849 #850 #851 #853 #854 #855 #856 #857 #858 #859 #860 #861 #862 #863 #864 #865 #866 #867 #868 #869 #870 #871,True,True,True,True
**`#846` picked this up incidentally while scanning 16 cells**: the devout stratum depar,#100 #101 #111 #661 #680 #709 #770 #773 #789 #797 #798 #799 #800 #803 #807 #814 #816 #817 #818 #820 #821 #822 #826 #827 #828 #829 #830 #831 #832 #833 #834 #835 #836 #837 #838 #839 #840 #841 #842 #843 #844 #845 #846 #847 #848 #849 #850 #851 #853 #854 #855 #856 #857 #858 #859 #860 #861 #862 #863 #864 #865 #866 #867 #868 #869 #870 #871,True,True,True,True
The power gate did not tell me whether the lead is real; it told me that the test I was ,#100 #101 #111 #661 #680 #709 #770 #773 #789 #797 #798 #799 #800 #803 #807 #814 #816 #817 #818 #820 #821 #822 #826 #827 #828 #829 #830 #831 #832 #833 #834 #835 #836 #837 #838 #839 #840 #841 #842 #843 #844 #845 #846 #847 #848 #849 #850 #851 #853 #854 #855 #856 #857 #858 #859 #860 #861 #862 #863 #864 #865 #866 #867 #868 #869 #870 #871,True,True,True,True
**Paying `#851`①** — `#851` counted **124** debts promised before `#830` and never table,#100 #101 #111 #661 #680 #709 #770 #773 #789 #797 #798 #799 #800 #803 #807 #814 #816 #817 #818 #820 #821 #822 #826 #827 #828 #829 #830 #831 #832 #833 #834 #835 #836 #837 #838 #839 #840 #841 #842 #843 #844 #845 #846 #847 #848 #849 #850 #851 #853 #854 #855 #856 #857 #858 #859 #860 #861 #862 #863 #864 #865 #866 #867 #868 #869 #870 #871,True,True,True,True
"A wall, once measured, is usually not a wall but an undone task plus a part I had not no",#100 #101 #111 #661 #680 #709 #770 #773 #789 #797 #798 #799 #800 #803 #807 #814 #816 #817 #818 #820 #821 #822 #826 #827 #828 #829 #830 #831 #832 #833 #834 #835 #836 #837 #838 #839 #840 #841 #842 #843 #844 #845 #846 #847 #848 #849 #850 #851 #853 #854 #855 #856 #857 #858 #859 #860 #861 #862 #863 #864 #865 #866 #867 #868 #869 #870 #871,True,True,True,True
**Hard rule 4 says cross-instrument replication beats another round on the same one — an,#100 #101 #111 #661 #680 #709 #770 #773 #789 #797 #798 #799 #800 #803 #807 #814 #816 #817 #818 #820 #821 #822 #826 #827 #828 #829 #830 #831 #832 #833 #834 #835 #836 #837 #838 #839 #840 #841 #842 #843 #844 #845 #846 #847 #848 #849 #850 #851 #853 #854 #855 #856 #857 #858 #859 #860 #861 #862 #863 #864 #865 #866 #867 #868 #869 #870 #871,True,True,True,True
"Change to a completely different questionnaire — different agency, different wording, di",#100 #101 #111 #661 #680 #709 #770 #773 #789 #797 #798 #799 #800 #803 #807 #814 #816 #817 #818 #820 #821 #822 #826 #827 #828 #829 #830 #831 #832 #833 #834 #835 #836 #837 #838 #839 #840 #841 #842 #843 #844 #845 #846 #847 #848 #849 #850 #851 #853 #854 #855 #856 #857 #858 #859 #860 #861 #862 #863 #864 #865 #866 #867 #868 #869 #870 #871,True,True,True,True
**Both halves are on disk and never in the same file.****; ② the NSFG male file covers o,#100 #101 #111 #661 #680 #709 #770 #773 #789 #797 #798 #799 #800 #803 #807 #814 #816 #817 #818 #820 #821 #822 #826 #827 #828 #829 #830 #831 #832 #833 #834 #835 #836 #837 #838 #839 #840 #841 #842 #843 #844 #845 #846 #847 #848 #849 #850 #851 #853 #854 #855 #856 #857 #858 #859 #860 #861 #862 #863 #864 #865 #866 #867 #868 #869 #870 #871,True,True,True,True
"**Paying `#853`①** — the lead was ""of 12 cells the instruments diverge most at `importan",#100 #101 #111 #661 #680 #709 #770 #773 #789 #797 #798 #799 #800 #803 #807 #814 #816 #817 #818 #820 #821 #822 #826 #827 #828 #829 #830 #831 #832 #833 #834 #835 #836 #837 #838 #839 #840 #841 #842 #843 #844 #845 #846 #847 #848 #849 #850 #851 #853 #854 #855 #856 #857 #858 #859 #860 #861 #862 #863 #864 #865 #866 #867 #868 #869 #870 #871,True,True,True,True
**Paying `#856`①** — `#856` registered a **collinearity it could not separate**: GSS say,#100 #101 #111 #661 #680 #709 #770 #773 #789 #797 #798 #799 #800 #803 #807 #814 #816 #817 #818 #820 #821 #822 #826 #827 #828 #829 #830 #831 #832 #833 #834 #835 #836 #837 #838 #839 #840 #841 #842 #843 #844 #845 #846 #847 #848 #849 #850 #851 #853 #854 #855 #856 #857 #858 #859 #860 #861 #862 #863 #864 #865 #866 #867 #868 #869 #870 #871,True,True,True,True
The key exists; it is just shorter than the lock** `[#857「那把钥匙只存在于一年」]` (Entry 857) 〔GSS,#100 #101 #111 #661 #680 #709 #770 #773 #789 #797 #798 #799 #800 #803 #807 #814 #816 #817 #818 #820 #821 #822 #826 #827 #828 #829 #830 #831 #832 #833 #834 #835 #836 #837 #838 #839 #840 #841 #842 #843 #844 #845 #846 #847 #848 #849 #850 #851 #853 #854 #855 #856 #857 #858 #859 #860 #861 #862 #863 #864 #865 #866 #867 #868 #869 #870 #871,True,True,True,True
**The `§3` basin check is this round's reason for being**: `#838`→`#857` are **eight con,#100 #101 #111 #661 #680 #709 #770 #773 #789 #797 #798 #799 #800 #803 #807 #814 #816 #817 #818 #820 #821 #822 #826 #827 #828 #829 #830 #831 #832 #833 #834 #835 #836 #837 #838 #839 #840 #841 #842 #843 #844 #845 #846 #847 #848 #849 #850 #851 #853 #854 #855 #856 #857 #858 #859 #860 #861 #862 #863 #864 #865 #866 #867 #868 #869 #870 #871,True,True,True,True
And from `#832` to `#857` I was measuring the former — while E02's stated object is the ,#100 #101 #111 #661 #680 #709 #770 #773 #789 #797 #798 #799 #800 #803 #807 #814 #816 #817 #818 #820 #821 #822 #826 #827 #828 #829 #830 #831 #832 #833 #834 #835 #836 #837 #838 #839 #840 #841 #842 #843 #844 #845 #846 #847 #848 #849 #850 #851 #853 #854 #855 #856 #857 #858 #859 #860 #861 #862 #863 #864 #865 #866 #867 #868 #869 #870 #871,True,True,True,True
"**Paying `#858`①** — `#858`'s first verdict said ""a person can think it wrong and still ",#100 #101 #111 #661 #680 #709 #770 #773 #789 #797 #798 #799 #800 #803 #807 #814 #816 #817 #818 #820 #821 #822 #826 #827 #828 #829 #830 #831 #832 #833 #834 #835 #836 #837 #838 #839 #840 #841 #842 #843 #844 #845 #846 #847 #848 #849 #850 #851 #853 #854 #855 #856 #857 #858 #859 #860 #861 #862 #863 #864 #865 #866 #867 #868 #869 #870 #871,True,True,True,True
Moral condemnation and civic permission can coexist inside one head — and the religious ,#100 #101 #111 #661 #680 #709 #770 #773 #789 #797 #798 #799 #800 #803 #807 #814 #816 #817 #818 #820 #821 #822 #826 #827 #828 #829 #830 #831 #832 #833 #834 #835 #836 #837 #838 #839 #840 #841 #842 #843 #844 #845 #846 #847 #848 #849 #850 #851 #853 #854 #855 #856 #857 #858 #859 #860 #861 #862 #863 #864 #865 #866 #867 #868 #869 #870 #871,True,True,True,True
"**Paying `#859`①** — `#859`'s kill read ""the two strata's difference clears the floor in",#100 #101 #111 #661 #680 #709 #770 #773 #789 #797 #798 #799 #800 #803 #807 #814 #816 #817 #818 #820 #821 #822 #826 #827 #828 #829 #830 #831 #832 #833 #834 #835 #836 #837 #838 #839 #840 #841 #842 #843 #844 #845 #846 #847 #848 #849 #850 #851 #853 #854 #855 #856 #857 #858 #859 #860 #861 #862 #863 #864 #865 #866 #867 #868 #869 #870 #871,True,True,True,True
**Paying `#858`②** — that **unregistered** lead (the split growing from 0.26–0.50 to 0.5,#100 #101 #111 #661 #680 #709 #770 #773 #789 #797 #798 #799 #800 #803 #807 #814 #816 #817 #818 #820 #821 #822 #826 #827 #828 #829 #830 #831 #832 #833 #834 #835 #836 #837 #838 #839 #840 #841 #842 #843 #844 #845 #846 #847 #848 #849 #850 #851 #853 #854 #855 #856 #857 #858 #859 #860 #861 #862 #863 #864 #865 #866 #867 #868 #869 #870 #871,True,True,True,True
**`§3` basin plus the meta-separator**: `#858`/`#859`/`#861` are three consecutive round,#100 #101 #111 #661 #680 #709 #770 #773 #789 #797 #798 #799 #800 #803 #807 #814 #816 #817 #818 #820 #821 #822 #826 #827 #828 #829 #830 #831 #832 #833 #834 #835 #836 #837 #838 #839 #840 #841 #842 #843 #844 #845 #846 #847 #848 #849 #850 #851 #853 #854 #855 #856 #857 #858 #859 #860 #861 #862 #863 #864 #865 #866 #867 #868 #869 #870 #871,True,True,True,True
Faith still divides them (0.34–0.51); it simply loses to schooling every single time** `,#100 #101 #111 #661 #680 #709 #770 #773 #789 #797 #798 #799 #800 #803 #807 #814 #816 #817 #818 #820 #821 #822 #826 #827 #828 #829 #830 #831 #832 #833 #834 #835 #836 #837 #838 #839 #840 #841 #842 #843 #844 #845 #846 #847 #848 #849 #850 #851 #853 #854 #855 #856 #857 #858 #859 #860 #861 #862 #863 #864 #865 #866 #867 #868 #869 #870 #871,True,True,True,True
"This round supplies it with **the construction of `#862`, verbatim** | **Religion has th",#100 #101 #111 #661 #680 #709 #770 #773 #789 #797 #798 #799 #800 #803 #807 #814 #816 #817 #818 #820 #821 #822 #826 #827 #828 #829 #830 #831 #832 #833 #834 #835 #836 #837 #838 #839 #840 #841 #842 #843 #844 #845 #846 #847 #848 #849 #850 #851 #853 #854 #855 #856 #857 #858 #859 #860 #861 #862 #863 #864 #865 #866 #867 #868 #869 #870 #871,True,True,True,True
"It is not one rift asked two ways — it is two rifts, and people stand on different sides",#100 #101 #111 #661 #680 #709 #770 #773 #789 #797 #798 #799 #800 #803 #807 #814 #816 #817 #818 #820 #821 #822 #826 #827 #828 #829 #830 #831 #832 #833 #834 #835 #836 #837 #838 #839 #840 #841 #842 #843 #844 #845 #846 #847 #848 #849 #850 #851 #853 #854 #855 #856 #857 #858 #859 #860 #861 #862 #863 #864 #865 #866 #867 #868 #869 #870 #871,True,True,True,True
"**Pays `#863`①** — `|g|` is **a difference between the outer terciles, so it throws away",#100 #101 #111 #661 #680 #709 #770 #773 #789 #797 #798 #799 #800 #803 #807 #814 #816 #817 #818 #820 #821 #822 #826 #827 #828 #829 #830 #831 #832 #833 #834 #835 #836 #837 #838 #839 #840 #841 #842 #843 #844 #845 #846 #847 #848 #849 #850 #851 #853 #854 #855 #856 #857 #858 #859 #860 #861 #862 #863 #864 #865 #866 #867 #868 #869 #870 #871,True,True,True,True
**Pays `#864`①**; ⚠⚠ **and the first thing it does is withdraw the over-generalisation i,#100 #101 #111 #661 #680 #709 #770 #773 #789 #797 #798 #799 #800 #803 #807 #814 #816 #817 #818 #820 #821 #822 #826 #827 #828 #829 #830 #831 #832 #833 #834 #835 #836 #837 #838 #839 #840 #841 #842 #843 #844 #845 #846 #847 #848 #849 #850 #851 #853 #854 #855 #856 #857 #858 #859 #860 #861 #862 #863 #864 #865 #866 #867 #868 #869 #870 #871,True,True,True,True
"**Pays `#865`①**; ⚠⚠ **arithmetic first — the intuitive question is FORCED**: ""do blocle",#100 #101 #111 #661 #680 #709 #770 #773 #789 #797 #798 #799 #800 #803 #807 #814 #816 #817 #818 #820 #821 #822 #826 #827 #828 #829 #830 #831 #832 #833 #834 #835 #836 #837 #838 #839 #840 #841 #842 #843 #844 #845 #846 #847 #848 #849 #850 #851 #853 #854 #855 #856 #857 #858 #859 #860 #861 #862 #863 #864 #865 #866 #867 #868 #869 #870 #871,True,True,True,True
"Three runs, three failures, three different causes, not one of them in the data**: ① **t",#100 #101 #111 #661 #680 #709 #770 #773 #789 #797 #798 #799 #800 #803 #807 #814 #816 #817 #818 #820 #821 #822 #826 #827 #828 #829 #830 #831 #832 #833 #834 #835 #836 #837 #838 #839 #840 #841 #842 #843 #844 #845 #846 #847 #848 #849 #850 #851 #853 #854 #855 #856 #857 #858 #859 #860 #861 #862 #863 #864 #865 #866 #867 #868 #869 #870 #871,True,True,True,True
"This round refuses that: a pre-registered control that fails has failed, and noticing af",#100 #101 #111 #661 #680 #709 #770 #773 #789 #797 #798 #799 #800 #803 #807 #814 #816 #817 #818 #820 #821 #822 #826 #827 #828 #829 #830 #831 #832 #833 #834 #835 #836 #837 #838 #839 #840 #841 #842 #843 #844 #845 #846 #847 #848 #849 #850 #851 #853 #854 #855 #856 #857 #858 #859 #860 #861 #862 #863 #864 #865 #866 #867 #868 #869 #870 #871,True,True,True,True
"A placebo alarmed three times running, and each time it was reporting a different thing ",#100 #101 #111 #661 #680 #709 #770 #773 #789 #797 #798 #799 #800 #803 #807 #814 #816 #817 #818 #820 #821 #822 #826 #827 #828 #829 #830 #831 #832 #833 #834 #835 #836 #837 #838 #839 #840 #841 #842 #843 #844 #845 #846 #847 #848 #849 #850 #851 #853 #854 #855 #856 #857 #858 #859 #860 #861 #862 #863 #864 #865 #866 #867 #868 #869 #870 #871,True,True,True,True
**This is the fourth instance of one error family**: `#821`/`#836` broke on the **yardst,#100 #101 #111 #661 #680 #709 #770 #773 #789 #797 #798 #799 #800 #803 #807 #814 #816 #817 #818 #820 #821 #822 #826 #827 #828 #829 #830 #831 #832 #833 #834 #835 #836 #837 #838 #839 #840 #841 #842 #843 #844 #845 #846 #847 #848 #849 #850 #851 #853 #854 #855 #856 #857 #858 #859 #860 #861 #862 #863 #864 #865 #866 #867 #868 #869 #870 #871,True,True,True,True
"**Pays `#866`②**; ⚠⚠ **doing the arithmetic first topples `#866`'s sentence**: `E[R|R≥1,",#100 #101 #111 #661 #680 #709 #770 #773 #789 #797 #798 #799 #800 #803 #807 #814 #816 #817 #818 #820 #821 #822 #826 #827 #828 #829 #830 #831 #832 #833 #834 #835 #836 #837 #838 #839 #840 #841 #842 #843 #844 #845 #846 #847 #848 #849 #850 #851 #853 #854 #855 #856 #857 #858 #859 #860 #861 #862 #863 #864 #865 #866 #867 #868 #869 #870 #871,True,True,True,True
Someone who refuses one is far likelier than chance to refuse the other two: the varianc,#100 #101 #111 #661 #680 #709 #770 #773 #789 #797 #798 #799 #800 #803 #807 #814 #816 #817 #818 #820 #821 #822 #826 #827 #828 #829 #830 #831 #832 #833 #834 #835 #836 #837 #838 #839 #840 #841 #842 #843 #844 #845 #846 #847 #848 #849 #850 #851 #853 #854 #855 #856 #857 #858 #859 #860 #861 #862 #863 #864 #865 #866 #867 #868 #869 #870 #871,True,True,True,True
Rules are not refuted; they are miscopied.** `[#869「又一条守则死了一半」]` (Entry 869) 〔this proje,#100 #101 #111 #661 #680 #709 #770 #773 #789 #797 #798 #799 #800 #803 #807 #814 #816 #817 #818 #820 #821 #822 #826 #827 #828 #829 #830 #831 #832 #833 #834 #835 #836 #837 #838 #839 #840 #841 #842 #843 #844 #845 #846 #847 #848 #849 #850 #851 #853 #854 #855 #856 #857 #858 #859 #860 #861 #862 #863 #864 #865 #866 #867 #868 #869 #870 #871,True,True,True,True
"Pays `#869`①, which found the discovery rule in **38 copies with 8 missing `if c!='bioma",#100 #101 #111 #661 #680 #709 #770 #773 #789 #797 #798 #799 #800 #803 #807 #814 #816 #817 #818 #820 #821 #822 #826 #827 #828 #829 #830 #831 #832 #833 #834 #835 #836 #837 #838 #839 #840 #841 #842 #843 #844 #845 #846 #847 #848 #849 #850 #851 #853 #854 #855 #856 #857 #858 #859 #860 #861 #862 #863 #864 #865 #866 #867 #868 #869 #870 #871,True,True,True,True
And it did not sit quietly in a corner: it correlates 0.56 and 0.47 with the two leading,#100 #101 #111 #661 #680 #709 #770 #773 #789 #797 #798 #799 #800 #803 #807 #814 #816 #817 #818 #820 #821 #822 #826 #827 #828 #829 #830 #831 #832 #833 #834 #835 #836 #837 #838 #839 #840 #841 #842 #843 #844 #845 #846 #847 #848 #849 #850 #851 #853 #854 #855 #856 #857 #858 #859 #860 #861 #862 #863 #864 #865 #866 #867 #868 #869 #870 #871,True,True,True,True
"Pays `#870`①; ⚠⚠ **and `#870`'s own NEXT prescribed the wrong method, which is the first",#100 #101 #111 #661 #680 #709 #770 #773 #789 #797 #798 #799 #800 #803 #807 #814 #816 #817 #818 #820 #821 #822 #826 #827 #828 #829 #830 #831 #832 #833 #834 #835 #836 #837 #838 #839 #840 #841 #842 #843 #844 #845 #846 #847 #848 #849 #850 #851 #853 #854 #855 #856 #857 #858 #859 #860 #861 #862 #863 #864 #865 #866 #867 #868 #869 #870 #871,True,True,True,True
That is not an acquittal but a statement of scale: the same error under a finer question,#100 #101 #111 #661 #680 #709 #770 #773 #789 #797 #798 #799 #800 #803 #807 #814 #816 #817 #818 #820 #821 #822 #826 #827 #828 #829 #830 #831 #832 #833 #834 #835 #836 #837 #838 #839 #840 #841 #842 #843 #844 #845 #846 #847 #848 #849 #850 #851 #853 #854 #855 #856 #857 #858 #859 #860 #861 #862 #863 #864 #865 #866 #867 #868 #869 #870 #871,True,True,True,True
⚠⚠ **The prior-art gate fired first and changed the design rather than killing it**: gre,#100 #101 #111 #661 #680 #709 #770 #773 #789 #797 #798 #799 #800 #803 #807 #814 #816 #817 #818 #820 #821 #822 #826 #827 #828 #829 #830 #831 #832 #833 #834 #835 #836 #837 #838 #839 #840 #841 #842 #843 #844 #845 #846 #847 #848 #849 #850 #851 #853 #854 #855 #856 #857 #858 #859 #860 #861 #862 #863 #864 #865 #866 #867 #868 #869 #870 #871,True,True,True,True
"That has never been run, and it is UPSTREAM: change the items and every derived quantity",#100 #101 #111 #661 #680 #709 #770 #773 #789 #797 #798 #799 #800 #803 #807 #814 #816 #817 #818 #820 #821 #822 #826 #827 #828 #829 #830 #831 #832 #833 #834 #835 #836 #837 #838 #839 #840 #841 #842 #843 #844 #845 #846 #847 #848 #849 #850 #851 #853 #854 #855 #856 #857 #858 #859 #860 #861 #862 #863 #864 #865 #866 #867 #868 #869 #870 #871,True,True,True,True
And my verdict string erased the second** | **after ten rounds of correction one sentenc,#100 #101 #111 #661 #680 #709 #770 #773 #789 #797 #798 #799 #800 #803 #807 #814 #816 #817 #818 #820 #821 #822 #826 #827 #828 #829 #830 #831 #832 #833 #834 #835 #836 #837 #838 #839 #840 #841 #842 #843 #844 #845 #846 #847 #848 #849 #850 #851 #853 #854 #855 #856 #857 #858 #859 #860 #861 #862 #863 #864 #865 #866 #867 #868 #869 #870 #871,True,True,True,True
"Cut the same people by years of education, by politics, by region, by race, or by sex an",#100 #101 #111 #661 #680 #709 #770 #773 #789 #797 #798 #799 #800 #803 #807 #814 #816 #817 #818 #820 #821 #822 #826 #827 #828 #829 #830 #831 #832 #833 #834 #835 #836 #837 #838 #839 #840 #841 #842 #843 #844 #845 #846 #847 #848 #849 #850 #851 #853 #854 #855 #856 #857 #858 #859 #860 #861 #862 #863 #864 #865 #866 #867 #868 #869 #870 #871,True,True,True,True
"**And the first thing to write about `#834`①'s ""remove the age effect"" quantity is that ",#834,False,False,True,False
"**And the unwelcome outcome is what arrived.** The ""more condemnation, more rarity"" asso",#837,True,False,True,False
So as of today it looks more like a fact about how ethnography gets read than a fact abo,#837,True,False,True,False
"**And there was a reason: the two independent arms may be flat not because ""change the c",(无),True,False,True,False
"**It had never once asked which side was moving when it opened.** Taken apart, the answe",#846,False,True,True,False
"⚠ And the explanation that ""religious people simply had nowhere left to go"" is genuinely",#846,False,True,True,False
"**Last round's story was too pleasing, so this round went after it first.** The threat w",#838 #846,True,True,True,True
**This round first paid the debt I had written down at the end of the last one.** `#770`,#770 #846,False,True,True,False
"And the 2010s give +0.1384 [−0.093,+0.364], containing zero.** ⚠ And a stricter statemen",#770 #846,False,True,True,False
"Cut the same people by years of education, by politics, by region, by race, or by sex, a",#601 #807 #816 #817 #820 #825 #826 #827 #830 #831,True,True,True,True
"Not any other decade** `[#832「62 格、两根轴、五种族定义」]` (Entry 832) 〔GSS, two axes inside one qu",#601 #807 #816 #817 #820 #825 #826 #827 #830 #831,True,True,True,True
Not any other decade.** `[#832「62 格、两根轴、五种族定义」]` | **Stop building a fourth ruler: write,#715 #716 #758 #762 #799 #800 #802 #804 #807 #808 #809 #826 #827 #828 #829,True,True,True,True
"And for the first time those two things are separated — until now, ""not knowing"" was dis",#715 #716 #758 #762 #799 #800 #802 #804 #807 #808 #809 #826 #827 #828 #829,True,True,True,True
Result: of 70 ground-truth cases the matcher catches 13 — recall 18.6%.** ⚠⚠ **And the 5,#715 #758 #762 #795 #799 #800 #802 #804 #808 #811 #815 #825 #826 #828,True,True,True,True
⚠⚠⚠ **And the coincidence is the thing most worth recording: all 26 debts come from `#75,#715 #758 #762 #795 #799 #800 #802 #804 #808 #811 #815 #825 #826 #828,True,True,True,True
**And `#826`'s conclusion had not reached the page — so this round measured before fixin,#814 #819 #820 #821 #825 #826 #827 #828 #832,True,True,True,True
"No other item, no other decade, survives**; ⚠⚠ **and BY leaving only one cell must not b",#814 #819 #820 #821 #825 #826 #827 #828 #832,True,True,True,True
I counted the markings and never subtracted luck's share.** `[#825「负控失败在 5.9%」]` (Entry ,#814 #819 #820 #821 #825 #826 #827 #828 #832,True,True,True,True
**And `#825` had established that `G3` was never actually executed in six rounds — so th,#797 #819 #825 #832,True,True,True,True
"No other item, no other decade, survives.** ⚠⚠ And under BY, the correction valid for de",#797 #819 #825 #832,True,True,True,True
"**And `#824`②'s ""only"" was built on single cells, which `#820` had already registered as",#812 #814 #816 #818 #819 #820 #822 #824,True,True,True,True
I counted the markings and never subtracted luck's share.** `[#825「负控失败在 5.9%」]` | **Mor,#812 #814 #816 #818 #819 #820 #822 #824,True,True,True,True
"Under the fifth specification the top slot even passes to `teensex`.** ⇒ **The ""2.5×"" is",#799 #814 #818 #820 #821 #823,True,True,True,True
"The two had been treated as one sentence, and only the first was ever measured.** ⇒ **A ",#799 #814 #818 #820 #821 #823,True,True,True,True
"**And `#821` had called ""use every year within a decade"" the highest-value single change",#819 #821,True,True,True,True
"Using more of them is not ""more data"", it is that data.** ⇒ **What blocks those two line",#819 #821,True,True,True,True
"And these two sortings do not select the same people.**; ⚠⚠ **but ""religion lurches, pol",#819 #821,True,True,True,True
"**Whether `#820`'s post-hoc reading deserves belief depends on having a continuous, thre",#789 #806 #812 #818 #820 #824 #825 #826 #828,True,True,True,True
⚠⚠ And two unrelated questions are now blocked by one design limit: `#818` and this roun,#789 #806 #812 #818 #820 #824 #825 #826 #828,True,True,True,True
⚠⚠ **appended by `#828`**: the **`sexeduc`/1990s and `teensex`/2010s cells named in this,#789 #806 #812 #818 #820 #824 #825 #826 #828,True,True,True,True
"Sort the same Americans by how conservative they are and the same divide merely drifts, ",#770 #802 #812 #815 #817 #819,False,True,True,False
⚠⚠ And this round also exposes an instability in `#819`: **changing only the seed and `B,#770 #802 #812 #815 #817 #819,False,True,True,False
Whether they stopped or reversed cannot be answered here** (this comparison is between t,#770 #802 #812 #815 #817 #819,False,True,True,False
The modal decade holds only 2 of 8 items.** ⇒ **A sentence about people: on seven of the,#806 #812 #813 #815 #816 #817 #818,True,True,False,False
"""Changing sides"" and ""splitting open"" are two different things, and I had been treating ",#806 #812 #813 #815 #816 #817 #818,True,True,False,False
"The divide widened by a similar amount in both decades, and they are not the same event*",#806 #812 #813 #815 #816 #817 #818,True,True,False,False
I dug the same hole while filling it**; ⚠ **this does not invalidate this round's negati,#806 #812 #813 #815 #816 #817 #818,True,True,True,True
**And placing the two decades side by side surfaced something the previous two rounds ha,#754 #795 #796 #804 #805 #806 #811 #812 #813 #816,True,True,True,True
"In the two-thousands it is −0.063 — not slower, but slightly backwards.** (Everyone else",#754 #795 #796 #804 #805 #806 #811 #812 #813 #816,True,True,True,True
"`#805`'s +0.9917 and `#806`'s +1.0473 both sit inside that range, so those passes were l",#754 #795 #796 #804 #805 #806 #811 #812 #813 #816,True,True,True,True
"`#816` decomposes the 1990→1998 `Δgap` by birth cohort: **attitude term −0.501, composit",#754 #795 #796 #804 #805 #806 #811 #812 #813 #816,True,True,True,True
"GSS [−0.207,+0.252] entirely contains NSFG [−0.089,+0.096]**, **so they are not inconsis",#754 #795 #796 #804 #805 #806 #811 #812 #813 #816,True,True,True,True
"`UNRESOLVED` is neither an acquittal nor a conviction, and I read it as a conviction** ⇒",#754 #795 #796 #804 #805 #806 #811 #812 #813 #816,True,True,True,True
**And the two decades `#812` found had no explanation at all — so the common-shift contr,#777 #802 #805 #806 #808 #809 #810 #812,True,True,True,True
In the nineties roughly seven-tenths of it is not explicable by the scale; in the two-th,#777 #802 #805 #806 #808 #809 #810 #812,True,True,True,True
"That is exactly this rule's value — it did not decide anything for me, it made visible a",#777 #802 #805 #806 #808 #809 #810 #812,True,True,True,True
"**And of the three worlds `#810` left standing, one could be separated using GSS alone —",#798 #802 #807 #808 #810,False,True,True,False
"**The second instrument had been there all along.** ⇒ **NSFG: among women 15–49, this di",#783 #797 #798 #799 #801 #802 #805 #806 #808 #814,True,True,True,True
"**And `#802`'s ""five widened, three narrowed"", owed its intervals for six rounds, is pai",#796 #802 #803 #804 #806 #814,False,True,True,False
"`[#808「八条鸿沟终于有了区间」]` | **Both are present: the scale explains part of that divide, and d",#796 #802 #803 #804 #806 #814,False,True,True,False
"**And `#805` had only done one item, so the next round pushed the same control across al",#600 #795 #801 #803 #805,False,True,True,False
"③ **`#805`'s ""both are present"" is a property of `homosex`, not a general one** — on `sp",#600 #795 #801 #803 #805,False,True,True,False
"1 and 4), never the observed extremes** — observed extremes would let the ceiling float ",#600 #795 #801 #803 #805,False,True,True,False
"**And `#803` and `#804` both landed astride the 0.50 threshold (+0.478, +0.493) — not a ",#542 #691 #716 #726 #731 #732 #740 #745 #747 #750 #754 #759 #762 #764 #765 #767 #770 #773 #774 #776 #777 #778 #779 #781 #782 #783 #784 #785 #786 #787 #789 #790 #791 #792 #793 #794 #796 #797 #799 #801 #802 #803 #804 #806 #808,True,True,True,True
Tightened to the only internally consistent specification (raw endpoints) and screening ,#542 #691 #716 #726 #731 #732 #740 #745 #747 #750 #754 #759 #762 #764 #765 #767 #770 #773 #774 #776 #777 #778 #779 #781 #782 #783 #784 #785 #786 #787 #789 #790 #791 #792 #793 #794 #796 #797 #799 #801 #802 #803 #804 #806 #808,True,True,True,True
`[#805「两者都在」]` | **Education makes sexual morality one position; age does it to gender r,#542 #691 #716 #726 #731 #732 #740 #745 #747 #750 #754 #759 #762 #764 #765 #767 #770 #773 #774 #776 #777 #778 #779 #781 #782 #783 #784 #785 #786 #787 #789 #790 #791 #792 #793 #794 #796 #797 #799 #801 #802 #803 #804 #806 #808,True,True,True,True
⚠ **does not replicate on the second instrument** (Entry 675) 〔GSS〕 ⟨—⟩| | **Men's and w,#542 #691 #716 #726 #731 #732 #740 #745 #747 #750 #754 #759 #762 #764 #765 #767 #770 #773 #774 #776 #777 #778 #779 #781 #782 #783 #784 #785 #786 #787 #789 #790 #791 #792 #793 #794 #796 #797 #799 #801 #802 #803 #804 #806 #808,True,True,True,True
"And the raw ρ's spread is only **0.8×** the Gaussian null (0.75× at quintiles), while th",#542 #691 #716 #726 #731 #732 #740 #745 #747 #750 #754 #759 #762 #764 #765 #767 #770 #773 #774 #776 #777 #778 #779 #781 #782 #783 #784 #785 #786 #787 #789 #790 #791 #792 #793 #794 #796 #797 #799 #801 #802 #803 #804 #806 #808,True,True,True,True
"Only the top pair excludes both 0.41 and 0 (`sexeduc` +2.192 [+1.206,+4.862], `racmar` +",#542 #691 #716 #726 #731 #732 #740 #745 #747 #750 #754 #759 #762 #764 #765 #767 #770 #773 #774 #776 #777 #778 #779 #781 #782 #783 #784 #785 #786 #787 #789 #790 #791 #792 #793 #794 #796 #797 #799 #801 #802 #803 #804 #806 #808,True,True,True,True
Switching to an **individual-level interaction** `y ~ year + dev + dev×year`: `sexeduc` ,#542 #691 #716 #726 #731 #732 #740 #745 #747 #750 #754 #759 #762 #764 #765 #767 #770 #773 #774 #776 #777 #778 #779 #781 #782 #783 #784 #785 #786 #787 #789 #790 #791 #792 #793 #794 #796 #797 #799 #801 #802 #803 #804 #806 #808,True,True,True,True
"the devout stratum's own slope magnitude) is not in the model, **so this is not a comple",#542 #691 #716 #726 #731 #732 #740 #745 #747 #750 #754 #759 #762 #764 #765 #767 #770 #773 #774 #776 #777 #778 #779 #781 #782 #783 #784 #785 #786 #787 #789 #790 #791 #792 #793 #794 #796 #797 #799 #801 #802 #803 #804 #806 #808,True,True,True,True
"The two group medians are almost identical (sexual **0.409** vs non-sexual **0.410**, a ",#542 #691 #716 #726 #731 #732 #740 #745 #747 #750 #754 #759 #762 #764 #765 #767 #770 #773 #774 #776 #777 #778 #779 #781 #782 #783 #784 #785 #786 #787 #789 #790 #791 #792 #793 #794 #796 #797 #799 #801 #802 #803 #804 #806 #808,True,True,True,True
"`teensex` actually has **21 year-points (1986–2024)**, not 38 — a 38-year span across 21",#542 #691 #716 #726 #731 #732 #740 #745 #747 #750 #754 #759 #762 #764 #765 #767 #770 #773 #774 #776 #777 #778 #779 #781 #782 #783 #784 #785 #786 #787 #789 #790 #791 #792 #793 #794 #796 #797 #799 #801 #802 #803 #804 #806 #808,True,True,True,True
"`homosex` **8/8** residual intervals entirely below 1.0 (median **0.331**), `premarsx` *",#542 #691 #716 #726 #731 #732 #740 #745 #747 #750 #754 #759 #762 #764 #765 #767 #770 #773 #774 #776 #777 #778 #779 #781 #782 #783 #784 #785 #786 #787 #789 #790 #791 #792 #793 #794 #796 #797 #799 #801 #802 #803 #804 #806 #808,True,True,True,True
**Δ is not a free parameter** — it is solved so the non-devout arm reproduces its own ob,#542 #691 #716 #726 #731 #732 #740 #745 #747 #750 #754 #759 #762 #764 #765 #767 #770 #773 #774 #776 #777 #778 #779 #781 #782 #783 #784 #785 #786 #787 #789 #790 #791 #792 #793 #794 #796 #797 #799 #801 #802 #803 #804 #806 #808,True,True,True,True
The two are told apart by **whether the failure localises to a mechanism** (Δ=0 is visib,#542 #691 #716 #726 #731 #732 #740 #745 #747 #750 #754 #759 #762 #764 #765 #767 #770 #773 #774 #776 #777 #778 #779 #781 #782 #783 #784 #785 #786 #787 #789 #790 #791 #792 #793 #794 #796 #797 #799 #801 #802 #803 #804 #806 #808,True,True,True,True
"The four pooled numbers: level **0.431 [0.319, 0.568]** and **0.409 [0.301, 0.526]**, en",#542 #691 #716 #726 #731 #732 #740 #745 #747 #750 #754 #759 #762 #764 #765 #767 #770 #773 #774 #776 #777 #778 #779 #781 #782 #783 #784 #785 #786 #787 #789 #790 #791 #792 #793 #794 #796 #797 #799 #801 #802 #803 #804 #806 #808,True,True,True,True
"For comparison: politics **[6.8%, 11.6%]**, religion **[33.3%, 46.7%]** | ⚠ per hard rul",#542 #691 #716 #726 #731 #732 #740 #745 #747 #750 #754 #759 #762 #764 #765 #767 #770 #773 #774 #776 #777 #778 #779 #781 #782 #783 #784 #785 #786 #787 #789 #790 #791 #792 #793 #794 #796 #797 #799 #801 #802 #803 #804 #806 #808,True,True,True,True
"⚠ And the same sentence ""how much politics explains"" takes **12.3% / 11.5% / 9.4%** acro",#542 #691 #716 #726 #731 #732 #740 #745 #747 #750 #754 #759 #762 #764 #765 #767 #770 #773 #774 #776 #777 #778 #779 #781 #782 #783 #784 #785 #786 #787 #789 #790 #791 #792 #793 #794 #796 #797 #799 #801 #802 #803 #804 #806 #808,True,True,True,True
"Null sampled over 200,000 blocks (C(100,5)=75,287,520, **not enumerable**), q95 0.1837, ",#542 #691 #716 #726 #731 #732 #740 #745 #747 #750 #754 #759 #762 #764 #765 #767 #770 #773 #774 #776 #777 #778 #779 #781 #782 #783 #784 #785 #786 #787 #789 #790 #791 #792 #793 #794 #796 #797 #799 #801 #802 #803 #804 #806 #808,True,True,True,True
| Cannot | Why | |---|---| | Decide whether rarity drives condemnation at the **decade**,(无),False,True,False,False
The fragile-denominator audit was voided for this reason (Entry 693) | | **A threshold o,(无),False,False,False,False
"My preregistered [0.5, 2] was chosen by intuition (Entry 691) | | **An UNVERIFIED does n",(无),False,False,False,False
**A claim whose instrument you cannot name is a claim about the instrument** | | **A gra,(无),True,False,False,False
"Redone at deciles with BH over all nine batteries, only institutional trust (−0.90) and ",(无),False,False,False,False
"The degrees-of-freedom floor is **0.14%**, and the same pipeline reaches **49%** when a ",#264 #301 #302 #356,True,False,True,False
> **Two readings this does not license.** It does *not* mean the findings are empty (the,#264 #301 #302 #356,True,False,True,False
It does *not* mean sexual > preference is mostly random — **1.4% is the reach of *these ,#264 #301 #302 #356,True,False,True,False
Both numbers are legitimate and they answer different questions — 1.390% is what these c,#264 #301 #302 #356,True,False,True,False
"> **But the honest reading is not ""A wins.""** The most reliable person-level structure i",#179 #229 #232,True,True,True,True
| pick count near-absent on the onset instrument (+0.0428) | | **Breadth profile** — the,#114 #252 #254 #255 #257 #258 #259 #277 #278 #283 #289 #347 #366 #367 #368 #369 #452,True,True,True,True
"**13 of the 20 exceed their own permutation threshold individually**, though no single o",#114 #252 #254 #255 #257 #258 #259 #277 #278 #283 #289 #347 #366 #367 #368 #369 #452,True,True,True,True
"⚠ **`#367`: that 40% is ONE dimension, not twenty — but half of the sentence above was r",#114 #252 #254 #255 #257 #258 #259 #277 #278 #283 #289 #347 #366 #367 #368 #369 #452,True,True,True,True
⚠ **What is withdrawn: the sign agreement itself carries almost no information.** 16 of ,#114 #252 #254 #255 #257 #258 #259 #277 #278 #283 #289 #347 #366 #367 #368 #369 #452,True,True,True,True
⚠ **`#369`: and the sharing is uniform along that line — the two numbers above are not i,#114 #252 #254 #255 #257 #258 #259 #277 #278 #283 #289 #347 #366 #367 #368 #369 #452,True,True,True,True
"**MDE 0.030 for linear moderation and 0.150 for a step confined to the top quintile**, a",#114 #252 #254 #255 #257 #258 #259 #277 #278 #283 #289 #347 #366 #367 #368 #369 #452,True,True,True,True
"⚠ For scale, not as a test (k differs): a variable that genuinely **is** c3⁻ plus equal-",#114 #252 #254 #255 #257 #258 #259 #277 #278 #283 #289 #347 #366 #367 #368 #369 #452,True,True,True,True
| | **rho_i** — whether your rare interests come first or last | **+0.5316** | onset age,#114 #252 #254 #255 #257 #258 #259 #277 #278 #283 #289 #347 #366 #367 #368 #369 #452,True,True,True,True
"> ⚠ **This table is built on the pooled sample, and the six coordinates are not the same",#201 #202 #285 #286 #288 #293 #294 #296 #298 #299 #303 #304 #308 #311 #324 #325 #327 #330 #332 #334 #337 #346 #350 #357 #366 #370 #371 #372 #373 #374 #380 #381 #384 #385 #386 #387 #388 #389 #390 #391 #392 #395 #396 #397 #398 #399 #401 #402 #403 #404 #405 #406 #409 #411 #414 #415 #416 #417 #418,True,True,True,True
⚠ **`#293`–`#294`: the two groups do not even agree on what counts as uncommon.** The ra,#201 #202 #285 #286 #288 #293 #294 #296 #298 #299 #303 #304 #308 #311 #324 #325 #327 #330 #332 #334 #337 #346 #350 #357 #366 #370 #371 #372 #373 #374 #380 #381 #384 #385 #386 #387 #388 #389 #390 #391 #392 #395 #396 #397 #398 #399 #401 #402 #403 #404 #405 #406 #409 #411 #414 #415 #416 #417 #418,True,True,True,True
⚠ **But giving each group its own ruler does not remove the non-invariance**: rebuilt wi,#201 #202 #285 #286 #288 #293 #294 #296 #298 #299 #303 #304 #308 #311 #324 #325 #327 #330 #332 #334 #337 #346 #350 #357 #366 #370 #371 #372 #373 #374 #380 #381 #384 #385 #386 #387 #388 #389 #390 #391 #392 #395 #396 #397 #398 #399 #401 #402 #403 #404 #405 #406 #409 #411 #414 #415 #416 #417 #418,True,True,True,True
⚠ **`#296`: the outcome side is not yet controlled.** A group difference in the joint-R²,#201 #202 #285 #286 #288 #293 #294 #296 #298 #299 #303 #304 #308 #311 #324 #325 #327 #330 #332 #334 #337 #346 #350 #357 #366 #370 #371 #372 #373 #374 #380 #381 #384 #385 #386 #387 #388 #389 #390 #391 #392 #395 #396 #397 #398 #399 #401 #402 #403 #404 #405 #406 #409 #411 #414 #415 #416 #417 #418,True,True,True,True
⚠ **`#381`: and it cannot be localised to the position score S — not because it isn't th,#201 #202 #285 #286 #288 #293 #294 #296 #298 #299 #303 #304 #308 #311 #324 #325 #327 #330 #332 #334 #337 #346 #350 #357 #366 #370 #371 #372 #373 #374 #380 #381 #384 #385 #386 #387 #388 #389 #390 #391 #392 #395 #396 #397 #398 #399 #401 #402 #403 #404 #405 #406 #409 #411 #414 #415 #416 #417 #418,True,True,True,True
**A synthetic positive control planted at 0.25 passes the same test at |t| 6.82** — it w,#201 #202 #285 #286 #288 #293 #294 #296 #298 #299 #303 #304 #308 #311 #324 #325 #327 #330 #332 #334 #337 #346 #350 #357 #366 #370 #371 #372 #373 #374 #380 #381 #384 #385 #386 #387 #388 #389 #390 #391 #392 #395 #396 #397 #398 #399 #401 #402 #403 #404 #405 #406 #409 #411 #414 #415 #416 #417 #418,True,True,True,True
"**The earlier reading that only content carries shame held on the full option set, where",#201 #202 #285 #286 #288 #293 #294 #296 #298 #299 #303 #304 #308 #311 #324 #325 #327 #330 #332 #334 #337 #346 #350 #357 #366 #370 #371 #372 #373 #374 #380 #381 #384 #385 #386 #387 #388 #389 #390 #391 #392 #395 #396 #397 #398 #399 #401 #402 #403 #404 #405 #406 #409 #411 #414 #415 #416 #417 #418,True,True,True,True
"**This is a null with power, not an absence of evidence.** ⚠ ** The interaction null car",#201 #202 #285 #286 #288 #293 #294 #296 #298 #299 #303 #304 #308 #311 #324 #325 #327 #330 #332 #334 #337 #346 #350 #357 #366 #370 #371 #372 #373 #374 #380 #381 #384 #385 #386 #387 #388 #389 #390 #391 #392 #395 #396 #397 #398 #399 #401 #402 #403 #404 #405 #406 #409 #411 #414 #415 #416 #417 #418,True,True,True,True
"`#311`: and nothing buffers it.** Age, openness, a non-monogamous relationship style and",#201 #202 #285 #286 #288 #293 #294 #296 #298 #299 #303 #304 #308 #311 #324 #325 #327 #330 #332 #334 #337 #346 #350 #357 #366 #370 #371 #372 #373 #374 #380 #381 #384 #385 #386 #387 #388 #389 #390 #391 #392 #395 #396 #397 #398 #399 #401 #402 #403 #404 #405 #406 #409 #411 #414 #415 #416 #417 #418,True,True,True,True
"⚠ **`#385`: one candidate explanation can be removed, though — it is not manufactured by",#201 #202 #285 #286 #288 #293 #294 #296 #298 #299 #303 #304 #308 #311 #324 #325 #327 #330 #332 #334 #337 #346 #350 #357 #366 #370 #371 #372 #373 #374 #380 #381 #384 #385 #386 #387 #388 #389 #390 #391 #392 #395 #396 #397 #398 #399 #401 #402 #403 #404 #405 #406 #409 #411 #414 #415 #416 #417 #418,True,True,True,True
**The relation holds at every onset age and at the same size.** ⚠ This is partial orient,#201 #202 #285 #286 #288 #293 #294 #296 #298 #299 #303 #304 #308 #311 #324 #325 #327 #330 #332 #334 #337 #346 #350 #357 #366 #370 #371 #372 #373 #374 #380 #381 #384 #385 #386 #387 #388 #389 #390 #391 #392 #395 #396 #397 #398 #399 #401 #402 #403 #404 #405 #406 #409 #411 #414 #415 #416 #417 #418,True,True,True,True
"⚠ Stratifying on a shame-correlated variable narrows within-layer shame variance, so onl",#201 #202 #285 #286 #288 #293 #294 #296 #298 #299 #303 #304 #308 #311 #324 #325 #327 #330 #332 #334 #337 #346 #350 #357 #366 #370 #371 #372 #373 #374 #380 #381 #384 #385 #386 #387 #388 #389 #390 #391 #392 #395 #396 #397 #398 #399 #401 #402 #403 #404 #405 #406 #409 #411 #414 #415 #416 #417 #418,True,True,True,True
"**And shame itself predicts that belief not at all** (+0.0135, a null with power, `#384`",#201 #202 #285 #286 #288 #293 #294 #296 #298 #299 #303 #304 #308 #311 #324 #325 #327 #330 #332 #334 #337 #346 #350 #357 #366 #370 #371 #372 #373 #374 #380 #381 #384 #385 #386 #387 #388 #389 #390 #391 #392 #395 #396 #397 #398 #399 #401 #402 #403 #404 #405 #406 #409 #411 #414 #415 #416 #417 #418,True,True,True,True
"⚠ Strength is not comfortable: the design's MDE is 0.05, exactly the meaningful magnitud",#201 #202 #285 #286 #288 #293 #294 #296 #298 #299 #303 #304 #308 #311 #324 #325 #327 #330 #332 #334 #337 #346 #350 #357 #366 #370 #371 #372 #373 #374 #380 #381 #384 #385 #386 #387 #388 #389 #390 #391 #392 #395 #396 #397 #398 #399 #401 #402 #403 #404 #405 #406 #409 #411 #414 #415 #416 #417 #418,True,True,True,True
**So −8 is the erotic end: a higher score means the conventional works LESS well.** The ,#201 #202 #285 #286 #288 #293 #294 #296 #298 #299 #303 #304 #308 #311 #324 #325 #327 #330 #332 #334 #337 #346 #350 #357 #366 #370 #371 #372 #373 #374 #380 #381 #384 #385 #386 #387 #388 #389 #390 #391 #392 #395 #396 #397 #398 #399 #401 #402 #403 #404 #405 #406 #409 #411 #414 #415 #416 #417 #418,True,True,True,True
⚠ **`#389`: and that description does not survive — redefined by the questionnaire's own,#201 #202 #285 #286 #288 #293 #294 #296 #298 #299 #303 #304 #308 #311 #324 #325 #327 #330 #332 #334 #337 #346 #350 #357 #366 #370 #371 #372 #373 #374 #380 #381 #384 #385 #386 #387 #388 #389 #390 #391 #392 #395 #396 #397 #398 #399 #401 #402 #403 #404 #405 #406 #409 #411 #414 #415 #416 #417 #418,True,True,True,True
**The family reading is withdrawn**; the pre-registered maximum (+0.0888 against 0.0419),#201 #202 #285 #286 #288 #293 #294 #296 #298 #299 #303 #304 #308 #311 #324 #325 #327 #330 #332 #334 #337 #346 #350 #357 #366 #370 #371 #372 #373 #374 #380 #381 #384 #385 #386 #387 #388 #389 #390 #391 #392 #395 #396 #397 #398 #399 #401 #402 #403 #404 #405 #406 #409 #411 #414 #415 #416 #417 #418,True,True,True,True
⚠ The two definitions are not the same construct — hand-picked items rate *how erotic* c,#201 #202 #285 #286 #288 #293 #294 #296 #298 #299 #303 #304 #308 #311 #324 #325 #327 #330 #332 #334 #337 #346 #350 #357 #366 #370 #371 #372 #373 #374 #380 #381 #384 #385 #386 #387 #388 #389 #390 #391 #392 #395 #396 #397 #398 #399 #401 #402 #403 #404 #405 #406 #409 #411 #414 #415 #416 #417 #418,True,True,True,True
"⚠ MDE 0.05 exactly equals the meaningful magnitude here, so the strength is not comforta",#201 #202 #285 #286 #288 #293 #294 #296 #298 #299 #303 #304 #308 #311 #324 #325 #327 #330 #332 #334 #337 #346 #350 #357 #366 #370 #371 #372 #373 #374 #380 #381 #384 #385 #386 #387 #388 #389 #390 #391 #392 #395 #396 #397 #398 #399 #401 #402 #403 #404 #405 #406 #409 #411 #414 #415 #416 #417 #418,True,True,True,True
⚠ **`#398`–`#399`: scanning a third outcome — whether engaging with one's arousal feels ,#201 #202 #285 #286 #288 #293 #294 #296 #298 #299 #303 #304 #308 #311 #324 #325 #327 #330 #332 #334 #337 #346 #350 #357 #366 #370 #371 #372 #373 #374 #380 #381 #384 #385 #386 #387 #388 #389 #390 #391 #392 #395 #396 #397 #398 #399 #401 #402 #403 #404 #405 #406 #409 #411 #414 #415 #416 #417 #418,True,True,True,True
Two of the hits are new: *if my partner is aroused by something I can be too* (**+0.1038,#201 #202 #285 #286 #288 #293 #294 #296 #298 #299 #303 #304 #308 #311 #324 #325 #327 #330 #332 #334 #337 #346 #350 #357 #366 #370 #371 #372 #373 #374 #380 #381 #384 #385 #386 #387 #388 #389 #390 #391 #392 #395 #396 #397 #398 #399 #401 #402 #403 #404 #405 #406 #409 #411 #414 #415 #416 #417 #418,True,True,True,True
"**But they correlate only +0.031 with each other** — near orthogonal, consistent with th",#201 #202 #285 #286 #288 #293 #294 #296 #298 #299 #303 #304 #308 #311 #324 #325 #327 #330 #332 #334 #337 #346 #350 #357 #366 #370 #371 #372 #373 #374 #380 #381 #384 #385 #386 #387 #388 #389 #390 #391 #392 #395 #396 #397 #398 #399 #401 #402 #403 #404 #405 #406 #409 #411 #414 #415 #416 #417 #418,True,True,True,True
"⚠ **`#401`: and shame and healing are not two ends of one axis — 1,790 people report bot",#201 #202 #285 #286 #288 #293 #294 #296 #298 #299 #303 #304 #308 #311 #324 #325 #327 #330 #332 #334 #337 #346 #350 #357 #366 #370 #371 #372 #373 #374 #380 #381 #384 #385 #386 #387 #388 #389 #390 #391 #392 #395 #396 #397 #398 #399 #401 #402 #403 #404 #405 #406 #409 #411 #414 #415 #416 #417 #418,True,True,True,True
"Split at both medians, the both-high cell holds **11.55%** of people (**1,790**) against",#201 #202 #285 #286 #288 #293 #294 #296 #298 #299 #303 #304 #308 #311 #324 #325 #327 #330 #332 #334 #337 #346 #350 #357 #366 #370 #371 #372 #373 #374 #380 #381 #384 #385 #386 #387 #388 #389 #390 #391 #392 #395 #396 #397 #398 #399 #401 #402 #403 #404 #405 #406 #409 #411 #414 #415 #416 #417 #418,True,True,True,True
⚠ **`#402`: and they are not a random slice of the ashamed — they have a shape.** Compar,#201 #202 #285 #286 #288 #293 #294 #296 #298 #299 #303 #304 #308 #311 #324 #325 #327 #330 #332 #334 #337 #346 #350 #357 #366 #370 #371 #372 #373 #374 #380 #381 #384 #385 #386 #387 #388 #389 #390 #391 #392 #395 #396 #397 #398 #399 #401 #402 #403 #404 #405 #406 #409 #411 #414 #415 #416 #417 #418,True,True,True,True
"**So the both-high group has rarer tastes AND finds ordinary things more erotic, and the",#201 #202 #285 #286 #288 #293 #294 #296 #298 #299 #303 #304 #308 #311 #324 #325 #327 #330 #332 #334 #337 #346 #350 #357 #366 #370 #371 #372 #373 #374 #380 #381 #384 #385 #386 #387 #388 #389 #390 #391 #392 #395 #396 #397 #398 #399 #401 #402 #403 #404 #405 #406 #409 #411 #414 #415 #416 #417 #418,True,True,True,True
**A null from one cut is a null along that cut's direction only.** ⚠ **`#416`: and with ,#201 #202 #285 #286 #288 #293 #294 #296 #298 #299 #303 #304 #308 #311 #324 #325 #327 #330 #332 #334 #337 #346 #350 #357 #366 #370 #371 #372 #373 #374 #380 #381 #384 #385 #386 #387 #388 #389 #390 #391 #392 #395 #396 #397 #398 #399 #401 #402 #403 #404 #405 #406 #409 #411 #414 #415 #416 #417 #418,True,True,True,True
"⚠ **`#417`–`#418`: and the fourth cell — the 1,662 people low on both — is not simply ""f",#201 #202 #285 #286 #288 #293 #294 #296 #298 #299 #303 #304 #308 #311 #324 #325 #327 #330 #332 #334 #337 #346 #350 #357 #366 #370 #371 #372 #373 #374 #380 #381 #384 #385 #386 #387 #388 #389 #390 #391 #392 #395 #396 #397 #398 #399 #401 #402 #403 #404 #405 #406 #409 #411 #414 #415 #416 #417 #418,True,True,True,True
"**But orienting all eight quantities toward ""more engaged"" using an anchor that is neith",#201 #202 #285 #286 #288 #293 #294 #296 #298 #299 #303 #304 #308 #311 #324 #325 #327 #330 #332 #334 #337 #346 #350 #357 #366 #370 #371 #372 #373 #374 #380 #381 #384 #385 #386 #387 #388 #389 #390 #391 #392 #395 #396 #397 #398 #399 #401 #402 #403 #404 #405 #406 #409 #411 #414 #415 #416 #417 #418,True,True,True,True
⚠ **`#404`: and it does not become one on testing.** Putting the combination alongside i,#201 #202 #285 #286 #288 #293 #294 #296 #298 #299 #303 #304 #308 #311 #324 #325 #327 #330 #332 #334 #337 #346 #350 #357 #366 #370 #371 #372 #373 #374 #380 #381 #384 #385 #386 #387 #388 #389 #390 #391 #392 #395 #396 #397 #398 #399 #401 #402 #403 #404 #405 #406 #409 #411 #414 #415 #416 #417 #418,True,True,True,True
⚠ And the collapse itself is **not publishable as a null**: the design's MDE is 0.080 ag,#201 #202 #285 #286 #288 #293 #294 #296 #298 #299 #303 #304 #308 #311 #324 #325 #327 #330 #332 #334 #337 #346 #350 #357 #366 #370 #371 #372 #373 #374 #380 #381 #384 #385 #386 #387 #388 #389 #390 #391 #392 #395 #396 #397 #398 #399 #401 #402 #403 #404 #405 #406 #409 #411 #414 #415 #416 #417 #418,True,True,True,True
⚠ **`#406`: and position S itself does not point one way — it is reversed on 8 of 29 out,#201 #202 #285 #286 #288 #293 #294 #296 #298 #299 #303 #304 #308 #311 #324 #325 #327 #330 #332 #334 #337 #346 #350 #357 #366 #370 #371 #372 #373 #374 #380 #381 #384 #385 #386 #387 #388 #389 #390 #391 #392 #395 #396 #397 #398 #399 #401 #402 #403 #404 #405 #406 #409 #411 #414 #415 #416 #417 #418,True,True,True,True
**That clears the bar by +2.47 sd — marginally — and the intercorrelation of the outcome,#201 #202 #285 #286 #288 #293 #294 #296 #298 #299 #303 #304 #308 #311 #324 #325 #327 #330 #332 #334 #337 #346 #350 #357 #366 #370 #371 #372 #373 #374 #380 #381 #384 #385 #386 #387 #388 #389 #390 #391 #392 #395 #396 #397 #398 #399 #401 #402 #403 #404 #405 #406 #409 #411 #414 #415 #416 #417 #418,True,True,True,True
⚠ **`#409`: and splitting S in two does not repair it — a null with power.** Using the t,#201 #202 #285 #286 #288 #293 #294 #296 #298 #299 #303 #304 #308 #311 #324 #325 #327 #330 #332 #334 #337 #346 #350 #357 #366 #370 #371 #372 #373 #374 #380 #381 #384 #385 #386 #387 #388 #389 #390 #391 #392 #395 #396 #397 #398 #399 #401 #402 #403 #404 #405 #406 #409 #411 #414 #415 #416 #417 #418,True,True,True,True
⚠ **`#411`: and shame barely suppresses action at all in people who have never had a par,#201 #202 #285 #286 #288 #293 #294 #296 #298 #299 #303 #304 #308 #311 #324 #325 #327 #330 #332 #334 #337 #346 #350 #357 #366 #370 #371 #372 #373 #374 #380 #381 #384 #385 #386 #387 #388 #389 #390 #391 #392 #395 #396 #397 #398 #399 #401 #402 #403 #404 #405 #406 #409 #411 #414 #415 #416 #417 #418,True,True,True,True
"⚠ **`#390`: put in one model, intensity survives and breadth collapses — the withdrawal ",#201 #202 #285 #286 #288 #293 #294 #296 #298 #299 #303 #304 #308 #311 #324 #325 #327 #330 #332 #334 #337 #346 #350 #357 #366 #370 #371 #372 #373 #374 #380 #381 #384 #385 #386 #387 #388 #389 #390 #391 #392 #395 #396 #397 #398 #399 #401 #402 #403 #404 #405 #406 #409 #411 #414 #415 #416 #417 #418,True,True,True,True
⚠ **`#330`: and it is not rarity wearing a costume.** Strip the three content-free block,#201 #202 #285 #286 #288 #293 #294 #296 #298 #299 #303 #304 #308 #311 #324 #325 #327 #330 #332 #334 #337 #346 #350 #357 #366 #370 #371 #372 #373 #374 #380 #381 #384 #385 #386 #387 #388 #389 #390 #391 #392 #395 #396 #397 #398 #399 #401 #402 #403 #404 #405 #406 #409 #411 #414 #415 #416 #417 #418,True,True,True,True
⚠ **`#380`: and this route is about twice as strong in respondents who are not biologica,#201 #202 #285 #286 #288 #293 #294 #296 #298 #299 #303 #304 #308 #311 #324 #325 #327 #330 #332 #334 #337 #346 #350 #357 #366 #370 #371 #372 #373 #374 #380 #381 #384 #385 #386 #387 #388 #389 #390 #391 #392 #395 #396 #397 #398 #399 #401 #402 #403 #404 #405 #406 #409 #411 #414 #415 #416 #417 #418,True,True,True,True
⚠ They are not three independent tests — they intercorrelate +0.95/+0.65/+0.55 — but the,#201 #202 #285 #286 #288 #293 #294 #296 #298 #299 #303 #304 #308 #311 #324 #325 #327 #330 #332 #334 #337 #346 #350 #357 #366 #370 #371 #372 #373 #374 #380 #381 #384 #385 #386 #387 #388 #389 #390 #391 #392 #395 #396 #397 #398 #399 #401 #402 #403 #404 #405 #406 #409 #411 #414 #415 #416 #417 #418,True,True,True,True
"That null is not zero and could not be: at population level, rarer categories genuinely ",#201 #202 #285 #286 #288 #293 #294 #296 #298 #299 #303 #304 #308 #311 #324 #325 #327 #330 #332 #334 #337 #346 #350 #357 #366 #370 #371 #372 #373 #374 #380 #381 #384 #385 #386 #387 #388 #389 #390 #391 #392 #395 #396 #397 #398 #399 #401 #402 #403 #404 #405 #406 #409 #411 #414 #415 #416 #417 #418,True,True,True,True
"**Observed is 2.5× the null: almost everyone starts from the ordinary, and the ordering ",#201 #202 #285 #286 #288 #293 #294 #296 #298 #299 #303 #304 #308 #311 #324 #325 #327 #330 #332 #334 #337 #346 #350 #357 #366 #370 #371 #372 #373 #374 #380 #381 #384 #385 #386 #387 #388 #389 #390 #391 #392 #395 #396 #397 #398 #399 #401 #402 #403 #404 #405 #406 #409 #411 #414 #415 #416 #417 #418,True,True,True,True
"**Negative means the people whose rare interests arrived EARLY, before the ordinary ones",#201 #202 #285 #286 #288 #293 #294 #296 #298 #299 #303 #304 #308 #311 #324 #325 #327 #330 #332 #334 #337 #346 #350 #357 #366 #370 #371 #372 #373 #374 #380 #381 #384 #385 #386 #387 #388 #389 #390 #391 #392 #395 #396 #397 #398 #399 #401 #402 #403 #404 #405 #406 #409 #411 #414 #415 #416 #417 #418,True,True,True,True
⚠ **`#372`: and about half of that is simply that those people started earlier at everyt,#201 #202 #285 #286 #288 #293 #294 #296 #298 #299 #303 #304 #308 #311 #324 #325 #327 #330 #332 #334 #337 #346 #350 #357 #366 #370 #371 #372 #373 #374 #380 #381 #384 #385 #386 #387 #388 #389 #390 #391 #392 #395 #396 #397 #398 #399 #401 #402 #403 #404 #405 #406 #409 #411 #414 #415 #416 #417 #418,True,True,True,True
**And what remains does not survive on its own**: −0.0148 against a same-model permutati,#201 #202 #285 #286 #288 #293 #294 #296 #298 #299 #303 #304 #308 #311 #324 #325 #327 #330 #332 #334 #337 #346 #350 #357 #366 #370 #371 #372 #373 #374 #380 #381 #384 #385 #386 #387 #388 #389 #390 #391 #392 #395 #396 #397 #398 #399 #401 #402 #403 #404 #405 #406 #409 #411 #414 #415 #416 #417 #418,True,True,True,True
"⚠ **`#337`: and the overlap survives at the person×category level** (147,387 cells, 13,5",#201 #202 #285 #286 #288 #293 #294 #296 #298 #299 #303 #304 #308 #311 #324 #325 #327 #330 #332 #334 #337 #346 #350 #357 #366 #370 #371 #372 #373 #374 #380 #381 #384 #385 #386 #387 #388 #389 #390 #391 #392 #395 #396 #397 #398 #399 #401 #402 #403 #404 #405 #406 #409 #411 #414 #415 #416 #417 #418,True,True,True,True
Everything else in > this project ends up pointing at it — position +0.1185 [cov≥8 · sco,#278 #316 #320 #375 #392 #419 #420 #421 #422,True,True,True,True
What is absent is not the signal but its *unique* part: after removing both the six coor,#278 #316 #320 #375 #392 #419 #420 #421 #422,True,True,True,True
"**So higher does mean more agreement, and every shame result on this page rests on an as",#278 #316 #320 #375 #392 #419 #420 #421 #422,True,True,True,True
"⚠ **`#420`: and it survives a proper test.** With `S`, c3⁻, shame and age controlled, th",#278 #316 #320 #375 #392 #419 #420 #421 #422,True,True,True,True
"⚠ **`#421`: and ""breadth"" on this page is not one quantity.** Enumerating the five bread",#278 #316 #320 #375 #392 #419 #420 #421 #422,True,True,True,True
"**122 of 134 tests clear a family-wise threshold, every one of them positive, and not on",#424,True,False,True,False
**That objection is real and it was measured**: under a null that moves whole person-row,#424,True,False,True,False
**Extraversion is now established**: it correlates **+0.146** with the banded partner co,#429 #442 #461 #480 #481,False,False,True,False
**So it is not that the test was too strict — it is that nothing available fixes which e,#429 #442 #461 #480 #481,False,False,True,False
**So it is not a shadow of the known quantities.** But the variable it is closest to is ,#429 #442 #461 #480 #481,False,False,True,False
"⚠ **`#433`: and once its direction was settled, the porn-use variable turned out to add ",#433,True,True,False,False
"Not a sense that it is out of control, not a sense that it heals, not more of it acted o",#433,True,True,False,False
⚠ **`#435` retracts the share I first reported here.** I wrote that the indirect route c,#434 #435,True,True,False,False
"⚠ **`#435`: and the brake is not a flat tax — it discriminates, and one quantity is brak",#435,False,True,False,False
"Split three ways with and without shame in the model: **with shame controlled, what surv",#436 #437,True,True,False,False
The path to acting less **does not separate from shame at this resolution**: it falls fr,#436 #437,True,True,False,False
"**That is a threshold crossing, not a collapse.** ⚠ **`#437` resolves it by asking wheth",#436 #437,True,True,False,False
"⚠ **`#439`: and feeling unable to change what arouses you has two roads, not one.** This",#439,False,False,False,False
"It is, and it cancels almost none of the direct path (**−0.036**, larger than the total)",#439,False,False,False,False
**No block carries it.** The median block moves the coefficient by **0.25** of its own b,#440,True,False,False,False
Dropping the top one through six blocks by loading leaves the coefficient between **−0.0,#440,True,False,False,False
"**A rule that declares a known-direction variable unanchorable is measuring the rule, no",#441 #442,True,False,True,False
⚠ **`#442`: and it is not involvement wearing a different name — controlling involvement,#442 #443,True,True,True,True
"Adding that count to the controls and refitting, with both arms reported: the three coef",#442 #443,True,True,True,True
The first half reaches **feeling less able to change what arouses you** (**−0.054**) wit,#442 #443,True,True,True,True
⚠ **`#444`: the half that costs you the sense of changeability is loaded on the bodily-f,#114 #444 #445 #446 #447 #448 #449 #450 #451 #452 #454 #455 #456,True,True,True,True
"Replaced with a test that can fail — how much their top-loading block sets overlap, agai",#114 #444 #445 #446 #447 #448 #449 #450 #451 #452 #454 #455 #456,True,True,True,True
⚠ **`#449`: and asking the content directly — no eigenvectors at all — costs most of the,#114 #444 #445 #446 #447 #448 #449 #450 #451 #452 #454 #455 #456,True,True,True,True
"The two outcomes that come closest (shame **+0.048**, the changeability item **−0.050**)",#114 #444 #445 #446 #447 #448 #449 #450 #451 #452 #454 #455 #456,True,True,True,True
"For a claim about particular content, only the second question is the one being made — a",#114 #444 #445 #446 #447 #448 #449 #450 #451 #452 #454 #455 #456,True,True,True,True
Putting mean onset age against the four outcomes with current age held — the two correla,#114 #444 #445 #446 #447 #448 #449 #450 #451 #452 #454 #455 #456,True,True,True,True
"**`#452` checks whether that can produce the result, and it cannot — by the construction",#114 #444 #445 #446 #447 #448 #449 #450 #451 #452 #454 #455 #456,True,True,True,True
**So the measured bias lives in a layer that is almost exactly what this focal has alrea,#114 #444 #445 #446 #447 #448 #449 #450 #451 #452 #454 #455 #456,True,True,True,True
⚠ The separation is not total: the residual within-person tilt still correlates **+0.27*,#114 #444 #445 #446 #447 #448 #449 #450 #451 #452 #454 #455 #456,True,True,True,True
"⚠ **`#454`: and it is a gradient, not a cliff.** Cut into the four onset strata this pag",#114 #444 #445 #446 #447 #448 #449 #450 #451 #452 #454 #455 #456,True,True,True,True
The threshold alternative does not fit: the earliest stratum sits **−0.080** from the re,#114 #444 #445 #446 #447 #448 #449 #450 #451 #452 #454 #455 #456,True,True,True,True
"**So this is not ""before some age it is fixed"" — every step later in onset comes with a ",#114 #444 #445 #446 #447 #448 #449 #450 #451 #452 #454 #455 #456,True,True,True,True
"Their steepnesses are **+0.128** and **−0.147** on the same scale and the difference, **",#114 #444 #445 #446 #447 #448 #449 #450 #451 #452 #454 #455 #456,True,True,True,True
"⚠ **`#456`: the two consequences have nothing to do with each other, and saying ""one ant",#456 #457,False,False,True,False
**But that near-zero mediation is close to forced**: the two outcomes correlate **−0.002,#456 #457,False,False,True,False
**`#459` tests that and the volume reading does not hold.** Of the five engagement measu,#458 #459 #460,True,True,True,True
"The three that count *within* areas — total picks (**−0.023**), fetish categories (**−0.",#458 #459 #460,True,True,True,True
"Run together — they correlate **+0.41**, so neither is eating the other — **width predic",#458 #459 #460,True,True,True,True
⚠ **`#463`: and the two leading components of the residual structure fall on the two dif,#325 #346 #375 #463 #464 #465 #466 #469 #470 #471 #472 #473 #474 #475 #476 #479,True,True,True,True
"Two different questions about the same tastes, landing in different places.** ⚠ In this ",#325 #346 #375 #463 #464 #465 #466 #469 #470 #471 #472 #473 #474 #475 #476 #479,True,True,True,True
"⚠ **`#464` corrects the name attached to the first component, though not its direction.*",#325 #346 #375 #463 #464 #465 #466 #469 #470 #471 #472 #473 #474 #475 #476 #479,True,True,True,True
⚠ The same check kills a guess of mine in the other direction: the breadth-type componen,#325 #346 #375 #463 #464 #465 #466 #469 #470 #471 #472 #473 #474 #475 #476 #479,True,True,True,True
⚠ **`#465` narrows what a name for it would have to survive.** Taking that strongest cor,#325 #346 #375 #463 #464 #465 #466 #469 #470 #471 #472 #473 #474 #475 #476 #479,True,True,True,True
"**So there is a substantial piece of ""where a person spends their openness"" that no coun",#325 #346 #375 #463 #464 #465 #466 #469 #470 #471 #472 #473 #474 #475 #476 #479,True,True,True,True
"Splitting the survey's blocks by how often their options are picked at all, and computin",#325 #346 #375 #463 #464 #465 #466 #469 #470 #471 #472 #473 #474 #475 #476 #479,True,True,True,True
**So being drawn to rare things costs more shame when few people go there at all — the c,#325 #346 #375 #463 #464 #465 #466 #469 #470 #471 #472 #473 #474 #475 #476 #479,True,True,True,True
Rebuilt with the two groups always holding the **same number of blocks** — the k most-en,#325 #346 #375 #463 #464 #465 #466 #469 #470 #471 #472 #473 #474 #475 #476 #479,True,True,True,True
**So the direction survives every specification tried — nine of ten across both sweeps —,#325 #346 #375 #463 #464 #465 #466 #469 #470 #471 #472 #473 #474 #475 #476 #479,True,True,True,True
⚠ **`#472`: and this happens to shame and to nothing else.** Running the identical desig,#325 #346 #375 #463 #464 #465 #466 #469 #470 #471 #472 #473 #474 #475 #476 #479,True,True,True,True
"⚠ **`#473`: and the same question cannot be put to the other path, which is a limit of t",#325 #346 #375 #463 #464 #465 #466 #469 #470 #471 #472 #473 #474 #475 #476 #479,True,True,True,True
"**But the reference arm shows the identical difference on shame (−0.068), within 0.006–0",#325 #346 #375 #463 #464 #465 #466 #469 #470 #471 #472 #473 #474 #475 #476 #479,True,True,True,True
Splitting the people in the most-entered domains by the breadth-type coordinate — a cut ,#325 #346 #375 #463 #464 #465 #466 #469 #470 #471 #472 #473 #474 #475 #476 #479,True,True,True,True
"**So the weak, and at the narrowest cuts reversed, shame cost in the crowded domains is ",#325 #346 #375 #463 #464 #465 #466 #469 #470 #471 #472 #473 #474 #475 #476 #479,True,True,True,True
⚠ A pre-registered arithmetic claim of mine failed its own control here — the products o,#325 #346 #375 #463 #464 #465 #466 #469 #470 #471 #472 #473 #474 #475 #476 #479,True,True,True,True
What it settles is narrower and worth stating plainly: **whether a number is significant,#325 #346 #375 #463 #464 #465 #466 #469 #470 #471 #472 #473 #474 #475 #476 #479,True,True,True,True
⚠ **`#375`: and there is no third indicator to fix that with.** Of 93 numeric person-lev,#325 #346 #375 #463 #464 #465 #466 #469 #470 #471 #472 #473 #474 #475 #476 #479,True,True,True,True
⚠ **`#325`: and the two indicators do not carry it equally** — `animated` ↔ shame **+0.0,#325 #346 #375 #463 #464 #465 #466 #469 #470 #471 #472 #473 #474 #475 #476 #479,True,True,True,True
"Width is driven by **how many outcomes sit near the threshold**, not by how strong the s",#233,False,True,True,False
"The ""when"" is not.** | Same people, same split procedure, same number of units *k*: **""h",#26 #63 #69 #75 #88 #90 #99 #100 #101 #102 #104 #107 #110 #114 #116 #117 #118 #119 #128 #129 #130 #131 #132 #133 #134 #135 #136 #137 #138 #139 #140 #141 #142 #143 #146 #147 #148 #149 #150 #151 #152 #153 #154 #157 #159 #160 #161 #162 #163 #164 #165 #167 #179 #184 #186 #188 #189 #192 #201 #211 #212 #213 #218 #227 #228 #229 #230 #231 #232 #235 #236 #237 #238 #239 #241 #243 #245 #247 #286 #289 #290 #360 #363,True,True,True,True
"**And this is not an instrument limit**: plant a person-specific signal into the ""when"" ",#26 #63 #69 #75 #88 #90 #99 #100 #101 #102 #104 #107 #110 #114 #116 #117 #118 #119 #128 #129 #130 #131 #132 #133 #134 #135 #136 #137 #138 #139 #140 #141 #142 #143 #146 #147 #148 #149 #150 #151 #152 #153 #154 #157 #159 #160 #161 #162 #163 #164 #165 #167 #179 #184 #186 #188 #189 #192 #201 #211 #212 #213 #218 #227 #228 #229 #230 #231 #232 #235 #236 #237 #238 #239 #241 #243 #245 #247 #286 #289 #290 #360 #363,True,True,True,True
"**A second, independent way of asking ""when"" gives the same small number** (`#161`: ""how",#26 #63 #69 #75 #88 #90 #99 #100 #101 #102 #104 #107 #110 #114 #116 #117 #118 #119 #128 #129 #130 #131 #132 #133 #134 #135 #136 #137 #138 #139 #140 #141 #142 #143 #146 #147 #148 #149 #150 #151 #152 #153 #154 #157 #159 #160 #161 #162 #163 #164 #165 #167 #179 #184 #186 #188 #189 #192 #201 #211 #212 #213 #218 #227 #228 #229 #230 #231 #232 #235 #236 #237 #238 #239 #241 #243 #245 #247 #286 #289 #290 #360 #363,True,True,True,True
"Using it to guess which of any two interests came first reaches **66.852 ± 0.191**, agai",#26 #63 #69 #75 #88 #90 #99 #100 #101 #102 #104 #107 #110 #114 #116 #117 #118 #119 #128 #129 #130 #131 #132 #133 #134 #135 #136 #137 #138 #139 #140 #141 #142 #143 #146 #147 #148 #149 #150 #151 #152 #153 #154 #157 #159 #160 #161 #162 #163 #164 #165 #167 #179 #184 #186 #188 #189 #192 #201 #211 #212 #213 #218 #227 #228 #229 #230 #231 #232 #235 #236 #237 #238 #239 #241 #243 #245 #247 #286 #289 #290 #360 #363,True,True,True,True
Content dominates every *predictability* measure (3.5–5.6×) **purely because it is estim,#26 #63 #69 #75 #88 #90 #99 #100 #101 #102 #104 #107 #110 #114 #116 #117 #118 #119 #128 #129 #130 #131 #132 #133 #134 #135 #136 #137 #138 #139 #140 #141 #142 #143 #146 #147 #148 #149 #150 #151 #152 #153 #154 #157 #159 #160 #161 #162 #163 #164 #165 #167 #179 #184 #186 #188 #189 #192 #201 #211 #212 #213 #218 #227 #228 #229 #230 #231 #232 #235 #236 #237 #238 #239 #241 #243 #245 #247 #286 #289 #290 #360 #363,True,True,True,True
"The item main effect has a closed form: measured R² = **0.994**, slope 0.988, and comple",#26 #63 #69 #75 #88 #90 #99 #100 #101 #102 #104 #107 #110 #114 #116 #117 #118 #119 #128 #129 #130 #131 #132 #133 #134 #135 #136 #137 #138 #139 #140 #141 #142 #143 #146 #147 #148 #149 #150 #151 #152 #153 #154 #157 #159 #160 #161 #162 #163 #164 #165 #167 #179 #184 #186 #188 #189 #192 #201 #211 #212 #213 #218 #227 #228 #229 #230 #231 #232 #235 #236 #237 #238 #239 #241 #243 #245 #247 #286 #289 #290 #360 #363,True,True,True,True
**And it is not a shadow of sex** (`#164`): regressing sex out of *every* block-level sc,#26 #63 #69 #75 #88 #90 #99 #100 #101 #102 #104 #107 #110 #114 #116 #117 #118 #119 #128 #129 #130 #131 #132 #133 #134 #135 #136 #137 #138 #139 #140 #141 #142 #143 #146 #147 #148 #149 #150 #151 #152 #153 #154 #157 #159 #160 #161 #162 #163 #164 #165 #167 #179 #184 #186 #188 #189 #192 #201 #211 #212 #213 #218 #227 #228 #229 #230 #231 #232 #235 #236 #237 #238 #239 #241 #243 #245 #247 #286 #289 #290 #360 #363,True,True,True,True
"**And it is not a projection of a bigger ""content"" dimension** (`#165`): scoring people ",#26 #63 #69 #75 #88 #90 #99 #100 #101 #102 #104 #107 #110 #114 #116 #117 #118 #119 #128 #129 #130 #131 #132 #133 #134 #135 #136 #137 #138 #139 #140 #141 #142 #143 #146 #147 #148 #149 #150 #151 #152 #153 #154 #157 #159 #160 #161 #162 #163 #164 #165 #167 #179 #184 #186 #188 #189 #192 #201 #211 #212 #213 #218 #227 #228 #229 #230 #231 #232 #235 #236 #237 #238 #239 #241 #243 #245 #247 #286 #289 #290 #360 #363,True,True,True,True
**Which content you prefer is largely shared; where you sit on the uncommon–common axis ,#26 #63 #69 #75 #88 #90 #99 #100 #101 #102 #104 #107 #110 #114 #116 #117 #118 #119 #128 #129 #130 #131 #132 #133 #134 #135 #136 #137 #138 #139 #140 #141 #142 #143 #146 #147 #148 #149 #150 #151 #152 #153 #154 #157 #159 #160 #161 #162 #163 #164 #165 #167 #179 #184 #186 #188 #189 #192 #201 #211 #212 #213 #218 #227 #228 #229 #230 #231 #232 #235 #236 #237 #238 #239 #241 #243 #245 #247 #286 #289 #290 #360 #363,True,True,True,True
The internal discriminant: on the same pipeline the *therapeutic* item starts at +0.0937,#26 #63 #69 #75 #88 #90 #99 #100 #101 #102 #104 #107 #110 #114 #116 #117 #118 #119 #128 #129 #130 #131 #132 #133 #134 #135 #136 #137 #138 #139 #140 #141 #142 #143 #146 #147 #148 #149 #150 #151 #152 #153 #154 #157 #159 #160 #161 #162 #163 #164 #165 #167 #179 #184 #186 #188 #189 #192 #201 #211 #212 #213 #218 #227 #228 #229 #230 #231 #232 #235 #236 #237 #238 #239 #241 #243 #245 #247 #286 #289 #290 #360 #363,True,True,True,True
"**Cross-sectional self-report — ""uncommon → shame"" and ""shame → only dare to want the un",#26 #63 #69 #75 #88 #90 #99 #100 #101 #102 #104 #107 #110 #114 #116 #117 #118 #119 #128 #129 #130 #131 #132 #133 #134 #135 #136 #137 #138 #139 #140 #141 #142 #143 #146 #147 #148 #149 #150 #151 #152 #153 #154 #157 #159 #160 #161 #162 #163 #164 #165 #167 #179 #184 #186 #188 #189 #192 #201 #211 #212 #213 #218 #227 #228 #229 #230 #231 #232 #235 #236 #237 #238 #239 #241 #243 #245 #247 #286 #289 #290 #360 #363,True,True,True,True
The **ordinary** half predicts shame at **−0.0618 ± 0.0128** and the **transgressive** h,#26 #63 #69 #75 #88 #90 #99 #100 #101 #102 #104 #107 #110 #114 #116 #117 #118 #119 #128 #129 #130 #131 #132 #133 #134 #135 #136 #137 #138 #139 #140 #141 #142 #143 #146 #147 #148 #149 #150 #151 #152 #153 #154 #157 #159 #160 #161 #162 #163 #164 #165 #167 #179 #184 #186 #188 #189 #192 #201 #211 #212 #213 #218 #227 #228 #229 #230 #231 #232 #235 #236 #237 #238 #239 #241 #243 #245 #247 #286 #289 #290 #360 #363,True,True,True,True
"**Being broad about ordinary things goes with *less* shame; the same breadth, moved to w",#26 #63 #69 #75 #88 #90 #99 #100 #101 #102 #104 #107 #110 #114 #116 #117 #118 #119 #128 #129 #130 #131 #132 #133 #134 #135 #136 #137 #138 #139 #140 #141 #142 #143 #146 #147 #148 #149 #150 #151 #152 #153 #154 #157 #159 #160 #161 #162 #163 #164 #165 #167 #179 #184 #186 #188 #189 #192 #201 #211 #212 #213 #218 #227 #228 #229 #230 #231 #232 #235 #236 #237 #238 #239 #241 #243 #245 #247 #286 #289 #290 #360 #363,True,True,True,True
"**But the two scores correlate only +0.1336, which is 24.5% of their attenuation ceiling",#26 #63 #69 #75 #88 #90 #99 #100 #101 #102 #104 #107 #110 #114 #116 #117 #118 #119 #128 #129 #130 #131 #132 #133 #134 #135 #136 #137 #138 #139 #140 #141 #142 #143 #146 #147 #148 #149 #150 #151 #152 #153 #154 #157 #159 #160 #161 #162 #163 #164 #165 #167 #179 #184 #186 #188 #189 #192 #201 #211 #212 #213 #218 #227 #228 #229 #230 #231 #232 #235 #236 #237 #238 #239 #241 #243 #245 #247 #286 #289 #290 #360 #363,True,True,True,True
"**So ""opening in rarer domains ↔ shame"" is about people; the profile's dimensionality, t",#26 #63 #69 #75 #88 #90 #99 #100 #101 #102 #104 #107 #110 #114 #116 #117 #118 #119 #128 #129 #130 #131 #132 #133 #134 #135 #136 #137 #138 #139 #140 #141 #142 #143 #146 #147 #148 #149 #150 #151 #152 #153 #154 #157 #159 #160 #161 #162 #163 #164 #165 #167 #179 #184 #186 #188 #189 #192 #201 #211 #212 #213 #218 #227 #228 #229 #230 #231 #232 #235 #236 #237 #238 #239 #241 #243 #245 #247 #286 #289 #290 #360 #363,True,True,True,True
"**So 0.9379 is not ""twice as strong"" as 0.4290 — it is a quantity that asks how many dir",#26 #63 #69 #75 #88 #90 #99 #100 #101 #102 #104 #107 #110 #114 #116 #117 #118 #119 #128 #129 #130 #131 #132 #133 #134 #135 #136 #137 #138 #139 #140 #141 #142 #143 #146 #147 #148 #149 #150 #151 #152 #153 #154 #157 #159 #160 #161 #162 #163 #164 #165 #167 #179 #184 #186 #188 #189 #192 #201 #211 #212 #213 #218 #227 #228 #229 #230 #231 #232 #235 #236 #237 #238 #239 #241 #243 #245 #247 #286 #289 #290 #360 #363,True,True,True,True
"Entered together (n=4,574) the **early** half predicts shame at **+0.1307 ± 0.0137** and",#26 #63 #69 #75 #88 #90 #99 #100 #101 #102 #104 #107 #110 #114 #116 #117 #118 #119 #128 #129 #130 #131 #132 #133 #134 #135 #136 #137 #138 #139 #140 #141 #142 #143 #146 #147 #148 #149 #150 #151 #152 #153 #154 #157 #159 #160 #161 #162 #163 #164 #165 #167 #179 #184 #186 #188 #189 #192 #201 #211 #212 #213 #218 #227 #228 #229 #230 #231 #232 #235 #236 #237 #238 #239 #241 #243 #245 #247 #286 #289 #290 #360 #363,True,True,True,True
"**Shame tracks how uncommon the things you wanted earliest were, not where you later wen",#26 #63 #69 #75 #88 #90 #99 #100 #101 #102 #104 #107 #110 #114 #116 #117 #118 #119 #128 #129 #130 #131 #132 #133 #134 #135 #136 #137 #138 #139 #140 #141 #142 #143 #146 #147 #148 #149 #150 #151 #152 #153 #154 #157 #159 #160 #161 #162 #163 #164 #165 #167 #179 #184 #186 #188 #189 #192 #201 #211 #212 #213 #218 #227 #228 #229 #230 #231 #232 #235 #236 #237 #238 #239 #241 #243 #245 #247 #286 #289 #290 #360 #363,True,True,True,True
"**This is a fact about the self-reported timeline, not about developmental order** ⚠ **`",#26 #63 #69 #75 #88 #90 #99 #100 #101 #102 #104 #107 #110 #114 #116 #117 #118 #119 #128 #129 #130 #131 #132 #133 #134 #135 #136 #137 #138 #139 #140 #141 #142 #143 #146 #147 #148 #149 #150 #151 #152 #153 #154 #157 #159 #160 #161 #162 #163 #164 #165 #167 #179 #184 #186 #188 #189 #192 #201 #211 #212 #213 #218 #227 #228 #229 #230 #231 #232 #235 #236 #237 #238 #239 #241 #243 #245 #247 #286 #289 #290 #360 #363,True,True,True,True
**On the same people the asymmetry retains 70.2%** (−0.0690 → −0.0484) yet is **no longe,#26 #63 #69 #75 #88 #90 #99 #100 #101 #102 #104 #107 #110 #114 #116 #117 #118 #119 #128 #129 #130 #131 #132 #133 #134 #135 #136 #137 #138 #139 #140 #141 #142 #143 #146 #147 #148 #149 #150 #151 #152 #153 #154 #157 #159 #160 #161 #162 #163 #164 #165 #167 #179 #184 #186 #188 #189 #192 #201 #211 #212 #213 #218 #227 #228 #229 #230 #231 #232 #235 #236 #237 #238 #239 #241 #243 #245 #247 #286 #289 #290 #360 #363,True,True,True,True
⚠ **`#290`: this correlation is the same in both sexes** — +0.1297 ± 0.0188 and +0.1081 ,#26 #63 #69 #75 #88 #90 #99 #100 #101 #102 #104 #107 #110 #114 #116 #117 #118 #119 #128 #129 #130 #131 #132 #133 #134 #135 #136 #137 #138 #139 #140 #141 #142 #143 #146 #147 #148 #149 #150 #151 #152 #153 #154 #157 #159 #160 #161 #162 #163 #164 #165 #167 #179 #184 #186 #188 #189 #192 #201 #211 #212 #213 #218 #227 #228 #229 #230 #231 #232 #235 #236 #237 #238 #239 #241 #243 #245 #247 #286 #289 #290 #360 #363,True,True,True,True
So although the six coordinates as a whole are not invariant across sex (`#286`) and **p,#26 #63 #69 #75 #88 #90 #99 #100 #101 #102 #104 #107 #110 #114 #116 #117 #118 #119 #128 #129 #130 #131 #132 #133 #134 #135 #136 #137 #138 #139 #140 #141 #142 #143 #146 #147 #148 #149 #150 #151 #152 #153 #154 #157 #159 #160 #161 #162 #163 #164 #165 #167 #179 #184 #186 #188 #189 #192 #201 #211 #212 #213 #218 #227 #228 #229 #230 #231 #232 #235 #236 #237 #238 #239 #241 #243 #245 #247 #286 #289 #290 #360 #363,True,True,True,True
**A synthetic relation of fixed true strength declines by 0.074 over the same thresholds,#26 #63 #69 #75 #88 #90 #99 #100 #101 #102 #104 #107 #110 #114 #116 #117 #118 #119 #128 #129 #130 #131 #132 #133 #134 #135 #136 #137 #138 #139 #140 #141 #142 #143 #146 #147 #148 #149 #150 #151 #152 #153 #154 #157 #159 #160 #161 #162 #163 #164 #165 #167 #179 #184 #186 #188 #189 #192 #201 #211 #212 #213 #218 #227 #228 #229 #230 #231 #232 #235 #236 #237 #238 #239 #241 #243 #245 #247 #286 #289 #290 #360 #363,True,True,True,True
"**Position clears on 9 of 20, led by shame (+0.1155)**; **the content residual clears on",#26 #63 #69 #75 #88 #90 #99 #100 #101 #102 #104 #107 #110 #114 #116 #117 #118 #119 #128 #129 #130 #131 #132 #133 #134 #135 #136 #137 #138 #139 #140 #141 #142 #143 #146 #147 #148 #149 #150 #151 #152 #153 #154 #157 #159 #160 #161 #162 #163 #164 #165 #167 #179 #184 #186 #188 #189 #192 #201 #211 #212 #213 #218 #227 #228 #229 #230 #231 #232 #235 #236 #237 #238 #239 #241 #243 #245 #247 #286 #289 #290 #360 #363,True,True,True,True
"⚠ **`#201` withdraws the ""medium (drawn vs written)"" reading**: `corr(animated, written)",#26 #63 #69 #75 #88 #90 #99 #100 #101 #102 #104 #107 #110 #114 #116 #117 #118 #119 #128 #129 #130 #131 #132 #133 #134 #135 #136 #137 #138 #139 #140 #141 #142 #143 #146 #147 #148 #149 #150 #151 #152 #153 #154 #157 #159 #160 #161 #162 #163 #164 #165 #167 #179 #184 #186 #188 #189 #192 #201 #211 #212 #213 #218 #227 #228 #229 #230 #231 #232 #235 #236 #237 #238 #239 #241 #243 #245 #247 #286 #289 #290 #360 #363,True,True,True,True
"⚠ **This split is partly produced by controlling pick count**: evaluated *marginally*, t",#26 #63 #69 #75 #88 #90 #99 #100 #101 #102 #104 #107 #110 #114 #116 #117 #118 #119 #128 #129 #130 #131 #132 #133 #134 #135 #136 #137 #138 #139 #140 #141 #142 #143 #146 #147 #148 #149 #150 #151 #152 #153 #154 #157 #159 #160 #161 #162 #163 #164 #165 #167 #179 #184 #186 #188 #189 #192 #201 #211 #212 #213 #218 #227 #228 #229 #230 #231 #232 #235 #236 #237 #238 #239 #241 #243 #245 #247 #286 #289 #290 #360 #363,True,True,True,True
"⚠ **The orthogonality is constructed, and the raw dimensions are not orthogonal at all**",#26 #63 #69 #75 #88 #90 #99 #100 #101 #102 #104 #107 #110 #114 #116 #117 #118 #119 #128 #129 #130 #131 #132 #133 #134 #135 #136 #137 #138 #139 #140 #141 #142 #143 #146 #147 #148 #149 #150 #151 #152 #153 #154 #157 #159 #160 #161 #162 #163 #164 #165 #167 #179 #184 #186 #188 #189 #192 #201 #211 #212 #213 #218 #227 #228 #229 #230 #231 #232 #235 #236 #237 #238 #239 #241 #243 #245 #247 #286 #289 #290 #360 #363,True,True,True,True
The three named directions all survive **with the same sign** — `animated` **−0.0522** (,#26 #63 #69 #75 #88 #90 #99 #100 #101 #102 #104 #107 #110 #114 #116 #117 #118 #119 #128 #129 #130 #131 #132 #133 #134 #135 #136 #137 #138 #139 #140 #141 #142 #143 #146 #147 #148 #149 #150 #151 #152 #153 #154 #157 #159 #160 #161 #162 #163 #164 #165 #167 #179 #184 #186 #188 #189 #192 #201 #211 #212 #213 #218 #227 #228 #229 #230 #231 #232 #235 #236 #237 #238 #239 #241 #243 #245 #247 #286 #289 #290 #360 #363,True,True,True,True
**The raw breadth reading does not depend on any of this**: it is +0.8320 aligned and **,#26 #63 #69 #75 #88 #90 #99 #100 #101 #102 #104 #107 #110 #114 #116 #117 #118 #119 #128 #129 #130 #131 #132 #133 #134 #135 #136 #137 #138 #139 #140 #141 #142 #143 #146 #147 #148 #149 #150 #151 #152 #153 #154 #157 #159 #160 #161 #162 #163 #164 #165 #167 #179 #184 #186 #188 #189 #192 #201 #211 #212 #213 #218 #227 #228 #229 #230 #231 #232 #235 #236 #237 #238 #239 #241 #243 #245 #247 #286 #289 #290 #360 #363,True,True,True,True
"⚠ Reported at `D6`, not as settled: the positive control's registered clause failed (0.4",#26 #63 #69 #75 #88 #90 #99 #100 #101 #102 #104 #107 #110 #114 #116 #117 #118 #119 #128 #129 #130 #131 #132 #133 #134 #135 #136 #137 #138 #139 #140 #141 #142 #143 #146 #147 #148 #149 #150 #151 #152 #153 #154 #157 #159 #160 #161 #162 #163 #164 #165 #167 #179 #184 #186 #188 #189 #192 #201 #211 #212 #213 #218 #227 #228 #229 #230 #231 #232 #235 #236 #237 #238 #239 #241 #243 #245 #247 #286 #289 #290 #360 #363,True,True,True,True
"Scope is narrow: this refutes «breadth is *only* a global response style», **not** «the ",#26 #63 #69 #75 #88 #90 #99 #100 #101 #102 #104 #107 #110 #114 #116 #117 #118 #119 #128 #129 #130 #131 #132 #133 #134 #135 #136 #137 #138 #139 #140 #141 #142 #143 #146 #147 #148 #149 #150 #151 #152 #153 #154 #157 #159 #160 #161 #162 #163 #164 #165 #167 #179 #184 #186 #188 #189 #192 #201 #211 #212 #213 #218 #227 #228 #229 #230 #231 #232 #235 #236 #237 #238 #239 #241 #243 #245 #247 #286 #289 #290 #360 #363,True,True,True,True
⚠ **`#211` adds the boundary this claim never had**: rerun through the same pipeline wit,#26 #63 #69 #75 #88 #90 #99 #100 #101 #102 #104 #107 #110 #114 #116 #117 #118 #119 #128 #129 #130 #131 #132 #133 #134 #135 #136 #137 #138 #139 #140 #141 #142 #143 #146 #147 #148 #149 #150 #151 #152 #153 #154 #157 #159 #160 #161 #162 #163 #164 #165 #167 #179 #184 #186 #188 #189 #192 #201 #211 #212 #213 #218 #227 #228 #229 #230 #231 #232 #235 #236 #237 #238 #239 #241 #243 #245 #247 #286 #289 #290 #360 #363,True,True,True,True
"**indistinguishable from zero at every cap**, while the uncapped arm gives −0.0328 (8.9×",#26 #63 #69 #75 #88 #90 #99 #100 #101 #102 #104 #107 #110 #114 #116 #117 #118 #119 #128 #129 #130 #131 #132 #133 #134 #135 #136 #137 #138 #139 #140 #141 #142 #143 #146 #147 #148 #149 #150 #151 #152 #153 #154 #157 #159 #160 #161 #162 #163 #164 #165 #167 #179 #184 #186 #188 #189 #192 #201 #211 #212 #213 #218 #227 #228 #229 #230 #231 #232 #235 #236 #237 #238 #239 #241 #243 #245 #247 #286 #289 #290 #360 #363,True,True,True,True
**So Δ is carried by later onsets and is absent among early ones** — and `#213` shows th,#26 #63 #69 #75 #88 #90 #99 #100 #101 #102 #104 #107 #110 #114 #116 #117 #118 #119 #128 #129 #130 #131 #132 #133 #134 #135 #136 #137 #138 #139 #140 #141 #142 #143 #146 #147 #148 #149 #150 #151 #152 #153 #154 #157 #159 #160 #161 #162 #163 #164 #165 #167 #179 #184 #186 #188 #189 #192 #201 #211 #212 #213 #218 #227 #228 #229 #230 #231 #232 #235 #236 #237 #238 #239 #241 #243 #245 #247 #286 #289 #290 #360 #363,True,True,True,True
"~5 distinct cuts, and the right end rests on n=1,944.) ⚠ **`#218` bounds the right end**",#26 #63 #69 #75 #88 #90 #99 #100 #101 #102 #104 #107 #110 #114 #116 #117 #118 #119 #128 #129 #130 #131 #132 #133 #134 #135 #136 #137 #138 #139 #140 #141 #142 #143 #146 #147 #148 #149 #150 #151 #152 #153 #154 #157 #159 #160 #161 #162 #163 #164 #165 #167 #179 #184 #186 #188 #189 #192 #201 #211 #212 #213 #218 #227 #228 #229 #230 #231 #232 #235 #236 #237 #238 #239 #241 #243 #245 #247 #286 #289 #290 #360 #363,True,True,True,True
"**`#212` separates the two readings and it is the window, not the artifact**: splitting ",#26 #63 #69 #75 #88 #90 #99 #100 #101 #102 #104 #107 #110 #114 #116 #117 #118 #119 #128 #129 #130 #131 #132 #133 #134 #135 #136 #137 #138 #139 #140 #141 #142 #143 #146 #147 #148 #149 #150 #151 #152 #153 #154 #157 #159 #160 #161 #162 #163 #164 #165 #167 #179 #184 #186 #188 #189 #192 #201 #211 #212 #213 #218 #227 #228 #229 #230 #231 #232 #235 #236 #237 #238 #239 #241 #243 #245 #247 #286 #289 #290 #360 #363,True,True,True,True
**The full-sample −0.0328 was diluted by the pre-14 stretch where the effect does not ex,#26 #63 #69 #75 #88 #90 #99 #100 #101 #102 #104 #107 #110 #114 #116 #117 #118 #119 #128 #129 #130 #131 #132 #133 #134 #135 #136 #137 #138 #139 #140 #141 #142 #143 #146 #147 #148 #149 #150 #151 #152 #153 #154 #157 #159 #160 #161 #162 #163 #164 #165 #167 #179 #184 #186 #188 #189 #192 #201 #211 #212 #213 #218 #227 #228 #229 #230 #231 #232 #235 #236 #237 #238 #239 #241 #243 #245 #247 #286 #289 #290 #360 #363,True,True,True,True
**Range restriction cannot explain it**: the early group has *lower* within-person onset,#26 #63 #69 #75 #88 #90 #99 #100 #101 #102 #104 #107 #110 #114 #116 #117 #118 #119 #128 #129 #130 #131 #132 #133 #134 #135 #136 #137 #138 #139 #140 #141 #142 #143 #146 #147 #148 #149 #150 #151 #152 #153 #154 #157 #159 #160 #161 #162 #163 #164 #165 #167 #179 #184 #186 #188 #189 #192 #201 #211 #212 #213 #218 #227 #228 #229 #230 #231 #232 #235 #236 #237 #238 #239 #241 #243 #245 #247 #286 #289 #290 #360 #363,True,True,True,True
"**There are not two kinds of people; there is one line, and it crosses zero at about 17½",#26 #63 #69 #75 #88 #90 #99 #100 #101 #102 #104 #107 #110 #114 #116 #117 #118 #119 #128 #129 #130 #131 #132 #133 #134 #135 #136 #137 #138 #139 #140 #141 #142 #143 #146 #147 #148 #149 #150 #151 #152 #153 #154 #157 #159 #160 #161 #162 #163 #164 #165 #167 #179 #184 #186 #188 #189 #192 #201 #211 #212 #213 #218 #227 #228 #229 #230 #231 #232 #235 #236 #237 #238 #239 #241 #243 #245 #247 #286 #289 #290 #360 #363,True,True,True,True
**A quantity whose range is 13× its own mean carries almost no information as a populati,#26 #63 #69 #75 #88 #90 #99 #100 #101 #102 #104 #107 #110 #114 #116 #117 #118 #119 #128 #129 #130 #131 #132 #133 #134 #135 #136 #137 #138 #139 #140 #141 #142 #143 #146 #147 #148 #149 #150 #151 #152 #153 #154 #157 #159 #160 #161 #162 #163 #164 #165 #167 #179 #184 #186 #188 #189 #192 #201 #211 #212 #213 #218 #227 #228 #229 #230 #231 #232 #235 #236 #237 #238 #239 #241 #243 #245 #247 #286 #289 #290 #360 #363,True,True,True,True
⚠ **The model-level direction is withdrawn**: a naming-independent structural test (`#13,#26 #63 #69 #75 #88 #90 #99 #100 #101 #102 #104 #107 #110 #114 #116 #117 #118 #119 #128 #129 #130 #131 #132 #133 #134 #135 #136 #137 #138 #139 #140 #141 #142 #143 #146 #147 #148 #149 #150 #151 #152 #153 #154 #157 #159 #160 #161 #162 #163 #164 #165 #167 #179 #184 #186 #188 #189 #192 #201 #211 #212 #213 #218 #227 #228 #229 #230 #231 #232 #235 #236 #237 #238 #239 #241 #243 #245 #247 #286 #289 #290 #360 #363,True,True,True,True
"Openness (+0.0593, 4.1×) and powerlessness (−0.0441, 2.8×) really do anchor only the lat",#26 #63 #69 #75 #88 #90 #99 #100 #101 #102 #104 #107 #110 #114 #116 #117 #118 #119 #128 #129 #130 #131 #132 #133 #134 #135 #136 #137 #138 #139 #140 #141 #142 #143 #146 #147 #148 #149 #150 #151 #152 #153 #154 #157 #159 #160 #161 #162 #163 #164 #165 #167 #179 #184 #186 #188 #189 #192 #201 #211 #212 #213 #218 #227 #228 #229 #230 #231 #232 #235 #236 #237 #238 #239 #241 #243 #245 #247 #286 #289 #290 #360 #363,True,True,True,True
"The two families differ in organisation and in arrival, but not in **external causes** |",#26 #63 #69 #75 #88 #90 #99 #100 #101 #102 #104 #107 #110 #114 #116 #117 #118 #119 #128 #129 #130 #131 #132 #133 #134 #135 #136 #137 #138 #139 #140 #141 #142 #143 #146 #147 #148 #149 #150 #151 #152 #153 #154 #157 #159 #160 #161 #162 #163 #164 #165 #167 #179 #184 #186 #188 #189 #192 #201 #211 #212 #213 #218 #227 #228 #229 #230 #231 #232 #235 #236 #237 #238 #239 #241 #243 #245 #247 #286 #289 #290 #360 #363,True,True,True,True
**It is one package in time and not one thing in preference structure** — the concrete f,#26 #63 #69 #75 #88 #90 #99 #100 #101 #102 #104 #107 #110 #114 #116 #117 #118 #119 #128 #129 #130 #131 #132 #133 #134 #135 #136 #137 #138 #139 #140 #141 #142 #143 #146 #147 #148 #149 #150 #151 #152 #153 #154 #157 #159 #160 #161 #162 #163 #164 #165 #167 #179 #184 #186 #188 #189 #192 #201 #211 #212 #213 #218 #227 #228 #229 #230 #231 #232 #235 #236 #237 #238 #239 #241 #243 #245 #247 #286 #289 #290 #360 #363,True,True,True,True
"⚠ Connectivity has **no knee** (1.6×), so ""closes at 17"" holds only for the category cou",#26 #63 #69 #75 #88 #90 #99 #100 #101 #102 #104 #107 #110 #114 #116 #117 #118 #119 #128 #129 #130 #131 #132 #133 #134 #135 #136 #137 #138 #139 #140 #141 #142 #143 #146 #147 #148 #149 #150 #151 #152 #153 #154 #157 #159 #160 #161 #162 #163 #164 #165 #167 #179 #184 #186 #188 #189 #192 #201 #211 #212 #213 #218 #227 #228 #229 #230 #231 #232 #235 #236 #237 #238 #239 #241 #243 #245 #247 #286 #289 #290 #360 #363,True,True,True,True
"Among those with later entries, the later-acquired categories are **less connected** to ",#26 #63 #69 #75 #88 #90 #99 #100 #101 #102 #104 #107 #110 #114 #116 #117 #118 #119 #128 #129 #130 #131 #132 #133 #134 #135 #136 #137 #138 #139 #140 #141 #142 #143 #146 #147 #148 #149 #150 #151 #152 #153 #154 #157 #159 #160 #161 #162 #163 #164 #165 #167 #179 #184 #186 #188 #189 #192 #201 #211 #212 #213 #218 #227 #228 #229 #230 #231 #232 #235 #236 #237 #238 #239 #241 #243 #245 #247 #286 #289 #290 #360 #363,True,True,True,True
"⚠ **Direction only, not magnitude**: cuts from 13.5 to 17.5 give −0.0165 → −0.0069 (a fa",#26 #63 #69 #75 #88 #90 #99 #100 #101 #102 #104 #107 #110 #114 #116 #117 #118 #119 #128 #129 #130 #131 #132 #133 #134 #135 #136 #137 #138 #139 #140 #141 #142 #143 #146 #147 #148 #149 #150 #151 #152 #153 #154 #157 #159 #160 #161 #162 #163 #164 #165 #167 #179 #184 #186 #188 #189 #192 #201 #211 #212 #213 #218 #227 #228 #229 #230 #231 #232 #235 #236 #237 #238 #239 #241 #243 #245 #247 #286 #289 #290 #360 #363,True,True,True,True
"The content line does not explain it either (PC4 only 0.2×), nor does rarity dispersion ",#26 #63 #69 #75 #88 #90 #99 #100 #101 #102 #104 #107 #110 #114 #116 #117 #118 #119 #128 #129 #130 #131 #132 #133 #134 #135 #136 #137 #138 #139 #140 #141 #142 #143 #146 #147 #148 #149 #150 #151 #152 #153 #154 #157 #159 #160 #161 #162 #163 #164 #165 #167 #179 #184 #186 #188 #189 #192 #201 #211 #212 #213 #218 #227 #228 #229 #230 #231 #232 #235 #236 #237 #238 #239 #241 #243 #245 #247 #286 #289 #290 #360 #363,True,True,True,True
"The remaining **9.4×** was taken to be ""personal"" — and `#159` shows **it is almost not ",#26 #63 #69 #75 #88 #90 #99 #100 #101 #102 #104 #107 #110 #114 #116 #117 #118 #119 #128 #129 #130 #131 #132 #133 #134 #135 #136 #137 #138 #139 #140 #141 #142 #143 #146 #147 #148 #149 #150 #151 #152 #153 #154 #157 #159 #160 #161 #162 #163 #164 #165 #167 #179 #184 #186 #188 #189 #192 #201 #211 #212 #213 #218 #227 #228 #229 #230 #231 #232 #235 #236 #237 #238 #239 #241 #243 #245 #247 #286 #289 #290 #360 #363,True,True,True,True
**Certain sexual interests simply arrive earlier or later than the shared schedule predi,#26 #63 #69 #75 #88 #90 #99 #100 #101 #102 #104 #107 #110 #114 #116 #117 #118 #119 #128 #129 #130 #131 #132 #133 #134 #135 #136 #137 #138 #139 #140 #141 #142 #143 #146 #147 #148 #149 #150 #151 #152 #153 #154 #157 #159 #160 #161 #162 #163 #164 #165 #167 #179 #184 #186 #188 #189 #192 #201 #211 #212 #213 #218 #227 #228 #229 #230 #231 #232 #235 #236 #237 #238 #239 #241 #243 #245 #247 #286 #289 #290 #360 #363,True,True,True,True
"**What uncommon things you like is a stable property (`#100`: +0.4611, 23.1×); when you ",#26 #63 #69 #75 #88 #90 #99 #100 #101 #102 #104 #107 #110 #114 #116 #117 #118 #119 #128 #129 #130 #131 #132 #133 #134 #135 #136 #137 #138 #139 #140 #141 #142 #143 #146 #147 #148 #149 #150 #151 #152 #153 #154 #157 #159 #160 #161 #162 #163 #164 #165 #167 #179 #184 #186 #188 #189 #192 #201 #211 #212 #213 #218 #227 #228 #229 #230 #231 #232 #235 #236 #237 #238 #239 #241 #243 #245 #247 #286 #289 #290 #360 #363,True,True,True,True
"**And `#150`'s pre-registered point prediction landed**: measured instead as ""how rare i",#26 #63 #69 #75 #88 #90 #99 #100 #101 #102 #104 #107 #110 #114 #116 #117 #118 #119 #128 #129 #130 #131 #132 #133 #134 #135 #136 #137 #138 #139 #140 #141 #142 #143 #146 #147 #148 #149 #150 #151 #152 #153 #154 #157 #159 #160 #161 #162 #163 #164 #165 #167 #179 #184 #186 #188 #189 #192 #201 #211 #212 #213 #218 #227 #228 #229 #230 #231 #232 #235 #236 #237 #238 #239 #241 #243 #245 #247 #286 #289 #290 #360 #363,True,True,True,True
"⚠ But CONSISTENT, not PROVEN: the equivalence bound can only exclude a discrepancy large",#26 #63 #69 #75 #88 #90 #99 #100 #101 #102 #104 #107 #110 #114 #116 #117 #118 #119 #128 #129 #130 #131 #132 #133 #134 #135 #136 #137 #138 #139 #140 #141 #142 #143 #146 #147 #148 #149 #150 #151 #152 #153 #154 #157 #159 #160 #161 #162 #163 #164 #165 #167 #179 #184 #186 #188 #189 #192 #201 #211 #212 #213 #218 #227 #228 #229 #230 #231 #232 #235 #236 #237 #238 #239 #241 #243 #245 #247 #286 #289 #290 #360 #363,True,True,True,True
"All Big Five \|r\| ≤ 0.056, **openness only +0.023 [R15 3× curveball · scope stated]** —",#26 #63 #69 #75 #88 #90 #99 #100 #101 #102 #104 #107 #110 #114 #116 #117 #118 #119 #128 #129 #130 #131 #132 #133 #134 #135 #136 #137 #138 #139 #140 #141 #142 #143 #146 #147 #148 #149 #150 #151 #152 #153 #154 #157 #159 #160 #161 #162 #163 #164 #165 #167 #179 #184 #186 #188 #189 #192 #201 #211 #212 #213 #218 #227 #228 #229 #230 #231 #232 #235 #236 #237 #238 #239 #241 #243 #245 #247 #286 #289 #290 #360 #363,True,True,True,True
"**This claim is safe by design, not by luck** | `#101` `#102` `#154` | | **People rememb",#26 #63 #69 #75 #88 #90 #99 #100 #101 #102 #104 #107 #110 #114 #116 #117 #118 #119 #128 #129 #130 #131 #132 #133 #134 #135 #136 #137 #138 #139 #140 #141 #142 #143 #146 #147 #148 #149 #150 #151 #152 #153 #154 #157 #159 #160 #161 #162 #163 #164 #165 #167 #179 #184 #186 #188 #189 #192 #201 #211 #212 #213 #218 #227 #228 #229 #230 #231 #232 #235 #236 #237 #238 #239 #241 #243 #245 #247 #286 #289 #290 #360 #363,True,True,True,True
"⚠ **It is a population regularity, not a personal one** (`#162`): the per-person slope's",#26 #63 #69 #75 #88 #90 #99 #100 #101 #102 #104 #107 #110 #114 #116 #117 #118 #119 #128 #129 #130 #131 #132 #133 #134 #135 #136 #137 #138 #139 #140 #141 #142 #143 #146 #147 #148 #149 #150 #151 #152 #153 #154 #157 #159 #160 #161 #162 #163 #164 #165 #167 #179 #184 #186 #188 #189 #192 #201 #211 #212 #213 #218 #227 #228 #229 #230 #231 #232 #235 #236 #237 #238 #239 #241 #243 #245 #247 #286 #289 #290 #360 #363,True,True,True,True
"**""Some people are more prone than others to remembering their favourites as early"" does",#26 #63 #69 #75 #88 #90 #99 #100 #101 #102 #104 #107 #110 #114 #116 #117 #118 #119 #128 #129 #130 #131 #132 #133 #134 #135 #136 #137 #138 #139 #140 #141 #142 #143 #146 #147 #148 #149 #150 #151 #152 #153 #154 #157 #159 #160 #161 #162 #163 #164 #165 #167 #179 #184 #186 #188 #189 #192 #201 #211 #212 #213 #218 #227 #228 #229 #230 #231 #232 #235 #236 #237 #238 #239 #241 #243 #245 #247 #286 #289 #290 #360 #363,True,True,True,True
**It is not generated at the moment of answering the survey** | `#119` | | **Among inter,#26 #63 #69 #75 #88 #90 #99 #100 #101 #102 #104 #107 #110 #114 #116 #117 #118 #119 #128 #129 #130 #131 #132 #133 #134 #135 #136 #137 #138 #139 #140 #141 #142 #143 #146 #147 #148 #149 #150 #151 #152 #153 #154 #157 #159 #160 #161 #162 #163 #164 #165 #167 #179 #184 #186 #188 #189 #192 #201 #211 #212 #213 #218 #227 #228 #229 #230 #231 #232 #235 #236 #237 #238 #239 #241 #243 #245 #247 #286 #289 #290 #360 #363,True,True,True,True
"⚠ **Doubling the sample did not strengthen it** (3.093 → 3.048), and the source line cla",#26 #63 #69 #75 #88 #90 #99 #100 #101 #102 #104 #107 #110 #114 #116 #117 #118 #119 #128 #129 #130 #131 #132 #133 #134 #135 #136 #137 #138 #139 #140 #141 #142 #143 #146 #147 #148 #149 #150 #151 #152 #153 #154 #157 #159 #160 #161 #162 #163 #164 #165 #167 #179 #184 #186 #188 #189 #192 #201 #211 #212 #213 #218 #227 #228 #229 #230 #231 #232 #235 #236 #237 #238 #239 #241 #243 #245 #247 #286 #289 #290 #360 #363,True,True,True,True
⚠ **`#141` is withdrawn in full** — it re-priced the claim by re-running `A02/R034` with,#26 #63 #69 #75 #88 #90 #99 #100 #101 #102 #104 #107 #110 #114 #116 #117 #118 #119 #128 #129 #130 #131 #132 #133 #134 #135 #136 #137 #138 #139 #140 #141 #142 #143 #146 #147 #148 #149 #150 #151 #152 #153 #154 #157 #159 #160 #161 #162 #163 #164 #165 #167 #179 #184 #186 #188 #189 #192 #201 #211 #212 #213 #218 #227 #228 #229 #230 #231 #232 #235 #236 #237 #238 #239 #241 #243 #245 #247 #286 #289 #290 #360 #363,True,True,True,True
"**In the US, condemnation of pornography collapsed and the gap it marks did not move.** ",(无),False,False,False,False
"They do not report the same thing: **0.320 vs 0.425 positive, Δ = +0.105, 95% CI [+0.079",(无),False,True,False,False
"The **condemnation gap itself**, though, is not distinguishable between the arms: **Δ lo",(无),False,True,False,False
"⚠ Two things vary together between the arms (the object named, and the answer format), s",(无),False,False,False,False
That is **4.5× the 0.20 that separates the GSS and NSFG numbers above.** That round was ,#490,False,True,True,False
**The last two are asked of the same people about the same behaviour — first intercourse,(无),False,False,False,False
"**And it is not carried by how many people condemn.** Across the six topics, the gap doe",(无),False,True,False,False
"Fitting one slope per topic gives **−0.61, −0.68, −0.35** for same-sex relations, cohabi",(无),True,False,False,False
**And that strictness coordinate is not one ruler but two** `[#523「一个新数字也没有引入」]`**.** Sp,(无),False,False,False,False
"⚠ The two counts correlate at **+0.54**, which widens both standard errors and therefore",(无),False,False,False,False
"But two paragraphs failed **completely**, on a single anchor each: the one reporting **−",(无),False,False,False,False
A genuinely Chinese line scores 0.435 on the same measure and an English line with an em,(无),False,False,False,False
"On the real pages, **16.3% of the Chinese page's paragraphs collapse to two tokens or fe",(无),False,False,False,False
Matching Chinese by two-character sequences instead of whole runs takes the two paragrap,(无),False,False,False,False
"- **A null with content.** In the US, the share saying pornography should be illegal for",(无),False,True,False,False
"- **Strictness is a person-level coordinate, and it is two rulers, not one.** Per additi",(无),False,False,False,False
"- **An eighth, and it points the other way: there is one ruler at the person level, even",(无),False,False,False,False
"First, this page said those items were *answered by the same people*: across the 1,271 a",(无),False,False,False,False
The reference figure is a median of *absolute* values over correlations whose signs are ,(无),False,False,False,False
So the tightness is not an artefact of the sexual items being four-point: **the purity f,(无),False,False,False,False
⚠ And the rival that could not be tested at all in the GSS — that this is really religio,(无),False,False,False,False
"But **delete it and purity's lead over the next domain goes UP, not down**: +0.171 → +0.",(无),False,False,False,False
Its cross-domain correlation ranks **8th of 30**; by median it is level with the top pur,(无),False,False,False,False
It was read off a table sorted by a *different* column and truncated to twelve rows; ran,(无),False,False,False,False
The second stands and sharpens: the four **lowest** ratios in the whole questionnaire ar,(无),False,False,False,False
"**Purity is the loudest moral family, not the most separate one**: its items cohere hard",(无),False,False,False,False
Asking which domain binds the *rest* of morality together — remove one domain's common f,(无),False,False,False,False
"But removing the first **two** moral factors and then politics, its own contribution fal",(无),False,False,False,False
But **no single moral concern can claim either one.** The first axis correlates 0.896 wi,(无),False,False,False,False
**A random direction in the same 30-dimensional space produces a top-two spread of 0.093,(无),False,False,False,False
"⚠ **And that two-bundle structure is what this questionnaire's own literature reports, s",(无),False,False,False,False
Sorting those 26 by which axis explains them better gives a picture that needs no statis,(无),False,False,False,False
"But the pre-registered test counted how many of the 26 each axis claims, and the count's",(无),False,False,False,False
So a person's severity about one sexual practice does predict their severity about the o,(无),False,False,False,False
The cheapest check settles the direction: the abortion battery *is* binary and still rea,(无),False,False,False,False
Across the whole eight-cell grid the median is **+0.125** — and the right thing to compa,(无),False,False,False,False
"Built properly, from ordinal variables of the *same kind* spanning *different* practices",(无),False,False,False,False
"Assigning variables to practices is a judgement, so it was varied: the baseline moves by",(无),False,False,False,False
The premarital figure survives that comparison — it exceeds all 15 same-source pairs and,(无),False,False,False,False
"- **A twelfth, and it is mostly a correction of scope: ""sex is one block"" is scale-depen",(无),False,False,False,False
The four checks were then chained into one report and pointed at a health survey this pr,(无),False,False,False,False
"- **And one sentence carried over from a result that was not published: five ""different""",(无),False,False,False,False
A pre-registered check then asked whether that synchrony extends to sexual violence (sex,(无),False,False,False,False
All ten magnitudes sit between 0.85 and 0.89 — the underlying claim survives and is if a,(无),False,False,False,False
"- **A thirteenth, and the answerable version of the question the sexual items could not ",(无),False,False,False,False
⚠⚠ **[DOWNGRADED — the judgement this rests on turns out to carry it entirely.]** Which ,(无),False,False,False,False
"**That makes it the only claim here that has been asked ""does this depend on how you gro",(无),False,False,False,False
"Building the asymmetry back in deliberately, in the opposite direction, moves it to **+0",(无),False,False,False,False
"⚠ Four of the eight have now been measured, and **only one turned out to be what it said",(无),False,False,False,False
"- **A fourteenth, and it is the last question this claim had not been asked: her sexual ",(无),False,False,False,False
But the margin is **1.13 to 1.66** depending on whether the items are read at five point,(无),False,False,False,False
**So there is no bridge — what there is is a constant.** A person's position on sexual m,(无),False,False,False,False
**It is not carried by one or two questions**: dropping any single item moves it by at m,(无),False,False,False,False
**And it is not constant** — across fifty-two years the link rises from **0.227 in 1972 ,(无),False,False,False,False
⚠ Asked whether that tightening is generations replacing one another or people changing ,(无),False,False,False,False
"- **A fifteenth, and it narrows the warning attached to the fifth: what the ethnographer",#528 #635 #638 #639,True,True,True,True
"⚠ **The assertion sat on this page for twenty-one rounds with no null, and now has one:*",#528 #635 #638 #639,True,True,True,True
"**It stands.** ⚠ Supplying the null turned up something I was not looking for, and it ma",#528 #635 #638 #639,True,True,True,True
"⇒ `#639` reported RAW Spearman, not the normalised one.** This pair's ceiling is only **",#528 #635 #638 #639,True,True,True,True
"**That is not this row's defect, it is the page's comparability debt**, and it was force",#528 #635 #638 #639,True,True,True,True
"- **A sixteenth, and it qualifies the sixth rather than overturning it: a ""strict societ",(无),False,False,False,False
"**All six clear 0.491; the lowest pair is +0.7924.** ⚠ The strongest confound, written b",(无),False,False,False,False
And **asking a different team the same question** (Barry 1977's early boys × Lang 1998's,(无),False,False,False,False
"**This sentence stands now and did not stand then, and that is written here rather than ",(无),False,False,False,False
"- **A seventeenth, and it is the question the sixteenth asked and could not answer: the ",#528 #529 #635 #639,True,True,True,True
**What is resolved is that these are not the same act**: the highest upper 95% bound acr,#528 #529 #635 #639,True,True,True,True
⚠ **What is not resolved is something I wrote the wrong criterion for.** I cut the ladde,#528 #529 #635 #639,True,True,True,True
This is the third instance of one defect (`#635` and `#639` wrote the floor on n; this o,#528 #529 #635 #639,True,True,True,True
⚠ Three controls ran in the same iteration: coarsening does not carry this (`SCCS754` is,#528 #529 #635 #639,True,True,True,True
"- **An eighteenth, and it is the step I deliberately built so that the outcome I did not",(无),False,False,False,False
⚠ The signs between techniques are readable: **a society that hits more also lectures mo,(无),False,False,False,False
⚠ But **this is not a single harsh↔warm axis**: PC1 over the five technique scores is on,(无),False,False,False,False
⚠ The most important cell is the positive control: **example-setting's own four targets ,(无),False,False,True,False
"Four structural variables, all polarity-readable, same four targets: example-setting's m",(无),False,False,False,False
"- **A twenty-first, and it is a *cannot*: not one of the five instruments this work can ",(无),False,False,False,False
**But both controls failed**: the six A pairs range over **0.5281** (the criterion asked,(无),False,False,False,False
"Dividing each pair by its own ceiling moves the median from +0.0797 to **+0.3553**, agai",(无),False,False,False,False
"⚠ **One control passed and one failed, and the one that failed settles it**: the within-",(无),True,False,True,False
**Dividing by a ceiling of 0.095 amplifies sampling noise; the ratio is a noisy quantity,(无),False,False,False,False
"**This retracts nothing** (comparisons and ratios within one format are untouched), **bu",(无),False,False,False,False
"The result: the five domains' median ceilings are **0.913–0.950**, and normalised the or",(无),False,False,False,False
"⚠ **And one specification disagrees, published with the rest**: under Kendall the normal",(无),False,False,False,False
"- **A twenty-fifth, and it turns the ninth from a direction into a magnitude: the same w",(无),False,False,True,False
"⚠ **Then the ninth was triaged for the first time, and its ordering does not flip**: the",(无),False,False,False,False
⚠ **And the very next round overturned that sentence; it stays here rather than being de,(无),False,False,False,False
**But the family side is not a domain.** Reading the item texts as the rule requires (**,(无),False,False,True,False
⚠ **So the fair comparison is the three sexual items against the four cohabitation items,(无),False,False,False,False
⚠ **The instrument broke in two places and both were mine.** ① The positive control asse,(无),False,False,True,False
② The floor was written at **150** while the ethnographic dataset holds **at most 186 so,(无),False,False,False,False
"- **A twenty-eighth, and it is the second bet I placed the wrong way: the domain boundar",(无),False,False,True,False
⚠ Hard rule 1 bites here: those two items' texts **are not in the release** (four files ,(无),False,False,False,False
⚠ **And purity is exactly the block I named in advance as the one I least wanted to be a,#542 #650 #653 #676 #713 #716 #718 #720 #731 #734 #739 #740,True,True,True,True
"⚠ Conversely, **two blocks are openly not one thing**: the four binary police items have",#542 #650 #653 #676 #713 #716 #718 #720 #731 #734 #739 #740,True,True,True,True
"⚠ And since ""clique"" uses a chosen threshold of 0.30, what this page reports is the **we",#542 #650 #653 #676 #713 #716 #718 #720 #731 #734 #739 #740,True,True,True,True
"⚠ **The NSFG leg: all 119 three-item blocks from its pool, null 95th percentile 0.3124, ",#542 #650 #653 #676 #713 #716 #718 #720 #731 #734 #739 #740,True,True,True,True
"**The weakest link is a min over C(k,2) pairs; the smaller k is, the fewer draws the min",#542 #650 #653 #676 #713 #716 #718 #720 #731 #734 #739 #740,True,True,True,True
"Against a null of **all 4,840 enumerated blocks** (q95 0.2504) the two groupings do not ",#542 #650 #653 #676 #713 #716 #718 #720 #731 #734 #739 #740,True,True,True,True
"The seam runs along the technique, not the child.** ⚠ **And I nearly wrote this backward",#542 #650 #653 #676 #713 #716 #718 #720 #731 #734 #739 #740,True,True,True,True
"So purity goes 11.23× → **5.66×**, the GSS sexual four 7.25× → **4.56×**, and **two cros",#542 #650 #653 #676 #713 #716 #718 #720 #731 #734 #739 #740,True,True,True,True
**⇒ 84% of the gap comes from the denominator and 16% from the numerator.** And the deno,#542 #650 #653 #676 #713 #716 #718 #720 #731 #734 #739 #740,True,True,True,True
"The entire spread sits in the denominator.** ⇒ **""A person has one sexual morality"" stan",#542 #650 #653 #676 #713 #716 #718 #720 #731 #734 #739 #740,True,True,True,True
"⇒ **Inside the NSFG questionnaire, ""which block coheres more"" cannot be asked at all — i",#542 #650 #653 #676 #713 #716 #718 #720 #731 #734 #739 #740,True,True,True,True
⚠ The original **1.10× divided one observed quantity by another** — `realstat` and `#716,#542 #650 #653 #676 #713 #716 #718 #720 #731 #734 #739 #740,True,True,True,True
"⇒ **Turning ""which kind of morality coheres more"" into a finding needs a comparison matc",#542 #650 #653 #676 #713 #716 #718 #720 #731 #734 #739 #740,True,True,True,True
"That is not ""not yet done""; it is what this instrument cannot do — and a condition-type ",#542 #650 #653 #676 #713 #716 #718 #720 #731 #734 #739 #740,True,True,True,True
"So ""a person has one sexual morality"" is about people, not about the four sentences I ha",#542 #650 #653 #676 #713 #716 #718 #720 #731 #734 #739 #740,True,True,True,True
"They share something real, but they are not one thing.** ⚠⚠ **And the next round fixed t",#542 #650 #653 #676 #713 #716 #718 #720 #731 #734 #739 #740,True,True,True,True
⇒ **So the 0.3002 above is a lower bound and the latent value is somewhat higher — while,#542 #650 #653 #676 #713 #716 #718 #720 #731 #734 #739 #740,True,True,True,True
Over the same years coherence — the mean of the six ceiling-normalised pair correlations,#542 #650 #653 #676 #713 #716 #718 #720 #731 #734 #739 #740,True,True,True,True
④ Positive control: **with the cutpoints frozen the simulation moves −0.0020 over 36 yea,#542 #650 #653 #676 #713 #716 #718 #720 #731 #734 #739 #740,True,True,True,True
⚠ **And what makes the control credible is that it fired elsewhere**: the same simulatio,#542 #650 #653 #676 #713 #716 #718 #720 #731 #734 #739 #740,True,True,True,True
"Stratifying by **sex** at the same granularity gives **+0.00610 = 91%**, so **stratifica",#542 #650 #653 #676 #713 #716 #718 #720 #731 #734 #739 #740,True,True,True,True
"The word that remains is what elimination left, not what was measured.** `[#743「世代内的年份就是",#542 #650 #653 #676 #713 #716 #718 #720 #731 #734 #739 #740,True,True,True,True
> ⛔ ~~And one detail that has to be named: of the three sexual items `xmarsex` gains onl,#542 #650 #653 #676 #713 #716 #718 #720 #731 #734 #739 #740,True,True,True,True
⇒ **Becoming more permissive happened mostly among people who were not condemning much t,#745,False,False,True,False
"⚠⚠ **And the last question was *who*, and the answer is the counter-intuitive one.** Spl",#691 #745,True,True,True,True
⚠ The placebo guards this round's own trap: a random three-way split gives +0.00563 (84%,#691 #745,True,True,True,True
⇒ **That reading should no longer be repeated as if established.** ⚠ **And the design's ,#691 #745,True,True,True,True
"⚠ **And my first verdict line called this gradient *collapsed*, because I divided one no",#691 #745,True,True,True,True
⚠ Three things must be said together: ① **this is still an upper bound** — the retest ru,#716 #731,True,False,True,False
"⚠ Three shrinkages: ① **numerator only, no ratio** — `#731` has just established that a ",#716 #731,True,False,True,False
"⚠ Three candidate axes were each tested, and one came out backwards: **item count** cost",#716 #731,True,False,True,False
⚠ A third quantity fell out on the way: pairwise deletion and within-block listwise dele,#716 #731,True,False,True,False
"- **A thirtieth, and it is a *cannot* plus a mechanism: in the questionnaire that divide",(无),False,False,False,False
"On the original's absolute reading, within is **0.5856** and between **0.1734**, **a dev",(无),False,False,False,False
"**Among the 108 measurable pairs the most-dropped qualifiers are controls, sample size, ",(无),False,False,False,False
"- **A thirty-second, and it is an UNVERIFIED whose only surviving content is a limit: on",(无),False,False,False,False
"⚠ **But the placebo failed, and heavily**: taking **support for the death penalty** — a ",(无),False,False,False,False
"**This round licenses no new sentence about people, and it narrows the old ones: every d",(无),False,False,False,False
⚠ **Testing that as preregistered: dropping the 2021 and 2022 waves leaves the placebo a,(无),False,False,False,False
"**Replicated across two independent years, and growing.** ⚠ The control is what matters:",(无),False,False,False,False
"**So ""specific to sexual items"" was manufactured by sign cancellation, and the thirty-th",(无),False,False,False,False
"⚠ Under the confound control fixed last round, resampling the non-sexual group down to t",(无),False,False,True,False
"- **A thirty-sixth, and it closes this line: people say something different to a person ",(无),False,False,False,False
② **And the trap fired too**: the highest-gradient stratum (liberals) **is exactly the s,(无),False,False,False,False
"**But its own death-penalty gradient is +0.0781, still 56% of it, and it fails the same ",(无),False,False,False,False
*if any cross-cultural archive carries child corporal punishment coded separately by tar,(无),False,False,False,False
"- **A thirty-eighth, the first positive result in this stretch and the fourth bet I plac",(无),False,False,False,False
⚠ Reading the codes saved the round twice: Murdock's column is **reversed in polarity** ,(无),False,False,True,False
"⚠ **But clean code text does not prove the coder did not infer from norms, and that laye",(无),False,False,True,False
"**⇒ Rarity is not condemnation's shadow, and the previous entry's +0.6725 is therefore n",(无),False,False,False,False
**The result: the corporal-punishment quartet's median is +0.8392 (reproducing the origi,(无),False,False,False,False
"⚠ Two boundaries: the two publications **share a first author**, so this is **cross-publ",(无),False,False,False,False
② The placebo compared the wrong quantity: the non-sexual moral items' weakest links are,(无),False,False,False,False
"- **A forty-fourth, which turns a finding that looked like it was about sex into one abo",(无),False,False,False,False
"⚠ **But the placebo killed it, in the most informative way possible.** This round's plac",(无),False,False,False,False
"**It does, and more strongly on every stratifier (age +1.00, education +1.00, attendance",(无),False,False,False,False
"Median −0.20, range 1.80, where the criterion required under 0.5.** ⚠ **And the null is ",(无),False,False,False,False
"- **A forty-sixth, and what dies here is not a psychological conclusion but the ruler I ",(无),False,False,False,False
"**The placebo does not, and fails by an equal magnitude with the opposite sign**: the sa",(无),False,False,False,False
"⚠ **But the real cause of death is a third thing, and it is structural**: exhausting the",(无),True,False,False,False
"⇒ **Not ""it holds for all societies"", but ""this ruler cannot answer"".** ⚠ **And it bites",(无),True,False,False,False
"**The result is a clean crossover: on education, the sexual quartet gives +0.1349 (p=0.0",(无),False,False,False,False
"⚠ **On a second instrument it does not replicate, and that is published as found**: of t",(无),False,False,False,False
"**⇒ This sentence holds for the four sexual-permissiveness items only, and may not be pr",(无),False,False,False,False
"- **A forty-eighth, and what kills the ""it is just growing more permissive"" explanation ",(无),False,False,False,False
"⇒ Growing permissive and becoming one position are two different things, and education d",(无),False,False,True,False
"- **A forty-ninth, and it is the confound I preregistered one entry earlier, coming back",(无),False,False,False,False
"- **A fiftieth, and it raises the sturdiest claim on this page while shrinking one I had",(无),False,False,False,False
"**⇒ The level moves, the structure does not; this is education, not the era.** ⚠ **And t",(无),False,False,False,False
**⇒ The battery tightening as a whole is a 1990s fact; after 2000 only the homosexuality,(无),False,False,False,False
"- **A fifty-first, and what caught it was not me but a rule I had written down: a conclu",(无),False,False,False,False
"**The split is by battery (may they speak / may they teach / may their book be shelved),",(无),False,False,False,False
**⇒ This round's preregistered main quantity is withdrawn: pooling read a battery effect,(无),False,False,False,False
"**⇒ The previous entry's ""split by battery"" was this, and not a battery effect.** Aligne",(无),False,False,True,False
"- **A fifty-third, which demotes its own predecessor and trades it for something cleaner",(无),False,False,False,False
"**⇒ The previous sentence shrinks to ""education tightens all moral judgements with each ",(无),False,False,False,False
"Both specifications were run and both are published, and they give opposite pictures: **",(无),False,False,False,False
"The preregistered control was the wrong one, the restriction is the right one, and +0.03",(无),False,False,False,False
⚠ A unit error in my own code is named rather than hidden: one cell of the rank specific,(无),False,False,False,False
**⇒ It is education.** ⚠ One incomparability I flag against myself: this round's ends ar,(无),False,False,False,False
"⚠ Heterogeneity is published: **the oldest cell is +0.2103, three to four times the othe",(无),False,False,False,False
⚠ And what *it is education* means must be pinned down: **cohort is year minus age and c,(无),False,False,False,False
⚠ Printing first caught another structural fact: **the sexual quartet and the police bat,(无),False,False,True,False
**Result: the raw correlation is +0.0530 and clears its shuffled null; after partialling,(无),False,False,False,False
Neither of the two stop conditions printed first was triggered: its correlation with *ho,(无),False,False,False,False
*Finer discrimination* and *blanket judgement* are two descriptions of that one compress,(无),False,False,False,False
"- **A fifty-ninth, and it is the result I wrote down in advance as the one I would not w",(无),False,False,False,False
"⚠ Because part of that 79.5% is manufactured by the −0.2189, **a random split is not a s",(无),False,False,False,False
The observation is 2.436.** **⇒ The compression is directional.** ⚠ **The previous entry,(无),False,False,False,False
"- **A sixtieth, the one test on this line capable of demoting its own twelve rounds whol",(无),False,False,False,False
"**The verdict splits: within-person compression goes from −0.1574 to −0.0872, retaining ",(无),False,False,False,False
"**⇒ ""Education tightens all moral judgements with each other, and sex is no exception"" i",(无),False,False,False,False
"**⇒ The decomposition is structurally impossible on GSS, and the rules forbid marking an",(无),False,False,False,False
"""Answering more flatly"" is an aggregate that had two opposite things pressed together — ",(无),False,False,False,False
"**Results: education correlates −0.1242 with total variation, +0.0980 with extremity, an",(无),False,False,True,False
"- **A sixty-third, whose real product is not the psychological conclusion but something ",(无),False,False,False,False
⚠ **And here is the real event: I ran the nulls for those ratios — the extremity ratio's,(无),False,False,False,False
"**⇒ My preregistered [0.5, 2] was written from intuition rather than measured from the n",(无),False,True,False,False
⚠ The preregistered worry landed: **the round behind the earliest 1.10× persisted no res,(无),False,False,False,False
"**The positive control reproduces to the digit (1.967 / 0.3837 and 2.834 / 0.0423), so t",(无),True,False,True,False
⚠ **And the positive control the previous entry had fixed in advance killed the audit on,(无),False,False,True,False
⚠ **What the mark is not must be stated plainly**: it does **not** mean the claim is wro,(无),True,False,False,False
"- **A sixty-eighth, back to the object after four rounds spent taking my own work apart ",(无),False,False,False,False
⚠ Reported separately as preregistered: **the twenty-eight cross-project pairs have a me,(无),False,False,False,False
What can be said is scope: **+0.845 is the consistency among one team's marks for four t,(无),False,False,False,False
**Result: the observation is +0.8679 against a loose-null 95th percentile of just 0.0895,(无),False,False,False,False
"- **A seventieth, and it completes the previous entry's bad news into a whole sentence: ",(无),False,False,False,False
"**Reporting only the absolute value would turn ""there is a pattern"" into ""everything is ",(无),False,False,False,False
All three gates pass.** ⚠ Three things stated plainly against myself: **the axis is not ,(无),False,False,False,False
"It is +0.3631, against a loose-null 95th percentile of 0.2335 and a halo-null 0.2381, wh",(无),False,False,False,False
"- **A seventy-third, recorded UNVERIFIED, and the failure itself is the heaviest informa",(无),True,False,False,False
**⇒ A society-level correlation of 0.83 between condemnation and rarity is inseparable f,(无),False,False,False,False
The pipeline is validated against the previous entry's numbers — axis-versus-external co,(无),False,True,False,False
"The null's width therefore has two sources, one that shrinks with sample size and one th",(无),False,False,False,False
"Against that, E01's instrument has sixty-eight matched pairs.** ⇒ **Outside it the maxim",(无),False,False,False,False
"Over the 509 ledger entries, a **number** anchor is weak — `0.20` appears in **13.4% of ",(无),False,False,False,False
"| What I said | Now | Why | |---|---|---| | ""Sexual is a value, not a category"" (the epo",#64 #67 #69 #70 #82 #86 #87 #88 #99 #102 #115,True,True,True,True
| Cannot | The measured bound | |---|---| | See structure carried by ≤30% of people (var,#69 #89 #91 #105 #120 #122 #338 #339 #343,True,True,True,True
**And a transferable methodological result — but a much smaller one than I first publish,#20 #169,True,False,True,False
"What does **not** stand is the law I built on top of it: ~~`corr(deficit, coverage gap) ",#20 #169,True,False,True,False
With a validated reliability ladder (positive control: SUBSTANCE against itself r_true =,#321,False,True,True,False
"⚠ **`#321`: and that is now a resolved intermediate, not a failure to measure** — the bo",#321,False,True,True,False
"**Shared, but not identical: the male–female 0.805 sits well below the 0.966 a random sp",#358,False,True,True,False
**[CONFIRMED — RETRACTIONS #22]** onset carries structure preference does not: observed ,#358,False,True,True,False
"**[KILLED — RETRACTIONS #20]** the law I built on it — ~~corr(congruence deficit, covera",#20,True,False,True,False
**The hazard is theirs; one correction on one split is mine; the law was nobody's (`#20`,#20,True,False,True,False
"⚠ **That figure was computed at one setting (K=6) and never swept**, and the ledger's ow",(无),False,False,False,False
**[UNVERIFIED — RETRACTIONS #26]** the '9–13% response style' figure comes from an index,(无),False,False,False,False
"Anchors are phrases rather than numbers, because a cited number collides with 13.4% of t",(无),False,False,False,False
| Assertion | Unit | Instrument | Population | Figure | Not separated | |---|---|---|---,(无),False,True,False,False
"They do not, and more importantly **nothing does**: once latitude and longitude are part",(无),False,False,True,False
A woman whose interviewer-reported lifetime count is zero cannot have had one in the las,(无),False,False,False,False
But the same contradiction computed for **live births** — a fact carrying no shame at al,(无),False,False,False,False
**No bridge — the ratio was the denominator.** | | 3 | Then it is a constant: sexual pos,(无),False,False,False,False
**Not explained.** | | 5 | **Drop each item in turn; then plot it by year** | No item ca,(无),False,False,False,False
**It is a process.** | | 6 | **Split by age band × birth cohort; then re-band three ways,(无),False,False,False,False
