q,K,seed,world,I,P,C,W
1,1,11,real,0.2438119393827564,0.08442894824159632,0.0017610732345089326,-0.008770510653904624
1,1,11,permC,0.24388173360800555,0.08425937088053426,0.0001667777594159536,-0.008438881517657657
1,1,11,margin,0.24217578673731838,0.08379551986807968,0.00015400565433645871,-0.06655074741717482
1,1,11,rowshuf,4.510089828636358e-05,0.0403883155561047,-0.00012951765590105135,-0.07205811797514111
1,1,11,colshuf,0.2451362413311024,-0.05364212394500391,-0.00020939386091276915,-0.07867904315343317
1,2,11,real,0.2429398668993932,0.08823086871141937,0.003015499529777726,-0.028835231156344815
1,2,11,permC,0.2429351942047134,0.08808113662049868,0.0001407397963259227,-0.028726911027380092
1,2,11,margin,0.24164793170885368,0.08763669437344393,0.00017379366899936133,-0.12459002343165596
1,2,11,rowshuf,1.7973573066561627e-05,0.04504508397948742,-0.00021497196860958967,-0.14270861756893005
1,2,11,colshuf,0.24531755244081357,-0.04991832497217078,-0.0002620898261015414,-0.15806744810080453
1,3,11,real,0.2405598343802799,0.09110414689155971,0.004063651185097364,-0.06331066117962267
1,3,11,permC,0.24071772585864434,0.09098495535439535,0.00013280217326999685,-0.06193221577705871
1,3,11,margin,0.24104084015908636,0.09151463864006333,0.0007258634061162449,-0.1795900484807582
1,3,11,rowshuf,5.2892345750066294e-05,0.05161865677818348,-0.0002777938683080997,-0.21729811230941715
1,3,11,colshuf,0.24502153129959292,-0.04539016182334967,-0.00030377229230281,-0.21909500336176257
1,5,11,real,0.23900123558318156,0.09539425435705372,0.005795416000242258,-0.13006349614961615
1,5,11,permC,0.2393405566343062,0.09522198954581303,0.000156593870210886,-0.12728096590258348
1,5,11,margin,0.23993007806682745,0.09637648425350501,0.0007607061052282428,-0.2739045512749195
1,5,11,rowshuf,5.337978914365937e-05,0.06345635585666871,-0.0004056605356693721,-0.34763720279195987
1,5,11,colshuf,0.24338149517712868,-0.04195146923007361,-0.00026042553502497734,-0.3183037362486299
1,8,11,real,0.23862191337655952,0.09979922181063339,0.008341757973178876,-0.2251954334494537
1,8,11,permC,0.23887333220185364,0.0995660562101922,-1.6640707271762617e-05,-0.22202124720517066
1,8,11,margin,0.2379727836904723,0.09747646227873227,0.0007895287811020465,-0.37647812884722653
1,8,11,rowshuf,5.206500054349047e-05,0.07006065318634777,-0.0005482364148726993,-0.5096259363218344
1,8,11,colshuf,0.24077090757880573,-0.035805882970499824,-0.0004567268702727982,-0.3842423599660557
1,1,29,real,0.24148913887264525,0.08133134922862925,0.0017826457735028352,-0.0054950836108699505
1,1,29,permC,0.24137832206599455,0.08113011529738114,-0.000118654975482968,-0.005250925901184053
1,1,29,margin,0.23723366461258302,0.08626410822024314,0.00012283912830442684,-0.06743583365195185
1,1,29,rowshuf,3.92659450758152e-05,0.04520928088339588,-0.00017291163134322551,-0.07164527727015661
1,1,29,colshuf,0.23144690349817815,-0.05274347156548051,0.0001435724214923865,-0.08430290910522746
1,2,29,real,0.24075008854280447,0.08466732816931585,0.002585937557341572,-0.02698675505088546
1,2,29,permC,0.24048118868661575,0.08449691592052089,-0.00010664340908972393,-0.026975334693725334
1,2,29,margin,0.2363266022349247,0.09031733745041365,0.000198349950861774,-0.13749660378559628
1,2,29,rowshuf,2.994192315541877e-05,0.049210639388106915,-8.917311822716673e-05,-0.15137276543395078
1,2,29,colshuf,0.23084586528008216,-0.04768351734128503,0.00013419733004921275,-0.15298110179039853
1,3,29,real,0.23891627969839455,0.08746711420916653,0.003984087475062033,-0.0655561818697808
1,3,29,permC,0.23878421224383886,0.08705343348869679,-0.00019794387317511225,-0.06424640997373099
1,3,29,margin,0.23618404609696836,0.0981308495843746,0.0005625432326019364,-0.19790946684140706
1,3,29,rowshuf,1.1833004197890169e-05,0.0559103637033794,-0.0001916991085395836,-0.22036428407343045
1,3,29,colshuf,0.23255438947980717,-0.04559413726791478,0.00011872857759511375,-0.20617720017549113
1,5,29,real,0.2374382216854439,0.09274215004365871,0.006108772753846913,-0.1385433789438434
1,5,29,permC,0.23733336516141562,0.09247494801829333,-0.00022782908364856375,-0.13593546094990458
1,5,29,margin,0.23537563613212348,0.0988897434570987,0.0005069117847488664,-0.2884636919625524
1,5,29,rowshuf,3.6875642243638946e-06,0.06802583753126673,-0.00029829483410472496,-0.35377717563271394
1,5,29,colshuf,0.23002323917282422,-0.03940205491819364,0.00016350394979945207,-0.3042503229495138
1,8,29,real,0.23571820882052502,0.09525369599428139,0.00905295209440631,-0.2304448648104747
1,8,29,permC,0.23569465730403014,0.09499280919861847,-0.00033915036059975473,-0.22761047663177184
1,8,29,margin,0.2334679344903805,0.10165160686618825,0.0005421890349414833,-0.39242866097318785
1,8,29,rowshuf,4.779147477475728e-06,0.07640876668632716,-0.0003495117978933962,-0.5115275238910676
1,8,29,colshuf,0.22945392740556547,-0.03617786404671804,0.0002368118447747906,-0.381130297299494
4,1,11,real,0.2639989018162453,0.046530470312739214,0.0038987680374319247,0.03790563921844331
4,1,11,permC,0.2634270023204687,0.046073533525359256,-0.0006001429016884348,0.0385193526233748
4,1,11,margin,0.2571878330405444,0.0362079394036007,0.0002842436330704375,-0.10366651715667023
4,1,11,rowshuf,-0.0010172704767063556,-0.024993818008932796,-0.0006858443681146408,-0.08576060439877758
4,1,11,colshuf,0.2479627696846192,-0.052766617188659465,-0.0008101281545715341,-0.08379899427493676
4,2,11,real,0.2544091235662802,0.05362539650598297,0.004564943599737775,0.006906711193142373
4,2,11,permC,0.25361375117065216,0.053446176865264865,-0.000679169967948164,0.007322525828087512
4,2,11,margin,0.25020109656246625,0.04447820333881054,4.99745220798135e-06,-0.18766737509968118
4,2,11,rowshuf,-0.0009854873254020458,-0.023377677130210696,3.7264456789457924e-05,-0.15960210139951736
4,2,11,colshuf,0.23396109764553968,-0.04449652938966968,-9.374159841712046e-05,-0.16586267512112773
4,3,11,real,0.2544546343405133,0.050837604152540135,0.004157114571896112,0.006192512710815362
4,3,11,permC,0.2537013127078305,0.05021613599144128,-0.00014813556602741307,0.006903869269743429
4,3,11,margin,0.2423374983638478,0.04622397778632982,0.000219304735181447,-0.24149282261157598
4,3,11,rowshuf,-0.0008624461483257944,-0.01703881260897333,0.000299214315228243,-0.22477852677539026
4,3,11,colshuf,0.2298286254617174,-0.04099602732572274,-0.00023617080881091485,-0.24921329806145842
4,5,11,real,0.2424743426175476,0.053668209576369155,0.006109070773143043,-0.045907710127958856
4,5,11,permC,0.2417674187486728,0.052908790827216945,-0.00034073896877485443,-0.04447203359889755
4,5,11,margin,0.23747002675249293,0.051721231431818365,0.0007095355838027395,-0.32139529813780043
4,5,11,rowshuf,-0.0008350097382315107,-0.01261209354940788,-0.0006775518376784436,-0.38648886663240484
4,5,11,colshuf,0.24036359430437473,-0.03872042049477482,-0.0006741452449999149,-0.27760643625258874
4,8,11,real,0.2514223190187369,0.05894954728083221,0.008505565031126677,-0.08688708260624443
4,8,11,permC,0.250787539854991,0.05797321794168876,-0.0008374066283921751,-0.08558968909173036
4,8,11,margin,0.25455393952027083,0.04716836043376137,-0.00014187539971713403,-0.17063964168431753
4,8,11,rowshuf,-0.0004109884082416082,0.0006128593127926081,-0.0004270832742999293,-0.5996118490444587
4,8,11,colshuf,0.24293786205580314,-0.039621644690795856,-0.0006972977973624209,-0.185111407506877
4,1,29,real,0.25495985128974663,0.04006283756282216,0.004295472731606705,0.022616605644264192
4,1,29,permC,0.2550557887974638,0.03978988597319989,0.00013679794897047953,0.02220000578453681
4,1,29,margin,0.2797069012586355,0.03866800227665816,0.0005980901471169531,-0.09517571309773872
4,1,29,rowshuf,-0.001586202337768091,-0.017667277753995327,-0.0018256981053670165,-0.08734487337686626
4,1,29,colshuf,0.24873369690550107,-0.05363526143312374,-0.0005262333587438828,-0.11010964911586718
4,2,29,real,0.24467380382409906,0.04747247131229186,0.004622412335828653,-0.012869608322560204
4,2,29,permC,0.2447413617006236,0.047321602508852076,0.00024270184129462907,-0.013427411831124381
4,2,29,margin,0.26592650263797746,0.04525107375562913,0.000708623641481378,-0.15991971699238522
4,2,29,rowshuf,-0.0018649481886487775,-0.013847020311649732,-0.002150417198471366,-0.1911433704252538
4,2,29,colshuf,0.23572775499236073,-0.04600634452898998,0.0002350511751332181,-0.1911490747289258
4,3,29,real,0.24729645420183058,0.04364140581519161,0.004564870602096695,-0.009092144713717526
4,3,29,permC,0.24696566010518936,0.04386573925764452,0.00022960751597059237,-0.00935731235971605
4,3,29,margin,0.2605181566454292,0.047720666188196495,0.0009013678139926743,-0.19457678737625692
4,3,29,rowshuf,-0.002428652981793733,-0.013009305477605112,-0.002381617586508826,-0.2704588496264009
4,3,29,colshuf,0.2301795043172855,-0.04347472782542652,-0.0005066959654433656,-0.24564770977163503
4,5,29,real,0.2382417852422882,0.04631849783051129,0.00604644894246704,-0.05686557825217286
4,5,29,permC,0.23844090619353625,0.04660034555769449,0.0005830437905744815,-0.05654811346557397
4,5,29,margin,0.26048420483524937,0.048844315945217376,-0.00010250293534037427,-0.277176730481128
4,5,29,rowshuf,-0.00161941047004166,-0.004923837488182443,-0.0034339609886119282,-0.44977876213440193
4,5,29,colshuf,0.2417402257779671,-0.03945350712265068,-0.0017963900390934224,-0.29322816284058356
4,8,29,real,0.24614357698024744,0.050647863790925146,0.007230216008360296,-0.05543759891737557
4,8,29,permC,0.2465040183282698,0.0500702129849824,-0.00013632353055464952,-0.05412062998888183
4,8,29,margin,0.2672230371514187,0.05198563575814569,0.0010780893033440948,-0.15153509140556293
4,8,29,rowshuf,-0.0012174236152447022,0.008365197548934963,-0.0026986083138263077,-0.6350745823325856
4,8,29,colshuf,0.24799369458274959,-0.0365794251532925,-0.002017363592380648,-0.16808181854719537
7,1,11,real,0.09811486658088982,0.11120286560203278,0.01441648207778228,0.07201019555256243
7,1,11,permC,0.09831103144754888,0.10959222097760085,0.0012559008613579798,0.07709912669858805
7,1,11,margin,0.11565426870310447,0.08905689888511868,-0.0020409620823068813,-0.10535477621338762
7,1,11,rowshuf,-0.0019489047275312124,0.034981415624213544,0.002388443596786527,-0.12012738069159981
7,1,11,colshuf,0.08567289980331923,-0.12817011251562122,-0.0013138350613484024,-0.11747976856847901
7,2,11,real,0.09530255916158559,0.11916933862041117,0.015193963734489186,0.054993581730800226
7,2,11,permC,0.09506928182937129,0.11745154247764654,0.00024652765096422335,0.061950103938021306
7,2,11,margin,0.11291015261750569,0.10330989734952388,-0.002354647259380338,-0.2006418399554039
7,2,11,rowshuf,-0.0022071755759404026,0.0562557254787758,0.0010920607862959322,-0.21427384894072862
7,2,11,colshuf,0.08624692250842113,-0.11890708812320204,-0.002903994492249919,-0.23744953744501723
7,3,11,real,0.09344132995046796,0.13155468432143358,0.013891584190768596,-0.007928365406808507
7,3,11,permC,0.09350112007910166,0.1305410508463869,-0.0012004739764327939,-0.001226828535421675
7,3,11,margin,0.11239618695472865,0.1142394938063279,-0.002706069578239406,-0.27926653155923964
7,3,11,rowshuf,-0.0016079774401860647,0.07337230177012807,0.0014527034219648423,-0.3030328880033879
7,3,11,colshuf,0.0882852440453122,-0.1055649608576243,-0.00327670763633292,-0.33209804596523707
7,5,11,real,0.09875962499939749,0.13342051872855631,0.01672151203437569,-0.07025011294385197
7,5,11,permC,0.09930668402537238,0.13282640252387912,-0.001875966803923601,-0.06180614528456172
7,5,11,margin,0.1090665324872901,0.11656231510720698,-0.004542122493113199,-0.4115650519500762
7,5,11,rowshuf,-0.0015654763301240031,0.06918045012263482,-0.002562493979430896,-0.42832356207080446
7,5,11,colshuf,0.0857332905386983,-0.09184722445696002,0.0003188445571762252,-0.4488591471035205
7,8,11,real,0.10706002142552722,0.12910876517883357,0.036973286856702633,-0.15094481257568199
7,8,11,permC,0.10659155936531764,0.1240915518738839,-0.0010290186559824555,-0.14274622472354015
7,8,11,margin,0.11805979720169346,0.14084198825122718,-0.005762312398891356,-0.18903976979624904
7,8,11,rowshuf,-0.0018175604629260913,0.07624553163857772,-0.0019132533482034972,-0.39999720659070626
7,8,11,colshuf,0.09582087003883913,-0.10258889154139834,-0.0044917651482574055,-0.128683922934127
7,1,29,real,0.08436220574214984,0.12361128613182208,0.009005444830499854,0.06979731721067892
7,1,29,permC,0.08415832428097343,0.12130632078636432,-6.300598002739742e-05,0.07543181142775598
7,1,29,margin,0.09659916176596202,0.11332769028044579,0.0001824379283942301,-0.11146358389878162
7,1,29,rowshuf,-0.0006123256412575533,0.060113165856490146,-0.0007430493872814803,-0.09375956655496134
7,1,29,colshuf,0.08694366647526264,-0.11832485898294333,-0.003732396184332733,-0.1652452851464482
7,2,29,real,0.0821389679729142,0.12981108160361665,0.012313952358213993,0.04679134566866903
7,2,29,permC,0.08181494406290782,0.12949837724385457,-0.0014184878263227563,0.0550775966851527
7,2,29,margin,0.09529132749016704,0.12112020511174627,-1.7080510986172706e-05,-0.2189385332836047
7,2,29,rowshuf,-0.0014123642901671027,0.0724575280065286,-0.0012854704935012968,-0.2087922986896383
7,2,29,colshuf,0.08817851368087856,-0.10305725646219845,-0.004110451178111281,-0.2828420737735115
7,3,29,real,0.08373138563715168,0.1347445992922668,0.015907194272928943,-0.01779730483056397
7,3,29,permC,0.08425381918361044,0.13284905402740826,-0.0011847853544936595,-0.009426698044512294
7,3,29,margin,0.0930267234897572,0.13379026218773432,-0.0009395852209994059,-0.3271866006330024
7,3,29,rowshuf,-0.0010544476397102247,0.08508012074321289,-0.0023485898004691843,-0.3159609133692417
7,3,29,colshuf,0.09117248501508589,-0.08991240068216826,-0.003940266279345147,-0.3993993629531636
7,5,29,real,0.08425670104463612,0.14198838440517642,0.022488948927002168,-0.09459536677366552
7,5,29,permC,0.08446531450875995,0.13935889333592077,-0.0012420222001615264,-0.08780622822467175
7,5,29,margin,0.09438206793062154,0.1421697018935727,-0.0010814776784908626,-0.43508606137929623
7,5,29,rowshuf,-0.0013592144776321813,0.09243547697178493,-0.0028653291714263915,-0.4402840612054595
7,5,29,colshuf,0.09333722257699696,-0.07402714107241305,-0.0033816676554963934,-0.4914333024481353
7,8,29,real,0.08856162930840665,0.144429375334661,0.03879795834400794,-0.195455215934707
7,8,29,permC,0.08928590792292647,0.14034463003371994,-0.00032743536461447376,-0.19165688666412456
7,8,29,margin,0.10156791410510009,0.16392773584068604,-0.003376672200447415,-0.27221013417518036
7,8,29,rowshuf,-0.0005519612347271905,0.0873747108513756,-0.0012459132189477922,-0.4023967224685879
7,8,29,colshuf,0.09359949132936474,-0.08309674778894817,-0.005406695680376772,-0.10884519113352341
8,1,11,real,0.12958752994624176,0.09855355040489575,0.0006127991297182334,-0.05228315218020948
8,1,11,permC,0.12964645988701687,0.09818560065113975,0.0009567561005888643,-0.05234699466656056
8,1,11,margin,0.13509439620328223,0.07563013356132625,-0.0019172977562961584,-0.12281867626613223
8,1,11,rowshuf,0.0006261877024325939,0.0644405412792868,0.001055673800331558,-0.12044406699437996
8,1,11,colshuf,0.11764661247810711,-0.10494661698364376,-0.00022057895454968834,-0.13041202705696628
8,2,11,real,0.12932816799789035,0.10975769106977074,0.002191386149114969,-0.08916031610196486
8,2,11,permC,0.12921867660356529,0.10987574769446108,0.0008321625699043895,-0.08718046865836225
8,2,11,margin,0.1341590399768905,0.08806565064935756,-0.001079972266146506,-0.1916374355203314
8,2,11,rowshuf,0.0007098496365068041,0.0813426018129209,0.0002116946779681384,-0.2196846934793166
8,2,11,colshuf,0.11604454037997954,-0.09056507609233512,-0.0013800609706145124,-0.21031442990672103
8,3,11,real,0.12832118634787562,0.11875116918360971,0.0011848299938715758,-0.07225071771847613
8,3,11,permC,0.12889737650425986,0.11852496133806635,0.000571619234427519,-0.07153680559071562
8,3,11,margin,0.13223332285108014,0.09794263739209412,0.000554379704509537,-0.27013863159883333
8,3,11,rowshuf,0.0003610816625937244,0.08814841829001309,-0.000592843641094909,-0.3144766264000698
8,3,11,colshuf,0.11675467803722903,-0.0771077511194959,-0.0025553328996158475,-0.31428696090605224
8,5,11,real,0.12677576666801327,0.12903239265470584,0.003872725902958387,-0.11391046381248764
8,5,11,permC,0.12735496687126685,0.1290992778605934,3.8774958854431664e-05,-0.11209642663188653
8,5,11,margin,0.12845561761185353,0.10572211000916697,0.0003049826935488386,-0.38123447326624377
8,5,11,rowshuf,0.0005234387963921154,0.09847033467258691,-0.002590525421813844,-0.4332831430785079
8,5,11,colshuf,0.1165317252996472,-0.06883715842529943,-0.0032958125292918135,-0.36642681339200905
8,8,11,real,0.13170122411913637,0.13181452693723428,0.008329723878334722,-0.20614609947113563
8,8,11,permC,0.13197324665427201,0.13056827373070756,-0.002031518544251265,-0.2057832627096018
8,8,11,margin,0.14011966956922597,0.12240858760313326,-0.002693031251583017,-0.18793476380677043
8,8,11,rowshuf,0.00020504369079064416,0.10138896562332723,-0.0034150743922148523,-0.4126676887418563
8,8,11,colshuf,0.12413828895012337,-0.07598423661989955,-0.004335757109316246,-0.052119327181527154
8,1,29,real,0.125312563648874,0.125964164778473,0.001168179125744434,-0.04603977185840988
8,1,29,permC,0.12547112528219317,0.12588264918476605,0.000342284418467879,-0.04631175840530297
8,1,29,margin,0.11880191059525477,0.13170705996247864,0.00014192889088341748,-0.08133902362809073
8,1,29,rowshuf,-0.00011413172259223486,0.10689277791596785,0.0012050265827037256,-0.13436103472689342
8,1,29,colshuf,0.11969175371244367,-0.10403769732208315,0.0005274358770212632,-0.15411092320682676
8,2,29,real,0.12381032101969473,0.142083996307743,0.0006575329145815936,-0.08621003187054464
8,2,29,permC,0.12423247435021595,0.1431162968846132,-0.0013315000679416376,-0.08524929674702493
8,2,29,margin,0.12158448163342286,0.14186175183496066,0.0013734348681161226,-0.1829059849003209
8,2,29,rowshuf,-0.0003220393324083933,0.11546494779146592,0.0013009017949645965,-0.2470392605473119
8,2,29,colshuf,0.11740684593094,-0.0920159993452198,0.0007993505738948987,-0.23213710677914984
8,3,29,real,0.12265864293603698,0.15771199287880938,0.0006054259266650893,-0.09979309310432294
8,3,29,permC,0.12226514257936108,0.157527805964821,-0.0019357765263088207,-0.09987701190041383
8,3,29,margin,0.12359293413946457,0.15520661022192012,0.0018709584415685838,-0.2955593015689946
8,3,29,rowshuf,-0.0004169619165968845,0.12384403467183519,-0.0007063470035383879,-0.32664176526358724
8,3,29,colshuf,0.11760322192463733,-0.08265765082386546,0.0006329189223085266,-0.3501674253372799
8,5,29,real,0.12430569805865671,0.1560516204256791,-0.0010008419848101615,-0.11882809244098506
8,5,29,permC,0.12397452130350797,0.15434980793047867,-0.0004988904337826967,-0.11705108867379935
8,5,29,margin,0.11845937655026449,0.16388697983362843,0.00044209806546046304,-0.4196708040101188
8,5,29,rowshuf,-0.00012718329466182565,0.13616689726924217,-0.0038727279569199147,-0.5017123902914924
8,5,29,colshuf,0.11559947057832239,-0.06675010666693548,-0.002396323546136401,-0.46310085789129307
8,8,29,real,0.13411141765341805,0.16632765042500264,0.005606712091844665,-0.2421610494269965
8,8,29,permC,0.13329119045219529,0.16696079299643146,-0.003530372556055169,-0.24287030964151443
8,8,29,margin,0.12408259896962506,0.17334230792283878,-0.0004457167380681656,-0.2871668725196723
8,8,29,rowshuf,-0.00022981227959055034,0.12374284616375132,-0.006428814122509451,-0.4363411678278959
8,8,29,colshuf,0.11812129022330627,-0.07282602473926224,-0.006658073632253699,-0.023643476973750095
13,1,11,real,0.3121020795985833,0.11755876385476517,0.002178451409722855,-0.014451084029792893
13,1,11,permC,0.31211539672267563,0.11767376303518326,1.1966991813328047e-05,-0.014499180323850261
13,1,11,margin,0.3080949515288298,0.11614896493196951,0.00018955470379821332,-0.03184624649683364
13,1,11,rowshuf,-0.00020044513759624275,0.07503143584855623,4.214860778548972e-05,-0.05848500513760122
13,1,11,colshuf,0.3015296528755732,-0.03536468371085003,6.377550114061715e-05,-0.06382921677321887
13,2,11,real,0.31274689105521336,0.12165549627045338,0.002399735048827798,-0.04396322761860829
13,2,11,permC,0.3127604263612648,0.12159089947418418,-6.932720300637887e-05,-0.044061915491065785
13,2,11,margin,0.31041623418426395,0.11556638401565242,0.00016620971718076894,-0.07943288258554998
13,2,11,rowshuf,-0.00022011366939252613,0.0772699828069447,0.00012204668082595645,-0.11602971470884983
13,2,11,colshuf,0.2990673880005457,-0.03660720542873361,-0.00021111131549072143,-0.10708899787299987
13,3,11,real,0.3135011391968974,0.1205217603036183,0.00368166840729057,-0.06534392906709702
13,3,11,permC,0.3139176192237113,0.12037747106118006,1.5129144650479393e-05,-0.06442987196334737
13,3,11,margin,0.3108759940542848,0.11262835236256549,0.000773312940251227,-0.10545890071301926
13,3,11,rowshuf,-0.0002865565500196343,0.07873533582095556,4.074373853233763e-05,-0.17402263032057302
13,3,11,colshuf,0.29586273304660005,-0.03365529660399782,-0.0003973480545391336,-0.16090417615807623
13,5,11,real,0.30965229526508575,0.11550397770900078,0.004010287912590023,-0.11130430880648917
13,5,11,permC,0.31001968614602615,0.11519322135590544,-6.828761164021091e-05,-0.1098016727371234
13,5,11,margin,0.30797872310600083,0.11903324068839766,0.00110587193620848,-0.1721115993472043
13,5,11,rowshuf,-0.00026270566567217674,0.08405708676806406,0.00021363419425265057,-0.28747181881896805
13,5,11,colshuf,0.2962685507422914,-0.03019598330441381,-0.00034602335991842,-0.24865404699812457
13,8,11,real,0.30596648978075036,0.11677717002274304,0.0038685985458141075,-0.1671454138005233
13,8,11,permC,0.3065619054472861,0.11623950900986564,-0.0001623895630929924,-0.16464810501587107
13,8,11,margin,0.30752080901701995,0.11820666925037739,0.0009980426327140617,-0.22091212550819406
13,8,11,rowshuf,-0.00015731391566070618,0.09210923052582001,-3.283898532237728e-05,-0.4553699015603368
13,8,11,colshuf,0.3041249492896562,-0.02701348463216113,-0.0008245551455417498,-0.30526364435523834
13,1,29,real,0.3086125371196703,0.11744766016559663,0.001417380608899399,-0.012356786440199368
13,1,29,permC,0.3085056261193043,0.11780964454115357,-0.0003650723277399218,-0.012404185251487648
13,1,29,margin,0.30426163199621503,0.11657846180664168,-0.0002152582436618089,-0.025002898984660852
13,1,29,rowshuf,-0.00018030687486958463,0.07389675710901614,-0.00016352310346517962,-0.057866229928215634
13,1,29,colshuf,0.2974335900855849,-0.038029068578375305,-0.00041220925864004127,-0.07439456063110764
13,2,29,real,0.30941329155954594,0.12187682952437306,0.001436236270897386,-0.04411906124104267
13,2,29,permC,0.30909879895428866,0.12212754721826828,-0.0003559249044071122,-0.044003375985622706
13,2,29,margin,0.3042230556188301,0.11735931559035032,-0.00020503005002798594,-0.06025923107699736
13,2,29,rowshuf,-0.0002961026340797997,0.07562940215169067,-0.0002388711059882198,-0.12115513456376696
13,2,29,colshuf,0.2942929159685457,-0.03708238127847448,-0.00041537520170585135,-0.1077553337152673
13,3,29,real,0.3093581352074424,0.12251850292083329,0.0031515831578842095,-0.06748476463135998
13,3,29,permC,0.3092701301096918,0.12253842946835793,-0.0005027596765844096,-0.066914103742427
13,3,29,margin,0.30446688137771666,0.11480047107089146,1.3931382109015155e-05,-0.10336320230587855
13,3,29,rowshuf,-0.00029433571115496565,0.07932179374772107,-0.0003095486667665607,-0.18296883599084252
13,3,29,colshuf,0.29370158177385686,-0.035796143071960815,-0.00044384902656538494,-0.16678847447136053
13,5,29,real,0.30606590215005014,0.11678243906558773,0.0036362634741175883,-0.1045712522950801
13,5,29,permC,0.30626265435224753,0.11667827458413291,-0.000630132664610659,-0.10345014675930059
13,5,29,margin,0.30315464969509387,0.11483620732510691,0.00014288741606382124,-0.18200763334139566
13,5,29,rowshuf,-0.0002628185114995814,0.08379105099126144,-0.0008610303462616337,-0.28789551165077754
13,5,29,colshuf,0.2959769109102391,-0.032056597925916905,-0.000460783521352028,-0.24277345391059915
13,8,29,real,0.3031929508827491,0.11489584017827303,0.004904270165621958,-0.16721592869691088
13,8,29,permC,0.30390080473790615,0.1149129122519885,-0.0006220225707285476,-0.16498096948545393
13,8,29,margin,0.3026731457151608,0.11554702279267313,0.0003255157803841261,-0.2252484773945766
13,8,29,rowshuf,-0.000140249824254914,0.08883184824725986,-0.0006837982182791393,-0.4613254587873523
13,8,29,colshuf,0.30583886726075893,-0.028526204218337115,-0.0008639922924586392,-0.3245251262589788
17,1,11,real,0.19025849308354925,-0.03172408292313371,0.007243614301264688,-0.09094661312339238
17,1,11,permC,0.18969094220824176,-0.032682472437484594,-0.0023098720606194905,-0.09313709347634655
17,1,11,margin,0.18457411383767763,-0.04165864656915544,8.7059075309463e-06,-0.0992184767288518
17,1,11,rowshuf,-0.0010309955859503228,-0.07231246389939076,-0.00019171243346990013,-0.13782734478249015
17,1,11,colshuf,0.18522378900752223,-0.09749398860361005,0.00046926543238386587,-0.13526346398998695
17,2,11,real,0.18950965171805337,-0.018578552295064398,0.003196834674811216,-0.10930844154051772
17,2,11,permC,0.19020650969594502,-0.01944743183726412,-0.001220270993380836,-0.10594678257304413
17,2,11,margin,0.17867757970744058,-0.036101512002317426,0.0002999603715242438,-0.19158469923319615
17,2,11,rowshuf,-0.0009016115582947311,-0.06219609912448133,2.007994088432108e-05,-0.23284833006340513
17,2,11,colshuf,0.1783625708270274,-0.08887289426740079,0.0007988902731670688,-0.19799928833673733
17,3,11,real,0.18193341649933775,-0.013826863793278733,0.004247356464098248,-0.20133570060521291
17,3,11,permC,0.1817515580252058,-0.013748766148381553,-0.004821303736330032,-0.19946641500012385
17,3,11,margin,0.17181452911317707,-0.03166515110277486,0.0014353500383867124,-0.2828729179779838
17,3,11,rowshuf,-0.0012723110650266396,-0.05437332723299374,3.2306126517019584e-05,-0.3338734777439271
17,3,11,colshuf,0.17916363178807682,-0.07915952872984272,0.0008248638428700604,-0.27205054727384853
17,5,11,real,0.16853331352756645,-0.002172692326083926,0.010675844408414969,-0.29985078295363254
17,5,11,permC,0.16843616898395605,-0.0016593022569512048,-0.005823868288708502,-0.29945384901907157
17,5,11,margin,0.16561287955856618,-0.015385152147944042,-4.222498905387406e-05,-0.31246270891569183
17,5,11,rowshuf,-0.00012290035729177007,-0.045936777544061606,0.00031595178799046874,-0.4656790040679383
17,5,11,colshuf,0.17847291868029408,-0.06949101022837506,-0.0001611276525308088,-0.42115402415107694
17,8,11,real,0.19581062116248832,-0.022889358319281163,0.011408877526903633,-0.032695848341413966
17,8,11,permC,0.1964524969147647,-0.02435113606774448,-0.010493429030185991,-0.03297661731641141
17,8,11,margin,0.19567467079159145,-0.027708548024630224,-0.0026156984759815316,-0.03568562841797376
17,8,11,rowshuf,-0.00047433145689472034,-0.03833100113077933,-0.004880463154171011,-0.47863318355784185
17,8,11,colshuf,0.19945573078485232,-0.08133960447594792,-0.0031079559258682106,-0.05275889052334056
17,1,29,real,0.18960691701748378,0.007635134703536189,0.00242567314183618,-0.08599276996759703
17,1,29,permC,0.1884250798171862,0.006573519347742797,-0.0003813001271181874,-0.08782978690565861
17,1,29,margin,0.191362200159418,0.004173552243632509,-0.0011132393913066232,-0.11798848310133028
17,1,29,rowshuf,0.0014995431417693383,-0.07030929512131946,0.0002200322806823936,-0.08193347306574028
17,1,29,colshuf,0.18916730151933117,-0.06418463627091628,-0.00023131063953304998,-0.09621017917593433
17,2,29,real,0.19021082921781798,0.01495106011866417,-0.00010307257889463633,-0.13878605455851056
17,2,29,permC,0.19000510175936208,0.01390323682995705,0.0007842539368264808,-0.13716992492527164
17,2,29,margin,0.180133827170398,0.012571726150486804,-0.003998137555477649,-0.2378688833257929
17,2,29,rowshuf,0.0008500915761347299,-0.06848994019029098,0.0026346441801716742,-0.20181723233118
17,2,29,colshuf,0.18781047962856054,-0.0516090054852323,-0.0008462917249663082,-0.19601318481055272
17,3,29,real,0.17946307547027643,0.020145930684953108,0.0033661704062960722,-0.16007570089533715
17,3,29,permC,0.17977687718036536,0.018977444680232925,0.0004991024140453733,-0.15924857904199097
17,3,29,margin,0.1718484835815009,0.008736411784297782,-0.005579071166910578,-0.2967748411113704
17,3,29,rowshuf,0.0014683060158128536,-0.05824176836082475,0.0032208096739256746,-0.32762646218074887
17,3,29,colshuf,0.17441111118810904,-0.049519917134950374,-0.00028609822090283615,-0.2793874755139941
17,5,29,real,0.176917774833739,0.028148717520056737,0.002704851417964884,-0.246122648275651
17,5,29,permC,0.17697446920444485,0.028674552745728683,-8.218817470819395e-05,-0.2445308168893213
17,5,29,margin,0.18418855618382604,0.021796308554468125,-0.005123650472380281,-0.35151847001226466
17,5,29,rowshuf,0.0016565603132730848,-0.03752196334724807,0.004924029945191273,-0.5258715132132323
17,5,29,colshuf,0.18352647210192824,-0.03171288008402997,-0.0014707454353197202,-0.3563903245267948
17,8,29,real,0.1977603167249957,0.013083298002037853,0.007159802179465268,-0.02472160597006543
17,8,29,permC,0.19752030956132702,0.012196151100345942,-0.006079287477825323,-0.024940534986776727
17,8,29,margin,0.20651575851287654,0.007669682888865491,-0.004906157580512513,-0.05184336456547182
17,8,29,rowshuf,0.0014395505864952805,-0.03281426977296491,0.002936023148573802,-0.5005059910402269
17,8,29,colshuf,0.20035958131072748,-0.051998754125635274,-0.004213823579876272,-0.05719946017021942
19,1,11,real,0.15431810399000398,0.11177152049948035,0.002597030369827067,0.009980278008079796
19,1,11,permC,0.15434052443029217,0.1115835517493515,2.5560856869333286e-05,0.009943217671871302
19,1,11,margin,0.1582287026088134,0.11558035468823055,-0.0001054791877537209,-0.06204196031054062
19,1,11,rowshuf,-6.82901450023051e-05,0.08380345078928997,-0.0003949499792300359,-0.060782472252972425
19,1,11,colshuf,0.14979712087838276,-0.049366989045776015,-0.0012909330021895205,-0.08012525039152482
19,2,11,real,0.15394295918559767,0.11276398898973815,0.004592613462792661,0.002526470246652812
19,2,11,permC,0.1539371674925451,0.11225825312599837,-0.00017485778293994483,0.002126870690232374
19,2,11,margin,0.15842209329414036,0.11889638155753997,-0.00024909916044587216,-0.11164773491853221
19,2,11,rowshuf,-0.0001736344685000224,0.08658026668384593,-0.0006832264684820214,-0.11742036775982911
19,2,11,colshuf,0.14796039570642597,-0.045879728098168995,-0.001323522875124411,-0.13493395815771203
19,3,11,real,0.15447125851945115,0.11573989075504013,0.004865206018182003,-0.007087510532686432
19,3,11,permC,0.15458761000954058,0.1151490927157283,-4.2615139089152696e-05,-0.005362919147549068
19,3,11,margin,0.15582637942500294,0.12499198644724649,-0.0009336602207068907,-0.16854239877454563
19,3,11,rowshuf,-3.733056111084506e-05,0.08873667075844842,-0.0007393592551615905,-0.17328991249069495
19,3,11,colshuf,0.14989612562483898,-0.04559509293275579,-0.001802406130083543,-0.20388174648880344
19,5,11,real,0.15398648782704633,0.12074143638444909,0.006310634987183954,-0.044403440018949906
19,5,11,permC,0.15421342770799748,0.12011232227569996,-0.0005478847571314487,-0.04147953929686031
19,5,11,margin,0.15615622173303956,0.12767466775049804,-0.0015613998835610208,-0.2560972630259906
19,5,11,rowshuf,-0.0001223315583917713,0.09337781729348985,-0.0009725786283960961,-0.2619169346408057
19,5,11,colshuf,0.1543427119080212,-0.04184713729061728,-0.0013434047426605458,-0.2992461370742262
19,8,11,real,0.15395592773603584,0.1248297298911998,0.010491307725252983,-0.15187205364058223
19,8,11,permC,0.15417385543405604,0.12393470733265356,-0.0012108027690336902,-0.14882323482536658
19,8,11,margin,0.15513025667942526,0.1217480460422206,-0.001601301467040369,-0.3462998781301554
19,8,11,rowshuf,4.946195538165402e-06,0.10342707126776468,-0.0017367873296472713,-0.4267734627770472
19,8,11,colshuf,0.15302677893007305,-0.03728288525616281,-0.0012802855045102313,-0.4219195579707012
19,1,29,real,0.1483407380080521,0.12260082904602362,0.003138093165873795,0.007111221030418086
19,1,29,permC,0.1482073074111476,0.12222755357640046,-0.00027046960840809703,0.007099480429864727
19,1,29,margin,0.1408915553532101,0.10570315114291662,-0.00017854611830360925,-0.0543705961631348
19,1,29,rowshuf,-0.00040089191025893806,0.08565775793776081,0.0002593629937668503,-0.06675916233145925
19,1,29,colshuf,0.1453679321973796,-0.056891107593362925,0.000210128380681777,-0.07092960836006892
19,2,29,real,0.14698303226105902,0.1235642660415502,0.0038251942089673843,-0.008286960402727481
19,2,29,permC,0.14656402829713724,0.12311437168187651,-0.00037677901378869544,-0.00842915642162061
19,2,29,margin,0.13667677378398416,0.10948965020368244,0.000159297232342398,-0.11048273510466504
19,2,29,rowshuf,-0.00029513338235936015,0.09113726177858897,-0.0003334451197454328,-0.13048266417613083
19,2,29,colshuf,0.14405446215018453,-0.0535230930862047,-0.0002849289567312119,-0.13103989435533253
19,3,29,real,0.14687783833765367,0.12685386582248193,0.0030530618639184417,-0.022734056159867157
19,3,29,permC,0.14685039265350422,0.12621965521380557,-0.0005112237126018808,-0.020289410105483973
19,3,29,margin,0.13433072036397584,0.1112929222982995,-7.639246423429832e-05,-0.16373634169796827
19,3,29,rowshuf,-0.00031005509644327356,0.09308475921840186,-0.000345473999744661,-0.18417997644984407
19,3,29,colshuf,0.14322733471893895,-0.04862609345376693,-0.0007810063263730682,-0.20837867462607837
19,5,29,real,0.14992340463007126,0.13015644023700226,0.004305710914246131,-0.06592172880347416
19,5,29,permC,0.1496850979007448,0.12925623956272783,-0.0002258363568364563,-0.06183397091094908
19,5,29,margin,0.13107365910054247,0.11503822522469659,-0.0007230008330391206,-0.26090618773356183
19,5,29,rowshuf,-0.00043241523072395,0.10056951226515365,-0.0008595045774816567,-0.2873400724732531
19,5,29,colshuf,0.14501131125773373,-0.045936685261160654,-0.0013396262534717076,-0.30504278596871254
19,8,29,real,0.14749146607414773,0.13173635301657352,0.00946012522512421,-0.16863979945873678
19,8,29,permC,0.14739731446936566,0.13049468334649306,-0.000932151900513665,-0.16469117950373435
19,8,29,margin,0.13494747703809712,0.11492866277918805,-0.0008460255968526694,-0.3968870252959783
19,8,29,rowshuf,-0.0003685683519821237,0.10831315729492116,-0.0007332901071661068,-0.4212982141064483
19,8,29,colshuf,0.1499486617663915,-0.04208547687055539,-0.002576985109897835,-0.4151152025927016
29,1,11,real,0.21079110407737192,0.0867756628372088,0.0006458371225018984,0.018133698282716326
29,1,11,permC,0.21073742590080308,0.08653707589844087,6.668464094316169e-05,0.018521147251363546
29,1,11,margin,0.2075196181439391,0.08649267017247043,0.00016027463302769235,-0.04732980548383154
29,1,11,rowshuf,-0.00017167798954266048,0.059734870367152144,-0.00034010982929127037,-0.05443652119876985
29,1,11,colshuf,0.1968964483109597,-0.04515248641334457,-0.00013505503624744453,-0.05786062651637121
29,2,11,real,0.20853759538535557,0.09067409199559007,0.002357711479222452,0.014804029137485769
29,2,11,permC,0.20878838095471464,0.08991662520251176,-0.00026834101254259257,0.01720463585605056
29,2,11,margin,0.20358881330436865,0.09030141885785994,0.0005403638975085001,-0.1044898072343783
29,2,11,rowshuf,-0.0002641629624417589,0.06271201537748558,-0.00038495137675066216,-0.10917850185536682
29,2,11,colshuf,0.191924232808517,-0.04204421184650799,-0.0008454164101256804,-0.11646682403196772
29,3,11,real,0.2057258246359646,0.09486132658821354,0.003592586926803254,0.004929114767211029
29,3,11,permC,0.2058151860946535,0.09399905811606502,-0.00014409525575981297,0.007659967282213945
29,3,11,margin,0.2021009284451459,0.09407667035251868,0.00041593962887894365,-0.16144128764799656
29,3,11,rowshuf,-0.00022831109115738674,0.06503353222937272,-0.0008591437816761286,-0.16794970967731346
29,3,11,colshuf,0.18829419657161997,-0.039974313738409074,-0.0009715509219398455,-0.16368063009251654
29,5,11,real,0.20423575052079762,0.09659201701213192,0.004566906517917144,-0.033666056236330386
29,5,11,permC,0.20447809276524279,0.09567898882782533,-0.0005076459599204035,-0.030132230782121443
29,5,11,margin,0.19680446634128138,0.09598552117866799,0.0007179728252032318,-0.24491769410618755
29,5,11,rowshuf,-0.0003613537502114017,0.06936050222117637,-0.0014197243776804533,-0.26092222293003453
29,5,11,colshuf,0.18353717644070192,-0.03593102967457338,-0.0006702414372554143,-0.2609829569308165
29,8,11,real,0.20134440251820718,0.0975668875309671,0.006785511514968311,-0.1427526161432237
29,8,11,permC,0.20133816969144755,0.09672373371487505,-0.0006395617218815559,-0.1379150339051726
29,8,11,margin,0.1913483301557639,0.09888459272924519,0.0006963743836685224,-0.3616951172792071
29,8,11,rowshuf,-0.0002310598172045597,0.07711250466302903,-0.0015726577627866258,-0.3904525197963669
29,8,11,colshuf,0.18167963501170115,-0.032583521608921535,-0.001177966761693211,-0.3745826223856752
29,1,29,real,0.20735273067650747,0.08364372009942911,0.0009775665301416565,0.019880690164587007
29,1,29,permC,0.20748606786485316,0.08353300190772467,-0.0003396734692279283,0.020235101352070302
29,1,29,margin,0.20021091600719199,0.08333337120910853,0.0004650640338802932,-0.05415744692928954
29,1,29,rowshuf,-0.0003209775721578119,0.05835621488175725,-0.00016901831034716688,-0.04905211508144725
29,1,29,colshuf,0.1998008487955726,-0.04086794331871438,-0.00018759743940633766,-0.058605403009060815
29,2,29,real,0.20376309234358023,0.08606600225273858,0.0036174812334629305,0.01661491627380083
29,2,29,permC,0.20416657721948023,0.08555458258798795,-0.000621349497115888,0.01912023740162334
29,2,29,margin,0.19613845944368966,0.08718008924880234,0.0012776442297922908,-0.10563965986573519
29,2,29,rowshuf,-0.00032607450380375824,0.06123257969233409,-0.0007000392643404149,-0.10253345722585654
29,2,29,colshuf,0.19609745195556041,-0.038181913906202264,-0.0003958845999654145,-0.12567920836293617
29,3,29,real,0.20089380973004864,0.08957887575811005,0.004010093727999708,0.005094334424599795
29,3,29,permC,0.20124821859758144,0.08909972551362665,-0.0004595919466214108,0.007914926532685069
29,3,29,margin,0.193434035249279,0.09106216488098018,0.0010251199849871293,-0.15577204065286562
29,3,29,rowshuf,-0.000277523930433741,0.06465521794459361,-0.0007883103561972434,-0.15915167696059118
29,3,29,colshuf,0.19424426931843167,-0.035239685901799156,-0.0006232013004164871,-0.17552669292065376
29,5,29,real,0.199969040109296,0.08942584428471415,0.003532658975382981,-0.039659687960244716
29,5,29,permC,0.20040684746748874,0.08874041332952048,-0.00025518769639576444,-0.035925018315369386
29,5,29,margin,0.19037177339439662,0.09138220559717103,0.0011023540153494067,-0.24488184395584303
29,5,29,rowshuf,-0.0003425592450101063,0.06855004943450313,-0.0012397331461220609,-0.25830826594490885
29,5,29,colshuf,0.19062110427240728,-0.030767923256415943,-0.000717427758981213,-0.2519056412892886
29,8,29,real,0.19732142895080637,0.09160240545209519,0.0060435625100626325,-0.12759583746362707
29,8,29,permC,0.19800291746002735,0.09077524300111758,-0.0005123463244216623,-0.12271396337323895
29,8,29,margin,0.18605178310314902,0.09176628361718925,0.0008742985198846495,-0.35339981861206016
29,8,29,rowshuf,-0.0003693744278189063,0.07298683759550192,-0.0017330565282246044,-0.3958691844544703
29,8,29,colshuf,0.19180570009168788,-0.03011823043313046,-0.0010734213159819816,-0.3723715010530607
39,1,11,real,0.10858913277521409,0.0654180693795096,0.0005133922820482101,0.021722834712159533
39,1,11,permC,0.10857616264902012,0.06508168620843435,0.0002160886694604902,0.023280882414658716
39,1,11,margin,0.10174900886742494,0.07291701728208291,0.0005862562325951078,-0.07970329906265458
39,1,11,rowshuf,0.0005385099917170251,0.04996658908175343,-0.0011193509231479288,-0.10222393132368603
39,1,11,colshuf,0.10786905961084531,-0.08374311683499938,-0.0007245472164809732,-0.10714498350330662
39,2,11,real,0.10534039827438864,0.07123068692793447,0.0020617674251503055,0.016485808351840887
39,2,11,permC,0.10545423087813169,0.07068198636641115,3.721764876954414e-05,0.017148880191329104
39,2,11,margin,0.09967370684816589,0.08226042842482933,0.0007776878439698746,-0.1812987523174615
39,2,11,rowshuf,0.0003237516685602829,0.060017688422896974,-0.0009512679216798213,-0.18047991385231904
39,2,11,colshuf,0.10609398652374648,-0.0755252855978128,-0.0016795651213161362,-0.18906307640366612
39,3,11,real,0.10220348984788397,0.07480494260664725,0.006084396156008235,-0.03875621008697332
39,3,11,permC,0.10249660714354239,0.0738289382703779,0.0008901757382506665,-0.03554585979916146
39,3,11,margin,0.09760034364622919,0.08619981083494747,0.0016704417503574747,-0.26176170904336543
39,3,11,rowshuf,0.000801636617307098,0.06655508090247761,-0.0016905046518136866,-0.2587818828678188
39,3,11,colshuf,0.10513727935174158,-0.06466528849095005,-0.0019493400491584767,-0.2676835564644159
39,5,11,real,0.0992490863156886,0.08356324211360691,0.006633505788147827,-0.09865339352354344
39,5,11,permC,0.09967658986312206,0.08323946604660351,0.0008841761015883723,-0.095560229940655
39,5,11,margin,0.09220527326084137,0.09047921262964537,0.001854153159846115,-0.3946399886366099
39,5,11,rowshuf,0.00010304449209086464,0.07723674369327116,-0.001779685391535335,-0.41058684553196056
39,5,11,colshuf,0.1001696003294638,-0.05941547291123656,-0.001618606588319351,-0.3599457955530384
39,8,11,real,0.10329218703064995,0.07918851867178518,0.007626749457174785,-0.2304638499594912
39,8,11,permC,0.10237802884752356,0.07957385505763143,-0.001254598669168161,-0.22852249861676519
39,8,11,margin,0.10134006897789374,0.09070780207070551,0.0010028120680306656,-0.4268463543343546
39,8,11,rowshuf,0.0002107289051044847,0.07439454126060384,-0.0010284066106644265,-0.5747333963028362
39,8,11,colshuf,0.10797067857780311,-0.059279742272553254,-0.004113191115776266,-0.3906894996585402
39,1,29,real,0.11912216136122417,0.07655932353119321,0.0005542576379055272,0.013184180462233833
39,1,29,permC,0.11872898341512879,0.07590988187067163,-0.00026802776766435277,0.014591751522745434
39,1,29,margin,0.13260138721525117,0.0665081788597793,-0.00023803603525140987,-0.08977064194984395
39,1,29,rowshuf,-0.0015547589421751051,0.02466057340364795,-0.001754231329613646,-0.08673448263399136
39,1,29,colshuf,0.11129419149924419,-0.09392838390951294,3.3132402072579475e-05,-0.07905355852032434
39,2,29,real,0.11700455486051083,0.08018439227777527,0.0012336475216456386,0.010573275974990673
39,2,29,permC,0.11680865986566552,0.0789109670421329,-0.0009216937857784806,0.012047834245144237
39,2,29,margin,0.1262333067013837,0.07409168756876816,0.00042497274748188685,-0.17160613660837745
39,2,29,rowshuf,-0.00173788260332818,0.033363803720616134,-0.00136720629373524,-0.17684754533571392
39,2,29,colshuf,0.1104060905226687,-0.08201414752943564,-0.001111474189773809,-0.19157571120021713
39,3,29,real,0.11456355870106663,0.0835548572297127,0.0011726932815093183,-0.022509296131488683
39,3,29,permC,0.11436405152564418,0.08260973292568954,-0.00131153211840912,-0.018085411096384115
39,3,29,margin,0.12450864018736653,0.07672711606388083,0.0009255078090185109,-0.25257451803011954
39,3,29,rowshuf,-0.0014570557915978,0.0410797453292785,-0.002083199321675842,-0.24561661366580176
39,3,29,colshuf,0.10545335398054742,-0.07342060756014851,-0.0011843008782094768,-0.2693218032439667
39,5,29,real,0.11408461172193932,0.09071215221754275,0.0033409105190292756,-0.12626666378607726
39,5,29,permC,0.1135281242282057,0.09095072552206751,-0.0009257309308018378,-0.12128352484346851
39,5,29,margin,0.12364560278425141,0.08098728471788316,-0.0011752479189707787,-0.4067580028176998
39,5,29,rowshuf,-0.0015692482619956056,0.06255909990192847,-0.0033487738445987423,-0.4034622518218488
39,5,29,colshuf,0.10560056560929244,-0.06678757368153812,-0.0016432932255518544,-0.4042198337164144
39,8,29,real,0.11790149286162623,0.08321157181572574,0.00769047282565674,-0.2512292333965581
39,8,29,permC,0.11824450945805726,0.08212366393803894,0.00041070296349372354,-0.2456098429342353
39,8,29,margin,0.12218830609571792,0.07858794275085697,-0.0022011773929687486,-0.4106662489612657
39,8,29,rowshuf,-0.0017780037024542061,0.06284380626490005,-0.0041122443203493175,-0.5942406165872677
39,8,29,colshuf,0.11399270973979207,-0.06753743011719376,-0.002171821230164359,-0.4087970250872347
42,1,11,real,0.1676169374418518,0.07205171506746438,0.0010601989722483218,0.08602738941957579
42,1,11,permC,0.16721652254152372,0.071962165967797,-0.0005322566853382671,0.08680543571651692
42,1,11,margin,0.15342235558498368,0.08227880984502792,-0.0011233480387326986,-0.08328698202678705
42,1,11,rowshuf,-0.001591638269700037,0.051049809685447776,-0.0005870872340854687,-0.08488948481441225
42,1,11,colshuf,0.16240466089531197,-0.055847574073179196,-0.0005420305214441737,-0.08276394515271066
42,2,11,real,0.16796572045013772,0.0726701453623863,0.0001958203107111829,0.06207641981529669
42,2,11,permC,0.1681837234407511,0.07316884732693954,-0.00018347524562891315,0.06515579524102237
42,2,11,margin,0.14718246584401518,0.0855900906892198,-0.002188114819452895,-0.14265219447275265
42,2,11,rowshuf,-0.0020316363391006953,0.054131641112231,-0.0007913522627207199,-0.15957103176671117
42,2,11,colshuf,0.15696121504758004,-0.0521144559774502,-0.0010132277840789923,-0.1478414612227471
42,3,11,real,0.16481710972396896,0.07270610612089096,0.0049006926399276325,0.04515739809049668
42,3,11,permC,0.16596074963855964,0.07317473477618697,-0.0006915885151184409,0.04879892044528726
42,3,11,margin,0.13811878425791965,0.09032442804415211,-0.003427102510770441,-0.21495583666835585
42,3,11,rowshuf,-0.0017805536466857323,0.053601733031873676,-0.001775232620330941,-0.2147561146731726
42,3,11,colshuf,0.1522629158371136,-0.048707724770602694,-0.0017056085666463199,-0.21821735441805784
42,5,11,real,0.16332819982283234,0.07256353377435733,0.0073336839573867425,-0.009221068693697912
42,5,11,permC,0.16410570197903113,0.07280254832017394,-0.0014348443820327479,-0.006104074811675704
42,5,11,margin,0.1403460768468823,0.09045123619468765,-0.004657346579660299,-0.32230982880485687
42,5,11,rowshuf,-0.0012795132042387007,0.05743958543338412,-0.0030699796865268085,-0.32840661654077624
42,5,11,colshuf,0.14773490052565588,-0.04318707290629712,-0.0022537797481154516,-0.3305071892565905
42,8,11,real,0.16389416910470345,0.07546467609873188,0.013538939868462644,-0.10154905423171465
42,8,11,permC,0.16530960726960114,0.0757789443621181,-0.003273366337886422,-0.09547474585647377
42,8,11,margin,0.13592529416705595,0.09326678209406687,-0.003859907392989544,-0.4235450649760606
42,8,11,rowshuf,-0.0013776588107307826,0.061592832734854365,-0.0027268217957776004,-0.48207280323877083
42,8,11,colshuf,0.14275119658359534,-0.04275774088165125,-0.0026596633241740826,-0.4106560152843775
42,1,29,real,0.16991209809886962,0.07535598737226959,0.0037072131357091345,0.08986783941181017
42,1,29,permC,0.16893311317313622,0.0750026306534479,-0.0003229131245641633,0.08985546230476509
42,1,29,margin,0.1879021706479265,0.07101904354984923,-0.00011232247362534067,-0.06871889467870057
42,1,29,rowshuf,-0.0013379709587836943,0.040737055266909836,-0.0006243437239034921,-0.06849792898710566
42,1,29,colshuf,0.16147875766007436,-0.052698224020872604,-0.0011060259819711538,-0.06258034765163129
42,2,29,real,0.16764025360510115,0.07980276974458923,0.002495447500766264,0.08417341904602989
42,2,29,permC,0.1663927785594999,0.07966678628684518,-0.0008855449703487986,0.08722245231283587
42,2,29,margin,0.1787934059263237,0.07569509791271929,-0.0006007717704574571,-0.11796271948201881
42,2,29,rowshuf,-0.0015318209593264225,0.04559313846061049,-0.0012263877396596532,-0.12489643959063804
42,2,29,colshuf,0.15728337909947449,-0.051039360449594964,-0.0032814185935851246,-0.11962018056582874
42,3,29,real,0.16734496877208466,0.08119478000690808,0.0025420584734088068,0.06584340348968137
42,3,29,permC,0.16596533353068235,0.07986320569914933,-0.0017970482980720992,0.06920144060253375
42,3,29,margin,0.16946887179005238,0.07751636493606595,0.0001729858542632856,-0.17335029124414164
42,3,29,rowshuf,-0.0016770455528824593,0.04786219833497071,-0.0006519162786197036,-0.1910981693628683
42,3,29,colshuf,0.14757991105122029,-0.04850873010895484,-0.004690432135603819,-0.18605198266438575
42,5,29,real,0.16875468489708362,0.07660426149464028,0.004623477122263963,-0.020071105035451026
42,5,29,permC,0.16789075923235597,0.07591601273871013,-0.0022049647163196553,-0.01473427183769435
42,5,29,margin,0.16052426384513485,0.08090649870531243,-0.0007605320451232839,-0.2748216995952716
42,5,29,rowshuf,-0.0017284692945197613,0.057875810083197005,-0.001606047306231715,-0.33466498706860925
42,5,29,colshuf,0.143361399636535,-0.04322842209447064,-0.005069030228063338,-0.3115710568007738
42,8,29,real,0.16867076745254567,0.07892243166373343,0.011302099205697488,-0.13561145278237258
42,8,29,permC,0.16687093268491776,0.07763281686398603,-0.0031348355084210213,-0.12988551286703764
42,8,29,margin,0.16207262286268975,0.08594092390479913,-0.004386692596230414,-0.3851887402846228
42,8,29,rowshuf,-0.0011937503489422574,0.06015323901856343,-0.0012738541299838941,-0.49230258931378307
42,8,29,colshuf,0.14404236414702587,-0.04144177507278956,-0.006230530395977993,-0.38511676592287253
48,1,11,real,0.21511108636983842,0.043710418809719376,0.0015034095146500373,0.09776236769619746
48,1,11,permC,0.21531906098207487,0.04323493178570756,0.0009925393674973157,0.0992026678511493
48,1,11,margin,0.21789799512780725,0.042210627680572085,-0.00044231774521464684,-0.09527801829752149
48,1,11,rowshuf,-0.00043430245032053766,-0.04591854130470462,0.00022594848937736628,-0.10566820101502664
48,1,11,colshuf,0.2293830383705607,-0.08594376872307177,0.0004603468559458054,-0.11841312892047608
48,2,11,real,0.21376928100534548,0.061209184965385854,0.0034145128000915475,0.028249064870079183
48,2,11,permC,0.21408630504636764,0.060495089842467105,0.00035354907266217184,0.02967639472134247
48,2,11,margin,0.21497201172633404,0.054806544125724777,-4.972574754788517e-05,-0.19711382493651447
48,2,11,rowshuf,-0.00044047492759091694,-0.028251067695935547,-0.001173809818915646,-0.23992649263990476
48,2,11,colshuf,0.23078483004609002,-0.07551902619847106,0.0005550682431159267,-0.19303694119103895
48,3,11,real,0.2126062554341292,0.05249003257746011,0.0026601988996530954,-0.008984418964909665
48,3,11,permC,0.2131849463650231,0.05219589039214703,-0.0011200467187721477,-0.007117395615603251
48,3,11,margin,0.21397450773280943,0.07433856715318618,-1.8644330063174078e-05,-0.2729192805405374
48,3,11,rowshuf,-0.0002054566080607056,-0.012497391991034792,-0.0013661205048387524,-0.34811927412758303
48,3,11,colshuf,0.23448441653913282,-0.060636543714803925,0.0004940679227879071,-0.30163388795803436
48,5,11,real,0.20830178034618058,0.06016025140402917,0.0016150733296750783,-0.10944335054766466
48,5,11,permC,0.20815868439793841,0.05929431826227897,-0.0011571276958231753,-0.10772601152603525
48,5,11,margin,0.21637596599226275,0.07021095711229844,-0.0014013001626807426,-0.3763377652193202
48,5,11,rowshuf,0.00012328759421537108,-0.002440523780731797,-0.0008290662791958965,-0.4813207195423001
48,5,11,colshuf,0.23421082913960095,-0.06258465161227258,-0.0004122044403614874,-0.37952169805220204
48,8,11,real,0.21808557503902984,0.056140107977837174,0.004505986921540361,-0.10887075971161622
48,8,11,permC,0.21791904972906725,0.054962877280674734,-0.001151192593563749,-0.10588022490283483
48,8,11,margin,0.22519131157130096,0.06898714954150417,-0.002637416392365384,-0.13218469555034013
48,8,11,rowshuf,-0.0002737324318584274,-0.003033396463805625,-0.0016165302543741007,-0.4447290825279496
48,8,11,colshuf,0.22746540641918525,-0.06586589974244617,-0.0019000010385143151,-0.05996500949678565
48,1,29,real,0.22260231373930275,0.05058742472928693,0.0028173103367213257,0.11376339608350826
48,1,29,permC,0.22224527637800304,0.050375137662345776,-0.0013330038683705137,0.1166389550482513
48,1,29,margin,0.22221149997751027,0.03755057574499622,-0.0005417804699369515,-0.10575710716517278
48,1,29,rowshuf,-0.0005187686534883773,-0.017524350931332217,7.525907005565916e-05,-0.1291494060951598
48,1,29,colshuf,0.23964139244240523,-0.09316651181640904,-0.0010619792046881182,-0.09492160252200389
48,2,29,real,0.22262569700134494,0.06434248666061536,0.0033509445683923833,0.04392653295677772
48,2,29,permC,0.22213441344324622,0.06328663437965829,-0.00045661804647849824,0.04603060089070242
48,2,29,margin,0.22363167763806685,0.042364233521631184,-0.0005330938803522662,-0.198895586270945
48,2,29,rowshuf,-0.00052383039695351,-0.00445038021014928,-0.0005292046206956483,-0.22690605219660503
48,2,29,colshuf,0.23925631641294515,-0.0885899345823702,-0.0016773017201351101,-0.23186524471692557
48,3,29,real,0.22249901651236773,0.06063990010729016,0.003246784626735444,0.004164715909837838
48,3,29,permC,0.2213755941152463,0.05949324675704914,-0.0006745124069612491,0.006008806047095869
48,3,29,margin,0.2221441792013422,0.04880229986379739,-0.0008376024076140279,-0.26959680514223816
48,3,29,rowshuf,-0.000503735967790353,0.004557286656036553,0.0003999687962019475,-0.3184375889754423
48,3,29,colshuf,0.23667543639570435,-0.0773509945078985,-0.001131223893286348,-0.26938346624350695
48,5,29,real,0.21848388106265737,0.06544969342222581,0.0022757423116049518,-0.12841126771948613
48,5,29,permC,0.21694912907494504,0.0643741221814484,-0.0015485385663284537,-0.12716961289848255
48,5,29,margin,0.22173777944922182,0.0564809834955213,-0.0010621690359949771,-0.36608902306749136
48,5,29,rowshuf,-0.00040592509841330665,0.01648381564483651,-2.481106748886125e-05,-0.4989797344040817
48,5,29,colshuf,0.23320720221854516,-0.06964430601908293,-0.0013268558312620655,-0.3832008058945733
48,8,29,real,0.2247926421508631,0.06144621984843263,0.007911685249772307,-0.09172081528992652
48,8,29,permC,0.22406330639621766,0.06071695733057548,-0.002572196827926356,-0.09081575627430535
48,8,29,margin,0.22228307874816058,0.05614553100504338,-0.0018346163780374645,-0.11660452587973698
48,8,29,rowshuf,-0.0003688952494201869,0.015656520917932643,0.0008185229258435382,-0.4226145592139006
48,8,29,colshuf,0.2304251722040001,-0.07582094403424039,-0.0022734323485462575,-0.05066930264243352
53,1,11,real,0.23673664774255454,0.1045697010343032,-0.0002333328559462518,0.028836855451367067
53,1,11,permC,0.23695583692021394,0.10452295489919892,-0.0006190292936056792,0.029220116280788015
53,1,11,margin,0.2504955922273844,0.09812923803036874,-0.0006855843632575613,-0.03859871243015664
53,1,11,rowshuf,-0.0007844413562319944,0.08117220747829823,-0.0005742667884983306,-0.0532643088277876
53,1,11,colshuf,0.2503067967508188,-0.044052559084479304,-0.0004049565694466498,-0.05525691718501402
53,2,11,real,0.2374500044015323,0.10533728216859191,0.0006538041402836814,0.030324994408148443
53,2,11,permC,0.2372653847658456,0.10522483984457699,-0.0007217641367874191,0.032479650055747794
53,2,11,margin,0.24895259999449088,0.1023774334918463,-0.00084047244145799,-0.08459496605784315
53,2,11,rowshuf,-0.0007399822622195702,0.08216349874995715,-0.0010103045039904779,-0.11159633564645424
53,2,11,colshuf,0.25060431825040685,-0.03907780562792019,-0.0006725309744452419,-0.11457251800878192
53,3,11,real,0.2394658960989266,0.10877316984315513,0.0014369763022541258,0.01613765841414485
53,3,11,permC,0.23955923516793082,0.10840626170808859,-0.000429585464605059,0.020458045292052297
53,3,11,margin,0.24944963166408887,0.10414164828757587,-0.0008037679452628602,-0.13081112062927958
53,3,11,rowshuf,-0.000787369878445752,0.08700052797110751,-0.0011446888395949446,-0.16548101186130465
53,3,11,colshuf,0.2520813806296267,-0.03975853490827279,-0.0012785007783816433,-0.1688754969272961
53,5,11,real,0.24107822085871738,0.11407385450906901,0.00487535022777454,-0.039968263808647
53,5,11,permC,0.24144102734634235,0.11395627581479832,-0.0011499264542988719,-0.034578125316958905
53,5,11,margin,0.24918897901707524,0.10518087269652636,-0.0004163199854056906,-0.20799526365587143
53,5,11,rowshuf,-0.000601735874336734,0.09533047297444262,-0.002191130400675728,-0.26843336463985296
53,5,11,colshuf,0.2548675950592628,-0.037568759087024936,-0.0024032649336076517,-0.24298600334221024
53,8,11,real,0.2393107450830361,0.11439972657323491,0.0059816490385128,-0.12073359578288954
53,8,11,permC,0.2402296022793871,0.11467024572327025,-0.00195989432806426,-0.11562549231001334
53,8,11,margin,0.24908595414875012,0.10739255714556524,-0.0011484998616847857,-0.30533771919431196
53,8,11,rowshuf,-0.00042263533129124886,0.10378085689665939,-0.0027489492511984606,-0.3962456317126449
53,8,11,colshuf,0.2552598651522254,-0.03421931122023114,-0.0025477977245405847,-0.3456696192117026
53,1,29,real,0.24520063883011498,0.10848594027413287,0.00010686243295272385,0.01635097089698035
53,1,29,permC,0.24535287050254756,0.10833473701874881,-0.00011241003801235974,0.01647624957580629
53,1,29,margin,0.2578087149840779,0.10529618335194299,-0.0005804776080676477,-0.032115378086911825
53,1,29,rowshuf,8.047610735647154e-05,0.06191228157069279,-0.0007151198202831794,-0.06080400136036823
53,1,29,colshuf,0.2494706170177629,-0.0375969065357457,0.00036249258296882264,-0.061763726954837464
53,2,29,real,0.24555679787189033,0.10857437061436845,0.0018529017367689784,0.008550274815897317
53,2,29,permC,0.24545767409496844,0.10852161222167776,-0.00016511008956804352,0.010533868789179205
53,2,29,margin,0.25822300904702145,0.10869783850419848,0.00024421499911989975,-0.07690433175347243
53,2,29,rowshuf,6.240753545712815e-05,0.06624117699552923,-0.0008444698511067363,-0.11976023660857446
53,2,29,colshuf,0.25029923608754245,-0.035326381961316135,0.00056307491726304,-0.1079522579051216
53,3,29,real,0.24679956171545975,0.11176753257011054,0.004943511820717477,-0.012704550631713005
53,3,29,permC,0.24686243938297922,0.11152118444189338,-8.320545352056655e-05,-0.008550124535085376
53,3,29,margin,0.25681900246915534,0.11140504470550897,0.00032130458100889286,-0.12854421484570405
53,3,29,rowshuf,0.00013843827503726147,0.06904148019834648,-0.0005279042902396058,-0.17347064191683367
53,3,29,colshuf,0.25122257545744464,-0.03266793522791321,3.230122043595962e-05,-0.16253193876934946
53,5,29,real,0.24728747091612244,0.11401509096557512,0.0065919523834840335,-0.057488349065530776
53,5,29,permC,0.24695556992121132,0.11405052040122246,-0.0008435719938008346,-0.052386300169484395
53,5,29,margin,0.2590196036467545,0.11169581320130488,-6.421250829063976e-05,-0.19789674081720154
53,5,29,rowshuf,8.302485891239128e-05,0.07904113687277761,-6.173387399286781e-05,-0.28627623655489864
53,5,29,colshuf,0.25426669284262465,-0.030902129898642685,-0.00047869928684523183,-0.2415958254272415
53,8,29,real,0.2488220380604011,0.11852528767819469,0.0066671715304685575,-0.13288151325006975
53,8,29,permC,0.24954276887300045,0.11915732665071053,-0.00034080514405102996,-0.12783816400630832
53,8,29,margin,0.26148616169712047,0.11877989513901813,-0.0003751288672156905,-0.32401576242965757
53,8,29,rowshuf,3.6275023166480264e-05,0.08409410572983962,0.00014547929826119743,-0.40688487728313183
53,8,29,colshuf,0.2515961573539127,-0.02583624240381659,-0.0009531503752629178,-0.33445311620550483
55,1,11,real,0.23965929514984358,0.0841378974110312,0.004067689868610586,-0.014372733467946937
55,1,11,permC,0.23963812804719425,0.08377129312143289,-0.00041004773868814437,-0.014376873105706262
55,1,11,margin,0.24300625798274936,0.08964456289293579,-0.0005756277744269993,-0.06818827221322027
55,1,11,rowshuf,-0.0005750265398598575,0.05218399296268378,-0.00041564899223271257,-0.07451893993363391
55,1,11,colshuf,0.2303373752068332,-0.04439698913041321,-0.00022935185486159618,-0.08202005684703623
55,2,11,real,0.2318697776583279,0.08900322432414268,0.005717886366550934,-0.05225233486130378
55,2,11,permC,0.2320554953108131,0.0884679030185472,-0.0004834390688176667,-0.05231515485129027
55,2,11,margin,0.22896203550816058,0.09305818203094526,-0.001105494693128678,-0.10841072807702516
55,2,11,rowshuf,-0.0006407925337934642,0.054018551597510775,-0.0007639291149504068,-0.14141362477110425
55,2,11,colshuf,0.2263573224510337,-0.040406374464519,-0.00031529377237023615,-0.14429238047508763
55,3,11,real,0.22495271976748912,0.09470868149855179,0.006161666468548497,-0.08391846954586929
55,3,11,permC,0.22513741814340996,0.09385758951617851,-0.0006308162166454856,-0.0831493196695676
55,3,11,margin,0.22553713539769327,0.09803103387713266,-0.0005637989032079108,-0.16000723613638967
55,3,11,rowshuf,-0.0007396056146927269,0.057544291334509806,-0.0007253848477111469,-0.20368934520788587
55,3,11,colshuf,0.21962525503103378,-0.03817267445233394,-0.0003420692606367256,-0.2110756788539685
55,5,11,real,0.21807854495705592,0.09321906495813766,0.007548293177763492,-0.13178234224219926
55,5,11,permC,0.21865633894426717,0.09220192212659017,-0.001027009290076782,-0.12948113870458938
55,5,11,margin,0.22421344865493115,0.10309152316178254,-0.00023684901183820817,-0.2563360262521384
55,5,11,rowshuf,-0.0005475278007877245,0.06599541276690091,-0.0009502093033915323,-0.31817143857882596
55,5,11,colshuf,0.2172701896318077,-0.03585852786618879,-0.0008068025781704421,-0.3181100753492374
55,8,11,real,0.21982334114217045,0.08984465095749267,0.010107800339634432,-0.1978541003173904
55,8,11,permC,0.21952019176395798,0.08878089772928628,-0.0010825112541260247,-0.19345769263280654
55,8,11,margin,0.21761249165007684,0.09916409824319919,0.0006279064152012737,-0.325973567334496
55,8,11,rowshuf,-0.0005022151322256659,0.07107318024294842,-0.0005946695162167281,-0.494877829611015
55,8,11,colshuf,0.22518912813598507,-0.03025609813285876,-0.0012424581368798335,-0.36851510998342557
55,1,29,real,0.2592949848911039,0.08652499182115747,0.00476392780094706,-0.0016120217396717222
55,1,29,permC,0.2592660350706453,0.0861584668905628,0.00014488889856911769,-0.0015543765045111235
55,1,29,margin,0.25300674221243086,0.07798722998962826,5.264796204042702e-06,-0.051894999369223954
55,1,29,rowshuf,-0.00011395826615691791,0.04238592999800468,-8.518597046991427e-05,-0.07096278891818947
55,1,29,colshuf,0.2415198798376848,-0.05022451534267941,-0.00022779546605872222,-0.06512954222827456
55,2,29,real,0.25125889058345197,0.09024865406947057,0.0059446420608797275,-0.04016006888365638
55,2,29,permC,0.25153325387088005,0.08977638283964007,-4.576026157894947e-05,-0.03950044819219332
55,2,29,margin,0.24794582111698119,0.08378626928797356,-6.977621791455965e-05,-0.10589184950544697
55,2,29,rowshuf,7.859314485400559e-05,0.04620992380383244,-0.000642820760239406,-0.14079556446308114
55,2,29,colshuf,0.2360082139100878,-0.04572092120853273,-0.00034714484211950675,-0.14081134108153356
55,3,29,real,0.24506160145530786,0.09442451637492552,0.008653633888309809,-0.07347324344969054
55,3,29,permC,0.24512474424183428,0.09371123196085471,0.00011950593792683001,-0.07273734729753907
55,3,29,margin,0.24060855765120231,0.08647648871929726,0.0006410148177597627,-0.16495419554572976
55,3,29,rowshuf,0.0001010070376395722,0.050548353475562774,-0.0008870260688564983,-0.20377474771582116
55,3,29,colshuf,0.2340154269085914,-0.045876065196920224,-0.00048400237066575924,-0.20255329992237947
55,5,29,real,0.23556886998330048,0.09338227664068781,0.010199665255097662,-0.12515941579271034
55,5,29,permC,0.23643788320884238,0.09343869765607814,-0.00023745196081662034,-0.12242202239913873
55,5,29,margin,0.2365044967171028,0.09015937906103842,0.000631122866910111,-0.2629367881649238
55,5,29,rowshuf,-0.00012360501492505077,0.057014181439222024,-0.0011785923490572612,-0.32875987336384227
55,5,29,colshuf,0.22324571117819808,-0.04083245890936705,-0.00019123425295483604,-0.2723206367152639
55,8,29,real,0.2291401114659904,0.09359856125617506,0.013710391007891195,-0.20240637509406087
55,8,29,permC,0.22944036166541162,0.09245748217306494,-0.0006528334163268996,-0.1984656649303427
55,8,29,margin,0.2304968431028112,0.08936895540324866,0.0019830340211350233,-0.3118036950699238
55,8,29,rowshuf,-0.00012797171639173746,0.06700701476853063,-0.0020073858327487966,-0.502324475690757
55,8,29,colshuf,0.2319878757446681,-0.037457183310934256,-0.00037287941007582703,-0.37079324596641267
62,1,11,real,0.19480947682097505,0.08803887500974812,0.003443530304516773,0.005640675549461663
62,1,11,permC,0.19524756168581534,0.0875445511943459,-0.0001244168893797156,0.008855250418784117
62,1,11,margin,0.1974593152026219,0.08934039923881743,-0.00042536383306365777,-0.05528529443229534
62,1,11,rowshuf,-0.00026099745973934274,0.05121398530282965,-0.0002826972093080323,-0.06306664595987889
62,1,11,colshuf,0.18845004043787306,-0.0447509821619527,-0.0009293702593830184,-0.06847599504182604
62,2,11,real,0.18984033521482727,0.09150939401962464,0.0052119406438405165,-0.016385058059502716
62,2,11,permC,0.19005285178492942,0.09144244650122824,-0.00041695453085847467,-0.012393269380146323
62,2,11,margin,0.19130328250697573,0.0924369309361631,-0.0013007481741675597,-0.11651128458173783
62,2,11,rowshuf,-0.00015591153267637453,0.052651121640200915,-0.000449056475554895,-0.12295665976062932
62,2,11,colshuf,0.18327444837105808,-0.04171138018318355,-0.0010078763330607365,-0.13999785190973812
62,3,11,real,0.18613071574442763,0.09490868888688267,0.007899849485018234,-0.03937313983036189
62,3,11,permC,0.1868637293091922,0.09449198694453714,-0.0011609285546212895,-0.03331709183523907
62,3,11,margin,0.18914226413757976,0.0961340464034635,-0.0012806303007762512,-0.16846820858447556
62,3,11,rowshuf,-0.0002474424192984529,0.05539384667867347,-0.00015564196967978355,-0.1760760602343885
62,3,11,colshuf,0.1756634706704477,-0.038916987529943894,-0.0011575873153917466,-0.18937997646875687
62,5,11,real,0.18256492625743448,0.09548839643641993,0.019666936701022632,-0.09117137147481279
62,5,11,permC,0.18340297339867428,0.09454563724559424,-0.0016265213524550384,-0.08361958666889041
62,5,11,margin,0.17943457997625842,0.10014586716696121,-0.001628021775098992,-0.26879945718159415
62,5,11,rowshuf,-0.00017235710606354018,0.0608930707994905,-0.0005447653098669865,-0.28813065790219605
62,5,11,colshuf,0.17148824054363151,-0.0347469279323559,-0.00089460841708174,-0.2789623724906646
62,8,11,real,0.17449416278358384,0.09502583392482818,0.02508256147222715,-0.18496480659999667
62,8,11,permC,0.17477258765500747,0.09484752869989461,-0.0015955325917360317,-0.17765455533762808
62,8,11,margin,0.17212747460853242,0.0970555584358799,-0.0012219259972878018,-0.38408980530983017
62,8,11,rowshuf,-0.00010842769797236862,0.06692399033257954,-0.0012713866445259552,-0.42137693834174406
62,8,11,colshuf,0.16550965187468775,-0.03200931665414885,-0.0017127240746422632,-0.3561446452237582
62,1,29,real,0.19022047899253441,0.08500972996420585,0.001645001680530325,0.012965094718784698
62,1,29,permC,0.1905636578320883,0.08481821738646275,0.0001202473556807804,0.01642069587321952
62,1,29,margin,0.19367939761453845,0.08140854447663806,9.98004827214756e-06,-0.0581910430612727
62,1,29,rowshuf,-0.0003879510426296843,0.05309552451836862,0.0002654473054299796,-0.06568564904461824
62,1,29,colshuf,0.18670677791747362,-0.04465055909819371,1.9337249909268103e-05,-0.0594044815127803
62,2,29,real,0.1839666905984562,0.08646962968899939,0.00423495305655779,-0.005086370958441971
62,2,29,permC,0.18467456510573443,0.08633979486552885,0.0002505423687146994,-0.0018862998634368116
62,2,29,margin,0.18631128476427133,0.0854913240088804,0.000276269993267538,-0.11692246209727247
62,2,29,rowshuf,-0.0005568581926191732,0.05552289836328539,-0.00023785468589095543,-0.11831091720857194
62,2,29,colshuf,0.1804130999619754,-0.042301393166484305,-0.00016402059085729448,-0.11379692214071656
62,3,29,real,0.1821770732406574,0.0894391848110292,0.006820993529259874,-0.03190476372519994
62,3,29,permC,0.18290402167646527,0.08918643193443576,0.00044372412542442724,-0.027646425750579386
62,3,29,margin,0.17989580430371158,0.08936895313148085,0.00022639763274207947,-0.17040805654251265
62,3,29,rowshuf,-0.000621035557223204,0.05752793744158454,-0.0006448761336640036,-0.1787961753800293
62,3,29,colshuf,0.17585236762566356,-0.0411431261942512,-0.00010193284764311214,-0.16407183012618953
62,5,29,real,0.176636547790898,0.09279305094785911,0.017942947684401096,-0.09975076994076768
62,5,29,permC,0.17586982198507395,0.09195778689202078,0.0008831618062646965,-0.09520491571083266
62,5,29,margin,0.17573485312514586,0.0953121748657927,-0.0002347466840877573,-0.24676969421219813
62,5,29,rowshuf,-0.00034373183652453937,0.06173587950800049,-0.0004795275105488327,-0.2670734033793303
62,5,29,colshuf,0.17289034708304662,-0.03735423498159173,-0.0005494380631592041,-0.27130176205807827
62,8,29,real,0.17427791356360547,0.09556792636703866,0.02141427407376872,-0.18862904755190524
62,8,29,permC,0.1730387721991923,0.09562880781003262,0.000291303545172696,-0.18381106046502269
62,8,29,margin,0.16810344565760327,0.09520031082625846,8.421055873059079e-05,-0.3626993899770885
62,8,29,rowshuf,-0.00020013982601976843,0.07023171175748244,-0.002056923038167763,-0.41862765224849047
62,8,29,colshuf,0.16555204133213094,-0.030373326897238723,-0.00024504183398665885,-0.37317207271326747
63,1,11,real,0.23221262184665326,0.08697219512251834,-0.0007829919433628245,-0.03149147759755229
63,1,11,permC,0.23200434214563392,0.08686335712347322,-0.00037201616579102264,-0.03143789933487864
63,1,11,margin,0.2257523690934908,0.0880704822175134,-0.00042994341353141025,-0.06933102110314054
63,1,11,rowshuf,-0.00024017644745712627,0.050670319703491354,-0.00022986190871815412,-0.0657686127446026
63,1,11,colshuf,0.2215550676132446,-0.048809244735475536,0.0004262408670660337,-0.07427213747142411
63,2,11,real,0.22488153206731504,0.0869718581162918,0.0013283148218195446,-0.05035284660383472
63,2,11,permC,0.22503016139450388,0.08654421396756706,-0.0003903129418796151,-0.04992361569134315
63,2,11,margin,0.2191402664478945,0.09066896160869421,-0.00019548198193029367,-0.10937476880828437
63,2,11,rowshuf,-0.0003720230201510558,0.054334243962837134,-0.0003179177229052088,-0.13389174599182518
63,2,11,colshuf,0.21512904833692165,-0.04228255655620895,0.0001429637075518464,-0.11469021065938662
63,3,11,real,0.21772394577869028,0.09049428219797673,0.004113994462633394,-0.07666476462277719
63,3,11,permC,0.2183673318710316,0.08987496541790319,-0.00105417526885652,-0.07458340970405655
63,3,11,margin,0.21283913924056191,0.0963133396107271,5.4403760951458435e-05,-0.16823610637755748
63,3,11,rowshuf,-0.0002670918130976696,0.05700478970803486,-0.0005728921876220298,-0.2022412696625972
63,3,11,colshuf,0.2146203916530773,-0.0389970685042444,9.901832853998853e-05,-0.1801584434444096
63,5,11,real,0.21347602284773654,0.09268983467174675,0.0059562129087868485,-0.14926283188824188
63,5,11,permC,0.2136092235371265,0.09191580626097437,-0.0011746297273666588,-0.14656746652168517
63,5,11,margin,0.20413267462023083,0.09578118636749938,-7.241285422783977e-05,-0.2529191119184644
63,5,11,rowshuf,-0.0003680272069755871,0.0632535007843518,-0.0004323101670988538,-0.3246708074642936
63,5,11,colshuf,0.20914269551143502,-0.03799327708623217,-0.000268634121702462,-0.2855413999491415
63,8,11,real,0.22004326661449367,0.09146370029115454,0.008634193171804184,-0.2652712312215415
63,8,11,permC,0.22048219797697408,0.09038763095206792,-0.001915280587862981,-0.26232913361674104
63,8,11,margin,0.20037932963398922,0.09290691251827943,-0.0003910502913173352,-0.3573330422759974
63,8,11,rowshuf,-8.186368272807461e-05,0.07000074241467603,-0.0008262277564235106,-0.4752395787405338
63,8,11,colshuf,0.20719782878538714,-0.033865376002105554,-0.0006359933978931273,-0.4165359753073241
63,1,29,real,0.22498428654224706,0.08516493942142256,0.0014027681152755656,-0.010637997057486137
63,1,29,permC,0.225162020440522,0.08512810012411504,0.0002916253254692339,-0.010540284598003019
63,1,29,margin,0.2200795287597808,0.08013913623142822,0.00048201476904397017,-0.0762215055678562
63,1,29,rowshuf,-0.0002815993669091817,0.04434624299444337,-1.582502001957568e-05,-0.06820746727649749
63,1,29,colshuf,0.20894737466085878,-0.042413391669231304,-0.00013527231535352216,-0.07262858871022267
63,2,29,real,0.21614808879274233,0.08684100079414507,0.001984295599284952,-0.03634867461860396
63,2,29,permC,0.21615694972063443,0.08663810019527524,0.00021799824617665015,-0.03601940190669831
63,2,29,margin,0.21576077737909083,0.08432848459029565,0.0005445208239210075,-0.1232554196339127
63,2,29,rowshuf,-0.00045143398000191404,0.049583746546362065,-8.812457099425611e-05,-0.13424851764625612
63,2,29,colshuf,0.2056460079439829,-0.04078010169264788,-0.0002411727824110273,-0.12428854204364669
63,3,29,real,0.2088990708333211,0.08766147971902055,0.0030667376784088893,-0.05838654610219396
63,3,29,permC,0.20893916190289058,0.0872057314373058,0.00033147026245414213,-0.05642301087574721
63,3,29,margin,0.21390192634617866,0.08466895261447946,0.0007071490262869259,-0.16610221763412764
63,3,29,rowshuf,-0.0004692732497382223,0.054035714230942646,-0.0004804635975058646,-0.20377295832492712
63,3,29,colshuf,0.20272347724351314,-0.037036283120758615,-0.0005166621988856682,-0.17524111007637586
63,5,29,real,0.20808871661572176,0.09061549704853844,0.0052205054665012025,-0.12902881401560867
63,5,29,permC,0.2082791356780044,0.08994180112410617,0.0004358616586513005,-0.12690299053739032
63,5,29,margin,0.19866444499860614,0.08379938061324903,0.0003192081734304982,-0.25809624502082595
63,5,29,rowshuf,-0.00013947561934107844,0.05730645471639062,-1.9874626000708024e-05,-0.3278187319355558
63,5,29,colshuf,0.2038501646631955,-0.03307431645575591,-0.0009909287968340639,-0.2835825420266877
63,8,29,real,0.20894408132620987,0.0904866838893009,0.006527035491969997,-0.2374568510524308
63,8,29,permC,0.20910836633059438,0.08985049026269211,-0.0004175000771407348,-0.23459287035734233
63,8,29,margin,0.1975758268739966,0.08854360966403851,0.000808864111780864,-0.3661400805052035
63,8,29,rowshuf,-7.161607076823043e-05,0.06740979628458581,-8.851606415979929e-05,-0.4963771099086559
63,8,29,colshuf,0.1946304105320342,-0.029479846502319683,-0.001118658320783931,-0.4147774377226652
67,1,11,real,0.16886125637042432,0.10724240299238014,0.0022251576028111024,-0.03853743980974786
67,1,11,permC,0.16877695041363436,0.10680670912220656,-0.00021167221509492867,-0.03754645535068926
67,1,11,margin,0.17166183143034866,0.1079890601304788,-0.0002453964422854763,-0.07223398497144146
67,1,11,rowshuf,-0.0005468436393418947,0.0801577583133318,-6.309609740207112e-05,-0.07174459527763895
67,1,11,colshuf,0.16294317873043668,-0.053615342455219976,-7.489955374640847e-05,-0.0826009272508037
67,2,11,real,0.16635914777922106,0.1128529421486189,0.0032786101058879984,-0.07320896212953683
67,2,11,permC,0.1663845899116797,0.11263522768319345,-0.00023448985135272418,-0.07192895197956164
67,2,11,margin,0.16857832151362345,0.11077583241459674,-8.215976061358893e-05,-0.13665683713468268
67,2,11,rowshuf,-0.0005917600871181983,0.08336301140713288,-6.821919586151118e-05,-0.1530725926768953
67,2,11,colshuf,0.16004934072567972,-0.04933924066951994,7.297671019459995e-05,-0.14235993364125255
67,3,11,real,0.16369965275258164,0.11681016809254349,0.004535774582351854,-0.11152244545955425
67,3,11,permC,0.1640087381099531,0.11640738023301878,-0.00036287544478833905,-0.1098284360179553
67,3,11,margin,0.1641577493615792,0.11622025020766132,0.00026503077627357263,-0.18225028668241605
67,3,11,rowshuf,-0.0006397461897107899,0.08759962437282216,-2.6460190388627458e-05,-0.2272823980495712
67,3,11,colshuf,0.15820108470696614,-0.04623057858950735,0.00031826210273771155,-0.20597847924228765
67,5,11,real,0.1581256187432295,0.11793505172381422,0.006252766213371508,-0.1728693115139566
67,5,11,permC,0.158312025993827,0.11781230057381538,-0.0004074148178213425,-0.17132837534195153
67,5,11,margin,0.15948917907290389,0.12261323808097885,0.00010456897428701151,-0.2782390616178828
67,5,11,rowshuf,-0.000545080177338018,0.10056094439969306,-0.00032262770737204183,-0.3611086749774379
67,5,11,colshuf,0.15651738418281896,-0.04322264419083279,0.0004932755774992673,-0.3115586119301867
67,8,11,real,0.15647554150445997,0.11811714769756611,0.007133958870008635,-0.2680517423686736
67,8,11,permC,0.1563738628649589,0.11746227329960154,-0.0005720885478724494,-0.2660720416946464
67,8,11,margin,0.1553774615800858,0.11765480413460848,-0.0001566902534397933,-0.3796737158561381
67,8,11,rowshuf,-0.0004787592970111331,0.10806730447105814,-0.0009031511709406785,-0.5297201814522179
67,8,11,colshuf,0.1560444844233957,-0.039696317267599604,-0.0001134298864230443,-0.4194965324666475
67,1,29,real,0.1691892712667576,0.11362709702470682,0.002016764942862995,-0.02917189632250355
67,1,29,permC,0.16913585194756586,0.11341813662680697,0.00020860324967444943,-0.02785759074498061
67,1,29,margin,0.17101083745277154,0.10724636700824695,0.0003019319791602026,-0.0745593820100364
67,1,29,rowshuf,-0.00045416682961106164,0.06686892729989903,-0.00019615104435782849,-0.06750527779323487
67,1,29,colshuf,0.15912498222305782,-0.06450957405601586,3.597228410151532e-05,-0.07438358708583921
67,2,29,real,0.16672850991756133,0.11939805136338925,0.0041691510337237645,-0.0751471294404488
67,2,29,permC,0.16641980576559695,0.11922390470053229,0.00042187384241017717,-0.07410999556089434
67,2,29,margin,0.16833049369014547,0.11079869487832433,0.0006153459513672059,-0.1365502285733729
67,2,29,rowshuf,-0.0005712955981457084,0.07112877765556272,-0.00040741865914045716,-0.1471470994574566
67,2,29,colshuf,0.15688798962472675,-0.05768066297583193,0.0001579210787450251,-0.15690973528311342
67,3,29,real,0.16375905356554293,0.12386581821339586,0.005272860386240881,-0.10199727318684296
67,3,29,permC,0.1638971770659579,0.12347289793581927,0.00014410814406288588,-0.10042960104292117
67,3,29,margin,0.16494626745469781,0.11481099770298564,0.0003472414212816651,-0.19288144611102395
67,3,29,rowshuf,-0.0005824074883171899,0.0770589813861545,-0.0005612209225978604,-0.20460706465660627
67,3,29,colshuf,0.15254052546754587,-0.05222584913117744,-0.0005564551701011852,-0.22168718455818814
67,5,29,real,0.15993862990227325,0.1282538531899946,0.006315484810368995,-0.18154455684685952
67,5,29,permC,0.1596937605464956,0.12826656657715704,-0.0002205813155615466,-0.179773321119246
67,5,29,margin,0.15990999947424717,0.12245857367407513,1.9828077892738064e-05,-0.28103908735268796
67,5,29,rowshuf,-0.0005313828884710714,0.09077953143227249,-0.0006121494621658582,-0.3103340204832321
67,5,29,colshuf,0.1484060596607284,-0.05033642414236745,-0.0008208140375559706,-0.30114794691968316
67,8,29,real,0.15353397935781038,0.12567274933305175,0.007590608936670314,-0.26975010140923683
67,8,29,permC,0.15377832623036997,0.12521179900511048,-0.000113158047457614,-0.2666327751023576
67,8,29,margin,0.15602668274987574,0.11555420398430612,-3.372377571637478e-05,-0.39006083921580215
67,8,29,rowshuf,-0.0003000781406871841,0.09725073325021155,-0.0009894306796893921,-0.4978741676060411
67,8,29,colshuf,0.15575884078906105,-0.04488942954069605,-0.0007772928550790573,-0.405228934804164
73,1,11,real,0.23441586090651573,0.09102042680551123,0.002818162861283613,0.02831404098327918
73,1,11,permC,0.2349252878408597,0.09102857264754974,-0.000562135393311199,0.02861272943122874
73,1,11,margin,0.2347240416514099,0.09070399968310164,-0.0002528380446571905,-0.05261043083525136
73,1,11,rowshuf,-0.0003126495608399189,0.06267769943154693,9.882139800163059e-05,-0.053082324185676676
73,1,11,colshuf,0.22904665170941524,-0.04443307959975764,-0.00016046318570206441,-0.08354052065989243
73,2,11,real,0.23101128884372102,0.09569175153643225,0.003934565127675305,0.01225556422003174
73,2,11,permC,0.23178905925017054,0.09519163251777688,-0.0008556976831853857,0.014587401308834014
73,2,11,margin,0.23331886329914517,0.09677037894276327,0.00046032471292458316,-0.10345397500401188
73,2,11,rowshuf,-0.00032139231839834837,0.06605557855487432,0.00017542006971413282,-0.11828738740242703
73,2,11,colshuf,0.2247803720571277,-0.04110600636796805,-0.0009472737270337003,-0.14532681360082617
73,3,11,real,0.22620036472014846,0.09495235368188296,0.002896132095836057,-0.0018870173958717338
73,3,11,permC,0.22673976931497627,0.09457394778215253,-0.0006028951216278297,0.0011706764689249358
73,3,11,margin,0.2258010948871487,0.09839216245513553,0.0008303158127354604,-0.1427323907538962
73,3,11,rowshuf,-8.423594126178806e-05,0.06872801284921543,-0.00023751866544483022,-0.17086512610346785
73,3,11,colshuf,0.2226525011110767,-0.03858602977753721,-0.001560756029500611,-0.18654161524167662
73,5,11,real,0.22346264952157655,0.09832306582130322,0.00372206817202883,-0.05305440554066179
73,5,11,permC,0.22433512451968302,0.09783848433369673,-0.0006216739542327654,-0.050485382563256395
73,5,11,margin,0.21859264598383718,0.10322643755464819,-3.0413608394924685e-05,-0.23919244506036774
73,5,11,rowshuf,-0.00013198986453101988,0.07652513989229208,-0.0002224092224180444,-0.28296715109803283
73,5,11,colshuf,0.2176279219219967,-0.03655160870667055,-0.0015010044720644897,-0.27769182518027713
73,8,11,real,0.2208664445495189,0.09908028359583232,0.008313506750756483,-0.12914835500468397
73,8,11,permC,0.2209850408351932,0.09923638137795429,-0.0019466663922950067,-0.12652779291646876
73,8,11,margin,0.20735796613892046,0.1067784746266279,-0.0007319355214211176,-0.34075048784700246
73,8,11,rowshuf,5.453293247803322e-07,0.08321691487684413,-0.000513542063466127,-0.4393931294409069
73,8,11,colshuf,0.2093688510644626,-0.03326187484408845,-0.0015544843495073348,-0.3876593088106251
73,1,29,real,0.24995967812898498,0.09003090934290851,0.0007579956410302586,0.019005227997323862
73,1,29,permC,0.24940613823684746,0.0897457027704078,-9.504277637237268e-05,0.019316990894614423
73,1,29,margin,0.24181447695601804,0.09135001922255276,-0.001682998451204722,-0.06686220140180218
73,1,29,rowshuf,-0.0003996661997962003,0.04872067730490163,-0.0006505295048959692,-0.06750263918844376
73,1,29,colshuf,0.2379386010218629,-0.042104037147626464,-0.0008764636412376773,-0.0549094580879981
73,2,29,real,0.2449048652372408,0.09449378880600294,0.001918217033803321,0.014724509414740267
73,2,29,permC,0.24454529085439436,0.09369799627030569,-0.0007051895596845343,0.017361899645321643
73,2,29,margin,0.23971648440050372,0.09525414622553009,-0.001643871486332928,-0.11142678729917592
73,2,29,rowshuf,-0.00036516089078266384,0.0532779386147515,-0.0016171238465141717,-0.14018030178103807
73,2,29,colshuf,0.23240035126379086,-0.039139655770505,-0.0010067167321633486,-0.10733493778084162
73,3,29,real,0.24540073540025367,0.09547285406168202,0.0018176027918378468,-0.01229003518276985
73,3,29,permC,0.24470467930744877,0.09438877187611583,-0.0006519871981570575,-0.009608249752825064
73,3,29,margin,0.23388416475652368,0.09478016436253997,-0.0021989108667197126,-0.14975028299495594
73,3,29,rowshuf,-0.0002882425454155402,0.058159659236621954,-0.0023651889290391788,-0.19631880989611844
73,3,29,colshuf,0.22893566780491373,-0.03755805878731239,-0.000995050628740409,-0.15481537359006475
73,5,29,real,0.23918650560672697,0.0997810826671828,0.003007660410605202,-0.05643806616068157
73,5,29,permC,0.23910185534041245,0.09851640585757451,-0.0003764841212186565,-0.05341528584359091
73,5,29,margin,0.22716517313871964,0.0997638009765662,-0.002286595946966637,-0.25017821952251684
73,5,29,rowshuf,-0.0006148561376672912,0.06773209909239336,-0.003862999075312947,-0.30107941636900964
73,5,29,colshuf,0.22423849922949593,-0.034526646532412546,-0.001237542101142954,-0.2726785908318773
73,8,29,real,0.23473450846105182,0.10078848566275131,0.00644305820054573,-0.1422685219038941
73,8,29,permC,0.2348320487650623,0.09989326145671874,-0.0011253746771995494,-0.13927872457630536
73,8,29,margin,0.21807230439348194,0.10472535584585184,-0.0031965501957651743,-0.3245714237117633
73,8,29,rowshuf,-0.00048191503687974863,0.07061362846842673,-0.004342832099329924,-0.44864836047681533
73,8,29,colshuf,0.2162183077364316,-0.030555783445144636,-0.0005515596769895085,-0.37859680931526274
77,1,11,real,0.2761077911134397,0.10767227810753995,0.005001797870389976,0.021598548681592278
77,1,11,permC,0.2766419798026378,0.10719135816666703,-0.00011598539623435451,0.026116615384154246
77,1,11,margin,0.2795459887498038,0.10979626528777982,0.0006777043630017966,-0.028628227504340964
77,1,11,rowshuf,-0.00021191444745516375,0.0691955069773646,-0.00014472060736072284,-0.06635009945409513
77,1,11,colshuf,0.26740770481510456,-0.04165155644927152,-0.00022042645493950777,-0.06531642856670472
77,2,11,real,0.2748562902254779,0.10856280165072095,0.005924018010836482,0.005126914551438424
77,2,11,permC,0.27543206660164754,0.10811253844163453,-0.0002876019368805901,0.00933850206144311
77,2,11,margin,0.2753876865655423,0.11436482611685017,0.0005378488849042776,-0.07843757223174683
77,2,11,rowshuf,-0.0002117684561149154,0.0731904876116602,-0.00012007140213290968,-0.12588629348413344
77,2,11,colshuf,0.26460385885998905,-0.0387317186282379,-0.0004786794199082567,-0.11575010864636069
77,3,11,real,0.27406725690884215,0.10790762525608909,0.01045000315497599,-0.009438294535689276
77,3,11,permC,0.2747808253850408,0.10692019923591985,-0.00042684768870835754,-0.0018186214532443885
77,3,11,margin,0.272932183148762,0.11838832927860525,0.0011595641159378907,-0.12745106275994827
77,3,11,rowshuf,-0.0001510367308417045,0.07643232590472154,-0.0003888998464942894,-0.1787388577687248
77,3,11,colshuf,0.26146602989223966,-0.03581043728660689,-0.0003009070816482514,-0.16794858049157535
77,5,11,real,0.26552833374613566,0.11407399476989014,0.01466724681493813,-0.06381512901612972
77,5,11,permC,0.2661016968485393,0.11410073414470304,-0.00043559940727007823,-0.05496766531275722
77,5,11,margin,0.27149914339177117,0.1195944648450924,0.0011019949566073717,-0.21141235301913133
77,5,11,rowshuf,-0.00015414269994385812,0.08223759101853399,-0.00040459075718697146,-0.28684018142528456
77,5,11,colshuf,0.26096074684870646,-0.034262770724657304,-0.0005307910663928753,-0.24601068469084117
77,8,11,real,0.2654658238922908,0.11117061337286176,0.01840932951217148,-0.11406380779175793
77,8,11,permC,0.2652231183303202,0.11074168453178983,-0.0007820553166352957,-0.10415478962436543
77,8,11,margin,0.26616330118027565,0.12164393991754163,0.0017719059467038167,-0.2961129669444524
77,8,11,rowshuf,-0.00014115579634766764,0.08825177467665495,-0.0010451725097227749,-0.4227771517172709
77,8,11,colshuf,0.26168916758705574,-0.030976656253395688,-0.0007492246727862824,-0.31761413049737486
77,1,29,real,0.26595679161214436,0.11896284272842905,0.004925724726369846,0.025412117625957045
77,1,29,permC,0.2663100252830941,0.11859913146956581,-0.00022915628355503018,0.029640230262258524
77,1,29,margin,0.2691289976356568,0.10955314637682832,0.0005294978555512031,-0.02708815519029862
77,1,29,rowshuf,-0.0002580949793347017,0.07213022287840481,-0.00018475734493327475,-0.06317078896722902
77,1,29,colshuf,0.2710333232151547,-0.03766796016638368,2.397760637074901e-05,-0.0672340077028798
77,2,29,real,0.265413817186905,0.12028432321146354,0.006121676547997676,0.002896164242538514
77,2,29,permC,0.2652782202136361,0.12034335379466694,-8.492204792514187e-05,0.0068394480406756275
77,2,29,margin,0.266872096822491,0.11333308445063037,0.0006231995445679372,-0.0709277507004879
77,2,29,rowshuf,-0.0002025929263244815,0.07382087348837915,-5.125389527590081e-05,-0.11298674612966234
77,2,29,colshuf,0.26758929002780185,-0.03535378904487008,-8.736305588960547e-05,-0.12567138425451235
77,3,29,real,0.2657942475377706,0.11771152185789344,0.009779771133696685,-0.012079045397954022
77,3,29,permC,0.2649551808181641,0.11755462271115108,-0.00035652589482392433,-0.0046001421209704765
77,3,29,margin,0.26419701084067837,0.11463688758038071,0.0008800997244076217,-0.12088227650078474
77,3,29,rowshuf,-0.00031864974308080474,0.07755344823490681,-0.0002834134833102723,-0.16262437605752458
77,3,29,colshuf,0.265883930885056,-0.03303357804087071,-0.0005461051540223046,-0.17352006951052135
77,5,29,real,0.25815794140979587,0.12120473512239155,0.012821778397620193,-0.06735971330452421
77,5,29,permC,0.2577670091102635,0.12137654823538495,-0.0006422445868990803,-0.058627814899516455
77,5,29,margin,0.26202094779053653,0.12056780467192928,0.0007941128926277075,-0.20249961632357855
77,5,29,rowshuf,-0.00024693503614385087,0.08329251465961032,-0.0008638719844937063,-0.2735200269647815
77,5,29,colshuf,0.2651883048400211,-0.03029915504801955,-0.0007821018755546822,-0.2579717948788427
77,8,29,real,0.25903696564207174,0.1193392899384752,0.017326894863649828,-0.09441843407800685
77,8,29,permC,0.2585105735747226,0.11946335003505604,-0.0009864626513890196,-0.08455585735268524
77,8,29,margin,0.25509896413871624,0.1228415377506175,0.0011053827965560408,-0.28504719373141907
77,8,29,rowshuf,-0.0002970843296167258,0.09115680273479182,-0.0012949188299108219,-0.3992517538701873
77,8,29,colshuf,0.27077878493306906,-0.02712369199405108,-0.0009838224398007098,-0.350869696073452
83,1,11,real,0.09064054761041333,0.07175829258247357,0.004847859629321697,0.10940655765138366
83,1,11,permC,0.09167016821242226,0.06906737405026359,-0.0008337453659612212,0.11725552345726341
83,1,11,margin,0.0945187495559681,0.01962051130730469,0.0003030785120081888,-0.09868965306952356
83,1,11,rowshuf,-0.0002959924419552451,0.015366149866686264,-0.0007285014158237105,-0.0982974183256386
83,1,11,colshuf,0.10223915307396739,-0.12475355391990277,-0.0009630455705363546,-0.09802805885169157
83,2,11,real,0.08919190344858935,0.0821420399579723,0.005924103410459835,0.02208841823468056
83,2,11,permC,0.09093787427288744,0.07931641129518549,-4.461649698433989e-05,0.032684383857779366
83,2,11,margin,0.0923576425522557,0.028895672307629117,0.0003273411799550226,-0.18330691900715973
83,2,11,rowshuf,-0.0003198057451415659,0.023629611878555168,-0.0015693015934508114,-0.22477241070437382
83,2,11,colshuf,0.10186689107417794,-0.11951322328933948,-0.0025333425962547713,-0.22075614706854788
83,3,11,real,0.09296004187028498,0.08680805557004928,0.006197120187364364,0.0031318173727418923
83,3,11,permC,0.09423130072461787,0.08236944390389415,0.00010779091597733678,0.01256085852887015
83,3,11,margin,0.09216472025653284,0.03434182319446447,-0.0008443592077463554,-0.26435488484508507
83,3,11,rowshuf,-0.00048456700703102446,0.03764168754093998,-0.0024221173411569465,-0.33990492678376993
83,3,11,colshuf,0.10046868428481848,-0.10834791882553986,-0.0025835725658210074,-0.29470326001041214
83,5,11,real,0.09276316144803042,0.09050012785869174,0.017557076386885674,-0.09362700750018706
83,5,11,permC,0.09410921021536157,0.08678272916216281,-0.0011752722120650836,-0.08638845616620638
83,5,11,margin,0.09283203025805954,0.05233084235739089,-0.0022039913039608823,-0.35366534132607363
83,5,11,rowshuf,-0.000489326806847425,0.05861035142184257,-0.0012045636408691367,-0.46021845265071987
83,5,11,colshuf,0.10146145466428971,-0.08500845744959201,-0.002925368456027283,-0.43196414537541117
83,8,11,real,0.09617656574639132,0.0967178790804814,0.04184353836545016,-0.1967618975126744
83,8,11,permC,0.09688724974443635,0.09161516001112886,-0.003435032650750014,-0.1914703199541798
83,8,11,margin,0.09796277297443376,0.04322197580682989,-0.006519073144868391,-0.20907875844628027
83,8,11,rowshuf,-9.523763211841119e-05,0.04992430226460058,-0.005286298586334068,-0.37023312932929503
83,8,11,colshuf,0.10612301279833769,-0.0956122797351328,-0.004448207078535651,-0.11948413054344051
83,1,29,real,0.08790791742713293,0.06372443013498749,0.003966066571139552,0.12048063231720148
83,1,29,permC,0.08724738428695555,0.06282382868431424,0.0002901362469626504,0.1305300147318998
83,1,29,margin,0.09249921190488448,0.06775729379969367,0.00026875164687984826,-0.1348707369187803
83,1,29,rowshuf,0.0015196351525317748,0.04111596271201697,-0.00012044056910952744,-0.12262028473877698
83,1,29,colshuf,0.09180291692769217,-0.10777820193559173,0.0007061259318338157,-0.149792698977668
83,2,29,real,0.08909418217648593,0.07414136400833027,0.009605199324111774,0.03686050840669512
83,2,29,permC,0.08912474899095849,0.07250354852151542,-0.00024957647964285457,0.04803834957916482
83,2,29,margin,0.08910813065471843,0.07788115790950462,0.0013156442134767687,-0.20986677403673665
83,2,29,rowshuf,0.0016759893050662758,0.055573220406945734,-0.0016282832697125567,-0.23237691182049625
83,2,29,colshuf,0.09290270466309092,-0.10049507872060374,-0.00042328793691565986,-0.27682594074751776
83,3,29,real,0.08799242204985264,0.0761695271956061,0.011703608513448352,-0.01353126931325719
83,3,29,permC,0.08792567401692761,0.07483462145726227,6.278878678531163e-05,-0.0019017708585322042
83,3,29,margin,0.09201437366299246,0.07599112966368538,-0.0004687443025262287,-0.2821228204377303
83,3,29,rowshuf,0.0013304442321961187,0.06290954505030238,-0.0014395454999759916,-0.3236959511212248
83,3,29,colshuf,0.0911748962483082,-0.08632430923389697,-0.0001734745870157206,-0.3939280257304419
83,5,29,real,0.08851241810554224,0.08699877201462214,0.02049882941046302,-0.10058785334117516
83,5,29,permC,0.08922739710742902,0.08469630601059353,0.0004879254154065982,-0.0921316022480104
83,5,29,margin,0.09079939247036858,0.09343401962192915,-0.0009258641522634135,-0.4294873312195955
83,5,29,rowshuf,0.0016507306711681287,0.07697750766445505,-0.0009183584686320119,-0.45182849606464714
83,5,29,colshuf,0.0898749733436632,-0.07247204959157506,0.0001332108911275831,-0.4849121136861789
83,8,29,real,0.09420825807745045,0.09068778341725457,0.043207005103426954,-0.1789795844742206
83,8,29,permC,0.09462455812986176,0.08533953521399806,-0.002170366189345731,-0.17100489592465015
83,8,29,margin,0.08990699720232855,0.10927446364609313,-0.003799546269797486,-0.19511190708363935
83,8,29,rowshuf,0.0013789721257435235,0.07376823219050135,-0.0024144081403344084,-0.42298862022148154
83,8,29,colshuf,0.0934038756120202,-0.07877953948408259,-0.000986793995694827,-0.06675903236154812
85,1,11,real,0.25934967113640106,0.09685554000014711,5.920952119903289e-05,0.02642588993301845
85,1,11,permC,0.25936956331599403,0.09681065724372583,-0.00038505769049378597,0.026395357924516197
85,1,11,margin,0.25800114862390744,0.10534253841980012,2.5672073894644765e-05,-0.03389932172189904
85,1,11,rowshuf,2.092807840011386e-05,0.05969414526588569,-0.00037347210087266636,-0.06757449988760889
85,1,11,colshuf,0.2617996066901266,-0.03433075843907003,-0.00019847323453076052,-0.056600906515075655
85,2,11,real,0.2588400859388027,0.09879765026257177,-0.0001617868677218914,0.028500658792302437
85,2,11,permC,0.25885878489276143,0.09863363275648668,-0.0003898842806074702,0.02964617351937748
85,2,11,margin,0.2579515919612716,0.10816429247659018,-0.00013324267245598542,-0.0820301551372015
85,2,11,rowshuf,-0.00015968396614399194,0.06422326168751924,-0.0006670826332155303,-0.11680963356066933
85,2,11,colshuf,0.26427296644682036,-0.03133508073680169,-0.000568457471809632,-0.10200268233028917
85,3,11,real,0.2603795015303427,0.10349786254397463,0.002251422878824775,0.014412630429554058
85,3,11,permC,0.2603933276439246,0.10281168129472971,-0.0007660587747344201,0.016901983179827218
85,3,11,margin,0.25849207040622796,0.11108104253493543,-0.0009939003203143317,-0.13254493126253844
85,3,11,rowshuf,-0.0001706849414563616,0.06832785616814983,-0.0014257245545138502,-0.1721138362386428
85,3,11,colshuf,0.2654005329288252,-0.03060994141311851,-0.0007301278849997278,-0.14159759533864857
85,5,11,real,0.2652380503746735,0.10876935262401342,0.002942874343567353,-0.03702427699640645
85,5,11,permC,0.2655810595897589,0.10763424754420887,-0.0011649782558142974,-0.03355550642075715
85,5,11,margin,0.2600541599669585,0.11712965393963322,-0.002054684788607236,-0.22484898304799614
85,5,11,rowshuf,-0.00013748664183608575,0.07719817706121766,-0.0006971926409109114,-0.2895217255341345
85,5,11,colshuf,0.2639638514204642,-0.029296712864964027,-0.0015425832420808046,-0.23309467206691534
85,8,11,real,0.2661474700419825,0.1090670286001214,0.0029199424236800533,-0.1313051823281386
85,8,11,permC,0.2665439914778449,0.10764839451915759,-0.002136532129489656,-0.12850365775609163
85,8,11,margin,0.2612591853813274,0.11777375347214639,-0.0030340991577608167,-0.3040067408545273
85,8,11,rowshuf,0.00017326140623460012,0.08435532432932957,-0.001857265869542934,-0.4161330686308504
85,8,11,colshuf,0.2655304536308099,-0.02587763720174977,-0.0018580143575483985,-0.33633889694046
85,1,29,real,0.2627791126056146,0.10422134724223937,0.0015069420962892837,0.030908741329530087
85,1,29,permC,0.26261427831445616,0.10416161830887159,-2.4804456651039697e-05,0.03106275682784961
85,1,29,margin,0.25939124279202463,0.10345702555984793,0.00029632695175742707,-0.03187140039864801
85,1,29,rowshuf,-0.0005615929207086756,0.06579779583631928,7.970854450424966e-05,-0.06152547453563996
85,1,29,colshuf,0.2724775927501959,-0.03974192623170239,-0.0004018989584485266,-0.0817663261379336
85,2,29,real,0.2634205470805244,0.10573987376866893,0.002481161507256996,0.026236524532658706
85,2,29,permC,0.26276320241994555,0.10555672738493807,-0.0001550914980142463,0.027550156341695244
85,2,29,margin,0.2613860299975682,0.1077016754662202,7.032274041353842e-06,-0.08685885735605336
85,2,29,rowshuf,-0.00044436061148835543,0.06902161776710705,-0.0002287686185538836,-0.12802312480078876
85,2,29,colshuf,0.2724548330949825,-0.03845779638496505,-0.0007365574428538173,-0.11889943887850535
85,3,29,real,0.26369537082786987,0.10805109287234481,0.004566732589449571,0.017676887612014403
85,3,29,permC,0.2627704524145589,0.10758479296259453,-0.0009906890095381833,0.0203351788011413
85,3,29,margin,0.26283450240119466,0.1093988331781771,-0.0004938771538226064,-0.11716754607127404
85,3,29,rowshuf,-0.0004770282225865322,0.07295486960232048,0.0004403799070553105,-0.1893560549782879
85,3,29,colshuf,0.27470372678218313,-0.036755328815473484,-0.0014142613039476168,-0.16233413537789337
85,5,29,real,0.2605289061939522,0.11481465464905406,0.0062200395438179274,-0.02256026481777144
85,5,29,permC,0.26055421006922996,0.11476063266206095,-0.001857858883698077,-0.01957319728001384
85,5,29,margin,0.26243393456217895,0.11256362736124252,-0.0011851829542412486,-0.1879287290938245
85,5,29,rowshuf,-0.000454287430769279,0.08272408519457375,-0.0008465448561762917,-0.2983001155082845
85,5,29,colshuf,0.2745780029926648,-0.0343323511690489,-0.0010538809895638916,-0.2348894827172424
85,8,29,real,0.2622965026989649,0.11600362518269511,0.006360921266904176,-0.10940076993758664
85,8,29,permC,0.26224213441499816,0.11556070711044386,-0.0022416599303454925,-0.10634823623394005
85,8,29,margin,0.26604277528810083,0.1153662255027888,-0.002250327864801745,-0.30791120311158393
85,8,29,rowshuf,-0.0004966972989105996,0.08633457910986211,-0.002206134794755815,-0.4354672821375415
85,8,29,colshuf,0.27696833321404907,-0.030140390315513785,-0.0017702182789500476,-0.36701463943717616
90,1,11,real,0.3279142152378194,0.07641393366172777,0.000505834013894646,0.0341060309743408
90,1,11,permC,0.3280511383274216,0.07641700204641655,0.00010054591099618407,0.034071651254635085
90,1,11,margin,0.326234497887544,0.06182827805531078,-6.421966108324795e-05,-0.06330844747870223
90,1,11,rowshuf,-8.906916960995288e-05,-0.027763901989821576,-0.00038537075963612777,-0.11381771839572835
90,1,11,colshuf,0.3452995772484282,-0.08389596791502131,-0.00024586426383269944,-0.10645166986967446
90,2,11,real,0.3205519761596346,0.0803463138192082,0.0005416648874786064,-0.009328702881019389
90,2,11,permC,0.32094855508144576,0.08035053809676643,-0.00020268767561949322,-0.009058563636327703
90,2,11,margin,0.3260048504221762,0.07410553241441722,7.967102630718204e-05,-0.1551561020839778
90,2,11,rowshuf,-0.00013379182668393774,-0.017315826554462323,-0.00022608683388906461,-0.22856128849879978
90,2,11,colshuf,0.34478420188896847,-0.07794302985399112,-0.00034598240904471866,-0.20387386257271828
90,3,11,real,0.3249093856789077,0.08197762830072339,0.0005739867745163848,-0.006012834680152089
90,3,11,permC,0.32538670163169825,0.08182200519327588,-0.0001738317594246752,-0.005965447100076859
90,3,11,margin,0.3245506045631995,0.07508831807275429,5.29470200963759e-05,-0.20820333624462045
90,3,11,rowshuf,-0.00010514386229091659,-0.0038785696933864387,-0.0005699373487626872,-0.33740085246320095
90,3,11,colshuf,0.3352232257154185,-0.07460995926219244,4.849521710262317e-05,-0.2252575005333711
90,5,11,real,0.3134470170398741,0.07793214548379407,-0.00030192354755474254,-0.03187552026948265
90,5,11,permC,0.31375385653469356,0.0778404553698404,-0.0006981363015868176,-0.03148582253351631
90,5,11,margin,0.32305719013178946,0.07897744345747718,-9.817198657401568e-05,-0.2768016670685031
90,5,11,rowshuf,-0.00028766825485363834,0.012079320681506042,-1.8219937057454617e-05,-0.4624475549558197
90,5,11,colshuf,0.3464574950528399,-0.06735945723064043,-0.00010272834579396392,-0.2458510040940296
90,8,11,real,0.3310169873068348,0.05648944028782261,-0.0005442159481120941,0.07745321578937298
90,8,11,permC,0.3312456015404136,0.0560850791259198,-0.0016594524434211666,0.07766438393864318
90,8,11,margin,0.32944542200692156,0.08096373656276382,-0.0002281440408461825,-0.18311803111755803
90,8,11,rowshuf,-0.00017620691194384735,0.002167556254702569,0.0006859726522613167,-0.446677781703896
90,8,11,colshuf,0.34196302196474027,-0.07221971269084262,-0.0003265080978459104,-0.20566455898113714
90,1,29,real,0.33549797392008257,0.07362729667838966,0.000534535945255793,0.040087765413468174
90,1,29,permC,0.3355984414374369,0.07366848177464197,0.000263962813898196,0.04004514649351992
90,1,29,margin,0.34366287236334736,0.0580050947374982,3.3141923738664675e-05,-0.0771437941671002
90,1,29,rowshuf,-0.00031092015462839495,-0.029852967162037055,-0.0006408467996560179,-0.13048832604137262
90,1,29,colshuf,0.32249050097108156,-0.07734746719885711,0.00042375143450562586,-0.10514786178032588
90,2,29,real,0.3294559768819074,0.08006184593400535,0.0012231051319754143,-0.002772983390408175
90,2,29,permC,0.32947789533226446,0.08037812254962856,0.0006733989916958559,-0.002619525835938691
90,2,29,margin,0.340559477994523,0.06624955054758758,-0.0005742902035115645,-0.1665653031269311
90,2,29,rowshuf,-0.00033442034086123,-0.015706323707454298,-0.0006814970559361384,-0.24366565615274383
90,2,29,colshuf,0.3224003163841914,-0.06777865070634198,-0.00020322043949253893,-0.17654712026350425
90,3,29,real,0.33017190279619507,0.07633350426441957,0.0015286747853044864,-4.839666585884552e-05
90,3,29,permC,0.32987662386795097,0.07660321085569274,0.00021247154922657274,8.552303050684152e-05
90,3,29,margin,0.34198975667123044,0.0722491592244299,-0.00043149742458625795,-0.23675316568041632
90,3,29,rowshuf,-0.00043012621325809,-0.007007600827028539,-0.0011697541632039916,-0.31491475396402246
90,3,29,colshuf,0.3168984876991356,-0.06377740254107385,-3.2427164343484804e-05,-0.2009895451113247
90,5,29,real,0.31982677414667054,0.07650415848038396,0.00023569066297168817,-0.023208553982467
90,5,29,permC,0.3197189826570642,0.07661404099274999,-0.00029667613395951514,-0.022800611332813754
90,5,29,margin,0.33457584957052794,0.07440844006486821,-0.00046064510194628505,-0.2338796773596269
90,5,29,rowshuf,-0.00019679448771559027,0.007709548593700396,-0.0012408348883773401,-0.46637350978394365
90,5,29,colshuf,0.34230876624709633,-0.06273038565752978,-0.0002950841648072152,-0.25647108398569896
90,8,29,real,0.3438829023262629,0.05219456762655556,0.0007096801044709129,0.0781896782526335
90,8,29,permC,0.3437478745909699,0.052177820166813445,-0.0004545653948490324,0.07832668208055843
90,8,29,margin,0.3372974727280872,0.07169748254599795,-0.0012256511797121838,-0.1250055080708792
90,8,29,rowshuf,-0.0004951705448179762,0.000532739830697071,-0.0018324198416595865,-0.4053530655405649
90,8,29,colshuf,0.3627750396578806,-0.06596741650292923,-0.0008385987014278377,-0.2232645751241413
92,1,11,real,0.1982223435963814,0.08448496761363386,0.005939572276081781,-0.013589928956125938
92,1,11,permC,0.19891223277122344,0.08395611673570536,0.0002012647699501935,-0.013038692535965771
92,1,11,margin,0.19909368969639507,0.0973099301915565,0.00016391164141399409,-0.04979516057276053
92,1,11,rowshuf,-3.265954507268113e-05,0.06864508214676379,0.0006121080378397685,-0.06850036760030515
92,1,11,colshuf,0.1675968303457812,-0.045739441058700925,0.00024138994707978423,-0.06856651651051066
92,2,11,real,0.19577216411941326,0.09034019098414944,0.007119634282082065,-0.029065404478647285
92,2,11,permC,0.1971981951751951,0.08981619389521542,5.7509265456158934e-05,-0.026133861242734802
92,2,11,margin,0.1919021480118937,0.10225842866739447,0.00041473306795280124,-0.1088619464414162
92,2,11,rowshuf,-0.00010345339888830536,0.07155917961859501,0.0005326400867658454,-0.1474118262898373
92,2,11,colshuf,0.1667002447751522,-0.04443818114210117,-0.00038520650251900695,-0.13883950944167658
92,3,11,real,0.18837081770864483,0.08876277451720102,0.010791762267144537,-0.06192702279545692
92,3,11,permC,0.18922121300482503,0.0881445049377669,0.00013319109550627428,-0.05751422562604631
92,3,11,margin,0.18449793648456148,0.10371563142535489,0.001033709733503178,-0.16188043894294304
92,3,11,rowshuf,-0.0002458227223276488,0.07718504855484687,0.00020759548880261433,-0.2032334578834021
92,3,11,colshuf,0.16427178158365172,-0.041496810689162424,-0.00031311520158946077,-0.1894083246478571
92,5,11,real,0.18527525204109271,0.09570182535796762,0.013872871204249756,-0.10458458971514743
92,5,11,permC,0.18581336580917485,0.09506135643033217,0.00035154296250454925,-0.10047860459515226
92,5,11,margin,0.1767769630592319,0.10716553142522439,0.0004684922866054671,-0.26719250383739546
92,5,11,rowshuf,5.8811462201639283e-05,0.08478458683248953,-0.0002003798651547724,-0.30876332341071633
92,5,11,colshuf,0.16080331293527272,-0.03650901111448497,-0.0005313917993882884,-0.2796422395133895
92,8,11,real,0.19202450117491313,0.09924224684254779,0.014157228275584945,-0.2385461544938462
92,8,11,permC,0.1915190929969919,0.09848186114382954,0.00016359875304535382,-0.23478435743809006
92,8,11,margin,0.17592609552328337,0.10706620508911883,0.0006472272033204256,-0.397916676336991
92,8,11,rowshuf,0.00014609413269952207,0.08828805448341231,-0.0007406016219264435,-0.45778956783085556
92,8,11,colshuf,0.16027245638723295,-0.03345328632323394,-0.0004451426196783181,-0.4041520465901657
92,1,29,real,0.17644315047910428,0.09165967705695546,0.004716541045946007,-0.005464458026731252
92,1,29,permC,0.17654348646982604,0.09127505569252294,-7.215227079467497e-05,-0.004762497785500641
92,1,29,margin,0.18351053942681045,0.09727481373921772,0.0005361480584990159,-0.04707333540738782
92,1,29,rowshuf,-0.0002878226789349384,0.056481290476957706,7.995961739892806e-06,-0.06227343047742141
92,1,29,colshuf,0.19403516911472637,-0.04820087625909856,0.00028422066401941526,-0.058591978238169445
92,2,29,real,0.17355273351405265,0.09628342632837239,0.004297697288832447,-0.021475895182817117
92,2,29,permC,0.17399353458581812,0.09620719932600118,5.85202771137642e-05,-0.01857158891944849
92,2,29,margin,0.17768502821209364,0.10274489665335929,0.00038996388859461695,-0.11670251368190146
92,2,29,rowshuf,-0.00013488844186371196,0.05731010508727528,-0.00044807618476894184,-0.11779117116018664
92,2,29,colshuf,0.19175995078294272,-0.04492831240806703,-0.0001383953939703327,-0.11068169189337998
92,3,29,real,0.16592827415794723,0.09445394886683359,0.006226784067653655,-0.04693620815002902
92,3,29,permC,0.16578440159658833,0.09451343037517401,-7.370303498633694e-05,-0.0424736049713563
92,3,29,margin,0.17115719175688748,0.10343507685141688,7.7818114856724e-05,-0.16573892838715554
92,3,29,rowshuf,-5.0503600930201786e-05,0.06173900701816619,-0.0005750935603341483,-0.1773339553990746
92,3,29,colshuf,0.18876086066754333,-0.04136953129458397,-0.00012690843716442468,-0.1782624344146706
92,5,29,real,0.16736485839095244,0.09739736447299825,0.00905537027619314,-0.09970543384769433
92,5,29,permC,0.1670385996533873,0.0967874079317361,0.0004987224610348654,-0.09461252272540771
92,5,29,margin,0.1599992875598649,0.10671106824301749,-0.00019661782324443633,-0.2680706645978411
92,5,29,rowshuf,-6.835832396742679e-05,0.07156394639006061,-0.0010841142273700457,-0.2976090995282945
92,5,29,colshuf,0.18018133415994336,-0.037447794561731786,0.0002548380029985253,-0.2699979959839801
92,8,29,real,0.1745239610038258,0.10028820998205007,0.011413699390236148,-0.23539772565579653
92,8,29,permC,0.1746587457643584,0.09963279910887689,0.0005155960944413784,-0.23163881955409169
92,8,29,margin,0.16960728032244277,0.10603968840537065,-0.000745874330193963,-0.38872582892513197
92,8,29,rowshuf,-0.00018961665139168488,0.08130015153445273,-0.0023686717864867717,-0.4512575370004531
92,8,29,colshuf,0.17715468753289862,-0.03278373785323582,-0.0013623492742025622,-0.4039821717933916
93,1,11,real,0.23539826691102603,0.12479358637872628,0.0033825951027798467,0.017171240662361732
93,1,11,permC,0.2355515213444985,0.12304963824216683,-0.0005028890667669501,0.025562294412620014
93,1,11,margin,0.22670046894495902,0.11633821677489226,0.0010062360724862607,-0.04700195841462167
93,1,11,rowshuf,-0.0003146146059506046,0.077598878899686,0.00021748736373706595,-0.0614272706789331
93,1,11,colshuf,0.227224641808257,-0.04123827466746427,-0.0005767299876736631,-0.06342210816366886
93,2,11,real,0.2334392160755856,0.12273849632107146,0.005421783425357179,0.013698221438957353
93,2,11,permC,0.23388332066536016,0.12201629891117126,-0.0007957885537903108,0.0225706119900768
93,2,11,margin,0.22164278407616597,0.11924708671484482,0.0013506661761238474,-0.08504143046755909
93,2,11,rowshuf,-0.0003693808787098389,0.07950837999087512,5.256062945500442e-05,-0.1143416884538405
93,2,11,colshuf,0.22554473869761685,-0.03798089610969452,-0.0010622438686158642,-0.11860700843142298
93,3,11,real,0.22722752207995497,0.12368745062453565,0.006396816576589395,0.0070550335300224205
93,3,11,permC,0.22851953948946652,0.12354712326815984,-0.0008376352096017373,0.017958596936100735
93,3,11,margin,0.22051895737634222,0.12444212157708535,0.001653662670756987,-0.12332024795376247
93,3,11,rowshuf,-0.00040728691533368594,0.08482525718482554,-0.0005609330041936311,-0.17068634858349327
93,3,11,colshuf,0.22526510570084232,-0.03678739729661255,-0.0014142766876309256,-0.16067219661411697
93,5,11,real,0.22689920582495,0.12553900054590536,0.012274268407673825,-0.05157852930780814
93,5,11,permC,0.2279853920364238,0.12542526952254182,-0.0013677259185019088,-0.04127860858728088
93,5,11,margin,0.2172426517619238,0.12034984853049516,0.001633441756689067,-0.18268467558523335
93,5,11,rowshuf,-0.00039027393872232785,0.09091245991959848,-0.00032900078967669033,-0.26814721035918265
93,5,11,colshuf,0.2194483478245643,-0.03359140756091486,-0.002055421138366366,-0.24558512356520862
93,8,11,real,0.2235800817132607,0.12222100599651843,0.01685790594774435,-0.08613669605777316
93,8,11,permC,0.22559971688378597,0.12213992303442266,-0.0015371112834403902,-0.07523561692464281
93,8,11,margin,0.2099992342525489,0.12458099041582762,0.0016609117875118946,-0.3014343561047605
93,8,11,rowshuf,-0.0002542734156632069,0.10064483097033239,-0.0015744769622128099,-0.41708071262680246
93,8,11,colshuf,0.21694480685215062,-0.03181536373969236,-0.002510301708496606,-0.35504075400863677
93,1,29,real,0.24375631228917308,0.11702453032397761,0.005733844865239996,0.016297813971437664
93,1,29,permC,0.24430427575580588,0.11596527662562595,-6.577323612943127e-05,0.024560251211649294
93,1,29,margin,0.23045346633024766,0.11162716189697579,0.0003448925014937487,-0.028931779777624927
93,1,29,rowshuf,-0.00026995573628830577,0.07876030496959781,-0.00023472502199033593,-0.06388910015193695
93,1,29,colshuf,0.2270090263172674,-0.040044872207171955,-0.001040136008037392,-0.056615202070142735
93,2,29,real,0.2424812999790171,0.11839325021570495,0.006878002232037383,0.009222175727001996
93,2,29,permC,0.24282523286119265,0.11805521300590482,-0.00019654603370936977,0.01792552200385435
93,2,29,margin,0.22800442508313343,0.11556146764750494,0.0008767479703584897,-0.07691240181322018
93,2,29,rowshuf,-0.000374466606927748,0.07958185920707411,-0.0002984484199385536,-0.11544697279845753
93,2,29,colshuf,0.22610474188132687,-0.03764988186754365,-0.0014199712098647472,-0.11953206237652457
93,3,29,real,0.23758048824005712,0.1198085720518482,0.009214941740898966,-0.00015116565356665347
93,3,29,permC,0.237886975306559,0.11924078874569798,-0.000777087442241725,0.011302633522192546
93,3,29,margin,0.22649695818410828,0.11721783945082712,0.0005486945784002513,-0.1211017755648717
93,3,29,rowshuf,-0.00021845265415286935,0.08365787182267836,-0.0006952671386140363,-0.163866681543702
93,3,29,colshuf,0.22539216585274968,-0.035782762608216986,-0.001355365132660093,-0.15973207618294272
93,5,29,real,0.23392080797499423,0.12261561239247423,0.013494552492369636,-0.06240154740458868
93,5,29,permC,0.23468312958835458,0.12330844123970357,-0.0014374156098507969,-0.050114838642171936
93,5,29,margin,0.22477009598119813,0.12154492584809855,0.00040330896540571865,-0.20533866922088398
93,5,29,rowshuf,-0.00025035980406402464,0.09052516997099747,-0.0010156810010202577,-0.2606445632580404
93,5,29,colshuf,0.22033612576489112,-0.032160966490407464,-0.0011242405434046254,-0.24254105683119467
93,8,29,real,0.23636599234130046,0.12026908290925886,0.019769272623268854,-0.09579110446114149
93,8,29,permC,0.23664334382994826,0.12084749207007485,-0.0010151681944338224,-0.08385160981130117
93,8,29,margin,0.2220877034630966,0.12362611711632646,0.0008099779323760917,-0.30010815533805685
93,8,29,rowshuf,-0.00033863801888947553,0.09825535881130254,-0.0008460075981182869,-0.39131601767498797
93,8,29,colshuf,0.2167720812989498,-0.0306312305412597,-0.0015410844454364636,-0.3803694450903483
