world,q,sub,Kc,seed,arm,C,m
real,1,0,1,11,real,0.00014572356874653636,16
real,1,0,1,11,perm,6.0627129708112903e-05,16
real,1,0,1,29,real,0.0002542793493630624,16
real,1,0,1,29,perm,1.8747585188938487e-05,16
real,1,0,2,11,real,0.00023191282308410166,16
real,1,0,2,11,perm,3.394843402715342e-05,16
real,1,0,2,29,real,0.0003618745960832781,16
real,1,0,2,29,perm,9.21949113242837e-05,16
real,1,0,3,11,real,0.0003767972060612079,16
real,1,0,3,11,perm,-4.372678090314164e-05,16
real,1,0,3,29,real,0.00047406761356849625,16
real,1,0,3,29,perm,8.620210541465667e-05,16
real,1,0,5,11,real,0.0005061670708248478,16
real,1,0,5,11,perm,7.481694902666813e-05,16
real,1,0,5,29,real,0.0006365189711492469,16
real,1,0,5,29,perm,-1.0061112612924639e-05,16
real,1,0,8,11,real,0.0018720177931329518,16
real,1,0,8,11,perm,-3.8071812589413057e-05,16
real,1,0,8,29,real,0.0018162763638008839,16
real,1,0,8,29,perm,-0.00014501215256723654,16
real,1,0,12,11,real,0.002635536987297238,16
real,1,0,12,11,perm,-0.00017681052777662742,16
real,1,0,12,29,real,0.0021693243713541976,16
real,1,0,12,29,perm,-0.00021941970907246588,16
real,1,0,16,11,real,0.0021695200845015528,16
real,1,0,16,11,perm,-0.0003735135268262413,16
real,1,0,16,29,real,0.0021484746552052902,16
real,1,0,16,29,perm,-0.0003443600773097577,16
real,1,1,1,11,real,9.890197833195558e-05,16
real,1,1,1,11,perm,3.1987769429364654e-05,16
real,1,1,1,29,real,0.00015774618321651168,16
real,1,1,1,29,perm,3.126814684417667e-05,16
real,1,1,2,11,real,0.0003966154243881803,16
real,1,1,2,11,perm,5.814263605907755e-06,16
real,1,1,2,29,real,0.0009153857413817246,16
real,1,1,2,29,perm,2.9299898420931392e-05,16
real,1,1,3,11,real,0.0006383594699914674,16
real,1,1,3,11,perm,9.811806826909297e-06,16
real,1,1,3,29,real,0.0010871559519662899,16
real,1,1,3,29,perm,-6.120280753252327e-05,16
real,1,1,5,11,real,0.0021645546794388792,16
real,1,1,5,11,perm,-0.00013547409749581352,16
real,1,1,5,29,real,0.002419285539622784,16
real,1,1,5,29,perm,-0.0002730867851851171,16
real,1,1,8,11,real,0.0022409989183738155,16
real,1,1,8,11,perm,-7.04899839696349e-05,16
real,1,1,8,29,real,0.0024174151130653687,16
real,1,1,8,29,perm,-0.00046376595240482654,16
real,1,1,12,11,real,0.0034840625780594436,16
real,1,1,12,11,perm,-0.00028139429994600285,16
real,1,1,12,29,real,0.0036043887688927967,16
real,1,1,12,29,perm,-0.0007797520683249237,16
real,1,1,16,11,real,0.0034019743669670977,16
real,1,1,16,11,perm,-0.0004522866232481437,16
real,1,1,16,29,real,0.0036860270266657613,16
real,1,1,16,29,perm,-0.0009188939865379941,16
real,1,2,1,11,real,0.0002837747847086458,16
real,1,2,1,11,perm,8.233830727533142e-05,16
real,1,2,1,29,real,0.0003530810419900554,16
real,1,2,1,29,perm,8.66189579072918e-05,16
real,1,2,2,11,real,0.0001825616925273943,16
real,1,2,2,11,perm,9.796752076784987e-05,16
real,1,2,2,29,real,0.00024181356609054294,16
real,1,2,2,29,perm,-7.272938726876621e-05,16
real,1,2,3,11,real,0.0007206043401711826,16
real,1,2,3,11,perm,0.00013243708895838147,16
real,1,2,3,29,real,0.0007081370545705123,16
real,1,2,3,29,perm,-0.00015569064917897446,16
real,1,2,5,11,real,0.0007836251389464755,16
real,1,2,5,11,perm,1.7006657061613417e-05,16
real,1,2,5,29,real,0.0007253071688888557,16
real,1,2,5,29,perm,-0.0003284957746612083,16
real,1,2,8,11,real,0.0010804295194091207,16
real,1,2,8,11,perm,-6.51911739563138e-05,16
real,1,2,8,29,real,0.0010658597512513968,16
real,1,2,8,29,perm,-0.00026823906697781563,16
real,1,2,12,11,real,0.0018766186894495496,16
real,1,2,12,11,perm,-0.0003912162249907203,16
real,1,2,12,29,real,0.0032429064854652134,16
real,1,2,12,29,perm,-0.0004998277592115352,16
real,1,2,16,11,real,0.0016842170015723967,16
real,1,2,16,11,perm,-0.0007952888538401703,16
real,1,2,16,29,real,0.003114348479788198,16
real,1,2,16,29,perm,-0.0005958390105348377,16
real,4,0,1,11,real,-8.869902753338987e-05,14
real,4,0,1,11,perm,-0.00028200231602792947,14
real,4,0,1,29,real,0.00030046195947197596,14
real,4,0,1,29,perm,0.0005187537412997267,14
real,4,0,2,11,real,-0.0003502544326530188,14
real,4,0,2,11,perm,-0.00019782164163761884,14
real,4,0,2,29,real,-0.00020226794732136621,14
real,4,0,2,29,perm,0.0004823027929133916,14
real,4,0,3,11,real,-6.241010959773252e-05,14
real,4,0,3,11,perm,-0.00029699965440788123,14
real,4,0,3,29,real,0.0006557189025993004,14
real,4,0,3,29,perm,0.0005599717091121503,14
real,4,0,5,11,real,0.0042043191115482825,14
real,4,0,5,11,perm,-0.0004907392685572498,14
real,4,0,5,29,real,0.00370569071978899,14
real,4,0,5,29,perm,0.00038080644149462994,14
real,4,0,8,11,real,0.006456298190504861,14
real,4,0,8,11,perm,-0.0014064653204624022,14
real,4,0,8,29,real,0.00412127552379693,14
real,4,0,8,29,perm,0.00020265078353609578,14
real,4,0,12,11,real,0.004986231320387002,14
real,4,0,12,11,perm,-0.0022328943816550817,14
real,4,0,12,29,real,0.0019900313524620072,14
real,4,0,12,29,perm,-0.0013343517098058921,14
real,4,1,1,11,real,-0.00010918135412529839,14
real,4,1,1,11,perm,-0.0003110791844280758,14
real,4,1,1,29,real,7.309003904731881e-05,14
real,4,1,1,29,perm,-0.0002278380729617835,14
real,4,1,2,11,real,-0.00038750174384116765,14
real,4,1,2,11,perm,-0.0006056015073440113,14
real,4,1,2,29,real,0.00044016542391134283,14
real,4,1,2,29,perm,-0.0005055682117937055,14
real,4,1,3,11,real,-0.0006577242070789913,14
real,4,1,3,11,perm,-0.0014256482456894704,14
real,4,1,3,29,real,0.00026792358645311154,14
real,4,1,3,29,perm,-0.0002453305825889096,14
real,4,1,5,11,real,-0.0007110466187647546,14
real,4,1,5,11,perm,-0.0011596741097841257,14
real,4,1,5,29,real,-0.0008765600605470381,14
real,4,1,5,29,perm,-0.00118196456616948,14
real,4,1,8,11,real,-0.00027585573900135163,14
real,4,1,8,11,perm,-0.0017552927014099495,14
real,4,1,8,29,real,-0.0014368277335019553,14
real,4,1,8,29,perm,0.00037980480610388945,14
real,4,1,12,11,real,-0.0010044554224883928,14
real,4,1,12,11,perm,-0.001310911553553673,14
real,4,1,12,29,real,-0.0013397664442741375,14
real,4,1,12,29,perm,0.00013421086746057131,14
real,4,2,1,11,real,0.00026809322737175734,14
real,4,2,1,11,perm,-0.0003419830875966978,14
real,4,2,1,29,real,9.01536232107425e-05,14
real,4,2,1,29,perm,5.995991975860093e-05,14
real,4,2,2,11,real,-0.0003669222135911365,14
real,4,2,2,11,perm,-0.0009260676638875864,14
real,4,2,2,29,real,0.0001855500045718772,14
real,4,2,2,29,perm,7.211955453656493e-05,14
real,4,2,3,11,real,-0.0007186912324407269,14
real,4,2,3,11,perm,-0.0012232664932306792,14
real,4,2,3,29,real,0.00014127630766347377,14
real,4,2,3,29,perm,-5.607766973980688e-05,14
real,4,2,5,11,real,1.2812120772309754e-05,14
real,4,2,5,11,perm,-0.0019965326022254315,14
real,4,2,5,29,real,0.0018744427755601478,14
real,4,2,5,29,perm,0.000640538336413865,14
real,4,2,8,11,real,0.0002644895414787296,14
real,4,2,8,11,perm,-0.0029429191809883237,14
real,4,2,8,29,real,0.001542550347474747,14
real,4,2,8,29,perm,0.000623653332249785,14
real,4,2,12,11,real,-0.002237627697304956,14
real,4,2,12,11,perm,-0.0036222893022568314,14
real,4,2,12,29,real,-0.00047610609249426616,14
real,4,2,12,29,perm,0.00040393398763538535,14
real,7,0,1,11,real,0.003085618325275541,10
real,7,0,1,11,perm,-0.001482155301601562,10
real,7,0,1,29,real,0.0038653768622404217,10
real,7,0,1,29,perm,-3.870742164013841e-06,10
real,7,0,2,11,real,0.002086823962247797,10
real,7,0,2,11,perm,-0.002289118624871578,10
real,7,0,2,29,real,0.004608457776201669,10
real,7,0,2,29,perm,-0.00046939772575793626,10
real,7,0,3,11,real,0.0028132800868633234,10
real,7,0,3,11,perm,-0.0025549299156990557,10
real,7,0,3,29,real,0.004515211862958779,10
real,7,0,3,29,perm,-0.0013316070288027504,10
real,7,0,5,11,real,-0.0005380875956594311,10
real,7,0,5,11,perm,-0.0030419219843932366,10
real,7,0,5,29,real,0.009157953613772918,10
real,7,0,5,29,perm,-0.003377796883855977,10
real,7,0,8,11,real,-0.0017429361438128232,10
real,7,0,8,11,perm,-0.0008517735247938196,10
real,7,0,8,29,real,0.007395145685466398,10
real,7,0,8,29,perm,-0.004768650816003195,10
real,7,1,1,11,real,-0.00035397327678654555,10
real,7,1,1,11,perm,-3.6005859596621725e-05,10
real,7,1,1,29,real,0.00015972263331320846,10
real,7,1,1,29,perm,0.0009638870184746073,10
real,7,1,2,11,real,-0.0018792589681211336,10
real,7,1,2,11,perm,0.0002231867419053568,10
real,7,1,2,29,real,-0.0010131250465282848,10
real,7,1,2,29,perm,0.0006949384470510411,10
real,7,1,3,11,real,-0.002199239264168984,10
real,7,1,3,11,perm,0.00012782466367311507,10
real,7,1,3,29,real,-0.0010013078120159058,10
real,7,1,3,29,perm,0.0019071268336315894,10
real,7,1,5,11,real,-0.0010380190968289904,10
real,7,1,5,11,perm,-0.0013981418857168526,10
real,7,1,5,29,real,-0.0032805118523570043,10
real,7,1,5,29,perm,0.0019352625464773565,10
real,7,1,8,11,real,0.00011195863122248628,10
real,7,1,8,11,perm,-0.0014843618199742448,10
real,7,1,8,29,real,-0.002408851173460791,10
real,7,1,8,29,perm,0.0014029951859286793,10
real,7,2,1,11,real,0.0006247185703802671,10
real,7,2,1,11,perm,-0.0006149830954951252,10
real,7,2,1,29,real,0.0011442660702105645,10
real,7,2,1,29,perm,-0.0003876145662274899,10
real,7,2,2,11,real,0.0004981084404969138,10
real,7,2,2,11,perm,-0.003050660550938389,10
real,7,2,2,29,real,-0.0014559850998117074,10
real,7,2,2,29,perm,-0.0006767038904438305,10
real,7,2,3,11,real,0.0011619667685731638,10
real,7,2,3,11,perm,-0.004528252012281464,10
real,7,2,3,29,real,-0.002206407077340322,10
real,7,2,3,29,perm,-0.0021590029773175257,10
real,7,2,5,11,real,0.001390207131349741,10
real,7,2,5,11,perm,-0.00529918696391074,10
real,7,2,5,29,real,-0.002378387098812884,10
real,7,2,5,29,perm,-0.0018608484276455561,10
real,7,2,8,11,real,0.0013377149828578405,10
real,7,2,8,11,perm,-0.006670235942124347,10
real,7,2,8,29,real,0.00015259371838671765,10
real,7,2,8,29,perm,-0.005232007617075873,10
real,8,0,1,11,real,-0.0013739616933635679,10
real,8,0,1,11,perm,-0.002456745176734665,10
real,8,0,1,29,real,6.606254206231732e-06,10
real,8,0,1,29,perm,-0.0006334121534259385,10
real,8,0,2,11,real,-0.0021346642153341477,10
real,8,0,2,11,perm,-0.002729440469681599,10
real,8,0,2,29,real,-0.0016666866057385432,10
real,8,0,2,29,perm,-0.0006598379327366066,10
real,8,0,3,11,real,-0.0017540761703180863,10
real,8,0,3,11,perm,-0.003168428696154968,10
real,8,0,3,29,real,-0.002195042275013659,10
real,8,0,3,29,perm,-0.0018743408952257568,10
real,8,0,5,11,real,0.003944019014255562,10
real,8,0,5,11,perm,-0.00346642345683168,10
real,8,0,5,29,real,0.0033033480694628636,10
real,8,0,5,29,perm,-0.0021806740826999516,10
real,8,0,8,11,real,0.0022420268223271034,10
real,8,0,8,11,perm,-0.005295035651719737,10
real,8,0,8,29,real,0.0024111236663264535,10
real,8,0,8,29,perm,-0.004672062059331017,10
real,8,1,1,11,real,-0.0014428741643087717,10
real,8,1,1,11,perm,0.000601182195604566,10
real,8,1,1,29,real,0.0018366171490344918,10
real,8,1,1,29,perm,-0.00012583976183289103,10
real,8,1,2,11,real,-0.0025117214062554405,10
real,8,1,2,11,perm,-0.0008661503782745328,10
real,8,1,2,29,real,0.001847633014042338,10
real,8,1,2,29,perm,-0.0023240607283324666,10
real,8,1,3,11,real,-0.004453972646315529,10
real,8,1,3,11,perm,-0.0016743679748393303,10
real,8,1,3,29,real,0.002738400615151182,10
real,8,1,3,29,perm,-0.0018591766553714972,10
real,8,1,5,11,real,-0.005856940294079682,10
real,8,1,5,11,perm,-0.003121989400516778,10
real,8,1,5,29,real,0.0033854305311455946,10
real,8,1,5,29,perm,-0.0028585857773991696,10
real,8,1,8,11,real,-2.1706351538197666e-05,10
real,8,1,8,11,perm,-0.0036486939545224972,10
real,8,1,8,29,real,0.00958666561060384,10
real,8,1,8,29,perm,-0.00671336070174211,10
real,8,2,1,11,real,-0.00010491124492761905,10
real,8,2,1,11,perm,-7.520307824249173e-07,10
real,8,2,1,29,real,0.00041756431767858704,10
real,8,2,1,29,perm,-0.0009954843443555905,10
real,8,2,2,11,real,-0.00082237736605828,10
real,8,2,2,11,perm,-0.001868145228537177,10
real,8,2,2,29,real,0.0003852774401230663,10
real,8,2,2,29,perm,-0.0027505090873480853,10
real,8,2,3,11,real,-0.0011191488609901823,10
real,8,2,3,11,perm,-0.0015047397787522065,10
real,8,2,3,29,real,-0.0004484807471089036,10
real,8,2,3,29,perm,-0.004154690172689768,10
real,8,2,5,11,real,-0.002451330107831051,10
real,8,2,5,11,perm,-0.0019193338098419943,10
real,8,2,5,29,real,-0.0007402103334529508,10
real,8,2,5,29,perm,-0.0032491591066783343,10
real,8,2,8,11,real,-0.003021729088623526,10
real,8,2,8,11,perm,-0.002483419892365335,10
real,8,2,8,29,real,7.909154021712439e-06,10
real,8,2,8,29,perm,-0.0043132165692268964,10
real,13,0,1,11,real,-0.0003741594341873933,19
real,13,0,1,11,perm,-0.00010305785822428692,19
real,13,0,1,29,real,-0.00011261936473294654,19
real,13,0,1,29,perm,9.758200472964607e-05,19
real,13,0,2,11,real,-0.0005719541789749316,19
real,13,0,2,11,perm,-8.909294798853384e-05,19
real,13,0,2,29,real,4.863319334758032e-05,19
real,13,0,2,29,perm,0.00011833885884304784,19
real,13,0,3,11,real,-0.0005226002852715128,19
real,13,0,3,11,perm,-0.00010352674826707986,19
real,13,0,3,29,real,-2.2327742154382157e-05,19
real,13,0,3,29,perm,3.947928667291656e-05,19
real,13,0,5,11,real,-0.0007249456277880206,19
real,13,0,5,11,perm,-0.0002870727459435285,19
real,13,0,5,29,real,-1.3444579184174188e-05,19
real,13,0,5,29,perm,-5.748636228686266e-05,19
real,13,0,8,11,real,0.0002064130449551671,19
real,13,0,8,11,perm,-0.0005092070613014199,19
real,13,0,8,29,real,0.0012920524602180183,19
real,13,0,8,29,perm,-0.00016856291445155325,19
real,13,0,12,11,real,0.0009502879976053258,19
real,13,0,12,11,perm,-0.0007943751487361483,19
real,13,0,12,29,real,0.0023482082450452246,19
real,13,0,12,29,perm,-0.0004304469651769116,19
real,13,0,16,11,real,0.0009621541295474767,19
real,13,0,16,11,perm,-0.0011953310720718147,19
real,13,0,16,29,real,0.00246394330928279,19
real,13,0,16,29,perm,-0.0006080475120882056,19
real,13,1,1,11,real,0.0008243507927541138,19
real,13,1,1,11,perm,-7.235824347906483e-05,19
real,13,1,1,29,real,0.0013541195800793604,19
real,13,1,1,29,perm,-0.000178555024053062,19
real,13,1,2,11,real,0.0016519002878367939,19
real,13,1,2,11,perm,-0.00018767707576372583,19
real,13,1,2,29,real,0.001784412545442593,19
real,13,1,2,29,perm,-0.00029595838262552743,19
real,13,1,3,11,real,0.002005543732734316,19
real,13,1,3,11,perm,-0.0002941126529421023,19
real,13,1,3,29,real,0.0020719207966014563,19
real,13,1,3,29,perm,-0.00040450590918572615,19
real,13,1,5,11,real,0.0031127040514244975,19
real,13,1,5,11,perm,-0.0003949765856844367,19
real,13,1,5,29,real,0.00331685302285345,19
real,13,1,5,29,perm,-0.000521528901880064,19
real,13,1,8,11,real,0.004031474665825874,19
real,13,1,8,11,perm,-0.0008111192912002574,19
real,13,1,8,29,real,0.004319122659922625,19
real,13,1,8,29,perm,-0.0006435058895767343,19
real,13,1,12,11,real,0.004980692293601319,19
real,13,1,12,11,perm,-0.001214202663030406,19
real,13,1,12,29,real,0.005529685220690861,19
real,13,1,12,29,perm,-0.0004133973044998518,19
real,13,1,16,11,real,0.0048903383929054245,19
real,13,1,16,11,perm,-0.0011748236913415866,19
real,13,1,16,29,real,0.0054308174123016695,19
real,13,1,16,29,perm,-0.00036806504599273815,19
real,13,2,1,11,real,0.00016211502713658899,19
real,13,2,1,11,perm,-0.00020161323242740004,19
real,13,2,1,29,real,-0.0001134230675146064,19
real,13,2,1,29,perm,-0.0001040811867646374,19
real,13,2,2,11,real,0.0002631204233217721,19
real,13,2,2,11,perm,-0.00025756815665878285,19
real,13,2,2,29,real,-9.610089934619648e-05,19
real,13,2,2,29,perm,-0.00016162073705427993,19
real,13,2,3,11,real,0.0009924389233615383,19
real,13,2,3,11,perm,-0.0003804602908030752,19
real,13,2,3,29,real,0.00036907758757875886,19
real,13,2,3,29,perm,-0.00017312457402218762,19
real,13,2,5,11,real,0.001063677215388914,19
real,13,2,5,11,perm,-0.0004288157133116588,19
real,13,2,5,29,real,0.0004831693980615892,19
real,13,2,5,29,perm,-0.00026521010589986016,19
real,13,2,8,11,real,0.0014824453323341036,19
real,13,2,8,11,perm,-0.0007981012861468795,19
real,13,2,8,29,real,0.001107237735067934,19
real,13,2,8,29,perm,-0.0002878866935397406,19
real,13,2,12,11,real,0.0011676192056128132,19
real,13,2,12,11,perm,-0.0010590886957781986,19
real,13,2,12,29,real,0.0010771112715887154,19
real,13,2,12,29,perm,-0.000572575134306974,19
real,13,2,16,11,real,0.0011179645001584415,19
real,13,2,16,11,perm,-0.0012894639861306123,19
real,13,2,16,29,real,0.0016690693103483811,19
real,13,2,16,29,perm,-0.0005463610804974373,19
real,17,0,1,11,real,-0.002648687524032578,10
real,17,0,1,11,perm,9.531456680256234e-05,10
real,17,0,1,29,real,0.0019006700589148107,10
real,17,0,1,29,perm,0.00034100478777865373,10
real,17,0,2,11,real,-0.0029689143911756366,10
real,17,0,2,11,perm,-2.2598714765620365e-05,10
real,17,0,2,29,real,0.0010746549076987577,10
real,17,0,2,29,perm,-0.0016411530897317839,10
real,17,0,3,11,real,-0.004210877514218669,10
real,17,0,3,11,perm,-0.0010843216466223105,10
real,17,0,3,29,real,0.0003579871474550522,10
real,17,0,3,29,perm,-0.0017490628380910644,10
real,17,0,5,11,real,-0.003015502047757246,10
real,17,0,5,11,perm,-0.002464908655327891,10
real,17,0,5,29,real,0.00012050941151420247,10
real,17,0,5,29,perm,-0.0006733518485366741,10
real,17,0,8,11,real,-0.0032927365299113553,10
real,17,0,8,11,perm,-0.002543510099266677,10
real,17,0,8,29,real,0.002190776908521652,10
real,17,0,8,29,perm,0.0012798363993954398,10
real,17,1,1,11,real,-0.002403181314482139,10
real,17,1,1,11,perm,-0.0010230289510367863,10
real,17,1,1,29,real,-0.0006580886488986026,10
real,17,1,1,29,perm,-0.001261702917795704,10
real,17,1,2,11,real,-0.001531069425586673,10
real,17,1,2,11,perm,-0.0022051347449025815,10
real,17,1,2,29,real,-0.0012811453164565112,10
real,17,1,2,29,perm,-0.0011242001222731002,10
real,17,1,3,11,real,0.001983988531091052,10
real,17,1,3,11,perm,-0.002354540947598127,10
real,17,1,3,29,real,0.00718612747521663,10
real,17,1,3,29,perm,-0.000605322530201513,10
real,17,1,5,11,real,0.0018360578788789716,10
real,17,1,5,11,perm,-0.002208311272683061,10
real,17,1,5,29,real,0.004161310816188313,10
real,17,1,5,29,perm,-0.00032411997774284274,10
real,17,1,8,11,real,0.0018327123388550692,10
real,17,1,8,11,perm,-0.004069448276010412,10
real,17,1,8,29,real,0.005847966054629339,10
real,17,1,8,29,perm,-0.0007938961211004791,10
real,17,2,1,11,real,0.00014157531769765086,10
real,17,2,1,11,perm,-0.0031502855464374813,10
real,17,2,1,29,real,-0.0012364391260647478,10
real,17,2,1,29,perm,-0.0008095935576211133,10
real,17,2,2,11,real,0.0008366179851810873,10
real,17,2,2,11,perm,-0.003705313079957695,10
real,17,2,2,29,real,-0.0028407147904477847,10
real,17,2,2,29,perm,-8.208699170964007e-05,10
real,17,2,3,11,real,0.000841786847830206,10
real,17,2,3,11,perm,-0.00492723624392466,10
real,17,2,3,29,real,-0.002174662606377664,10
real,17,2,3,29,perm,-0.0010758127090688685,10
real,17,2,5,11,real,0.0041560058928512555,10
real,17,2,5,11,perm,-0.004390792112313635,10
real,17,2,5,29,real,0.0018422086020175588,10
real,17,2,5,29,perm,-0.002506540667852386,10
real,17,2,8,11,real,0.0037408025192446903,10
real,17,2,8,11,perm,-0.0003074471685931002,10
real,17,2,8,29,real,0.0029460022161247323,10
real,17,2,8,29,perm,-0.004438649176057852,10
real,19,0,1,11,real,-5.8739226532766864e-05,19
real,19,0,1,11,perm,-7.104696372817187e-05,19
real,19,0,1,29,real,0.0005573741068810589,19
real,19,0,1,29,perm,-0.00018178827367176797,19
real,19,0,2,11,real,0.0007175253401421333,19
real,19,0,2,11,perm,-0.0005193908747946896,19
real,19,0,2,29,real,0.001150505176501171,19
real,19,0,2,29,perm,-0.0004500609292766855,19
real,19,0,3,11,real,0.0009978913922178423,19
real,19,0,3,11,perm,-0.0008680678333611302,19
real,19,0,3,29,real,0.0014751477640927435,19
real,19,0,3,29,perm,-0.0008225629035671922,19
real,19,0,5,11,real,0.0009603101137439785,19
real,19,0,5,11,perm,-0.0009968289355365423,19
real,19,0,5,29,real,0.001964631611901968,19
real,19,0,5,29,perm,-0.0015821086191192268,19
real,19,0,8,11,real,0.008155735214756987,19
real,19,0,8,11,perm,-0.0018208310405626316,19
real,19,0,8,29,real,0.008068477569829424,19
real,19,0,8,29,perm,-0.001597229721035709,19
real,19,0,12,11,real,0.015699806274420802,19
real,19,0,12,11,perm,-0.002423603957929954,19
real,19,0,12,29,real,0.012014147135360864,19
real,19,0,12,29,perm,-0.002587538017550961,19
real,19,0,16,11,real,0.016832349886385267,19
real,19,0,16,11,perm,-0.004690070764833965,19
real,19,0,16,29,real,0.011640097137154082,19
real,19,0,16,29,perm,-0.0029257356788041644,19
real,19,1,1,11,real,0.00040376156499577487,19
real,19,1,1,11,perm,-4.513379359516456e-05,19
real,19,1,1,29,real,-9.804103467925263e-05,19
real,19,1,1,29,perm,-0.00015509926703538568,19
real,19,1,2,11,real,0.0016538609565946993,19
real,19,1,2,11,perm,-0.0004010221503766287,19
real,19,1,2,29,real,0.0010550795528349033,19
real,19,1,2,29,perm,-0.0005773032719668114,19
real,19,1,3,11,real,0.00241501743528838,19
real,19,1,3,11,perm,-0.0002721776514853502,19
real,19,1,3,29,real,0.0015724952139782866,19
real,19,1,3,29,perm,-0.0009405930674761809,19
real,19,1,5,11,real,0.002356542648264015,19
real,19,1,5,11,perm,-0.001325437343817737,19
real,19,1,5,29,real,0.0009816514984174463,19
real,19,1,5,29,perm,-0.0011204522093828384,19
real,19,1,8,11,real,0.007249302692048487,19
real,19,1,8,11,perm,-0.0014285458398476392,19
real,19,1,8,29,real,0.004103021117495831,19
real,19,1,8,29,perm,-0.0017898391981692185,19
real,19,1,12,11,real,0.013075709641332867,19
real,19,1,12,11,perm,-0.002707925239973208,19
real,19,1,12,29,real,0.009520304820450742,19
real,19,1,12,29,perm,-0.0022475838956507177,19
real,19,1,16,11,real,0.021155452437414013,19
real,19,1,16,11,perm,-0.0035572350660831864,19
real,19,1,16,29,real,0.01665339714382541,19
real,19,1,16,29,perm,-0.00343313319369154,19
real,19,2,1,11,real,-0.00020042562129829466,19
real,19,2,1,11,perm,-2.677562319408633e-05,19
real,19,2,1,29,real,0.00048023900777594,19
real,19,2,1,29,perm,-0.0003175780453161803,19
real,19,2,2,11,real,-0.00030205828580120997,19
real,19,2,2,11,perm,-1.018667040719734e-07,19
real,19,2,2,29,real,0.000643165828649428,19
real,19,2,2,29,perm,-0.00031318896352461323,19
real,19,2,3,11,real,0.001515860574124006,19
real,19,2,3,11,perm,-0.0002749836061475275,19
real,19,2,3,29,real,0.0017140656767272722,19
real,19,2,3,29,perm,-0.0008579358880025367,19
real,19,2,5,11,real,0.002482223487197177,19
real,19,2,5,11,perm,-0.000812716025521798,19
real,19,2,5,29,real,0.0024114756554936,19
real,19,2,5,29,perm,-0.0010336216868498393,19
real,19,2,8,11,real,0.011252494863210005,19
real,19,2,8,11,perm,-0.001809507998913884,19
real,19,2,8,29,real,0.010980571082304436,19
real,19,2,8,29,perm,-0.0015722508946881542,19
real,19,2,12,11,real,0.01542444495531159,19
real,19,2,12,11,perm,-0.0018734618975597694,19
real,19,2,12,29,real,0.014586570186572834,19
real,19,2,12,29,perm,-0.001804346521815936,19
real,19,2,16,11,real,0.020845716496267652,19
real,19,2,16,11,perm,-0.0017471996843110293,19
real,19,2,16,29,real,0.020198873783346616,19
real,19,2,16,29,perm,-0.002131938863384697,19
real,29,0,1,11,real,-0.00026067810821017723,22
real,29,0,1,11,perm,5.1435982611480746e-05,22
real,29,0,1,29,real,-0.00012292717674466935,22
real,29,0,1,29,perm,4.092653279719194e-06,22
real,29,0,2,11,real,-0.00010346903355684667,22
real,29,0,2,11,perm,-7.565900988004692e-05,22
real,29,0,2,29,real,4.7932664100192035e-05,22
real,29,0,2,29,perm,8.345878481341718e-05,22
real,29,0,3,11,real,-0.00022108345943017138,22
real,29,0,3,11,perm,-0.0003789435580183742,22
real,29,0,3,29,real,6.162877081539175e-05,22
real,29,0,3,29,perm,0.00016556957995894628,22
real,29,0,5,11,real,-4.117944150661135e-05,22
real,29,0,5,11,perm,-0.0005564280112657638,22
real,29,0,5,29,real,0.00034822969162773276,22
real,29,0,5,29,perm,0.000195775615338456,22
real,29,0,8,11,real,0.00018362790428039233,22
real,29,0,8,11,perm,-0.0009663871273309921,22
real,29,0,8,29,real,0.00042567508654867137,22
real,29,0,8,29,perm,-0.0007156860270460808,22
real,29,0,12,11,real,0.000606128448485288,22
real,29,0,12,11,perm,-0.001411846871218314,22
real,29,0,12,29,real,0.0002577953186944093,22
real,29,0,12,29,perm,-0.001524093596481757,22
real,29,0,16,11,real,0.0009771177320001545,22
real,29,0,16,11,perm,-0.0015794132848419018,22
real,29,0,16,29,real,-0.0004354475027271709,22
real,29,0,16,29,perm,-0.0020545041936963493,22
real,29,1,1,11,real,6.682508459987524e-05,22
real,29,1,1,11,perm,9.653047580493457e-06,22
real,29,1,1,29,real,9.887551151488427e-05,22
real,29,1,1,29,perm,-0.0004288773745911856,22
real,29,1,2,11,real,-8.109089944696724e-05,22
real,29,1,2,11,perm,8.533863334370118e-05,22
real,29,1,2,29,real,0.0001184368704574279,22
real,29,1,2,29,perm,-0.0006917847433905999,22
real,29,1,3,11,real,-0.00010184037585159178,22
real,29,1,3,11,perm,0.00013819740268572467,22
real,29,1,3,29,real,-6.269406383863085e-05,22
real,29,1,3,29,perm,-0.0007650568479787845,22
real,29,1,5,11,real,-0.0002401359731555308,22
real,29,1,5,11,perm,-0.00010269070375457101,22
real,29,1,5,29,real,0.0002976998633769101,22
real,29,1,5,29,perm,-0.0014890180167264067,22
real,29,1,8,11,real,0.00043666713628376375,22
real,29,1,8,11,perm,-0.0005773189702760195,22
real,29,1,8,29,real,0.000866846838346369,22
real,29,1,8,29,perm,-0.0021575588878465224,22
real,29,1,12,11,real,0.001269364469159373,22
real,29,1,12,11,perm,-0.0009510858531358579,22
real,29,1,12,29,real,0.001676954598407443,22
real,29,1,12,29,perm,-0.0026721658311091856,22
real,29,1,16,11,real,0.0016272987516277038,22
real,29,1,16,11,perm,-0.0014836417841022076,22
real,29,1,16,29,real,0.0014960316946037722,22
real,29,1,16,29,perm,-0.0033632444979313503,22
real,29,2,1,11,real,0.00040527499983478155,22
real,29,2,1,11,perm,-1.7635043580765952e-05,22
real,29,2,1,29,real,-0.00018217274191034694,22
real,29,2,1,29,perm,-2.249460980630058e-05,22
real,29,2,2,11,real,0.0007980943666529017,22
real,29,2,2,11,perm,-0.0006416897145090639,22
real,29,2,2,29,real,0.00017742490026828595,22
real,29,2,2,29,perm,-8.39699847324793e-05,22
real,29,2,3,11,real,0.0014176417975394484,22
real,29,2,3,11,perm,-0.0009316436229084291,22
real,29,2,3,29,real,0.00048188368441726137,22
real,29,2,3,29,perm,-0.00039456101873114324,22
real,29,2,5,11,real,0.001422227151737121,22
real,29,2,5,11,perm,-0.0008921094126936868,22
real,29,2,5,29,real,0.00017529365254220775,22
real,29,2,5,29,perm,-0.0009217263523314534,22
real,29,2,8,11,real,0.0013675270143566065,22
real,29,2,8,11,perm,-0.001261563656402731,22
real,29,2,8,29,real,0.00013988133623954457,22
real,29,2,8,29,perm,-0.001736102063077949,22
real,29,2,12,11,real,0.003694354607567174,22
real,29,2,12,11,perm,-0.0021310253633585186,22
real,29,2,12,29,real,0.002472307521280248,22
real,29,2,12,29,perm,-0.0023488237371918075,22
real,29,2,16,11,real,0.0034119252964476265,22
real,29,2,16,11,perm,-0.0025949029265540657,22
real,29,2,16,29,real,0.0015634875393836234,22
real,29,2,16,29,perm,-0.002957983625798577,22
real,39,0,1,11,real,0.00047143671216876015,12
real,39,0,1,11,perm,0.000644393979405522,12
real,39,0,1,29,real,-0.0010670012009311725,12
real,39,0,1,29,perm,-0.0004509170033172305,12
real,39,0,2,11,real,0.0004894449560128855,12
real,39,0,2,11,perm,-6.713036500904934e-06,12
real,39,0,2,29,real,-0.001529673567582046,12
real,39,0,2,29,perm,-0.0008840948659474268,12
real,39,0,3,11,real,0.0016861566758221702,12
real,39,0,3,11,perm,-0.0006031494304148399,12
real,39,0,3,29,real,0.001077042773923731,12
real,39,0,3,29,perm,3.8749024550144284e-06,12
real,39,0,5,11,real,0.0037147785106342868,12
real,39,0,5,11,perm,-0.0012259769708670154,12
real,39,0,5,29,real,0.003977361447631722,12
real,39,0,5,29,perm,-0.0015846712845836164,12
real,39,0,8,11,real,0.0033520187106835797,12
real,39,0,8,11,perm,-0.0029158166783409545,12
real,39,0,8,29,real,0.006124049935899656,12
real,39,0,8,29,perm,-0.0022433351715320793,12
real,39,0,12,11,real,0.002028437968579877,12
real,39,0,12,11,perm,-0.004145451138270251,12
real,39,0,12,29,real,0.005185901720858199,12
real,39,0,12,29,perm,-0.004911013589595226,12
real,39,1,1,11,real,0.00010736194526361764,12
real,39,1,1,11,perm,-0.0008990592447235546,12
real,39,1,1,29,real,-0.00015011665286057685,12
real,39,1,1,29,perm,-0.0007645272739802422,12
real,39,1,2,11,real,-0.0009518227996595519,12
real,39,1,2,11,perm,-0.0014107128511066103,12
real,39,1,2,29,real,-0.00013103571440764572,12
real,39,1,2,29,perm,-0.001182565182034634,12
real,39,1,3,11,real,-0.0001950354894101336,12
real,39,1,3,11,perm,-0.001555628138460996,12
real,39,1,3,29,real,0.0003285308601992387,12
real,39,1,3,29,perm,-0.0020543153845140605,12
real,39,1,5,11,real,0.00028784759644606694,12
real,39,1,5,11,perm,-0.003336505005558821,12
real,39,1,5,29,real,0.0013661048329624004,12
real,39,1,5,29,perm,-0.002376512969637923,12
real,39,1,8,11,real,-0.0006628729087033713,12
real,39,1,8,11,perm,-0.004658897213069335,12
real,39,1,8,29,real,0.0019901252823267823,12
real,39,1,8,29,perm,-0.005274947781533035,12
real,39,1,12,11,real,-0.0008406071005008231,12
real,39,1,12,11,perm,-0.003712596266071788,12
real,39,1,12,29,real,0.0009374219467028766,12
real,39,1,12,29,perm,-0.009121660163609047,12
real,39,2,1,11,real,0.0002716426020753504,12
real,39,2,1,11,perm,-0.0007326999325317773,12
real,39,2,1,29,real,-0.0003769121191351532,12
real,39,2,1,29,perm,-0.0005339462668897399,12
real,39,2,2,11,real,0.0006309203572623101,12
real,39,2,2,11,perm,-0.0007578372135993439,12
real,39,2,2,29,real,-0.00038218247070942457,12
real,39,2,2,29,perm,-0.000522563010190713,12
real,39,2,3,11,real,0.0003779460358119824,12
real,39,2,3,11,perm,-0.0012205896931930527,12
real,39,2,3,29,real,-0.00036550307162586115,12
real,39,2,3,29,perm,-0.0019734159935764772,12
real,39,2,5,11,real,6.646693876877219e-05,12
real,39,2,5,11,perm,-0.0018025269115206077,12
real,39,2,5,29,real,0.0013793172714918756,12
real,39,2,5,29,perm,-0.0013665334209755908,12
real,39,2,8,11,real,0.001770709088572131,12
real,39,2,8,11,perm,-0.003510553555069462,12
real,39,2,8,29,real,0.0011462939541424522,12
real,39,2,8,29,perm,-0.001971876923489546,12
real,39,2,12,11,real,0.006351663672554686,12
real,39,2,12,11,perm,-0.006986823484854354,12
real,39,2,12,29,real,0.0022537989267672476,12
real,39,2,12,29,perm,-0.004209778100872197,12
real,42,0,1,11,real,-0.0005712955392194186,18
real,42,0,1,11,perm,-0.00097834040628908,18
real,42,0,1,29,real,4.018881073963865e-05,18
real,42,0,1,29,perm,-0.0009184204782918259,18
real,42,0,2,11,real,0.0008213352457864254,18
real,42,0,2,11,perm,-0.0009023050233225582,18
real,42,0,2,29,real,0.0029171283533980796,18
real,42,0,2,29,perm,-0.0023587627500401,18
real,42,0,3,11,real,0.0006841493945591859,18
real,42,0,3,11,perm,-0.0018222281493083248,18
real,42,0,3,29,real,0.0028729007238976756,18
real,42,0,3,29,perm,-0.00397636044391203,18
real,42,0,5,11,real,0.0006790258520736892,18
real,42,0,5,11,perm,-0.0020411172823514567,18
real,42,0,5,29,real,0.003559787510450829,18
real,42,0,5,29,perm,-0.006693606335009816,18
real,42,0,8,11,real,0.003623436646035594,18
real,42,0,8,11,perm,-0.00456908048008331,18
real,42,0,8,29,real,0.004975902013294009,18
real,42,0,8,29,perm,-0.008402174858303524,18
real,42,0,12,11,real,0.00854392229287082,18
real,42,0,12,11,perm,-0.004425680891734229,18
real,42,0,12,29,real,0.005794677669653914,18
real,42,0,12,29,perm,-0.012144776022375847,18
real,42,0,16,11,real,0.008320779552940416,18
real,42,0,16,11,perm,-0.006174239419707961,18
real,42,0,16,29,real,0.004556351960563587,18
real,42,0,16,29,perm,-0.013270195950123131,18
real,42,1,1,11,real,-0.001087064922421499,18
real,42,1,1,11,perm,-0.0004674522815899529,18
real,42,1,1,29,real,-8.139828984310427e-05,18
real,42,1,1,29,perm,-0.0004366286952780518,18
real,42,1,2,11,real,-0.0007524046299398623,18
real,42,1,2,11,perm,-0.0007341214469686053,18
real,42,1,2,29,real,0.0006223399982235867,18
real,42,1,2,29,perm,-0.0004784836816125182,18
real,42,1,3,11,real,-0.00023432227791708726,18
real,42,1,3,11,perm,-0.0016753320096380975,18
real,42,1,3,29,real,0.0007327617491669214,18
real,42,1,3,29,perm,-0.00027126724759407583,18
real,42,1,5,11,real,-0.002133548867551238,18
real,42,1,5,11,perm,-0.0016567509641156608,18
real,42,1,5,29,real,0.0007834018808706711,18
real,42,1,5,29,perm,-0.0008627526877077463,18
real,42,1,8,11,real,-0.002203161002391596,18
real,42,1,8,11,perm,-0.002398069972293526,18
real,42,1,8,29,real,-0.001788166463364771,18
real,42,1,8,29,perm,-0.0027276602974665165,18
real,42,1,12,11,real,-0.002097851173859522,18
real,42,1,12,11,perm,-0.004121214898076042,18
real,42,1,12,29,real,-0.0005458583173436615,18
real,42,1,12,29,perm,-0.004977142909092347,18
real,42,1,16,11,real,-0.004877524041814185,18
real,42,1,16,11,perm,-0.004669130017686318,18
real,42,1,16,29,real,-0.004234011977225949,18
real,42,1,16,29,perm,-0.006526513759712249,18
real,42,2,1,11,real,-0.0014803071846218874,18
real,42,2,1,11,perm,-0.00030495374920902485,18
real,42,2,1,29,real,-3.840699187063201e-05,18
real,42,2,1,29,perm,-0.0003417375081123941,18
real,42,2,2,11,real,-0.003078547664801312,18
real,42,2,2,11,perm,-0.0008375326707400488,18
real,42,2,2,29,real,-0.00026920503702487775,18
real,42,2,2,29,perm,0.00040211907676401815,18
real,42,2,3,11,real,-0.003480429232532445,18
real,42,2,3,11,perm,-0.0012255517262943494,18
real,42,2,3,29,real,0.0003334005972837062,18
real,42,2,3,29,perm,-0.00019304735118064187,18
real,42,2,5,11,real,-0.0022247690939953824,18
real,42,2,5,11,perm,-0.0021295064100146366,18
real,42,2,5,29,real,0.00028119838689699694,18
real,42,2,5,29,perm,-0.0011761423904245172,18
real,42,2,8,11,real,-0.002420708082733869,18
real,42,2,8,11,perm,-0.004657042264232469,18
real,42,2,8,29,real,-0.000874503854451314,18
real,42,2,8,29,perm,-0.003173411524366232,18
real,42,2,12,11,real,0.0009268671501441172,18
real,42,2,12,11,perm,-0.005849679090519477,18
real,42,2,12,29,real,-0.0011193186635543029,18
real,42,2,12,29,perm,-0.0042267443661138104,18
real,42,2,16,11,real,0.0009462889429144861,18
real,42,2,16,11,perm,-0.007642218124041866,18
real,42,2,16,29,real,-0.0014931273358919084,18
real,42,2,16,29,perm,-0.006797972391374252,18
real,48,0,1,11,real,0.000296648168760294,10
real,48,0,1,11,perm,-0.0008085599666651788,10
real,48,0,1,29,real,-0.0006119915109348284,10
real,48,0,1,29,perm,-0.00015530488588488822,10
real,48,0,2,11,real,0.0010552454532941624,10
real,48,0,2,11,perm,-0.0017490244694097212,10
real,48,0,2,29,real,-0.0006791340949281466,10
real,48,0,2,29,perm,9.481998119109658e-05,10
real,48,0,3,11,real,0.0018976863039970038,10
real,48,0,3,11,perm,-0.0015132146808013447,10
real,48,0,3,29,real,-0.0009972033049887585,10
real,48,0,3,29,perm,-9.395207767071145e-05,10
real,48,0,5,11,real,0.002146954491552222,10
real,48,0,5,11,perm,-0.002073794082683156,10
real,48,0,5,29,real,-0.0009187761791694671,10
real,48,0,5,29,perm,-0.0011232869439991022,10
real,48,0,8,11,real,0.001468103057041037,10
real,48,0,8,11,perm,-0.0031100783204559557,10
real,48,0,8,29,real,0.00013661219402372193,10
real,48,0,8,29,perm,-0.0028305851584251585,10
real,48,1,1,11,real,0.00020317420701287947,10
real,48,1,1,11,perm,-0.0001388841146858777,10
real,48,1,1,29,real,-0.0005060835180835666,10
real,48,1,1,29,perm,-0.00016637877046055127,10
real,48,1,2,11,real,0.0005308388850379098,10
real,48,1,2,11,perm,-0.000237474659350978,10
real,48,1,2,29,real,-0.00013010839564286947,10
real,48,1,2,29,perm,-0.0004851871358482196,10
real,48,1,3,11,real,0.0005050487071687204,10
real,48,1,3,11,perm,-0.0005720869110861226,10
real,48,1,3,29,real,-0.0009829170162836132,10
real,48,1,3,29,perm,-0.0005252214261363131,10
real,48,1,5,11,real,0.00016438470746937828,10
real,48,1,5,11,perm,-0.0016194001453241347,10
real,48,1,5,29,real,-0.00023596723072050185,10
real,48,1,5,29,perm,-0.000969223838653388,10
real,48,1,8,11,real,0.00040822016640928993,10
real,48,1,8,11,perm,-0.0027951005059638767,10
real,48,1,8,29,real,0.00026762317208173236,10
real,48,1,8,29,perm,-0.0021016183560610413,10
real,48,2,1,11,real,4.399794688891845e-05,10
real,48,2,1,11,perm,-0.0004220675651548378,10
real,48,2,1,29,real,3.485811576764419e-05,10
real,48,2,1,29,perm,-0.0004282125019093863,10
real,48,2,2,11,real,0.0003861284766811801,10
real,48,2,2,11,perm,-0.0008277650611586695,10
real,48,2,2,29,real,0.0007140569747219327,10
real,48,2,2,29,perm,-0.0007862635189697098,10
real,48,2,3,11,real,0.0007340307880505659,10
real,48,2,3,11,perm,-0.002066232654675648,10
real,48,2,3,29,real,0.0003682910069344736,10
real,48,2,3,29,perm,-0.0011608658558935891,10
real,48,2,5,11,real,0.0010503337556392323,10
real,48,2,5,11,perm,3.23353620542699e-05,10
real,48,2,5,29,real,-0.0005434220405665657,10
real,48,2,5,29,perm,-0.0011597253306001587,10
real,48,2,8,11,real,0.001626464811462447,10
real,48,2,8,11,perm,-0.0004562297905696955,10
real,48,2,8,29,real,-0.0017608086078912955,10
real,48,2,8,29,perm,-0.0014515677127806548,10
real,53,0,1,11,real,-0.00022775755543635867,22
real,53,0,1,11,perm,-0.00024031062266294256,22
real,53,0,1,29,real,-0.00036824577884675413,22
real,53,0,1,29,perm,-0.00017328054239129642,22
real,53,0,2,11,real,-0.0010308193737853522,22
real,53,0,2,11,perm,-0.00018983563843466555,22
real,53,0,2,29,real,-0.0007069398056731568,22
real,53,0,2,29,perm,-0.0004735341795057968,22
real,53,0,3,11,real,-0.0008497570465044735,22
real,53,0,3,11,perm,-0.00025960608127240103,22
real,53,0,3,29,real,-0.0004598025886739521,22
real,53,0,3,29,perm,-0.00037803461097041247,22
real,53,0,5,11,real,-0.000856408717303192,22
real,53,0,5,11,perm,-0.00038258639839205966,22
real,53,0,5,29,real,0.0005569323063110421,22
real,53,0,5,29,perm,-0.0013644460099394573,22
real,53,0,8,11,real,-0.0010104953849450204,22
real,53,0,8,11,perm,-0.0008992032133421368,22
real,53,0,8,29,real,0.0005150913944746982,22
real,53,0,8,29,perm,-0.001850721931622834,22
real,53,0,12,11,real,-0.0017826512719902876,22
real,53,0,12,11,perm,-0.001223244268028223,22
real,53,0,12,29,real,0.0020005005396035447,22
real,53,0,12,29,perm,-0.0023646936640002725,22
real,53,0,16,11,real,0.0025403596256868832,22
real,53,0,16,11,perm,-0.0022175899477195893,22
real,53,0,16,29,real,0.005468577175384959,22
real,53,0,16,29,perm,-0.003059533122954816,22
real,53,1,1,11,real,7.671425102562246e-05,22
real,53,1,1,11,perm,-0.00033162814422260656,22
real,53,1,1,29,real,0.0004831186376661467,22
real,53,1,1,29,perm,0.0001073561143891677,22
real,53,1,2,11,real,-0.00015805110723243754,22
real,53,1,2,11,perm,-3.60153121923279e-05,22
real,53,1,2,29,real,0.0010618384712958173,22
real,53,1,2,29,perm,-0.000285976107893382,22
real,53,1,3,11,real,-2.9627877419002857e-05,22
real,53,1,3,11,perm,-0.0008048034793631809,22
real,53,1,3,29,real,0.0009704241238152056,22
real,53,1,3,29,perm,-0.00025683443488044855,22
real,53,1,5,11,real,2.7455007836074685e-06,22
real,53,1,5,11,perm,-0.001454475754668727,22
real,53,1,5,29,real,0.0022537956228039224,22
real,53,1,5,29,perm,-0.000268147574716715,22
real,53,1,8,11,real,-0.0006763673567166117,22
real,53,1,8,11,perm,-0.002567874968950612,22
real,53,1,8,29,real,0.0036447749472319213,22
real,53,1,8,29,perm,-0.000917424603214978,22
real,53,1,12,11,real,-0.0007465642689076235,22
real,53,1,12,11,perm,-0.003695539240344381,22
real,53,1,12,29,real,0.00305581771935326,22
real,53,1,12,29,perm,-0.0021331638343116133,22
real,53,1,16,11,real,0.007323707527876477,22
real,53,1,16,11,perm,-0.0040385749948989025,22
real,53,1,16,29,real,0.010500648590263895,22
real,53,1,16,29,perm,-0.0027510698924740895,22
real,53,2,1,11,real,-2.404470763117672e-05,22
real,53,2,1,11,perm,-0.00018681645086704446,22
real,53,2,1,29,real,0.00038377028320435436,22
real,53,2,1,29,perm,-0.0006268365391037811,22
real,53,2,2,11,real,0.00037424799483820603,22
real,53,2,2,11,perm,-0.00026171396831620175,22
real,53,2,2,29,real,0.0019027891965672783,22
real,53,2,2,29,perm,-0.0007602841092548829,22
real,53,2,3,11,real,-0.0005794380726699133,22
real,53,2,3,11,perm,-0.000776933293926807,22
real,53,2,3,29,real,0.002188693645853945,22
real,53,2,3,29,perm,-0.001045546482944304,22
real,53,2,5,11,real,-0.00026812668239850623,22
real,53,2,5,11,perm,-0.0010127458417155122,22
real,53,2,5,29,real,0.0019338550853824632,22
real,53,2,5,29,perm,-0.00046942093733326473,22
real,53,2,8,11,real,0.0009140271907315256,22
real,53,2,8,11,perm,-0.001223312557176226,22
real,53,2,8,29,real,0.002323213027473181,22
real,53,2,8,29,perm,-0.001402533258379579,22
real,53,2,12,11,real,0.005823182427675433,22
real,53,2,12,11,perm,-0.0018573499282766859,22
real,53,2,12,29,real,0.008775407183152395,22
real,53,2,12,29,perm,-0.0012704305507372782,22
real,53,2,16,11,real,0.00891790597618114,22
real,53,2,16,11,perm,-0.0030109624212723007,22
real,53,2,16,29,real,0.010830197351926696,22
real,53,2,16,29,perm,-0.0020413689634506405,22
real,55,0,1,11,real,0.0005312008775012478,17
real,55,0,1,11,perm,-7.086614888329734e-05,17
real,55,0,1,29,real,0.0001841842504712865,17
real,55,0,1,29,perm,-0.00012693845274336368,17
real,55,0,2,11,real,0.0005382910131884744,17
real,55,0,2,11,perm,-0.0002624917068564381,17
real,55,0,2,29,real,3.4422639950237865e-05,17
real,55,0,2,29,perm,-0.0002214895216414714,17
real,55,0,3,11,real,0.00526636459412011,17
real,55,0,3,11,perm,-0.0002078870044160963,17
real,55,0,3,29,real,0.004910299208885527,17
real,55,0,3,29,perm,-0.0004610755444053316,17
real,55,0,5,11,real,0.006357763330994803,17
real,55,0,5,11,perm,-4.912420685765362e-05,17
real,55,0,5,29,real,0.0052326875038603005,17
real,55,0,5,29,perm,-0.001072451985583589,17
real,55,0,8,11,real,0.009437967827324756,17
real,55,0,8,11,perm,-0.000634148063292983,17
real,55,0,8,29,real,0.00809343829312581,17
real,55,0,8,29,perm,-0.0015965374150971323,17
real,55,0,12,11,real,0.009353559867232741,17
real,55,0,12,11,perm,-0.0008427082952532361,17
real,55,0,12,29,real,0.007979481985935899,17
real,55,0,12,29,perm,-0.0013722997829288541,17
real,55,0,16,11,real,0.009796336756141,17
real,55,0,16,11,perm,-0.0015454697231647163,17
real,55,0,16,29,real,0.007887460259113133,17
real,55,0,16,29,perm,-0.00228573131595744,17
real,55,1,1,11,real,0.00011424729957743018,17
real,55,1,1,11,perm,0.00020175088195839574,17
real,55,1,1,29,real,-8.06877851052823e-05,17
real,55,1,1,29,perm,-3.753089772451368e-05,17
real,55,1,2,11,real,0.0002624679312999145,17
real,55,1,2,11,perm,-0.00026715862040871396,17
real,55,1,2,29,real,-0.00018490305106733107,17
real,55,1,2,29,perm,2.1941441314732302e-05,17
real,55,1,3,11,real,0.00012001485215140661,17
real,55,1,3,11,perm,-0.00018477203400824038,17
real,55,1,3,29,real,0.00038260697620440265,17
real,55,1,3,29,perm,-0.00014899358504216753,17
real,55,1,5,11,real,0.0006688766386139244,17
real,55,1,5,11,perm,-0.00020694349913430443,17
real,55,1,5,29,real,0.00040924440675538243,17
real,55,1,5,29,perm,-0.001016122593435309,17
real,55,1,8,11,real,0.002864975135772996,17
real,55,1,8,11,perm,-0.00019894092875760716,17
real,55,1,8,29,real,0.004092524580102119,17
real,55,1,8,29,perm,-0.0006873588753392168,17
real,55,1,12,11,real,0.002859692583261464,17
real,55,1,12,11,perm,-0.0005531536252523228,17
real,55,1,12,29,real,0.0034808980352338814,17
real,55,1,12,29,perm,-0.0014813236632985616,17
real,55,1,16,11,real,0.002812831815912742,17
real,55,1,16,11,perm,-0.0012232368371571933,17
real,55,1,16,29,real,0.003365231070341368,17
real,55,1,16,29,perm,-0.0023461148607788473,17
real,55,2,1,11,real,0.0008238641651066025,17
real,55,2,1,11,perm,-0.00012420579099770013,17
real,55,2,1,29,real,0.0012565519745589837,17
real,55,2,1,29,perm,-0.00012339429463381624,17
real,55,2,2,11,real,0.0015490438015680619,17
real,55,2,2,11,perm,-0.00018075604637535214,17
real,55,2,2,29,real,0.0012118077013865136,17
real,55,2,2,29,perm,-0.0006488588429655051,17
real,55,2,3,11,real,0.003605835470436136,17
real,55,2,3,11,perm,7.117304134862668e-05,17
real,55,2,3,29,real,0.002554457160163892,17
real,55,2,3,29,perm,-0.0008281308047117797,17
real,55,2,5,11,real,0.003039140480010194,17
real,55,2,5,11,perm,0.000279464802174223,17
real,55,2,5,29,real,0.0026438647410893523,17
real,55,2,5,29,perm,-0.0009061212727734524,17
real,55,2,8,11,real,0.004064236874900651,17
real,55,2,8,11,perm,-0.0012372782682690264,17
real,55,2,8,29,real,0.004235443143650652,17
real,55,2,8,29,perm,-0.0014220638281844389,17
real,55,2,12,11,real,0.004062166361068376,17
real,55,2,12,11,perm,-0.002149372851094511,17
real,55,2,12,29,real,0.004082949271102199,17
real,55,2,12,29,perm,-0.0018709342364731096,17
real,55,2,16,11,real,0.0038884618476792143,17
real,55,2,16,11,perm,-0.0023237278024645924,17
real,55,2,16,29,real,0.0039007665301984407,17
real,55,2,16,29,perm,-0.001934517782504419,17
real,62,0,1,11,real,-0.00013859447105257772,21
real,62,0,1,11,perm,-0.0006287086292479094,21
real,62,0,1,29,real,-0.0005920045044334188,21
real,62,0,1,29,perm,-7.075078378571131e-05,21
real,62,0,2,11,real,0.0003771498783987637,21
real,62,0,2,11,perm,-0.0006236250901374696,21
real,62,0,2,29,real,-0.00026280122761712654,21
real,62,0,2,29,perm,-0.0005872700832491029,21
real,62,0,3,11,real,0.00018853552668363083,21
real,62,0,3,11,perm,-0.0009953574528519527,21
real,62,0,3,29,real,0.00017664356392621539,21
real,62,0,3,29,perm,-0.0010360132817207601,21
real,62,0,5,11,real,-7.217620677457681e-06,21
real,62,0,5,11,perm,-0.0019201154729149295,21
real,62,0,5,29,real,-0.00031104452647390257,21
real,62,0,5,29,perm,-0.0014196227451165333,21
real,62,0,8,11,real,0.0006813407467723964,21
real,62,0,8,11,perm,-0.002845454488115684,21
real,62,0,8,29,real,-0.00036343414464379276,21
real,62,0,8,29,perm,-0.0011383657329234742,21
real,62,0,12,11,real,6.550478275135774e-05,21
real,62,0,12,11,perm,-0.0042022774048527944,21
real,62,0,12,29,real,-0.001893120851748309,21
real,62,0,12,29,perm,-0.0013993061617844083,21
real,62,0,16,11,real,-0.0008349577496010729,21
real,62,0,16,11,perm,-0.004290640448400662,21
real,62,0,16,29,real,-0.0013515703509406896,21
real,62,0,16,29,perm,-0.0013679343291327362,21
real,62,1,1,11,real,0.0017382286818204973,21
real,62,1,1,11,perm,-0.0007641582571260574,21
real,62,1,1,29,real,0.0013164423726748087,21
real,62,1,1,29,perm,-0.00014049264142657059,21
real,62,1,2,11,real,0.001801966550670997,21
real,62,1,2,11,perm,-0.0007303394930285867,21
real,62,1,2,29,real,0.0006818942376902726,21
real,62,1,2,29,perm,-0.0004419769717591837,21
real,62,1,3,11,real,0.0028537820800620395,21
real,62,1,3,11,perm,-0.0008345774528548677,21
real,62,1,3,29,real,0.0010315531078411988,21
real,62,1,3,29,perm,-0.0010518093256272065,21
real,62,1,5,11,real,0.0071733289564444025,21
real,62,1,5,11,perm,-0.0019056667039519803,21
real,62,1,5,29,real,0.0034698348320211236,21
real,62,1,5,29,perm,-0.001889687371476767,21
real,62,1,8,11,real,0.007538281127586144,21
real,62,1,8,11,perm,-0.002667374874346873,21
real,62,1,8,29,real,0.003693776321127218,21
real,62,1,8,29,perm,-0.0023137248279666567,21
real,62,1,12,11,real,0.008361142453720882,21
real,62,1,12,11,perm,-0.0032169372612357305,21
real,62,1,12,29,real,0.004050284042527386,21
real,62,1,12,29,perm,-0.0033481240615500507,21
real,62,1,16,11,real,0.007520349680779637,21
real,62,1,16,11,perm,-0.003510477825096836,21
real,62,1,16,29,real,0.004302913780293016,21
real,62,1,16,29,perm,-0.004255232458790337,21
real,62,2,1,11,real,0.0019514920910549405,21
real,62,2,1,11,perm,-2.4148867485362935e-05,21
real,62,2,1,29,real,0.0011533125047540338,21
real,62,2,1,29,perm,-0.0001979739080669729,21
real,62,2,2,11,real,0.0018823171054878074,21
real,62,2,2,11,perm,-8.723373429186942e-05,21
real,62,2,2,29,real,0.0011733570664205217,21
real,62,2,2,29,perm,-0.0004192790818275949,21
real,62,2,3,11,real,0.0020018135195150055,21
real,62,2,3,11,perm,-7.586355115507537e-05,21
real,62,2,3,29,real,0.0008550252513946921,21
real,62,2,3,29,perm,-0.0004237602868895074,21
real,62,2,5,11,real,0.0023790391907355657,21
real,62,2,5,11,perm,-0.0007858360323452773,21
real,62,2,5,29,real,0.0015516752946257428,21
real,62,2,5,29,perm,-0.0010204817770932406,21
real,62,2,8,11,real,0.0024451909487515078,21
real,62,2,8,11,perm,-0.0012821480719582556,21
real,62,2,8,29,real,0.0024292564286864105,21
real,62,2,8,29,perm,-0.0023574209265668777,21
real,62,2,12,11,real,0.00329750067524881,21
real,62,2,12,11,perm,-0.0024327260341266976,21
real,62,2,12,29,real,0.001973774166024289,21
real,62,2,12,29,perm,-0.002694076883314467,21
real,62,2,16,11,real,0.0036873400262783518,21
real,62,2,16,11,perm,-0.0025438423869127424,21
real,62,2,16,29,real,0.0005478523431559079,21
real,62,2,16,29,perm,-0.0043960659429380655,21
real,63,0,1,11,real,0.0003093233420140562,18
real,63,0,1,11,perm,-0.0001735164734882888,18
real,63,0,1,29,real,0.0001988537514203692,18
real,63,0,1,29,perm,-0.00029219967528693047,18
real,63,0,2,11,real,0.0001300511873699728,18
real,63,0,2,11,perm,-0.00020562293812309562,18
real,63,0,2,29,real,0.0006717856156077673,18
real,63,0,2,29,perm,-0.0003398687044122717,18
real,63,0,3,11,real,0.00031307080628129036,18
real,63,0,3,11,perm,-2.7892186795774876e-05,18
real,63,0,3,29,real,0.0006152941880140927,18
real,63,0,3,29,perm,-0.00025461891688427496,18
real,63,0,5,11,real,0.0010736841676124431,18
real,63,0,5,11,perm,-0.0007019662784406577,18
real,63,0,5,29,real,0.0005274732437974272,18
real,63,0,5,29,perm,-0.0011094435146614678,18
real,63,0,8,11,real,0.0009575612258715394,18
real,63,0,8,11,perm,-0.0011479406021328575,18
real,63,0,8,29,real,0.0008936157198594641,18
real,63,0,8,29,perm,-0.0014750981437572364,18
real,63,0,12,11,real,0.0005852773002771317,18
real,63,0,12,11,perm,-0.0010781540476759721,18
real,63,0,12,29,real,0.00032547899771329103,18
real,63,0,12,29,perm,-0.0022682830215434713,18
real,63,0,16,11,real,0.00040465334442629786,18
real,63,0,16,11,perm,-0.0009605898657151224,18
real,63,0,16,29,real,-0.00063223840031712,18
real,63,0,16,29,perm,-0.0029539902376097826,18
real,63,1,1,11,real,0.00035330695864765893,18
real,63,1,1,11,perm,-0.00010886743068727611,18
real,63,1,1,29,real,0.0008192297495563938,18
real,63,1,1,29,perm,-1.4753854447158155e-05,18
real,63,1,2,11,real,0.0009374371228239031,18
real,63,1,2,11,perm,-6.53665442218454e-05,18
real,63,1,2,29,real,0.0010543374184678322,18
real,63,1,2,29,perm,3.664989597340629e-05,18
real,63,1,3,11,real,0.0015493610601292618,18
real,63,1,3,11,perm,-0.0005858125877427067,18
real,63,1,3,29,real,0.0017279800984952853,18
real,63,1,3,29,perm,-1.391984019916137e-05,18
real,63,1,5,11,real,0.004617429699951048,18
real,63,1,5,11,perm,-0.0011362879314982255,18
real,63,1,5,29,real,0.003905333484534257,18
real,63,1,5,29,perm,-4.350504965866531e-05,18
real,63,1,8,11,real,0.008352367555533258,18
real,63,1,8,11,perm,-0.0015414451688995356,18
real,63,1,8,29,real,0.006761563629389067,18
real,63,1,8,29,perm,-0.0005914062373792994,18
real,63,1,12,11,real,0.007961595399143762,18
real,63,1,12,11,perm,-0.0020814037069850633,18
real,63,1,12,29,real,0.007249245204724808,18
real,63,1,12,29,perm,-0.001419999787821924,18
real,63,1,16,11,real,0.0067918729683108525,18
real,63,1,16,11,perm,-0.001961510057512106,18
real,63,1,16,29,real,0.007680522268755707,18
real,63,1,16,29,perm,-0.0017955083383738302,18
real,63,2,1,11,real,0.0008969454336142935,18
real,63,2,1,11,perm,-0.00037249003874717523,18
real,63,2,1,29,real,0.0010889886267355653,18
real,63,2,1,29,perm,-2.6881208261331224e-05,18
real,63,2,2,11,real,0.0016978301941485974,18
real,63,2,2,11,perm,-0.0006319385186559501,18
real,63,2,2,29,real,0.00149598377883986,18
real,63,2,2,29,perm,-0.0007671275015581625,18
real,63,2,3,11,real,0.0022396291228194976,18
real,63,2,3,11,perm,-0.0007507489027205327,18
real,63,2,3,29,real,0.0017316268930042122,18
real,63,2,3,29,perm,-0.0011089891574784794,18
real,63,2,5,11,real,0.002868564430222764,18
real,63,2,5,11,perm,-0.0010492706325365697,18
real,63,2,5,29,real,0.0013352889174785831,18
real,63,2,5,29,perm,-0.0011238855668131986,18
real,63,2,8,11,real,0.0035995741175770535,18
real,63,2,8,11,perm,-0.0014266951927054405,18
real,63,2,8,29,real,0.0024663661540755832,18
real,63,2,8,29,perm,-0.001657327276124776,18
real,63,2,12,11,real,0.007619447476349905,18
real,63,2,12,11,perm,-0.0027882214533447858,18
real,63,2,12,29,real,0.007354901159667415,18
real,63,2,12,29,perm,-0.002022016156470352,18
real,63,2,16,11,real,0.009606468684126845,18
real,63,2,16,11,perm,-0.0037256867462748255,18
real,63,2,16,29,real,0.008165590790778943,18
real,63,2,16,29,perm,-0.001996583135055352,18
real,67,0,1,11,real,0.0003513908471097782,16
real,67,0,1,11,perm,-0.00037259816762669207,16
real,67,0,1,29,real,0.00037607378324788776,16
real,67,0,1,29,perm,-0.00036996404259914684,16
real,67,0,2,11,real,0.0024798372828012116,16
real,67,0,2,11,perm,-0.0004244006444892312,16
real,67,0,2,29,real,0.002445309048227595,16
real,67,0,2,29,perm,-0.000392520940895813,16
real,67,0,3,11,real,0.0025030231534821645,16
real,67,0,3,11,perm,-0.0006341059911942892,16
real,67,0,3,29,real,0.0024995469652360214,16
real,67,0,3,29,perm,-0.0006836097996923973,16
real,67,0,5,11,real,0.0025693751157227496,16
real,67,0,5,11,perm,-0.0007712520898909281,16
real,67,0,5,29,real,0.0026162455900915482,16
real,67,0,5,29,perm,-0.0009362474029647183,16
real,67,0,8,11,real,0.002174076335985209,16
real,67,0,8,11,perm,-0.000752984982040239,16
real,67,0,8,29,real,0.0033107088024382225,16
real,67,0,8,29,perm,-0.001728567674975423,16
real,67,0,12,11,real,0.002949440755551813,16
real,67,0,12,11,perm,-0.0009576819967203054,16
real,67,0,12,29,real,0.003670802640187709,16
real,67,0,12,29,perm,-0.002255094323949991,16
real,67,0,16,11,real,0.002841442131582439,16
real,67,0,16,11,perm,-0.0015924065256029962,16
real,67,0,16,29,real,0.003237130739439209,16
real,67,0,16,29,perm,-0.002808195689976034,16
real,67,1,1,11,real,0.0005909383378878141,16
real,67,1,1,11,perm,-0.00032400286846867576,16
real,67,1,1,29,real,0.0006695624137824652,16
real,67,1,1,29,perm,0.0001082019247103938,16
real,67,1,2,11,real,0.0006471721345056025,16
real,67,1,2,11,perm,-0.00013544572737234084,16
real,67,1,2,29,real,0.0006342626934000561,16
real,67,1,2,29,perm,4.264124227704169e-05,16
real,67,1,3,11,real,0.0006936735468658917,16
real,67,1,3,11,perm,-0.00015985870316759243,16
real,67,1,3,29,real,0.0009058634370440188,16
real,67,1,3,29,perm,1.1316822027929163e-05,16
real,67,1,5,11,real,0.0014098054524499526,16
real,67,1,5,11,perm,-0.0007619585406991591,16
real,67,1,5,29,real,0.003135342194235613,16
real,67,1,5,29,perm,-0.0005768973356994334,16
real,67,1,8,11,real,0.0011697643858568085,16
real,67,1,8,11,perm,-0.0010246893073372343,16
real,67,1,8,29,real,0.003703639216583343,16
real,67,1,8,29,perm,-0.0015947303725665218,16
real,67,1,12,11,real,0.0012410981405348576,16
real,67,1,12,11,perm,-0.0018008334738067733,16
real,67,1,12,29,real,0.0039990145925474785,16
real,67,1,12,29,perm,-0.0019301695369887684,16
real,67,1,16,11,real,0.0006469437464367012,16
real,67,1,16,11,perm,-0.0021760787140641114,16
real,67,1,16,29,real,0.003701303846436188,16
real,67,1,16,29,perm,-0.0024481204250779154,16
real,67,2,1,11,real,0.00046615312706355105,16
real,67,2,1,11,perm,7.63544924295978e-05,16
real,67,2,1,29,real,0.0005455520200494668,16
real,67,2,1,29,perm,0.00022818702363069931,16
real,67,2,2,11,real,0.0004420202769419568,16
real,67,2,2,11,perm,0.00011390152272761078,16
real,67,2,2,29,real,0.0008909436204311838,16
real,67,2,2,29,perm,0.00029870383370134146,16
real,67,2,3,11,real,0.00039419319406064357,16
real,67,2,3,11,perm,0.00021259743059631742,16
real,67,2,3,29,real,0.0009062637437017296,16
real,67,2,3,29,perm,0.00023881788642454715,16
real,67,2,5,11,real,0.0015277753955081907,16
real,67,2,5,11,perm,-0.00015946187747784002,16
real,67,2,5,29,real,0.0007590802106067773,16
real,67,2,5,29,perm,0.00015943710494947805,16
real,67,2,8,11,real,0.0016203766929545615,16
real,67,2,8,11,perm,-0.0007174144115116299,16
real,67,2,8,29,real,0.0012982846188068775,16
real,67,2,8,29,perm,0.0001773936813042054,16
real,67,2,12,11,real,0.0018343832655929315,16
real,67,2,12,11,perm,-0.0014577969307579819,16
real,67,2,12,29,real,0.0018740122032436801,16
real,67,2,12,29,perm,-0.0005238620193710464,16
real,67,2,16,11,real,0.0014444360078765817,16
real,67,2,16,11,perm,-0.0018968004291147755,16
real,67,2,16,29,real,0.0018105585482530717,16
real,67,2,16,29,perm,-0.0017924328303591253,16
real,73,0,1,11,real,-0.0005856859372107559,20
real,73,0,1,11,perm,-0.00020559225788696622,20
real,73,0,1,29,real,-0.00016019443417603085,20
real,73,0,1,29,perm,-1.6373307055062014e-05,20
real,73,0,2,11,real,-0.0003522732714855703,20
real,73,0,2,11,perm,-0.0002910843047340128,20
real,73,0,2,29,real,0.00043481367762066014,20
real,73,0,2,29,perm,0.0001717597318938724,20
real,73,0,3,11,real,-0.000690383147585738,20
real,73,0,3,11,perm,-0.0005923729215263629,20
real,73,0,3,29,real,0.0009175565375694195,20
real,73,0,3,29,perm,-7.252916194022685e-05,20
real,73,0,5,11,real,6.455874977351339e-05,20
real,73,0,5,11,perm,-0.0007092641328284577,20
real,73,0,5,29,real,0.0012025052574735628,20
real,73,0,5,29,perm,-0.0006237392924116625,20
real,73,0,8,11,real,-0.0007683451842576128,20
real,73,0,8,11,perm,-0.002585971840926793,20
real,73,0,8,29,real,0.001199753115076141,20
real,73,0,8,29,perm,-0.0014754150505134067,20
real,73,0,12,11,real,0.0026802226535304063,20
real,73,0,12,11,perm,-0.003366669860142668,20
real,73,0,12,29,real,0.004241062139544449,20
real,73,0,12,29,perm,-0.002188997919032931,20
real,73,0,16,11,real,0.015288283229623945,20
real,73,0,16,11,perm,-0.005552689945331091,20
real,73,0,16,29,real,0.014342407205723884,20
real,73,0,16,29,perm,-0.00286695694309802,20
real,73,1,1,11,real,3.9162036743145556e-05,20
real,73,1,1,11,perm,-0.00043696553616545675,20
real,73,1,1,29,real,-0.0004931870904489877,20
real,73,1,1,29,perm,-6.934118669421618e-05,20
real,73,1,2,11,real,-0.0003064244376993486,20
real,73,1,2,11,perm,-0.0003558245801486004,20
real,73,1,2,29,real,-0.0007689692988719354,20
real,73,1,2,29,perm,0.0001642618118569139,20
real,73,1,3,11,real,-3.5269856367925456e-05,20
real,73,1,3,11,perm,-0.0007348184130605562,20
real,73,1,3,29,real,-0.0015408574345651127,20
real,73,1,3,29,perm,0.0006354458237488592,20
real,73,1,5,11,real,0.00011530454195962658,20
real,73,1,5,11,perm,-0.0018173147777810206,20
real,73,1,5,29,real,-0.0008568969244215907,20
real,73,1,5,29,perm,-0.00039636233892748063,20
real,73,1,8,11,real,0.0029843661855705195,20
real,73,1,8,11,perm,-0.003151711363458598,20
real,73,1,8,29,real,0.0022121130093737396,20
real,73,1,8,29,perm,-0.0009340596324955985,20
real,73,1,12,11,real,0.017375984185912907,20
real,73,1,12,11,perm,-0.004720452628205418,20
real,73,1,12,29,real,0.016433724165752617,20
real,73,1,12,29,perm,-0.002670465010620182,20
real,73,1,16,11,real,0.023020266926958466,20
real,73,1,16,11,perm,-0.006058095625970261,20
real,73,1,16,29,real,0.024196490906060242,20
real,73,1,16,29,perm,-0.004436144402931164,20
real,73,2,1,11,real,0.00012311090681704773,20
real,73,2,1,11,perm,-0.00027126794874365867,20
real,73,2,1,29,real,4.251527475063188e-05,20
real,73,2,1,29,perm,0.00013797605232557242,20
real,73,2,2,11,real,0.001019657438591226,20
real,73,2,2,11,perm,-0.0003066064652328393,20
real,73,2,2,29,real,0.00017294107764886935,20
real,73,2,2,29,perm,-0.0002558336447866516,20
real,73,2,3,11,real,0.0003969915900855492,20
real,73,2,3,11,perm,-0.00044825018109151404,20
real,73,2,3,29,real,-0.0005537601289066219,20
real,73,2,3,29,perm,-0.0002466654347230701,20
real,73,2,5,11,real,0.0009108593120297215,20
real,73,2,5,11,perm,-0.00041956430483824914,20
real,73,2,5,29,real,-0.0002721218697215866,20
real,73,2,5,29,perm,-0.0016403417933867903,20
real,73,2,8,11,real,0.005761999098209514,20
real,73,2,8,11,perm,-0.0012152851598755676,20
real,73,2,8,29,real,0.0029520084443299677,20
real,73,2,8,29,perm,-0.0020708857565986394,20
real,73,2,12,11,real,0.005663012910685161,20
real,73,2,12,11,perm,-0.0026661830038275935,20
real,73,2,12,29,real,0.005939002155002648,20
real,73,2,12,29,perm,-0.0025844887381841763,20
real,73,2,16,11,real,0.007348889461648578,20
real,73,2,16,11,perm,-0.004171680847997239,20
real,73,2,16,29,real,0.009958090203588288,20
real,73,2,16,29,perm,-0.0011356370118491554,20
real,77,0,1,11,real,8.906578089029615e-05,21
real,77,0,1,11,perm,-0.00025984710960980095,21
real,77,0,1,29,real,8.791403352848004e-05,21
real,77,0,1,29,perm,-5.13677578881655e-05,21
real,77,0,2,11,real,0.00014380287577986373,21
real,77,0,2,11,perm,-0.0003422317965754429,21
real,77,0,2,29,real,0.00026790468858761685,21
real,77,0,2,29,perm,-0.0003155171314060956,21
real,77,0,3,11,real,0.00035424487379387415,21
real,77,0,3,11,perm,-0.0004944468646996825,21
real,77,0,3,29,real,0.0005873777490166265,21
real,77,0,3,29,perm,-0.00033151472971248985,21
real,77,0,5,11,real,0.0007532077859921937,21
real,77,0,5,11,perm,-0.0005586125668531894,21
real,77,0,5,29,real,0.0002737326351098801,21
real,77,0,5,29,perm,-0.0006141661086512817,21
real,77,0,8,11,real,0.0005489106840824709,21
real,77,0,8,11,perm,-0.0014315054727886967,21
real,77,0,8,29,real,0.000241124032593798,21
real,77,0,8,29,perm,-0.0011878817058484925,21
real,77,0,12,11,real,0.0018439647720209784,21
real,77,0,12,11,perm,-0.0016327766940636979,21
real,77,0,12,29,real,0.0011630278806431527,21
real,77,0,12,29,perm,-0.0016975690001604926,21
real,77,0,16,11,real,0.001652621501574636,21
real,77,0,16,11,perm,-0.0014437460529549417,21
real,77,0,16,29,real,0.0015259001870506772,21
real,77,0,16,29,perm,-0.0022081692379058993,21
real,77,1,1,11,real,0.006608060735073584,21
real,77,1,1,11,perm,-0.00023727177294363688,21
real,77,1,1,29,real,0.004491452500651305,21
real,77,1,1,29,perm,-0.00021234687246818318,21
real,77,1,2,11,real,0.00962541746788792,21
real,77,1,2,11,perm,-0.000153506061299713,21
real,77,1,2,29,real,0.007920893033679155,21
real,77,1,2,29,perm,-0.0003172859120187388,21
real,77,1,3,11,real,0.011595331536736864,21
real,77,1,3,11,perm,-0.00035024327948995904,21
real,77,1,3,29,real,0.010612898061408194,21
real,77,1,3,29,perm,-0.00021128883542920196,21
real,77,1,5,11,real,0.01417647963832147,21
real,77,1,5,11,perm,-0.0004155364915263693,21
real,77,1,5,29,real,0.01309019754558316,21
real,77,1,5,29,perm,-0.00017464272137723835,21
real,77,1,8,11,real,0.015127000385188216,21
real,77,1,8,11,perm,-0.001048316619044476,21
real,77,1,8,29,real,0.013909607132259194,21
real,77,1,8,29,perm,-0.0012203073720137292,21
real,77,1,12,11,real,0.015746965552385972,21
real,77,1,12,11,perm,-0.0014564057321805324,21
real,77,1,12,29,real,0.014795766089008455,21
real,77,1,12,29,perm,-0.002113291547203189,21
real,77,1,16,11,real,0.016260935933069542,21
real,77,1,16,11,perm,-0.0013894358772297277,21
real,77,1,16,29,real,0.017014960380080213,21
real,77,1,16,29,perm,-0.0029106375984150334,21
real,77,2,1,11,real,0.002032804614708117,21
real,77,2,1,11,perm,0.00017407736118046913,21
real,77,2,1,29,real,0.0016750332433140835,21
real,77,2,1,29,perm,0.00011675560322954581,21
real,77,2,2,11,real,0.002137702217600679,21
real,77,2,2,11,perm,1.2821924138872731e-05,21
real,77,2,2,29,real,0.0017933976275400498,21
real,77,2,2,29,perm,0.00042886152429721935,21
real,77,2,3,11,real,0.003650610260513054,21
real,77,2,3,11,perm,9.036446791321762e-05,21
real,77,2,3,29,real,0.0017045357863068045,21
real,77,2,3,29,perm,0.0004190214818184934,21
real,77,2,5,11,real,0.004405335720614301,21
real,77,2,5,11,perm,-0.00021245348373288842,21
real,77,2,5,29,real,0.0038137340745005854,21
real,77,2,5,29,perm,0.00031482683046402116,21
real,77,2,8,11,real,0.008898022782793613,21
real,77,2,8,11,perm,-0.0002767986815118695,21
real,77,2,8,29,real,0.008349610987856138,21
real,77,2,8,29,perm,-0.00023068771892020834,21
real,77,2,12,11,real,0.012778619737034536,21
real,77,2,12,11,perm,-0.0010525289092374601,21
real,77,2,12,29,real,0.012637224069604547,21
real,77,2,12,29,perm,-0.00021495693290940476,21
real,77,2,16,11,real,0.01819272129868521,21
real,77,2,16,11,perm,-0.0014668432584747926,21
real,77,2,16,29,real,0.016927712226772473,21
real,77,2,16,29,perm,-0.0009486549421249268,21
real,83,0,1,11,real,-0.00048100422176200475,10
real,83,0,1,11,perm,-0.00019567621109473077,10
real,83,0,1,29,real,-0.0005694075413920086,10
real,83,0,1,29,perm,-0.0005290121923279267,10
real,83,0,2,11,real,0.0008503289603716269,10
real,83,0,2,11,perm,0.00022951770026458096,10
real,83,0,2,29,real,-0.0009902173374474188,10
real,83,0,2,29,perm,-0.0005433952572102552,10
real,83,0,3,11,real,0.0061168949032840425,10
real,83,0,3,11,perm,-0.0011469940070018003,10
real,83,0,3,29,real,0.0020350545692787714,10
real,83,0,3,29,perm,-0.0007782560163379637,10
real,83,0,5,11,real,0.004987476321577811,10
real,83,0,5,11,perm,-0.0006161680319658469,10
real,83,0,5,29,real,0.001421855226099722,10
real,83,0,5,29,perm,-0.002929579333584842,10
real,83,0,8,11,real,0.006297976351681389,10
real,83,0,8,11,perm,0.00013473960794385675,10
real,83,0,8,29,real,0.0018970715337258692,10
real,83,0,8,29,perm,-0.004959158220726345,10
real,83,1,1,11,real,-0.0005088936755686113,10
real,83,1,1,11,perm,-0.0006906062377162181,10
real,83,1,1,29,real,-0.001894804760790847,10
real,83,1,1,29,perm,2.459988303216143e-05,10
real,83,1,2,11,real,-0.001168062800747438,10
real,83,1,2,11,perm,-0.002514106246627845,10
real,83,1,2,29,real,-0.002106136448909224,10
real,83,1,2,29,perm,-0.00018267923704451405,10
real,83,1,3,11,real,0.0007872476909995818,10
real,83,1,3,11,perm,-0.0020938456221075707,10
real,83,1,3,29,real,-0.001779645048611389,10
real,83,1,3,29,perm,-0.0005603905658736474,10
real,83,1,5,11,real,0.0002023776066174543,10
real,83,1,5,11,perm,-0.002294773366942615,10
real,83,1,5,29,real,-0.002040944519904553,10
real,83,1,5,29,perm,-0.00045054338665495575,10
real,83,1,8,11,real,0.009825588691845244,10
real,83,1,8,11,perm,-0.004122553380423999,10
real,83,1,8,29,real,0.010225149187853888,10
real,83,1,8,29,perm,-0.003628661300543956,10
real,83,2,1,11,real,0.0001476019693466002,10
real,83,2,1,11,perm,-0.0015514077648589586,10
real,83,2,1,29,real,-0.00024126721204420498,10
real,83,2,1,29,perm,-0.0004530504547799463,10
real,83,2,2,11,real,0.0008551606414476387,10
real,83,2,2,11,perm,-0.0006734689189090703,10
real,83,2,2,29,real,0.0020990576704379427,10
real,83,2,2,29,perm,-0.002209146319065547,10
real,83,2,3,11,real,-0.0004291199457039374,10
real,83,2,3,11,perm,-0.001214870719166039,10
real,83,2,3,29,real,-0.0007634173388822996,10
real,83,2,3,29,perm,-0.0017163245277600492,10
real,83,2,5,11,real,0.003686684060173584,10
real,83,2,5,11,perm,-0.003060767574944445,10
real,83,2,5,29,real,-0.0004132404241942167,10
real,83,2,5,29,perm,-0.0024917125253716144,10
real,83,2,8,11,real,0.07787667590975755,10
real,83,2,8,11,perm,-0.003369837323461966,10
real,83,2,8,29,real,0.06455053257799503,10
real,83,2,8,29,perm,-0.004188870827594671,10
real,85,0,1,11,real,-5.261091573494081e-05,22
real,85,0,1,11,perm,-0.0002934977647753856,22
real,85,0,1,29,real,-0.0008390505115368763,22
real,85,0,1,29,perm,2.56086252260479e-05,22
real,85,0,2,11,real,-8.908883695590841e-05,22
real,85,0,2,11,perm,-0.0008583345072634696,22
real,85,0,2,29,real,-0.0010812785697524863,22
real,85,0,2,29,perm,-0.0007651326443889328,22
real,85,0,3,11,real,0.0002021719836249325,22
real,85,0,3,11,perm,-0.0007326921371052508,22
real,85,0,3,29,real,-0.0005649879609640474,22
real,85,0,3,29,perm,-0.0010432886047423429,22
real,85,0,5,11,real,0.0013513268879973284,22
real,85,0,5,11,perm,-0.0012022891966256832,22
real,85,0,5,29,real,0.00016631515763487759,22
real,85,0,5,29,perm,-0.0018079092327470958,22
real,85,0,8,11,real,0.0012860689676602588,22
real,85,0,8,11,perm,-0.0025076359440291407,22
real,85,0,8,29,real,0.0017077110241014992,22
real,85,0,8,29,perm,-0.002444595622176915,22
real,85,0,12,11,real,0.0062802950607904195,22
real,85,0,12,11,perm,-0.0029919808743336107,22
real,85,0,12,29,real,0.004148844866395107,22
real,85,0,12,29,perm,-0.0044995834116673405,22
real,85,0,16,11,real,0.007123851995020969,22
real,85,0,16,11,perm,-0.004096948304994852,22
real,85,0,16,29,real,0.006777260046992195,22
real,85,0,16,29,perm,-0.00585000144515091,22
real,85,1,1,11,real,0.0012981503903497504,22
real,85,1,1,11,perm,-0.000649495300937053,22
real,85,1,1,29,real,0.0008293513815516018,22
real,85,1,1,29,perm,-0.0004375965631856493,22
real,85,1,2,11,real,0.0017950449729371432,22
real,85,1,2,11,perm,-0.00036028988496428216,22
real,85,1,2,29,real,0.0013158195594741295,22
real,85,1,2,29,perm,-0.0006735417537201416,22
real,85,1,3,11,real,0.0019388749091449053,22
real,85,1,3,11,perm,-0.0007471127577339809,22
real,85,1,3,29,real,0.001198484755552176,22
real,85,1,3,29,perm,-0.0007429048479099531,22
real,85,1,5,11,real,0.005337838120545668,22
real,85,1,5,11,perm,-0.001585915931808568,22
real,85,1,5,29,real,0.004584200660449733,22
real,85,1,5,29,perm,-0.00139246555657635,22
real,85,1,8,11,real,0.0063443163770536826,22
real,85,1,8,11,perm,-0.001119372216169534,22
real,85,1,8,29,real,0.005752377072762216,22
real,85,1,8,29,perm,-0.0023804617320249966,22
real,85,1,12,11,real,0.009114817760616956,22
real,85,1,12,11,perm,-0.0013531328792703023,22
real,85,1,12,29,real,0.008136323546005908,22
real,85,1,12,29,perm,-0.004540230769114362,22
real,85,1,16,11,real,0.011384437160179783,22
real,85,1,16,11,perm,-0.0027660231117890843,22
real,85,1,16,29,real,0.01120188124681154,22
real,85,1,16,29,perm,-0.005699417734026935,22
real,85,2,1,11,real,-0.0004934616775102985,22
real,85,2,1,11,perm,-0.0010731767643247236,22
real,85,2,1,29,real,9.996329179950969e-05,22
real,85,2,1,29,perm,0.0001170906390486337,22
real,85,2,2,11,real,7.370514912830028e-05,22
real,85,2,2,11,perm,-0.0015282622140621038,22
real,85,2,2,29,real,0.0016110272726356234,22
real,85,2,2,29,perm,-0.000316933022131316,22
real,85,2,3,11,real,-0.00014863922122720918,22
real,85,2,3,11,perm,-0.0017635070594149704,22
real,85,2,3,29,real,0.0016666011598938102,22
real,85,2,3,29,perm,-0.0009849539136210783,22
real,85,2,5,11,real,-0.0010262456883375348,22
real,85,2,5,11,perm,-0.002324843426996792,22
real,85,2,5,29,real,0.0017173585714633788,22
real,85,2,5,29,perm,-0.0014032451185466144,22
real,85,2,8,11,real,-0.002161934766827467,22
real,85,2,8,11,perm,-0.004579934039731115,22
real,85,2,8,29,real,0.001997661911173343,22
real,85,2,8,29,perm,-0.0021375593083416966,22
real,85,2,12,11,real,-0.0022390351587207036,22
real,85,2,12,11,perm,-0.005389438746345676,22
real,85,2,12,29,real,0.0036961708992762077,22
real,85,2,12,29,perm,-0.0031109010077632337,22
real,85,2,16,11,real,-0.002842211968830166,22
real,85,2,16,11,perm,-0.005570526048782165,22
real,85,2,16,29,real,0.0015222393172655835,22
real,85,2,16,29,perm,-0.002211631585859797,22
real,90,0,1,11,real,-0.00024734456196451315,10
real,90,0,1,11,perm,-0.00029406359118067105,10
real,90,0,1,29,real,-0.0006130804672879187,10
real,90,0,1,29,perm,8.894263098246924e-07,10
real,90,0,2,11,real,0.0004972221218241257,10
real,90,0,2,11,perm,-0.0004319875254203964,10
real,90,0,2,29,real,-0.0002683106566621074,10
real,90,0,2,29,perm,-0.0002837013208933925,10
real,90,0,3,11,real,0.00022197301043502815,10
real,90,0,3,11,perm,-0.0004610686262728203,10
real,90,0,3,29,real,-0.0002299487060286598,10
real,90,0,3,29,perm,-0.0002856135213047395,10
real,90,0,5,11,real,0.0004343047606015782,10
real,90,0,5,11,perm,-0.0008770335507228832,10
real,90,0,5,29,real,-0.00026183831589188244,10
real,90,0,5,29,perm,-0.00042306091533028667,10
real,90,0,8,11,real,0.0011024950183095017,10
real,90,0,8,11,perm,-0.0012939339444690834,10
real,90,0,8,29,real,0.0010551462402493827,10
real,90,0,8,29,perm,-0.0006961823353999197,10
real,90,1,1,11,real,0.0006484200194539769,10
real,90,1,1,11,perm,0.0003564539514943066,10
real,90,1,1,29,real,-7.310112899761023e-05,10
real,90,1,1,29,perm,-0.00038829394519890315,10
real,90,1,2,11,real,-1.2968149189496181e-05,10
real,90,1,2,11,perm,0.00017063555615537407,10
real,90,1,2,29,real,0.0006307702690507844,10
real,90,1,2,29,perm,-0.0007039526170294907,10
real,90,1,3,11,real,5.786887377101646e-05,10
real,90,1,3,11,perm,0.0003656372055421686,10
real,90,1,3,29,real,0.0005363644176115123,10
real,90,1,3,29,perm,-0.0008090063649901502,10
real,90,1,5,11,real,0.002868655357548988,10
real,90,1,5,11,perm,0.0003866498343347846,10
real,90,1,5,29,real,0.0018674133443171703,10
real,90,1,5,29,perm,-0.0005377306551551664,10
real,90,1,8,11,real,0.0018771701958548714,10
real,90,1,8,11,perm,0.0002567318643007521,10
real,90,1,8,29,real,0.002293018265699498,10
real,90,1,8,29,perm,-0.0007905989665747404,10
real,90,2,1,11,real,1.996190688335897e-05,10
real,90,2,1,11,perm,-0.00015878416588821498,10
real,90,2,1,29,real,-0.000249152923803897,10
real,90,2,1,29,perm,-0.00010852305074726676,10
real,90,2,2,11,real,-4.489414212871523e-05,10
real,90,2,2,11,perm,-0.000508753550117147,10
real,90,2,2,29,real,-0.0001211586433574885,10
real,90,2,2,29,perm,-4.239138039263679e-06,10
real,90,2,3,11,real,0.00074777685281191,10
real,90,2,3,11,perm,-0.0004213108414626854,10
real,90,2,3,29,real,0.0011029618698323862,10
real,90,2,3,29,perm,-0.00011077326622010997,10
real,90,2,5,11,real,0.0016340469779393407,10
real,90,2,5,11,perm,-0.00012997339902143246,10
real,90,2,5,29,real,9.124405828997428e-05,10
real,90,2,5,29,perm,-0.00046342714894764825,10
real,90,2,8,11,real,0.0022226392525934724,10
real,90,2,8,11,perm,-0.000261346766969095,10
real,90,2,8,29,real,-0.00017766550622932975,10
real,90,2,8,29,perm,-0.0007685103613160882,10
real,92,0,1,11,real,0.00023057666291170786,18
real,92,0,1,11,perm,-0.0005873102503999306,18
real,92,0,1,29,real,0.00011357721242066798,18
real,92,0,1,29,perm,0.00012237860061858896,18
real,92,0,2,11,real,0.0007769691150107949,18
real,92,0,2,11,perm,-0.0007968146745658267,18
real,92,0,2,29,real,6.735402597102258e-05,18
real,92,0,2,29,perm,0.0005105648057115442,18
real,92,0,3,11,real,0.0003033203663375117,18
real,92,0,3,11,perm,-0.0005916356406545642,18
real,92,0,3,29,real,5.778466466421772e-05,18
real,92,0,3,29,perm,0.000541045249487615,18
real,92,0,5,11,real,0.001367437793222348,18
real,92,0,5,11,perm,-0.0009518526584761933,18
real,92,0,5,29,real,0.0021412475095581307,18
real,92,0,5,29,perm,-2.511572363794734e-05,18
real,92,0,8,11,real,0.006465137234239915,18
real,92,0,8,11,perm,-0.0009471990145633047,18
real,92,0,8,29,real,0.006858582492242249,18
real,92,0,8,29,perm,-0.0011944382350719263,18
real,92,0,12,11,real,0.012217907393057614,18
real,92,0,12,11,perm,-0.002210680962570599,18
real,92,0,12,29,real,0.013773959359660748,18
real,92,0,12,29,perm,-0.0015530095020926948,18
real,92,0,16,11,real,0.012983869144778004,18
real,92,0,16,11,perm,-0.0029631645495629133,18
real,92,0,16,29,real,0.01367668130722799,18
real,92,0,16,29,perm,-0.002897946707377863,18
real,92,1,1,11,real,0.001367135808632347,18
real,92,1,1,11,perm,-0.0006479981585492123,18
real,92,1,1,29,real,0.0021322391554331466,18
real,92,1,1,29,perm,-2.9753249744191024e-05,18
real,92,1,2,11,real,0.0022012021106304624,18
real,92,1,2,11,perm,-0.0015128537565770594,18
real,92,1,2,29,real,0.0026752816636924637,18
real,92,1,2,29,perm,-7.36875507115764e-05,18
real,92,1,3,11,real,0.0025332141248093354,18
real,92,1,3,11,perm,-0.0019488752855648661,18
real,92,1,3,29,real,0.0027348087266404475,18
real,92,1,3,29,perm,-3.590894015781387e-05,18
real,92,1,5,11,real,0.003542860086361066,18
real,92,1,5,11,perm,-0.0019696370551071096,18
real,92,1,5,29,real,0.0034811151500915294,18
real,92,1,5,29,perm,-5.3658411888202195e-05,18
real,92,1,8,11,real,0.004995167352891738,18
real,92,1,8,11,perm,-0.002384903787473025,18
real,92,1,8,29,real,0.0044498115419293605,18
real,92,1,8,29,perm,-0.0007085003592041117,18
real,92,1,12,11,real,0.009502195998348673,18
real,92,1,12,11,perm,-0.0022258611261285477,18
real,92,1,12,29,real,0.008275607859706158,18
real,92,1,12,29,perm,-0.0010131747425385917,18
real,92,1,16,11,real,0.00873855900516618,18
real,92,1,16,11,perm,-0.0025292204648237337,18
real,92,1,16,29,real,0.008001387068101384,18
real,92,1,16,29,perm,-0.0016225918381795879,18
real,92,2,1,11,real,0.002286525659648042,18
real,92,2,1,11,perm,-1.1230235682724299e-05,18
real,92,2,1,29,real,0.0033921758691598525,18
real,92,2,1,29,perm,-0.00022097001784182613,18
real,92,2,2,11,real,0.002184256978367216,18
real,92,2,2,11,perm,-5.6347484607921494e-05,18
real,92,2,2,29,real,0.003419751390439374,18
real,92,2,2,29,perm,-0.00028342868445152547,18
real,92,2,3,11,real,0.0024892572244781253,18
real,92,2,3,11,perm,-0.00011014454523117223,18
real,92,2,3,29,real,0.002964715912292415,18
real,92,2,3,29,perm,-0.0007658791192468595,18
real,92,2,5,11,real,0.0023433825384681084,18
real,92,2,5,11,perm,-0.0001840040212897076,18
real,92,2,5,29,real,0.0035973002985136837,18
real,92,2,5,29,perm,-0.0014568741873101088,18
real,92,2,8,11,real,0.0037604972436456885,18
real,92,2,8,11,perm,-0.0012467381447922588,18
real,92,2,8,29,real,0.005982408681114659,18
real,92,2,8,29,perm,-0.002742555384733003,18
real,92,2,12,11,real,0.004157933718847873,18
real,92,2,12,11,perm,-0.0013017614637753638,18
real,92,2,12,29,real,0.006376702300426085,18
real,92,2,12,29,perm,-0.003307738516704739,18
real,92,2,16,11,real,0.010927798093165353,18
real,92,2,16,11,perm,-0.0015380407816567576,18
real,92,2,16,29,real,0.009647626340742677,18
real,92,2,16,29,perm,-0.0033015365675621577,18
real,93,0,1,11,real,0.00031994345770802735,21
real,93,0,1,11,perm,-0.00017880467434994163,21
real,93,0,1,29,real,0.0004025209349256542,21
real,93,0,1,29,perm,-6.9708305555638e-05,21
real,93,0,2,11,real,0.0020183198519065915,21
real,93,0,2,11,perm,-0.0005041090233532941,21
real,93,0,2,29,real,0.0026295492386608776,21
real,93,0,2,29,perm,0.0003457149796164405,21
real,93,0,3,11,real,0.007847723336806278,21
real,93,0,3,11,perm,-0.0007172650029583227,21
real,93,0,3,29,real,0.00628228896307248,21
real,93,0,3,29,perm,0.00039591364133173546,21
real,93,0,5,11,real,0.007563040680614086,21
real,93,0,5,11,perm,-0.0004378173021483134,21
real,93,0,5,29,real,0.005884055944091693,21
real,93,0,5,29,perm,8.530309574261707e-07,21
real,93,0,8,11,real,0.013843046162100636,21
real,93,0,8,11,perm,-0.0006326726136475225,21
real,93,0,8,29,real,0.009936560567200714,21
real,93,0,8,29,perm,-0.0005035226390291969,21
real,93,0,12,11,real,0.018522514168693216,21
real,93,0,12,11,perm,-0.0008649057874704491,21
real,93,0,12,29,real,0.013824263981869866,21
real,93,0,12,29,perm,-0.001712832599543912,21
real,93,0,16,11,real,0.019215430503570552,21
real,93,0,16,11,perm,-0.0011980561615940744,21
real,93,0,16,29,real,0.014918805450722217,21
real,93,0,16,29,perm,-0.0029134752406744235,21
real,93,1,1,11,real,0.0022978795687148557,21
real,93,1,1,11,perm,5.7056282182554874e-05,21
real,93,1,1,29,real,0.004280843575730553,21
real,93,1,1,29,perm,-0.0008248632189178373,21
real,93,1,2,11,real,0.002335314544282374,21
real,93,1,2,11,perm,-9.186263441074427e-05,21
real,93,1,2,29,real,0.004213173617954147,21
real,93,1,2,29,perm,-0.001066869658457259,21
real,93,1,3,11,real,0.005983624697115553,21
real,93,1,3,11,perm,-0.0003732456648365412,21
real,93,1,3,29,real,0.0054370400016002796,21
real,93,1,3,29,perm,-0.0014334083860544355,21
real,93,1,5,11,real,0.005974047156729667,21
real,93,1,5,11,perm,-0.0006207734947140109,21
real,93,1,5,29,real,0.005443925112632919,21
real,93,1,5,29,perm,-0.0018127733405494117,21
real,93,1,8,11,real,0.007370006910813798,21
real,93,1,8,11,perm,-0.0009388413123236905,21
real,93,1,8,29,real,0.0073659710375235665,21
real,93,1,8,29,perm,-0.001997998002718826,21
real,93,1,12,11,real,0.012027389641663944,21
real,93,1,12,11,perm,-0.001685190349074328,21
real,93,1,12,29,real,0.009847376733964297,21
real,93,1,12,29,perm,-0.001786826503452299,21
real,93,1,16,11,real,0.014382997199737124,21
real,93,1,16,11,perm,-0.0015713418556004832,21
real,93,1,16,29,real,0.009643732584049935,21
real,93,1,16,29,perm,-0.0021191515781904258,21
real,93,2,1,11,real,0.0019931742096042093,21
real,93,2,1,11,perm,-9.876872764436051e-06,21
real,93,2,1,29,real,-3.201466399338493e-05,21
real,93,2,1,29,perm,-0.00013403997635896836,21
real,93,2,2,11,real,0.0019126892834935294,21
real,93,2,2,11,perm,-8.976323115750251e-05,21
real,93,2,2,29,real,-0.00018272252072193407,21
real,93,2,2,29,perm,-0.00020104864085201957,21
real,93,2,3,11,real,0.0016015045179780252,21
real,93,2,3,11,perm,-0.00027395057808687895,21
real,93,2,3,29,real,-0.000194116332296157,21
real,93,2,3,29,perm,-0.0007278210624497294,21
real,93,2,5,11,real,0.0035261517790216024,21
real,93,2,5,11,perm,-0.00040328636916731053,21
real,93,2,5,29,real,0.0011337428758184664,21
real,93,2,5,29,perm,-0.0011594478300712696,21
real,93,2,8,11,real,0.003396887292470563,21
real,93,2,8,11,perm,-0.0007942034393428887,21
real,93,2,8,29,real,0.0018673320351294542,21
real,93,2,8,29,perm,-0.0018729988893155802,21
real,93,2,12,11,real,0.009793905479996146,21
real,93,2,12,11,perm,-0.0015167086893949078,21
real,93,2,12,29,real,0.005493445617825388,21
real,93,2,12,29,perm,-0.0015329840388168536,21
real,93,2,16,11,real,0.00972936835704652,21
real,93,2,16,11,perm,-0.0017631405920930376,21
real,93,2,16,29,real,0.0059629512233364546,21
real,93,2,16,29,perm,-0.001971005738482745,21
shared5,1,0,1,11,real,0.039253519588006824,16
shared5,1,0,1,11,perm,7.161957523926787e-06,16
shared5,1,0,1,29,real,0.03573057296230986,16
shared5,1,0,1,29,perm,4.887476626014298e-05,16
shared5,1,0,2,11,real,0.0531560250550297,16
shared5,1,0,2,11,perm,9.03673153596074e-06,16
shared5,1,0,2,29,real,0.04774973024343532,16
shared5,1,0,2,29,perm,3.117641543881611e-05,16
shared5,1,0,3,11,real,0.07604665466275107,16
shared5,1,0,3,11,perm,-6.242893392705007e-05,16
shared5,1,0,3,29,real,0.06801223560264047,16
shared5,1,0,3,29,perm,-9.730690132725428e-05,16
shared5,1,0,5,11,real,0.09431028357644333,16
shared5,1,0,5,11,perm,-0.0004879629113185846,16
shared5,1,0,5,29,real,0.08330623363608824,16
shared5,1,0,5,29,perm,-5.6610818002234e-05,16
shared5,1,0,8,11,real,0.10975257886817058,16
shared5,1,0,8,11,perm,-0.0005764435628849984,16
shared5,1,0,8,29,real,0.09726009448982886,16
shared5,1,0,8,29,perm,-0.00029643005775348286,16
shared5,1,0,12,11,real,0.11570285586355522,16
shared5,1,0,12,11,perm,-0.0011063102047155216,16
shared5,1,0,12,29,real,0.10373459576381217,16
shared5,1,0,12,29,perm,-0.0003600591758028404,16
shared5,1,0,16,11,real,0.11805081743371426,16
shared5,1,0,16,11,perm,-0.0014183433775829535,16
shared5,1,0,16,29,real,0.10669333882359755,16
shared5,1,0,16,29,perm,-0.0005689934320427525,16
shared5,1,1,1,11,real,0.048279430101687115,16
shared5,1,1,1,11,perm,5.997448450312248e-06,16
shared5,1,1,1,29,real,0.04530356729960705,16
shared5,1,1,1,29,perm,-0.00011682573640969807,16
shared5,1,1,2,11,real,0.06754099114441636,16
shared5,1,1,2,11,perm,-0.00018432969992820958,16
shared5,1,1,2,29,real,0.06418904698477768,16
shared5,1,1,2,29,perm,-0.00010412757972622089,16
shared5,1,1,3,11,real,0.09975649042953716,16
shared5,1,1,3,11,perm,-0.00022935910652588376,16
shared5,1,1,3,29,real,0.09188694897168515,16
shared5,1,1,3,29,perm,-0.00018624287104374027,16
shared5,1,1,5,11,real,0.11010301595366367,16
shared5,1,1,5,11,perm,-0.00016021810365329792,16
shared5,1,1,5,29,real,0.10115792156539749,16
shared5,1,1,5,29,perm,-0.00027334613204321734,16
shared5,1,1,8,11,real,0.1368162636476985,16
shared5,1,1,8,11,perm,-0.00023685314910304456,16
shared5,1,1,8,29,real,0.12875581896873922,16
shared5,1,1,8,29,perm,-0.0004457034746196964,16
shared5,1,1,12,11,real,0.1450131660123346,16
shared5,1,1,12,11,perm,-0.0007302682525589521,16
shared5,1,1,12,29,real,0.14041532675454027,16
shared5,1,1,12,29,perm,-0.0006016920061495679,16
shared5,1,1,16,11,real,0.14715593320234055,16
shared5,1,1,16,11,perm,-0.0009318032575558188,16
shared5,1,1,16,29,real,0.14293066534485543,16
shared5,1,1,16,29,perm,-0.0010245702157924974,16
shared5,1,2,1,11,real,0.026214148155195183,16
shared5,1,2,1,11,perm,2.1935255218874516e-05,16
shared5,1,2,1,29,real,0.024483356093864317,16
shared5,1,2,1,29,perm,-2.4139332701622607e-05,16
shared5,1,2,2,11,real,0.04847774019324491,16
shared5,1,2,2,11,perm,-0.00024042195161300128,16
shared5,1,2,2,29,real,0.04439255713703327,16
shared5,1,2,2,29,perm,-6.358954058871547e-07,16
shared5,1,2,3,11,real,0.06112870525143943,16
shared5,1,2,3,11,perm,-0.000388262097148262,16
shared5,1,2,3,29,real,0.05818122335731679,16
shared5,1,2,3,29,perm,-3.2855031137923874e-05,16
shared5,1,2,5,11,real,0.08645610504933965,16
shared5,1,2,5,11,perm,-0.0003611526011169097,16
shared5,1,2,5,29,real,0.0807859010126466,16
shared5,1,2,5,29,perm,4.7009276090914653e-05,16
shared5,1,2,8,11,real,0.10543875597042762,16
shared5,1,2,8,11,perm,-0.00027558724633514053,16
shared5,1,2,8,29,real,0.10158241199153328,16
shared5,1,2,8,29,perm,-0.00016147158072898904,16
shared5,1,2,12,11,real,0.11111041209367167,16
shared5,1,2,12,11,perm,-0.0004407946889690706,16
shared5,1,2,12,29,real,0.10808167652216039,16
shared5,1,2,12,29,perm,-0.00036046565219161053,16
shared5,1,2,16,11,real,0.11290552799873643,16
shared5,1,2,16,11,perm,-0.0008049214310064112,16
shared5,1,2,16,29,real,0.11010620601336829,16
shared5,1,2,16,29,perm,-0.0009362132719850091,16
shared5,4,0,1,11,real,0.04330497595386795,14
shared5,4,0,1,11,perm,0.0006593865310928759,14
shared5,4,0,1,29,real,0.03804722631683244,14
shared5,4,0,1,29,perm,-0.0015164560594805865,14
shared5,4,0,2,11,real,0.0729159559811321,14
shared5,4,0,2,11,perm,0.0009387076649367554,14
shared5,4,0,2,29,real,0.06850634184813198,14
shared5,4,0,2,29,perm,-0.0013162574068755761,14
shared5,4,0,3,11,real,0.10093876575081151,14
shared5,4,0,3,11,perm,0.0009007159584049074,14
shared5,4,0,3,29,real,0.09544945637910418,14
shared5,4,0,3,29,perm,-0.0019683309141252936,14
shared5,4,0,5,11,real,0.10939306879214539,14
shared5,4,0,5,11,perm,0.0007246540506367083,14
shared5,4,0,5,29,real,0.1001143100068832,14
shared5,4,0,5,29,perm,-0.003004316113482175,14
shared5,4,0,8,11,real,0.16320205150795164,14
shared5,4,0,8,11,perm,-0.0002284112361565782,14
shared5,4,0,8,29,real,0.14992052331356331,14
shared5,4,0,8,29,perm,-0.004529643875618383,14
shared5,4,0,12,11,real,0.16840569262504457,14
shared5,4,0,12,11,perm,-0.0025166802430001134,14
shared5,4,0,12,29,real,0.15641276490310208,14
shared5,4,0,12,29,perm,-0.005967049728518359,14
shared5,4,1,1,11,real,0.049330317101202836,14
shared5,4,1,1,11,perm,-0.0005179711083032057,14
shared5,4,1,1,29,real,0.048115277519309774,14
shared5,4,1,1,29,perm,-0.0006171826333605246,14
shared5,4,1,2,11,real,0.08864187073965879,14
shared5,4,1,2,11,perm,-0.0009661471708199976,14
shared5,4,1,2,29,real,0.09597108741883176,14
shared5,4,1,2,29,perm,-0.0012880012898558446,14
shared5,4,1,3,11,real,0.1251902704178447,14
shared5,4,1,3,11,perm,-0.0007429873711040091,14
shared5,4,1,3,29,real,0.13117733460115888,14
shared5,4,1,3,29,perm,-0.0016760086363216686,14
shared5,4,1,5,11,real,0.13268743041138886,14
shared5,4,1,5,11,perm,-0.00033165079030239575,14
shared5,4,1,5,29,real,0.1397729136291712,14
shared5,4,1,5,29,perm,-0.001997067936377328,14
shared5,4,1,8,11,real,0.1480283597884584,14
shared5,4,1,8,11,perm,-0.0014332127653409188,14
shared5,4,1,8,29,real,0.1602200025338737,14
shared5,4,1,8,29,perm,-0.001881351580713897,14
shared5,4,1,12,11,real,0.15812783530270802,14
shared5,4,1,12,11,perm,-0.0029198623029469406,14
shared5,4,1,12,29,real,0.16995690991229317,14
shared5,4,1,12,29,perm,-0.0030878568173973164,14
shared5,4,2,1,11,real,0.09002615335299091,14
shared5,4,2,1,11,perm,-0.00018753657659598133,14
shared5,4,2,1,29,real,0.08707378696535462,14
shared5,4,2,1,29,perm,-0.0007330254811803716,14
shared5,4,2,2,11,real,0.12104788581843728,14
shared5,4,2,2,11,perm,-0.0006716267702047141,14
shared5,4,2,2,29,real,0.10924796000968118,14
shared5,4,2,2,29,perm,-0.0007087309951429033,14
shared5,4,2,3,11,real,0.14196796693971037,14
shared5,4,2,3,11,perm,-1.0831399113619966e-05,14
shared5,4,2,3,29,real,0.14070459304580418,14
shared5,4,2,3,29,perm,-0.0006329511523949227,14
shared5,4,2,5,11,real,0.1651724501783346,14
shared5,4,2,5,11,perm,-0.000961736863253293,14
shared5,4,2,5,29,real,0.1686104194792819,14
shared5,4,2,5,29,perm,-0.0007233224696570062,14
shared5,4,2,8,11,real,0.17251424212484967,14
shared5,4,2,8,11,perm,-0.001497270632328629,14
shared5,4,2,8,29,real,0.17882097865783475,14
shared5,4,2,8,29,perm,-0.0023033471995570487,14
shared5,4,2,12,11,real,0.17983901086136778,14
shared5,4,2,12,11,perm,-0.0027589246346557683,14
shared5,4,2,12,29,real,0.1847047399556382,14
shared5,4,2,12,29,perm,-0.004937484684823246,14
shared5,7,0,1,11,real,0.02487870352662025,10
shared5,7,0,1,11,perm,-0.001279273732657682,10
shared5,7,0,1,29,real,0.016194516842765072,10
shared5,7,0,1,29,perm,-0.00022727892629470503,10
shared5,7,0,2,11,real,0.024420006120434934,10
shared5,7,0,2,11,perm,-0.0024691295526684254,10
shared5,7,0,2,29,real,0.022212393899181837,10
shared5,7,0,2,29,perm,-0.00022435290269640085,10
shared5,7,0,3,11,real,0.03237735578088796,10
shared5,7,0,3,11,perm,-0.004121247596512445,10
shared5,7,0,3,29,real,0.02428139431058174,10
shared5,7,0,3,29,perm,-0.0031418465556964925,10
shared5,7,0,5,11,real,0.07278712904424922,10
shared5,7,0,5,11,perm,-0.004523009809187073,10
shared5,7,0,5,29,real,0.06617100317635005,10
shared5,7,0,5,29,perm,-0.005769077360225028,10
shared5,7,0,8,11,real,0.09494266224919246,10
shared5,7,0,8,11,perm,-0.006415391788565206,10
shared5,7,0,8,29,real,0.07845633283844444,10
shared5,7,0,8,29,perm,-0.010590799757167702,10
shared5,7,1,1,11,real,0.07338234910885255,10
shared5,7,1,1,11,perm,-0.0005724314542399078,10
shared5,7,1,1,29,real,0.0850989322451674,10
shared5,7,1,1,29,perm,-0.0014075197393759176,10
shared5,7,1,2,11,real,0.0935073723002362,10
shared5,7,1,2,11,perm,-0.0009284452821405331,10
shared5,7,1,2,29,real,0.10163021524302673,10
shared5,7,1,2,29,perm,-0.0034662740011757176,10
shared5,7,1,3,11,real,0.10514718198093287,10
shared5,7,1,3,11,perm,-0.0007999422514028964,10
shared5,7,1,3,29,real,0.11206801892079943,10
shared5,7,1,3,29,perm,-0.005193916411832422,10
shared5,7,1,5,11,real,0.12044948868197491,10
shared5,7,1,5,11,perm,-0.006238252685742296,10
shared5,7,1,5,29,real,0.12492526739729515,10
shared5,7,1,5,29,perm,-0.0028505782314192096,10
shared5,7,1,8,11,real,0.1401825290950095,10
shared5,7,1,8,11,perm,-0.01056653671644181,10
shared5,7,1,8,29,real,0.1372843967983981,10
shared5,7,1,8,29,perm,-0.004633171311181128,10
shared5,7,2,1,11,real,0.04186076344875511,10
shared5,7,2,1,11,perm,-0.0015085345480323475,10
shared5,7,2,1,29,real,0.04484160870871334,10
shared5,7,2,1,29,perm,-0.003713662830866493,10
shared5,7,2,2,11,real,0.08452025250115036,10
shared5,7,2,2,11,perm,-0.00047750160466342173,10
shared5,7,2,2,29,real,0.08558086962978062,10
shared5,7,2,2,29,perm,-0.006417083104707899,10
shared5,7,2,3,11,real,0.10972831680047912,10
shared5,7,2,3,11,perm,-0.0011622939458102444,10
shared5,7,2,3,29,real,0.1077901436569676,10
shared5,7,2,3,29,perm,-0.008343703319966256,10
shared5,7,2,5,11,real,0.13089979112686134,10
shared5,7,2,5,11,perm,-0.0007526886158431001,10
shared5,7,2,5,29,real,0.14068483388216835,10
shared5,7,2,5,29,perm,-0.009914505477148783,10
shared5,7,2,8,11,real,0.13217006167957446,10
shared5,7,2,8,11,perm,-0.0002884027642189313,10
shared5,7,2,8,29,real,0.14852224841505401,10
shared5,7,2,8,29,perm,-0.008016739949195273,10
shared5,8,0,1,11,real,0.0119754053046226,10
shared5,8,0,1,11,perm,-0.00032699782545675404,10
shared5,8,0,1,29,real,0.0182675616006851,10
shared5,8,0,1,29,perm,3.749442240441603e-05,10
shared5,8,0,2,11,real,0.023587495797099844,10
shared5,8,0,2,11,perm,0.00010941877122272459,10
shared5,8,0,2,29,real,0.04126596532444293,10
shared5,8,0,2,29,perm,0.0008255630585181084,10
shared5,8,0,3,11,real,0.03361465521431484,10
shared5,8,0,3,11,perm,-0.0029285316935763195,10
shared5,8,0,3,29,real,0.04692490851930442,10
shared5,8,0,3,29,perm,0.0009026363356123834,10
shared5,8,0,5,11,real,0.09036650571465477,10
shared5,8,0,5,11,perm,-0.006821547040662956,10
shared5,8,0,5,29,real,0.1152477597971332,10
shared5,8,0,5,29,perm,0.0018580615213936724,10
shared5,8,0,8,11,real,0.11459026892897084,10
shared5,8,0,8,11,perm,-0.01305354821915139,10
shared5,8,0,8,29,real,0.13449665307627678,10
shared5,8,0,8,29,perm,0.002998638352873284,10
shared5,8,1,1,11,real,0.05325605066389105,10
shared5,8,1,1,11,perm,0.00026948772503687657,10
shared5,8,1,1,29,real,0.051772182455010585,10
shared5,8,1,1,29,perm,6.27161759185757e-05,10
shared5,8,1,2,11,real,0.07532460509764727,10
shared5,8,1,2,11,perm,0.00042656182475431237,10
shared5,8,1,2,29,real,0.07076992018179684,10
shared5,8,1,2,29,perm,-0.002074604468943697,10
shared5,8,1,3,11,real,0.09255733213559658,10
shared5,8,1,3,11,perm,-0.0009059496917795951,10
shared5,8,1,3,29,real,0.08499175783513957,10
shared5,8,1,3,29,perm,-0.0024096471887566917,10
shared5,8,1,5,11,real,0.10169748435208725,10
shared5,8,1,5,11,perm,-0.0030843566652454246,10
shared5,8,1,5,29,real,0.0938755357490586,10
shared5,8,1,5,29,perm,-0.004145037462227608,10
shared5,8,1,8,11,real,0.1350293860035623,10
shared5,8,1,8,11,perm,-0.004143896377009959,10
shared5,8,1,8,29,real,0.12976880257886247,10
shared5,8,1,8,29,perm,-0.004613872453174794,10
shared5,8,2,1,11,real,0.05753703264318899,10
shared5,8,2,1,11,perm,-0.0007770693186517352,10
shared5,8,2,1,29,real,0.050089971098522756,10
shared5,8,2,1,29,perm,-0.0038487034328564818,10
shared5,8,2,2,11,real,0.079052631246328,10
shared5,8,2,2,11,perm,-0.002484897162772004,10
shared5,8,2,2,29,real,0.06960873909304577,10
shared5,8,2,2,29,perm,-0.005777718319619041,10
shared5,8,2,3,11,real,0.13230742246444438,10
shared5,8,2,3,11,perm,-0.0013722339026547292,10
shared5,8,2,3,29,real,0.11887617631211977,10
shared5,8,2,3,29,perm,-0.005606805563570516,10
shared5,8,2,5,11,real,0.14882113098426997,10
shared5,8,2,5,11,perm,-0.003839215825843123,10
shared5,8,2,5,29,real,0.14513501584447674,10
shared5,8,2,5,29,perm,-0.005204134389766413,10
shared5,8,2,8,11,real,0.15434699749621705,10
shared5,8,2,8,11,perm,-0.007801248834280017,10
shared5,8,2,8,29,real,0.15573011249508062,10
shared5,8,2,8,29,perm,-0.007496358582864682,10
shared5,13,0,1,11,real,0.0450554362020088,19
shared5,13,0,1,11,perm,-7.783426180152375e-05,19
shared5,13,0,1,29,real,0.04204856646210797,19
shared5,13,0,1,29,perm,-0.000255949252186749,19
shared5,13,0,2,11,real,0.07142174150583647,19
shared5,13,0,2,11,perm,0.0001269983241872774,19
shared5,13,0,2,29,real,0.06635053443907368,19
shared5,13,0,2,29,perm,-0.00029150521361687165,19
shared5,13,0,3,11,real,0.09338028263268039,19
shared5,13,0,3,11,perm,0.00011650187359280029,19
shared5,13,0,3,29,real,0.09320175758461802,19
shared5,13,0,3,29,perm,-0.000551549232819859,19
shared5,13,0,5,11,real,0.11708066300495479,19
shared5,13,0,5,11,perm,-0.00012092329444424177,19
shared5,13,0,5,29,real,0.11730640273719217,19
shared5,13,0,5,29,perm,-0.0005303982526333462,19
shared5,13,0,8,11,real,0.12728349208502754,19
shared5,13,0,8,11,perm,-8.772944631341151e-05,19
shared5,13,0,8,29,real,0.1291691534003634,19
shared5,13,0,8,29,perm,-0.0008181523144763503,19
shared5,13,0,12,11,real,0.1427012565137673,19
shared5,13,0,12,11,perm,-0.0007614648701534943,19
shared5,13,0,12,29,real,0.14589140500854492,19
shared5,13,0,12,29,perm,-0.0009451553154259384,19
shared5,13,0,16,11,real,0.14722510745221762,19
shared5,13,0,16,11,perm,-0.0011656095452449167,19
shared5,13,0,16,29,real,0.1490887329915841,19
shared5,13,0,16,29,perm,-0.0011251039704937016,19
shared5,13,1,1,11,real,0.03744272852202091,19
shared5,13,1,1,11,perm,-0.00032827979028937637,19
shared5,13,1,1,29,real,0.03508361765777179,19
shared5,13,1,1,29,perm,-0.00011721364522954136,19
shared5,13,1,2,11,real,0.06205824722173692,19
shared5,13,1,2,11,perm,-0.0004559703956769079,19
shared5,13,1,2,29,real,0.06344339594987314,19
shared5,13,1,2,29,perm,-0.0002228333498849322,19
shared5,13,1,3,11,real,0.09510574928180027,19
shared5,13,1,3,11,perm,-0.0006160390164942076,19
shared5,13,1,3,29,real,0.09961932061418266,19
shared5,13,1,3,29,perm,-0.000309153878410795,19
shared5,13,1,5,11,real,0.129300083821562,19
shared5,13,1,5,11,perm,-0.00037504963480150533,19
shared5,13,1,5,29,real,0.13359642023396612,19
shared5,13,1,5,29,perm,-0.0005472393689699429,19
shared5,13,1,8,11,real,0.1478632630815545,19
shared5,13,1,8,11,perm,-0.0006723581367195086,19
shared5,13,1,8,29,real,0.15112266642204486,19
shared5,13,1,8,29,perm,-0.0008095425643961374,19
shared5,13,1,12,11,real,0.15881374284873406,19
shared5,13,1,12,11,perm,-0.000938491219169002,19
shared5,13,1,12,29,real,0.15978150276919567,19
shared5,13,1,12,29,perm,-0.0012408785541355716,19
shared5,13,1,16,11,real,0.1650576865261184,19
shared5,13,1,16,11,perm,-0.0017122047125149864,19
shared5,13,1,16,29,real,0.1651007343101436,19
shared5,13,1,16,29,perm,-0.001914749297773466,19
shared5,13,2,1,11,real,0.05494065731245845,19
shared5,13,2,1,11,perm,-0.0001415472991983524,19
shared5,13,2,1,29,real,0.0583222434378049,19
shared5,13,2,1,29,perm,8.510836052000315e-05,19
shared5,13,2,2,11,real,0.10407153194815888,19
shared5,13,2,2,11,perm,-0.00029974914439634404,19
shared5,13,2,2,29,real,0.10504549503825455,19
shared5,13,2,2,29,perm,-8.458749450546144e-06,19
shared5,13,2,3,11,real,0.11272604916726414,19
shared5,13,2,3,11,perm,-5.804279403054391e-05,19
shared5,13,2,3,29,real,0.11545182170408819,19
shared5,13,2,3,29,perm,-0.00029074525301164833,19
shared5,13,2,5,11,real,0.147075898343765,19
shared5,13,2,5,11,perm,-0.00034654519935573,19
shared5,13,2,5,29,real,0.14864501869329183,19
shared5,13,2,5,29,perm,-0.0007611001890580615,19
shared5,13,2,8,11,real,0.17259333916563047,19
shared5,13,2,8,11,perm,-0.0008303077996522079,19
shared5,13,2,8,29,real,0.1689565577694635,19
shared5,13,2,8,29,perm,-0.0009412986713648319,19
shared5,13,2,12,11,real,0.1801058730454479,19
shared5,13,2,12,11,perm,-0.0008759625386833836,19
shared5,13,2,12,29,real,0.1758694414516485,19
shared5,13,2,12,29,perm,-0.0009733671138285604,19
shared5,13,2,16,11,real,0.18397001881519337,19
shared5,13,2,16,11,perm,-0.0015476874904114535,19
shared5,13,2,16,29,real,0.17977455780888107,19
shared5,13,2,16,29,perm,-0.0012057432740169016,19
shared5,17,0,1,11,real,0.015159299341868104,10
shared5,17,0,1,11,perm,0.00041335108379025876,10
shared5,17,0,1,29,real,0.020167690938137417,10
shared5,17,0,1,29,perm,-0.00047683094642869683,10
shared5,17,0,2,11,real,0.028827626870704393,10
shared5,17,0,2,11,perm,0.0012401056376984965,10
shared5,17,0,2,29,real,0.03316493621832217,10
shared5,17,0,2,29,perm,-0.0005811563387452257,10
shared5,17,0,3,11,real,0.045111523037965506,10
shared5,17,0,3,11,perm,0.000388790697672059,10
shared5,17,0,3,29,real,0.05301988209408681,10
shared5,17,0,3,29,perm,-0.0013434694676397463,10
shared5,17,0,5,11,real,0.09069534754878994,10
shared5,17,0,5,11,perm,0.001896348750071386,10
shared5,17,0,5,29,real,0.09927761090269449,10
shared5,17,0,5,29,perm,-0.003142735577221112,10
shared5,17,0,8,11,real,0.09363816072222342,10
shared5,17,0,8,11,perm,0.003135796053597817,10
shared5,17,0,8,29,real,0.09842224626854312,10
shared5,17,0,8,29,perm,-0.0033056335462042785,10
shared5,17,1,1,11,real,0.01989069297628321,10
shared5,17,1,1,11,perm,-0.0014302539574893025,10
shared5,17,1,1,29,real,0.015955277154524605,10
shared5,17,1,1,29,perm,0.0007747421000778854,10
shared5,17,1,2,11,real,0.052728434733059215,10
shared5,17,1,2,11,perm,-0.0019936598690188934,10
shared5,17,1,2,29,real,0.055332647435424764,10
shared5,17,1,2,29,perm,-0.0008747442436340958,10
shared5,17,1,3,11,real,0.053643059653722736,10
shared5,17,1,3,11,perm,-0.0002429808471045014,10
shared5,17,1,3,29,real,0.06071851296640407,10
shared5,17,1,3,29,perm,-0.0017781376350580747,10
shared5,17,1,5,11,real,0.08752868354572074,10
shared5,17,1,5,11,perm,-0.0022835525565423342,10
shared5,17,1,5,29,real,0.0953147211608314,10
shared5,17,1,5,29,perm,-0.002329027218844981,10
shared5,17,1,8,11,real,0.09348506406593549,10
shared5,17,1,8,11,perm,-0.005338108936492114,10
shared5,17,1,8,29,real,0.10118643833305763,10
shared5,17,1,8,29,perm,-0.003740315384156645,10
shared5,17,2,1,11,real,0.09256843241820367,10
shared5,17,2,1,11,perm,-0.00141757161516054,10
shared5,17,2,1,29,real,0.09611393346947628,10
shared5,17,2,1,29,perm,-0.00036780061669139386,10
shared5,17,2,2,11,real,0.1345386822081821,10
shared5,17,2,2,11,perm,-0.0028164675233732783,10
shared5,17,2,2,29,real,0.14322164419768701,10
shared5,17,2,2,29,perm,-0.00044982132993065527,10
shared5,17,2,3,11,real,0.1514624743082833,10
shared5,17,2,3,11,perm,-0.003440324115698168,10
shared5,17,2,3,29,real,0.16108488223748085,10
shared5,17,2,3,29,perm,0.0002807976123280209,10
shared5,17,2,5,11,real,0.15745114295640283,10
shared5,17,2,5,11,perm,-0.006651777967707551,10
shared5,17,2,5,29,real,0.16995031467303867,10
shared5,17,2,5,29,perm,-0.0006013826132174049,10
shared5,17,2,8,11,real,0.1585616808669429,10
shared5,17,2,8,11,perm,-0.007665629042294064,10
shared5,17,2,8,29,real,0.17379725061179607,10
shared5,17,2,8,29,perm,-0.00405533866956409,10
shared5,19,0,1,11,real,0.02568163751276198,19
shared5,19,0,1,11,perm,-0.0003234053337248799,19
shared5,19,0,1,29,real,0.023329512371617955,19
shared5,19,0,1,29,perm,-0.0007735934953776447,19
shared5,19,0,2,11,real,0.085673706492435,19
shared5,19,0,2,11,perm,-0.00024394115203274502,19
shared5,19,0,2,29,real,0.085419280200565,19
shared5,19,0,2,29,perm,-0.0009596247902525779,19
shared5,19,0,3,11,real,0.11771700948964547,19
shared5,19,0,3,11,perm,-0.0010334668583180662,19
shared5,19,0,3,29,real,0.11543320200154994,19
shared5,19,0,3,29,perm,-0.0011130119897815316,19
shared5,19,0,5,11,real,0.13328377507778477,19
shared5,19,0,5,11,perm,-0.0014413346567332397,19
shared5,19,0,5,29,real,0.1283513140425504,19
shared5,19,0,5,29,perm,-0.0017806033092211404,19
shared5,19,0,8,11,real,0.14852669624483106,19
shared5,19,0,8,11,perm,-0.001419719442086631,19
shared5,19,0,8,29,real,0.14395642003190057,19
shared5,19,0,8,29,perm,-0.0025436671645870934,19
shared5,19,0,12,11,real,0.15527384476193995,19
shared5,19,0,12,11,perm,-0.0022490171273361614,19
shared5,19,0,12,29,real,0.1506304337541089,19
shared5,19,0,12,29,perm,-0.0034305436793529154,19
shared5,19,0,16,11,real,0.15817160801735497,19
shared5,19,0,16,11,perm,-0.0033461012560374037,19
shared5,19,0,16,29,real,0.15699413940427376,19
shared5,19,0,16,29,perm,-0.004620347089535626,19
shared5,19,1,1,11,real,0.02299422217504654,19
shared5,19,1,1,11,perm,-0.0005764570418653747,19
shared5,19,1,1,29,real,0.01962956107118241,19
shared5,19,1,1,29,perm,-0.00029532481356886464,19
shared5,19,1,2,11,real,0.046977168465080266,19
shared5,19,1,2,11,perm,-0.0012756943874709936,19
shared5,19,1,2,29,real,0.038622752120433756,19
shared5,19,1,2,29,perm,-0.00032261750632889274,19
shared5,19,1,3,11,real,0.08651847891681985,19
shared5,19,1,3,11,perm,-0.0018286930915534239,19
shared5,19,1,3,29,real,0.07943428717106094,19
shared5,19,1,3,29,perm,-0.000567196534127623,19
shared5,19,1,5,11,real,0.13727572629043494,19
shared5,19,1,5,11,perm,-0.0023576691211193435,19
shared5,19,1,5,29,real,0.13339264515419724,19
shared5,19,1,5,29,perm,-0.0019483520063832138,19
shared5,19,1,8,11,real,0.14891781778841284,19
shared5,19,1,8,11,perm,-0.003581286536301631,19
shared5,19,1,8,29,real,0.1482146855682024,19
shared5,19,1,8,29,perm,-0.002664788065038337,19
shared5,19,1,12,11,real,0.15586977415797,19
shared5,19,1,12,11,perm,-0.004948939784179096,19
shared5,19,1,12,29,real,0.15789554463025823,19
shared5,19,1,12,29,perm,-0.004588404886163522,19
shared5,19,1,16,11,real,0.1627041760926421,19
shared5,19,1,16,11,perm,-0.0059078273833998995,19
shared5,19,1,16,29,real,0.1669426826857241,19
shared5,19,1,16,29,perm,-0.0057538655998286,19
shared5,19,2,1,11,real,0.07940491798936011,19
shared5,19,2,1,11,perm,-0.00019271883656979405,19
shared5,19,2,1,29,real,0.07589907888470027,19
shared5,19,2,1,29,perm,-6.0337238530161486e-05,19
shared5,19,2,2,11,real,0.1197888731850345,19
shared5,19,2,2,11,perm,-0.0011028045907530704,19
shared5,19,2,2,29,real,0.11254363624004726,19
shared5,19,2,2,29,perm,-0.0003273339197000791,19
shared5,19,2,3,11,real,0.15309666884440554,19
shared5,19,2,3,11,perm,-0.0012291605197671807,19
shared5,19,2,3,29,real,0.1461141898891064,19
shared5,19,2,3,29,perm,-0.00040474457704831046,19
shared5,19,2,5,11,real,0.16325310056879527,19
shared5,19,2,5,11,perm,-0.001542860795997525,19
shared5,19,2,5,29,real,0.15657149830361716,19
shared5,19,2,5,29,perm,-0.001034851915428403,19
shared5,19,2,8,11,real,0.18436985914017612,19
shared5,19,2,8,11,perm,-0.0024621235277317854,19
shared5,19,2,8,29,real,0.17553534112945368,19
shared5,19,2,8,29,perm,-0.0017673564244906625,19
shared5,19,2,12,11,real,0.18659239534283123,19
shared5,19,2,12,11,perm,-0.003763576629673304,19
shared5,19,2,12,29,real,0.1778893108446965,19
shared5,19,2,12,29,perm,-0.003360782943896856,19
shared5,19,2,16,11,real,0.18664140885323433,19
shared5,19,2,16,11,perm,-0.004967686250776815,19
shared5,19,2,16,29,real,0.17631688440909765,19
shared5,19,2,16,29,perm,-0.004146417007119041,19
shared5,29,0,1,11,real,0.03999402765889226,22
shared5,29,0,1,11,perm,-8.740334406531769e-05,22
shared5,29,0,1,29,real,0.04070426627138357,22
shared5,29,0,1,29,perm,-0.00018011609093027126,22
shared5,29,0,2,11,real,0.06880739005697012,22
shared5,29,0,2,11,perm,-0.0003018258097680082,22
shared5,29,0,2,29,real,0.06925959037739982,22
shared5,29,0,2,29,perm,-0.00024481094802752956,22
shared5,29,0,3,11,real,0.08201854298034716,22
shared5,29,0,3,11,perm,-0.00047933067738348267,22
shared5,29,0,3,29,real,0.08001235589567413,22
shared5,29,0,3,29,perm,-0.00030279139619981965,22
shared5,29,0,5,11,real,0.09111744970325741,22
shared5,29,0,5,11,perm,-0.0008750110555504342,22
shared5,29,0,5,29,real,0.09072881830235202,22
shared5,29,0,5,29,perm,-0.0005882012611765353,22
shared5,29,0,8,11,real,0.10815110488910928,22
shared5,29,0,8,11,perm,-0.0019009716573191726,22
shared5,29,0,8,29,real,0.10821761937120244,22
shared5,29,0,8,29,perm,-0.0010056411940123633,22
shared5,29,0,12,11,real,0.12299659001633378,22
shared5,29,0,12,11,perm,-0.0025636068885431795,22
shared5,29,0,12,29,real,0.1219818616785392,22
shared5,29,0,12,29,perm,-0.0026031669888916253,22
shared5,29,0,16,11,real,0.125451692780154,22
shared5,29,0,16,11,perm,-0.0038128769003817897,22
shared5,29,0,16,29,real,0.12381950802243469,22
shared5,29,0,16,29,perm,-0.003286543761842564,22
shared5,29,1,1,11,real,0.031568146361899196,22
shared5,29,1,1,11,perm,-0.00023692032817335118,22
shared5,29,1,1,29,real,0.029638051139916355,22
shared5,29,1,1,29,perm,-0.0003289004233623105,22
shared5,29,1,2,11,real,0.07502108068791358,22
shared5,29,1,2,11,perm,-6.430792825506959e-05,22
shared5,29,1,2,29,real,0.07169557326209408,22
shared5,29,1,2,29,perm,-0.000687104838960173,22
shared5,29,1,3,11,real,0.1043660526738247,22
shared5,29,1,3,11,perm,-0.00044901363552218854,22
shared5,29,1,3,29,real,0.10507867821498273,22
shared5,29,1,3,29,perm,-0.0009491177586611332,22
shared5,29,1,5,11,real,0.13103422979675672,22
shared5,29,1,5,11,perm,-0.0006420231668919918,22
shared5,29,1,5,29,real,0.13095788714461354,22
shared5,29,1,5,29,perm,-0.001018884271063114,22
shared5,29,1,8,11,real,0.15326742472440358,22
shared5,29,1,8,11,perm,-0.0012313274034525534,22
shared5,29,1,8,29,real,0.15419342763808352,22
shared5,29,1,8,29,perm,-0.0018450283010789104,22
shared5,29,1,12,11,real,0.1655005171825683,22
shared5,29,1,12,11,perm,-0.002316989474407616,22
shared5,29,1,12,29,real,0.16455637232658327,22
shared5,29,1,12,29,perm,-0.0021973976199882728,22
shared5,29,1,16,11,real,0.17422976815223212,22
shared5,29,1,16,11,perm,-0.0033908397732723694,22
shared5,29,1,16,29,real,0.17372946360028418,22
shared5,29,1,16,29,perm,-0.003057861508254045,22
shared5,29,2,1,11,real,0.04287620982162632,22
shared5,29,2,1,11,perm,8.316455116164079e-05,22
shared5,29,2,1,29,real,0.04352125356444547,22
shared5,29,2,1,29,perm,-0.0007370676042701696,22
shared5,29,2,2,11,real,0.06617869233687379,22
shared5,29,2,2,11,perm,-0.00025418592127279815,22
shared5,29,2,2,29,real,0.06471238971878579,22
shared5,29,2,2,29,perm,-0.0010847361910960585,22
shared5,29,2,3,11,real,0.0915733813722105,22
shared5,29,2,3,11,perm,-0.000246976748128902,22
shared5,29,2,3,29,real,0.09553539417671031,22
shared5,29,2,3,29,perm,-0.0011366872586717758,22
shared5,29,2,5,11,real,0.12452081031991291,22
shared5,29,2,5,11,perm,-0.0005787779268500159,22
shared5,29,2,5,29,real,0.12654155965751934,22
shared5,29,2,5,29,perm,-0.0019246703027591128,22
shared5,29,2,8,11,real,0.1605746861304551,22
shared5,29,2,8,11,perm,-0.0010660395879033002,22
shared5,29,2,8,29,real,0.16462769857785975,22
shared5,29,2,8,29,perm,-0.0028598691592964798,22
shared5,29,2,12,11,real,0.17289120920816448,22
shared5,29,2,12,11,perm,-0.0010753180474967206,22
shared5,29,2,12,29,real,0.17789630693704983,22
shared5,29,2,12,29,perm,-0.003733241486548966,22
shared5,29,2,16,11,real,0.17819910887367219,22
shared5,29,2,16,11,perm,-0.0017759239066548194,22
shared5,29,2,16,29,real,0.18257127616279412,22
shared5,29,2,16,29,perm,-0.0048155323642510295,22
