q,Kc,Kw,seed,world,I,P,C,W
1,1,1,11,real,0.24381193938275642,0.08442894824159633,0.001761073234508942,-0.008770510653904651
1,1,1,11,permC,0.24388173360800555,0.08425937088053426,0.0001667777594159536,-0.008438881517657657
1,1,1,11,margin,0.23901540643463923,0.08262688856047026,0.0005885765082179472,-0.07026818149169914
1,1,1,11,both,0.2390086440847327,0.08262474712535597,0.00020894324723826535,-0.07023965659582093
1,1,2,11,real,0.24288967976057765,0.08818710012325767,0.0017891892277263344,-0.02904271001049723
1,1,2,11,permC,0.24294421274613195,0.08807541798936558,0.00018331946701016788,-0.028722655159873416
1,1,2,11,margin,0.23836016717022457,0.08994607236632894,0.0005857837325784302,-0.12624674084344628
1,1,2,11,both,0.23835495587775452,0.08993200651553984,0.00021084174330821914,-0.12621352467585856
1,1,4,11,real,0.240769205722728,0.0955472367365108,0.0015260157021071512,-0.09652906281382834
1,1,4,11,permC,0.2408337814218221,0.09545572045961997,0.00019401252062580437,-0.09593514138396969
1,1,4,11,margin,0.2376399572389628,0.09697588262690637,0.0005993487048385204,-0.25215394511956357
1,1,4,11,both,0.23764671731887813,0.0969503462734254,0.00022496374606359448,-0.25212017192148056
1,4,1,11,real,0.24364296648920528,0.08468516275165183,0.005765060505718742,-0.010590757654349792
1,4,1,11,permC,0.24386930915351546,0.08426027475777946,1.2114996857039609e-05,-0.00845115774519083
1,4,1,11,margin,0.23889152372768727,0.08262970403522737,0.0010339519739507492,-0.07023564666600976
1,4,1,11,both,0.23905438200542006,0.08263905411717706,0.00022180847811772983,-0.07020944141438056
1,4,2,11,real,0.2426596149900881,0.08852747120367134,0.005929862589149848,-0.03072627092072866
1,4,2,11,permC,0.2429419981253674,0.08807591615307137,6.953023274653783e-05,-0.028694057859111305
1,4,2,11,margin,0.23824345186544302,0.089939991687834,0.0010207378769725808,-0.12622462733909554
1,4,2,11,both,0.2384042104311325,0.08995990791503833,0.00018875573406411844,-0.1262182607345418
1,4,4,11,real,0.24041094908234484,0.09595061604336155,0.005389701707892686,-0.09848961107969773
1,4,4,11,permC,0.24084142078096044,0.09544683634132198,9.700583646073586e-05,-0.09588976153310902
1,4,4,11,margin,0.23754533579256928,0.09702287202769666,0.0010105450700965875,-0.2521555893943489
1,4,4,11,both,0.23768877988788498,0.09698243885813874,0.00023214568324796586,-0.25209564003373525
1,8,1,11,real,0.2438173692176192,0.08502486179246016,0.00882667864551855,-0.01089274756182724
1,8,1,11,permC,0.24391053804916188,0.08424610065530541,-0.00025044574594583013,-0.008437287028558005
1,8,1,11,margin,0.23898013932645093,0.0827055414045077,0.0007463697818771523,-0.07023757554827285
1,8,1,11,both,0.23899917825428826,0.08262786714381179,-7.275962282061546e-05,-0.07019334247801422
1,8,2,11,real,0.24291106044172028,0.0888107683626956,0.009073391634920417,-0.030946349922235345
1,8,2,11,permC,0.24296349824465474,0.08806332668094301,-0.00018125789850778617,-0.028668414530929935
1,8,2,11,margin,0.238314254759403,0.0899963079853076,0.0007287297529642578,-0.12623098215329337
1,8,2,11,both,0.23834911071988285,0.08993813035037386,-7.493467571427954e-05,-0.1261712841070155
1,8,4,11,real,0.24068046789221237,0.0962797265056159,0.008334518527807633,-0.09890840230706004
1,8,4,11,permC,0.2408808280146863,0.09542937361209888,-0.00014852263807056212,-0.09585885854820463
1,8,4,11,margin,0.23762804606457605,0.09707069758118324,0.0007156640748963253,-0.25216481707973865
1,8,4,11,both,0.23762145316532246,0.09695983379927553,-2.4014991686147985e-05,-0.2520411336713647
1,1,1,29,real,0.24148913887264525,0.08133134922862925,0.0017826457735028352,-0.0054950836108699505
1,1,1,29,permC,0.24137832206599455,0.08113011529738114,-0.000118654975482968,-0.005250925901184053
1,1,1,29,margin,0.23768959119947858,0.08566605273541918,0.00017538171136774472,-0.07609860311984055
1,1,1,29,both,0.23768028339999514,0.08568460939556075,4.595674513453255e-05,-0.07610312673279317
1,1,2,29,real,0.2406001314959209,0.08464009574204302,0.0018756040118936186,-0.027141561298637786
1,1,2,29,permC,0.24046601484965754,0.08449402963246382,-0.00010551564002998319,-0.026977222491889687
1,1,2,29,margin,0.2365786879815951,0.09295153525218769,0.0001803370454915021,-0.14289136957998785
1,1,2,29,both,0.23656742995926447,0.09297242764281616,5.815464841180117e-05,-0.14288865062378697
1,1,4,29,real,0.23860992148954752,0.09243660458892185,0.0016721594325096085,-0.09944660542886245
1,1,4,29,permC,0.23846036748594207,0.09225085647893129,-0.00010322495088055383,-0.09907653135358092
1,1,4,29,margin,0.23637741573022153,0.09656283719076292,0.00018817900654278613,-0.2604652247020009
1,1,4,29,both,0.23635346275789437,0.09659157006142784,6.190172588983281e-05,-0.2604666006293732
1,4,1,29,real,0.24157602621993587,0.08152337971895024,0.0060329168107917846,-0.007392999333555602
1,4,1,29,permC,0.24139193019596492,0.0811016377504532,-0.00025508524849421343,-0.005252803340846249
1,4,1,29,margin,0.2376923611691588,0.08568269509847712,0.0005425776560921969,-0.0759797532419614
1,4,1,29,both,0.23760593867132246,0.0856960123241185,-0.00015590269682090135,-0.0760833160365553
1,4,2,29,real,0.24064889240746098,0.0848021795426673,0.00625765471169539,-0.02890769735881062
1,4,2,29,permC,0.2404961806369167,0.08445379047574735,-0.0002188585664833024,-0.02695601258499396
1,4,2,29,margin,0.23658036381502204,0.09304487928994468,0.0006508791474506466,-0.14266917354487402
1,4,2,29,both,0.2365028588334169,0.09296847011876816,-0.00015086699533590575,-0.14287600212934137
1,4,4,29,real,0.2387885516504258,0.09278916610471497,0.00584023066554166,-0.10142672095580502
1,4,4,29,permC,0.23847566206286736,0.09222845220532924,-0.00019312919891832184,-0.09903188276826964
1,4,4,29,margin,0.2364023493829001,0.09670107202329263,0.000529377672260504,-0.26037237210312847
1,4,4,29,both,0.23625999779970874,0.0966067121218522,-0.0001032555083424295,-0.2604100877254122
1,8,1,29,real,0.24182219227495289,0.0816827513816276,0.009376285341039375,-0.007610385786353027
1,8,1,29,permC,0.24138195075375235,0.0811895421150363,-0.0005137163413835577,-0.005273896835067081
1,8,1,29,margin,0.2376490362379008,0.08569860586201583,0.000780325456414127,-0.0759566591831072
1,8,1,29,both,0.2376333125816267,0.08573666898589496,-0.00014418079670984924,-0.07604374753354012
1,8,2,29,real,0.2408720785396941,0.08493550145322142,0.009641989811331825,-0.0290841172422192
1,8,2,29,permC,0.24048835702042903,0.08452658585675107,-0.00046127996744307903,-0.026960896387285223
1,8,2,29,margin,0.23653431713699077,0.0930639960594531,0.0008730365293837712,-0.1426616699044086
1,8,2,29,both,0.23652076987625278,0.09300305924306557,-0.00018312502153589963,-0.14288041355263723
1,8,4,29,real,0.23901559713740797,0.09288553522813942,0.009089434842475172,-0.10173827176191652
1,8,4,29,permC,0.23843959687944521,0.09230852410817578,-0.0004109560402540679,-0.09901217201093687
1,8,4,29,margin,0.23638476522021432,0.09675819782172383,0.0008000129713778003,-0.2603163905454789
1,8,4,29,both,0.2363099722827386,0.09660015769089689,-0.000142806360264545,-0.26042179197443016
4,1,1,11,real,0.2639989018162453,0.04653047031273919,0.003898768037431906,0.037905639218443365
4,1,1,11,permC,0.2634270023204687,0.046073533525359256,-0.0006001429016884348,0.0385193526233748
4,1,1,11,margin,0.26813799638052105,0.02986710686457797,-0.0004663201251856504,-0.08936523792426403
4,1,1,11,both,0.26807343424785307,0.029877002397940243,-4.8850013881274183e-05,-0.08929258415075374
4,1,2,11,real,0.2540714487239017,0.053710792504078085,0.0040811297688969714,0.006953941858219764
4,1,2,11,permC,0.2536837660902275,0.05345076885409881,-0.000648259133777936,0.007337177299596635
4,1,2,11,margin,0.2591287320803402,0.03562892272070525,-0.00034842300099218365,-0.1529283660523726
4,1,2,11,both,0.25905221169452913,0.03568065527251746,-9.397341445773384e-05,-0.1530187328036322
4,1,4,11,real,0.2500161294881504,0.0512511060347008,0.0037579671424291523,-0.016559199368247457
4,1,4,11,permC,0.2494839688184519,0.051079342738511134,-0.0004635236834163355,-0.015668065850041164
4,1,4,11,margin,0.25068718118598976,0.04856580130969297,-0.0002842731182900645,-0.24722831016704583
4,1,4,11,both,0.2506564781863835,0.04863135348780685,-9.128687103336178e-05,-0.2473801402575832
4,4,1,11,real,0.26455694437463406,0.046588163886583045,0.005951375426720677,0.037800740070152695
4,4,1,11,permC,0.26342531236671707,0.045997617275624944,-0.00048770031730230307,0.038476651139691294
4,4,1,11,margin,0.26830384407661856,0.030018569934367356,-0.003734662865718071,-0.08943975298606582
4,4,1,11,both,0.2683768976291,0.030050326374668257,-0.0016842536856691013,-0.08928851916621008
4,4,2,11,real,0.2546650788981482,0.05378716772093234,0.006128314937164869,0.006843620488908223
4,4,2,11,permC,0.25369557230270606,0.053357628899169854,-0.0005401928005869434,0.007290099564717989
4,4,2,11,margin,0.2592848776958204,0.03573048046269176,-0.0035213010171744976,-0.15290741638982425
4,4,2,11,both,0.25945596113153935,0.03578127287318482,-0.0015682290643407593,-0.15285351979718376
4,4,4,11,real,0.25058512689338897,0.051616964120881875,0.005241485780139971,-0.017233187268116075
4,4,4,11,permC,0.2495177699000774,0.05091276684700152,-0.00037114620846824076,-0.015730832443162708
4,4,4,11,margin,0.2508003052211272,0.04864668484276356,-0.003208827236569215,-0.24695903660659432
4,4,4,11,both,0.2509265021377892,0.04864426386734662,-0.0016247993188074719,-0.24727418404902582
4,8,1,11,real,0.264805893752267,0.04606678217076779,0.009288390080614356,0.03851206291195209
4,8,1,11,permC,0.2631302485957113,0.045956877440826396,-0.001329992900368467,0.03853404510500219
4,8,1,11,margin,0.26790595368986114,0.02994631243243026,-0.004041138026797832,-0.08906528487906887
4,8,1,11,both,0.26817824370756566,0.03007425177887086,-0.0023639210265569977,-0.08907316126640613
4,8,2,11,real,0.255122825891613,0.053302137984752786,0.010093213503459653,0.008182827243108723
4,8,2,11,permC,0.25340506420718656,0.05336766113362187,-0.0009927506139446873,0.007737228299737303
4,8,2,11,margin,0.25885359294580845,0.03553605961077872,-0.0037796145219521253,-0.15248478662652518
4,8,2,11,both,0.25915708780968505,0.035675044913052484,-0.0023912569445893317,-0.15278152243674048
4,8,4,11,real,0.2506601322927531,0.05132634491706263,0.009018588486347196,-0.016081776374003133
4,8,4,11,permC,0.24928523666256683,0.05087466074785366,-0.000645382778598047,-0.015105382464915457
4,8,4,11,margin,0.25062544578493523,0.04847689184389163,-0.002944670494615627,-0.24601393659656404
4,8,4,11,both,0.25076590466744364,0.04859532458579886,-0.002128890625361794,-0.2468832501148883
4,1,1,29,real,0.25495985128974663,0.04006283756282216,0.004295472731606705,0.022616605644264192
4,1,1,29,permC,0.25505578879746393,0.03978988597319995,0.00013679794897053505,0.022200005784536864
4,1,1,29,margin,0.2727426020260471,0.03642814885607529,0.0002397738838524437,-0.07801044296034287
4,1,1,29,both,0.27294770832989557,0.03629376549216694,0.00020137364786980877,-0.0781101009108193
4,1,2,29,real,0.2446106418263919,0.047467012956347254,0.004118243679696931,-0.013356132130197594
4,1,2,29,permC,0.24480624471523205,0.047355761095901776,0.00028458084268364226,-0.01344772004430204
4,1,2,29,margin,0.25779567749268634,0.04366435574841028,0.00012194696993459803,-0.1596234393365933
4,1,2,29,both,0.25807416415669604,0.04365075585479186,0.00024624416909926894,-0.1595603998519224
4,1,4,29,real,0.24736747162179343,0.046232129674226186,0.003817269815775274,-0.02979826158955776
4,1,4,29,permC,0.24734960448879117,0.045931911377951926,0.00037252076663317935,-0.029500935715791012
4,1,4,29,margin,0.2548064148339634,0.04944772985121391,0.0003353490741432689,-0.29128217010826557
4,1,4,29,both,0.25499402171778074,0.04939215974367245,0.00025689434108217,-0.29142188255582047
4,4,1,29,real,0.2548776267173642,0.03998092606036621,0.00514809679764002,0.023228861444322697
4,4,1,29,permC,0.2550859816762794,0.03995561348204369,-0.0006477140969675572,0.022269048142279174
4,4,1,29,margin,0.27265067098689166,0.03642474658307621,-8.43700606715699e-05,-0.07796332188409702
4,4,1,29,both,0.27307309962540693,0.03642363583452339,-0.0003871559109868879,-0.07800709560661846
4,4,2,29,real,0.24454956783577433,0.047405559911603626,0.005327381056363026,-0.012387363019506305
4,4,2,29,permC,0.24487529925653698,0.0475553216275941,-0.0005343158351033643,-0.013413062318408645
4,4,2,29,margin,0.25758645374191813,0.04362887034465333,-0.00024135294715904587,-0.15961547423291708
4,4,2,29,both,0.25832566461377987,0.04377015545320412,-0.00037346985965423335,-0.15948857901761843
4,4,4,29,real,0.2473799492112014,0.046020178551886004,0.004657632814217716,-0.02919826685709013
4,4,4,29,permC,0.24759711948287613,0.04617015448931937,-0.0002582981730585854,-0.02927820025180238
4,4,4,29,margin,0.2547318583935567,0.04938546729941938,-7.948837125072253e-05,-0.2913257425328897
4,4,4,29,both,0.25529750505430077,0.049648070241435194,6.042864157875433e-05,-0.29092681339226634
4,8,1,29,real,0.25482778299611375,0.03994946603550137,0.009852368411809281,0.023315906812170578
4,8,1,29,permC,0.25488819271342167,0.03982145106013623,0.0002711984530209913,0.02241824532079098
4,8,1,29,margin,0.2725097212981004,0.03625531128812558,0.00025413519483192626,-0.07787594236305326
4,8,1,29,both,0.2730428678270636,0.03642509782213103,-0.0005725346543609955,-0.0778098962768651
4,8,2,29,real,0.24447377228232844,0.04721204422953809,0.010369956930609166,-0.011962013391581547
4,8,2,29,permC,0.24460404985726117,0.04742441900786577,0.0002064758643901543,-0.013441985990391868
4,8,2,29,margin,0.2576922595973045,0.04349064969000802,0.00012807997132073068,-0.15949716704889705
4,8,2,29,both,0.25821390575432845,0.04369911330927651,-0.0004607498675402536,-0.15919328095237695
4,8,4,29,real,0.24749661246619056,0.0463833997931418,0.009568953240693751,-0.028904172676935475
4,8,4,29,permC,0.24727152283661147,0.04607576599344629,0.0006708160215867601,-0.02911880142863377
4,8,4,29,margin,0.2548631856272268,0.049258145876464605,-0.00016225551241930153,-0.291659635408518
4,8,4,29,both,0.25527598261354234,0.049655115626917275,1.2474382824358642e-05,-0.2905921895778933
7,1,1,11,real,0.09811486658088985,0.11120286560203281,0.014416482077782308,0.07201019555256245
7,1,1,11,permC,0.09831103144754888,0.10959222097760085,0.0012559008613579798,0.07709912669858805
7,1,1,11,margin,0.09596110942672448,0.07804537460104816,-0.0009617476049961122,-0.08724235991406895
7,1,1,11,both,0.09621577267731643,0.07856414254039865,-0.0018840516332057171,-0.08738398673376635
7,1,2,11,real,0.09495920255005404,0.11767709224605721,0.014648613229432625,0.05704182259903013
7,1,2,11,permC,0.09510872524678123,0.11726581952893178,0.001435589600828522,0.06207831133287595
7,1,2,11,margin,0.09661808058968399,0.09636841154780273,-0.000543319612599578,-0.2165954820494642
7,1,2,11,both,0.09675732390489072,0.0970130449181775,-0.001855637307913438,-0.21712712253626584
7,1,4,11,real,0.09489625278775729,0.13105836855719155,0.015413227486355338,-0.058904854525214816
7,1,4,11,permC,0.09473537454310209,0.13178063711601223,0.0017605834958897837,-0.054307986153230445
7,1,4,11,margin,0.09581538522347101,0.1122297184278442,-0.000741149308325408,-0.3394377216617066
7,1,4,11,both,0.09597044894851679,0.11244153266078162,-0.0021455968999287882,-0.34006149204479785
7,4,1,11,real,0.09768459416113061,0.11387273600843942,0.01331836627710773,0.06694336918210059
7,4,1,11,permC,0.09839269016684807,0.10982909185010536,-0.001311194740327435,0.07757733674563341
7,4,1,11,margin,0.09596833060337821,0.07839202641691884,-0.0017592835072774147,-0.0876770975482569
7,4,1,11,both,0.09633445463572107,0.07830505567016921,-0.004057354822514431,-0.0865127349840654
7,4,2,11,real,0.09519187312589136,0.11998557781874374,0.014436841817626537,0.05286134061743675
7,4,2,11,permC,0.09522216751300144,0.11743254109013118,-0.0014804824427123349,0.06220754493806587
7,4,2,11,margin,0.09668485793152534,0.09678138663168144,-0.0011021354800579881,-0.2167914996488292
7,4,2,11,both,0.09688725877983755,0.09676004684501506,-0.0038908547461580785,-0.21611778503550083
7,4,4,11,real,0.0950204138205269,0.13242533796802514,0.014672848612925374,-0.06361394396843208
7,4,4,11,permC,0.09490560233946388,0.1319314029129794,-0.0006433360760245607,-0.05366660007641401
7,4,4,11,margin,0.09497538339146214,0.11281405818574977,-0.001800341002379681,-0.34013411508766755
7,4,4,11,both,0.09589880180156385,0.11234609833767518,-0.004340015963896456,-0.33921135616975584
7,8,1,11,real,0.0982498020552657,0.11712818313697396,0.021075014119183163,0.05444017743372384
7,8,1,11,permC,0.09866694318796562,0.10955492266714106,-0.0016060375698476645,0.07796001910951998
7,8,1,11,margin,0.09580729544191864,0.07984021931739414,-0.004558721913234651,-0.08731733969087506
7,8,1,11,both,0.0962800069434558,0.07806890394464785,-0.0049004944084945394,-0.08611924282816802
7,8,2,11,real,0.0955428824827146,0.12331085851267151,0.02572731431673592,0.04389197352609396
7,8,2,11,permC,0.09541770045448231,0.1173321907408033,-0.0017866564517498018,0.0625788961224352
7,8,2,11,margin,0.09651266069146437,0.09838121244283116,-0.00454670672377519,-0.21707687462920736
7,8,2,11,both,0.09671209473831709,0.09642999298823196,-0.0043672786681427656,-0.215357577215608
7,8,4,11,real,0.09495167255228958,0.13552907461805805,0.02791146724157378,-0.07063516493023583
7,8,4,11,permC,0.09482645247439692,0.1316933669176693,-0.0010730305884758633,-0.05341876939545851
7,8,4,11,margin,0.09465257213293009,0.11363682574737534,-0.003298273473981992,-0.33847285129593074
7,8,4,11,both,0.0959236621691194,0.11180953032554684,-0.004655547349530729,-0.3382902558135126
7,1,1,29,real,0.08436220574214984,0.12361128613182208,0.009005444830499854,0.06979731721067892
7,1,1,29,permC,0.08415832428097343,0.12130632078636432,-6.300598002739742e-05,0.07543181142775598
7,1,1,29,margin,0.08776566702693012,0.08796034247541983,0.00017220244398211126,-0.09699565358165987
7,1,1,29,both,0.08805371750447735,0.08804495060609308,0.00020136725060798666,-0.09699210515641042
7,1,2,29,real,0.08193630503096383,0.12949888144253405,0.008651838937010797,0.04929064227295192
7,1,2,29,permC,0.08184998876567434,0.1294142328225681,-0.0001208904854377949,0.055220857878107654
7,1,2,29,margin,0.08893025620685352,0.1004746119750179,-0.00011692965932811697,-0.19960085538557512
7,1,2,29,both,0.0892879472400826,0.10069283001296717,0.00037971762194611663,-0.1991298244856773
7,1,4,29,real,0.0817932635698623,0.1324473547710689,0.009288004568845237,-0.07838917470512091
7,1,4,29,permC,0.08192821317438037,0.13177126088162683,1.0935433237981503e-05,-0.07296329881312384
7,1,4,29,margin,0.08888423299604313,0.1173692492610707,-2.051922565021734e-05,-0.3273067085938827
7,1,4,29,both,0.08907942857073979,0.11717227629149836,0.00035452701915547613,-0.3269572787304535
7,4,1,29,real,0.08479188156748882,0.12496657667723926,0.018258110761548214,0.0652100083919318
7,4,1,29,permC,0.08451663469520737,0.12159546817126853,-0.0009818256601980635,0.07710302462393039
7,4,1,29,margin,0.0875579528624485,0.0884438836194,0.0004871018766571811,-0.09685230274752836
7,4,1,29,both,0.0882842882744764,0.08878439898703536,-0.002036407029059985,-0.09597502523429949
7,4,2,29,real,0.08209321393155218,0.13051848324573878,0.01785701970924556,0.04465584829539122
7,4,2,29,permC,0.08218211733356284,0.1297929158897399,-0.0012340226057921213,0.056697758634098386
7,4,2,29,margin,0.08870544745366972,0.100696447952807,0.0003774449908815758,-0.19927802933390898
7,4,2,29,both,0.08960047686191705,0.10095504036808421,-0.0018167470477888266,-0.19807143495363333
7,4,4,29,real,0.08240768937986748,0.13297276556839166,0.019804650038402528,-0.08171250398535909
7,4,4,29,permC,0.08271274797525943,0.13201240121916888,-0.0014809915215242553,-0.07186519289154103
7,4,4,29,margin,0.08845248379924713,0.11785645726645193,-0.00018409366171542874,-0.3276418316284915
7,4,4,29,both,0.08940268108120293,0.11776552720340186,-0.0015734735864818827,-0.3256304251343119
7,8,1,29,real,0.08427162099547761,0.12946088866086142,0.019721125686854163,0.05410227642475195
7,8,1,29,permC,0.08440157921022792,0.12146272727856063,-8.545814216881498e-05,0.07721941557493384
7,8,1,29,margin,0.08780022639358287,0.08909806125259459,-0.0003861489813891764,-0.09696222350751578
7,8,1,29,both,0.0886513449922157,0.0889679179713482,-0.003749366009138564,-0.09613380196493715
7,8,2,29,real,0.08220305157117372,0.13459791004183583,0.020297205884356295,0.03452528757801615
7,8,2,29,permC,0.08196846063043135,0.13008805185932398,-0.0005063718835583431,0.056645432789306366
7,8,2,29,margin,0.08898012701820336,0.10127144930707553,-0.00031071454031216433,-0.19920285876704377
7,8,2,29,both,0.08963657420193474,0.10089948852719327,-0.0027602521583262964,-0.1974607578147299
7,8,4,29,real,0.08176333986769856,0.13665828861969756,0.023002494534909757,-0.09108540638133766
7,8,4,29,permC,0.08248550529782708,0.1322962261805002,-0.00031343876684319916,-0.07147761670388576
7,8,4,29,margin,0.08859317909997322,0.11836449210781899,-0.0010496769860219024,-0.32774408485473905
7,8,4,29,both,0.08945589454853825,0.11751333590604413,-0.0024564101478694775,-0.3249591794462586
8,1,1,11,real,0.12958752994624173,0.09855355040489572,0.0006127991297182056,-0.052283152180209506
8,1,1,11,permC,0.12964645988701687,0.09818560065113975,0.0009567561005888643,-0.05234699466656056
8,1,1,11,margin,0.11483452754030568,0.10307917436763651,-0.002074497482546335,-0.10626894012262181
8,1,1,11,both,0.1147165883520423,0.10276406195389538,-0.001011456360284546,-0.10649894444435486
8,1,2,11,real,0.12906237138074805,0.11033420554098619,0.00037305845768658325,-0.08779584180927802
8,1,2,11,permC,0.1290892497829677,0.11001443353130871,0.0011114518592863867,-0.08746524786489993
8,1,2,11,margin,0.11357076260234261,0.11402921653215259,-0.0024023870485888055,-0.19531230215728146
8,1,2,11,both,0.11345059712157916,0.11368335275229104,-0.0009381939335650068,-0.1951411544862525
8,1,4,11,real,0.13154607583170458,0.11977921073209556,-0.00016166347369954887,-0.10479759082772297
8,1,4,11,permC,0.13192367612161576,0.11945412551377266,0.00082657810478536,-0.10421714870645978
8,1,4,11,margin,0.11313484705406132,0.11989176769008848,-0.0019110448943139013,-0.3611688307189026
8,1,4,11,both,0.11291847627862805,0.11950122173394344,-0.0010017853429161263,-0.3615526166114997
8,4,1,11,real,0.12931389298102902,0.09866607894000938,0.0029938262439728838,-0.05234371556181982
8,4,1,11,permC,0.12979421395257723,0.09798173529319645,0.00018991797984890807,-0.051642071473435025
8,4,1,11,margin,0.11444542668446589,0.103608744968032,-0.005607637629401742,-0.10726352024909132
8,4,1,11,both,0.11484274701031104,0.10264638582154118,-0.0014172649971867328,-0.10642440028980193
8,4,2,11,real,0.12901462336330077,0.11026076480346429,0.001546291000072151,-0.08906419976275744
8,4,2,11,permC,0.12918691921737296,0.10988157920313708,0.00024360558708510127,-0.08686133282323572
8,4,2,11,margin,0.11302471549720536,0.11482092521395527,-0.005047676881851176,-0.19541903197015792
8,4,2,11,both,0.11345582177651334,0.11337619354399094,-0.0015696279576541683,-0.19529223571888654
8,4,4,11,real,0.13115671078877775,0.11926380403472783,0.0027430801844286015,-0.10433443766545981
8,4,4,11,permC,0.13204328543770688,0.1194384215695126,-5.135080692729053e-06,-0.10357710057807237
8,4,4,11,margin,0.112831328239407,0.11996736607612175,-0.004536379679872369,-0.3612556054840752
8,4,4,11,both,0.11287429517010511,0.1194030617953972,-0.0017052564988451016,-0.36177573497597354
8,8,1,11,real,0.1290524548457462,0.09955650245605188,0.00795412946629186,-0.052676925274681416
8,8,1,11,permC,0.12941134295039228,0.09726628587293248,-0.0009146251874902477,-0.05082160074434368
8,8,1,11,margin,0.11350469768243404,0.10400925219353797,-0.007926744949939316,-0.10748079928251246
8,8,1,11,both,0.11524597870282298,0.10198275172263721,-0.0037403410181734895,-0.1064724133800526
8,8,2,11,real,0.1289719472940441,0.1112255467888768,0.00670263390580524,-0.08920136979220493
8,8,2,11,permC,0.12914610640687535,0.10936293411185885,-0.0002206776039615036,-0.08540060211785183
8,8,2,11,margin,0.11244570421556735,0.11537212734127514,-0.006648130810509244,-0.19491765761169957
8,8,2,11,both,0.11373697372364855,0.11252035436116357,-0.003596273440539375,-0.19504381827103565
8,8,4,11,real,0.13092212192350866,0.12007605787873542,0.008322346713079418,-0.10404868407198957
8,8,4,11,permC,0.13193519024490855,0.11898461779064863,-0.0008063335478292002,-0.10245328514877834
8,8,4,11,margin,0.11202395751433533,0.11991946432431215,-0.0063016291635366135,-0.360919026680623
8,8,4,11,both,0.11321005313990425,0.11917725284586482,-0.003243943721948861,-0.36103935926834124
8,1,1,29,real,0.12531256364887397,0.125964164778473,0.0011681791257444618,-0.04603977185840989
8,1,1,29,permC,0.12547112528219315,0.12588264918476605,0.00034228441846790675,-0.04631175840530299
8,1,1,29,margin,0.12467682073797898,0.12493622989438825,0.0011496089699354153,-0.12439795599565999
8,1,1,29,both,0.12492107471761336,0.12469972124228895,-2.5188270024021687e-05,-0.12447251689394064
8,1,2,29,real,0.12410949911921473,0.14248065714127833,0.0015490617120842893,-0.08468066630844025
8,1,2,29,permC,0.1242050456541338,0.14261132192371448,0.0005684729019696244,-0.08510734695817145
8,1,2,29,margin,0.12442221611529412,0.12889830374952188,0.0012864309874240087,-0.20411443207329474
8,1,2,29,both,0.1246254202335805,0.12893415341638248,9.276563904394206e-05,-0.20420786107999603
8,1,4,29,real,0.12286509369481417,0.1489543416043353,0.0010242652390277753,-0.10860859476418812
8,1,4,29,permC,0.12295618168706185,0.14925945050108658,4.514205322488554e-05,-0.10903380978960757
8,1,4,29,margin,0.12269994388394799,0.16513346410240368,0.0011189370786081343,-0.35324175354326526
8,1,4,29,both,0.12247679554101176,0.165044690848028,7.551428454965114e-05,-0.353184939995645
8,4,1,29,real,0.1253741857711827,0.12672766919265427,0.0013261189661563644,-0.04678506436583681
8,4,1,29,permC,0.12558744855915405,0.12614502599875627,-0.0004228520329057813,-0.04626889960887424
8,4,1,29,margin,0.12476297260094696,0.12490778140596354,0.001049193170507991,-0.12456246600492688
8,4,1,29,both,0.1251843290407545,0.12555969438877948,-0.002433555591806339,-0.12451041735390828
8,4,2,29,real,0.1236969247636805,0.14284169539009522,-0.0003022021883049564,-0.0874351625566683
8,4,2,29,permC,0.12424940511629029,0.14312562104745796,-0.00033306240819889566,-0.08520088702053753
8,4,2,29,margin,0.12452045161694521,0.12900782796843752,0.0012885097367303366,-0.2041764475338279
8,4,2,29,both,0.12480413701871453,0.129687433546819,-0.001985005222500502,-0.2039151650797258
8,4,4,29,real,0.1231028302764474,0.15057004491778156,0.0009745533769824251,-0.1095615389740723
8,4,4,29,permC,0.12298502557842043,0.14982644332746153,-0.0009370379668441805,-0.1092079945618742
8,4,4,29,margin,0.12277860936381511,0.16486097209484288,0.0008571510622472263,-0.35356763376946565
8,4,4,29,both,0.12252641237250514,0.16580369140644644,-0.0025909274555195776,-0.35348091487389943
8,8,1,29,real,0.12528071886798955,0.12872764511347562,0.004031344139321611,-0.04652297072666564
8,8,1,29,permC,0.12505806129367533,0.12708759321733976,-0.0035669383764254385,-0.04569342880903076
8,8,1,29,margin,0.1243593872082676,0.12508419801532392,-0.001131810025927077,-0.12465290862883215
8,8,1,29,both,0.1250312791879947,0.12643128412667295,-0.005364837918264124,-0.12430174648595141
8,8,2,29,real,0.12300825887757633,0.1440267017763964,0.0006183620632369731,-0.08895772983912047
8,8,2,29,permC,0.12357897537495041,0.14393028099213934,-0.0032313460424875837,-0.08437961351146309
8,8,2,29,margin,0.12400465506255554,0.12882253781528635,-0.0004377967130688535,-0.2038121934110973
8,8,2,29,both,0.12470904035910418,0.13024456414376345,-0.0048184582988533104,-0.20360866496166394
8,8,4,29,real,0.1228693913179137,0.1518668323178497,0.00229391352316353,-0.11068531036188528
8,8,4,29,permC,0.12283429603226337,0.1510244937393838,-0.00377680903383093,-0.10832820848549779
8,8,4,29,margin,0.12238117341414873,0.16498109494606383,-0.000364185290529756,-0.35269840954971277
8,8,4,29,both,0.12208822537180634,0.16621782767977708,-0.004615856311250435,-0.35236589053521566
13,1,1,11,real,0.3121020795985833,0.11755876385476517,0.002178451409722855,-0.014451084029792893
13,1,1,11,permC,0.31211539672267563,0.11767376303518326,1.1966991813328047e-05,-0.014499180323850261
13,1,1,11,margin,0.3045227194777165,0.12262705685063201,6.635450163529807e-05,-0.0287632902468891
13,1,1,11,both,0.30453576302611174,0.12264126707184156,-5.338538125223183e-06,-0.028751833027111234
13,1,2,11,real,0.3126864066202165,0.12140771837494144,0.002177141986568154,-0.04398374161590112
13,1,2,11,permC,0.3127143214810256,0.12160582128000262,-3.125690954910072e-05,-0.044073752388166215
13,1,2,11,margin,0.2989999122794598,0.12151294312992256,4.431441356336774e-05,-0.07121348446021278
13,1,2,11,both,0.2990419567971648,0.1215077328188006,-7.816220295081552e-06,-0.07118246483453285
13,1,4,11,real,0.3141722744818544,0.11872153334737925,0.00204653022044098,-0.0849900041072936
13,1,4,11,permC,0.314295018264357,0.1189024820633757,-1.644247998761061e-05,-0.08493458868387004
13,1,4,11,margin,0.30115589148294275,0.12591750455677997,-4.9109761073908485e-05,-0.13063546084545927
13,1,4,11,both,0.3011990479378951,0.12589427103228018,6.48584350342966e-05,-0.13043834238981267
13,4,1,11,real,0.31177459073783675,0.11816565362616148,0.004145524653771372,-0.015430129990187585
13,4,1,11,permC,0.31212192382116294,0.11761359804722803,6.281674992076697e-05,-0.014474700516877853
13,4,1,11,margin,0.30430616061507165,0.12281073735054467,0.00019674657870561812,-0.028903159997506523
13,4,1,11,both,0.3046433423357896,0.12260137610709064,-0.00013188414345689328,-0.02874312709026793
13,4,2,11,real,0.3122517349509932,0.12200426262940625,0.004140390011425132,-0.04496661279548736
13,4,2,11,permC,0.31271834637411977,0.12157377171288128,5.523561233281017e-05,-0.04401362981741934
13,4,2,11,margin,0.29887484929731156,0.12168336013517606,5.955949576100242e-05,-0.07146850120570289
13,4,2,11,both,0.2991421788570269,0.12145729120817848,-0.00010794268374456072,-0.07114733975580734
13,4,4,11,real,0.31381653310056634,0.11913679761898627,0.004550611545744866,-0.08543204198643292
13,4,4,11,permC,0.31425971792779167,0.11885297579764734,2.6425965559712106e-05,-0.08491809018945774
13,4,4,11,margin,0.300951630803279,0.12611807393592572,4.4298154657719996e-05,-0.1308123147574154
13,4,4,11,both,0.3012447536192239,0.1258558514334941,-4.418178507049435e-05,-0.1304121310677425
13,8,1,11,real,0.31220225644646815,0.11840392320150939,0.004647538979651921,-0.01601484775899842
13,8,1,11,permC,0.31206557760323617,0.11765900933659441,-0.0002995786714840761,-0.014433668516575163
13,8,1,11,margin,0.3044796697882062,0.12292658979443767,0.00031529815033995434,-0.02907405562613651
13,8,1,11,both,0.30475982056513784,0.12260896926052449,-0.00048396808702483307,-0.028668480245723438
13,8,2,11,real,0.31258202350577136,0.122259834278887,0.004759762914902247,-0.04543397198670162
13,8,2,11,permC,0.31265197978287584,0.12162271724194602,-0.00030256551628849804,-0.04396800352433312
13,8,2,11,margin,0.29906131465910024,0.12185488092393922,6.805850798566326e-05,-0.07174944939374256
13,8,2,11,both,0.299237684060633,0.12147073382370119,-0.0004515249504057628,-0.07106419123435612
13,8,4,11,real,0.3140760548799272,0.11933236657066351,0.004929715712273426,-0.08613966991459573
13,8,4,11,permC,0.31420559236585055,0.11890231550767429,-0.0002661613934222725,-0.0848072501267322
13,8,4,11,margin,0.30125012668091444,0.12633719919421715,1.699202292603416e-05,-0.13112906808941138
13,8,4,11,both,0.3013447056317032,0.12586746815975075,-0.0003034386433467354,-0.13024465713790628
13,1,1,29,real,0.3086125371196703,0.11744766016559659,0.001417380608899362,-0.012356786440199368
13,1,1,29,permC,0.3085056261193043,0.11780964454115357,-0.0003650723277399218,-0.012404185251487648
13,1,1,29,margin,0.3045910287918861,0.12232090083833913,-2.3682536368789066e-05,-0.031294559115238506
13,1,1,29,both,0.3045651949527708,0.12250857294082915,-0.00017311915249926257,-0.03132868002083301
13,1,2,29,real,0.3092211560687819,0.1217857879665869,0.0012782293785082444,-0.04409066568224285
13,1,2,29,permC,0.3091106598522466,0.12213662159805545,-0.00035588721708142607,-0.04398972815248151
13,1,2,29,margin,0.30312455495559876,0.12187524055104969,-7.632373796079284e-05,-0.0745694959073312
13,1,2,29,both,0.3031055807849095,0.12205559606172557,-0.00016482859503949565,-0.07454268505387393
13,1,4,29,real,0.30965058308501014,0.11862093104536511,0.0012174398621479323,-0.07677234587438703
13,1,4,29,permC,0.3097618120557227,0.11894498285233192,-0.00040053926419399605,-0.07665527087537795
13,1,4,29,margin,0.30533522237966537,0.12112590020243465,-1.5192102485276728e-05,-0.147765889806517
13,1,4,29,both,0.30529064191902444,0.12126995345109515,-0.00018596239284410232,-0.14782134438633984
13,4,1,29,real,0.3086323826661939,0.11799869738514873,0.0033810587987574323,-0.013353197689905975
13,4,1,29,permC,0.30850750889052214,0.1178221445984524,-0.000670414978006147,-0.012393550579737678
13,4,1,29,margin,0.3046165991823143,0.12238794404315455,0.0006790959100935468,-0.0312778009883602
13,4,1,29,both,0.3046232770724151,0.12245808184942618,-0.00021656993424759571,-0.031257108804920615
13,4,2,29,real,0.30934263989202526,0.12227991018052205,0.003346020298945679,-0.04498296420137009
13,4,2,29,permC,0.3091055012053556,0.12214449696934031,-0.0006426988719368069,-0.043960562485320695
13,4,2,29,margin,0.3031313637976503,0.12195287422990408,0.0005231333168085051,-0.07465605917214593
13,4,2,29,both,0.3031029532995044,0.1220145854577038,-0.0002305096919140437,-0.07449334415308775
13,4,4,29,real,0.3096075219157716,0.11906208128763114,0.003753783286811632,-0.077196091889288
13,4,4,29,permC,0.30974176438025725,0.11896481842805932,-0.0006688040554015949,-0.07660755834456935
13,4,4,29,margin,0.30533777820802277,0.12122121801161397,0.0005052119057548654,-0.14793150611786088
13,4,4,29,both,0.3053107231886772,0.12122226914555013,-0.00023511812813134522,-0.14775547812396636
13,8,1,29,real,0.30839290068491926,0.1180571478820943,0.005675030781727014,-0.013736910895884477
13,8,1,29,permC,0.30857521407769317,0.11781407204780511,-0.0007311422332402321,-0.012381831963044255
13,8,1,29,margin,0.30452018978520906,0.12243689722318854,0.0010364802662815586,-0.03157308730866652
13,8,1,29,both,0.3046231540953951,0.12253958060695606,-0.0007005633157333621,-0.031215696960202106
13,8,2,29,real,0.3091127798716124,0.12242154578362752,0.005639142386949976,-0.04536752730231388
13,8,2,29,permC,0.3091716485921719,0.12215983428102083,-0.000733230771527917,-0.0439786485129843
13,8,2,29,margin,0.3030810607955667,0.12193567915274549,0.0009363613943445446,-0.07489550177110421
13,8,2,29,both,0.3030682365907542,0.12208607401874745,-0.0007247923803505493,-0.07446222161531998
13,8,4,29,real,0.30925928732246477,0.11937747241791685,0.006055255250079125,-0.0775723051149686
13,8,4,29,permC,0.30975128263827684,0.11890268207381731,-0.0007282657237081083,-0.07659457414094836
13,8,4,29,margin,0.30519823849918915,0.12118992722335327,0.0007521672833380085,-0.14833722141677208
13,8,4,29,both,0.30527217079659175,0.12126114301040423,-0.0006197132808521781,-0.14761466805048293
17,1,1,11,real,0.19025849308354925,-0.03172408292313371,0.007243614301264688,-0.09094661312339238
17,1,1,11,permC,0.18969094220824176,-0.032682472437484594,-0.0023098720606194905,-0.09313709347634655
17,1,1,11,margin,0.1789466278021642,-0.003832133384491518,-0.0006726904129114308,-0.1028068592129869
17,1,1,11,both,0.17924915204543854,-0.004213386778110034,-0.002019194959246786,-0.10201046700605967
17,1,2,11,real,0.1903258570930692,-0.01931928104791314,0.003782572319021552,-0.10716328068399301
17,1,2,11,permC,0.19016514941886006,-0.01964457275666526,-0.001950478397243142,-0.10553332539132769
17,1,2,11,margin,0.17258252485349226,0.003738806610639976,0.00044540990392374913,-0.20184271150044572
17,1,2,11,both,0.1725735151759961,0.0035496079093274473,-0.0018188396117273427,-0.20196406426283423
17,1,4,11,real,0.17545376877158797,-0.01508571484477933,0.006847235265839967,-0.29045120091021204
17,1,4,11,permC,0.17572090412777236,-0.015262420421834448,-0.0020512821480323613,-0.2919867123151544
17,1,4,11,margin,0.16749071263566245,0.016780391739979535,-0.00015016989139440828,-0.28306472219980283
17,1,4,11,both,0.16719608393624594,0.016559394820537244,-0.0013832520662151366,-0.282154907621361
17,4,1,11,real,0.18813823407810662,-0.030329440055829535,0.009785300980400518,-0.09123729273381784
17,4,1,11,permC,0.1890076021945216,-0.0316477509487412,-0.0075915685656271215,-0.09367578161329522
17,4,1,11,margin,0.17768348315781984,-0.0026919739831037792,-0.0015247994911495681,-0.10326701022672548
17,4,1,11,both,0.17911294342675335,-0.004363617695010102,-0.0030717070089192424,-0.10163723790289676
17,4,2,11,real,0.187950769922268,-0.01753693006316316,0.005503877988466863,-0.10827434130410898
17,4,2,11,permC,0.18962628026248393,-0.018983093854873383,-0.0071176973818065275,-0.10595753600783214
17,4,2,11,margin,0.17106201458403175,0.004616081244804531,-0.0007639249071401029,-0.20266008824700998
17,4,2,11,both,0.17289893651453014,0.0033516377111609532,-0.0016711336282021945,-0.2003906171264737
17,4,4,11,real,0.1743852413906108,-0.015247685285521593,0.010155144295407082,-0.2899756581702062
17,4,4,11,permC,0.17490297493394888,-0.014974619439791632,-0.005428241328504613,-0.29062066312756774
17,4,4,11,margin,0.166108679241781,0.01753940337309013,-0.000931079489628996,-0.28345367373353786
17,4,4,11,both,0.16694503152288237,0.016137721138517552,-0.0026822916179245018,-0.28202820602023493
17,8,1,11,real,0.1887264803277608,-0.03021538212699235,0.014386552655329296,-0.09047756284849405
17,8,1,11,permC,0.18895183468128257,-0.03163488835790634,-0.010783621722621595,-0.09402619964435277
17,8,1,11,margin,0.17726918231727115,-0.0018267256176815183,-0.000281367157285763,-0.1038950892051263
17,8,1,11,both,0.17934444153682813,-0.004614740666699545,-0.004405537167691977,-0.10185878254784006
17,8,2,11,real,0.18826656208734477,-0.018476259053379965,0.010167644501355913,-0.10745209658082494
17,8,2,11,permC,0.1895941169017258,-0.018781301714811825,-0.010264408058921029,-0.10626261155900969
17,8,2,11,margin,0.17084173889855608,0.004863558680207797,0.0007452053938037846,-0.20302246925833076
17,8,2,11,both,0.17328003071248443,0.003262991478428715,-0.003032758962250581,-0.20063995694669265
17,8,4,11,real,0.1748833391680739,-0.015303007021224838,0.013331933501866825,-0.2906403907533515
17,8,4,11,permC,0.175229487530704,-0.014303012980604178,-0.007826748038936886,-0.29017753471206303
17,8,4,11,margin,0.16580007745163441,0.01823252195071413,0.001197785424551595,-0.2831963201316219
17,8,4,11,both,0.16708283506925942,0.015815415358712354,-0.0035567423100003968,-0.2817903711984814
17,1,1,29,real,0.18960691701748378,0.007635134703536189,0.00242567314183618,-0.08599276996759703
17,1,1,29,permC,0.18842507981718618,0.006573519347742769,-0.00038130012711821515,-0.08782978690565864
17,1,1,29,margin,0.173536868446403,0.007310582154396977,-0.0016973255152539315,-0.12037105337347175
17,1,1,29,both,0.1731424703405714,0.0070575882720731635,-0.0003786301660851551,-0.12044621798991412
17,1,2,29,real,0.1906265839742932,0.014339344728450016,0.0003853965649320834,-0.13755051808078045
17,1,2,29,permC,0.19007783184399152,0.013477434302691993,-0.0003193676426865114,-0.13728532595750628
17,1,2,29,margin,0.16605469331205452,0.013353324759051422,-0.001485504132520271,-0.24437110012069216
17,1,2,29,both,0.16577731480931654,0.012954343458326967,-0.00044134705710245176,-0.24472080301088547
17,1,4,29,real,0.17313132039687107,0.02345316398305436,0.0012992575026093596,-0.20894055857670416
17,1,4,29,permC,0.17262809220125505,0.022532398221788992,-0.00035804497051749223,-0.20962790471893822
17,1,4,29,margin,0.15865425770358582,0.029696039200043774,-0.0008402123351696671,-0.3465956496771886
17,1,4,29,both,0.15795872390364585,0.02952639370067931,-0.000299525720160269,-0.34744882302779034
17,4,1,29,real,0.18886684553658248,0.008106320217426966,0.008076496950877532,-0.08505121575826999
17,4,1,29,permC,0.1881756744138631,0.007051247737899974,-0.0006476744922412624,-0.08756155298971066
17,4,1,29,margin,0.17295489768878497,0.007683847443256091,-0.0026567072597187733,-0.1199565487714334
17,4,1,29,both,0.1727733228468861,0.0072761813154738515,-0.0026456697003540046,-0.12037770626837167
17,4,2,29,real,0.18980323778697614,0.014973632168269385,0.0031919998692355087,-0.13945318437619136
17,4,2,29,permC,0.18979497958274638,0.014500406410521055,-0.0010582704535081382,-0.13748962048725688
17,4,2,29,margin,0.16564708675116643,0.013642067859079066,-0.0027289170846950634,-0.24424062672636374
17,4,2,29,both,0.16569920814324646,0.013214505730293636,-0.002384612792727438,-0.24432851749069917
17,4,4,29,real,0.17291734753179683,0.023884959857405064,0.005059987130146335,-0.2098890985488815
17,4,4,29,permC,0.17297605775830655,0.02316593601892806,-0.000984194795716209,-0.2097194462630659
17,4,4,29,margin,0.15848565163770645,0.030150446903779528,-0.0019270252822730094,-0.34630857627778866
17,4,4,29,both,0.15764842246759914,0.029618684912002025,-0.0025878332532346298,-0.34740157930505333
17,8,1,29,real,0.18861333775302883,0.009071129602296307,0.009113436032802985,-0.0861633226164901
17,8,1,29,permC,0.1877755203840246,0.007942204909356088,-0.004683322741074997,-0.08693992074978878
17,8,1,29,margin,0.17272906415694564,0.008151812237823963,-0.004513518201880358,-0.1198368745358321
17,8,1,29,both,0.17307517907849204,0.0074968287619665095,-0.003480820748251743,-0.12017412792534408
17,8,2,29,real,0.1892756228480819,0.01589183432734691,0.005334092494572275,-0.13946013769100013
17,8,2,29,permC,0.18914056251972627,0.015012780422478389,-0.005130633886576881,-0.13690470343157002
17,8,2,29,margin,0.1653341335921013,0.013860027839939568,-0.004093989098337071,-0.24362921356224287
17,8,2,29,both,0.1657569452275214,0.013187685950623085,-0.003224230537077118,-0.24412940584412354
17,8,4,29,real,0.1721986078012504,0.024544014260202925,0.00728738147441472,-0.20981075014475867
17,8,4,29,permC,0.17281483353949162,0.023482530099006332,-0.004008422707083449,-0.20808639368567752
17,8,4,29,margin,0.1579620436306552,0.0303965394682624,-0.002556635838011828,-0.3449617016557646
17,8,4,29,both,0.15781425491869255,0.029490101676921877,-0.003839397192986556,-0.34761441385388
19,1,1,11,real,0.15431810399000398,0.11177152049948035,0.002597030369827067,0.009980278008079796
19,1,1,11,permC,0.15434052443029217,0.1115835517493515,2.5560856869333286e-05,0.009943217671871302
19,1,1,11,margin,0.1647136437826605,0.11110083005300542,-9.237968143935293e-05,-0.04659308380455234
19,1,1,11,both,0.1647712122228588,0.11113131017908516,-0.0004793112048783465,-0.046538118308087524
19,1,2,11,real,0.15386647333327688,0.11258817246621598,0.002234238991339075,0.0018372933208340714
19,1,2,11,permC,0.15388081031182121,0.11229802665455625,-7.569113549506706e-06,0.002129894392694731
19,1,2,11,margin,0.16210590925467966,0.11445534989182944,-9.051082607667665e-05,-0.09821469295582598
19,1,2,11,both,0.1622117564103616,0.11446548854343556,-0.0004535651880071637,-0.09813585029785266
19,1,4,11,real,0.15388592904284654,0.12121615467110043,0.0020131461979965106,-0.01970580505697539
19,1,4,11,permC,0.15384053897469196,0.12077383450720058,0.0001063777621923741,-0.019078164316030283
19,1,4,11,margin,0.15935473146875445,0.11942524255836891,-2.95605849831478e-05,-0.2185211703641928
19,1,4,11,both,0.15953475944053008,0.11947171693071953,-0.00034612119464624835,-0.2183958339539521
19,4,1,11,real,0.15402840618286673,0.11222477441844851,0.007935610865673301,0.009610389688877239
19,4,1,11,permC,0.15449492647391022,0.11154590432490484,-0.0004717344038674317,0.009975626389090228
19,4,1,11,margin,0.16467469737038876,0.11125508238365178,-0.0011715439562444048,-0.0465276134632139
19,4,1,11,both,0.1647493403401836,0.11129220588904931,-0.0008229375399960992,-0.04655526424708518
19,4,2,11,real,0.15354827680097827,0.11307544456709745,0.007552185358344445,0.00144677087279065
19,4,2,11,permC,0.1540366326924374,0.11226937255125859,-0.00047842582979364573,0.0021887416544062828
19,4,2,11,margin,0.16205748414102988,0.11464983604242013,-0.0012136653013792946,-0.09819321281498511
19,4,2,11,both,0.16221960929135623,0.11458911023151039,-0.0008418480757586833,-0.09819765278948407
19,4,4,11,real,0.15369970214028378,0.12195794279716292,0.006079347292454221,-0.02134807277756647
19,4,4,11,permC,0.15397210226533542,0.12066629588822896,-0.0004633489047182471,-0.019118187004985212
19,4,4,11,margin,0.1594667219980738,0.11974067628306857,-0.000961201191957158,-0.21830817635502334
19,4,4,11,both,0.15960500887260126,0.11959101829846006,-0.0006537775853783049,-0.21837700994856402
19,8,1,11,real,0.15434392189456658,0.11276974936360641,0.011437441677267447,0.008109138695813284
19,8,1,11,permC,0.15448146713348768,0.11165240358224571,-0.0014098355379441874,0.010012790790103965
19,8,1,11,margin,0.1647879117761912,0.11136754497753681,-0.0020869087219665314,-0.04658540425269962
19,8,1,11,both,0.16468264813455513,0.11145369560137655,-0.001008500817986674,-0.04650382096764639
19,8,2,11,real,0.15385097273627732,0.11367176801307971,0.010898498316067335,-0.00020999797414456012
19,8,2,11,permC,0.15399536108180242,0.11236752923866468,-0.0014053563137080005,0.002237076705582421
19,8,2,11,margin,0.1622168593271186,0.11475942657619154,-0.001967967527056358,-0.09808994106442577
19,8,2,11,both,0.16216417000350433,0.11472278545330311,-0.0009959502037767871,-0.09811474836007282
19,8,4,11,real,0.15415569665167075,0.1223063446198709,0.008705301960815572,-0.023725199913863217
19,8,4,11,permC,0.15393424428922742,0.1207057282319825,-0.0014359509758773796,-0.019115523541053853
19,8,4,11,margin,0.15957114090706886,0.11985362374336084,-0.0015560346648808474,-0.2180454358517106
19,8,4,11,both,0.1595050760464029,0.11974302830051503,-0.0008729329314548506,-0.21835915873721123
19,1,1,29,real,0.14834073800805214,0.1226008290460236,0.0031380931658737767,0.0071112210304180665
19,1,1,29,permC,0.14820730741114757,0.12222755357640046,-0.0002704696084081063,0.007099480429864755
19,1,1,29,margin,0.14286079647310218,0.12003327041290449,-0.0006206834923143851,-0.055843038576901385
19,1,1,29,both,0.1428947654506469,0.1200212372807906,-0.00027114962802385345,-0.05591669161306141
19,1,2,29,real,0.14657074325800779,0.12340872129476413,0.0027168372273789765,-0.008805554900610302
19,1,2,29,permC,0.14654985626167066,0.12313806907164163,-0.0002737041050236422,-0.008399274059284348
19,1,2,29,margin,0.1394546555578322,0.1215695452902281,-0.0005471571086397009,-0.09842487619081808
19,1,2,29,both,0.1394454697379029,0.12155617909443155,-0.00025328587734786223,-0.0985541918599768
19,1,4,29,real,0.14797418176720786,0.1275424771633163,0.0024755722628640267,-0.0380882202299729
19,1,4,29,permC,0.14790138874591796,0.12724229180957308,-0.00030967905146978003,-0.03747664937057814
19,1,4,29,margin,0.13847292607658673,0.12295316192887476,-0.00047463741520041103,-0.20685517731348704
19,1,4,29,both,0.1384849406117359,0.12291351146891846,-0.00020431799837758446,-0.20700804479711477
19,4,1,29,real,0.14837680317790197,0.12317249450704923,0.006083582072189175,0.006620964263685155
19,4,1,29,permC,0.14815219259591367,0.1222753558832407,-0.0005647788695293161,0.007135841236808096
19,4,1,29,margin,0.14290989710376045,0.12013787907288151,-0.0003318676029692713,-0.05552274329555921
19,4,1,29,both,0.14289850330138235,0.12000917762262373,-0.00042958727601794905,-0.0558666283195257
19,4,2,29,real,0.14675092857117006,0.1240406370416253,0.005849750772751683,-0.009108387028285906
19,4,2,29,permC,0.1464942637283723,0.12318459659490785,-0.0005301519674827578,-0.008325051853678916
19,4,2,29,margin,0.13951968093259998,0.12178923326655373,-0.00032710234775788305,-0.0981733420379392
19,4,2,29,both,0.1394061762101251,0.12144562560571398,-0.00030988795192995094,-0.09840229299302908
19,4,4,29,real,0.1481581677384785,0.1281297212505956,0.00403334742861743,-0.03996619073726781
19,4,4,29,permC,0.14794491015999178,0.12722319196568813,-0.0005541714203552057,-0.037390471671399014
19,4,4,29,margin,0.1386262975342062,0.1232208631377281,-0.0003028594733291516,-0.20665191997961874
19,4,4,29,both,0.13842983136624715,0.12286319846623846,-0.00016105818420523535,-0.2067562840414126
19,8,1,29,real,0.14841658258134674,0.12364916791460291,0.010793983564448762,0.005070970472872777
19,8,1,29,permC,0.14827476031968434,0.12237563578963971,-0.0013620806055548256,0.007255803383509479
19,8,1,29,margin,0.1429087261298988,0.11997788415368435,-1.2365134049184128e-05,-0.055386511088209606
19,8,1,29,both,0.1429388039317701,0.12000980117032808,-0.0012399057078387177,-0.05578346883338462
19,8,2,29,real,0.14666562678589984,0.12442272343182266,0.010509810096033837,-0.010708722988075719
19,8,2,29,permC,0.14659662954108837,0.12330542347125041,-0.0012108552930395198,-0.008088491296508783
19,8,2,29,margin,0.13946191080946668,0.1217047075840602,5.762112024243482e-05,-0.09797188883150937
19,8,2,29,both,0.13944059391797098,0.12148057123693096,-0.0010883468665898084,-0.0982872739897271
19,8,4,29,real,0.14806378850301918,0.12861634872838934,0.008405356331893876,-0.04185457711706333
19,8,4,29,permC,0.14801385485975696,0.1272692270196153,-0.0014019424656071995,-0.037320978833924115
19,8,4,29,margin,0.13856178893409385,0.12311452036891787,8.805986817987199e-05,-0.20644427089968018
19,8,4,29,both,0.138499191389078,0.12278260242979701,-0.00065477927595813,-0.20635652721520367
29,1,1,11,real,0.21079110407737192,0.0867756628372088,0.0006458371225018984,0.018133698282716326
29,1,1,11,permC,0.21073742590080305,0.08653707589844088,6.668464094317095e-05,0.018521147251363557
29,1,1,11,margin,0.20230318520484908,0.09045713531275042,-0.0003406698112060809,-0.05154520638686978
29,1,1,11,both,0.20231625994653135,0.09041448951570609,-0.0002109578846935615,-0.05153887745351211
29,1,2,11,real,0.20882846290001003,0.09018378674009883,0.0007622582893535197,0.01693637069278514
29,1,2,11,permC,0.20878790838481395,0.08991133703000354,3.4696043856974335e-05,0.017175409897494553
29,1,2,11,margin,0.1991039182148716,0.09297463172857118,-0.00031873368956799225,-0.11344068763578162
29,1,2,11,both,0.19908650409844555,0.09291987216829088,-0.00023755459298596682,-0.11348289153235444
29,1,4,11,real,0.2047373502223991,0.09554857508453635,0.0008440099554095729,-0.009908343889526744
29,1,4,11,permC,0.20466389375058963,0.09517531198850478,6.705482714607543e-05,-0.009718697567584282
29,1,4,11,margin,0.19276455785643112,0.09927279782655508,-0.0002752752181287751,-0.1953564317686381
29,1,4,11,both,0.19276437663353824,0.09927039677210288,-0.00024628262324505323,-0.19545082216690923
29,4,1,11,real,0.21037580202425432,0.08734752395043233,0.004379923830504487,0.015250916916415076
29,4,1,11,permC,0.2107274447631788,0.08654096395544984,-0.0004948459945472994,0.018605746479731157
29,4,1,11,margin,0.20207376257862258,0.09045107440716965,0.0005280174791951567,-0.05155111133799104
29,4,1,11,both,0.20230658046558248,0.09045087004999641,-0.0008004667525672674,-0.05150074623013171
29,4,2,11,real,0.208427015250708,0.09074017957339257,0.004094066474825825,0.013651310803953608
29,4,2,11,permC,0.208768303590057,0.08989514749067375,-0.00047646914387484507,0.017310374573620807
29,4,2,11,margin,0.198883974454312,0.09303890947259397,0.0006785851685100671,-0.11331796101922606
29,4,2,11,both,0.1990641432782449,0.09299034550354794,-0.0007625210597891341,-0.11338021790790351
29,4,4,11,real,0.20447492787025795,0.09629280998336659,0.004470412888293066,-0.01289880903094709
29,4,4,11,permC,0.20466539365546088,0.09519050738500888,-0.00044838937094499043,-0.009588011901817276
29,4,4,11,margin,0.19251546482314705,0.09931875380001684,0.0006283831501434911,-0.19532736564188832
29,4,4,11,both,0.192785641035526,0.09926472637917388,-0.0007735559210544918,-0.19535045537346454
29,8,1,11,real,0.2104906324483374,0.08767577856295318,0.006874179480374812,0.014160614875161607
29,8,1,11,permC,0.21065291049963486,0.08662210840744748,-0.0009446820754840842,0.01860440879420367
29,8,1,11,margin,0.20198633293233773,0.09034823338945346,0.00019551861580890023,-0.05156529122605344
29,8,1,11,both,0.2024736642816559,0.09035736678312221,-0.0015170043988826099,-0.05148806732577613
29,8,2,11,real,0.20868394284202454,0.09114076691437857,0.005707617641570702,0.01168030427957469
29,8,2,11,permC,0.208677878573233,0.08994125575037927,-0.0008525966113704467,0.017382745501534503
29,8,2,11,margin,0.19881461740871811,0.09293048268882848,0.00040612669540957913,-0.11327210051700269
29,8,2,11,both,0.1991892049966243,0.09288068568531258,-0.001466929397296322,-0.11335540969473977
29,8,4,11,real,0.20466174478571855,0.09651662907820671,0.006189851606298554,-0.014763928004065396
29,8,4,11,permC,0.20461162746744718,0.09516855098351555,-0.0008356852248102379,-0.009526809360273223
29,8,4,11,margin,0.19248539915612803,0.0992864700352327,0.00041359196659138115,-0.19522383785011657
29,8,4,11,both,0.19292402163826658,0.09919372315000984,-0.0013615754344496003,-0.19520925833618874
29,1,1,29,real,0.20735273067650747,0.08364372009942911,0.0009775665301416565,0.019880690164587007
29,1,1,29,permC,0.20748606786485316,0.08353300190772467,-0.0003396734692279283,0.020235101352070302
29,1,1,29,margin,0.20515554179518156,0.08523841618390722,-0.0003141370598969869,-0.04690953214434589
29,1,1,29,both,0.2051887199563155,0.08519372324040031,-0.00013198351920370074,-0.046889807057009104
29,1,2,29,real,0.20400725206105477,0.08566324008498495,0.0010476135966393887,0.018807362520996428
29,1,2,29,permC,0.20415571924083228,0.08556022671382807,-0.0003118934091692338,0.019119506702040684
29,1,2,29,margin,0.20267937126647387,0.0897405837112465,-0.00034892832381919203,-0.09816990758782498
29,1,2,29,both,0.20270290544807376,0.08971946002127214,-0.00012198817535987357,-0.09810539589272216
29,1,4,29,real,0.19975623361182188,0.09087714682284816,0.0008597379481839474,-0.015983839381737232
29,1,4,29,permC,0.1998864959406873,0.09079653023327426,-0.00035870493774641427,-0.015530631080814712
29,1,4,29,margin,0.19635101496174812,0.09299175674671184,-0.0003159865219521385,-0.20143119170703305
29,1,4,29,both,0.19635175654056772,0.0929912815008794,-0.00011221649753296684,-0.20138985013597038
29,4,1,29,real,0.2069214272941746,0.08414913403363514,0.00429421469525057,0.017190948222162373
29,4,1,29,permC,0.207443620294537,0.08353226990098662,-0.0003338889120148754,0.020260927157311794
29,4,1,29,margin,0.20498551354662664,0.08535260341615018,5.7599094873785527e-05,-0.0469086210009034
29,4,1,29,both,0.20514345514857166,0.08522753322631597,-0.0002559935837656291,-0.04692230051411828
29,4,2,29,real,0.20371919227722568,0.08629951384785908,0.0038929774247946913,0.01564633624161818
29,4,2,29,permC,0.20414758712481237,0.08557197605307346,-0.00023306024531621894,0.019218381113922135
29,4,2,29,margin,0.2025366162192117,0.08994749791446646,9.125675414083563e-05,-0.09810054752119324
29,4,2,29,both,0.2026527527698277,0.08973014421747318,-0.0001963486419382099,-0.09808823975184774
29,4,4,29,real,0.1993751362275261,0.09138594217205796,0.0037489678568186817,-0.019100999580636047
29,4,4,29,permC,0.1998683141997261,0.09079612186565023,-0.0002515441482836648,-0.015403429043323525
29,4,4,29,margin,0.19623352338959016,0.0932679975520782,0.00017923415695341355,-0.20130679603945578
29,4,4,29,both,0.19633690805086557,0.09303724367650139,-0.0001472666987500093,-0.20133338372973467
29,8,1,29,real,0.20666285526043351,0.08422748221499964,0.006138634476294693,0.015881078797488003
29,8,1,29,permC,0.2075513951260619,0.08347344437038152,-0.0009328345411489524,0.020247392704916746
29,8,1,29,margin,0.20484403514241573,0.08523864991800631,-0.0007721460555660993,-0.046983511584542545
29,8,1,29,both,0.20518479452625193,0.08527997047792674,-0.0010480905306062827,-0.04691064100986736
29,8,2,29,real,0.20354957632720178,0.08650486984971907,0.005379734956728027,0.013978804567833023
29,8,2,29,permC,0.20422285755747555,0.08547657463727926,-0.0008123346447942899,0.019224517891183096
29,8,2,29,margin,0.2023481899197416,0.08983367701640316,-0.0007646526582972915,-0.0982016023668306
29,8,2,29,both,0.20269282617274345,0.08980600217751865,-0.0010180217058821197,-0.09810615636470006
29,8,4,29,real,0.19927236089547334,0.0915414173797617,0.005425900733476319,-0.0205783559096969
29,8,4,29,permC,0.19996487786718262,0.09072631569320154,-0.000838458626066583,-0.015404932344367413
29,8,4,29,margin,0.19613737658313848,0.09316054562757012,-0.0002726293252696502,-0.20100380495487807
29,8,4,29,both,0.1963322449793884,0.09311890206770804,-0.000971191143057909,-0.201353551722951
39,1,1,11,real,0.10858913277521409,0.0654180693795096,0.0005133922820482101,0.021722834712159533
39,1,1,11,permC,0.10857616264902009,0.06508168620843433,0.00021608866946046246,0.02328088241465869
39,1,1,11,margin,0.10734367709993746,0.06299865296109709,0.0007396877033446677,-0.11238286619124713
39,1,1,11,both,0.1069209164788129,0.0629633726338071,0.00011753541301767759,-0.11243785385462407
39,1,2,11,real,0.10541179087773705,0.07127606985323132,0.0013207685267420757,0.016756489357896965
39,1,2,11,permC,0.10550561794989481,0.07065111640638055,-3.609051551990243e-05,0.017254981630721894
39,1,2,11,margin,0.1014855864486392,0.07351439393943705,0.0007226255065190812,-0.193827546319179
39,1,2,11,both,0.1011886061437914,0.07342371914104748,0.00022949680742475242,-0.19375351039132327
39,1,4,11,real,0.10406404226986837,0.07871247250264585,0.001986102986015592,-0.049705924385942415
39,1,4,11,permC,0.10438070419974407,0.07839339115064214,0.00013233043717951937,-0.049704345619691594
39,1,4,11,margin,0.0990459034923071,0.08662908219419486,0.000499140617927607,-0.32360245123586784
39,1,4,11,both,0.09885082312526651,0.08671398864892021,0.0007427595464197245,-0.3227916676804258
39,4,1,11,real,0.10793297554151773,0.06606510697639706,0.005968598119225131,0.019180879502488597
39,4,1,11,permC,0.1085566553925908,0.06518414776072456,0.0013045546521917215,0.02324163538799521
39,4,1,11,margin,0.10715297948777093,0.0633378242662831,0.0012542059636712621,-0.11240089893891776
39,4,1,11,both,0.10649714729010741,0.06370717528165942,-0.0022371987564563933,-0.11245329981360819
39,4,2,11,real,0.10502183458099207,0.07181968919701064,0.006127118475774897,0.013565678260081935
39,4,2,11,permC,0.10564224899047835,0.07072435678308686,0.001060080136471871,0.01722343927331893
39,4,2,11,margin,0.10138624660758098,0.07375190327932601,0.0013843135105737203,-0.19369840932312157
39,4,2,11,both,0.10059705142017855,0.07423056114373452,-0.001864151480187065,-0.19350787046844514
39,4,4,11,real,0.10411562955306637,0.07963920801068541,0.006964351853400635,-0.05272483656540523
39,4,4,11,permC,0.10434477239021653,0.07840174634968278,0.0014501178940763229,-0.04951427117218952
39,4,4,11,margin,0.09886979497604044,0.08680008196737823,0.0011574199715996638,-0.323476722890193
39,4,4,11,both,0.09864255741775878,0.08755330730241973,-0.0008651421367428154,-0.32206028115309826
39,8,1,11,real,0.10796554352805764,0.06588058781351243,0.0046037277326516825,0.019168897871753892
39,8,1,11,permC,0.10817683036912423,0.06662981646450394,-0.0021338106909428904,0.02325405891722826
39,8,1,11,margin,0.10721033623593156,0.06389811929215483,-0.0008496995966746449,-0.11225300300327958
39,8,1,11,both,0.10657453569616028,0.06451617868931246,-0.002604420126988055,-0.11253670804159664
39,8,2,11,real,0.10546691208144388,0.07129339458181919,0.004231273351580902,0.01302272189172668
39,8,2,11,permC,0.10537944398821376,0.07195741564401023,-0.0021595602245330263,0.01745458778468169
39,8,2,11,margin,0.10164356760564676,0.07436623717853102,-0.0007197044732914031,-0.19355062581100263
39,8,2,11,both,0.10074513416352161,0.07487266720995046,-0.0022074191041230318,-0.1935673249498379
39,8,4,11,real,0.10436153606901648,0.07889131746591993,0.0048602637261093325,-0.05347603593685779
39,8,4,11,permC,0.10427342533294384,0.07949908430491566,-0.0016804132285794062,-0.04919401342247759
39,8,4,11,margin,0.09893388365524242,0.0868675969928149,-0.0008382631372904719,-0.3232206045030991
39,8,4,11,both,0.09891595022255481,0.08805104754179388,-0.00104832572164452,-0.3219596515954568
39,1,1,29,real,0.11912216136122414,0.07655932353119319,0.0005542576379055086,0.013184180462233889
39,1,1,29,permC,0.11872898341512879,0.07590988187067163,-0.00026802776766435277,0.014591751522745434
39,1,1,29,margin,0.1277461666060878,0.04352857438209076,-0.0005400179419833655,-0.09918837448775589
39,1,1,29,both,0.12764518091957622,0.04344486891571704,-0.0008555485894244559,-0.0993569065157379
39,1,2,29,real,0.11698276174756495,0.07980963975834207,0.0006851172574223555,0.010841144107925286
39,1,2,29,permC,0.11688890802987685,0.07897751267426635,-0.0003875631363083147,0.011998320180276023
39,1,2,29,margin,0.12338616390624786,0.04882126108046888,-0.0005701286581452636,-0.1826679398981685
39,1,2,29,both,0.1232069743246719,0.048867213551633246,-0.0009018991508334684,-0.18285271177139764
39,1,4,29,real,0.11679711894375974,0.0817152018124494,0.0007998019568219902,-0.06793388229354472
39,1,4,29,permC,0.11649172034900884,0.08147482370019832,-0.00027692773987856667,-0.06678075552416386
39,1,4,29,margin,0.11427499070006746,0.05650663986390109,-0.00047585337007323886,-0.34518610484993445
39,1,4,29,both,0.11456167723626907,0.056285267424053334,0.00013103395079597235,-0.3444322189096062
39,4,1,29,real,0.11862703705510884,0.07693247918765017,0.0012809391457892507,0.010288485591476177
39,4,1,29,permC,0.11857840992917291,0.0758214258423085,-0.001131310305170922,0.014811921433231678
39,4,1,29,margin,0.127883566618064,0.043864189758842285,-0.00035853948515066986,-0.09871120750720092
39,4,1,29,both,0.1271499699764095,0.04362674456653075,-0.0036419321261029203,-0.09952660053032526
39,4,2,29,real,0.11661974979122727,0.0800837244945835,0.0018029548673248186,0.008336605339186296
39,4,2,29,permC,0.11689349165783765,0.07890930179597219,-0.0012736201868660533,0.012195715577711097
39,4,2,29,margin,0.12329953092307328,0.04924252374738614,-0.0004029089987165982,-0.18220503171501756
39,4,2,29,both,0.12290906532038072,0.049208184612769205,-0.0033021221542464765,-0.18263624525271954
39,4,4,29,real,0.11684022444027294,0.08122537015379615,0.0016198641539065155,-0.07073619647510164
39,4,4,29,permC,0.11680426037229424,0.0813955698753773,-0.0007571206436536118,-0.0661774959799461
39,4,4,29,margin,0.11418760567009201,0.05685685866970564,-0.0002887824644803213,-0.34470334542061926
39,4,4,29,both,0.11432089192646847,0.05628116679562681,-0.0023152604841902387,-0.34426182382250126
39,8,1,29,real,0.11792244527580706,0.07707513793614137,0.0056154567468104,0.009716638751806015
39,8,1,29,permC,0.11854367772136423,0.07546625089463826,-0.0015977257474909246,0.015402616581990592
39,8,1,29,margin,0.1273602985131683,0.04425119061729344,-0.0021600204343027174,-0.09902874540257567
39,8,1,29,both,0.12705004749523202,0.043698513708019235,-0.00520642915307995,-0.09964723975262398
39,8,2,29,real,0.11637096293099788,0.08031632076798365,0.006658267042231213,0.008285553073401378
39,8,2,29,permC,0.11659579878276924,0.07834930230446166,-0.0017330020768177576,0.012793444278838311
39,8,2,29,margin,0.12290920798598635,0.04964795704671301,-0.0020920638413572112,-0.18241024350388088
39,8,2,29,both,0.12278389200762989,0.049285226270659115,-0.004182401268956239,-0.18207266656275098
39,8,4,29,real,0.11643217579670083,0.08086546565497203,0.005102864560706937,-0.07215956050899253
39,8,4,29,permC,0.11662206312749297,0.08109397498195767,-0.000967809336430129,-0.0653310740816437
39,8,4,29,margin,0.11393397287411164,0.056903690370005915,-0.002098334443202075,-0.3450289543455637
39,8,4,29,both,0.11419161236349609,0.056382597901676774,-0.0036162992998965138,-0.3441190048335292
42,1,1,11,real,0.1676169374418518,0.0720517150674644,0.001060198972248294,0.0860273894195758
42,1,1,11,permC,0.16721652254152372,0.071962165967797,-0.0005322566853382948,0.08680543571651693
42,1,1,11,margin,0.16326606312376402,0.08611443959265007,-0.00022108482987199618,-0.060338705037110404
42,1,1,11,both,0.1632978827232901,0.08618393062978347,-0.0005676136338616707,-0.06018911815610985
42,1,2,11,real,0.16814664692774836,0.0731669450964621,-0.0002399441785376673,0.06292003054993373
42,1,2,11,permC,0.1681988925691178,0.07318193524042405,-0.0004901633687261671,0.06504031331427293
42,1,2,11,margin,0.15359278958611366,0.09106841721356812,-0.0002644769190033869,-0.10513935200869173
42,1,2,11,both,0.1535760298937466,0.09114172882238719,-0.0006191177146212072,-0.10499787711931931
42,1,4,11,real,0.16484026565650445,0.0718536885593789,0.00015687237154518596,0.004374601906039175
42,1,4,11,permC,0.1647426464563965,0.07199197623239831,-0.00033208092249891374,0.0062561505665227795
42,1,4,11,margin,0.1466120797926786,0.10159907230163252,-0.00024017624524481454,-0.22050790339734733
42,1,4,11,both,0.1464841397382469,0.101553455257703,-0.0006979692039089843,-0.22046958067102126
42,4,1,11,real,0.16648960611815206,0.07222868063510121,0.007323919106731293,0.08470245018839544
42,4,1,11,permC,0.16737290306961003,0.07180562270588946,-0.0011755470208335839,0.08699418235139132
42,4,1,11,margin,0.1626656764592851,0.08620387486653111,-0.0008168970014782357,-0.06026845868250173
42,4,1,11,both,0.16380085078013917,0.08618516183409261,-0.000650380605606423,-0.06015157771398535
42,4,2,11,real,0.16708312278378076,0.07313416206117561,0.005376545201188381,0.06094786056399639
42,4,2,11,permC,0.16808117983300197,0.07305855898919489,-0.0010901044109954592,0.06527240924237332
42,4,2,11,margin,0.15290408404280836,0.09113257334873937,-0.0009250374550845338,-0.10513385401855796
42,4,2,11,both,0.1541313289210518,0.09116929671163304,-0.0003714946245952182,-0.10462994661542407
42,4,4,11,real,0.16408302132223365,0.0717944514060676,0.006584864255524689,0.003213934424355311
42,4,4,11,permC,0.16476250326397715,0.07183642515721941,-0.0011491550622587852,0.006271113397132599
42,4,4,11,margin,0.14644197118550462,0.10172989267744842,-0.0008822009297173767,-0.22048386955560495
42,4,4,11,both,0.14672482668623676,0.10173793077507957,-0.00050373235762007,-0.2201550364108631
42,8,1,11,real,0.1658940344767822,0.07295708849710764,0.016494577566814828,0.08414493601843316
42,8,1,11,permC,0.16756434723787347,0.07204269602714047,-0.003386409107913037,0.08715056392529529
42,8,1,11,margin,0.1630048564832992,0.0865024911567064,-0.0017679306952693705,-0.06015625156509256
42,8,1,11,both,0.1641227397927572,0.0865724180705829,-0.004011608461851214,-0.059852555190775855
42,8,2,11,real,0.16661791143189447,0.0737976529553002,0.010541966495171334,0.05638510922793354
42,8,2,11,permC,0.16840892104380764,0.0734158127522618,-0.0031777799363537636,0.06555197737799844
42,8,2,11,margin,0.15332629444904022,0.09130094596626111,-0.0020637532737483866,-0.10520932902602151
42,8,2,11,both,0.15434889621819897,0.09142897730140397,-0.0037306342799573633,-0.10432883589133195
42,8,4,11,real,0.1635853926542162,0.07199328244370096,0.012454361564600974,-0.0006447408966142134
42,8,4,11,permC,0.16505330467786059,0.0721893358231603,-0.0033969223100793013,0.0063905898102954994
42,8,4,11,margin,0.146744942530473,0.1018586430236791,-0.0023242718073935667,-0.22086269962208085
42,8,4,11,both,0.14693980555404362,0.10211199314342773,-0.003704379895238363,-0.21969543356902713
42,1,1,29,real,0.1699120980988696,0.07535598737226956,0.0037072131357091067,0.08986783941181015
42,1,1,29,permC,0.16893311317313622,0.0750026306534479,-0.0003229131245641633,0.08985546230476509
42,1,1,29,margin,0.1803316784873874,0.06746731177027306,6.294102965083888e-05,-0.05199436584689468
42,1,1,29,both,0.17987674288320585,0.06701482291574715,-0.0005835930817133886,-0.05198901882371513
42,1,2,29,real,0.1674455179905482,0.07980451387631425,0.002627582452164138,0.08576257979822408
42,1,2,29,permC,0.16647211542078658,0.07947621239915925,-0.00048262234841446133,0.08667012415087369
42,1,2,29,margin,0.16893508253255463,0.07161774087963815,6.701999404457962e-05,-0.10580128737922595
42,1,2,29,both,0.1684670781844548,0.0712476155175064,-0.00042362905317689753,-0.10564005529190364
42,1,4,29,real,0.1662971883001694,0.07873319812763607,0.0025185552229129065,0.022806345148012736
42,1,4,29,permC,0.16539371410017287,0.07842017564633537,-0.0004507595127178169,0.023854779565610218
42,1,4,29,margin,0.15705379310282802,0.0795532968315758,0.00014803024311475327,-0.23228317544585667
42,1,4,29,both,0.15666362402801237,0.07920095282002054,-0.00020651953566450112,-0.23198584409009215
42,4,1,29,real,0.1701237188932333,0.07631201062811817,0.006519506066001593,0.08777765777115913
42,4,1,29,permC,0.1687997439870307,0.07495656612281602,-0.0032195171031376793,0.09025402414573667
42,4,1,29,margin,0.1804485381734785,0.06748557963905112,-0.0016960551762612943,-0.052054923922292586
42,4,1,29,both,0.18016118411999418,0.06720120768754902,-0.0009139771040268714,-0.05189713751148553
42,4,2,29,real,0.16773148991434747,0.08007752376149258,0.00476716209450261,0.08299968486961905
42,4,2,29,permC,0.16641141233764364,0.07955917512607265,-0.002858980574711123,0.08758893174412213
42,4,2,29,margin,0.169317832107141,0.07172903752316567,-0.001476855337520298,-0.1056467245802766
42,4,2,29,both,0.16879722675346573,0.07141053481411447,-0.0005931850068336593,-0.10538734591101734
42,4,4,29,real,0.1669494164415692,0.07951393191321245,0.005105921247098596,0.020491236601254924
42,4,4,29,permC,0.16529089819807963,0.07837201810665632,-0.002467849350716394,0.025132855547156746
42,4,4,29,margin,0.15745173302474186,0.07965380664426344,-0.0013791300744409225,-0.2321118976328981
42,4,4,29,both,0.15697472557211586,0.07939169342612101,-0.00025824127077858633,-0.23161530049066315
42,8,1,29,real,0.17008142999236603,0.07701723331555398,0.014050601177145489,0.08753149477994569
42,8,1,29,permC,0.16851480190417345,0.07509275809353097,-0.003304313392457283,0.09033945483979636
42,8,1,29,margin,0.18031982629895654,0.06772845581478124,-0.0032809621644602953,-0.052055955285788005
42,8,1,29,both,0.18009293176205282,0.06726746685582927,-0.0034730227079042457,-0.0513534206471586
42,8,2,29,real,0.16769902815608995,0.08050017044012316,0.009338476176186144,0.07979374084894525
42,8,2,29,permC,0.1662489825158208,0.07955993001979242,-0.003141263537329482,0.08747687576488306
42,8,2,29,margin,0.1690560342658339,0.0720338077286554,-0.0026470749967368403,-0.10523306861478957
42,8,2,29,both,0.168790067565154,0.07151297124490026,-0.0030610192979035142,-0.10475241773388289
42,8,4,29,real,0.16677816397448117,0.07988672280827772,0.00948844905000647,0.01709650630180546
42,8,4,29,permC,0.16503021264096304,0.07845806641620334,-0.002452031370677584,0.025318900510574838
42,8,4,29,margin,0.1574120131658729,0.07954764643695307,-0.002922643167014275,-0.2320715351007679
42,8,4,29,both,0.15716979037305134,0.07922367163140846,-0.0022417603359253706,-0.23049605708760565
48,1,1,11,real,0.21511108636983842,0.043710418809719376,0.0015034095146500373,0.09776236769619746
48,1,1,11,permC,0.21531906098207487,0.04323493178570756,0.0009925393674973157,0.0992026678511493
48,1,1,11,margin,0.21514887457042092,0.02745078616866672,0.0002597255180664948,-0.10743629478726842
48,1,1,11,both,0.21496024679661324,0.027389384553573044,0.0001997303649828216,-0.10748360186965351
48,1,2,11,real,0.21366293412047468,0.06101583164969449,0.002311891443872699,0.02835518241881434
48,1,2,11,permC,0.2139594010458789,0.060593390952538045,0.001267706637669443,0.02926216791471565
48,1,2,11,margin,0.2123741457011453,0.046724587682528115,0.00030039441799366756,-0.1936420787116401
48,1,2,11,both,0.21214805391412475,0.046675012696392085,0.00035257012858410286,-0.19357721493035107
48,1,4,11,real,0.2108646445086883,0.05747888327286908,0.0018896666522600265,-0.06126609884040169
48,1,4,11,permC,0.21100897761637227,0.05676823162486735,0.001169830203213003,-0.06003476498734415
48,1,4,11,margin,0.21311382491782688,0.055122499249630766,0.0002838444295641951,-0.3230638232293853
48,1,4,11,both,0.21290100524862282,0.05510489751823614,0.00010637116229197016,-0.3232286084259589
48,4,1,11,real,0.21493451080286838,0.043590289460372585,0.0018626879257622464,0.09775414070142288
48,4,1,11,permC,0.2151496046606563,0.04326318743156454,-0.0011790969606880566,0.09952608532831775
48,4,1,11,margin,0.21542942390922454,0.02740735283887861,0.002041746194223426,-0.107116094620331
48,4,1,11,both,0.2149750853900526,0.027810251878741317,-0.0007709573579998408,-0.107264326456607
48,4,2,11,real,0.21369352600054123,0.06104287116183743,0.002604034372910754,0.0282798199419656
48,4,2,11,permC,0.2137668650007607,0.06043150412338763,-0.0005152281832052167,0.029974286899194798
48,4,2,11,margin,0.21255184477614808,0.04660404331675205,0.002150348515028275,-0.19325394512382502
48,4,2,11,both,0.21217366538934493,0.04712401101727893,-0.0005257501188241179,-0.19326557204173012
48,4,4,11,real,0.2109569968626854,0.0575625604962157,0.0022888972535771157,-0.0612343736449714
48,4,4,11,permC,0.21076252008095855,0.05687173829410529,-0.00047277419409482346,-0.05918231557929817
48,4,4,11,margin,0.2133229235371841,0.05535166492399887,0.001837780347734232,-0.32297170782043483
48,4,4,11,both,0.21290276888391432,0.05551426934147078,-0.0007589988693748791,-0.32290401532159657
48,8,1,11,real,0.21476898840823813,0.044097305008102945,0.002997275627029255,0.09557333128494672
48,8,1,11,permC,0.21497754068985814,0.04333888139553136,-0.001708423950341505,0.09951534603146148
48,8,1,11,margin,0.21513074645328276,0.027694526023775548,0.0016020877531786972,-0.10663236270795273
48,8,1,11,both,0.21451939374688284,0.028001322931050406,-0.00021773979029499993,-0.10716516054356474
48,8,2,11,real,0.21344504429441313,0.06141751413201314,0.004005768778451602,0.026366157229763282
48,8,2,11,permC,0.21360497288237887,0.060409508192825964,-0.0012767381348766094,0.02973136464032059
48,8,2,11,margin,0.21214795970946573,0.046860437339581944,0.0019477022436901748,-0.1925332010417401
48,8,2,11,both,0.21164111303368724,0.0472740059542984,-0.0003537972261053549,-0.19354767080367394
48,8,4,11,real,0.21056172386903232,0.05779308046858059,0.004724627532938461,-0.06211404048335322
48,8,4,11,permC,0.21063625719046933,0.056983590343629216,-0.000784264532728294,-0.05897521822513445
48,8,4,11,margin,0.21305967732680836,0.05561141277480553,0.0013275459772234821,-0.3225585518375225
48,8,4,11,both,0.21248496321816976,0.055617834017987505,-0.00030556160290474515,-0.32290462970978906
48,1,1,29,real,0.22260231373930275,0.05058742472928693,0.0028173103367213257,0.11376339608350826
48,1,1,29,permC,0.22224527637800304,0.050375137662345776,-0.0013330038683705137,0.1166389550482513
48,1,1,29,margin,0.22308924542253,0.019912565313145843,-0.0011065318308310275,-0.09870009475220604
48,1,1,29,both,0.22334118567025038,0.01977840518516729,-0.000989770866359781,-0.09841869760800237
48,1,2,29,real,0.22219863817132912,0.06415771046921223,0.0036006660910785733,0.04407550554151021
48,1,2,29,permC,0.22216100579077167,0.06323500175646224,-0.0012273350034236186,0.0462733776168429
48,1,2,29,margin,0.22218719013360408,0.03187101805855108,-0.0009788131567525968,-0.1884792512754473
48,1,2,29,both,0.22241994248970914,0.03179295080674839,-0.0010993540416917949,-0.18843515598065408
48,1,4,29,real,0.21928783142752853,0.06164442318646207,0.003796937956731731,-0.05479578041072715
48,1,4,29,permC,0.21906378006341456,0.061002854961371915,-0.0013068032630555633,-0.05287364846067956
48,1,4,29,margin,0.2198218923802514,0.03682405502112311,-0.0007722298084884837,-0.3424209120914034
48,1,4,29,both,0.21985327119170203,0.03659518329131512,-0.00100616272082348,-0.34249020882400605
48,4,1,29,real,0.22346587748173607,0.051094224980304706,0.0023088523145220656,0.11420655536813612
48,4,1,29,permC,0.2219967282138064,0.05055627358800088,-0.0006844397240356551,0.1166174031845109
48,4,1,29,margin,0.22352787151355497,0.019869698426258305,-0.0020138193420739803,-0.09842802292650289
48,4,1,29,both,0.22342260826875254,0.019760266734750953,-0.003203178319259981,-0.0983781425500842
48,4,2,29,real,0.22292074525379055,0.06465797591579059,0.0028554587935578726,0.044281915550816627
48,4,2,29,permC,0.22191784879410711,0.06328936281501486,-0.0007802137793253006,0.04605038283286596
48,4,2,29,margin,0.22263340310289093,0.031759119506690026,-0.0017835905811122153,-0.18810466936286083
48,4,2,29,both,0.22247936484752381,0.03176330564957745,-0.0033063992402270486,-0.18838823866837096
48,4,4,29,real,0.2201067971393797,0.06194835786586726,0.0029008848601595563,-0.05474021620047221
48,4,4,29,permC,0.2188157770897292,0.06101349878291069,-0.0008395653545189655,-0.053076526560218225
48,4,4,29,margin,0.2202560574175577,0.036918233378555466,-0.0016379216942784916,-0.34210724464024733
48,4,4,29,both,0.21985526082172757,0.03660837391479145,-0.0030294065503889134,-0.34225949014275303
48,8,1,29,real,0.22315631984091988,0.05110962064270378,0.006285259361759628,0.11370848925397643
48,8,1,29,permC,0.22211840701665952,0.05058587672155134,-0.0017801255085133083,0.11703204547702334
48,8,1,29,margin,0.2241112687709231,0.02025857733428827,-0.002555476549030035,-0.09840635864283949
48,8,1,29,both,0.22351797425232786,0.019950781246958378,-0.004334973854975804,-0.09818120935334208
48,8,2,29,real,0.2227035645890141,0.064332602136329,0.006772297864835251,0.04372428146069676
48,8,2,29,permC,0.22200841374407793,0.06327326887472406,-0.001991602331240183,0.04634932235794116
48,8,2,29,margin,0.223207444207946,0.03215076877233181,-0.0021824869216489906,-0.18794024421277816
48,8,2,29,both,0.22244934675469324,0.031969177609794015,-0.0045782114862642585,-0.1883313221819502
48,8,4,29,real,0.22008832008873574,0.061757708167269734,0.006940693006741512,-0.0551748812152875
48,8,4,29,permC,0.21887585534477427,0.0608260213087215,-0.002333700476934273,-0.05306033360564345
48,8,4,29,margin,0.22030306697829433,0.03725597450424625,-0.002050628678999402,-0.34195663013434885
48,8,4,29,both,0.2196691950743045,0.03691212511362888,-0.004592623735576247,-0.3424939785954825
53,1,1,11,real,0.23673664774255454,0.1045697010343032,-0.0002333328559462518,0.028836855451367067
53,1,1,11,permC,0.23695583692021394,0.10452295489919892,-0.0006190292936056792,0.029220116280788015
53,1,1,11,margin,0.24045982351519704,0.10462661645727597,-0.0006178693860870074,-0.03793989928028605
53,1,1,11,both,0.24036442359089646,0.1046407768451719,-0.000530341658881837,-0.03790473760718505
53,1,2,11,real,0.23711370338206877,0.10525211435154855,-9.023246083157224e-05,0.032243773346609335
53,1,2,11,permC,0.23727655199393918,0.10526708750479578,-0.0006237328422985244,0.03247923023222275
53,1,2,11,margin,0.240721191429409,0.10924215896117744,-0.0005674541607094962,-0.09160225548471786
53,1,2,11,both,0.24063318605957298,0.1092961768255093,-0.0005328255543261735,-0.09161999293243869
53,1,4,11,real,0.2404789444680806,0.11054502627662918,4.055685674108263e-05,-0.011687132632426756
53,1,4,11,permC,0.2404930563652665,0.11050194052894222,-0.0005849939716321509,-0.01154372619371962
53,1,4,11,margin,0.24281094499782896,0.1104790004023823,-0.0005645952592385946,-0.15401948374228927
53,1,4,11,both,0.24271147889592148,0.11060578542697719,-0.0005464803465146291,-0.15405373488366947
53,4,1,11,real,0.23694798806765205,0.10507897593692177,0.0057987232574714664,0.025510986621055692
53,4,1,11,permC,0.2369526704164969,0.10445263325546707,-0.0005803753098748883,0.02923350738127006
53,4,1,11,margin,0.24044183229871843,0.10454817723022602,-0.0017624332867492338,-0.03796203471211533
53,4,1,11,both,0.24049637555889414,0.10489556321557265,-0.001979012686972194,-0.03792870958116955
53,4,2,11,real,0.2370940526262479,0.10548742013046883,0.004789506806603264,0.02776558767031508
53,4,2,11,permC,0.23728132775758098,0.10516895057874028,-0.0005816301906632255,0.03249607000060932
53,4,2,11,margin,0.2407083948925303,0.10922209596772116,-0.0016357481189810674,-0.09154812097415647
53,4,2,11,both,0.24081456741683882,0.10945128359114502,-0.0019975846456478,-0.09166005296965447
53,4,4,11,real,0.24005359916998395,0.11039631183600099,0.004141697354229461,-0.01694391707866747
53,4,4,11,permC,0.24052234167078473,0.11038427974627196,-0.0005176383345485146,-0.011501633439884721
53,4,4,11,margin,0.24273439952615944,0.11047673240241303,-0.0018179093662306727,-0.1541503693804484
53,4,4,11,both,0.24273993918874945,0.1108714832267949,-0.002026100118014786,-0.15410865560106377
53,8,1,11,real,0.23708580295194823,0.10515941270017552,0.006612988251309765,0.02530877794862201
53,8,1,11,permC,0.23704361141364363,0.10463203216631212,-0.0023902451942735175,0.029355191342492017
53,8,1,11,margin,0.2406872978855822,0.10446265743577926,-0.0021087867602114507,-0.037846488417233676
53,8,1,11,both,0.24028914366384663,0.10488548316599458,-0.002306863412413494,-0.037811492467136894
53,8,2,11,real,0.23707547853261016,0.10545205200962704,0.005440794392208163,0.027400401589647995
53,8,2,11,permC,0.23740133098616376,0.10539734744483165,-0.0024188875745211704,0.032590366462371956
53,8,2,11,margin,0.24093776550588963,0.10912274991681883,-0.0019305993553152176,-0.09138107244214674
53,8,2,11,both,0.24063189073333763,0.10939915176479824,-0.0022367513323538757,-0.09145415181688658
53,8,4,11,real,0.24008782094036119,0.11033617918869286,0.004339409437960027,-0.017762678661208883
53,8,4,11,permC,0.2405467231906714,0.11058883966275829,-0.002143782919982536,-0.011196224179698157
53,8,4,11,margin,0.2430400125161817,0.11036249763439326,-0.002087860680049347,-0.1539584209259232
53,8,4,11,both,0.24266201472068047,0.11081496067158918,-0.0021997768628241226,-0.15383726450639917
53,1,1,29,real,0.245200638830115,0.10848594027413289,0.00010686243295277936,0.01635097089698037
53,1,1,29,permC,0.24535287050254756,0.1083347370187488,-0.00011241003801233199,0.01647624957580628
53,1,1,29,margin,0.24534976730457708,0.12188857389769721,0.0003701629655095776,-0.039436062350366646
53,1,1,29,both,0.24534258129539743,0.12198321018938625,-0.00026894928994492895,-0.03944976991376497
53,1,2,29,real,0.24528645217663841,0.1087378888135719,0.0002875938273125267,0.010625266317798716
53,1,2,29,permC,0.2453593004481423,0.10854255515317242,-0.00010317196473291768,0.010579051675544291
53,1,2,29,margin,0.24540261656113455,0.12118333356097799,0.00041376387871865555,-0.09206874649126852
53,1,2,29,both,0.24540937990608722,0.12130473048499069,-0.00025843641808726925,-0.09211554209601826
53,1,4,29,real,0.2473242422859146,0.11512577994415268,9.419160545808453e-05,-0.02645920415394773
53,1,4,29,permC,0.24734586375028145,0.11493686345277933,-0.0001965941870158046,-0.026405438796630598
53,1,4,29,margin,0.24756798909151922,0.1281084341305955,0.00032640889583755256,-0.16890690403267095
53,1,4,29,both,0.24758412943815666,0.12820703646345116,-0.00020142838601165206,-0.16880933662246397
53,4,1,29,real,0.24542896462537936,0.10819830240562807,0.0076149161644643295,0.012485484460853817
53,4,1,29,permC,0.24559348956506014,0.10816995492707035,-0.00020452964392791984,0.01650696322429242
53,4,1,29,margin,0.24540785115719804,0.12183548837003076,0.00040319978212979835,-0.03925107494645483
53,4,1,29,both,0.24542101812426964,0.12206357131072225,-0.0017068863728834371,-0.0394232616782301
53,4,2,29,real,0.24554634726292776,0.10825905580800166,0.007031467451327368,0.005995599774175454
53,4,2,29,permC,0.24556977162137222,0.10840801651493334,-0.0002501023929896984,0.01055495450168924
53,4,2,29,margin,0.24549123520140012,0.1211386479098958,0.0005695701256414887,-0.09176098965705408
53,4,2,29,both,0.24550936954143573,0.12132136265629417,-0.001712069331838715,-0.09210472969129632
53,4,4,29,real,0.2475294652283011,0.11480363952579734,0.00624844934965869,-0.03167848657738523
53,4,4,29,permC,0.24752839317151396,0.11483369487716494,-0.00032361216951783584,-0.0264096235247309
53,4,4,29,margin,0.24763934819324593,0.12816148668016886,0.00030608252113168793,-0.16877527982008522
53,4,4,29,both,0.24769250343542007,0.12817391179061347,-0.0014164423707282898,-0.16855990528870723
53,8,1,29,real,0.24554721001272795,0.108124975629902,0.0075730596295397,0.01206396126453684
53,8,1,29,permC,0.24590524593355434,0.10847822519520701,-0.0001065769221677097,0.016435650631110417
53,8,1,29,margin,0.24568877963193952,0.12172965847851401,-0.0006866539265606246,-0.039320947535104345
53,8,1,29,both,0.24544900238871378,0.12226354946444874,-0.00237376834787296,-0.03946626026130581
53,8,2,29,real,0.24552811448838682,0.10813324614528295,0.006958083505172148,0.005542549166627885
53,8,2,29,permC,0.2457733061552683,0.10865643193346165,-0.00030097642024678095,0.010334815159489944
53,8,2,29,margin,0.2457667234271089,0.12107775564523561,-0.0004161521509389403,-0.0917267308135936
53,8,2,29,both,0.2455133907920503,0.12142053756130534,-0.0021886057290864585,-0.09195738269663026
53,8,4,29,real,0.24749280564673387,0.11452727169537817,0.0057519929693150285,-0.03255460961912124
53,8,4,29,permC,0.24777372528579739,0.11496909240767851,-0.00037677440140512775,-0.026632051071560404
53,8,4,29,margin,0.24787099633214404,0.128107684098061,-0.000663477800019204,-0.16872485902119522
53,8,4,29,both,0.2476893706281784,0.1282086380271668,-0.001708545242302776,-0.16822812476836793
55,1,1,11,real,0.23965929514984358,0.0841378974110312,0.004067689868610586,-0.014372733467946937
55,1,1,11,permC,0.23963812804719425,0.08377129312143289,-0.00041004773868814437,-0.014376873105706262
55,1,1,11,margin,0.24140786370031136,0.08033558376753144,-0.0001386120742390325,-0.043988476863480994
55,1,1,11,both,0.24145281343723235,0.08026648099226541,-9.330071840174538e-06,-0.04397220516468519
55,1,2,11,real,0.23190704843036025,0.08863297675196874,0.004004254573198381,-0.052409118801355146
55,1,2,11,permC,0.23209896252593543,0.08845089910775826,-0.00033653463619540136,-0.052276310041209514
55,1,2,11,margin,0.23635457392393144,0.08625116424413252,-0.0001413113151242651,-0.10401368584317068
55,1,2,11,both,0.23637533526210924,0.08617900508333637,4.444826479516976e-05,-0.1039409365668543
55,1,4,11,real,0.22245210942596083,0.09149481869176514,0.002242832790868324,-0.09950454378195285
55,1,4,11,permC,0.2225078974063091,0.09152152568522262,-0.00036066686391559666,-0.09763444546719736
55,1,4,11,margin,0.2301029614448482,0.09289744777269528,-0.000130608892108632,-0.20727651438489775
55,1,4,11,both,0.23009808345128546,0.09289665184763635,5.1366849828278945e-06,-0.20725377911140935
55,4,1,11,real,0.2396892462094739,0.08514637605266594,0.00763543216865036,-0.01475220108711366
55,4,1,11,permC,0.23955856267958225,0.08379250467400592,-0.0011619376644503205,-0.014384246779096286
55,4,1,11,margin,0.24145722055910906,0.08056543298779555,-6.179845064560596e-05,-0.04434770361303592
55,4,1,11,both,0.2413963442966598,0.08032467452321855,-0.0005842651195118638,-0.043933588966400934
55,4,2,11,real,0.23196982064825744,0.08982031946924968,0.0077971338922777165,-0.0525634494014823
55,4,2,11,permC,0.2319683020603831,0.08844811087833886,-0.0011041288922869392,-0.0522993880449289
55,4,2,11,margin,0.23638913379745521,0.08652916031734086,0.00019635617901931726,-0.10411205872217545
55,4,2,11,both,0.23634825685439298,0.08619835150893373,-0.0006322496685158459,-0.10400408325420937
55,4,4,11,real,0.22283981393945665,0.09279304386360829,0.006351620900758868,-0.0993429655912688
55,4,4,11,permC,0.22252916541542994,0.091580327831477,-0.0008804016651909978,-0.09740966401610061
55,4,4,11,margin,0.23028456288363947,0.09319439244302033,0.00036333582298543143,-0.20721861004295203
55,4,4,11,both,0.23008791062097983,0.09288696965783383,-0.0004984260364986152,-0.20714379058693483
55,8,1,11,real,0.23976661619633033,0.08539029510616458,0.01339202952893236,-0.01486277892666842
55,8,1,11,permC,0.23949591185561034,0.08387234936817059,-0.00163891893203665,-0.014307008109293149
55,8,1,11,margin,0.24132735855349727,0.08083195858697993,0.001304326780797014,-0.04474612169394549
55,8,1,11,both,0.2413841592784741,0.08048994489684422,-0.0011018397597925556,-0.04384860093440281
55,8,2,11,real,0.23220206455838277,0.09018846559701275,0.013662851141868056,-0.052564907351728724
55,8,2,11,permC,0.23193136264682535,0.08853064688430745,-0.0016052241140723418,-0.05224626332932484
55,8,2,11,margin,0.2362565861946012,0.0867947116941841,0.001742294006754047,-0.10433066420679292
55,8,2,11,both,0.23637239285853967,0.08636208568460965,-0.001058651520255157,-0.10382792243366987
55,8,4,11,real,0.2229108923985405,0.09298897623656345,0.011449818295090156,-0.10011194339677428
55,8,4,11,permC,0.22247263231622474,0.09155498800569502,-0.001384539259139404,-0.09735958167265955
55,8,4,11,margin,0.2303350964225217,0.09359318319235255,0.0019513063751161368,-0.20739518280317354
55,8,4,11,both,0.23001988133759388,0.09302934154957779,-0.0008825910249565713,-0.20692539290311399
55,1,1,29,real,0.2592949848911039,0.08652499182115747,0.00476392780094706,-0.0016120217396717222
55,1,1,29,permC,0.2592660350706453,0.0861584668905628,0.00014488889856911769,-0.0015543765045111235
55,1,1,29,margin,0.23905808879319254,0.07799688044912863,0.0005870040904341067,-0.045504411498451816
55,1,1,29,both,0.2389123607578644,0.07796458200688153,0.00023031305230656696,-0.04554221014179554
55,1,2,29,real,0.2515059060356063,0.0902736246353769,0.003796498500351399,-0.040484918589299076
55,1,2,29,permC,0.2516094931530844,0.08975724109841554,0.00018088349722097014,-0.03942384945489097
55,1,2,29,margin,0.231715737710209,0.0804337887697665,0.0005822086534067553,-0.10764187517341858
55,1,2,29,both,0.2316282365931989,0.08038522401467096,0.0002697919963637514,-0.10763539943567779
55,1,4,29,real,0.24076558940413884,0.09338465391860973,0.0034978607550614493,-0.10423785545032652
55,1,4,29,permC,0.24077052096242563,0.09330227825505247,0.00021172823870922264,-0.1028473038291402
55,1,4,29,margin,0.22719239144785933,0.0878894153326303,0.0006175306788978411,-0.2136791757656718
55,1,4,29,both,0.22717254268288115,0.08790073561452513,0.00032227048537344927,-0.2136555435644124
55,4,1,29,real,0.2584664418536998,0.08679010139833784,0.011122825535038674,-0.0025394799553777416
55,4,1,29,permC,0.25927375053048257,0.08630101015683321,-0.0002600904511152561,-0.0015339600404520222
55,4,1,29,margin,0.23874375677956808,0.07795723645709232,0.0020255325760656267,-0.04559199986563882
55,4,1,29,both,0.23893517618883198,0.07791694072408203,-8.007187738634514e-05,-0.045475923922045816
55,4,2,29,real,0.2507029207118431,0.09047161575474384,0.010723141048434044,-0.04084463199101407
55,4,2,29,permC,0.2515852250690534,0.08986813930590012,-0.00034486800278716684,-0.039524205141155636
55,4,2,29,margin,0.23146738185903,0.08057917746698079,0.0022467752702360995,-0.10750342540940777
55,4,2,29,both,0.23159366409400295,0.08030113151021565,5.2441261574202424e-05,-0.1074760790210247
55,4,4,29,real,0.24015604879190947,0.09397436623155682,0.01070366589989826,-0.10431840625528734
55,4,4,29,permC,0.24082277670728996,0.09345662245531138,-0.00017274215098079618,-0.10280637840508675
55,4,4,29,margin,0.2269764502930905,0.08794916129361731,0.0021322461562490735,-0.21369057714113912
55,4,4,29,both,0.22709981921992445,0.08780532587074175,6.833273684336811e-06,-0.21359430962665887
55,8,1,29,real,0.25881781878374865,0.08661981015665243,0.016656904344288237,-0.002577776730213736
55,8,1,29,permC,0.25930371069624086,0.08631338782999587,-0.0005401265900511765,-0.0014708730766168725
55,8,1,29,margin,0.238749248292004,0.07779708390475512,0.0023685441093242166,-0.04583136407141716
55,8,1,29,both,0.23895974907429005,0.07794355243918613,-7.292513659579167e-05,-0.04546656535202277
55,8,2,29,real,0.2506891133469684,0.0901119380693447,0.015991223209653828,-0.041148925413879836
55,8,2,29,permC,0.2516533840554167,0.08986344947198455,-0.0006399350308750884,-0.03947614906647248
55,8,2,29,margin,0.2314627617587854,0.08054331657194208,0.0027004817233836536,-0.10763209469529714
55,8,2,29,both,0.2316179374332935,0.0803131135825143,-2.1995466985132606e-05,-0.10754830392035153
55,8,4,29,real,0.2399913802881444,0.09419126809846684,0.015280800940645312,-0.10531364679862584
55,8,4,29,permC,0.2409155579870688,0.09351286761107293,-0.000362845346989521,-0.1026533584983244
55,8,4,29,margin,0.2269983752093034,0.0882065178710114,0.002739915248817809,-0.2136652837876073
55,8,4,29,both,0.22708637649942504,0.08788524319543485,-8.709593021194449e-05,-0.21368602700132266
62,1,1,11,real,0.19480947682097505,0.08803887500974812,0.003443530304516773,0.005640675549461663
62,1,1,11,permC,0.19524756168581534,0.0875445511943459,-0.0001244168893797156,0.008855250418784117
62,1,1,11,margin,0.188906901442167,0.08269875860913546,0.00036897824794932904,-0.06923605086911411
62,1,1,11,both,0.18886102326839255,0.0827057082893406,-0.0004550251014705612,-0.06926832962801777
62,1,2,11,real,0.18975207091624327,0.09155275619003714,0.0036255868900745467,-0.015656894254150268
62,1,2,11,permC,0.19006469604635107,0.0913525185821185,-4.413683408710512e-05,-0.012544095915092979
62,1,2,11,margin,0.18195918435461747,0.08638574329220951,0.0004029482638171489,-0.12076960847152002
62,1,2,11,both,0.1819022526093278,0.08642856411921342,-0.0004407422462580357,-0.12082157439107896
62,1,4,11,real,0.18528160145225853,0.09439393484671452,0.004381962713784761,-0.06830661567125475
62,1,4,11,permC,0.18559376488831106,0.09422982359520574,5.3748577868088315e-05,-0.06585230774395248
62,1,4,11,margin,0.1753667681634756,0.09154148617634673,0.0004921596173312522,-0.20644166817771287
62,1,4,11,both,0.17525648096472562,0.09155947909507778,-0.00028131145758415277,-0.20642341466211206
62,4,1,11,real,0.19396381694443507,0.08840655390084998,0.008697546188812336,0.002198322303523329
62,4,1,11,permC,0.19513239361667525,0.08773517885771026,-0.001523279454694095,0.008977521725685009
62,4,1,11,margin,0.18872860966754584,0.08277057028772103,0.00040688841852908514,-0.0691302368202699
62,4,1,11,both,0.18903976460153615,0.08267790148210058,-0.0022985755318246275,-0.06929565545001623
62,4,2,11,real,0.18904287073621953,0.09167787050448545,0.009219243215193332,-0.018759607059265382
62,4,2,11,permC,0.18994403223058784,0.09153656055470324,-0.0014985903743675126,-0.012477415583158114
62,4,2,11,margin,0.1818985133844443,0.08642395626759468,0.00034886583532633964,-0.12075578702174639
62,4,2,11,both,0.1820186765728258,0.08642190311351364,-0.0022589726582731193,-0.12082358019473845
62,4,4,11,real,0.18488457063792468,0.09480986901950872,0.009873775323494297,-0.0715111721917791
62,4,4,11,permC,0.18537310272716123,0.09418978690800502,-0.0013613045800258312,-0.06574622702963112
62,4,4,11,margin,0.17526076918998487,0.09160279678280286,0.000571991644838149,-0.20629393227194154
62,4,4,11,both,0.17535382148143613,0.09160655901327776,-0.001985649417878164,-0.20631152801405045
62,8,1,11,real,0.19325873327411683,0.0893028785640961,0.022419339741256608,-0.00011886139399019946
62,8,1,11,permC,0.19519706326089278,0.08742435668631258,-0.0024564697706604965,0.008993674420424461
62,8,1,11,margin,0.1886085898546984,0.08297108354163812,0.0005747776401607932,-0.0689518299646285
62,8,1,11,both,0.18905727869107064,0.08262786857541247,-0.0034558679750583596,-0.0692213808309428
62,8,2,11,real,0.1884848367496109,0.09263669743073949,0.02131546411929739,-0.022702363405119125
62,8,2,11,permC,0.18994311128257818,0.09134956798400934,-0.002336403263168316,-0.012365885461253065
62,8,2,11,margin,0.18192419868669393,0.08660420920805426,0.0004865581227996296,-0.12060757710026339
62,8,2,11,both,0.18197652318462235,0.08641176346800994,-0.003285140332799095,-0.12061818080695727
62,8,4,11,real,0.18458143423239168,0.09567807458638417,0.02306996700613867,-0.07435395775909254
62,8,4,11,permC,0.18541419401980583,0.09401190900790671,-0.0019368726637061886,-0.06537245210260563
62,8,4,11,margin,0.1751983519056469,0.09174287772964003,0.00087190895533093,-0.20598349732743906
62,8,4,11,both,0.17538381632098227,0.09161402384350721,-0.0030056854379623783,-0.2060999969718275
62,1,1,29,real,0.19022047899253441,0.08500972996420585,0.001645001680530325,0.012965094718784698
62,1,1,29,permC,0.1905636578320883,0.08481821738646275,0.0001202473556807804,0.01642069587321952
62,1,1,29,margin,0.19616483425025533,0.08656427152928992,0.0002416952070752968,-0.05867802242706491
62,1,1,29,both,0.19604031181023884,0.08656343975353566,-0.00019100547511297084,-0.05870808846024779
62,1,2,29,real,0.1844254032112122,0.08626541677834296,0.002306219055153704,-0.004590294556599215
62,1,2,29,permC,0.18473237675760126,0.08627957855994278,7.634793593463046e-05,-0.0018398101965339253
62,1,2,29,margin,0.18961316008019674,0.08998197546401339,0.0003104666281554258,-0.11443244204789157
62,1,2,29,both,0.18951923966645873,0.08993004985890424,-0.00017415348571653277,-0.11451442751275814
62,1,4,29,real,0.1777858323423639,0.09075460757821346,0.003205831456115314,-0.06487286027578248
62,1,4,29,permC,0.17806950124252907,0.09089023364586815,0.0001069851130604075,-0.06299135113955304
62,1,4,29,margin,0.1766375001693867,0.09589137889318938,0.0002688328858175178,-0.19990339628226556
62,1,4,29,both,0.17656122873229566,0.09588888949021136,-0.00012252258110614922,-0.1998921171001838
62,4,1,29,real,0.18973954089307668,0.08602936794637443,0.004744306209940419,0.010478704537022479
62,4,1,29,permC,0.1903294400163414,0.08494812970492921,0.0005213157569972741,0.01629966162486432
62,4,1,29,margin,0.19637418987039892,0.08681046593222558,-0.0009141579207896562,-0.05851462948601789
62,4,1,29,both,0.19590735340773682,0.08661760869465923,-0.0008125601466048108,-0.05868894445956018
62,4,2,29,real,0.18414952883292657,0.08701383518377548,0.006044308322548921,-0.006437900000376315
62,4,2,29,permC,0.1846154213645993,0.0864504014399027,0.00047173711357665715,-0.001966523668563591
62,4,2,29,margin,0.18967906817635855,0.09020978865135276,-0.0009282131724779966,-0.11435187577961303
62,4,2,29,both,0.1893576007191255,0.08992922419194269,-0.0008620786499969242,-0.11456165400485908
62,4,4,29,real,0.17777416709935434,0.09143206712755181,0.007497397988388646,-0.06616698845468147
62,4,4,29,permC,0.17787497920380174,0.09093482496221204,0.0005462107909920503,-0.06307422811129308
62,4,4,29,margin,0.17681126053911578,0.09623452713177487,-0.0009028392376283685,-0.19975582233679948
62,4,4,29,both,0.1764453247270377,0.09586300129413489,-0.0007023034728459072,-0.1998311993197441
62,8,1,29,real,0.18996289961257928,0.0865420765895112,0.01748975668134848,0.007627555250490876
62,8,1,29,permC,0.19024644436469512,0.08484549354808121,-1.712098655085964e-05,0.016061635198070134
62,8,1,29,margin,0.196423692628932,0.08681266559408851,-0.0011816813396553494,-0.05851368043037543
62,8,1,29,both,0.19597781616934715,0.08670904212873828,-0.0019679576211595606,-0.058646070745739354
62,8,2,29,real,0.184393333771347,0.0875617716751448,0.01786055461657951,-0.01021825346428539
62,8,2,29,permC,0.18446435867139377,0.08631871718471193,-1.643622662055494e-05,-0.002154286692006855
62,8,2,29,margin,0.18973112570875894,0.090228678721545,-0.0009808944061073428,-0.11413608453873422
62,8,2,29,both,0.18940593230827837,0.09003302838716172,-0.0019514590726007288,-0.11445276323908733
62,8,4,29,real,0.17854076384920456,0.09186587487047707,0.02080159271218092,-0.06845939348882885
62,8,4,29,permC,0.17774969146177436,0.0908896259818263,0.000283661634218955,-0.06303636695131223
62,8,4,29,margin,0.17703503389728112,0.09631827915886453,-0.0010884850077150972,-0.19967299563237803
62,8,4,29,both,0.1765588376947149,0.09590495939143334,-0.0015052666231224197,-0.1994358912816451
63,1,1,11,real,0.23221262184665326,0.08697219512251834,-0.0007829919433628245,-0.03149147759755229
63,1,1,11,permC,0.23200434214563392,0.08686335712347322,-0.00037201616579102264,-0.03143789933487864
63,1,1,11,margin,0.21409445057129553,0.08842447068505674,-0.00010911418983441018,-0.061421532003461135
63,1,1,11,both,0.21410859864231985,0.08836397765770984,-0.0003892817923286478,-0.06146661313825568
63,1,2,11,real,0.22529080323658943,0.08667116249145003,-0.000605119099347638,-0.049787529721711896
63,1,2,11,permC,0.22502988255058676,0.08652852742527316,-0.0003890763799886491,-0.049928884517251054
63,1,2,11,margin,0.20828156553621324,0.09135720870698447,-9.358670961957341e-05,-0.1161232479043931
63,1,2,11,both,0.20827929247750018,0.091293954270166,-0.00036104158384585766,-0.1161556163109197
63,1,4,11,real,0.21437892184097718,0.09076762660213931,-0.0008933163221173472,-0.10574045893062944
63,1,4,11,permC,0.21451067704866741,0.09068329831288084,-0.00038182744028507815,-0.10558636756369531
63,1,4,11,margin,0.19969387782945763,0.09514903922510197,-8.387063714910639e-05,-0.2170575486107484
63,1,4,11,both,0.19972508671111858,0.0951234331870236,-0.00030486414964612607,-0.21704345565554573
63,4,1,11,real,0.23147108882509745,0.08767297671947841,0.006583174456599386,-0.03225625709755397
63,4,1,11,permC,0.2321214455576281,0.08707575169565553,-0.0014412802070134325,-0.03131673394297156
63,4,1,11,margin,0.2140702933165684,0.08841009624929468,-0.00034009615820310146,-0.06142721699971029
63,4,1,11,both,0.214084129686325,0.08839309366758435,-0.0009862798663214563,-0.06140854528424139
63,4,2,11,real,0.2248559071913707,0.0873777048284809,0.005810780930563679,-0.05150257559176446
63,4,2,11,permC,0.22512677463282751,0.08666922096571865,-0.001342113994138444,-0.04969149269827136
63,4,2,11,margin,0.2082500519887321,0.09138490329830949,-0.0003063626906386248,-0.1161107269132926
63,4,2,11,both,0.20822661802219702,0.09127495243473009,-0.0010110254917883401,-0.11615053429085508
63,4,4,11,real,0.21400711337316725,0.0913497376553753,0.004999631922316727,-0.10797845658615925
63,4,4,11,permC,0.2144628449263978,0.09080438287748448,-0.001325575781364191,-0.10533968647164493
63,4,4,11,margin,0.19970702349056463,0.09537987328402939,-0.00015001424900064803,-0.21689839525048038
63,4,4,11,both,0.1996101021725276,0.09511925497194228,-0.0009038443728625797,-0.21698736995075504
63,8,1,11,real,0.2313930591768458,0.08809493512481158,0.009948923257755463,-0.03254391030263175
63,8,1,11,permC,0.23212614011291124,0.08711793396541738,-0.0023018244733259696,-0.031303086669245556
63,8,1,11,margin,0.2139936868285869,0.08850019301763204,-0.0006600590580090604,-0.06121090473798034
63,8,1,11,both,0.21413378107104994,0.08847180575284379,-0.0012748868036176382,-0.06136457589098237
63,8,2,11,real,0.22490616914225778,0.08762665555812961,0.008784712336357154,-0.052182046192204845
63,8,2,11,permC,0.2251050904696283,0.08670490256161467,-0.0021112331344210937,-0.04958642029851547
63,8,2,11,margin,0.20810689106369837,0.09157673838442158,-0.0005762849434985118,-0.1158443740046166
63,8,2,11,both,0.20822543544929184,0.09134877636626465,-0.0013648990006698465,-0.11617183146918138
63,8,4,11,real,0.21395217490073948,0.09169564702186783,0.0075281233285377685,-0.10910336718617206
63,8,4,11,permC,0.21455433802815166,0.09084909421977237,-0.001990803170989245,-0.10513072232123145
63,8,4,11,margin,0.19949059305181846,0.09550317893664108,-0.0006192975367328064,-0.21683140337667664
63,8,4,11,both,0.19962409037271633,0.09515984531042211,-0.0012565977735438751,-0.21700754702088115
63,1,1,29,real,0.22498428654224706,0.08516493942142256,0.0014027681152755656,-0.010637997057486137
63,1,1,29,permC,0.225162020440522,0.08512810012411504,0.0002916253254692339,-0.010540284598003019
63,1,1,29,margin,0.22314965058924388,0.09186370599000383,6.18054269964178e-05,-0.06660463608102313
63,1,1,29,both,0.22307468261424815,0.09182792819956462,-9.63265455164175e-05,-0.06657630640099987
63,1,2,29,real,0.21612436168575766,0.08674284039264248,0.0012936022885288259,-0.03616706451948007
63,1,2,29,permC,0.2161317733587171,0.08666061581716095,0.00024107522109519566,-0.03601073633762425
63,1,2,29,margin,0.21821510613046677,0.09598916308058135,0.0001229690508110596,-0.13157683315599394
63,1,2,29,both,0.21817241105022464,0.09598566211133695,-5.3187011041261334e-05,-0.13156652756531018
63,1,4,29,real,0.20413564961955796,0.08937305226964729,0.0012247813454408785,-0.0938412707201877
63,1,4,29,permC,0.20437534197626647,0.08927317875891135,0.0002753978176410765,-0.09358179899869805
63,1,4,29,margin,0.2072461787101523,0.09579677684037684,7.429189100565299e-05,-0.21585569281917016
63,1,4,29,both,0.2072300649240959,0.09578499358333933,2.5319102273602116e-05,-0.21571820395536617
63,4,1,29,real,0.22485890476805398,0.08595739237816609,0.004784972853755362,-0.01153254090151353
63,4,1,29,permC,0.22507662120766914,0.08510681094300493,0.0005282415294881975,-0.010510147997248365
63,4,1,29,margin,0.22315715014919524,0.09194258893708898,0.0006030715372347024,-0.06657663961565854
63,4,1,29,both,0.22300473078485653,0.09188328792013883,-2.046264330016201e-05,-0.06653941661210402
63,4,2,29,real,0.2161664835035491,0.0872547126166884,0.004207848027155385,-0.037529567363360695
63,4,2,29,permC,0.2159944543699273,0.08663049069275428,0.00045392712572249943,-0.036004364036261255
63,4,2,29,margin,0.2182603551790987,0.09608915211042655,0.0007338249184610605,-0.13147924693321766
63,4,2,29,both,0.21815727565257093,0.09603895001936452,8.27184340415251e-05,-0.13146959623354781
63,4,4,29,real,0.20421502746223927,0.09011488900696868,0.003929751347173169,-0.0954130493009626
63,4,4,29,permC,0.2042280562112938,0.08925720767687678,0.0005243452339521542,-0.09353933118565128
63,4,4,29,margin,0.20729016690337349,0.0959319433155979,0.0006690933620394819,-0.21577416099301008
63,4,4,29,both,0.20731109484138116,0.0958448449246646,0.0001621222988965147,-0.21562037487206367
63,8,1,29,real,0.2247241424755421,0.08631694628032341,0.007941744853880292,-0.011990416556926287
63,8,1,29,permC,0.2252395002592939,0.0853437916403803,-0.0004132548837421553,-0.010536900030349506
63,8,1,29,margin,0.223071991536039,0.09187757980664107,0.0006306646701881117,-0.06644838330687237
63,8,1,29,both,0.22302978738485754,0.09185736672119219,-0.0004020271191566097,-0.06655917089357044
63,8,2,29,real,0.21600234753433212,0.08755423368517147,0.0068806029120752985,-0.038471460133978466
63,8,2,29,permC,0.21615467466143154,0.08684220170321226,-0.00037576168233113827,-0.03591930846418568
63,8,2,29,margin,0.21819255321665473,0.09610637833195271,0.0009294143498373892,-0.13118299432600855
63,8,2,29,both,0.2181753881689242,0.09600148327547313,-0.000299322671237436,-0.13148982714443674
63,8,4,29,real,0.20422455921854035,0.09041375585062418,0.006786519149986921,-0.09617092915368654
63,8,4,29,permC,0.2043979967591757,0.08945606394500169,-0.00024568941482045836,-0.09339462145429468
63,8,4,29,margin,0.20722892471777837,0.09604277529895063,0.0008073711351688957,-0.2155352200440479
63,8,4,29,both,0.2074646560315539,0.09586926617992297,-0.0002000708792593564,-0.2156207578558295
67,1,1,11,real,0.16886125637042432,0.10724240299238014,0.0022251576028111024,-0.03853743980974786
67,1,1,11,permC,0.16877695041363436,0.10680670912220655,-0.00021167221509493794,-0.037546455350689234
67,1,1,11,margin,0.16705694880159577,0.10296759023276975,-0.0003565770137630338,-0.07927462301167801
67,1,1,11,both,0.16704114269176654,0.10294481739408713,-0.00037437399465607235,-0.07935919489792254
67,1,2,11,real,0.16635002665013243,0.11300396968028917,0.002246014389936102,-0.07298285000429697
67,1,2,11,permC,0.1663665942040411,0.11263619110937843,-0.00011534372339603674,-0.07191639384066442
67,1,2,11,margin,0.16452924326982282,0.10481864016766651,-0.00037041115356363047,-0.14461045599696504
67,1,2,11,both,0.16451989803947753,0.10480031773629002,-0.00034492489301080065,-0.1446517446417637
67,1,4,11,real,0.15965208267332803,0.11822599447583086,0.0023448111782780516,-0.1437445189000746
67,1,4,11,permC,0.15957841224360103,0.11767266863187578,-0.00027799460580740787,-0.14293951040719538
67,1,4,11,margin,0.15790477308709194,0.11569546579753205,-0.00036775732149207,-0.2544158751957472
67,1,4,11,both,0.1578092718843991,0.11573864027046278,-0.00027301686573762607,-0.2543879096453443
67,4,1,11,real,0.16871650522073603,0.10736143035852735,0.005648624594403859,-0.03864131326898813
67,4,1,11,permC,0.16875981714105512,0.1069105502740304,-0.00027853442745666884,-0.037452043826781536
67,4,1,11,margin,0.1669200853512327,0.10284912389506125,-0.00048814088657110155,-0.07923367326908304
67,4,1,11,both,0.16702251576011365,0.10307700527952503,-0.0008093898426383788,-0.07930940282320088
67,4,2,11,real,0.16598412815461483,0.11307309787777281,0.005299056358393478,-0.0734571484866726
67,4,2,11,permC,0.166321814503039,0.11273074001713461,-0.0002533464259467562,-0.07189312280694571
67,4,2,11,margin,0.16441869662844988,0.10480725998626567,-0.00039889215977572295,-0.1444664233877741
67,4,2,11,both,0.16445692440901183,0.1049511040540919,-0.0006940156315291454,-0.1445160274575781
67,4,4,11,real,0.15927915108173346,0.11828585426612431,0.005413326489944183,-0.14420334403924148
67,4,4,11,permC,0.1595797278429182,0.11772501867938516,-0.0002482493156610218,-0.14274849138077955
67,4,4,11,margin,0.15784728422493122,0.11566186471457784,-0.0003302851432450219,-0.25420588940209715
67,4,4,11,both,0.1578046722834864,0.11580840465125945,-0.0006524809194062934,-0.25428256577630903
67,8,1,11,real,0.1685483673229591,0.10812212604249474,0.006819937123015947,-0.03952276378525327
67,8,1,11,permC,0.16875090022241335,0.10697791475738866,-0.0007212570364999726,-0.03737820985286094
67,8,1,11,margin,0.16683457116351386,0.1028108620951392,-0.0005342013965389341,-0.07917384693913262
67,8,1,11,both,0.1669914694962946,0.10311728972477364,-0.0011845465984481143,-0.07932472581394281
67,8,2,11,real,0.16579752000863424,0.11378272062999331,0.006471727927914219,-0.0743372399620291
67,8,2,11,permC,0.16631099429237423,0.11282259004896512,-0.000859040236183726,-0.07198226003421879
67,8,2,11,margin,0.16432198141468157,0.10482331342295287,-0.00043063106434556203,-0.1443922754524257
67,8,2,11,both,0.16449335261029396,0.10496158043933476,-0.000983021004111286,-0.1444451990650924
67,8,4,11,real,0.15901241002641692,0.11882587151329514,0.006612816827727379,-0.14505661674633552
67,8,4,11,permC,0.15960429264173506,0.1177783149931366,-0.0008749610783913102,-0.14285864656054598
67,8,4,11,margin,0.15776368229742693,0.11577855036396109,-0.0002671830335130761,-0.254036900452447
67,8,4,11,both,0.15774187877940082,0.1158502305212396,-0.0009076197073356328,-0.25417787079917054
67,1,1,29,real,0.1691892712667576,0.11362709702470682,0.002016764942862995,-0.02917189632250355
67,1,1,29,permC,0.16913585194756586,0.11341813662680697,0.00020860324967444943,-0.02785759074498061
67,1,1,29,margin,0.16646315521862715,0.11191069065085373,0.00023531314194905062,-0.06625784565542572
67,1,1,29,both,0.16643612396914687,0.1119777395257103,0.00025592278016353665,-0.06624785029223035
67,1,2,29,real,0.16653177528064134,0.1192996098941746,0.002436150879181207,-0.07506331571062487
67,1,2,29,permC,0.16643002128872153,0.11917673867518189,0.0002344645047508235,-0.07414253481434376
67,1,2,29,margin,0.16240747600195665,0.11702600496199689,0.0002580991266438829,-0.12814698040899397
67,1,2,29,both,0.16236726457920153,0.11711408373624589,0.0002828937435633931,-0.12813280006709357
67,1,4,29,real,0.16139463211537508,0.12437959104460679,0.0023354227744531164,-0.14088455667355937
67,1,4,29,permC,0.16124148688088324,0.1242699769439195,0.00016036342576612275,-0.1399371487515349
67,1,4,29,margin,0.15746646121476512,0.12007658614586877,0.00023492822947154823,-0.23226157466790268
67,1,4,29,both,0.15744580340530479,0.12013886760917927,0.00029749308238849475,-0.23220962409000487
67,4,1,29,real,0.16885256513672353,0.1138289333762277,0.006362738494467806,-0.029414095916779615
67,4,1,29,permC,0.1690745184530259,0.11354660279371612,-4.588139430448484e-06,-0.027820580004012746
67,4,1,29,margin,0.16646476307986657,0.1120597062224553,-0.00010478720729277986,-0.06621525692098516
67,4,1,29,both,0.16643981760524856,0.11195895350843123,0.000318931281023301,-0.06632843335826294
67,4,2,29,real,0.16615709177493573,0.11947338371323353,0.006668675575654481,-0.07541896416003246
67,4,2,29,permC,0.16637835371201828,0.11931978798466229,3.511477784715056e-05,-0.07409168241117467
67,4,2,29,margin,0.16237893688970573,0.11721597742843708,-1.2748040478007441e-05,-0.12803513849243348
67,4,2,29,both,0.16239026706777487,0.11704925776495184,0.0003261386889577278,-0.1282331466885916
67,4,4,29,real,0.1612799759466385,0.12458860476788362,0.006233476161072393,-0.14157467643282096
67,4,4,29,permC,0.1612070242529383,0.12437990210303097,-3.412771650604385e-05,-0.1398814377637343
67,4,4,29,margin,0.15756035327396722,0.12027897499922442,-0.00011893810755752206,-0.23223275192124937
67,4,4,29,both,0.15743794286454135,0.1200836312871048,0.00044142492336244715,-0.23220928381592326
67,8,1,29,real,0.16868478199333015,0.11469679202059796,0.008027734444346374,-0.030346484725393464
67,8,1,29,permC,0.16906390078733777,0.11355309139515464,-0.0002282699982908698,-0.02778139587702358
67,8,1,29,margin,0.16637455671102108,0.11224006614834584,-0.0001508331810524584,-0.06620634658481642
67,8,1,29,both,0.16647048173162315,0.1120452155822544,0.0002435224977055117,-0.06639822659626907
67,8,2,29,real,0.1659602250960041,0.12015762735813185,0.008114604838624157,-0.0765704196555552
67,8,2,29,permC,0.16632858277591406,0.1193093311784161,-0.0002106281864656297,-0.07407455938963786
67,8,2,29,margin,0.16230134644409544,0.11732372836787809,-4.966745393256143e-05,-0.12801710159595958
67,8,2,29,both,0.16236828139635628,0.11712392130001624,0.0003025612984972799,-0.12825110853374036
67,8,4,29,real,0.16108806459185995,0.12528969432320974,0.007677579848724488,-0.1427279575036613
67,8,4,29,permC,0.1611967998257242,0.12444972319220671,-0.00023808013609726472,-0.13982252419747593
67,8,4,29,margin,0.15749435009563778,0.1205213734734501,-0.00014678407931728585,-0.2322056415830807
67,8,4,29,both,0.15746047608185715,0.120166860739283,0.00032920328308531455,-0.23231588991088872
73,1,1,11,real,0.23441586090651573,0.09102042680551123,0.002818162861283613,0.02831404098327918
73,1,1,11,permC,0.23492528784085975,0.09102857264754975,-0.0005621353933111898,0.028612729431228785
73,1,1,11,margin,0.24402692093388326,0.08475641749020049,0.00020797279057070223,-0.05647343956211751
73,1,1,11,both,0.2442013447241937,0.08464076517424421,-0.000793955254002221,-0.05676684962347453
73,1,2,11,real,0.2313104628019048,0.09518517151954499,0.0022790445270177893,0.013767902722802466
73,1,2,11,permC,0.23180151985285394,0.09517042092252037,-0.0005692407096367739,0.014598604188692308
73,1,2,11,margin,0.23893531012935096,0.08871476898999382,0.00023179683049305105,-0.1125492789261123
73,1,2,11,both,0.23912750071059607,0.08854768790225113,-0.000701501400532221,-0.11277405917392168
73,1,4,11,real,0.2270238181323594,0.09679312532316553,0.002281350318636309,-0.007110619913216737
73,1,4,11,permC,0.22748890936959626,0.0968200737806972,-0.0003532087427470243,-0.0060661922720556625
73,1,4,11,margin,0.23369831293688823,0.09290462661383746,0.00024408064274142327,-0.2294209609394028
73,1,4,11,both,0.2339307863961008,0.09281194347653089,-0.000567481066955533,-0.22952400466588385
73,4,1,11,real,0.23402097554529133,0.09193876900319126,0.002600679722124679,0.025916112813343613
73,4,1,11,permC,0.23496737451312663,0.09124037213468955,-0.0007298986109994706,0.028657525847758093
73,4,1,11,margin,0.24404986227744557,0.08485907592970106,0.00046355481703768314,-0.05634047890034537
73,4,1,11,both,0.24413330763971758,0.08467331832949782,-0.0011457911542836947,-0.056796819623186966
73,4,2,11,real,0.2311317528368991,0.09609765609149093,0.002921050118341604,0.012229463283349645
73,4,2,11,permC,0.231878154905638,0.09534481686341499,-0.0007219345019761902,0.014658470030570478
73,4,2,11,margin,0.23893065272462433,0.08891272655916424,0.0005695008822329539,-0.11233419623906724
73,4,2,11,both,0.2390241493192053,0.08858484201613867,-0.001049768313145007,-0.11280046018596543
73,4,4,11,real,0.2267729440070794,0.0973957383722019,0.0026072788120765356,-0.008965136450553145
73,4,4,11,permC,0.22755836601061422,0.09703074941396353,-0.00039175392149309873,-0.00589217781658415
73,4,4,11,margin,0.23352275330116273,0.09294076849940686,0.0002786203607885636,-0.2295090425860505
73,4,4,11,both,0.23390798762398632,0.09273805878723101,-0.0010449066166795438,-0.2296795643150388
73,8,1,11,real,0.2342293603231839,0.09172316175035498,0.00577616827908851,0.024082696273816324
73,8,1,11,permC,0.23490651340884122,0.09145630986331321,-0.002303090382441901,0.0288841728435526
73,8,1,11,margin,0.24382952348967754,0.08488128537736177,0.0009545982473068148,-0.05633009854388471
73,8,1,11,both,0.24412852952998937,0.08473629118766471,-0.0037530159179246054,-0.05651600225260268
73,8,2,11,real,0.23133741706113026,0.09594929112485681,0.006419296463885847,0.01071880453240277
73,8,2,11,permC,0.23189240742540232,0.09553470255613875,-0.0023424851751078597,0.014837758124675748
73,8,2,11,margin,0.2387490903457061,0.08893409692558142,0.0010274992023772689,-0.1123568609927314
73,8,2,11,both,0.23913879663190757,0.08860997677165892,-0.0037640773960522142,-0.11262672713464741
73,8,4,11,real,0.2270092656704344,0.09725953874094773,0.0064227537529739,-0.0101585666061469
73,8,4,11,permC,0.2275577309076988,0.09736020420565739,-0.0019617129112714424,-0.005662298039125555
73,8,4,11,margin,0.23353986969429982,0.09294675751223164,0.0011955846508189816,-0.22907274136982855
73,8,4,11,both,0.23400609137560016,0.09274651766729981,-0.0034183205111806654,-0.22916493607531474
73,1,1,29,real,0.24995967812898498,0.09003090934290851,0.0007579956410302586,0.019005227997323862
73,1,1,29,permC,0.24940613823684746,0.0897457027704078,-9.504277637237268e-05,0.019316990894614423
73,1,1,29,margin,0.24601703496803662,0.08892593082109297,0.00024124306229012887,-0.05347673372058415
73,1,1,29,both,0.2458645236733962,0.08892839774501075,-0.0002809217138460366,-0.05348887471057576
73,1,2,29,real,0.24462804541350683,0.09407480475004648,-0.00012351964381039174,0.01622088715567064
73,1,2,29,permC,0.24444762230381223,0.09357800906958742,-0.0001930701297039779,0.017316137984470244
73,1,2,29,margin,0.2362285250515287,0.09301182526842086,0.0003024763110699066,-0.11436411882582072
73,1,2,29,both,0.2360382946548046,0.09297159830930533,-0.00036901353344860144,-0.11452558488419466
73,1,4,29,real,0.24161301800527013,0.09783612699071438,0.0003995061515566778,-0.025993348755615365
73,1,4,29,permC,0.24140922193658032,0.09739336955711497,-0.00013543058525409638,-0.025363484177732952
73,1,4,29,margin,0.22719384655428865,0.10045024593693591,0.00029009635103102727,-0.22451814698241895
73,1,4,29,both,0.22704452801703262,0.10038486409095237,-0.0002934026914980699,-0.2245916222388035
73,4,1,29,real,0.2495707874324757,0.09088945350168488,0.0027044001008943437,0.016511432789323877
73,4,1,29,permC,0.2493630152096445,0.08964581664508778,-0.0008736885213415738,0.01914178324271138
73,4,1,29,margin,0.2458979311539647,0.08894917874336776,0.0011075881159275103,-0.05358097534952724
73,4,1,29,both,0.24582490891291403,0.0891526151971288,-0.0012862995433645663,-0.053383995938178753
73,4,2,29,real,0.2446030927525755,0.09466603208489645,0.002541345071966202,0.014445552203583161
73,4,2,29,permC,0.2443177168649477,0.09353924132041111,-0.0007820279392977229,0.01733061826794266
73,4,2,29,margin,0.23611221414207398,0.09303718682536763,0.0010200738045180457,-0.11461710801495305
73,4,2,29,both,0.23593510952289104,0.09313313392620241,-0.001423221256826266,-0.11446953600565679
73,4,4,29,real,0.24208326098070285,0.09871384434980617,0.002831804913007505,-0.028001249662028615
73,4,4,29,permC,0.24139882121643294,0.09739641238050305,-0.00045525840719023064,-0.025079873906602924
73,4,4,29,margin,0.22705951555144338,0.10048686731316768,0.0009975907621904332,-0.22478123925384003
73,4,4,29,both,0.22709300633693025,0.10059297265229597,-0.001364154596557245,-0.22455211754194715
73,8,1,29,real,0.24986179110937165,0.0913704380750623,0.004665362457248745,0.014994227862250388
73,8,1,29,permC,0.24939818519655124,0.08987450963782337,-0.0016726099193079824,0.019214485691027672
73,8,1,29,margin,0.24614456093402712,0.08891050082249337,-0.0020392712105929784,-0.05346887997502444
73,8,1,29,both,0.24557769763247764,0.08902679126929652,-0.0018931792855188072,-0.05338416718785387
73,8,2,29,real,0.24507682832128622,0.0950168712179548,0.004254356896985157,0.012680396745174228
73,8,2,29,permC,0.24438828096464704,0.09378347918372446,-0.0015360891839017083,0.017448180869621376
73,8,2,29,margin,0.2362008119008052,0.09318324063768778,-0.0017753922302954823,-0.1141536193487433
73,8,2,29,both,0.23567063948287775,0.09304759192450447,-0.0018298336135641744,-0.1142694398699156
73,8,4,29,real,0.24243461268715225,0.09872836636908124,0.005144804118207817,-0.029166417740256186
73,8,4,29,permC,0.24140213652560033,0.09752753486718738,-0.0012479900986656356,-0.02500098175179563
73,8,4,29,margin,0.22721046258874847,0.10055370063204808,-0.0015697323897952233,-0.2240896077048024
73,8,4,29,both,0.22702713029547694,0.10042375140952979,-0.001559236468967514,-0.2241404909218783
77,1,1,11,real,0.2761077911134397,0.10767227810753993,0.005001797870390004,0.02159854868159227
77,1,1,11,permC,0.2766419798026378,0.10719135816666701,-0.00011598539623432676,0.02611661538415424
77,1,1,11,margin,0.2764881075785451,0.10177168358003494,0.0016439053354375028,-0.02461908418283062
77,1,1,11,both,0.2766183040549855,0.10203232706136241,-0.00011585639377278042,-0.024552262131524377
77,1,2,11,real,0.27470374136093634,0.10835356750761616,0.005463870673906163,0.005246417973579434
77,1,2,11,permC,0.2753947136978227,0.10810814669555648,-0.00010200004243889522,0.009316397226420674
77,1,2,11,margin,0.2718672429320228,0.1061010673422991,0.0017065544199978873,-0.07048405859525687
77,1,2,11,both,0.2720023700429971,0.10636926288942382,-8.430005848894528e-05,-0.07044832929322717
77,1,4,11,real,0.2709425876258854,0.11130355188495004,0.005362709175582329,-0.043712610220369395
77,1,4,11,permC,0.2715950647129577,0.11122012141259775,1.4553545306744686e-05,-0.039424915881458675
77,1,4,11,margin,0.26986709430900224,0.1125271066012241,0.001715258079059284,-0.1710030241397594
77,1,4,11,both,0.26998287520692266,0.11263130575224731,-8.423256671293475e-05,-0.17097593100501507
77,4,1,11,real,0.2759841681118431,0.1086271959378773,0.012115736247685407,0.016647384665266985
77,4,1,11,permC,0.27673253899189487,0.10720638069558426,-0.0004671868757202268,0.02615759857649737
77,4,1,11,margin,0.2763045447098357,0.10172841043241536,0.0021613785383164295,-0.024945630175760593
77,4,1,11,both,0.276692014758985,0.102092984371609,-0.0007540376765368211,-0.02453358769195334
77,4,2,11,real,0.27485087428851374,0.10925546731732885,0.012552706586755438,0.0002701514928080222
77,4,2,11,permC,0.27550134616206806,0.1081118643192039,-0.000426267676599044,0.00938431426408956
77,4,2,11,margin,0.2716911755288409,0.10607432531761826,0.002335994257170117,-0.07069863795389354
77,4,2,11,both,0.272090016608295,0.10643684923633678,-0.0006563309843983697,-0.07036350449680151
77,4,4,11,real,0.27116987480903076,0.11175150986214005,0.013064966598150984,-0.04807545519142142
77,4,4,11,permC,0.2717018357373273,0.11123243830762734,-0.00024536432718621115,-0.0392926490821226
77,4,4,11,margin,0.2697954173448811,0.11268856059181309,0.0025907941056901767,-0.1709715073089374
77,4,4,11,both,0.2699966847146567,0.11270071841107003,-0.0007050000157301598,-0.17093984273169724
77,8,1,11,real,0.27618981220590777,0.10823049658459734,0.017946989245903894,0.016078654256713176
77,8,1,11,permC,0.27670207051436985,0.10721160784976982,-0.0010752053282742278,0.02615686267873433
77,8,1,11,margin,0.2763840217360597,0.10178499009318616,0.0020038061683231205,-0.02533884126738405
77,8,1,11,both,0.2768038580074741,0.10204710620204115,-0.001217577015937508,-0.02446532153623716
77,8,2,11,real,0.2748919852980586,0.10900634866018573,0.017373743060401264,-0.0013087954403184494
77,8,2,11,permC,0.27547934485752,0.10808787503469824,-0.0010010919110737722,0.009416772584405791
77,8,2,11,margin,0.27184617945399603,0.10620234727659124,0.0022203839760736124,-0.07104988695662018
77,8,2,11,both,0.27215502399287395,0.10640268109086137,-0.0011259272849471202,-0.0703012953022334
77,8,4,11,real,0.2712833146697917,0.11154310119432018,0.017127340729364827,-0.05041306446697988
77,8,4,11,permC,0.271693234905133,0.11123046415262401,-0.0007274622902012917,-0.03916746449034672
77,8,4,11,margin,0.2698535163651796,0.11285559955339086,0.0027564453591782203,-0.1710414947770795
77,8,4,11,both,0.270110499150626,0.11265070620076971,-0.0011282034553635654,-0.17083124067621375
77,1,1,29,real,0.26595679161214436,0.118962842728429,0.00492572472636979,0.02541211762595699
77,1,1,29,permC,0.26631002528309416,0.11859913146956584,-0.00022915628355500242,0.02964023026225855
77,1,1,29,margin,0.271009145982115,0.10869428450935299,0.0003959300320547735,-0.02521811498989133
77,1,1,29,both,0.2711457962525723,0.10873847177956321,-0.0005098348800885444,-0.02518297380572067
77,1,2,29,real,0.2653143957981242,0.1202969660157508,0.005214918365685004,0.0028504962414695745
77,1,2,29,permC,0.26529582647620853,0.12038346618894015,-0.00023711317195783857,0.006781458350053088
77,1,2,29,margin,0.2683392557398717,0.11149957399177642,0.0004622879275399024,-0.072847930887556
77,1,2,29,both,0.2684681378281921,0.11150891537129656,-0.0005045010217147594,-0.0728738137404967
77,1,4,29,real,0.2621435000024971,0.11846647640943772,0.0060638001766371305,-0.04926997070609908
77,1,4,29,permC,0.262168264942249,0.11905297111355469,-0.00022539704412709766,-0.046176174280636945
77,1,4,29,margin,0.26449018387276435,0.11478165728651041,0.0005480928474106601,-0.1636995516581449
77,1,4,29,both,0.26462678812640295,0.11472281942702749,-0.0005153352142362733,-0.16382207362347784
77,4,1,29,real,0.26630040240137154,0.11981993852532186,0.009854206243897054,0.020090806742202767
77,4,1,29,permC,0.2663806193781597,0.11852637332462683,-0.0004697522079326148,0.029649993550739134
77,4,1,29,margin,0.2712375195493999,0.10865219279893597,0.001642859051736917,-0.025518399553132298
77,4,1,29,both,0.27120991685313944,0.10873125313468655,-0.0008181072737243147,-0.02515636086780156
77,4,2,29,real,0.2658742412619578,0.12087673827956436,0.01012987893699757,-0.002484335588499346
77,4,2,29,permC,0.2653488826285205,0.1203235594811555,-0.0003284523199198382,0.006940478414949278
77,4,2,29,margin,0.26848492537059476,0.111522217323354,0.001677302096939217,-0.07318013030107981
77,4,2,29,both,0.26848844377546843,0.11148357000509754,-0.0007983445677544331,-0.0728327719549815
77,4,4,29,real,0.26297679848578154,0.11884538944573535,0.011492756077848163,-0.05409080720616953
77,4,4,29,permC,0.26220186020088565,0.11904347752502714,-0.00035867924313851923,-0.04605909726679018
77,4,4,29,margin,0.26472778420362963,0.11491333157700111,0.0018084923275489642,-0.1639863657609297
77,4,4,29,both,0.2646121186324476,0.11473919964547279,-0.0008674112591768867,-0.16383926433686358
77,8,1,29,real,0.2661968301065998,0.11982993754696919,0.01628696801233579,0.018953272064863337
77,8,1,29,permC,0.26617119419675184,0.1185470762891216,-0.0011451217251522059,0.029697116567735785
77,8,1,29,margin,0.27123516697171235,0.10864094660985077,0.0021599109726541848,-0.02587531233222945
77,8,1,29,both,0.27114158136359157,0.10870624797393971,-0.0011300885396849738,-0.02512807147420267
77,8,2,29,real,0.2659826195834148,0.12080299813944302,0.01576290067903365,-0.004421610292241437
77,8,2,29,permC,0.26518066093589,0.12031721119938374,-0.0010039075229657524,0.006987515746119609
77,8,2,29,margin,0.26857460475219386,0.11164444382628926,0.0022234870229038877,-0.07350791007512955
77,8,2,29,both,0.2683915454151754,0.11145873152438102,-0.0011195504191773655,-0.07281370714684487
77,8,4,29,real,0.26321193751638006,0.11880769378553598,0.01712823925122442,-0.05602562047857144
77,8,4,29,permC,0.2620210510137234,0.11903871414650208,-0.0007763388247244244,-0.04575426431415983
77,8,4,29,margin,0.2647349238598261,0.1150436195237432,0.002446226305356495,-0.16422259648313658
77,8,4,29,both,0.26451910624821795,0.11465816152670032,-0.0010747975477988225,-0.16370637996592596
83,1,1,11,real,0.09064054761041333,0.07175829258247357,0.004847859629321697,0.10940655765138366
83,1,1,11,permC,0.09167016821242226,0.06906737405026359,-0.0008337453659612212,0.11725552345726341
83,1,1,11,margin,0.09246926578979038,0.053262282246106636,8.828561300749012e-05,-0.10836977236398171
83,1,1,11,both,0.09287198902654947,0.053140462626179115,-0.0009293369415279786,-0.10854116565243975
83,1,2,11,real,0.08979714400515647,0.08119670319492098,0.005478266853709094,0.025298048868304057
83,1,2,11,permC,0.09084839070200357,0.07934812765003277,-0.0009719806453506822,0.032378372170406955
83,1,2,11,margin,0.09375124540478161,0.06497296844591896,6.383459711418553e-05,-0.22987289988711904
83,1,2,11,both,0.09401433316154795,0.0649476851269889,-0.0008220858050819364,-0.22991259102323777
83,1,4,11,real,0.09304519876441124,0.08880390372407325,0.006810996700490466,-0.0564538522278689
83,1,4,11,permC,0.09383816137001569,0.08641219346298741,-0.0011178941451787476,-0.05085217227237545
83,1,4,11,margin,0.09640898598892603,0.08013338157120242,0.00012989733211263288,-0.39170407268725904
83,1,4,11,both,0.09666391188761696,0.08017042386676004,-0.0009466877017468103,-0.391934428455041
83,4,1,11,real,0.08989261568866214,0.07455745930880311,0.007795999495769923,0.10375750706184948
83,4,1,11,permC,0.09169368174582931,0.06892379233690332,7.544928379210611e-05,0.11750177987560494
83,4,1,11,margin,0.0914718646592583,0.053865424646691425,-0.0029791637178061083,-0.10820606376551387
83,4,1,11,both,0.09284710879208469,0.053177520718494645,-0.002919962429793051,-0.10897905250208349
83,4,2,11,real,0.08928448665616681,0.08356524294663094,0.008841951010036134,0.02006454256864868
83,4,2,11,permC,0.09083684939128457,0.079227864079356,0.00029773590053667565,0.032985150484882514
83,4,2,11,margin,0.09295315634869047,0.06580575935756124,-0.0026115605342082737,-0.22931713708916007
83,4,2,11,both,0.09384521351203914,0.06501082621804757,-0.002005327243109395,-0.22954309382264387
83,4,4,11,real,0.0924478647918923,0.0903491857196148,0.011664574187181798,-0.06019746519715998
83,4,4,11,permC,0.09365089731624553,0.08614732601865929,-4.921611226677934e-05,-0.050446432470875276
83,4,4,11,margin,0.09562502663389583,0.08085718438382304,-0.0024773037696203815,-0.3910801158597106
83,4,4,11,both,0.09626962530011196,0.08027582626084481,-0.002065917311296637,-0.39150091942596954
83,8,1,11,real,0.09015957321400889,0.07922429833358946,0.022129507388985715,0.09259450631449648
83,8,1,11,permC,0.09132882108412829,0.06883731310916533,-0.0027081916783868267,0.11832695582181868
83,8,1,11,margin,0.0914746130210142,0.053894207456741956,-0.005482155556568622,-0.10782198691748482
83,8,1,11,both,0.09271090982542862,0.05252917094795869,-0.005946260997199886,-0.1084255193607178
83,8,2,11,real,0.08952418125965904,0.08778338675761443,0.022897430006770105,0.008623512924813864
83,8,2,11,permC,0.09013115641296451,0.07927415084547759,-0.002322046517972484,0.03397418497476602
83,8,2,11,margin,0.09277756142284546,0.06566323224960707,-0.004672689873482562,-0.22849119774164278
83,8,2,11,both,0.09327633165163424,0.06424082432461595,-0.005077923349127184,-0.22903585821988914
83,8,4,11,real,0.09212006224190053,0.09454152479488301,0.027155002377529547,-0.07020354564738103
83,8,4,11,permC,0.09318393842495362,0.08600715989160504,-0.002839979097652675,-0.0496283785478685
83,8,4,11,margin,0.09580041110242278,0.08057151120787273,-0.004636611137757957,-0.39035235454105666
83,8,4,11,both,0.09612665189218819,0.07975938618902365,-0.005548251635390106,-0.3914034220412905
83,1,1,29,real,0.08790791742713293,0.06372443013498749,0.003966066571139552,0.12048063231720148
83,1,1,29,permC,0.08724738428695554,0.06282382868431421,0.00029013624696263185,0.13053001473189985
83,1,1,29,margin,0.09243033569764617,0.05995654200240147,-0.0001254619045937729,-0.11999853205262127
83,1,1,29,both,0.09205953621452265,0.06035271125513927,-3.8244357198754145e-05,-0.12047775586076413
83,1,2,29,real,0.09006044828568124,0.0729595956726832,0.005196521441350011,0.039030003628305616
83,1,2,29,permC,0.08918007647554735,0.07246797196270456,0.0003650823608228141,0.04792387728665372
83,1,2,29,margin,0.09505079220425967,0.07345126481964007,-0.00029257099304998607,-0.22226131238332314
83,1,2,29,both,0.09467624968908286,0.07390073205560845,7.169965189337174e-05,-0.22246348309391767
83,1,4,29,real,0.08812632135537984,0.07616917044060263,0.006880257533707116,-0.05455794334620578
83,1,4,29,permC,0.08734648261608563,0.0759499552107285,0.0002977030337793044,-0.04741518510725829
83,1,4,29,margin,0.0957122503753399,0.07925140000644681,-0.000338694835132732,-0.3735360921645382
83,1,4,29,both,0.09501930954068107,0.0794018892048218,-9.459083598128973e-05,-0.37385842952092463
83,4,1,29,real,0.08698506591467729,0.06643850165064893,0.010143020783178375,0.11519520659585267
83,4,1,29,permC,0.08725956328665874,0.0629934527336464,-0.00032365639170143606,0.13011818190610452
83,4,1,29,margin,0.09194646320161322,0.06045340543506211,0.0017635613058106328,-0.11979000130003892
83,4,1,29,both,0.09195411677226303,0.060596660084710215,-0.00046828332785938304,-0.11993035227904685
83,4,2,29,real,0.08930061949600147,0.075542135284536,0.012046856555561359,0.03441795880912932
83,4,2,29,permC,0.08916846759259905,0.0726418050101065,-2.672165901286086e-05,0.047734033079686794
83,4,2,29,margin,0.09465239888705394,0.07384179793661327,0.0016355537190102243,-0.22201368012908498
83,4,2,29,both,0.09455214279208311,0.07385522339676874,-0.0007189599059349849,-0.2222767000993681
83,4,4,29,real,0.0871545425342939,0.07796892324107994,0.015383633712143805,-0.057516947101156735
83,4,4,29,permC,0.08733548764310316,0.07612404232062375,0.0002953605447621558,-0.047215567783406694
83,4,4,29,margin,0.0950925707740392,0.08004879243822599,0.0017118583489847128,-0.3731660314382428
83,4,4,29,both,0.09485833246643369,0.07908141017851548,-0.0009643250881052241,-0.3737507212206706
83,8,1,29,real,0.08836197528674698,0.07047305955675279,0.024225311472116453,0.10538536663609382
83,8,1,29,permC,0.08761323880927276,0.06348461472910161,-0.0035215082726366325,0.1309906067336839
83,8,1,29,margin,0.09212200208741883,0.060338610231745526,-0.004791870729936883,-0.11966518443684292
83,8,1,29,both,0.09214191682167963,0.06077840581650619,-0.0024529903347699222,-0.12031642504134155
83,8,2,29,real,0.09050291003781816,0.07928071909436615,0.02636126493410876,0.02484023653897982
83,8,2,29,permC,0.08942635054155443,0.07338287249211052,-0.003073610726671431,0.04875742072054277
83,8,2,29,margin,0.09510110903447576,0.07380929617236964,-0.004438900156184653,-0.22140788510533635
83,8,2,29,both,0.09480181634915906,0.07416373611870286,-0.001894512814452622,-0.2218536187632699
83,8,4,29,real,0.08789166330738062,0.08042178338557066,0.030498069232727673,-0.06629464222926978
83,8,4,29,permC,0.08785386100889764,0.07649672725207174,-0.002597553209725804,-0.046038204829380105
83,8,4,29,margin,0.09528128935401246,0.0798659605996894,-0.0037182360784167494,-0.3719158769667007
83,8,4,29,both,0.0948781788636517,0.07876467877161825,-0.0025436495095496336,-0.3737314113974992
85,1,1,11,real,0.25934967113640106,0.09685554000014711,5.920952119903289e-05,0.02642588993301845
85,1,1,11,permC,0.25936956331599403,0.09681065724372584,-0.0003850576904937675,0.02639535792451622
85,1,1,11,margin,0.27187186066878904,0.09556528139123839,-0.00044000313618740755,-0.04205200476548558
85,1,1,11,both,0.272016590489663,0.0954848223855311,-0.0005919810555123639,-0.04192861098065752
85,1,2,11,real,0.25878174117126634,0.09876502825285813,7.668928509350456e-06,0.029550886833494112
85,1,2,11,permC,0.2588358238870308,0.09871432756006808,-0.0003723305381237255,0.0295846225700516
85,1,2,11,margin,0.27113024237791505,0.09848292807893314,-0.00037943030454442217,-0.08193851583854314
85,1,2,11,both,0.2712420411978006,0.09839405395451906,-0.0006656307277972857,-0.08194934455764298
85,1,4,11,real,0.2640152395682062,0.10667143325129462,5.4215908834781557e-05,-0.00027034215738483414
85,1,4,11,permC,0.26404388304645854,0.10662479535839127,-0.000306572110855959,-0.0002173949738850105
85,1,4,11,margin,0.27172828039817026,0.09922652682786434,-0.00023483860501311016,-0.15053348799401056
85,1,4,11,both,0.2718072633859565,0.09915879526264348,-0.000728418557306117,-0.15075169624215057
85,4,1,11,real,0.25906360222498126,0.09757388428146382,0.003479370904741476,0.024496344425484602
85,4,1,11,permC,0.25938480218561255,0.09657044090499275,-0.0014334047568774766,0.026381503946316456
85,4,1,11,margin,0.27200607878369043,0.09566831201763985,-0.0017075101891760223,-0.04234302119424772
85,4,1,11,both,0.2723241044609036,0.09550559555529481,-0.001635361066700212,-0.04196929512221778
85,4,2,11,real,0.258498070987785,0.09955321320689035,0.0025188103850015773,0.026712321398910045
85,4,2,11,permC,0.258951757007595,0.09844459596226997,-0.0014741748981361436,0.02951727129822313
85,4,2,11,margin,0.27121301520899765,0.09854521451547094,-0.001458801826445829,-0.08204139673621808
85,4,2,11,both,0.2715064711568128,0.09849326965847195,-0.0015723205873609258,-0.08185333854757904
85,4,4,11,real,0.26362544595568715,0.10724476632091981,0.0025210526418015244,-0.003153212315494388
85,4,4,11,permC,0.2641289831867788,0.10644281438954875,-0.0011454512310262825,-2.1781005871385206e-05
85,4,4,11,margin,0.2717576538164898,0.0991597668692713,-0.001380606039499336,-0.1507027648042703
85,4,4,11,both,0.27210101720584784,0.09923016166908834,-0.0017580587520295012,-0.15077864056724632
85,8,1,11,real,0.2594706852897946,0.09795491696538373,0.0027236481856006594,0.02412659209086336
85,8,1,11,permC,0.2594462508376866,0.0964289636786408,-0.0028606984400336337,0.02640024459044576
85,8,1,11,margin,0.2721789955083691,0.09565868228150975,-0.0025767418790208587,-0.04232644534045309
85,8,1,11,both,0.2723194261571541,0.09560870570554382,-0.0034348586173198747,-0.04190439397028207
85,8,2,11,real,0.2589200990210908,0.0999636388878357,0.0017940387998844985,0.026373520198312544
85,8,2,11,permC,0.25902095442020806,0.09829195950202195,-0.002812090108096558,0.02962539041554818
85,8,2,11,margin,0.2714062506296798,0.0984370678109672,-0.0021204684951552735,-0.08181725586128805
85,8,2,11,both,0.27160176961980687,0.09863210260408986,-0.003275219456620136,-0.08169183871428287
85,8,4,11,real,0.26428533654251746,0.1074400745504059,0.001700981275016379,-0.0035873132977599547
85,8,4,11,permC,0.2642773686820298,0.10639419490447079,-0.0025796272766164066,-9.922724176048437e-06
85,8,4,11,margin,0.27197258333422325,0.0991061868102668,-0.002139860434597944,-0.15057621165572946
85,8,4,11,both,0.2721266315770823,0.09924081566628676,-0.0034994573424567597,-0.15065564045511823
85,1,1,29,real,0.2627791126056146,0.10422134724223937,0.0015069420962892746,0.030908741329530077
85,1,1,29,permC,0.26261427831445616,0.10416161830887159,-2.4804456651039697e-05,0.03106275682784961
85,1,1,29,margin,0.26354034064326554,0.09829780446721602,-0.0007300317830682506,-0.02584287301987619
85,1,1,29,both,0.263528359480368,0.0982926907386425,-0.0006173245893241381,-0.025888823727535964
85,1,2,29,real,0.26306037094595014,0.10563938183166763,0.0014315911920084283,0.02732096425159668
85,1,2,29,permC,0.26283369275015245,0.10556948739296919,-2.1551045586922408e-05,0.027553584065261177
85,1,2,29,margin,0.26347486363199457,0.09962197628381075,-0.0006328363968902406,-0.06353434608561485
85,1,2,29,both,0.2635789835938265,0.09958377021494914,-0.0005692897214912191,-0.06362945731161973
85,1,4,29,real,0.2607545564754742,0.11045655486112259,0.0014804152551459726,0.00586366238595141
85,1,4,29,permC,0.2605716068112149,0.11035512680650839,8.042004700607266e-05,0.006149429229071357
85,1,4,29,margin,0.26512701469905464,0.10609836604952631,-0.0006530866144178656,-0.1507301727275157
85,1,4,29,both,0.2652294097908361,0.10599835449156797,-0.0005369712831376123,-0.15077271529763936
85,4,1,29,real,0.2628826716100924,0.10443053407735027,0.007074286894719645,0.029377670175208658
85,4,1,29,permC,0.262768843889404,0.10421382343591161,-0.0015243153292731069,0.03099304798739781
85,4,1,29,margin,0.26335500043920534,0.09836959755218487,-0.0019489435441204979,-0.026311507310694048
85,4,1,29,both,0.26388219844401295,0.09827418766684422,-0.0023006929437593597,-0.025918854367781723
85,4,2,29,real,0.263612561143178,0.10581394707485121,0.006088081293259605,0.02487903840009607
85,4,2,29,permC,0.2629974986657876,0.10563056873557036,-0.0014738641899869527,0.02753107295303141
85,4,2,29,margin,0.2633168873009005,0.09972097882763833,-0.001602626910279616,-0.06375385912876984
85,4,2,29,both,0.2639553614296963,0.099612323513231,-0.0021606665779763854,-0.06356749645391543
85,4,4,29,real,0.26121940189782367,0.11051030540230333,0.005327170946093714,0.002612002124147361
85,4,4,29,permC,0.2607782015897022,0.11039158000531336,-0.0012412975780429214,0.006257513636192627
85,4,4,29,margin,0.2650577242553852,0.10629946675419641,-0.0012557616538979945,-0.15058257029676145
85,4,4,29,both,0.26550888258767713,0.10605369103657292,-0.0022020189101496683,-0.15078442521046193
85,8,1,29,real,0.262877103373546,0.10441073071663788,0.007370980113243543,0.029167360699213947
85,8,1,29,permC,0.2631205255325407,0.10440302425895731,-0.00261379744336566,0.030837698043500995
85,8,1,29,margin,0.26350276156910424,0.09825670988895792,-0.0015303975080759682,-0.02624488233924595
85,8,1,29,both,0.26383751385592347,0.09837735132853208,-0.0018639350767797416,-0.02592770551045051
85,8,2,29,real,0.26354310250796675,0.10584582290560232,0.006617028345585659,0.024900982757903516
85,8,2,29,permC,0.26331426193655716,0.10576087622416264,-0.0024678245572434623,0.027471244755970643
85,8,2,29,margin,0.2634471549584051,0.09968264641986499,-0.0012260791133602475,-0.0637292323964469
85,8,2,29,both,0.2638628089645822,0.09967530723544206,-0.0016420236832061876,-0.06349446256879362
85,8,4,29,real,0.2611412861416932,0.11053519704868384,0.005502024618549409,0.0022798531020844504
85,8,4,29,permC,0.2611161877392329,0.11045113311471413,-0.002385296738267882,0.0060476466461634095
85,8,4,29,margin,0.2652127198991433,0.10616461164674308,-0.0008688732041825428,-0.15054760291164243
85,8,4,29,both,0.2654295260292693,0.10604558598616548,-0.0019695910182469705,-0.15099760632820763
90,1,1,11,real,0.3279142152378193,0.07641393366172773,0.0005058340138946089,0.0341060309743408
90,1,1,11,permC,0.3280511383274216,0.07641700204641655,0.00010054591099618407,0.034071651254635085
90,1,1,11,margin,0.3296617612707379,0.06023941555532915,-0.00041579146384522014,-0.07954878604546756
90,1,1,11,both,0.32971407534406005,0.06021643382665291,-0.0004284298750308983,-0.07954108392412888
90,1,2,11,real,0.320844481779876,0.08038382491430388,0.0004673230411083954,-0.00907808389144221
90,1,2,11,permC,0.3208831831065422,0.08037588537085091,2.7607057013601117e-05,-0.009146891492344301
90,1,2,11,margin,0.3246817941450303,0.06760922208080392,-0.0002925613900652916,-0.1396901429133804
90,1,2,11,both,0.32474725249364406,0.06756431087953765,-0.0004625054434899042,-0.13983974643428065
90,1,4,11,real,0.31585745848901503,0.07528598706420729,0.0004185389287165164,-0.0350318045994009
90,1,4,11,permC,0.3158993775463671,0.07538633165195549,0.00015737098769240862,-0.0349220641572323
90,1,4,11,margin,0.3280590475106543,0.06400730627398096,-0.00046734732890102437,-0.2622153894843551
90,1,4,11,both,0.32801787067117383,0.0639928504602287,-0.0005379508961322518,-0.262265652519062
90,4,1,11,real,0.32772072380839556,0.07640655381712043,0.00012671094487979684,0.034032170300994924
90,4,1,11,permC,0.328197070717809,0.0762472971855584,-0.0006268303386869161,0.03417366955180077
90,4,1,11,margin,0.3297755147205379,0.06004759114338934,-0.0007617903996138171,-0.07942322498316845
90,4,1,11,both,0.3297618288666947,0.06018369364295576,-0.0004370939183380717,-0.07967692831986245
90,4,2,11,real,0.32057956190074494,0.08034058843497746,-0.00015566994204141427,-0.009395814478923088
90,4,2,11,permC,0.3210446318008259,0.08019170821764231,-0.0005789671361648336,-0.008924071138673946
90,4,2,11,margin,0.32475948025060297,0.06745284724489382,-0.0006431227264475463,-0.13956914425169492
90,4,2,11,both,0.32474395519874977,0.06749323799769014,-0.0005523615092657141,-0.14005678285248285
90,4,4,11,real,0.31566252439215203,0.07530533572818704,-4.8649117411999246e-05,-0.03519373024986047
90,4,4,11,permC,0.3160356744175267,0.07526296544951577,-0.0005792806637631801,-0.0348293212618391
90,4,4,11,margin,0.32817599725317836,0.06391596249164941,-0.0008329696885672662,-0.2621094518459537
90,4,4,11,both,0.3280202681016099,0.06393855323293522,-0.0004591542486640602,-0.2623140362240202
90,8,1,11,real,0.32786124938608907,0.07655103127758789,-0.0005534580430828866,0.03401265973213952
90,8,1,11,permC,0.32819988035169295,0.0764409801500068,-0.0015671937057929464,0.03432532871400873
90,8,1,11,margin,0.3299007660861344,0.06004862452057925,-0.00017783071903133368,-0.07919015791239405
90,8,1,11,both,0.3296943671489222,0.06019526723699441,-0.000762473801696778,-0.07961549833390444
90,8,2,11,real,0.32067234963624125,0.08034861295954454,-0.000855654764701184,-0.009435140882475572
90,8,2,11,permC,0.321088273423793,0.08035688304344671,-0.0012511359034020804,-0.008504217376597204
90,8,2,11,margin,0.32484665386426226,0.06756144783101123,-0.00013635654221033633,-0.1394132706772658
90,8,2,11,both,0.3246448933552547,0.0674941057741149,-0.0006927917297537741,-0.13981040320365418
90,8,4,11,real,0.3155334956621172,0.0753228343154193,-0.0006704007799333833,-0.035154823493274576
90,8,4,11,permC,0.31593686260759457,0.0753038958836037,-0.001224618098280052,-0.034382636167041986
90,8,4,11,margin,0.3281432695388721,0.06403261136306138,-0.0005447688445120908,-0.2621721436117066
90,8,4,11,both,0.32798449926766204,0.06384631127748529,-0.0007733536990114457,-0.2622414258050509
90,1,1,29,real,0.33549797392008257,0.07362729667838966,0.000534535945255793,0.040087765413468174
90,1,1,29,permC,0.3355984414374369,0.07366848177464197,0.000263962813898196,0.04004514649351992
90,1,1,29,margin,0.3247081614197209,0.056728865116551,0.0004921959051791547,-0.0743649903305365
90,1,1,29,both,0.3248454932358649,0.05659826301263865,0.00040678717927657615,-0.07439738954946809
90,1,2,29,real,0.3295199686016306,0.08031120080589199,0.0005061719902651196,-0.0027090616975121995
90,1,2,29,permC,0.3296571411244046,0.08036174618775407,0.0002459904792098399,-0.0027412889971581336
90,1,2,29,margin,0.3274537732425446,0.0687773579855045,0.000597778122481509,-0.13664746062493216
90,1,2,29,both,0.32763758993187625,0.06852824399528493,0.0004802020354958414,-0.1367120272049468
90,1,4,29,real,0.3288023257040339,0.07134039823052099,0.00041292576326336833,-0.03377908687424225
90,1,4,29,permC,0.3288776064182233,0.07138446348566868,0.00016042449907574527,-0.03380363392702053
90,1,4,29,margin,0.3230482862440596,0.07907340952658572,0.0005703155389601052,-0.26854351743745225
90,1,4,29,both,0.32319018953497847,0.07887360622712555,0.0004202088899885511,-0.2686406145794528
90,4,1,29,real,0.33559839432635774,0.07355639937910721,0.00107286324753042,0.039736694962213104
90,4,1,29,permC,0.3353639437047249,0.07384749932056664,0.0003427822314313785,0.040115824282922444
90,4,1,29,margin,0.3250771044504961,0.05685497063668318,-3.951573246151657e-05,-0.07414390191926144
90,4,1,29,both,0.32461932981064184,0.05688640230742168,-1.1487215962067504e-05,-0.07431655520004973
90,4,2,29,real,0.3296333569234474,0.08010535347035236,0.0011473830068505866,-0.0029572484344564283
90,4,2,29,permC,0.3293519916400474,0.08038510691837422,0.00023693077623674708,-0.0027584903282618827
90,4,2,29,margin,0.327939724108968,0.0689660928296963,-6.504577257671063e-05,-0.13655748447107463
90,4,2,29,both,0.32737048256699586,0.06878271226010206,7.644205495179376e-05,-0.13661667844083386
90,4,4,29,real,0.328712489501667,0.07090563819078778,0.0007693577510711203,-0.03431205263996419
90,4,4,29,permC,0.3284912270159178,0.07134870549008587,0.0001756482954759867,-0.03379655175875094
90,4,4,29,margin,0.3232850863121791,0.07908922149576525,3.8727040789082734e-05,-0.2683223058867075
90,4,4,29,both,0.32282538318651544,0.07902239577160858,-0.000106395698438011,-0.26866811042322236
90,8,1,29,real,0.3355193053348118,0.07379975367633503,0.0005158730530764876,0.039794592933148
90,8,1,29,permC,0.3353852632360648,0.0739885687622604,-0.00033590675405284487,0.040244062453263514
90,8,1,29,margin,0.324988643394002,0.056761829090548846,0.0001551943118228427,-0.07415020505872813
90,8,1,29,both,0.32461816581358205,0.05699751418679445,8.056360589158336e-05,-0.0742684764353917
90,8,2,29,real,0.32947843439067337,0.0802525640241381,0.0004679257988326653,-0.00302181747708552
90,8,2,29,permC,0.3293383741563729,0.08054404587594835,-0.0003530917439351725,-0.002541585692608511
90,8,2,29,margin,0.3278923637140784,0.06888356679481616,0.00021755305853534318,-0.13647589882371358
90,8,2,29,both,0.32739086456780936,0.06894923887029336,3.746595004108788e-05,-0.13669962660294016
90,8,4,29,real,0.32840669562109615,0.07116218369838753,0.00010948087679985008,-0.03435704134884664
90,8,4,29,permC,0.3284890109472308,0.07144143809960055,-0.000524517659041962,-0.033689790557443595
90,8,4,29,margin,0.32322241912739036,0.07908861603746337,0.00010976674354103619,-0.26845227936770666
90,8,4,29,both,0.3228568938548526,0.07916830757516866,0.00014833104331909058,-0.2684573557386609
92,1,1,11,real,0.1982223435963814,0.08448496761363386,0.005939572276081781,-0.013589928956125938
92,1,1,11,permC,0.19891223277122344,0.08395611673570536,0.0002012647699501935,-0.013038692535965771
92,1,1,11,margin,0.19038795351532073,0.09021050289534406,0.0003040255527349359,-0.05950406655208466
92,1,1,11,both,0.19054572801656927,0.09032446865947717,-1.3338221761721728e-05,-0.059549510811949674
92,1,2,11,real,0.19605325032576945,0.09041902704352962,0.003823822756693685,-0.02874584120728202
92,1,2,11,permC,0.19717131235352145,0.08979509335721059,0.0001885934857142335,-0.026091526551969713
92,1,2,11,margin,0.1876115706901983,0.09494089339254137,0.0002626332520389389,-0.1254588347980512
92,1,2,11,both,0.18772181324215986,0.09509130589023364,-2.8890211962136664e-05,-0.12547843874742065
92,1,4,11,real,0.1868919967575352,0.0930215925532685,0.004683876378976021,-0.08790286412041226
92,1,4,11,permC,0.187427853879075,0.09243084827900017,0.00024361940550625866,-0.08605357716759027
92,1,4,11,margin,0.17663956348465468,0.09591315474275357,0.00012012688414509792,-0.219095274495185
92,1,4,11,both,0.17669999437662715,0.09604473446453296,-1.7006309762618302e-05,-0.21896048817446107
92,4,1,11,real,0.19783175060289826,0.08474464185658309,0.014292954423483975,-0.01435972660995427
92,4,1,11,permC,0.19899445035148522,0.08398053303290075,0.00013038233378852754,-0.013075364404477586
92,4,1,11,margin,0.1901494965617385,0.09029837499813774,0.001077784030660639,-0.059420346122331366
92,4,1,11,both,0.19044792661447837,0.0903836990186086,-0.0002595442870720147,-0.0595754831079953
92,4,2,11,real,0.195541088072473,0.09071064094831442,0.010559996677900103,-0.031132847087306122
92,4,2,11,permC,0.19727026786873753,0.08983099021456661,0.00018031863021368091,-0.026065590839820414
92,4,2,11,margin,0.18744731006523177,0.09512275086461545,0.0009927988550588278,-0.12541870724320375
92,4,2,11,both,0.18756738704306133,0.09518058350905552,-0.0002388478303905576,-0.12546816259658441
92,4,4,11,real,0.18657755637347748,0.09334237918893779,0.011170595880168286,-0.09053932442045053
92,4,4,11,permC,0.1874443876459051,0.09256384713882583,0.0003091984918262939,-0.08595378751362039
92,4,4,11,margin,0.17659140640603552,0.09610106355617021,0.0009247002778203877,-0.21898073914968214
92,4,4,11,both,0.1765877293926417,0.09614384972098211,-0.00017933181746514665,-0.21890257991289894
92,8,1,11,real,0.19855456024025275,0.08545641155353266,0.0162233504711852,-0.014621616597872245
92,8,1,11,permC,0.19897685220160624,0.08406547832744832,4.5102434078107364e-05,-0.013044438056683668
92,8,1,11,margin,0.19023255509085604,0.09018587187905927,0.0012580280879642136,-0.059402451673525786
92,8,1,11,both,0.19037806246418595,0.09034266857136866,-0.0006191119010341695,-0.05953935431022673
92,8,2,11,real,0.1961138936732517,0.09136914836365351,0.012112095026945583,-0.03177303477387984
92,8,2,11,permC,0.1972114129904858,0.08990628363306677,5.8712229476963015e-05,-0.02607099099305279
92,8,2,11,margin,0.18758930728860118,0.09502498045973351,0.0011584549591281967,-0.12541540074763236
92,8,2,11,both,0.1874321144008232,0.09515995143755435,-0.0006519877199098745,-0.125485606074373
92,8,4,11,real,0.1871000946506457,0.0940414530654326,0.012888254557657084,-0.09101395177858093
92,8,4,11,permC,0.18754165987593666,0.09259991317380675,0.000323056376726046,-0.0858237233812163
92,8,4,11,margin,0.17660245990479856,0.09590906094701981,0.0009697704552514101,-0.21909801858074912
92,8,4,11,both,0.17648639233657898,0.09613637372711413,-0.0004890755328434322,-0.21881662721654652
92,1,1,29,real,0.17644315047910428,0.09165967705695546,0.004716541045946007,-0.005464458026731252
92,1,1,29,permC,0.17654348646982604,0.09127505569252294,-7.215227079467497e-05,-0.004762497785500641
92,1,1,29,margin,0.19740996806974148,0.08288641608688094,-0.00011067180910714901,-0.05681684067217381
92,1,1,29,both,0.19768277836617248,0.08291300229472008,-0.0003685916089383456,-0.056803310395265254
92,1,2,29,real,0.17366394425164167,0.09613026618152855,0.0028702950820757396,-0.021323316231710854
92,1,2,29,permC,0.17395655459516227,0.09609710505503538,6.297084998035016e-05,-0.018639986905834953
92,1,2,29,margin,0.1934454224888445,0.08715467043379488,-0.0001036804321661681,-0.11029697518346748
92,1,2,29,both,0.19376641304389247,0.0871960346060498,-0.00030457328424472274,-0.1102264179588063
92,1,4,29,real,0.16425835791232318,0.09607811965738182,0.0035129849482597357,-0.06656561867960023
92,1,4,29,permC,0.16420654753448893,0.09602423943073245,6.39445322179096e-05,-0.06452400553767076
92,1,4,29,margin,0.1822431758901851,0.0954658148855311,-4.142935641412067e-05,-0.20189585655401715
92,1,4,29,both,0.18259010037944082,0.09544702155692426,-0.00019561245761079424,-0.20177858957847405
92,4,1,29,real,0.1762544417806607,0.09202673919016478,0.009552490147777185,-0.006325437760886657
92,4,1,29,permC,0.17663751095322913,0.0913528901862299,-0.00031224841003463233,-0.004735231344865735
92,4,1,29,margin,0.1972535439354637,0.08291661208601,3.360989511185425e-05,-0.056818377324082354
92,4,1,29,both,0.19768405838975858,0.08284866030927088,-0.0006809664128903751,-0.0567397452481435
92,4,2,29,real,0.17365582979926314,0.09659095941646437,0.006252149285031574,-0.023638390864741603
92,4,2,29,permC,0.17403653175830097,0.09617201249651787,-7.266697925364943e-05,-0.018508262155194088
92,4,2,29,margin,0.1934006602541125,0.08724282864952884,1.5368724928910282e-05,-0.11032374438249998
92,4,2,29,both,0.1937214272958968,0.08720807100151284,-0.000638806040134776,-0.11018471076362257
92,4,4,29,real,0.1645684129148187,0.09631468520864735,0.006785476089527175,-0.06899005637431938
92,4,4,29,permC,0.16430831981527422,0.09611559658993443,-2.3712122141733528e-07,-0.06432082461123523
92,4,4,29,margin,0.1821568117544279,0.09544316440772241,5.400633821660747e-05,-0.20194623921551397
92,4,4,29,both,0.18262719519299334,0.09533454594797672,-0.0005118541053166872,-0.20171889127510617
92,8,1,29,real,0.17687037008696904,0.0922983540095166,0.01324096674515791,-0.006242978766946322
92,8,1,29,permC,0.17644658539453548,0.09156526112113644,0.00013904624885146175,-0.004687889865753145
92,8,1,29,margin,0.19738788780745808,0.08284327736727828,-0.0004652301056294143,-0.05674701264086444
92,8,1,29,both,0.1977052648931494,0.08281466741962928,-0.0012179291274622601,-0.05667310920414697
92,8,2,29,real,0.17419414852660847,0.0968740354227251,0.010003589806258725,-0.02349296794695484
92,8,2,29,permC,0.17388353706921197,0.09637379592221987,0.00033949082928816376,-0.01850005752642578
92,8,2,29,margin,0.19351656144049223,0.08713881154344744,-0.00047764319187293397,-0.11024655161534264
92,8,2,29,both,0.19368020505683622,0.0871583372244289,-0.001217518286823584,-0.11015982425174296
92,8,4,29,real,0.16498344149979638,0.0965612115587762,0.010408218425160782,-0.06897333164212616
92,8,4,29,permC,0.16423721588455495,0.09635476629279666,0.0005268085776489184,-0.06419773209213839
92,8,4,29,margin,0.18223132950576135,0.09539913274677636,-0.0003215130667834909,-0.2017515539365549
92,8,4,29,both,0.18260312434297288,0.09522283506005258,-0.001049634418427823,-0.2016530728296489
93,1,1,11,real,0.23539826691102603,0.12479358637872628,0.0033825951027798467,0.017171240662361732
93,1,1,11,permC,0.2355515213444985,0.12304963824216683,-0.0005028890667669501,0.025562294412620014
93,1,1,11,margin,0.2303614537316847,0.12199896051889221,0.0002726075417143481,-0.04499932656375926
93,1,1,11,both,0.23040177304709647,0.12212281924562227,-0.00022648701904801982,-0.044910961962736085
93,1,2,11,real,0.23362421466900604,0.12275659892586065,0.0036277084992215785,0.014354279346839749
93,1,2,11,permC,0.23384811965251195,0.12200426919300542,-0.00047548538088662545,0.022527623386536626
93,1,2,11,margin,0.22895251662435293,0.12790960601470094,0.0003111711682078448,-0.0903093693668348
93,1,2,11,both,0.22901597859320527,0.1279835192675127,-0.00021046127420381214,-0.09024354264746091
93,1,4,11,real,0.2272386033291602,0.12482465593807045,0.004606366574310914,-0.014671412043675733
93,1,4,11,permC,0.2279014630471259,0.12476303619723679,-0.00042073971106613517,-0.007421980409247705
93,1,4,11,margin,0.22685829470914023,0.12908706635153933,0.00036100796929872114,-0.17254913619507078
93,1,4,11,both,0.22680336057605205,0.12901781736226026,-0.00029749966182150234,-0.17262018466440548
93,4,1,11,real,0.2349398440462611,0.1253894292356329,0.006699644356940915,0.013108990121241271
93,4,1,11,permC,0.23556572843111576,0.12314393945785373,-0.0008948742315363818,0.025616178420497966
93,4,1,11,margin,0.2303649345812836,0.12187234093433937,-0.0006632739587151271,-0.04490552870016602
93,4,1,11,both,0.23041087337356678,0.12204739561210505,-0.0004977544039244386,-0.044827581776817255
93,4,2,11,real,0.23294662204871106,0.12280585881502941,0.007207998004569291,0.01055526905690593
93,4,2,11,permC,0.23388396681017912,0.12211290360000447,-0.0009180787912264898,0.022530899148844145
93,4,2,11,margin,0.22897750326204327,0.12780602120658913,-0.000556570424842695,-0.09014743159586262
93,4,2,11,both,0.22903474630388201,0.1279805349525147,-0.0005205311513898173,-0.09019896495385167
93,4,4,11,real,0.22675108659349438,0.12481973162836965,0.009478676292935065,-0.017178402120333114
93,4,4,11,permC,0.22793801032174005,0.12485897686314067,-0.0009803349982011045,-0.007535706523735289
93,4,4,11,margin,0.2268628460850452,0.12894777117156297,-0.0007110658935644368,-0.17259153069391123
93,4,4,11,both,0.2267266332408034,0.12894538949673492,-0.0006737798958884692,-0.1726418173276772
93,8,1,11,real,0.23446613453599052,0.12549848919266973,0.01506684036981449,0.01313751280482999
93,8,1,11,permC,0.23579007940216148,0.12314943725840108,-0.0017050346109727574,0.02566173418835781
93,8,1,11,margin,0.23036431740097033,0.12193349346960969,-0.0011075865714790523,-0.045050660675008396
93,8,1,11,both,0.2307663823734432,0.12203112337137399,-0.002032405347085801,-0.044727012015138824
93,8,2,11,real,0.23233878246456457,0.12334164688010991,0.013176403760869758,0.008185001483921539
93,8,2,11,permC,0.23409097708571935,0.12210629599497717,-0.0017171086620012082,0.022587585425365642
93,8,2,11,margin,0.22891965096376804,0.12778605219661887,-0.0011403414353327035,-0.09043202196843109
93,8,2,11,both,0.22933184245716454,0.12800138968755514,-0.0017647819869078354,-0.0898079950845299
93,8,4,11,real,0.22627373951147706,0.12500427813045936,0.014636047567996163,-0.020359704174556875
93,8,4,11,permC,0.22808793361433907,0.12487253424317875,-0.0017725695779347665,-0.0074722249561727325
93,8,4,11,margin,0.22686613800030536,0.12899923774038674,-0.0012896810241516028,-0.17287096518657682
93,8,4,11,both,0.22695541716684883,0.12908706395852215,-0.001715281428225764,-0.1720480981551747
93,1,1,29,real,0.2437563122891731,0.11702453032397764,0.0057338448652399406,0.01629781397143768
93,1,1,29,permC,0.24430427575580588,0.11596527662562595,-6.577323612951454e-05,0.024560251211649287
93,1,1,29,margin,0.23146747275418364,0.11764474790507327,0.0003155806405030862,-0.05169523287299446
93,1,1,29,both,0.2314053430429188,0.11782997098485738,0.0002139021676677196,-0.05179365382615019
93,1,2,29,real,0.2425127767056028,0.11828820712574609,0.006207692642687806,0.010091216836609934
93,1,2,29,permC,0.2427626245671974,0.11797309007998179,-4.770629427104193e-05,0.017897873241232144
93,1,2,29,margin,0.2270339577309069,0.12181194058736713,0.00044664500759254244,-0.11035536102419534
93,1,2,29,both,0.22697603488994392,0.12187608003633066,0.00021601991594831044,-0.11058272859615993
93,1,4,29,real,0.2344432657852173,0.12099370895041531,0.006887482132664508,-0.015258370894176735
93,1,4,29,permC,0.23467309656114285,0.12120079997621677,-6.809240484146699e-05,-0.008151890090101652
93,1,4,29,margin,0.22200016055087568,0.12220692449096565,0.0002659138975189823,-0.18415945393687091
93,1,4,29,both,0.22185361196135334,0.12223392037652557,0.00023341114973404742,-0.1841886991649762
93,4,1,29,real,0.2434435294681631,0.11779486637733869,0.010027611201059189,0.011589942679501279
93,4,1,29,permC,0.24443648386863812,0.11602445287273506,-0.0010781550741145358,0.024558106113881335
93,4,1,29,margin,0.23154924666508142,0.11756440638717039,0.0008244514683923286,-0.051596814182580365
93,4,1,29,both,0.2314557991951747,0.11776921752798879,-0.0003286338297976976,-0.05181753566680172
93,4,2,29,real,0.24217953550002588,0.11892368406682116,0.010843445500683314,0.0057253320668497944
93,4,2,29,permC,0.24291558451871062,0.11805425258278478,-0.0010758650710188298,0.017879951204701428
93,4,2,29,margin,0.2271171229380624,0.1217506816868444,0.0010486504939239323,-0.11016380767533909
93,4,2,29,both,0.2270213973180061,0.12185587355360541,-0.00020412624353854936,-0.11048422059883292
93,4,4,29,real,0.2342443814117328,0.12138999923785386,0.012173115003224036,-0.01897437565137286
93,4,4,29,permC,0.23475870124390572,0.121226288926333,-0.0010631915558849312,-0.008136752500928046
93,4,4,29,margin,0.22205066581564423,0.12219866926135307,0.0007034755614619784,-0.18413234441040308
93,4,4,29,both,0.22190821146523862,0.12227120284527225,3.0137488947941935e-06,-0.1839004424090016
93,8,1,29,real,0.24331827195010694,0.11777755921071342,0.017457141775110697,0.010820428115082407
93,8,1,29,permC,0.24430655091897605,0.11590530528486949,-0.0015231730008055944,0.02456404880670912
93,8,1,29,margin,0.23167184657710954,0.11743939601716022,0.0007137052286860327,-0.05145779048382059
93,8,1,29,both,0.23146868352634473,0.11778225801640613,-0.0004980873488677021,-0.051660613299871934
93,8,2,29,real,0.2421323521092825,0.1190896699738549,0.015369323553673762,0.002052164981369861
93,8,2,29,permC,0.24277677827127694,0.1178721640012911,-0.0015413102224893873,0.017865466672749714
93,8,2,29,margin,0.22734244880728494,0.12168498169209226,0.0008877129450675555,-0.11007497528572939
93,8,2,29,both,0.22700604788374218,0.12187745762423763,-0.0004491295106468414,-0.1104028479799414
93,8,4,29,real,0.2341565594434552,0.12103156418717365,0.016454786155678015,-0.022891749637389255
93,8,4,29,permC,0.23459066610329923,0.12102418459929369,-0.001372752339517308,-0.007995352665041578
93,8,4,29,margin,0.22217788897215274,0.1220769217485145,0.0005792847982306244,-0.18400676523516835
93,8,4,29,both,0.22192205219488267,0.12236912432578326,-0.00018838892031943405,-0.18376546919221604
