q,K,seed,world,n,m,full,I,P,X
1,0,11,real,15250,16,0.3271816697025558,0.24631673295133352,0.08086493675122225,0.0
1,0,11,null,15250,16,0.3187269768349401,0.2446997911197278,0.07402718571521227,0.0
1,1,11,real,15250,16,0.319928017235234,0.24409060988196313,0.08426249542250942,-0.008425088069238565
1,1,11,null,15250,16,0.2577250244334567,0.24399255945227905,0.07909943304893224,-0.0653669680677546
1,2,11,real,15250,16,0.30245911718754037,0.24317067164202175,0.08807972751200852,-0.028791281966489907
1,2,11,null,15250,16,0.19375321971129855,0.24430225401165678,0.08646536297529256,-0.13701439727565082
1,3,11,real,15250,16,0.2698476269226493,0.24093264599354483,0.09097864213342022,-0.06206366120431578
1,3,11,null,15250,16,0.12786466037366673,0.24436626809479184,0.08688322726646952,-0.20338483498759463
1,4,11,real,15250,16,0.2398425109432074,0.2410288099103405,0.09547415368394843,-0.09666045265108154
1,4,11,null,15250,16,0.08489092300203926,0.24400746247230803,0.09250616448651355,-0.2516227039567823
1,6,11,real,15250,16,0.1684119797113982,0.2382432132742266,0.0972895651180526,-0.167120798680881
1,6,11,null,15250,16,-0.003542232063336259,0.24301338767398667,0.09153782174165132,-0.33809344147897424
1,8,11,real,15250,16,0.10621350091847881,0.23835624296766453,0.09845766499073452,-0.23060040703992024
1,8,11,null,15250,16,-0.060116223877281216,0.23622653400419724,0.09258965716249733,-0.38893241504397574
1,12,11,real,15250,16,0.06504621274191769,0.2421963947858405,0.1014750948916188,-0.2786252769355416
1,12,11,null,15250,16,0.04427438956922791,0.2361916837734944,0.09459377337518503,-0.28651106757945155
1,0,29,real,15250,16,0.32079744131162835,0.24351164417679802,0.0772857971348303,0.0
1,0,29,null,15250,16,0.31580076059797124,0.24108585301223412,0.07471490758573707,0.0
1,1,29,real,15250,16,0.3172541188641935,0.2414105264604975,0.08111027710409664,-0.005266684700400629
1,1,29,null,15250,16,0.24703892247801618,0.24084016741651304,0.077861749757376,-0.07166299469587291
1,2,29,real,15250,16,0.29794506675452936,0.240503879684682,0.08448904364328508,-0.02704785657343772
1,2,29,null,15250,16,0.1868280526937175,0.24013461852045806,0.0862657047842889,-0.1395722706110295
1,3,29,real,15250,16,0.2613545393113801,0.23877648963819767,0.0870119682925243,-0.0644339186193419
1,3,29,null,15250,16,0.14286766058572475,0.2390319845645818,0.09046201586387548,-0.18662633984273252
1,4,29,real,15250,16,0.23111052865815995,0.2384850770861529,0.09219621543819773,-0.09957076386619068
1,4,29,null,15250,16,0.09423227536778533,0.2392161038325921,0.09276272814033182,-0.23774655660513863
1,6,29,real,15250,16,0.1592414005610937,0.2376322754470986,0.09292665110305917,-0.17131752598906408
1,6,29,null,15250,16,0.002731337977436965,0.23682170693677107,0.09358111225902818,-0.3276714812183623
1,8,29,real,15250,16,0.09333172401625756,0.2349113696744327,0.09402525826454801,-0.23560490392272318
1,8,29,null,15250,16,-0.06250841407446783,0.23554329509702815,0.09475753702597373,-0.39280924619746976
1,12,29,real,15250,16,0.06085483928137525,0.239811850592692,0.09775203510530278,-0.2767090464166195
1,12,29,null,15250,16,0.040263591720197556,0.23620408715127167,0.09152651691442437,-0.2874670123454985
1,0,47,real,15250,16,0.31799931369432466,0.2459377031129975,0.07206161058132715,0.0
1,0,47,null,15250,16,0.3182150164298928,0.24000209140687398,0.0782129250230188,0.0
1,1,47,real,15250,16,0.3045984000840398,0.24467992708853456,0.07533435130781768,-0.015415878312312448
1,1,47,null,15250,16,0.2546411112477788,0.2394603070120705,0.08421530486737172,-0.06903450063166343
1,2,47,real,15250,16,0.2894849950135845,0.24362121266801676,0.07844030522701648,-0.03257652288144876
1,2,47,null,15250,16,0.196328251503055,0.23915898380829498,0.08547534961576209,-0.12830608192100207
1,3,47,real,15250,16,0.25833770198767136,0.24096856244616208,0.08149156139291444,-0.06412242185140518
1,3,47,null,15250,16,0.13827101265189046,0.23680278815941713,0.08984064830859358,-0.18837242381612027
1,4,47,real,15250,16,0.2310130855820891,0.241257582886298,0.08780948452667808,-0.09805398183088701
1,4,47,null,15250,16,0.07197957399151012,0.23707922866862452,0.0927596035091038,-0.25785925818621824
1,6,47,real,15250,16,0.15759398216704013,0.23919348914169297,0.08971848514472634,-0.1713179921193792
1,6,47,null,15250,16,-0.011378672239746201,0.23553518803380413,0.09957873817749581,-0.3464925984510462
1,8,47,real,15250,16,0.09425372902381668,0.23784204885071975,0.09020320735552766,-0.23379152718243074
1,8,47,null,15250,16,-0.0695927740099862,0.23253488289339372,0.0961728322073099,-0.3983004891106898
1,12,47,real,15250,16,0.05936658386509808,0.2420252143878781,0.09261283506283824,-0.27527146558561827
1,12,47,null,15250,16,0.0387733613607808,0.23386078886349124,0.09676076869826414,-0.2918481962009746
4,0,11,real,2897,14,0.30979081288985366,0.2697486213471001,0.04004219154275357,0.0
4,0,11,null,2897,14,0.3151818051835007,0.2819417138996665,0.033240091283834206,0.0
4,1,11,real,2897,14,0.3482624751720721,0.26378593211455903,0.04604511124029409,0.038431431817218975
4,1,11,null,2897,14,0.21121449986316698,0.2691576595335875,0.040218037275473684,-0.0981611969458942
4,2,11,real,2897,14,0.3146050145418259,0.25392027674895407,0.05346107789397735,0.007223659898894452
4,2,11,null,2897,14,0.14471284555321928,0.25573215306126773,0.049254758813043975,-0.16027406632109242
4,3,11,real,2897,14,0.31041345459469916,0.25379149983357996,0.05025987537235857,0.006362079388760581
4,3,11,null,2897,14,0.07804774337439768,0.25454449408968965,0.04619497240882623,-0.22269172312411822
4,4,11,real,2897,14,0.2833664897336067,0.24977067125416624,0.05098317336103311,-0.01738735488159273
4,4,11,null,2897,14,0.04936394703331637,0.25247248715606574,0.05301419122837007,-0.25612273135111946
4,6,11,real,2897,14,0.2198040681458019,0.23599629442299885,0.04940581331793337,-0.06559803959513033
4,6,11,null,2897,14,-0.013681549923796776,0.25127182449901375,0.047000735163863605,-0.31195410958667413
4,8,11,real,2897,14,0.20585902801469302,0.24786237795161525,0.05703357587789348,-0.0990369258148157
4,8,11,null,2897,14,0.16199899247154936,0.2605644060987802,0.05041974569595904,-0.14898515932318987
4,12,11,real,2897,14,0.2637519679564353,0.27201268777482707,0.048614399259165955,-0.056875119077557754
4,12,11,null,2897,14,0.2941269464351235,0.2819212717750938,0.04388120211357123,-0.03167552745354155
4,0,29,real,2897,14,0.29681800813736137,0.26465873529976225,0.03215927283759912,0.0
4,0,29,null,2897,14,0.2860308881997242,0.25820961980877355,0.027821268390950667,0.0
4,1,29,real,2897,14,0.31774467387304317,0.25584237395824433,0.039705978195879156,0.022196321718919644
4,1,29,null,2897,14,0.17107274151892804,0.2406243696421307,0.03630702724700492,-0.10585865537020758
4,2,29,real,2897,14,0.27885817628557297,0.24545236143247012,0.04721778673878466,-0.013811971885681857
4,2,29,null,2897,14,0.10616220013352728,0.2352356082038067,0.04036570474651635,-0.1694391128167958
4,3,29,real,2897,14,0.28089252480998983,0.2475924971218488,0.04358717696993606,-0.010287149281795045
4,3,29,null,2897,14,0.037513678296164255,0.23129311868965213,0.04241885979296474,-0.23619830018645263
4,4,29,real,2897,14,0.26162253540514147,0.2479147243018913,0.045790403034596895,-0.032082591931346736
4,4,29,null,2897,14,-0.023610836388459733,0.22832793080459196,0.047017925529756366,-0.29895669272280806
4,6,29,real,2897,14,0.21239843785207313,0.23608147609023605,0.04425983120483491,-0.06794286944299785
4,6,29,null,2897,14,-0.04116526125954123,0.23822676105901758,0.03932636290938325,-0.31871838522794205
4,8,29,real,2897,14,0.22774658688379157,0.2445614337221558,0.04928636076577545,-0.06610120760413969
4,8,29,null,2897,14,0.11775680369565822,0.24145247505043466,0.04239260499269422,-0.16608827634747067
4,12,29,real,2897,14,0.2607732885857701,0.26686797887448943,0.0421540434707713,-0.04824873375949066
4,12,29,null,2897,14,0.2496594129469797,0.2541709646731927,0.044729527621309786,-0.049241079347522844
4,0,47,real,2897,14,0.3142665309916003,0.2891336191987256,0.025132911792874635,0.0
4,0,47,null,2897,14,0.31560255751926425,0.27306005172982695,0.042542505789437246,0.0
4,1,47,real,2897,14,0.349491629598239,0.279682778266542,0.03205217351834484,0.03775667781335214
4,1,47,null,2897,14,0.23400083719316123,0.2613818344252218,0.04857742791270351,-0.0759584251447641
4,2,47,real,2897,14,0.30280011477348956,0.27346257353467596,0.038379707232490526,-0.009042165993676946
4,2,47,null,2897,14,0.15658488399572534,0.24970936898500024,0.0555942956224353,-0.1487187806117102
4,3,47,real,2897,14,0.3009193345726613,0.2721177502412412,0.03438564552774044,-0.005584061196320359
4,3,47,null,2897,14,0.09044894131969305,0.25321512032239074,0.054513987572507694,-0.21728016657520538
4,4,47,real,2897,14,0.2562229538974258,0.26574504051757597,0.035817277472820666,-0.04533936409297088
4,4,47,null,2897,14,-0.007262423533886064,0.23997315708816336,0.05812750144718522,-0.3053630820692346
4,6,47,real,2897,14,0.235181764076011,0.2547142129825549,0.035312064920233324,-0.054844513826777276
4,6,47,null,2897,14,0.010754893402917909,0.24626206617591273,0.056984943914615796,-0.2924921166876106
4,8,47,real,2897,14,0.22802166999780393,0.2611842190130293,0.04291677727171006,-0.07607932628693542
4,8,47,null,2897,14,0.1265038683363333,0.25448118346267623,0.04927851877241821,-0.17725583389876115
4,12,47,real,2897,14,0.2755046432042181,0.2871570437628205,0.03219698705077878,-0.04384938760938123
4,12,47,null,2897,14,0.2805956014999238,0.2711698021499508,0.05268677677379633,-0.0432609774238233
7,0,11,real,1289,10,0.18742825660585338,0.09746650501487514,0.08996175159097825,0.0
7,0,11,null,1289,10,0.19116710399434633,0.1023755110262715,0.08879159296807482,0.0
7,1,11,real,1289,10,0.285448328594506,0.09827172675381887,0.10929159202528058,0.0778850098154065
7,1,11,null,1289,10,0.09924176346878089,0.10376454125260717,0.09860874386599774,-0.10313152164982405
7,2,11,real,1289,10,0.27484420730306225,0.09506433661716109,0.11688786452662714,0.062892006159274
7,2,11,null,1289,10,-0.01131542287251075,0.10120026952696724,0.1080019738400042,-0.22051766623948219
7,3,11,real,1289,10,0.222445995318161,0.09324571658229866,0.13033899816328223,-0.0011387194274199049
7,3,11,null,1289,10,-0.07016769312117366,0.10099131765306671,0.11742750794793214,-0.28858651872217245
7,4,11,real,1289,10,0.17049341398544338,0.09500111409875116,0.13234102577950255,-0.05684872589281033
7,4,11,null,1289,10,-0.13383578948146768,0.10506767166635256,0.12851788830404953,-0.3674213494518697
7,6,11,real,1289,10,0.0889083580035035,0.09829623683626125,0.12330066659162073,-0.13268854542437847
7,6,11,null,1289,10,-0.21646188058425397,0.10601418392893036,0.13243884617557755,-0.45491491068876183
7,8,11,real,1289,10,0.06494301835912686,0.10617243112938797,0.12346689593850592,-0.16469630870876703
7,8,11,null,1289,10,-0.042111137339547966,0.10273779677738085,0.1370279822411217,-0.2818769163580505
7,12,11,real,1289,10,0.18742825660585294,0.09746650501487508,0.08996175159097841,-5.551115123125782e-16
7,12,11,null,1289,10,0.19116710399434633,0.10237551102627147,0.08879159296807437,4.625929269271485e-16
7,0,29,real,1289,10,0.18324333877070076,0.08157994482526493,0.10166339394543582,0.0
7,0,29,null,1289,10,0.22607852053475241,0.10280668330298331,0.1232718372317691,0.0
7,1,29,real,1289,10,0.28136605503813183,0.08448376862023951,0.12165852252901418,0.07522376388887811
7,1,29,null,1289,10,0.11117408166159837,0.10210512273090852,0.13585263630421948,-0.12678367737352964
7,2,29,real,1289,10,0.26646027773463477,0.08213209871655143,0.12970110307434524,0.05462707594373807
7,2,29,null,1289,10,0.030989902505820566,0.10126279933285093,0.14306760609092495,-0.2133405029179553
7,3,29,real,1289,10,0.2040575240706869,0.08415012475200763,0.13295241184965167,-0.013045012530972436
7,3,29,null,1289,10,-0.05742394641661974,0.10162098973002873,0.1533499459545488,-0.31239488210119726
7,4,29,real,1289,10,0.13517269048318525,0.08200563124464813,0.13198250757809707,-0.07881544833955996
7,4,29,null,1289,10,-0.12807304512572681,0.10053689497887885,0.1505710110676695,-0.37918095117227524
7,6,29,real,1289,10,0.061734250236471166,0.08209552156945024,0.1403575761477827,-0.16071884748076176
7,6,29,null,1289,10,-0.2788306656359767,0.09668764233704102,0.1521036171394915,-0.5276219251125092
7,8,29,real,1289,10,0.013046123850956937,0.0887586857819473,0.14020623812439187,-0.21591880005538225
7,8,29,null,1289,10,-0.031773165257489966,0.10709942723142482,0.15670879982832933,-0.2955813923172441
7,12,29,real,1289,10,0.18324333877070031,0.08157994482526455,0.10166339394543555,1.8503717077085943e-16
7,12,29,null,1289,10,0.2260785205347523,0.10280668330298327,0.12327183723176889,1.295260195396016e-16
7,0,47,real,1289,10,0.1933479251445266,0.0861196443896225,0.10722828075490409,0.0
7,0,47,null,1289,10,0.17790169338899176,0.09235639162959036,0.0855453017594014,0.0
7,1,47,real,1289,10,0.29902548545888796,0.08637573501961594,0.1249553850145725,0.08769436542469951
7,1,47,null,1289,10,0.10880851890901566,0.09251234955414758,0.09284979293987047,-0.07655362358500241
7,2,47,real,1289,10,0.25263305538289793,0.08567590759264743,0.13033374094205868,0.03662340684819182
7,2,47,null,1289,10,0.01904084686127161,0.08942251154472153,0.09814744655247137,-0.1685291112359213
7,3,47,real,1289,10,0.20894776723604025,0.08706788932367496,0.13591241551205888,-0.014032537599693602
7,3,47,null,1289,10,-0.06781199390417547,0.08765486548743223,0.11750202530692326,-0.272968884698531
7,4,47,real,1289,10,0.13955822815885122,0.08278758290575833,0.134389100824434,-0.07761845557134112
7,4,47,null,1289,10,-0.16723975961737492,0.09077619344017974,0.12298768136006277,-0.3810036344176174
7,6,47,real,1289,10,0.0659530870614804,0.08694501245867034,0.15144972554939432,-0.17244165094658426
7,6,47,null,1289,10,-0.29092922484582573,0.0898831135838219,0.13034723724241598,-0.5111595756720636
7,8,47,real,1289,10,0.05632650660103988,0.09642209562151773,0.15146248117794564,-0.1915580701984235
7,8,47,null,1289,10,-0.059946213626895783,0.09581395215524459,0.14189488250632443,-0.2976550482884648
7,12,47,real,1289,10,0.19334792514452492,0.0861196443896225,0.10722828075490382,-1.3877787807814457e-15
7,12,47,null,1289,10,0.1779016933889922,0.09235639162959033,0.08554530175940142,4.2558549277297664e-16
8,0,11,real,1468,10,0.2210656984455962,0.13235781295795257,0.08870788548764363,0.0
8,0,11,null,1468,10,0.1902622543197936,0.11794478146509851,0.07231747285469509,0.0
8,1,11,real,1468,10,0.17522275375283092,0.1291210521796426,0.09833814055127943,-0.052236438978091104
8,1,11,null,1468,10,0.0985680260643309,0.11772239645130005,0.07772490333197224,-0.0968792737189414
8,2,11,real,1468,10,0.15102174976160732,0.12866472585937366,0.11011929500897812,-0.08776227110674448
8,2,11,null,1468,10,-0.022205958175150586,0.11683134013098907,0.08050736896823114,-0.2195446672743708
8,3,11,real,1468,10,0.17418004938914633,0.12839245918286268,0.11896584517384712,-0.07317825496756347
8,3,11,null,1468,10,-0.08480872914861193,0.1131025928880997,0.09085650658812494,-0.2887678286248366
8,4,11,real,1468,10,0.1431696679266352,0.131399666289599,0.11998835909023456,-0.10821835745319838
8,4,11,null,1468,10,-0.13610843580735565,0.11460669103306126,0.09788516623776478,-0.34860029307818163
8,6,11,real,1468,10,0.09485104005485179,0.12373950556258898,0.12457952722152818,-0.15346799272926537
8,6,11,null,1468,10,-0.188018931219621,0.11468614215088097,0.11194425692209498,-0.4146493302925969
8,8,11,real,1468,10,0.034994014022620146,0.13080671149066964,0.12885383753426216,-0.22466653500231168
8,8,11,null,1468,10,0.02617690292573438,0.11621441090215061,0.12458606529519367,-0.2146235732716099
8,12,11,real,1468,10,0.22106569844559454,0.13235781295795265,0.08870788548764355,-1.6838382540148207e-15
8,12,11,null,1468,10,0.19026225431979338,0.11794478146509879,0.07231747285469475,-1.6653345369377348e-16
8,0,29,real,1468,10,0.24613816902492525,0.12717748100627874,0.11896068801864651,0.0
8,0,29,null,1468,10,0.25102908016286285,0.126703440627077,0.12432563953578583,0.0
8,1,29,real,1468,10,0.2052009787643585,0.12627747550152746,0.1258884509248025,-0.04696494766197149
8,1,29,null,1468,10,0.14664892031333765,0.12314748465136069,0.1331398579810608,-0.10963842231908384
8,2,29,real,1468,10,0.1813898133142614,0.12485936906970431,0.14250681083720113,-0.08597636659264406
8,2,29,null,1468,10,0.07541690610974017,0.12271646486765923,0.150287128548451,-0.19758668730637005
8,3,29,real,1468,10,0.1773482089723809,0.12316781370596183,0.157734797244205,-0.10355440197778594
8,3,29,null,1468,10,0.009563359958085327,0.12261572363919065,0.15994364604654637,-0.27299600972765165
8,4,29,real,1468,10,0.15753469146322097,0.12283346504824885,0.14869149930229006,-0.11399027288731794
8,4,29,null,1468,10,-0.07984920651034422,0.12567375785939502,0.1632105892064731,-0.3687335535762123
8,6,29,real,1468,10,0.09407397416306007,0.12168842343161984,0.15422788594511033,-0.1818423352136701
8,6,29,null,1468,10,-0.18472590677336953,0.12317953036158341,0.17619992026208148,-0.4841053573970344
8,8,29,real,1468,10,0.03895784007884262,0.1336740069960497,0.16264949353565672,-0.2573656604528638
8,8,29,null,1468,10,0.011450518747126437,0.12696394287193502,0.17666027192209033,-0.2921736960468989
8,12,29,real,1468,10,0.2461381690249289,0.12717748100627876,0.11896068801864632,3.8117657178797036e-15
8,12,29,null,1468,10,0.2510290801628632,0.12670344062707706,0.12432563953578596,1.6653345369377348e-16
8,0,47,real,1468,10,0.24075488561885972,0.10905502160031602,0.13169986401854367,0.0
8,0,47,null,1468,10,0.22384632719883435,0.09987750906600962,0.12396881813282472,0.0
8,1,47,real,1468,10,0.18995467486594542,0.10529678456319554,0.1446177567808514,-0.059959866478101545
8,1,47,null,1468,10,0.13493692131866797,0.09606111492123179,0.12934280334685494,-0.09046699694941876
8,2,47,real,1468,10,0.19906236358420537,0.1052832944485767,0.15588484585314855,-0.06210577671751992
8,2,47,null,1468,10,0.07160414400042048,0.09738703792371757,0.1389009192041209,-0.164683813127418
8,3,47,real,1468,10,0.16788857666278456,0.10493936617825764,0.16735265955868087,-0.10440344907415396
8,3,47,null,1468,10,-0.01366278347263905,0.09730018407551273,0.14723715667188914,-0.2582001242200409
8,4,47,real,1468,10,0.11745361766581164,0.10592521835170748,0.16541091287009552,-0.1538825135559914
8,4,47,null,1468,10,-0.1204729635047872,0.10189216399008832,0.1562077474791011,-0.3785728749739766
8,6,47,real,1468,10,0.06194493578671889,0.10427748348100462,0.1704127594755655,-0.2127453071698512
8,6,47,null,1468,10,-0.22114347704755466,0.09912994533265991,0.1651153906113641,-0.48538881299157866
8,8,47,real,1468,10,0.07898469495913207,0.1101078283190918,0.16784746412070498,-0.19897059748066476
8,8,47,null,1468,10,-0.002613458018258852,0.101430551783108,0.1739247391138774,-0.2779687489152442
8,12,47,real,1468,10,0.24075488561886005,0.10905502160031609,0.13169986401854403,-1.1102230246251563e-16
8,12,47,null,1468,10,0.22384632719883568,0.09987750906600967,0.12396881813282479,1.2212453270876722e-15
13,0,11,real,8648,19,0.4374156878111277,0.3230601481902683,0.11435553962085941,0.0
13,0,11,null,8648,19,0.4365896814816055,0.31749981096286906,0.11908987051873643,0.0
13,1,11,real,8648,19,0.4153882823743684,0.3122289337503215,0.11767955482327999,-0.014520206199233127
13,1,11,null,8648,19,0.39612865832305433,0.30514762043264415,0.12210084823591288,-0.031119810345502708
13,2,11,real,8648,19,0.3900857586845179,0.3128537113672414,0.12159241025608852,-0.044360362938812015
13,2,11,null,8648,19,0.3631107745640392,0.30588235134949054,0.12169133230690382,-0.06446290909235519
13,3,11,real,8648,19,0.36940264989415317,0.3139575151972329,0.12031357483265208,-0.06486844013573184
13,3,11,null,8648,19,0.32642698229383726,0.3065302921386386,0.1197828889140127,-0.09988619875881401
13,4,11,real,8648,19,0.34730657468297876,0.31427093353386576,0.11878363993628108,-0.08574799878716811
13,4,11,null,8648,19,0.28614320039150787,0.30426189568526835,0.12410031889449558,-0.14221901418825605
13,6,11,real,8648,19,0.2780934593811837,0.3091483018184692,0.1168283909962926,-0.14788323343357812
13,6,11,null,8648,19,0.22072358763703148,0.30858304649992996,0.12252235662136897,-0.21038181548426746
13,8,11,real,8648,19,0.24658596682873135,0.306122421162465,0.11501060046761671,-0.1745470548013504
13,8,11,null,8648,19,0.17634739422324253,0.30279195705321305,0.12313837214118124,-0.24958293497115178
13,12,11,real,8648,19,0.17269339172841114,0.31328122525764923,0.1173072779793075,-0.2578951115085456
13,12,11,null,8648,19,0.1599044715859821,0.3026690056295113,0.12069711618574441,-0.2634616502292736
13,0,29,real,8648,19,0.433726788778932,0.31883915658624173,0.11488763219269026,0.0
13,0,29,null,8648,19,0.432299101587476,0.3203991862461088,0.11189991534136717,0.0
13,1,29,real,8648,19,0.41373952761567867,0.308383847537478,0.11778368235937925,-0.012428002281178612
13,1,29,null,8648,19,0.3899389835082002,0.3065745870185552,0.11414909714581038,-0.030784700656165398
13,2,29,real,8648,19,0.38693912098885486,0.30898424704539457,0.12214827745366924,-0.04419340351020895
13,2,29,null,8648,19,0.35163385508788914,0.3053846527541294,0.11337131998423358,-0.06712211765047389
13,3,29,real,8648,19,0.36413647340158195,0.30902936003866677,0.1225466633415168,-0.06743954997860163
13,3,29,null,8648,19,0.318418621895014,0.3070199520144046,0.1132111755730699,-0.10181250569246049
13,4,29,real,8648,19,0.3504586049351015,0.309500345621459,0.1188067631747993,-0.07784850386115684
13,4,29,null,8648,19,0.27789231453193386,0.3042465808766168,0.11568265830529323,-0.1420369246499762
13,6,29,real,8648,19,0.29061231258493214,0.3039147302130722,0.11567684955376598,-0.12897926718190605
13,6,29,null,8648,19,0.20228627714013647,0.30621165754678575,0.11464485915957706,-0.21857023956622637
13,8,29,real,8648,19,0.24270563031367987,0.3030239909599315,0.11409766958693177,-0.17441603023318342
13,8,29,null,8648,19,0.16234837606046804,0.30320210797872355,0.11414291494145179,-0.2549966468597073
13,12,29,real,8648,19,0.16343245699139297,0.3066232535422338,0.11267379778144053,-0.2558645943322813
13,12,29,null,8648,19,0.150505579454854,0.3057160268373441,0.11363548727831085,-0.268845934660801
13,0,47,real,8648,19,0.44187758969407676,0.3206397958395411,0.12123779385453565,0.0
13,0,47,null,8648,19,0.4401806233191269,0.3223114908024888,0.11786913251663811,0.0
13,1,47,real,8648,19,0.4204763815435153,0.3085994398759056,0.1251824553373882,-0.013305513669778538
13,1,47,null,8648,19,0.4023881496352365,0.3106195253421611,0.12048548879569174,-0.028716864502616363
13,2,47,real,8648,19,0.39006080521803144,0.3090717950305089,0.128828526135264,-0.04783951594774151
13,2,47,null,8648,19,0.35955164746009505,0.3074957462220359,0.11988508954311441,-0.06782918830505531
13,3,47,real,8648,19,0.3787542446579679,0.311627557031837,0.1277302342216877,-0.06060354659555674
13,3,47,null,8648,19,0.32559590427661156,0.307114483117529,0.11919623305955619,-0.10071481190047363
13,4,47,real,8648,19,0.3511858269212038,0.3106292479602074,0.12573798111246873,-0.08518140215147237
13,4,47,null,8648,19,0.2903734556847338,0.30840882528812813,0.11984793680056761,-0.1378833064039619
13,6,47,real,8648,19,0.2837122915971456,0.30579434944749195,0.12343010929356116,-0.14551216714390752
13,6,47,null,8648,19,0.23155031814400273,0.31053167164603895,0.11968158849413321,-0.19866294199616946
13,8,47,real,8648,19,0.2471797334479796,0.30670442479159604,0.12173027465404909,-0.18125496599766555
13,8,47,null,8648,19,0.17839822287561324,0.30855178782423953,0.11907290470995785,-0.2492264696585842
13,12,47,real,8648,19,0.18740185659558295,0.3106615271694706,0.12129314157566498,-0.24455281214955263
13,12,47,null,8648,19,0.1473272354425592,0.30729370190081845,0.11835631203327421,-0.2783227784915335
17,0,11,real,1367,10,0.1576601230986393,0.20016011280822155,-0.042499989709582235,0.0
17,0,11,null,1367,10,0.18688251082551954,0.20508932498366664,-0.018206814158147126,0.0
17,1,11,real,1367,10,0.06363458751977757,0.18925901961627464,-0.032591377564834614,-0.09303305453166245
17,1,11,null,1367,10,0.053187357714538974,0.1938271190773873,-0.012026947736963056,-0.12861281362588525
17,2,11,real,1367,10,0.0635885844176296,0.18964633810296502,-0.019387936523055666,-0.10666981716227976
17,2,11,null,1367,10,-0.049723581906589986,0.17809521636243053,-0.0015478417576234409,-0.2262709565113971
17,3,11,real,1367,10,-0.0362021308328202,0.1820332166796068,-0.014136345780795846,-0.20409900173163117
17,3,11,null,1367,10,-0.1554058449405149,0.17185542907989543,0.0032197241431237145,-0.330480998163534
17,4,11,real,1367,10,-0.14089855835880627,0.17531716468971545,-0.014638783796733073,-0.30157693925178863
17,4,11,null,1367,10,-0.2393804072133845,0.1721709795420936,0.008091880814325898,-0.41964326756980397
17,6,11,real,1367,10,0.0708738564456376,0.19270673992974086,0.001842283800588821,-0.12367516728469206
17,6,11,null,1367,10,0.004881903500829177,0.19138649999947177,0.020283184310260344,-0.20678778080890298
17,8,11,real,1367,10,0.13729473394644387,0.19685000639241146,-0.024158905330094713,-0.035396367115872886
17,8,11,null,1367,10,0.16390814477632187,0.2043382343750021,0.005311182972706107,-0.04574127257138633
17,12,11,real,1367,10,0.15766012309864041,0.20016011280822144,-0.04249998970958213,1.1102230246251565e-15
17,12,11,null,1367,10,0.18688251082552088,0.20508932498366672,-0.018206814158146994,1.1287267417022424e-15
17,0,29,real,1367,10,0.19135524748778743,0.1954536404838522,-0.0040983929960647925,0.0
17,0,29,null,1367,10,0.2010804154272111,0.1815612761873836,0.01951913923982751,0.0
17,1,29,real,1367,10,0.106629996897044,0.18848633933201678,0.006166199104285897,-0.0880225415392587
17,1,29,null,1367,10,0.051672835703100994,0.17038422751452673,0.028901708256210724,-0.14761310006763645
17,2,29,real,1367,10,0.06578764779778357,0.19020009135986826,0.013188536319417871,-0.13760097988150258
17,2,29,null,1367,10,-0.04594168689988187,0.16041236232852454,0.0346318624830859,-0.2409859117114923
17,3,29,real,1367,10,0.034418096885815874,0.1793866760492842,0.017990425280179852,-0.1629590044436482
17,3,29,null,1367,10,-0.10874842682972297,0.1652997650980064,0.033545305185545084,-0.30759349711327444
17,4,29,real,1367,10,-0.021355053118691236,0.17123538245260522,0.022727541378246785,-0.21531797694954324
17,4,29,null,1367,10,-0.1836984896272642,0.1570126652507537,0.0364264735871085,-0.37713762846512644
17,6,29,real,1367,10,0.06690563276869055,0.18600504014245686,0.037691424891134064,-0.15679083226490037
17,6,29,null,1367,10,0.0007862711962489666,0.16963181727843818,0.04794148658040677,-0.21678703266259597
17,8,29,real,1367,10,0.17971365279840212,0.1987362304530778,0.011283589943597959,-0.030306167598273648
17,8,29,null,1367,10,0.18380262587750995,0.18560988819449065,0.04756849424350468,-0.04937575656048537
17,12,29,real,1367,10,0.1913552474877872,0.19545364048385205,-0.0040983929960646814,-1.6653345369377348e-16
17,12,29,null,1367,10,0.2010804154272111,0.1815612761873836,0.019519139239827288,2.220446049250313e-16
17,0,47,real,1367,10,0.17964341696128416,0.19499732139042275,-0.015353904429138586,0.0
17,0,47,null,1367,10,0.17709573997364536,0.1921878699414445,-0.015092129967799128,0.0
17,1,47,real,1367,10,0.07924066292632959,0.193191480187189,-0.007025961246656274,-0.10692485601420314
17,1,47,null,1367,10,0.07602063531599401,0.17600113723128355,-0.008462507444013797,-0.09151799447127575
17,2,47,real,1367,10,0.05988032321923109,0.1865855148800476,0.006556913336160616,-0.13326210499697713
17,2,47,null,1367,10,-0.003123690183936212,0.17178811010051803,-0.002490016277290341,-0.1724217840071639
17,3,47,real,1367,10,-0.013511652321061218,0.17700686458786896,0.013382484073958017,-0.20390100098288821
17,3,47,null,1367,10,-0.08753354373474398,0.16843001481693354,0.005322368881643742,-0.26128592743332124
17,4,47,real,1367,10,-0.10359553282600475,0.17100110201710322,0.013324819416272744,-0.28792145425938076
17,4,47,null,1367,10,-0.17821879923299289,0.1630872778720027,0.019451046358654557,-0.36075712346365013
17,6,47,real,1367,10,0.06330660350740991,0.18704315813625524,0.036196560229663055,-0.1599331148585084
17,6,47,null,1367,10,-0.027742421504092674,0.1726265079037463,0.03363046216556784,-0.23399939157340682
17,8,47,real,1367,10,0.1450281299453806,0.2014805568177276,0.006369993414595635,-0.06282242028694264
17,8,47,null,1367,10,0.15431303207249558,0.19283061858312625,0.012709381643256504,-0.05122696815388718
17,12,47,real,1367,10,0.1796434169612836,0.19499732139042275,-0.015353904429138511,-6.4763009769800785e-16
17,12,47,null,1367,10,0.1770957399736457,0.1921878699414443,-0.015092129967799035,4.2558549277297664e-16
19,0,11,real,3805,19,0.2602625851741599,0.1554218464842681,0.1048407386898918,0.0
19,0,11,null,3805,19,0.265290869502505,0.14722730488383706,0.11806356461866796,0.0
19,1,11,real,3805,19,0.27574510254626117,0.15417399215879374,0.11164994717856508,0.009921163208902312
19,1,11,null,3805,19,0.2097303663876029,0.14358027147363228,0.12090086405441523,-0.054750769140444626
19,2,11,real,3805,19,0.2682580857479502,0.1537303064890702,0.11240640657156842,0.002121372687311551
19,2,11,null,3805,19,0.14803106579225156,0.14028615681364948,0.12398343632562671,-0.11623852734702464
19,3,11,real,3805,19,0.26378287625844987,0.15426890044413816,0.11518541181970288,-0.0056714360053911625
19,3,11,null,3805,19,0.11319670034684992,0.13664163105430363,0.12555892845921598,-0.1490038591666697
19,4,11,real,3805,19,0.2551494819685902,0.15369596982116981,0.12087269147953181,-0.01941917933211142
19,4,11,null,3805,19,0.07194071945820657,0.13666567088004924,0.1283631614368622,-0.19308811285870486
19,6,11,real,3805,19,0.19650235357624557,0.1518694558094818,0.12221025296245154,-0.07757735519568779
19,6,11,null,3805,19,-0.0218806922889363,0.13589822589144354,0.1314741937824668,-0.28925311196284664
19,8,11,real,3805,19,0.12460892554994496,0.1539435725225919,0.12419506414484621,-0.15352971111749317
19,8,11,null,3805,19,-0.09171906926017237,0.13995912877921862,0.12868495680644743,-0.3603631548458384
19,12,11,real,3805,19,-0.05443058597533157,0.15037110741506038,0.1226042768232723,-0.32740597021366424
19,12,11,null,3805,19,-0.23411661838848397,0.15094751127183925,0.12801523712566404,-0.5130793667859872
19,0,29,real,3805,19,0.2635721086390359,0.14689315308388456,0.11667895555515134,0.0
19,0,29,null,3805,19,0.2580605736581144,0.15877563774555703,0.09928493591255738,0.0
19,1,29,real,3805,19,0.2771562560395294,0.14796582927988441,0.12218149900459915,0.007008927755045838
19,1,29,null,3805,19,0.205311954034893,0.15508559662216354,0.10164782835087849,-0.05142147093814906
19,2,29,real,3805,19,0.26090790305444767,0.14630261088337604,0.12310907280724387,-0.008503780636172279
19,2,29,null,3805,19,0.14795814999114498,0.15176370668750333,0.10778664191551446,-0.1115921986118728
19,3,29,real,3805,19,0.2524102225761664,0.14661553862765817,0.1262218440227947,-0.020427160074286483
19,3,29,null,3805,19,0.09983631422442996,0.14999464203049617,0.11021840751305806,-0.1603767353191243
19,4,29,real,3805,19,0.23717987311393474,0.14772802991396938,0.12730854177840578,-0.03785669857844043
19,4,29,null,3805,19,0.06378863929068901,0.14715336196375947,0.11229763149184915,-0.19566235416491962
19,6,29,real,3805,19,0.17635685086735375,0.14580971407932813,0.1292492466707193,-0.09870210988269368
19,6,29,null,3805,19,-0.01722731129918076,0.1483384168068108,0.11334048206804377,-0.27890621017403533
19,8,29,real,3805,19,0.10776349415090958,0.1470951919985526,0.13050957769313004,-0.16984127554077305
19,8,29,null,3805,19,-0.09646375842924515,0.15074282734847594,0.11109109694153108,-0.3582976827192521
19,12,29,real,3805,19,-0.08484679132502393,0.1422761109272921,0.12462985233404028,-0.35175275458635624
19,12,29,null,3805,19,-0.2314308429570251,0.15587548798182116,0.10774971659347639,-0.4950560475323226
19,0,47,real,3805,19,0.2787962718920416,0.15300278092310926,0.12579349096893233,0.0
19,0,47,null,3805,19,0.2743960921737818,0.15767765974066106,0.11671843243312074,0.0
19,1,47,real,3805,19,0.2929270768078779,0.15167190855923207,0.12961625349359407,0.011638914755051707
19,1,47,null,3805,19,0.21968915763583086,0.15445676189466925,0.11918521300139204,-0.05395281726023045
19,2,47,real,3805,19,0.2730009872680432,0.1505297296015346,0.12989938334311574,-0.007428125676607148
19,2,47,null,3805,19,0.16633329183285994,0.15154791067259876,0.12444344119594673,-0.10965806003568555
19,3,47,real,3805,19,0.2624343686565236,0.1501969737206571,0.13471068868708608,-0.02247329375121959
19,3,47,null,3805,19,0.1101974503392219,0.1482015672010244,0.1265410872384245,-0.16454520410022702
19,4,47,real,3805,19,0.2551665747589681,0.1518184391580836,0.13647979872785368,-0.033131663126969205
19,4,47,null,3805,19,0.06889671799068986,0.14927436899095456,0.1251816531608789,-0.2055593041611436
19,6,47,real,3805,19,0.1891394294676405,0.1517756740995036,0.13796041562467404,-0.10059666025653712
19,6,47,null,3805,19,-0.01632614532521326,0.14859610463161288,0.1289625847674195,-0.29388483472424565
19,8,47,real,3805,19,0.11785282813123765,0.15178495618686133,0.13865061605811607,-0.17258274411373975
19,8,47,null,3805,19,-0.0949479503700763,0.14884515241193036,0.1277294862568043,-0.37152258903881097
19,12,47,real,3805,19,-0.06929674358167293,0.14659443940969935,0.13822426036248453,-0.35411544335385675
19,12,47,null,3805,19,-0.22319010551050233,0.15523575238641402,0.12214020381078033,-0.5005660617076967
29,0,11,real,5388,22,0.29469808348372717,0.21293916923186937,0.08175891425185777,0.0
29,0,11,null,5388,22,0.28407515235077996,0.20513364173175186,0.0789415106190281,0.0
29,1,11,real,5388,22,0.31589371952837897,0.2107959919576554,0.08659487059720697,0.018502856973516592
29,1,11,null,5388,22,0.23302866508375497,0.2025658539633699,0.0830416525478815,-0.05257884142749644
29,2,11,real,5388,22,0.316026442557664,0.2088543900741303,0.08999536809302212,0.017176684390511527
29,2,11,null,5388,22,0.18197623806909946,0.19912716505512623,0.08838759850539729,-0.10553852549142406
29,3,11,real,5388,22,0.3075198150944295,0.20589815695378866,0.09405080574989244,0.007570852390748394
29,3,11,null,5388,22,0.12986524890435702,0.1970200450527896,0.08982909187857854,-0.15698388802701113
29,4,11,real,5388,22,0.29020564655239556,0.20476740507744595,0.09531432751593989,-0.00987608604099031
29,4,11,null,5388,22,0.09004883710065548,0.19480030195234654,0.09154846307977055,-0.19629992793146162
29,6,11,real,5388,22,0.23611144897598357,0.20447899440716716,0.0948411968660055,-0.06320874229718912
29,6,11,null,5388,22,0.020838515130425117,0.19270950895659145,0.0929703884896676,-0.26484138231583393
29,8,11,real,5388,22,0.15552998718664013,0.2014304918089058,0.09622563010765331,-0.14212613472991897
29,8,11,null,5388,22,-0.057086023557599175,0.18957458695121626,0.09379307427902041,-0.34045368478783583
29,12,11,real,5388,22,0.03298645362822883,0.19893159414173028,0.09609207584225438,-0.26203721635575583
29,12,11,null,5388,22,-0.17138433826339594,0.1867191038385359,0.09101738655737314,-0.44912082865930497
29,0,29,real,5388,22,0.2884403069884066,0.2077890372033558,0.08065126978505083,0.0
29,0,29,null,5388,22,0.2872412765909893,0.20405836289646073,0.08318291369452857,0.0
29,1,29,real,5388,22,0.3111351878544576,0.2073648149374182,0.08355332728265426,0.020217045634385106
29,1,29,null,5388,22,0.23167419936457845,0.20037083690046237,0.08740126565125206,-0.05609790318713597
29,2,29,real,5388,22,0.30868465241149445,0.20405320457889825,0.08555960466510454,0.019071843167491664
29,2,29,null,5388,22,0.17469650983256435,0.19660920318786804,0.09184856409315181,-0.1137612574484555
29,3,29,real,5388,22,0.29805558157813583,0.20111777000342806,0.0891439537849811,0.0077938577897266135
29,3,29,null,5388,22,0.12739517513743537,0.19355259170107642,0.09636724054331676,-0.16252465710695782
29,4,29,real,5388,22,0.2749329892284673,0.19978178937166255,0.0907948127126606,-0.01564361285585586
29,4,29,null,5388,22,0.07404848511916162,0.19159282699570618,0.10067219375377041,-0.21821653563031496
29,6,29,real,5388,22,0.22753788418962018,0.19970006294360243,0.09029576642354087,-0.06245794517752312
29,6,29,null,5388,22,-0.009223349842921058,0.19066978717766353,0.0974277330828542,-0.2973208701034388
29,8,29,real,5388,22,0.1603455596434632,0.1978203196719839,0.0902618216950721,-0.1277365817235928
29,8,29,null,5388,22,-0.09062892993206573,0.18837035658437876,0.09233980225760144,-0.3713390887740459
29,12,29,real,5388,22,0.04997231931706314,0.19324051668348485,0.09555526535377787,-0.23882346272019955
29,12,29,null,5388,22,-0.17339455973378493,0.18220889973683974,0.09343354540088858,-0.4490370048715132
29,0,47,real,5388,22,0.29229614040332896,0.20294655227014327,0.08934958813318566,0.0
29,0,47,null,5388,22,0.2859520227348298,0.19707124925662856,0.08888077347820122,0.0
29,1,47,real,5388,22,0.31282640203385126,0.2011886920344388,0.09373627523503048,0.017901434764381996
29,1,47,null,5388,22,0.23641502691378802,0.19456757497594038,0.0924615505267852,-0.050614098588937576
29,2,47,real,5388,22,0.3154136494300749,0.1991888111561796,0.09568346797443207,0.020541370299463197
29,2,47,null,5388,22,0.1750623540191959,0.19143779561993063,0.09546713786384499,-0.11184257946457973
29,3,47,real,5388,22,0.30448053983002654,0.19665766981323518,0.09917466969458266,0.008648200322208699
29,3,47,null,5388,22,0.13410966083262588,0.18727803225545794,0.0995078710896373,-0.15267624251246936
29,4,47,real,5388,22,0.28810815158878034,0.196766627341939,0.10077165454785342,-0.009430130301012085
29,4,47,null,5388,22,0.08587073779302357,0.1856013240410596,0.102102945831483,-0.20183353207951904
29,6,47,real,5388,22,0.23098798647064878,0.19642814744710643,0.10113122629074395,-0.06657138726720163
29,6,47,null,5388,22,-0.01235994485868619,0.1818123982210068,0.10216268898710856,-0.29633503206680156
29,8,47,real,5388,22,0.15403135806718837,0.19558126639601825,0.10298254245901349,-0.14453245078784338
29,8,47,null,5388,22,-0.05773635714944292,0.17950315176686008,0.10116340060378803,-0.338402909520091
29,12,47,real,5388,22,0.031877269967710786,0.19034197492418525,0.10098852017579996,-0.2594532251322744
29,12,47,null,5388,22,-0.1834237707690396,0.17790683938415194,0.09987228454723138,-0.4612028947004229
39,0,11,real,1703,12,0.16270892827654637,0.11029424152135081,0.052414686755195554,0.0
39,0,11,null,1703,12,0.17784174907175576,0.1073877723897732,0.07045397668198256,0.0
39,1,11,real,1703,12,0.19689038257975944,0.10876479213400889,0.06511646117486594,0.02300912927088459
39,1,11,null,1703,12,0.09220661805705355,0.10559341093156088,0.07621805150416235,-0.0896048443786697
39,2,11,real,1703,12,0.1934804828980331,0.10556792437945306,0.07078015836951164,0.017132400149068378
39,2,11,null,1703,12,-0.02085636393842205,0.0957593363418672,0.08817491215073872,-0.20479061243102797
39,3,11,real,1703,12,0.14071724452813972,0.10256127764233663,0.07418259661995374,-0.03602662973415066
39,3,11,null,1703,12,-0.09969182723368597,0.0900728898204497,0.09494905644570928,-0.28471377349984495
39,4,11,real,1703,12,0.13206799850934192,0.10443246749720467,0.07840406371344169,-0.05076853270130445
39,4,11,null,1703,12,-0.14557528299543399,0.08917387574652871,0.09500519477192762,-0.3297543535138903
39,6,11,real,1703,12,-0.009867709231969002,0.09698417169329829,0.08448765856589288,-0.19133953949116017
39,6,11,null,1703,12,-0.25199915739326295,0.08909745921231638,0.08679588800490011,-0.42789250461047945
39,8,11,real,1703,12,-0.06932071488135949,0.10089580196007165,0.07790028550165186,-0.248116802343083
39,8,11,null,1703,12,-0.22116279642064174,0.0990741597309828,0.095018200543911,-0.41525515669553553
39,12,11,real,1703,12,0.16270892827655015,0.11029424152135109,0.05241468675519584,3.2196467714129536e-15
39,12,11,null,1703,12,0.1778417490717551,0.1073877723897732,0.0704539766819824,-5.366077952354923e-16
39,0,29,real,1703,12,0.18388152161812188,0.11998840748974898,0.06389311412837288,0.0
39,0,29,null,1703,12,0.15452155191443107,0.12648519574870237,0.028036356165728693,0.0
39,1,29,real,1703,12,0.20938901221080752,0.11909723430363833,0.07579755048434626,0.014494227422822914
39,1,29,null,1703,12,0.06482611987727027,0.122598231511159,0.03767536593770644,-0.09544747757159519
39,2,29,real,1703,12,0.20793966832069,0.1171107395904138,0.07884834148251141,0.011980587247764758
39,2,29,null,1703,12,-0.01976753362826167,0.11561570229733745,0.05001288844620592,-0.18539612437180503
39,3,29,real,1703,12,0.1786695360266054,0.11474231317419822,0.08275272872226144,-0.01882550586985428
39,3,29,null,1703,12,-0.0833480965851614,0.11277186975182829,0.06100626129145081,-0.2571262276284405
39,4,29,real,1703,12,0.12981461485175505,0.11670302152864012,0.08143604600021306,-0.06832445267709815
39,4,29,null,1703,12,-0.1444074624152496,0.11199496944443624,0.06324097480097704,-0.3196434066606629
39,6,29,real,1703,12,-9.863501211104797e-05,0.11464948219482116,0.09200016185955748,-0.20674827906648968
39,6,29,null,1703,12,-0.23383248141663882,0.10762965285971877,0.062091351800534336,-0.4035534860768919
39,8,29,real,1703,12,-0.06683050644787758,0.11644480251316575,0.08177432008632052,-0.26504962904736384
39,8,29,null,1703,12,-0.25700271189570056,0.1124828353637192,0.06482497291647352,-0.4343105201758933
39,12,29,real,1703,12,0.1838815216181232,0.1199884074897491,0.06389311412837294,1.1657341758564144e-15
39,12,29,null,1703,12,0.1545215519144305,0.12648519574870234,0.028036356165728617,-4.625929269271485e-16
39,0,47,real,1703,12,0.1754483349159498,0.1295994132998869,0.04584892161606291,0.0
39,0,47,null,1703,12,0.15483426934685007,0.11405968120342296,0.040774588143427104,0.0
39,1,47,real,1703,12,0.1780159707113852,0.1290391775033481,0.05827690508589052,-0.009300111877853437
39,1,47,null,1703,12,0.061919729351406216,0.10755826203622336,0.04918483602512346,-0.09482336870994063
39,2,47,real,1703,12,0.17828822060223792,0.1246916697954796,0.06428619115801124,-0.010689640351252933
39,2,47,null,1703,12,-0.0325711705057834,0.10509145096985763,0.058602653977327626,-0.19626527545296865
39,3,47,real,1703,12,0.14115272184873162,0.12330530618619086,0.06131508767707518,-0.04346767201453442
39,3,47,null,1703,12,-0.07750183966890378,0.10590695097138492,0.06706875881534487,-0.2504775494556336
39,4,47,real,1703,12,0.11226077333797124,0.12524971574356433,0.06442516172767829,-0.07741410413327138
39,4,47,null,1703,12,-0.1452894411020984,0.10602336861545415,0.07741712650679107,-0.32872993622434366
39,6,47,real,1703,12,0.016550852807687533,0.1170623712951272,0.07257589152101546,-0.17308741000845512
39,6,47,null,1703,12,-0.2746447267331438,0.10372866166378947,0.06568673507225327,-0.44406012346918655
39,8,47,real,1703,12,-0.043065715802466764,0.11740200859377403,0.07099226887013693,-0.23145999326637773
39,8,47,null,1703,12,-0.22391717639821662,0.10801410354662348,0.06785617785980302,-0.3997874578046431
39,12,47,real,1703,12,0.1754483349159459,0.12959941329988706,0.04584892161606263,-3.774758283725532e-15
39,12,47,null,1703,12,0.15483426934684985,0.11405968120342296,0.04077458814342699,-1.1102230246251565e-16
42,0,11,real,1665,18,0.24103621919228457,0.1791255137531943,0.061910705439090274,0.0
42,0,11,null,1665,18,0.22815144325648873,0.16773056983619206,0.06042087342029667,0.0
42,1,11,real,1665,18,0.3258412983345129,0.16710514110123847,0.07201496632969108,0.08672119090358334
42,1,11,null,1665,18,0.17301891114598367,0.16206525293972698,0.06613083863116573,-0.05517718042490906
42,2,11,real,1665,18,0.30625066784086175,0.16810719669622554,0.0732298510511758,0.06491362009346041
42,2,11,null,1665,18,0.11506385884865711,0.15419236208439868,0.07030243290562027,-0.10943093614136185
42,3,11,real,1665,18,0.2875306474773637,0.16588368889550617,0.07336269880299681,0.04828425977886067
42,3,11,null,1665,18,0.053228347524951314,0.146004102247957,0.07321920193113879,-0.16599495665414446
42,4,11,real,1665,18,0.2420623631382548,0.1646988411198451,0.07216752119451944,0.005196000823890249
42,4,11,null,1665,18,0.006223793834625013,0.14287591190445506,0.07986314642600897,-0.21651526449583902
42,6,11,real,1665,18,0.1828016614237017,0.16328870553683605,0.07476766673978659,-0.05525471085292097
42,6,11,null,1665,18,-0.07020633094551965,0.13824598948984484,0.07794275961394638,-0.2863950800493109
42,8,11,real,1665,18,0.13502049713064457,0.1645632552722619,0.07487154282422827,-0.10441430096584561
42,8,11,null,1665,18,-0.17533895286347456,0.13096314432858427,0.07135557395212686,-0.3776576711441857
42,12,11,real,1665,18,0.013650621806209684,0.16893954483039536,0.07693548898352737,-0.23222441200771302
42,12,11,null,1665,18,-0.17945083517949256,0.15293682967899713,0.07268833940117964,-0.40507600425966933
42,0,29,real,1665,18,0.24622516408390216,0.18120890843027887,0.06501625565362329,0.0
42,0,29,null,1665,18,0.2589963916149779,0.19241326202330095,0.06658312959167695,0.0
42,1,29,real,1665,18,0.33376608194438173,0.1691265889400855,0.07472719945833611,0.08991229354596009
42,1,29,null,1665,18,0.19651704899869182,0.18524128888315886,0.07462318496771028,-0.06334742485217733
42,2,29,real,1665,18,0.3327656639461549,0.166675712355229,0.0792188016442418,0.08687114994668407
42,2,29,null,1665,18,0.11591292318215618,0.17675452098274186,0.07732606421064177,-0.13816766201122746
42,3,29,real,1665,18,0.3141224857436473,0.1662774162371303,0.07966571110114432,0.06817935840537268
42,3,29,null,1665,18,0.05828686968416774,0.17492453657369436,0.08267750234283391,-0.19931516923236053
42,4,29,real,1665,18,0.2668424527845059,0.16546134904333099,0.07822758212062249,0.023153521620552415
42,4,29,null,1665,18,0.01049139802053467,0.17240671506951602,0.08570640323904002,-0.24762172028802137
42,6,29,real,1665,18,0.18047636558064273,0.1687770557515663,0.08050713312350918,-0.06880782329443276
42,6,29,null,1665,18,-0.14242969133034555,0.16089988478518294,0.08531805088670699,-0.38864762700223543
42,8,29,real,1665,18,0.1025134213977077,0.16665835764690526,0.07646063110942561,-0.14060556735862317
42,8,29,null,1665,18,-0.20797180918164315,0.15785519737872228,0.08030554477160574,-0.44613255133197116
42,12,29,real,1665,18,-0.009563460105618038,0.17147268754511552,0.0755156707421708,-0.25655181839290436
42,12,29,null,1665,18,-0.17658620674816516,0.18385921728832136,0.08102881197299419,-0.44147423600948066
42,0,47,real,1665,18,0.2344077710157273,0.15749860402501054,0.07690916699071676,0.0
42,0,47,null,1665,18,0.2443392105258263,0.17129419837365412,0.07304501215217217,0.0
42,1,47,real,1665,18,0.3109108547965238,0.14663985602237667,0.08473699235690808,0.07953400641723903
42,1,47,null,1665,18,0.17898098056800305,0.16668206564483756,0.07775633605445181,-0.06545742113128633
42,2,47,real,1665,18,0.30755282841415077,0.14462858936728845,0.08728967637093128,0.07563456267593101
42,2,47,null,1665,18,0.11300577546897916,0.15695597663160565,0.08643322950347776,-0.13038343066610428
42,3,47,real,1665,18,0.28911433973195644,0.14399669599041726,0.08740615922401064,0.057711484517528513
42,3,47,null,1665,18,0.04696802553049684,0.15146222466157844,0.0862954886447383,-0.1907896877758199
42,4,47,real,1665,18,0.25165390068215865,0.14203373665422706,0.08932629501604153,0.020293869011890044
42,4,47,null,1665,18,-0.009345664895466843,0.14699421529629775,0.08845005982618176,-0.24478994001794635
42,6,47,real,1665,18,0.19937857332753395,0.1419904182143883,0.08882011464270667,-0.031431959529561015
42,6,47,null,1665,18,-0.08908181368632606,0.14390281049606693,0.09400121680046578,-0.32698584098285877
42,8,47,real,1665,18,0.11624995770728086,0.14458140941376513,0.0915166017549814,-0.11984805346146568
42,8,47,null,1665,18,-0.187244728468565,0.13868953938816267,0.08734701040542056,-0.4132812782621482
42,12,47,real,1665,18,0.01356807044484587,0.14140261411226482,0.08679693815015213,-0.21463148181757108
42,12,47,null,1665,18,-0.18381534173670966,0.15429736453698434,0.08952409923079863,-0.4276368055044926
48,0,11,real,2915,10,0.24418052830527637,0.2160032812918613,0.028177247013415063,0.0
48,0,11,null,2915,10,0.22726637048124,0.21233551529835856,0.014930855182881397,0.0
48,1,11,real,2915,10,0.3581520934022141,0.21557799613224926,0.04314860075010081,0.099425496519864
48,1,11,null,2915,10,0.1154742701730167,0.21170104808546208,0.02767164967496362,-0.12389842758740902
48,2,11,real,2915,10,0.30328627716470047,0.2141485623571789,0.06070909694982299,0.028428617857698547
48,2,11,null,2915,10,0.019696077125880396,0.21214786349988063,0.038130050473139124,-0.23058183684713934
48,3,11,real,2915,10,0.2530896032052785,0.21329808210887374,0.05160892960534426,-0.011817408508939514
48,3,11,null,2915,10,-0.042762129653434844,0.2144589342863679,0.03937599364572784,-0.29659705758553057
48,4,11,real,2915,10,0.20421766833598953,0.21134566814913697,0.056590183670602257,-0.06371818348374968
48,4,11,null,2915,10,-0.10764089365084972,0.2122301301191366,0.04362278339697776,-0.3634938071669641
48,6,11,real,2915,10,0.05983237033197164,0.21353827606992792,0.05264234721885047,-0.20634825295680675
48,6,11,null,2915,10,-0.04209399596964514,0.21040943874879364,0.05769848154397274,-0.3102019162624115
48,8,11,real,2915,10,0.14638425184592463,0.2185904821310668,0.05471884274582474,-0.12692507303096692
48,8,11,null,2915,10,0.14506016764025031,0.2143484028926425,0.04882569121865071,-0.1181139264710429
48,12,11,real,2915,10,0.24418052830527803,0.2160032812918613,0.028177247013415375,1.3137639124731018e-15
48,12,11,null,2915,10,0.22726637048123988,0.21233551529835853,0.014930855182881397,-5.551115123125783e-17
48,0,29,real,2915,10,0.25971821797587424,0.22513641005383905,0.034581807922035135,0.0
48,0,29,null,2915,10,0.23797795617426798,0.22317283332418608,0.014805122850081898,0.0
48,1,29,real,2915,10,0.38840722437109354,0.22145887704964273,0.050426730111891006,0.11652161720955975
48,1,29,null,2915,10,0.14488382436347247,0.22276101491359002,0.02820428335615527,-0.10608147390627282
48,2,29,real,2915,10,0.33010001688031887,0.22147017579067557,0.06343264881769392,0.04519719227194933
48,2,29,null,2915,10,0.06765029787785637,0.2241422433066879,0.034820648837640966,-0.1913125942664725
48,3,29,real,2915,10,0.28084295088006794,0.220410190048572,0.05882810836779151,0.0016046524637043924
48,3,29,null,2915,10,-0.02383166183313623,0.22312668917220474,0.03897195908961325,-0.28593031009495423
48,4,29,real,2915,10,0.22100573935659507,0.21777535300553497,0.060159266553120185,-0.05692888020206012
48,4,29,null,2915,10,-0.10175594732323656,0.22056234425798343,0.04276825634084386,-0.3650865479220638
48,6,29,real,2915,10,0.059462703415805174,0.21653799175394692,0.0552263426225616,-0.21230163096070337
48,6,29,null,2915,10,-0.040439269230495345,0.21926527587530342,0.052321659036020166,-0.3120262041418189
48,8,29,real,2915,10,0.1750153271688809,0.2238630681096463,0.0595828312870321,-0.10843057222779752
48,8,29,null,2915,10,0.17353202647647392,0.22995880008599273,0.049777309559964414,-0.10620408316948324
48,12,29,real,2915,10,0.2597182179758727,0.22513641005383905,0.034581807922035,-1.4062824978585316e-15
48,12,29,null,2915,10,0.23797795617426765,0.22317283332418597,0.014805122850081565,1.1102230246251565e-16
48,0,47,real,2915,10,0.2568441636741797,0.23244958274034455,0.024394580933835175,0.0
48,0,47,null,2915,10,0.2597968369576866,0.23044309471690883,0.0293537422407778,0.0
48,1,47,real,2915,10,0.38209801376224206,0.22996072657127714,0.04213381233479674,0.11000347485616818
48,1,47,null,2915,10,0.16241868056943076,0.22951918564259494,0.042064323846629594,-0.1091648289197938
48,2,47,real,2915,10,0.3333336163885594,0.2296138872675026,0.057431346381395645,0.04628838273966114
48,2,47,null,2915,10,0.09337800468456603,0.2291819077205842,0.05195598036887126,-0.18775988340488944
48,3,47,real,2915,10,0.2854117141566056,0.23037351354439894,0.05144127304505497,0.0035969275671516874
48,3,47,null,2915,10,0.03313092717040389,0.22946983454757422,0.05386089494075191,-0.25019980231792227
48,4,47,real,2915,10,0.21315592108450254,0.23037729318346206,0.062288129318543564,-0.0795095014175031
48,4,47,null,2915,10,-0.017445026936560915,0.230224235357814,0.05733636191751469,-0.3050056242118896
48,6,47,real,2915,10,0.07358895123581422,0.2237837958274984,0.049090285576753115,-0.19928513016843732
48,6,47,null,2915,10,-0.07911060692306449,0.23127877995079968,0.0587542446737179,-0.36914363154758206
48,8,47,real,2915,10,0.15784820391465681,0.23314482247483034,0.051645172587179246,-0.12694179114735277
48,8,47,null,2915,10,0.1903858021285345,0.2351364896604532,0.05628366298125148,-0.10103435051317017
48,12,47,real,2915,10,0.2568441636741773,0.23244958274034436,0.02439458093383512,-2.2204460492503127e-15
48,12,47,null,2915,10,0.25979683695768907,0.23044309471690877,0.029353742240778153,2.127927463864883e-15
53,0,11,real,2881,22,0.3445728354730361,0.24087066605452806,0.10370216941850796,0.0
53,0,11,null,2881,22,0.3528315220441145,0.24698740665743613,0.10584411538667836,0.0
53,1,11,real,2881,22,0.37020484651937124,0.23647104444748773,0.1045634787859901,0.029170323285893363
53,1,11,null,2881,22,0.31592018845031433,0.2451673218837313,0.10678686297154436,-0.03603399640496137
53,2,11,real,2881,22,0.3745563281317046,0.23681798694379894,0.10532039434070177,0.03241794684720384
53,2,11,null,2881,22,0.2652179399789104,0.24561724763597206,0.11097767347138152,-0.09137698112844318
53,3,11,real,2881,22,0.3679474786090886,0.23911102108405755,0.10852628664404385,0.02031017088098715
53,3,11,null,2881,22,0.23307179240076203,0.2448536538324506,0.11228677556112121,-0.12406863699280982
53,4,11,real,2881,22,0.33851981366297723,0.2400515614950106,0.11050608145337057,-0.012037829285403995
53,4,11,null,2881,22,0.19786266605324143,0.245452868480932,0.11409678771085123,-0.16168699013854182
53,6,11,real,2881,22,0.2931809362113479,0.24070260340716776,0.11254620186447818,-0.060067869060298075
53,6,11,null,2881,22,0.13215675315670017,0.2470682912144988,0.1148296854599246,-0.22974122351772325
53,8,11,real,2881,22,0.2354255483943838,0.23967722466004027,0.11449646817320744,-0.11874814443886396
53,8,11,null,2881,22,0.05923683389736867,0.2502776677038757,0.11803445217551775,-0.30907528598202477
53,12,11,real,2881,22,0.0842124909781703,0.24035215005048308,0.1117244758825533,-0.26786413495486616
53,12,11,null,2881,22,-0.0839531422597184,0.24477258213184983,0.11899815155663075,-0.44772387594819896
53,0,29,real,2881,22,0.3596370482188458,0.25070667546415093,0.10893037275469478,0.0
53,0,29,null,2881,22,0.3514898165779988,0.2414711711841016,0.11001864539389719,0.0
53,1,29,real,2881,22,0.3702458947450096,0.24533582454171585,0.1084523600886215,0.016457710114672175
53,1,29,null,2881,22,0.32604016479564335,0.2392823015984858,0.11042059702368975,-0.02366273382653224
53,2,29,real,2881,22,0.3645738634901451,0.245356893338826,0.10866599635937416,0.010550973791944898
53,2,29,null,2881,22,0.27597051476884193,0.2407910360306176,0.11359606925691955,-0.07841659051869526
53,3,29,real,2881,22,0.3497979768796998,0.24678889371688217,0.11168103175620335,-0.008671948593385714
53,3,29,null,2881,22,0.24651930566657465,0.24138501562599932,0.11419349820324384,-0.10905920816266851
53,4,29,real,2881,22,0.33594119598785044,0.2473698765627303,0.11512166544920313,-0.026550346024083033
53,4,29,null,2881,22,0.20414400605042715,0.24338030644428202,0.11669880698486604,-0.1559351073787209
53,6,29,real,2881,22,0.28429712449130107,0.2483677622016971,0.11560518167553038,-0.07967581938592645
53,6,29,null,2881,22,0.12226605775081878,0.24400899704948548,0.11696760347307261,-0.23871054277173934
53,8,29,real,2881,22,0.238077396749782,0.24923213943180467,0.11905085285888134,-0.130205595540904
53,8,29,null,2881,22,0.056885817259618165,0.24155620473265219,0.11880264042220369,-0.3034730278952377
53,12,29,real,2881,22,0.10541078359508171,0.25113347012903475,0.11859379544356402,-0.26431648197751706
53,12,29,null,2881,22,-0.08112149788334166,0.23879721420652422,0.11986357782812497,-0.43978228991799084
53,0,47,real,2881,22,0.3591040963926968,0.24730980627662913,0.11179429011606767,0.0
53,0,47,null,2881,22,0.3529180063000482,0.24010790749212008,0.11281009880792811,0.0
53,1,47,real,2881,22,0.3764698607805852,0.23830636478290107,0.11102170901076613,0.02714178698691799
53,1,47,null,2881,22,0.3156465864253757,0.23659911390611185,0.11371376611253572,-0.034666293593271905
53,2,47,real,2881,22,0.3681616325988688,0.2400718014911974,0.11204652381870549,0.016043307288965913
53,2,47,null,2881,22,0.27119655279112076,0.23634118900392875,0.11659809439062518,-0.0817427306034332
53,3,47,real,2881,22,0.3549277912294132,0.24031737982706491,0.11353603118304757,0.0010743802193006933
53,3,47,null,2881,22,0.22962897042664865,0.23782797672732606,0.11784630324458781,-0.12604530954526522
53,4,47,real,2881,22,0.3472634166606974,0.24031279789437557,0.11619840999166489,-0.0092477912253431
53,4,47,null,2881,22,0.18992062954820454,0.24039765680357617,0.1205854461694364,-0.17106247342480804
53,6,47,real,2881,22,0.30936904401348464,0.24268588783289352,0.11503187189415497,-0.04834871571356386
53,6,47,null,2881,22,0.10439174186751343,0.24145936666279266,0.12182463875023436,-0.25889226354551365
53,8,47,real,2881,22,0.2558578433842381,0.24376732254590522,0.1152575282808447,-0.10316700744251184
53,8,47,null,2881,22,0.04101136099863534,0.24246771245300908,0.1208527573974988,-0.3223091088518726
53,12,47,real,2881,22,0.11907065148531237,0.24297914061279557,0.12034969374753526,-0.2442581828750185
53,12,47,null,2881,22,-0.07494291713811019,0.24191484298556154,0.12196964239051261,-0.43882740251418434
55,0,11,real,5034,17,0.3240804630587435,0.24540072562338294,0.07867973743536048,0.0
55,0,11,null,5034,17,0.33481340794431624,0.24611170202682622,0.08870170591748999,0.0
55,1,11,real,5034,17,0.3090426042088389,0.23957609115047457,0.08376399997240833,-0.01429748691404405
55,1,11,null,5034,17,0.26828540884625884,0.2396265186453332,0.09258303185170369,-0.06392414165077803
55,2,11,real,5034,17,0.26710215046332664,0.23181331590827417,0.08849709233573265,-0.053208257780680224
55,2,11,null,5034,17,0.20307420347870164,0.23058886540746298,0.09977033041295975,-0.1272849923417211
55,3,11,real,5034,17,0.23489417912836696,0.22489156578004527,0.09377716012758844,-0.08377454677926678
55,3,11,null,5034,17,0.15895899715699502,0.22609916581167505,0.10208765617269085,-0.1692278248273709
55,4,11,real,5034,17,0.2142938899183835,0.22211143239911607,0.0914247561505444,-0.09924229863127701
55,4,11,null,5034,17,0.11799569406249644,0.22306033101019943,0.10174919467111757,-0.20681383161882055
55,6,11,real,5034,17,0.1530415891925606,0.2196920164343088,0.092661556440043,-0.1593119836817912
55,6,11,null,5034,17,0.020315157598915334,0.21827697272638702,0.10337766882908084,-0.3013394839565525
55,8,11,real,5034,17,0.10184367723246346,0.21782923614601363,0.08834860080765577,-0.20433415972120597
55,8,11,null,5034,17,-0.036307976462534475,0.21671710999584204,0.09863285039731784,-0.35165793685569435
55,12,11,real,5034,17,0.13316580065188022,0.23951983030939422,0.08932379557411754,-0.19567782523163157
55,12,11,null,5034,17,0.13276782931129671,0.2383453175807153,0.10276980844844708,-0.20834729671786564
55,0,29,real,5034,17,0.34551972822813803,0.2639988665514721,0.08152086167666589,0.0
55,0,29,null,5034,17,0.3346093906947555,0.2519713683405078,0.08263802235424761,0.0
55,1,29,real,5034,17,0.3441129462873317,0.25949996687397775,0.08616534983273258,-0.0015523704193786865
55,1,29,null,5034,17,0.2777685485090332,0.24100065511942254,0.08810292531356673,-0.0513350319239561
55,2,29,real,5034,17,0.30202335658517987,0.2517855996813009,0.08971991039934443,-0.03948215349546548
55,2,29,null,5034,17,0.21421034167760122,0.23455345217062284,0.09538501705260882,-0.1157281275456305
55,3,29,real,5034,17,0.26574289479716207,0.2452287334868952,0.0936485153622793,-0.07313435405201249
55,3,29,null,5034,17,0.14740228795234323,0.2293634324326147,0.09657039516709856,-0.17853153964737006
55,4,29,real,5034,17,0.23008723212040683,0.24063194396234924,0.0933469989576095,-0.10389171079955198
55,4,29,null,5034,17,0.10929907023602292,0.2272392505383335,0.10102678373023802,-0.21896696403254862
55,6,29,real,5034,17,0.17032047704765418,0.23187241437740883,0.09156612554243206,-0.15311806287218674
55,6,29,null,5034,17,0.027010102896152133,0.22225945182962636,0.10007081234529694,-0.29532016127877114
55,8,29,real,5034,17,0.11168787832543436,0.22775090536975176,0.09151742290142523,-0.20758044994574265
55,8,29,null,5034,17,-0.03842918436067233,0.21818885289965292,0.09822693299981088,-0.35484497026013617
55,12,29,real,5034,17,0.16558171544096845,0.2584112219459139,0.09447046714127805,-0.1872999736462236
55,12,29,null,5034,17,0.10982079374698794,0.24444087204084627,0.09501918332592763,-0.22963926161978596
55,0,47,real,5034,17,0.353027243231522,0.2694101464628083,0.0836170967687137,0.0
55,0,47,null,5034,17,0.3386755238913812,0.2599944270229121,0.07868109686846914,0.0
55,1,47,real,5034,17,0.3407067942064409,0.26380532593317035,0.0876248006977829,-0.01072333242451238
55,1,47,null,5034,17,0.2650843204245943,0.25042650737697647,0.08536942190290916,-0.07071160885529133
55,2,47,real,5034,17,0.29624514661838064,0.2561826755235874,0.09119626836560119,-0.05113379727080796
55,2,47,null,5034,17,0.20566813832948405,0.2441052372130619,0.09144485699902874,-0.1298819558826066
55,3,47,real,5034,17,0.2698984320756229,0.24606625658424564,0.09727852744148958,-0.07344635195011232
55,3,47,null,5034,17,0.1634335399331085,0.23636094647612876,0.09274436285387921,-0.16567176939689945
55,4,47,real,5034,17,0.23183271335970634,0.24274059346677207,0.09574531270234354,-0.10665319280940927
55,4,47,null,5034,17,0.12924063907892258,0.23991847039677067,0.09271778907250172,-0.2033956203903498
55,6,47,real,5034,17,0.16519856612662143,0.2359441745331884,0.09567324982664852,-0.1664188582332155
55,6,47,null,5034,17,0.0331297536322791,0.23036698708868691,0.09488981813886517,-0.29212705159527297
55,8,47,real,5034,17,0.12425203849503219,0.23495501174265254,0.09278101524197675,-0.20348398848959712
55,8,47,null,5034,17,-0.007689066590688576,0.22792228640008766,0.08973208361182246,-0.3253434366025987
55,12,47,real,5034,17,0.14992204303528045,0.2667273290207814,0.0940824193115393,-0.21088770529704026
55,12,47,null,5034,17,0.12582313420717506,0.2513459469105774,0.08751737947342489,-0.21304019217682724
62,0,11,real,3398,21,0.2833682693422618,0.2001662845437373,0.08320198479852448,0.0
62,0,11,null,3398,21,0.2838603043252391,0.19142444568161715,0.09243585864362197,0.0
62,1,11,real,3398,21,0.29185497998691057,0.19528109266979704,0.08752328255014205,0.00905060476697143
62,1,11,null,3398,21,0.22336671126811203,0.18440812476983126,0.0958384705981356,-0.05687988409985487
62,2,11,real,3398,21,0.26894984761375185,0.19010573350993404,0.09134200412624917,-0.012497890022431382
62,2,11,null,3398,21,0.16725538797305617,0.1796148686958009,0.09958282299227766,-0.1119423037150224
62,3,11,real,3398,21,0.247585694153041,0.18693078639154986,0.09436224651310321,-0.03370733875161208
62,3,11,null,3398,21,0.10707827233200562,0.17372467396365707,0.09835965601918359,-0.16500605765083504
62,4,11,real,3398,21,0.21331074662518645,0.1855420869414682,0.09411922267676967,-0.06635056299305143
62,4,11,null,3398,21,0.058148635536898974,0.17170601510015354,0.10101895182598002,-0.21457633138923457
62,6,11,real,3398,21,0.15694687948315122,0.18004582752753,0.09450138152881554,-0.11760032957319431
62,6,11,null,3398,21,-0.019718743438119857,0.16600308738021427,0.102193268700258,-0.2879150995185921
62,8,11,real,3398,21,0.08306538017045484,0.1736757897237347,0.0951117940825338,-0.18572220363581368
62,8,11,null,3398,21,-0.11380841765281269,0.1582092777486212,0.10380065222493699,-0.3758183476263709
62,12,11,real,3398,21,-0.00579702324118081,0.17228547256774876,0.09248610652797248,-0.27056860233690205
62,12,11,null,3398,21,-0.1426256837432507,0.16355848163702208,0.09957361948761584,-0.40575778486788855
62,0,29,real,3398,21,0.27777025240358344,0.1974973668640158,0.08027288553956763,0.0
62,0,29,null,3398,21,0.2845290856745849,0.1982540689625924,0.0862750167119925,0.0
62,1,29,real,3398,21,0.292017674581459,0.19087068428406428,0.0847421804938306,0.016404809803564086
62,1,29,null,3398,21,0.22297542938425152,0.19016408998018278,0.08952589908520378,-0.056714559681135056
62,2,29,real,3398,21,0.26937540487589573,0.1850208366390913,0.08621524916004702,-0.001860680923242597
62,2,29,null,3398,21,0.16774449839360717,0.18579863387160503,0.0934693476865015,-0.11152348316449939
62,3,29,real,3398,21,0.2444586946131967,0.18328612649564954,0.08893293736421518,-0.027760369246668044
62,3,29,null,3398,21,0.11760665499784995,0.1798144956794019,0.09796724608083962,-0.16017508676239156
62,4,29,real,3398,21,0.20550671892606964,0.17833493589130547,0.09071611395824421,-0.06354433092348002
62,4,29,null,3398,21,0.07880387427983915,0.17784271628775636,0.09923390087139694,-0.19827274287931418
62,6,29,real,3398,21,0.14742119437846046,0.17562499914803426,0.09248545337879754,-0.12068925814837134
62,6,29,null,3398,21,-0.01336601559600048,0.17185392849524733,0.10270667048629874,-0.28792661457754654
62,8,29,real,3398,21,0.07815831649251803,0.17286590147290612,0.09504766784828692,-0.189755252828675
62,8,29,null,3398,21,-0.09930754536530406,0.164793439388504,0.09931011783081548,-0.36341110258462356
62,12,29,real,3398,21,-0.004880113005037323,0.17453506539158326,0.0902938050237337,-0.26970898342035426
62,12,29,null,3398,21,-0.15417174773251463,0.16951298925987102,0.09202412060345855,-0.41570885759584414
62,0,47,real,3398,21,0.2733891395205258,0.19661135327937798,0.07677778624114778,0.0
62,0,47,null,3398,21,0.2710438964609463,0.19284598914276474,0.07819790731818155,0.0
62,1,47,real,3398,21,0.2854118651476497,0.18854178087704943,0.08339532324625187,0.013474761024348412
62,1,47,null,3398,21,0.2062923897567175,0.1859155426861044,0.0815390518342792,-0.06116220476366614
62,2,47,real,3398,21,0.26139740958363555,0.18370012060699256,0.08491049453496743,-0.00721320555832446
62,2,47,null,3398,21,0.1600969839174503,0.18220896736128417,0.08470107665439748,-0.10681306009823135
62,3,47,real,3398,21,0.23438873588518683,0.18199734550136076,0.08793339979997013,-0.035542009416144084
62,3,47,null,3398,21,0.10005399517560354,0.17775337388719886,0.09080741268081645,-0.1685067913924118
62,4,47,real,3398,21,0.20231333742573498,0.17610988400153404,0.08905720575518548,-0.06285375233098456
62,4,47,null,3398,21,0.04951990119599681,0.17445363103963932,0.08960839821807845,-0.21454212806172096
62,6,47,real,3398,21,0.1517153872872753,0.17549447192050238,0.08850079491401708,-0.11227987954724421
62,6,47,null,3398,21,-0.04017856779618145,0.1655971914499199,0.09089688093501791,-0.2966726401811192
62,8,47,real,3398,21,0.0845050080721006,0.16917159980702476,0.08940838569381868,-0.17407497742874284
62,8,47,null,3398,21,-0.12465086041816575,0.15945198280431364,0.08873418528243263,-0.372837028504912
62,12,47,real,3398,21,0.00047694509692741693,0.16744939436703254,0.08937588479849147,-0.2563483340685966
62,12,47,null,3398,21,-0.14348749133777572,0.16379969212830905,0.09094552165406702,-0.3982327051201518
63,0,11,real,5007,18,0.31756887548539836,0.2359745979159678,0.08159427756943055,0.0
63,0,11,null,5007,18,0.30726302678575257,0.2256002249009515,0.08166280188480107,0.0
63,1,11,real,5007,18,0.2872618073477695,0.2318364124946085,0.08684611554519628,-0.031420720692035276
63,1,11,null,5007,18,0.24954165150353202,0.22008950964838056,0.08708341124861158,-0.05763126939346014
63,2,11,real,5007,18,0.2614854539829903,0.22486678729782172,0.08651891191026197,-0.04990024522509343
63,2,11,null,5007,18,0.2023905909200704,0.21440575545450916,0.09026358104896101,-0.10227874558339978
63,3,11,real,5007,18,0.2331240116288491,0.21812890749526165,0.0897764172269337,-0.07478131309334626
63,3,11,null,5007,18,0.1569309310358501,0.2116008314928179,0.09191701920291603,-0.14658691965988385
63,4,11,real,5007,18,0.19891566674563843,0.2142886260292537,0.09074397467688412,-0.1061169339604994
63,4,11,null,5007,18,0.10332468829007257,0.20849328243866225,0.0939656705715623,-0.199134264720152
63,6,11,real,5007,18,0.11925345545061328,0.21610333194074638,0.09311971404896818,-0.18996959053910129
63,6,11,null,5007,18,-0.002522603076817065,0.20043394793242286,0.09419180464687665,-0.2971483556561165
63,8,11,real,5007,18,0.03844684240410978,0.2186029300551725,0.09032507511446954,-0.27048116276553225
63,8,11,null,5007,18,-0.07961686681260072,0.1975897313588047,0.09465649075013846,-0.37186308892154385
63,12,11,real,5007,18,-0.07164282975217673,0.2283298973887285,0.08980208532373499,-0.3897748124646402
63,12,11,null,5007,18,-0.16393553815528983,0.20956982092220328,0.09290681322475826,-0.4664121723022514
63,0,29,real,5007,18,0.3108778095141679,0.23041257310405064,0.08046523641011721,0.0
63,0,29,null,5007,18,0.3008211373184423,0.22320995909797808,0.0776111782204642,0.0
63,1,29,real,5007,18,0.29991100706913787,0.22530570003417255,0.08518705458434019,-0.010581747549374888
63,1,29,null,5007,18,0.23478589151398943,0.21921092985343563,0.08207264203495418,-0.0664976803744004
63,2,29,real,5007,18,0.26697142863580337,0.21627736477525003,0.08670683606338608,-0.03601277220283278
63,2,29,null,5007,18,0.17834245935853987,0.21481675019311114,0.08601271608892892,-0.1224870069235002
63,3,29,real,5007,18,0.2398172718837447,0.20906623133231245,0.08725678898253804,-0.05650574843110582
63,3,29,null,5007,18,0.12716186276918806,0.20892987394779944,0.08654781048703361,-0.16831582166564502
63,4,29,real,5007,18,0.19948482655945476,0.2045415189684271,0.0893982422783533,-0.09445493468732563
63,4,29,null,5007,18,0.08814258797902175,0.20826896388328384,0.08817088089511746,-0.20829725679937955
63,6,29,real,5007,18,0.1372506480379031,0.20778395698713992,0.08863085082323886,-0.1591641597724757
63,6,29,null,5007,18,-0.021694563492448138,0.20113766487094126,0.09361555127542459,-0.31644777963881393
63,8,29,real,5007,18,0.05497899867141742,0.2080489678830934,0.08936203186570663,-0.2424320010773826
63,8,29,null,5007,18,-0.10061845134317537,0.19755048715166207,0.08993902352071986,-0.3881079620155573
63,12,29,real,5007,18,-0.028130455358546635,0.22215825893271704,0.08784176992792664,-0.33813048421919034
63,12,29,null,5007,18,-0.14339579628393184,0.20829627604154038,0.08708167293475297,-0.43877374526022517
63,0,47,real,5007,18,0.30307966671492914,0.22331011017504748,0.07976955653988166,0.0
63,0,47,null,5007,18,0.29723928529328125,0.22215085955252845,0.0750884257407528,0.0
63,1,47,real,5007,18,0.2830883611837032,0.21994592528187812,0.08654257257630954,-0.023400136674484484
63,1,47,null,5007,18,0.23496390060833228,0.21656182491220036,0.08114396626709561,-0.06274189057096369
63,2,47,real,5007,18,0.25923457648501025,0.21243965079945315,0.08579071257036075,-0.03899578688480365
63,2,47,null,5007,18,0.18466290617926495,0.21211645759162254,0.07836913343596244,-0.10582268484832004
63,3,47,real,5007,18,0.212951519133188,0.20464753181956644,0.0879026088295147,-0.07959862151589316
63,3,47,null,5007,18,0.12176042561481437,0.20732553655001573,0.08194002320969059,-0.16750513414489196
63,4,47,real,5007,18,0.18288517070011867,0.2003980459504643,0.08865813060071451,-0.10617100585106017
63,4,47,null,5007,18,0.08261105255175638,0.20330065431674066,0.08717132793201715,-0.20786092969700143
63,6,47,real,5007,18,0.11044147718659658,0.20144415712983635,0.08903390611940623,-0.180036586062646
63,6,47,null,5007,18,-0.021942679149373978,0.19696714646346786,0.08811015329418509,-0.3070199789070269
63,8,47,real,5007,18,0.04706754496224386,0.20433273615331998,0.09003976711190431,-0.24730495830298044
63,8,47,null,5007,18,-0.09086036776008077,0.1942116453090431,0.0894029309631286,-0.3744749440322525
63,12,47,real,5007,18,-0.054812732295126176,0.21144504684227214,0.08641470605176274,-0.35267248518916106
63,12,47,null,5007,18,-0.17412334328961676,0.20573225573903633,0.08679248143239884,-0.46664808046105194
67,0,11,real,5415,16,0.2704638756451482,0.16982798100410984,0.10063589464103834,0.0
67,0,11,null,5415,16,0.2793156484396291,0.1862756402249805,0.09304000821464858,0.0
67,1,11,real,5415,16,0.23814535594870667,0.16880010962963488,0.1068768929029878,-0.037531646583916035
67,1,11,null,5415,16,0.19816954401710818,0.1809302690499962,0.09800543488310665,-0.0807661599159947
67,2,11,real,5415,16,0.20692163853575296,0.16638937356322084,0.11267864487079252,-0.07214637989826041
67,2,11,null,5415,16,0.1420570944366446,0.1766654982954834,0.103680116632425,-0.1382885204912638
67,3,11,real,5415,16,0.170048673012422,0.16388174904065492,0.11655217871725951,-0.11038525474549245
67,3,11,null,5415,16,0.08313002751614929,0.17265230468321452,0.10596935025818333,-0.19549162742524856
67,4,11,real,5415,16,0.13330754494378838,0.1595732260740667,0.11774037802195242,-0.14400605915223078
67,4,11,null,5415,16,0.02818056277601566,0.17008329517326512,0.10704379546639134,-0.2489465278636408
67,6,11,real,5415,16,0.052391700310666756,0.15654077396132454,0.1167779916061747,-0.2209270652568325
67,6,11,null,5415,16,-0.06664968292635054,0.1657950114383105,0.10676305491812477,-0.3392077492827858
67,8,11,real,5415,16,-0.009118665251628633,0.15508117388241266,0.11733571626348023,-0.2815355553975215
67,8,11,null,5415,16,-0.10375447524238113,0.16437486103867643,0.1094522236968194,-0.37758155997787696
67,12,11,real,5415,16,0.014533820810202158,0.17374576753608106,0.10547907317443839,-0.2646910199003173
67,12,11,null,5415,16,-0.0629570810198099,0.1815246180061588,0.09808085588760532,-0.342562554913574
67,0,29,real,5415,16,0.2783749698748792,0.17047730421823007,0.10789766565664909,0.0
67,0,29,null,5415,16,0.2744493110836457,0.17639867603986248,0.0980506350437832,0.0
67,1,29,real,5415,16,0.2549354712373969,0.16945177387611127,0.11335521318191755,-0.02787151582063191
67,1,29,null,5415,16,0.20785977882362783,0.17173753864576582,0.10465304562721048,-0.06853080544934849
67,2,29,real,5415,16,0.21147389586172904,0.16674984451181343,0.11909676024606355,-0.07437270889614796
67,2,29,null,5415,16,0.1344942465032003,0.1689479339905228,0.11070283056499378,-0.14515651805231627
67,3,29,real,5415,16,0.18637380538201354,0.1640873483036805,0.12326344493566257,-0.10097698785732957
67,3,29,null,5415,16,0.0676630794673504,0.16053533026075145,0.1180640120544278,-0.2109362628478289
67,4,29,real,5415,16,0.14440666940729674,0.16154272769770023,0.12410472300797955,-0.14124078129838305
67,4,29,null,5415,16,0.015092247970255546,0.16034645583937096,0.11527112497407682,-0.26052533284319224
67,6,29,real,5415,16,0.060487525676617415,0.1562046321139478,0.12916587684585792,-0.22488298328318834
67,6,29,null,5415,16,-0.07663730486636045,0.1545152732234251,0.11286681450039895,-0.3440193925901845
67,8,29,real,5415,16,-0.0040828601697213696,0.15305112067995247,0.12420220347233023,-0.281336184322004
67,8,29,null,5415,16,-0.11682680578046467,0.1527492441400291,0.11616691081132278,-0.3857429607318166
67,12,29,real,5415,16,0.025768874359380578,0.17187040126733816,0.1155603063537739,-0.2616618332617314
67,12,29,null,5415,16,-0.03718562734998376,0.17130163467781068,0.10492459016000298,-0.31341185218779744
67,0,47,real,5415,16,0.273907389259862,0.17377284480439925,0.10013454445546277,0.0
67,0,47,null,5415,16,0.27373722280288837,0.17586820939064526,0.09786901341224308,0.0
67,1,47,real,5415,16,0.22835912072561393,0.17271279915834808,0.10724538417473178,-0.05159906260746594
67,1,47,null,5415,16,0.20141489872224916,0.1711339416331718,0.10335877564950519,-0.07307781856042786
67,2,47,real,5415,16,0.1937925339308183,0.16930697350213894,0.11325790385819981,-0.08877234342952046
67,2,47,null,5415,16,0.1401488712778125,0.16669928629288994,0.10779495404323482,-0.13434536905831224
67,3,47,real,5415,16,0.17361356831292873,0.1660434915669292,0.11488354150107674,-0.10731346475507725
67,3,47,null,5415,16,0.08405607570818141,0.16420948249200973,0.11311903089896973,-0.19327243768279803
67,4,47,real,5415,16,0.13389376756776727,0.16145370661160943,0.11678813417931848,-0.14434807322316068
67,4,47,null,5415,16,0.014159641603435857,0.1606972472361842,0.1195033276459829,-0.26604093327873124
67,6,47,real,5415,16,0.039074421933756875,0.1576399987614292,0.12087361530577025,-0.23943919213344259
67,6,47,null,5415,16,-0.07977243778506393,0.15434769712324362,0.11656329059613754,-0.3506834255044451
67,8,47,real,5415,16,-0.01608719707332429,0.15376657566897,0.11371853505203944,-0.28357230779433373
67,8,47,null,5415,16,-0.11920628696626645,0.15258100675651268,0.11115905249528776,-0.3829463462180669
67,12,47,real,5415,16,0.008227227499552181,0.1763415938728654,0.10290766431929178,-0.271022030692605
67,12,47,null,5415,16,-0.05181815672972534,0.1746074476805349,0.10248517172369191,-0.3289107761339522
73,0,11,real,2386,20,0.3234705203323075,0.23977792699182268,0.08369259334048479,0.0
73,0,11,null,2386,20,0.32965510384636365,0.2329697791487813,0.09668532469758234,0.0
73,1,11,real,2386,20,0.35438010795999175,0.23469045872508923,0.09111218309291627,0.02857746614198623
73,1,11,null,2386,20,0.2645911414777218,0.2278708959028948,0.09992608764167729,-0.06320584206685033
73,2,11,real,2386,20,0.34133118877254065,0.2315205617705072,0.0952368620459174,0.014573764956116009
73,2,11,null,2386,20,0.19665016133849822,0.22187998315971036,0.10407005867222203,-0.1292998804934342
73,3,11,real,2386,20,0.321573791403971,0.22630322890249205,0.09447088265991613,0.0007996798415627986
73,3,11,null,2386,20,0.15303341718345587,0.219063635829893,0.10584765595348498,-0.17187787459992213
73,4,11,real,2386,20,0.317580629937548,0.22714908448085225,0.09690096501715376,-0.006469419560458064
73,4,11,null,2386,20,0.09966842359609451,0.2175351590965403,0.10742377498899301,-0.22529051048943882
73,6,11,real,2386,20,0.24602879805043643,0.22350556869675853,0.09620088086975162,-0.07367765151607376
73,6,11,null,2386,20,0.017553487515212796,0.21480935170148185,0.1148759464130189,-0.31213181059928796
73,8,11,real,2386,20,0.18746794400407774,0.2202271787896555,0.09851878993955612,-0.1312780247251339
73,8,11,null,2386,20,-0.06786172261763745,0.2062219264918192,0.11034616338727424,-0.3844298124967308
73,12,11,real,2386,20,0.05834033391196536,0.21834618908106332,0.09851091604095244,-0.2585167712100504
73,12,11,null,2386,20,-0.11147704646147849,0.21028184714046327,0.10623414666472253,-0.4279930402666643
73,0,29,real,2386,20,0.3358933808881286,0.2536478099541486,0.08224557093397998,0.0
73,0,29,null,2386,20,0.3299669057583994,0.24324856425812186,0.08671834150027752,0.0
73,1,29,real,2386,20,0.35867090710117344,0.2495035337119162,0.08984437078251276,0.019323002606744445
73,1,29,null,2386,20,0.27705836750257906,0.24134629963374227,0.08992163198747505,-0.054209564118638254
73,2,29,real,2386,20,0.35556624466274434,0.24448865037695752,0.09365643322102295,0.017421161064763824
73,2,29,null,2386,20,0.22348692753988875,0.23609594195527783,0.09398716775555978,-0.10659618217094888
73,3,29,real,2386,20,0.32983181507487813,0.24483928586911824,0.09439191633075464,-0.009399387124994793
73,3,29,null,2386,20,0.18812323742196435,0.22989357699875093,0.09608996125704486,-0.13786030083383144
73,4,29,real,2386,20,0.31347647183605964,0.24149865564259704,0.09752565358891552,-0.025547837395452945
73,4,29,null,2386,20,0.12178225832577061,0.2271958941814634,0.09942223354358189,-0.2048358693992747
73,6,29,real,2386,20,0.24416357141064782,0.2358216287385012,0.10142795915688943,-0.09308601648474285
73,6,29,null,2386,20,0.04883615452563628,0.2254486685118762,0.10276566213403338,-0.2793781761202733
73,8,29,real,2386,20,0.1897502652005696,0.23450746861655447,0.0995241891016517,-0.1442813925176366
73,8,29,null,2386,20,-0.02602380565496487,0.21820345535536223,0.10138528663837416,-0.34561254764870125
73,12,29,real,2386,20,0.05864213164178378,0.22791467093049678,0.09727803199944685,-0.26655057128815984
73,12,29,null,2386,20,-0.11910416957228209,0.21576666078175546,0.10206765550619677,-0.4369384858602343
73,0,47,real,2386,20,0.32394645837831515,0.23910130857028133,0.08484514980803382,0.0
73,0,47,null,2386,20,0.3372303842175779,0.24131332787549842,0.09591705634207948,0.0
73,1,47,real,2386,20,0.3631715665863141,0.23362641446895058,0.09115995961453388,0.038385192502829624
73,1,47,null,2386,20,0.27237943757092975,0.23844757938665018,0.09917606426396548,-0.06524420607968592
73,2,47,real,2386,20,0.35598527887391673,0.22777392426466714,0.09431652165171629,0.033894832957533275
73,2,47,null,2386,20,0.2137142553687632,0.23193335528567705,0.10357110138704301,-0.12179020130395682
73,3,47,real,2386,20,0.3179961141802562,0.22769088485437866,0.09754606497439769,-0.007240835648520201
73,3,47,null,2386,20,0.16344116891971572,0.22884293926406862,0.10635289496362249,-0.1717546653079754
73,4,47,real,2386,20,0.3149782052796384,0.22866637952842966,0.0998533894122652,-0.0135415636610565
73,4,47,null,2386,20,0.10400793358726579,0.22565926608740666,0.10799954933064534,-0.22965088183078625
73,6,47,real,2386,20,0.2375169529924488,0.2240912236971579,0.10241006976501169,-0.08898434046972083
73,6,47,null,2386,20,0.020739416114290865,0.21860186565738193,0.11063874703045164,-0.3085011965735427
73,8,47,real,2386,20,0.1682132294321914,0.21696303396693295,0.10265016488374563,-0.15139996941848716
73,8,47,null,2386,20,-0.041875353218233435,0.2105573781789778,0.1099363203085404,-0.3623690517057516
73,12,47,real,2386,20,0.028346691566984994,0.21390636648913774,0.09675803667498073,-0.2823177115971335
73,12,47,null,2386,20,-0.09579699372696782,0.21465277182345976,0.10158941302503188,-0.4120391785754595
77,0,11,real,5045,21,0.3794331440706995,0.2782007040879807,0.10123243998271872,0.0
77,0,11,null,5045,21,0.3948161462388481,0.28208726394775263,0.11272888229109544,0.0
77,1,11,real,5045,21,0.41026396675967847,0.2769146280791827,0.1072341051040447,0.026115233576450993
77,1,11,null,5045,21,0.3692899826210023,0.2796235002108313,0.11270752527761856,-0.02304104286744757
77,2,11,real,5045,21,0.39308355827851316,0.27565941980268965,0.10813940305435935,0.00928473542146413
77,2,11,null,5045,21,0.31275573089956343,0.2774920951084998,0.11590315623521724,-0.08063952044415362
77,3,11,real,5045,21,0.37984598137694836,0.27497446391812125,0.10688712048765359,-0.00201560302882651
77,3,11,null,5045,21,0.2588856482607834,0.2755249086891865,0.11752158690212225,-0.13416084733052536
77,4,11,real,5045,21,0.34284110814979174,0.2718462104721205,0.11119499106511568,-0.04020009338744446
77,4,11,null,5045,21,0.20935050026822632,0.2739447059832546,0.11961204723444843,-0.18420625294947673
77,6,11,real,5045,21,0.28026756866895675,0.2655216807754503,0.11056269353438773,-0.0958168056408813
77,6,11,null,5045,21,0.1554524097045138,0.2715524678091896,0.12509246094326146,-0.24119251904793726
77,8,11,real,5045,21,0.26588158371569315,0.26517504882236353,0.11045286608125643,-0.10974633118792684
77,8,11,null,5045,21,0.07552024147541125,0.2659602458296454,0.12369570640161623,-0.31413571075585034
77,12,11,real,5045,21,0.19446670433224045,0.2638612711981047,0.10881701720118139,-0.17821158406704568
77,12,11,null,5045,21,0.005468291543704984,0.26134327344682595,0.1175530583408368,-0.3734280402439578
77,0,29,real,5045,21,0.38395457015554346,0.2683470396527995,0.11560753050274394,0.0
77,0,29,null,5045,21,0.382903285117301,0.27706090367002645,0.10584238144727445,0.0
77,1,29,real,5045,21,0.4144192326915692,0.2661834011563642,0.118600862502213,0.029634969032991988
77,1,29,null,5045,21,0.3501655433621521,0.27260272378975614,0.1071125196934006,-0.029549700121004625
77,2,29,real,5045,21,0.39235190892317706,0.2651946322335831,0.1203833695764718,0.006773907113122127
77,2,29,null,5045,21,0.30224249125263813,0.26976931745954147,0.10885423918669265,-0.07638106539359597
77,3,29,real,5045,21,0.3776050716135618,0.2648044543017899,0.11755677393135237,-0.004756156619580454
77,3,29,null,5045,21,0.2547978076894374,0.26857058432665504,0.11007089923771234,-0.12384367587493
77,4,29,real,5045,21,0.3341690205138106,0.2620542972801253,0.118939671360479,-0.046824948126793754
77,4,29,null,5045,21,0.22067238717328008,0.2667567139705538,0.11251802644073591,-0.15860235323800959
77,6,29,real,5045,21,0.30805345735623924,0.2551859624867917,0.11940559651259681,-0.06653810164314929
77,6,29,null,5045,21,0.14737981941863887,0.2656921585430464,0.11301398460965748,-0.23132632373406503
77,8,29,real,5045,21,0.2870061206568698,0.25826208297782466,0.11887456841228694,-0.09013053073324181
77,8,29,null,5045,21,0.07316407100611833,0.25952504286191175,0.11455340984529631,-0.30091438170108975
77,12,29,real,5045,21,0.2031560988356188,0.2587436461754215,0.11698400438217221,-0.17257155172197494
77,12,29,null,5045,21,0.01922957211484977,0.2573239770126663,0.11003198437503856,-0.34812638927285505
77,0,47,real,5045,21,0.3864437104086811,0.28116222093966947,0.10528148946901154,0.0
77,0,47,null,5045,21,0.38378777474788106,0.2807411481866318,0.10304662656124924,0.0
77,1,47,real,5045,21,0.4170730789410566,0.2788815094621292,0.11075200126541691,0.027439568213510415
77,1,47,null,5045,21,0.35644912040233323,0.276562450603932,0.10488882481789233,-0.025002155019491115
77,2,47,real,5045,21,0.3973283871454979,0.27633480229203966,0.11215602712969418,0.008837557723763989
77,2,47,null,5045,21,0.3057827593456012,0.2733751040330812,0.1069353801660112,-0.07452772485349125
77,3,47,real,5045,21,0.3776530855572169,0.27546691142278545,0.10974297974025708,-0.007556805605825723
77,3,47,null,5045,21,0.2580345596229151,0.27169684322776044,0.10980582238737344,-0.12346810599221875
77,4,47,real,5045,21,0.34054392056225413,0.27335107383808466,0.11214852425391927,-0.04495567752974984
77,4,47,null,5045,21,0.22016863507590423,0.2718950617575086,0.11449309041342623,-0.16621951709503063
77,6,47,real,5045,21,0.2932546126284993,0.26785469209935664,0.11164152681733984,-0.08624160628819721
77,6,47,null,5045,21,0.11842326112101531,0.27131210128828304,0.11668812702607236,-0.26957696719334007
77,8,47,real,5045,21,0.2842273253019657,0.26829286807268227,0.1116840730654349,-0.09574961583615149
77,8,47,null,5045,21,0.0733616977264917,0.2639646923015903,0.11267553321434844,-0.3032785277894471
77,12,47,real,5045,21,0.20511164803835835,0.26957984929992174,0.10942545215041916,-0.17389365341198254
77,12,47,null,5045,21,0.017200347639238833,0.2598303324178547,0.10783339848212956,-0.35046338326074544
83,0,11,real,1604,10,0.14100427785418335,0.09112884634511231,0.04987543150907103,0.0
83,0,11,null,1604,10,0.11108652261961083,0.07412985714042364,0.03695666547918718,0.0
83,1,11,real,1604,10,0.2774815735679075,0.09105341785610753,0.06935787248084174,0.11707028323095818
83,1,11,null,1604,10,0.010259553411587019,0.07606038742749528,0.043450508155968195,-0.10925134217187646
83,2,11,real,1604,10,0.20224792317347573,0.09019650292186962,0.07957844719506604,0.032472973056540046
83,2,11,null,1604,10,-0.08834717634376132,0.0743421734751702,0.05967335564298416,-0.2223627054619157
83,3,11,real,1604,10,0.18826591461796627,0.09364069977211738,0.08316215900953396,0.011463055836314923
83,3,11,null,1604,10,-0.16482218641635393,0.0734964797443575,0.07092899834963681,-0.30924766451034824
83,4,11,real,1604,10,0.12461711148504839,0.0932688433424172,0.08763734594238272,-0.056289077799751536
83,4,11,null,1604,10,-0.2462450870427242,0.07584996644220024,0.06623440310995718,-0.3883294565948816
83,6,11,real,1604,10,0.016164680362712014,0.09121641341347478,0.08823725129684493,-0.1632889843476077
83,6,11,null,1604,10,-0.30279266450932374,0.07439805419967067,0.08743275543582531,-0.46462347414481964
83,8,11,real,1604,10,-0.015137937335347074,0.09674122107447952,0.09015992760576814,-0.20203908601559478
83,8,11,null,1604,10,-0.09682451290227578,0.07748175358279481,0.07702941915182394,-0.2513356856368945
83,12,11,real,1604,10,0.14100427785418024,0.09112884634511223,0.04987543150907101,-3.0161058835650083e-15
83,12,11,null,1604,10,0.11108652261961116,0.07412985714042364,0.036956665479187245,2.7755575615628914e-16
83,0,29,real,1604,10,0.12322738431955604,0.08656322095852492,0.03666416336103112,0.0
83,0,29,null,1604,10,0.13997072529562504,0.08746181172120926,0.052508913574415776,0.0
83,1,29,real,1604,10,0.28160526561135146,0.08812686099707435,0.06289539289890274,0.13058301171537434
83,1,29,null,1604,10,0.05867810086162584,0.08861457020512133,0.060632531317796015,-0.0905690006612915
83,2,29,real,1604,10,0.21027336718362133,0.09001306024223904,0.07249316407868123,0.04776714286270106
83,2,29,null,1604,10,-0.05114132509715952,0.0867683243783682,0.06948716893005677,-0.2073968184055845
83,3,29,real,1604,10,0.1603656292425767,0.08858481711815677,0.0747028107222352,-0.0029219985978152976
83,3,29,null,1604,10,-0.12856859595543035,0.08607850568569698,0.07874783839114886,-0.2933949400322762
83,4,29,real,1604,10,0.11243954254488808,0.0873832168121122,0.07612209781820178,-0.05106577208542589
83,4,29,null,1604,10,-0.192024045927095,0.08830033099401996,0.0812706249772997,-0.36159500189841465
83,6,29,real,1604,10,0.047574751500920276,0.0902481413042019,0.08794916812910859,-0.13062255793239022
83,6,29,null,1604,10,-0.28903343429035133,0.0837578244288317,0.1015502998696822,-0.4743415585888653
83,8,29,real,1604,10,-0.007787521077658344,0.0949515636461571,0.08424283863328742,-0.18698192335710287
83,8,29,null,1604,10,-0.09112506115147267,0.09134599832311346,0.09305267895435182,-0.27552373842893796
83,12,29,real,1604,10,0.12322738431955649,0.08656322095852492,0.03666416336103118,3.885780586188048e-16
83,12,29,null,1604,10,0.13997072529562504,0.08746181172120923,0.05250891357441576,3.700743415417188e-17
83,0,47,real,1604,10,0.15495068391358757,0.08585692307001352,0.06909376084357403,0.0
83,0,47,null,1604,10,0.14502745482571344,0.08547911530723934,0.059548339518474096,0.0
83,1,47,real,1604,10,0.29495764236348343,0.08555215573332034,0.08637729288230403,0.12302819374785903
83,1,47,null,1604,10,0.02638851261705799,0.08297209367071352,0.06865440046594924,-0.12523798151960477
83,2,47,real,1604,10,0.24709186817873496,0.08517312935029667,0.09536932692535852,0.06654941190307975
83,2,47,null,1604,10,-0.07891840553154528,0.08396931060754143,0.08095045284920777,-0.24383816898829444
83,3,47,real,1604,10,0.21240729357007715,0.08300586847547768,0.09431991911704651,0.03508150597755294
83,3,47,null,1604,10,-0.12259412802451553,0.08153349972372044,0.0852583727909962,-0.28938600053923214
83,4,47,real,1604,10,0.1630208443974981,0.08205853870595273,0.10194627339762832,-0.020983967706082976
83,4,47,null,1604,10,-0.19765465729258413,0.08314418044252044,0.09330300146412092,-0.37410183919922546
83,6,47,real,1604,10,0.06025928661803304,0.08328303097855799,0.10725732206594489,-0.13028106642646986
83,6,47,null,1604,10,-0.295964586794202,0.08029804438643695,0.10159400586273815,-0.4778566370433771
83,8,47,real,1604,10,-0.020375641287855073,0.09136947043675708,0.10360731381962734,-0.21535242554423945
83,8,47,null,1604,10,-0.049616428569517534,0.08620355464774587,0.09529053763131044,-0.23111052084857384
83,12,47,real,1604,10,0.15495068391358602,0.08585692307001361,0.06909376084357341,-1.0177044392397268e-15
83,12,47,null,1604,10,0.1450274548257131,0.08547911530723937,0.05954833951847413,-4.070817756958907e-16
85,0,11,real,2190,22,0.3662921385890445,0.26923993298185733,0.09705220560718714,0.0
85,0,11,null,2190,22,0.35782254390687573,0.2604978802510688,0.09732466365580694,0.0
85,1,11,real,2190,22,0.3827372174095295,0.2593090861760643,0.09688718516820877,0.02654094606525642
85,1,11,null,2190,22,0.32102986346386286,0.25842056172785943,0.10107683077599375,-0.03846752903999036
85,2,11,real,2190,22,0.38729068641787634,0.2587936809729517,0.09877947985917897,0.029717525585745655
85,2,11,null,2190,22,0.269993486222867,0.2588223289419549,0.10536325766522983,-0.09419210038431775
85,3,11,real,2190,22,0.38024490092786134,0.2603761444323762,0.10312644606232864,0.016742310433156455
85,3,11,null,2190,22,0.24223582301114954,0.25887902406454943,0.1079162464486382,-0.12455944750203812
85,4,11,real,2190,22,0.370392467858093,0.26394948365445603,0.10669846770514874,-0.00025548350151177713
85,4,11,null,2190,22,0.19585929391245993,0.2610395926738315,0.11056202330822784,-0.1757423220695994
85,6,11,real,2190,22,0.3190345381393773,0.26550496018307246,0.1085852226565463,-0.05505564470024143
85,6,11,null,2190,22,0.11615509232868326,0.2631892203251348,0.11435582546684836,-0.2613899534632999
85,8,11,real,2190,22,0.2414682156357889,0.2663363455790735,0.1078111229410009,-0.1326792528842855
85,8,11,null,2190,22,0.060899887440485245,0.26340304780529217,0.11468295861984504,-0.317186118984652
85,12,11,real,2190,22,0.10347701111132035,0.2651964250179544,0.11013636712151928,-0.27185578102815333
85,12,11,null,2190,22,-0.06545168649582389,0.26123272768916794,0.11061670721225561,-0.4373011213972474
85,0,29,real,2190,22,0.3765782123264363,0.27134516483659865,0.10523304748983763,0.0
85,0,29,null,2190,22,0.3695077688789288,0.2524758629845388,0.11703190589439,0.0
85,1,29,real,2190,22,0.39795614599074447,0.26279418871832544,0.10410729480147915,0.03105466247093983
85,1,29,null,2190,22,0.3409160014930982,0.2513430568825689,0.11805824651504539,-0.028485301904516126
85,2,29,real,2190,22,0.39611847313179327,0.2630367994592697,0.10554771167322059,0.02753396199930293
85,2,29,null,2190,22,0.2937542426234694,0.2520488871998082,0.12132192667184023,-0.07961657124817909
85,3,29,real,2190,22,0.3905769830693604,0.2628459728276669,0.10753751884702012,0.020193491394673316
85,3,29,null,2190,22,0.2566783663763281,0.2523152909147859,0.12413123381469407,-0.1197681583531518
85,4,29,real,2190,22,0.3768324477069094,0.26071974157877664,0.1103179027429666,0.005794803385166136
85,4,29,null,2190,22,0.21797882828766724,0.25167046935943593,0.12540280573101392,-0.15909444680278265
85,6,29,real,2190,22,0.33712492707266173,0.26226797019692116,0.11740047179410401,-0.042543514918363445
85,6,29,null,2190,22,0.1465850324987762,0.25431899670307023,0.12675845769238792,-0.23449242189668196
85,8,29,real,2190,22,0.2674017030826257,0.2618219212287013,0.11511764631296992,-0.10953786445904558
85,8,29,null,2190,22,0.07640588814915406,0.25278237441612317,0.1264143350191261,-0.30279082128609525
85,12,29,real,2190,22,0.11378694904507025,0.26513895082672867,0.11085666240873168,-0.2622086641903901
85,12,29,null,2190,22,-0.05240560452696741,0.2503996363005656,0.12839149247076573,-0.4311967332982988
85,0,47,real,2190,22,0.35286670159093003,0.2569768026596886,0.09588989893124139,0.0
85,0,47,null,2190,22,0.3637270910929775,0.27682358240100974,0.08690350869196771,0.0
85,1,47,real,2190,22,0.3705108952785233,0.24667822530010308,0.09665024611478874,0.02718242386363147
85,1,47,null,2190,22,0.3275569244144755,0.27573760287086635,0.08882908618637103,-0.037009764642761935
85,2,47,real,2190,22,0.36302682161387745,0.24805894712552476,0.09744009180342295,0.017527782684929678
85,2,47,null,2190,22,0.28026299158130896,0.27505224945549916,0.0942941802012898,-0.08908343807548004
85,3,47,real,2190,22,0.362149940824801,0.24928462137531396,0.10055419133300093,0.012311128116486065
85,3,47,null,2190,22,0.25529897641206545,0.2733448892623133,0.09407580495447618,-0.11212171780472409
85,4,47,real,2190,22,0.34845527188950765,0.24863085432645296,0.10183326130943206,-0.002008843746377423
85,4,47,null,2190,22,0.21157878212682746,0.275123042921946,0.09753067373699859,-0.16107493453211713
85,6,47,real,2190,22,0.32289159005957946,0.24994445842634655,0.10346702845095365,-0.030519896817720788
85,6,47,null,2190,22,0.13873822225415777,0.27543388882856173,0.1014651417461331,-0.23816080832053704
85,8,47,real,2190,22,0.257511383754467,0.25159590504692997,0.10590939791616161,-0.09999391920862455
85,8,47,null,2190,22,0.07500531386439147,0.2710672818084697,0.0989401712506823,-0.29500213919476054
85,12,47,real,2190,22,0.11664122335348037,0.2550583629841306,0.10859635602872472,-0.24701349565937497
85,12,47,null,2190,22,-0.08188571974264458,0.2725960695644276,0.10345508960415752,-0.4579368789112297
90,0,11,real,3701,10,0.3911057436753401,0.3299315354688477,0.06117420820649244,0.0
90,0,11,null,3701,10,0.3792126902741879,0.32498388179412185,0.05422880848006606,0.0
90,1,11,real,3701,10,0.438460109233758,0.3279954629835532,0.07646700328202849,0.03399764296817631
90,1,11,null,3701,10,0.3056434942284991,0.31545219500331795,0.059284734009177976,-0.06909343478399683
90,2,11,real,3701,10,0.3919881860604887,0.3208635418954938,0.08055097361788721,-0.009426329452892401
90,2,11,null,3701,10,0.25308492147129447,0.31825086401358327,0.07173546289287892,-0.13690140543516774
90,3,11,real,3701,10,0.39875210371744785,0.32519844512459845,0.08192233994211065,-0.008368681349261295
90,3,11,null,3701,10,0.1708584663858339,0.3163330960227325,0.07384572452986013,-0.21932035416675877
90,4,11,real,3701,10,0.35175549958975505,0.31501955375038015,0.0756466714213194,-0.03891072558194454
90,4,11,null,3701,10,0.11269664843904914,0.319989290278039,0.07729427665566876,-0.28458691849465867
90,6,11,real,3701,10,0.3492754773501505,0.31193433813428945,0.08175987127884768,-0.04441873206298665
90,6,11,null,3701,10,0.11010228420604096,0.31122207978530914,0.07779719556445835,-0.2789169911437265
90,8,11,real,3701,10,0.4626854442781885,0.3310920003296546,0.05613525860769801,0.07545818534083584
90,8,11,null,3701,10,0.19927523494556232,0.3112945204018548,0.07896630571409108,-0.19098559117038355
90,12,11,real,3701,10,0.3911057436753401,0.3299315354688477,0.06117420820649242,3.700743415417188e-17
90,12,11,null,3701,10,0.3792126902741879,0.32498388179412185,0.054228808480066164,-1.6653345369377348e-16
90,0,29,real,3701,10,0.39654935043103723,0.33840012225086874,0.05814922818016849,0.0
90,0,29,null,3701,10,0.38736165205208406,0.3233672902415275,0.06399436181055657,0.0
90,1,29,real,3701,10,0.44952906719378827,0.33583134953536586,0.07370110474965576,0.03999661290876662
90,1,29,null,3701,10,0.3004461094271974,0.3169584347673362,0.07197935933905154,-0.08849168467919036
90,2,29,real,3701,10,0.4069008186738855,0.3298421922315764,0.08033100845884769,-0.003272382016538585
90,2,29,null,3701,10,0.2515528845396461,0.31694837769552,0.08154780884147145,-0.1469433019973454
90,3,29,real,3701,10,0.40417325302133345,0.3303195764265453,0.0765566312647028,-0.002702954669914657
90,3,29,null,3701,10,0.20767740309005023,0.31167326820983304,0.08783341037334204,-0.19182927549312484
90,4,29,real,3701,10,0.35970886611213615,0.3280616291054716,0.0708368661412332,-0.03918962913456867
90,4,29,null,3701,10,0.15082069902302042,0.31767353562173056,0.08244003208016187,-0.249292868678872
90,6,29,real,3701,10,0.3593679643614681,0.32250486359786557,0.07982189334584812,-0.04295879258224558
90,6,29,null,3701,10,0.16705753305457793,0.31373974879941685,0.08365152337100454,-0.23033373911584348
90,8,29,real,3701,10,0.472420605629968,0.34453372444543834,0.05190131231773457,0.07598556886679506
90,8,29,null,3701,10,0.2017840776317673,0.32063417573262987,0.08581983581946903,-0.20466993392033156
90,12,29,real,3701,10,0.39654935043103623,0.3384001222508688,0.05814922818016861,-1.2027416100105861e-15
90,12,29,null,3701,10,0.38736165205208384,0.323367290241527,0.06399436181055615,6.4763009769800785e-16
90,0,47,real,3701,10,0.4016196769396211,0.33198512344546693,0.06963455349415415,0.0
90,0,47,null,3701,10,0.39798704882459746,0.3387003599059315,0.0592866889186659,0.0
90,1,47,real,3701,10,0.4563230827580881,0.3265680354233682,0.08539951912504179,0.044355528209678086
90,1,47,null,3701,10,0.3239682942433516,0.33234030067632214,0.06418713394992587,-0.07255914038289646
90,2,47,real,3701,10,0.3944822890311134,0.3235874627901111,0.08818355460478916,-0.017288728363786865
90,2,47,null,3701,10,0.2601281980927793,0.3320536245257142,0.07245881905250925,-0.14438424548544415
90,3,47,real,3701,10,0.41663163353296384,0.32812591550190534,0.09043421907482675,-0.0019285010437682737
90,3,47,null,3701,10,0.1843135818705801,0.3247587119465938,0.07761024942698282,-0.21805537950299658
90,4,47,real,3701,10,0.3492627588386431,0.3209807284918842,0.08439206862493462,-0.05611003827817569
90,4,47,null,3701,10,0.19785571533208512,0.3267701118308887,0.08137545592337833,-0.21028985242218196
90,6,47,real,3701,10,0.3663862062924236,0.3151985318309656,0.09300689286519698,-0.04181921840373903
90,6,47,null,3701,10,0.1575970007426517,0.32522826309774144,0.08468795942495316,-0.25231922178004296
90,8,47,real,3701,10,0.4621172900501931,0.3334306683165733,0.06534899880583803,0.06333762292778175
90,8,47,null,3701,10,0.21512731679752028,0.33814745994048967,0.08417283230880396,-0.2071929754517734
90,12,47,real,3701,10,0.4016196769396221,0.3319851234454668,0.06963455349415437,8.881784197001252e-16
90,12,47,null,3701,10,0.39798704882459746,0.33870035990593167,0.0592866889186658,-3.700743415417189e-17
92,0,11,real,3593,18,0.28831710359128404,0.20616942741889258,0.08214767617239142,0.0
92,0,11,null,3593,18,0.26722268132629046,0.18924945089558504,0.07797323043070542,0.0
92,1,11,real,3593,18,0.2698872595862911,0.19886141118371337,0.08405198777975886,-0.013026139377181112
92,1,11,null,3593,18,0.19455077602711313,0.1843009526337862,0.08347943014401056,-0.07322960675068366
92,2,11,real,3593,18,0.26091238268658923,0.1970910284801496,0.08989170524872403,-0.026070351042284428
92,2,11,null,3593,18,0.13456547628085336,0.18048297519466,0.08667744384785026,-0.13259494276165687
92,3,11,real,3593,18,0.21946247384005646,0.18916686930032722,0.0881679942291757,-0.0578723896894465
92,3,11,null,3593,18,0.07776026002455416,0.17761671152210345,0.08933635463805145,-0.18919280613560074
92,4,11,real,3593,18,0.19336640254690007,0.18749112080137328,0.09262156149294334,-0.08674627974741655
92,4,11,null,3593,18,0.044861360003042305,0.17049941803439186,0.0916544368693927,-0.21729249490074226
92,6,11,real,3593,18,0.14618896529183356,0.18710791717111347,0.09509878857022548,-0.1360177404495054
92,6,11,null,3593,18,-0.07001305912799327,0.16677179834767722,0.08955297110211283,-0.32633782857778326
92,8,11,real,3593,18,0.048709619936808224,0.1908653144193042,0.09820386712892526,-0.24035956161142127
92,8,11,null,3593,18,-0.13357123215398015,0.1673288707468515,0.09229701383038565,-0.39319711673121727
92,12,11,real,3593,18,-0.08928948708865692,0.19718723067472352,0.0935541993226838,-0.3800309170860642
92,12,11,null,3593,18,-0.20734771260528606,0.18265924766446456,0.08785591100639163,-0.47786287127614224
92,0,29,real,3593,18,0.27024404877961383,0.1843656627953949,0.08587838598421893,0.0
92,0,29,null,3593,18,0.26863838080658675,0.19292182082433945,0.07571655998224724,0.0
92,1,29,real,3593,18,0.2632530936890649,0.1767643931927369,0.0912687187905145,-0.0047800182941865055
92,1,29,null,3593,18,0.21391680385163614,0.1902756451109094,0.08276684094116893,-0.05912568220044222
92,2,29,real,3593,18,0.2514405143075267,0.1741756501986415,0.09607473119366466,-0.018809867084779497
92,2,29,null,3593,18,0.15734604758332715,0.18648759072725407,0.08322877934525039,-0.11237032248917735
92,3,29,real,3593,18,0.2176783024962088,0.16606295562572956,0.09443479334748953,-0.04281944647701032
92,3,29,null,3593,18,0.11806521062788644,0.1793292134371724,0.08822758767774419,-0.14949159048703015
92,4,29,real,3593,18,0.1947987080413478,0.16440528223487613,0.09611159758041446,-0.0657181717739428
92,4,29,null,3593,18,0.06932887600983906,0.1739265909312475,0.08872727647312599,-0.19332499139453446
92,6,29,real,3593,18,0.1264713888178267,0.1701954738514866,0.09928724205112277,-0.14301132708478267
92,6,29,null,3593,18,-0.03019101734608265,0.1665617962917749,0.0915662467343678,-0.2883190603722253
92,8,29,real,3593,18,0.03654878105407777,0.17415883318668848,0.09948138162227929,-0.23709143375489
92,8,29,null,3593,18,-0.10538098681666308,0.17062786255546455,0.09192156140450686,-0.3679304107766345
92,12,29,real,3593,18,-0.12763525599963588,0.1778737629812997,0.09296550938495324,-0.3984745283658888
92,12,29,null,3593,18,-0.2201515104586642,0.18415616622831,0.08889770016449003,-0.49320537685146426
92,0,47,real,3593,18,0.27948626168601465,0.18689729588008486,0.09258896580592979,0.0
92,0,47,null,3593,18,0.2822173553934051,0.19680333527524257,0.08541402011816246,0.0
92,1,47,real,3593,18,0.2635339878044115,0.17902972492440467,0.09784851097766895,-0.013344248097662104
92,1,47,null,3593,18,0.22074722463477403,0.19426333325117656,0.08952190626442544,-0.063038014880828
92,2,47,real,3593,18,0.2547340843749233,0.17584980632348593,0.10197171648660594,-0.0230874384351686
92,2,47,null,3593,18,0.15520924424210325,0.19232610412421403,0.0931867796284139,-0.1303036395105247
92,3,47,real,3593,18,0.2190997731571065,0.17239200733651983,0.10413818563655665,-0.05743041981597
92,3,47,null,3593,18,0.08849683613014336,0.18380447369087474,0.09622823571566946,-0.19153587327640087
92,4,47,real,3593,18,0.18368153572995394,0.17308327257672676,0.10575484242060249,-0.09515657926737534
92,4,47,null,3593,18,0.04932155836280494,0.17833410597743016,0.09838476223627192,-0.22739730985089715
92,6,47,real,3593,18,0.12533865391408527,0.17406296488234202,0.10482469223885926,-0.15354900320711604
92,6,47,null,3593,18,-0.027559844362263775,0.17234561753593697,0.09845969593418388,-0.29836515783238465
92,8,47,real,3593,18,0.0284844996452156,0.17331515622644114,0.105631679436301,-0.25046233601752654
92,8,47,null,3593,18,-0.1308552866564041,0.17133269628650383,0.09717599790361897,-0.3993639808465269
92,12,47,real,3593,18,-0.09156242012928484,0.18005306095175666,0.10559896395564954,-0.377214445036691
92,12,47,null,3593,18,-0.22149212500249615,0.18135709289535296,0.09533261244189596,-0.49818183033974506
93,0,11,real,3228,21,0.3521159653648366,0.23481035102131725,0.1173056143435193,0.0
93,0,11,null,3228,21,0.3464364649687156,0.23373353070673256,0.11270293426198302,0.0
93,1,11,real,3228,21,0.3840726191914986,0.2353354890557894,0.12308113878974751,0.025655991345961634
93,1,11,null,3228,21,0.2904216171679488,0.22937721558070023,0.11865722771972521,-0.05761282613247668
93,2,11,real,3228,21,0.3783123855241275,0.23366818343653908,0.12206225326393963,0.022581948823648758
93,2,11,null,3228,21,0.24575145031569068,0.2252218749217501,0.12212352386874477,-0.10159394847480421
93,3,11,real,3228,21,0.36973135815673,0.22824506846703102,0.12343809888212984,0.018048190807569066
93,3,11,null,3228,21,0.2184361226562228,0.22581181123199262,0.12063509841096466,-0.1280107869867345
93,4,11,real,3228,21,0.34484871897557745,0.22776896030012284,0.12486585545303236,-0.007786096777577781
93,4,11,null,3228,21,0.1662162806202897,0.22147004676126064,0.1200127549011275,-0.17526652104209847
93,6,11,real,3228,21,0.2834177491825459,0.22205912583317644,0.1262730759170042,-0.06491445256763473
93,6,11,null,3228,21,0.09261165648563752,0.21874157397161992,0.1180649999089241,-0.24419491739490645
93,8,11,real,3228,21,0.26660900934631493,0.22514401934708658,0.12174096082587184,-0.08027597082664352
93,8,11,null,3228,21,0.01172710549323086,0.21778446038868782,0.12065362753759991,-0.32671098243305685
93,12,11,real,3228,21,0.16165133935952292,0.22190727903028615,0.12162029498656349,-0.18187623465732672
93,12,11,null,3228,21,-0.06912223251494831,0.22530769834788286,0.12098987151897508,-0.4154198023818062
93,0,29,real,3228,21,0.3548865445479519,0.24341220519138052,0.11147433935657135,0.0
93,0,29,null,3228,21,0.3571587893263939,0.2449028221298698,0.11225596719652407,0.0
93,1,29,real,3228,21,0.3848806303227016,0.24434833707098327,0.11600288105388853,0.02452941219782976
93,1,29,null,3228,21,0.3025011946994063,0.24174956144445403,0.1169124675648417,-0.05616083430988944
93,2,29,real,3228,21,0.3786646662245887,0.24281536592972677,0.11801827355997604,0.01783102673488588
93,2,29,null,3228,21,0.2500161341139139,0.23851175785186154,0.12088818560771128,-0.10938380934565896
93,3,29,real,3228,21,0.36828833103172176,0.23780015015186984,0.11923946329789448,0.011248717581957446
93,3,29,null,3228,21,0.20453249232760495,0.23578516929767923,0.12127753471727609,-0.15253021168735037
93,4,29,real,3228,21,0.34750212812613646,0.2346899126149356,0.12125893871379231,-0.008446723202591506
93,4,29,null,3228,21,0.17834588567420573,0.23450293905717634,0.118841245504725,-0.17499829888769564
93,6,29,real,3228,21,0.28819972350081335,0.23502717949579596,0.1200361931120415,-0.06686364910702414
93,6,29,null,3228,21,0.11065171755546632,0.23266146311909977,0.12125906342524587,-0.24326880898887931
93,8,29,real,3228,21,0.2670295343548137,0.23630481619796034,0.12055974512012502,-0.08983502696327167
93,8,29,null,3228,21,0.038090583670276956,0.228794615275778,0.12045747653401069,-0.3111615081395117
93,12,29,real,3228,21,0.16897983449296672,0.23140017795009737,0.12189065131531499,-0.18431099477244567
93,12,29,null,3228,21,-0.061611616912705225,0.22629312457800993,0.12085849906293028,-0.40876324055364543
93,0,47,real,3228,21,0.3470546497187218,0.2449852566572393,0.1020693930614825,0.0
93,0,47,null,3228,21,0.33729956232411085,0.23596825530289967,0.10133130702121118,0.0
93,1,47,real,3228,21,0.39048970349961687,0.2451616970045098,0.1072983771992646,0.03802962929584243
93,1,47,null,3228,21,0.2999953442882216,0.2310301980984338,0.10290128616888752,-0.03393613997909974
93,2,47,real,3228,21,0.38049796891813426,0.24298248892805213,0.10880704232006966,0.028708437670012462
93,2,47,null,3228,21,0.24255498803446374,0.22559708291871564,0.10621305799161745,-0.08925515287586938
93,3,47,real,3228,21,0.3695086026022707,0.24180475067097199,0.10967990059562102,0.01802395133567767
93,3,47,null,3228,21,0.20357696404599657,0.22194443612971673,0.11092003806744602,-0.12928751015116619
93,4,47,real,3228,21,0.3522596754689168,0.23982798616663292,0.11181613397089839,0.0006155553313854643
93,4,47,null,3228,21,0.1601132308824027,0.22355430145807303,0.11378800461311496,-0.1772290751887853
93,6,47,real,3228,21,0.29790521871225084,0.233438655847428,0.11390822018599195,-0.049441657321169154
93,6,47,null,3228,21,0.06892893486266127,0.2204520295474435,0.11541014557622789,-0.2669332402610101
93,8,47,real,3228,21,0.2742216162610228,0.23315157655433838,0.11228640238012723,-0.0712163626734428
93,8,47,null,3228,21,-0.020904258457219216,0.21750907889101387,0.11269218668440406,-0.3511055240326372
93,12,47,real,3228,21,0.15870515712178002,0.23289091850620885,0.11381482373349244,-0.18800058511792128
93,12,47,null,3228,21,-0.08062693560092149,0.22040678333809155,0.10971623624032939,-0.4107499551793424
