q,Kw,seed,world,arm,brier_I,brier_P,brier_C,brier_W,l1_I,l1_P,l1_C,l1_W
1,1,11,real,real,0.24364296648920528,0.08468516275165183,0.005765060505718742,-0.010590757654349792,0.22107341865029584,0.10859728501843836,0.006684178278629715,0.03170060785809227
1,1,11,null,real,0.24454102262845698,0.07953040610907386,0.0005205893988270704,-0.0668850269116597,0.22248055494040103,0.10475395046647085,0.000911312546968616,-0.003324347878915464
1,1,11,real,permC,0.24386930915351543,0.08426027475777943,1.2114996857011853e-05,-0.008451157745190858,0.22154771435229453,0.10847136544268515,0.00017298759098389552,0.03252291530823727
1,2,11,real,real,0.2426596149900881,0.08852747120367134,0.005929862589149848,-0.03072627092072866,0.22055173500397326,0.10807623737692904,0.006513142675405592,0.05207665606546098
1,2,11,null,real,0.24314334647981978,0.08094069100282213,0.0004101770818565794,-0.11892840479343862,0.22260296953956032,0.10316075614623732,0.0008233037381657111,0.001295618619790976
1,2,11,real,permC,0.2429419981253674,0.08807591615307137,6.953023274653783e-05,-0.028694057859111305,0.22110200615582498,0.10801197966299257,0.0001725693270758129,0.05306958085492201
1,4,11,real,real,0.24041094908234484,0.09595061604336155,0.005389701707892686,-0.09848961107969773,0.2176838423386728,0.10540981921957333,0.006032808799785858,0.06576026170859604
1,4,11,null,real,0.24182344455746801,0.09209750771590207,0.0006167640985066669,-0.2438801974325586,0.2206939630252517,0.09953518643486525,0.0008179229172237124,-0.013709816457671461
1,4,11,real,permC,0.24084142078096044,0.09544683634132198,9.700583646073586e-05,-0.09588976153310902,0.21835224133036762,0.10538488191078776,0.00018146520623006182,0.06724241625283106
1,8,11,real,real,0.23838304144148476,0.09952448491280871,0.005603700798939866,-0.2245698825764154,0.20823733366276903,0.0967944042104117,0.005719083529221735,0.05403754027380825
1,8,11,null,real,0.23909328588079679,0.0933640594302434,0.0005645797990061208,-0.3856835551166832,0.2126091092764886,0.09105439641504637,0.0007047118068850833,-0.02627101395948241
1,8,11,real,permC,0.2388391438662781,0.09957547249329315,0.00017279647341773377,-0.2221082414839169,0.20876300318444838,0.09670665184407698,0.00019640784685775087,0.055848362729235074
1,1,29,real,real,0.24157602621993587,0.08152337971895024,0.0060329168107917846,-0.007392999333555602,0.21979803762164918,0.10792373768041591,0.00681215695999679,0.03281401368856916
1,1,29,null,real,0.2360035892317476,0.08781702959575516,0.0004907532272906227,-0.0738054883753751,0.2186378769527548,0.10703970771980417,0.0006702610392928613,-0.005881600481727839
1,1,29,real,permC,0.24139193019596492,0.0811016377504532,-0.00025508524849421343,-0.005252803340846249,0.2201931731168248,0.10777972346470824,3.0742974753269106e-05,0.03354925438845213
1,2,29,real,real,0.24064889240746098,0.0848021795426673,0.00625765471169539,-0.02890769735881062,0.21916704166725598,0.10695417382446325,0.0066082604851391835,0.053072151077261376
1,2,29,null,real,0.23550477831304775,0.09445420117533669,0.0004827270922668029,-0.13952862792543314,0.21821491002335963,0.10538285603462624,0.0006399633262073046,-0.01209474901905975
1,2,29,real,permC,0.2404961806369167,0.08445379047574735,-0.0002188585664833024,-0.02695601258499396,0.2196737664763717,0.106853275855018,3.065975242353783e-05,0.05401120502967221
1,4,29,real,real,0.2387885516504258,0.09278916610471497,0.00584023066554166,-0.10142672095580502,0.21672657722640465,0.10451172836644919,0.00605051390629031,0.06501530689525208
1,4,29,null,real,0.2347996203342469,0.0969079258188095,0.00044672651471226266,-0.2452196590628305,0.21705761284190495,0.10088582069182805,0.0005732085480319818,-0.016084046186700972
1,4,29,real,permC,0.23847566206286736,0.09222845220532924,-0.00019312919891832184,-0.09903188276826964,0.21734921850663305,0.10437907276593693,8.088223843849551e-06,0.0664895358979321
1,8,29,real,real,0.235546163922577,0.09518768171552211,0.0061234497549466265,-0.2298136121668893,0.20653171037136064,0.09526060549532293,0.005782297018272089,0.05352583540975199
1,8,29,null,real,0.23293276772848676,0.10071454055295592,0.00034775419225378335,-0.3863147938018527,0.20983433806710566,0.09426932155191362,0.00047333876953810816,-0.02737713813600965
1,8,29,real,permC,0.23571836917478842,0.094945967759126,-0.00014490010599524372,-0.22765376397583584,0.2070766702106516,0.09516232524414507,1.5158521020963708e-05,0.05527535159762736
4,1,11,real,real,0.26455694437463406,0.046588163886583045,0.005951375426720677,0.037800740070152695,0.24723143663605218,0.06434402698551864,0.0043762418323105845,0.0652925099685765
4,1,11,null,real,0.2625826480558642,0.03325990568420424,-0.001599678252295289,-0.10067200315656058,0.24869346579746715,0.055965115066603455,-0.00017449952304643412,-0.011113600491088949
4,1,11,real,permC,0.26342531236671707,0.045997617275624944,-0.00048770031730230307,0.038476651139691294,0.2473347536350507,0.06429760123593649,0.0002690824832059882,0.06548209980282338
4,2,11,real,real,0.2546650788981482,0.05378716772093234,0.006128314937164869,0.006843620488908223,0.24573927405103674,0.06268423039624652,0.004347878673913194,0.08268708598365604
4,2,11,null,real,0.24846743327915385,0.0486269993709653,-0.0013397533306336675,-0.19067302658298219,0.24823541275956615,0.05419431788176573,-0.0001365341445377181,-0.024326125781589488
4,2,11,real,permC,0.25369557230270606,0.053357628899169854,-0.0005401928005869434,0.007290099564717989,0.24605342944922676,0.06250073848655918,0.00024403056565472364,0.08287998705874905
4,4,11,real,real,0.25058512689338897,0.051616964120881875,0.005241485780139971,-0.017233187268116075,0.24506653102340256,0.06729923328751966,0.0036013840086588276,0.11164572080251733
4,4,11,null,real,0.24945836017792838,0.045845769149433294,-0.001343708561014234,-0.2632071956831835,0.24935251510875955,0.05519290361188159,-0.00020300409101619193,-0.011989886224038154
4,4,11,real,permC,0.24951776990007743,0.05091276684700155,-0.000371146208468213,-0.01573083244316268,0.24541183490322332,0.06721959221604437,0.00018583000659514826,0.11252691598380514
4,8,11,real,real,0.25128110029130835,0.05896289718170192,0.005801680806217097,-0.08696527501905973,0.23657013944534883,0.0751661881091861,0.003748677262400894,0.04444578173697159
4,8,11,null,real,0.2658574539718692,0.040750015630312754,-0.0013333702924342437,-0.12622006821641546,0.24322294979376347,0.06792335373758404,-0.0002119196301026971,-0.0033523503594503432
4,8,11,real,permC,0.2508463254171372,0.05798454152396576,-0.0002303226622848431,-0.08588229167400009,0.2371239662589838,0.07526412251371414,0.0002887668253061063,0.04528262048322829
4,1,29,real,real,0.25487762671736414,0.039980926060366184,0.005148096797639992,0.02322886144432267,0.245744332858555,0.06161300564399803,0.004913562489317522,0.056844749591433666
4,1,29,null,real,0.250541881555206,0.03954129912480293,0.0006146630213331635,-0.08731276865300108,0.24722962981645,0.06261183828969677,0.0011125453985046847,-0.004802136393447611
4,1,29,real,permC,0.2550859816762794,0.03995561348204366,-0.000647714096967585,0.022269048142279146,0.24615621229443407,0.06185861328711835,0.00027785974257573304,0.056861789260354734
4,2,29,real,real,0.24454956783577433,0.047405559911603626,0.005327381056363026,-0.012387363019506305,0.24424054842719886,0.06040597216648585,0.004724282099970898,0.06913411616460327
4,2,29,null,real,0.2377874181390929,0.04099999738214278,0.000638700397140433,-0.17363125169264465,0.24605490650683104,0.05958090216488426,0.0011154404393431312,-0.010567861623367767
4,2,29,real,permC,0.24487529925653698,0.0475553216275941,-0.0005343158351033643,-0.013413062318408645,0.24467281877963265,0.060570406246214216,0.0003352932192023002,0.06939786969949754
4,4,29,real,real,0.24737994921120143,0.046020178551885976,0.004657632814217725,-0.029198266857090118,0.2442993516151165,0.06699734825783651,0.004432094899875496,0.10030537424095178
4,4,29,null,real,0.23686526694229737,0.04895986882788252,0.0006035318812924647,-0.2641883328187248,0.24663937144503856,0.05532853104276096,0.0011143244702511062,-0.013209405976274633
4,4,29,real,permC,0.24759711948287613,0.04617015448931937,-0.0002582981730585854,-0.02927820025180238,0.24477114428942176,0.0670046972798086,0.00031141775290849383,0.10083743950964763
4,8,29,real,real,0.2465653961617994,0.05043032937614485,0.003812273544185618,-0.054238315135228865,0.2367347084592982,0.07226417246312658,0.004132884884514604,0.05700432736797951
4,8,29,null,real,0.25016531652986984,0.051369785933979804,0.0006029082309353302,-0.138656193739378,0.24070164401097227,0.07011479767928946,0.0009689068548169032,-0.021373939849391926
4,8,29,real,permC,0.2468188370727202,0.05012803456161115,-0.0008448320189419582,-0.0540594231057924,0.23718157853300129,0.0723620490729357,0.00023069085811024587,0.05775487575723801
7,1,11,real,real,0.09768459416113064,0.11387273600843945,0.013318366277107758,0.06694336918210061,0.08180144321809324,0.16081577611612324,0.017447094752471866,0.11494050312303797
7,1,11,null,real,0.11413866700748253,0.0902451046961705,-0.003932859884580077,-0.0987705006398031,0.09029630420856632,0.15921478746925116,-0.0006866662117066176,0.001329627461967834
7,1,11,real,permC,0.09839269016684807,0.10982909185010536,-0.001311194740327435,0.07757733674563341,0.08224507897155729,0.16185301337894595,9.82409211527831e-05,0.11744263582745006
7,2,11,real,real,0.09519187312589135,0.11998557781874376,0.014436841817626526,0.05286134061743673,0.08147094764424194,0.15968736754616147,0.017043593628430713,0.13354169383734266
7,2,11,null,real,0.11300067950489907,0.09866165640644001,-0.003668423579251512,-0.17878658248648474,0.08896767528455216,0.15613718696551027,-0.000821724976063698,0.009455877312945319
7,2,11,real,permC,0.09522216751300144,0.11743254109013118,-0.0014804824427123349,0.06220754493806587,0.08182960938539724,0.16084372705883612,0.00016892096431845674,0.13651800770896158
7,4,11,real,real,0.0950204138205269,0.13242533796802514,0.014672848612925374,-0.06361394396843208,0.08168434454818713,0.151542697347417,0.016166025036360138,0.1205875686867225
7,4,11,null,real,0.10932621129476922,0.12333455015954563,-0.00193518787755508,-0.35181700155832163,0.08791106745090078,0.14702897498308534,-0.00036671039128074084,-0.026801728402211306
7,4,11,real,permC,0.09490560233946388,0.1319314029129794,-0.0006433360760245607,-0.05366660007641401,0.08191664653327872,0.15233883529890807,0.0003650226316328405,0.1246375528177264
7,8,11,real,real,0.10626281331219319,0.12735384307221964,0.01952608323524953,-0.14813217660668293,0.07560313770719312,0.1477868079901333,0.017492264157231152,0.0380813724544798
7,8,11,null,real,0.1177301045493456,0.12217818893130702,-0.002998422105646131,-0.174586320533591,0.0880485571318903,0.1443996151058096,-0.0007520616974025599,-0.0228380334664094
7,8,11,real,permC,0.10671586989601145,0.12447362608835458,-0.0007336901800210164,-0.1431284214409855,0.07592206931325901,0.14857559606265575,0.00043806324728639284,0.04087815808026622
7,1,29,real,real,0.08479188156748882,0.12496657667723926,0.018258110761548214,0.0652100083919318,0.07193159703734231,0.16298942179093737,0.02052284311100779,0.11270182152425756
7,1,29,null,real,0.10408569932097043,0.09259338498550743,-0.00245554659241314,-0.11216106304947678,0.08347197458651845,0.16216953244866977,0.00021230327941341534,-0.006042504012634814
7,1,29,real,permC,0.08451663469520737,0.12159546817126853,-0.0009818256601980635,0.07710302462393039,0.07224919104185137,0.16483119018069436,0.00045702160452953944,0.1151288213998158
7,2,29,real,real,0.08209321393155218,0.13051848324573878,0.01785701970924556,0.04465584829539122,0.0714450148712472,0.15782042207617453,0.019447110885984015,0.13373857105440629
7,2,29,null,real,0.10276659396248339,0.10711381561441752,-0.0016348176138697157,-0.19440560337691506,0.08287640617897507,0.15771004977481662,0.0005102923625969202,-0.007373420834296818
7,2,29,real,permC,0.08218211733356282,0.1297929158897399,-0.001234022605792149,0.05669775863409836,0.07169354113162174,0.15986022996817303,0.0003530731681252822,0.13713735471858401
7,4,29,real,real,0.08240768937986748,0.13297276556839166,0.019804650038402528,-0.08171250398535909,0.07114939090745143,0.1465659570204063,0.01886083614206806,0.11890675786908673
7,4,29,null,real,0.09890761960208093,0.13540632537083247,-0.0015839213138559665,-0.384195648330853,0.08041525841265096,0.1496165012726566,7.483118806244268e-05,-0.032318917791815144
7,4,29,real,permC,0.08271274797525943,0.13201240121916888,-0.0014809915215242553,-0.07186519289154103,0.0710809705287232,0.14720529376801714,8.226801942287643e-05,0.12262101112847805
7,8,29,real,real,0.08951759123457617,0.14094091572611794,0.02679327378125514,-0.194889153604974,0.06709517239201956,0.15658121944972914,0.02161158375790556,0.01642978963747871
7,8,29,null,real,0.10565759964302039,0.14857897368958714,-0.0025276589705698995,-0.22855383854166014,0.07999041813429401,0.15015020281658373,0.00013400269471213383,-0.04927324645696469
7,8,29,real,permC,0.08954717553851463,0.14045135262399394,-0.0019394502492975732,-0.19248892498178186,0.06682505094136137,0.1579357477666966,0.000309969597156771,0.017620996858766412
8,1,11,real,real,0.12931389298102902,0.09866607894000938,0.0029938262439728838,-0.05234371556181982,0.10379394337989964,0.1634581312276694,0.004733354698653935,0.02831427741271114
8,1,11,null,real,0.13381101822864155,0.09103679953783016,-0.002555712688475413,-0.10819813002818375,0.1027535608610507,0.1654794545346495,-0.00030516463269051697,-0.003183243229420818
8,1,11,real,permC,0.12979421395257723,0.09798173529319645,0.00018991797984890807,-0.051642071473435025,0.10380874035863542,0.1638887628785711,0.0006285054147647332,0.028754292799084414
8,2,11,real,real,0.12901462336330077,0.11026076480346429,0.001546291000072151,-0.08906419976275744,0.10375228874737154,0.16017092961238139,0.0039036544156852517,0.052107449698383275
8,2,11,null,real,0.13098669415060438,0.10023089013826926,-0.002306285301033717,-0.17704222047591814,0.10227630413233427,0.15949674626365976,-0.00025217010023688885,-0.0010174355646021906
8,2,11,real,permC,0.12918691921737296,0.10988157920313708,0.00024360558708510127,-0.08686133282323572,0.10378259193144046,0.16079142566806057,0.00039864117918000003,0.0531473011321405
8,4,11,real,real,0.13115671078877775,0.11926380403472783,0.0027430801844286015,-0.10433443766545981,0.09882214895461933,0.1498880546731428,0.004347493693445226,0.08432727234768238
8,4,11,null,real,0.12721994061263378,0.12021595109511705,-0.0012445945500068705,-0.3177896674519729,0.09923239256986206,0.15194134454151095,-5.156021893581994e-05,-0.016714658047880176
8,4,11,real,permC,0.13204328543770683,0.11943842156951258,-5.135080692756809e-06,-0.1035771005780724,0.09903231655109081,0.150643342666746,0.00038341574159324776,0.08490805906609288
8,8,11,real,real,0.13127978819890176,0.1316055854100904,0.0039264607920416195,-0.20525584962224816,0.09532213123652662,0.14984764625085784,0.004931781696079015,0.00012143453292797445
8,8,11,null,real,0.13410530752532512,0.13811211472596283,-0.0019413162439613219,-0.1980571829008897,0.10114399849769959,0.15265875796570963,-0.00029257904928936535,-0.049404506415478
8,8,11,real,permC,0.13216618173466108,0.13112461690163418,-0.000499576077669206,-0.20617633413945022,0.09555984605178115,0.14991978443769155,0.0004869439571326683,0.00022146146424410415
8,1,29,real,real,0.1253741857711827,0.12672766919265427,0.0013261189661563644,-0.04678506436583681,0.10058043764146331,0.18578137014846038,0.004670738640071143,0.03010028969101755
8,1,29,null,real,0.11544440524011186,0.13656728340434768,0.00032758649774316156,-0.08929495775129262,0.0954506115674164,0.18992351347948702,0.0007813474009246146,0.001852866188938855
8,1,29,real,permC,0.12558744855915407,0.1261450259987563,-0.00042285203290575357,-0.04626889960887421,0.1007323045330957,0.18674093849480983,0.0004983776864070921,0.030653582454578256
8,2,29,real,real,0.1236969247636805,0.14284169539009522,-0.0003022021883049564,-0.0874351625566683,0.10018109374439255,0.18056586323016968,0.0038155802720175143,0.05618657438525553
8,2,29,null,real,0.11655561037599714,0.14862572940829638,0.0004164133331163537,-0.1755028452504455,0.09518427147470913,0.1884941151512082,0.0008269453437443804,-0.0016568514327059505
8,2,29,real,permC,0.12424940511629029,0.14312562104745796,-0.00033306240819889566,-0.08520088702053753,0.10041835217950304,0.18133549721412331,0.0004946676201279439,0.057591315450590715
8,4,29,real,real,0.1231028302764474,0.15057004491778156,0.0009745533769824251,-0.1095615389740723,0.09525847474756205,0.17200969689158288,0.0037653173531533115,0.0793139303452425
8,4,29,null,real,0.11257240436208193,0.16978190265322793,-6.252046423626162e-05,-0.3530840254313676,0.09243803262811652,0.18003593421603492,0.0005548544742213409,-0.02922641789940572
8,4,29,real,permC,0.12298502557842043,0.14982644332746153,-0.0009370379668441805,-0.1092079945618742,0.0952487893752989,0.17250609908654643,0.00023431209913610251,0.08050857880845005
8,8,29,real,real,0.13400275468407252,0.16525322707653609,0.0023121872801966925,-0.24301244270465042,0.0934016082698903,0.16765755520082296,0.004480480179561874,-0.01800710021581627
8,8,29,null,real,0.11862772420714765,0.19451106174394728,0.000722343149770858,-0.19987284014670978,0.0946423823366473,0.17607535181722828,0.0010976454948722534,-0.05617378775379215
8,8,29,real,permC,0.13395164713040442,0.16629197600940043,-0.0007340801989901464,-0.24379357442781255,0.09356455334000116,0.1683656276375423,0.0001842305687762465,-0.01757769610937714
13,1,11,real,real,0.31177459073783675,0.11816565362616148,0.004145524653771372,-0.015430129990187585,0.2959808002579296,0.1241172957823219,0.004534306786789381,0.0261791099969169
13,1,11,null,real,0.29996998361955024,0.12245125591616439,0.0004384175204315739,-0.024376397981997956,0.29264100654365677,0.1276227941616392,0.0011295176603652126,0.02092807969005228
13,1,11,real,permC,0.31212192382116294,0.11761359804722803,6.281674992076697e-05,-0.014474700516877853,0.2965714333690136,0.12423788652803028,0.0002903286051398705,0.026980711677493975
13,2,11,real,real,0.3122517349509932,0.12200426262940625,0.004140390011425132,-0.04496661279548736,0.29435382778453895,0.12175582191818553,0.004492675412555121,0.028531408177461262
13,2,11,null,real,0.3011359462676091,0.1229697680235113,0.0004859723079937983,-0.07166696904916926,0.29074002643603036,0.12486902529211678,0.0011291431278717123,0.012729174340025904
13,2,11,real,permC,0.31271834637411977,0.12157377171288128,5.523561233281017e-05,-0.04401362981741934,0.29491511390406294,0.12179630671784777,0.0002675060705442471,0.02935181869767698
13,4,11,real,real,0.31381653310056634,0.11913679761898627,0.004550611545744866,-0.08543204198643292,0.291735615476275,0.120080457163489,0.004380282946890126,0.0416851115194988
13,4,11,null,real,0.29971562835822607,0.12402261251149986,0.00041635891425833194,-0.13109868521311158,0.288225325556969,0.12214928415296553,0.0009546453062592348,0.011091315389450757
13,4,11,real,permC,0.31425971792779167,0.11885297579764734,2.6425965559712106e-05,-0.08491809018945774,0.29223946342223367,0.12003799788103266,0.00021026877414922113,0.04256067720898449
13,8,11,real,real,0.305633017547972,0.11656705462726433,0.0032797260978192446,-0.1666475541538268,0.2822787490197231,0.11867147706918826,0.0036761477258788018,0.029176486623130955
13,8,11,null,real,0.2958401762240396,0.12458316712007007,0.00046919546531430184,-0.24682061913747336,0.28206713629435287,0.11633082859752664,0.0008450639374231831,-0.011830705551872331
13,8,11,real,permC,0.3066136030596867,0.11624134955614902,0.00014808385352334716,-0.16474105902096234,0.2830972409504592,0.1189570295554401,0.00022805812873463727,0.03077397688821338
13,1,29,real,real,0.3086323826661939,0.11799869738514873,0.0033810587987574323,-0.013353197689905975,0.2922202745193905,0.12215896829220964,0.0036213299204401377,0.027125584660716167
13,1,29,null,real,0.30330955518877806,0.11861261211312815,0.0002451961627529993,-0.03162958596870182,0.2916650981502589,0.12417745135032729,0.0005879466264460027,0.017447515573858367
13,1,29,real,permC,0.30850750889052214,0.1178221445984524,-0.000670414978006147,-0.012393550579737678,0.29283184969850495,0.12229944114581556,-0.0003369962669968381,0.027972150315481163
13,2,29,real,real,0.30934263989202526,0.12227991018052205,0.003346020298945679,-0.04498296420137009,0.29054821037590517,0.12004860961684011,0.0035712931515911313,0.029074283296286686
13,2,29,null,real,0.3047317614437144,0.11924076928825987,0.00030572508390080966,-0.06758870749702196,0.28947332411402277,0.12204514988549428,0.0005901887793099969,0.015275109072726684
13,2,29,real,permC,0.3091055012053556,0.12214449696934031,-0.0006426988719368069,-0.043960562485320695,0.2911328900292598,0.12010058801362987,-0.00031319436985851234,0.02999468761703901
13,4,29,real,real,0.3096075219157716,0.11906208128763114,0.003753783286811632,-0.077196091889288,0.28784756507985654,0.11829522427123638,0.003420539653601349,0.047468229167956635
13,4,29,null,real,0.3027794524764665,0.11881769221735373,-7.657180900187216e-06,-0.13918727143212875,0.28810644204512115,0.11814242856105435,0.000397124849719932,0.011134317434853809
13,4,29,real,permC,0.30974176438025725,0.11896481842805932,-0.0006688040554015949,-0.07660755834456935,0.2883829971795119,0.11833057728221284,-0.00032686395971216287,0.04852571739684509
13,8,29,real,real,0.30352130207907696,0.11477243069432848,0.0025657293502508913,-0.1668767843233339,0.27896882930409467,0.11427317068329047,0.002887302119614669,0.030280123185269275
13,8,29,null,real,0.29918984258390025,0.11933614207780627,0.00015722558714628687,-0.22036726054243191,0.2819900403897446,0.11403221576094846,0.0003518684131289066,0.0012824865001716257
13,8,29,real,permC,0.3038603447714444,0.11487784279872502,-0.0005647768999088679,-0.16499616968656178,0.27969471113526573,0.11448399820579185,-0.00030120501643259484,0.03189650789142398
17,1,11,real,real,0.18813823407810662,-0.030329440055829535,0.009785300980400518,-0.09123729273381784,0.16719388159215745,0.035032118665134546,0.007560096352285263,0.007666861565840058
17,1,11,null,real,0.1882212721997768,-0.007112513217609546,-0.0015723970186296934,-0.1425229219539345,0.16770079199759047,0.04709974009030617,-8.61458544309801e-05,-0.020685017051773676
17,1,11,real,permC,0.1890076021945216,-0.0316477509487412,-0.0075915685656271215,-0.09367578161329522,0.16718339797244394,0.035444886716850324,-0.0030434815062374367,0.008853057961249225
17,2,11,real,real,0.18795076992226803,-0.017536930063163217,0.005503877988466882,-0.10827434130410897,0.16798113785057517,0.03336250073601378,0.007280001945065599,0.03122670820132861
17,2,11,null,real,0.17407104994119738,-0.004145959442222633,-0.0011418671349639937,-0.20582952824864265,0.1612312896138095,0.04407533853885951,-8.920694936411419e-05,-0.006865274835349063
17,2,11,real,permC,0.18962628026248393,-0.018983093854873383,-0.0071176973818065275,-0.10595753600783214,0.16804930688201788,0.033460832802759286,-0.002997645639859242,0.03273883487033564
17,4,11,real,real,0.1743852413906108,-0.015247685285521593,0.010155144295407082,-0.2899756581702062,0.162523180796477,0.02863779871930889,0.006959025277237416,-0.009775160157948815
17,4,11,null,real,0.17156358361906288,-0.0001371820964803632,-0.001789641812398074,-0.33159783997940995,0.16147801047211505,0.040322039796702,-0.0004151017427505843,-0.04237168684937408
17,4,11,real,permC,0.17490297493394888,-0.014974619439791632,-0.005428241328504613,-0.29062066312756774,0.16212532819898848,0.029081842585204066,-0.002758777818618968,-0.007703188999873331
17,8,11,real,real,0.1952956190093959,-0.02321194240128181,0.007882123787121182,-0.032381080291591424,0.16658133609148026,0.05019638532692826,0.009050530293625004,-0.0014783130507422604
17,8,11,null,real,0.19974374450886814,0.004844694309826499,-0.0015932009286517463,-0.034167649564838504,0.16654301288855056,0.062072298405214776,0.00014605842174260825,-0.002363060130394297
17,8,11,real,permC,0.19645530676004247,-0.024793294499131098,-0.007336747002576369,-0.03266157041473873,0.16667680888952996,0.05053527633890936,-0.002609866449141888,-0.0013489355395772855
17,1,29,real,real,0.18886684553658248,0.008106320217426966,0.008076496950877532,-0.08505121575826999,0.1761699706898509,0.055458341535027635,0.009056628753212623,0.008579896085701246
17,1,29,null,real,0.1698913691719978,0.010272630729795857,1.6267831223456153e-05,-0.09168889712375429,0.16769486213377388,0.057589420896510125,0.0006135268088710936,0.004464702277214923
17,1,29,real,permC,0.1881756744138631,0.007051247737899946,-0.0006476744922412531,-0.08756155298971065,0.17594484306332608,0.05487318128731621,7.570710011189918e-05,0.009989357393591636
17,2,29,real,real,0.18980323778697614,0.014973632168269385,0.0031919998692355087,-0.13945318437619136,0.1759539914129903,0.051570752020224105,0.007531972792635945,0.022335691988407968
17,2,29,null,real,0.15130287841307638,0.026533071597358328,0.000494955748436221,-0.2035644514379676,0.16429593539788073,0.05623270115017789,0.0009435410121220178,-0.017020052907962803
17,2,29,real,permC,0.18979497958274638,0.014500406410521055,-0.0010582704535081382,-0.13748962048725688,0.17531132326823182,0.050952052020771424,-9.323506871293985e-05,0.025100867088050195
17,4,29,real,real,0.17291734753179683,0.023884959857405064,0.005059987130146335,-0.2098890985488815,0.16637044543630672,0.05041117969257516,0.007670034294269759,0.02331944309891338
17,4,29,null,real,0.15374077641396117,0.024858707674625852,0.00014987957402075774,-0.31942682743528594,0.1637995975823907,0.05367196031424385,0.0007071639385168211,-0.030657187211167693
17,4,29,real,permC,0.17297605775830655,0.02316593601892806,-0.000984194795716209,-0.2097194462630659,0.16635834474358654,0.04996390854582703,2.9909269767369712e-05,0.026069701035402106
17,8,29,real,real,0.19821879639249193,0.012140366486559872,0.004930589365295918,-0.024801772844089232,0.1740604314452017,0.06810001126330889,0.010317729323632063,0.0033584792438677664
17,8,29,null,real,0.18764645676817993,0.01639010707502116,-6.374579428945296e-05,-0.05378102679307695,0.16974310233852588,0.07148630206487724,0.0006599646487228753,-0.016939781001516618
17,8,29,real,permC,0.1978984852410852,0.011431635610185842,-0.0012227477464742211,-0.02474127574418124,0.1740017290729612,0.06777868160428764,0.00028484677022017063,0.003715979651446988
19,1,11,real,real,0.15402840618286673,0.11222477441844851,0.007935610865673301,0.009610389688877239,0.13842011582386385,0.13859750496461748,0.007509495782104377,0.04039456483798598
19,1,11,null,real,0.15494139415343422,0.11216846763913488,-0.0007627389261569325,-0.05776643427141882,0.14216681178384863,0.14209530278382737,0.00010113184951217788,0.00010971822764264494
19,1,11,real,permC,0.15449492647391022,0.11154590432490484,-0.0004717344038674317,0.009975626389090228,0.13862852826780872,0.13911345360759125,0.00014953385682150988,0.04081429284319905
19,2,11,real,real,0.1535482768009782,0.1130754445670975,0.007552185358344426,0.0014467708727906314,0.13832092518255523,0.13677308168281077,0.0070901090083390255,0.06118388498327066
19,2,11,null,real,0.15275141276663837,0.11780686809891379,-0.0006098039440819344,-0.11057877142621658,0.1417202731728886,0.13986015084309478,0.00010182677143585894,-0.0043478640170204474
19,2,11,real,permC,0.1540366326924374,0.11226937255125859,-0.00047842582979364573,0.0021887416544062828,0.13864286522523733,0.13731104176400127,0.0001179017325641333,0.061991367637991714
19,4,11,real,real,0.15369970214028378,0.12195794279716292,0.006079347292454221,-0.02134807277756647,0.13543060476174568,0.13424690151959578,0.006341708643549715,0.0863867464403441
19,4,11,null,real,0.15165425103933,0.12041843787315477,-0.0006112572726036843,-0.18541809762697256,0.1399536755101175,0.1348017617182078,5.3074500905775375e-05,-0.005455589712296047
19,4,11,real,permC,0.15397210226533542,0.12066629588822896,-0.0004633489047182471,-0.019118187004985212,0.1357594870092305,0.1346270902732352,0.00013490188361695946,0.08795962961090728
19,8,11,real,real,0.15386890970935557,0.12495468514925785,0.006594257786017836,-0.1507660217751593,0.1303051729817285,0.1291629868972142,0.0060189207722385705,0.07004782174601491
19,8,11,null,real,0.15227681242215568,0.12370342975783671,-0.0003159223266661348,-0.35786096469230777,0.1344600264046793,0.12757304831509927,0.0002249024869283393,-0.03776252497223338
19,8,11,real,permC,0.15417563840825502,0.12390619363135912,-0.000255486416784384,-0.14884318400820779,0.1305089703931889,0.12944242498115235,0.000181620016560885,0.07199021092083316
19,1,29,real,real,0.14837680317790197,0.12317249450704923,0.006083582072189175,0.006620964263685155,0.13516263077097834,0.14123400331485778,0.0062511069728717426,0.03855059048319395
19,1,29,null,real,0.15179308355241472,0.10970792564524949,-0.0007368642067834644,-0.06881670947648844,0.14226741451897357,0.138616169985143,-0.00021086654056986137,-0.005410462725583709
19,1,29,real,permC,0.14815219259591367,0.1222753558832407,-0.0005647788695293161,0.007135841236808096,0.13528700759186846,0.1416312233776179,-2.7031023064005844e-05,0.03895921432615085
19,2,29,real,real,0.14675092857117006,0.1240406370416253,0.005849750772751683,-0.009108387028285906,0.13511144348535942,0.13977763852220257,0.005927550886676411,0.05709178415003371
19,2,29,null,real,0.1478493161677329,0.11576517966794386,-0.000761227778007384,-0.10703659442982191,0.14037335739893747,0.13576378051845656,-0.00017066684393503745,-0.006636365143681322
19,2,29,real,permC,0.1464942637283723,0.12318459659490785,-0.0005301519674827578,-0.008325051853678916,0.13527414896356177,0.14021539832676105,-3.6954796757286225e-05,0.05781404030549266
19,4,29,real,real,0.1481581677384785,0.1281297212505956,0.00403334742861743,-0.03996619073726781,0.13253426710552196,0.13539929584733512,0.0052552478212497524,0.07942656563988923
19,4,29,null,real,0.14164343743772412,0.11910027613404707,-0.0009346579112341121,-0.2046552699673661,0.13693726367111358,0.13069746658599365,-0.0003497183126611828,-0.014403287998974806
19,4,29,real,permC,0.14794491015999178,0.12722319196568813,-0.0005541714203552057,-0.037390471671399014,0.13263087389345013,0.13569594724950992,-0.00013434018288335792,0.08072373947464877
19,8,29,real,real,0.14762032069800785,0.1312266765652735,0.004271507524364078,-0.16756802187642494,0.1268597344735256,0.1298022146409042,0.0046430538473528436,0.06733480320503465
19,8,29,null,real,0.14981676280030937,0.11855386123421113,-0.0007600620711479359,-0.3700833827026375,0.13333135505258786,0.12253554010287704,-0.00034226737847601696,-0.040600338146481764
19,8,29,real,permC,0.14737660272681413,0.13029069840759455,-0.0003382544766230103,-0.1650145459625706,0.1270245787891832,0.1300259792587945,2.4942795565863207e-05,0.06940345399214032
29,1,11,real,real,0.21037580202425432,0.08734752395043233,0.004379923830504487,0.015250916916415076,0.18776615652493098,0.10126139335826545,0.006238701448469645,0.046930012350902064
29,1,11,null,real,0.20001588509611865,0.09109584374532563,0.0005518232801736873,-0.057321770978115284,0.18436511806143618,0.10382934366273763,0.0010646338908848751,-0.00415719267402693
29,1,11,real,permC,0.2107274447631788,0.08654096395544984,-0.0004948459945472994,0.018605746479731157,0.18807436698352248,0.10133946850379023,-2.3136160777574126e-06,0.04813500680389796
29,2,11,real,real,0.208427015250708,0.0907401795733926,0.004094066474825816,0.013651310803953598,0.1869313662398597,0.10137210111647507,0.005860380187803374,0.07074741542341545
29,2,11,null,real,0.1961996208463933,0.09486950622802659,0.0006198120888230758,-0.1046469742704583,0.1842308086785085,0.1025956968081361,0.0010279539303385543,-0.0025575825160639534
29,2,11,real,permC,0.208768303590057,0.08989514749067375,-0.00047646914387484507,0.017310374573620807,0.18742026474753598,0.10145369978440577,-1.1030081190947318e-05,0.07232201467196443
29,4,11,real,real,0.20447492787025795,0.09629280998336659,0.004470412888293066,-0.01289880903094709,0.18523648505296741,0.09894079639179273,0.005591669522634253,0.0960231390058486
29,4,11,null,real,0.19132919485836275,0.1004340177819526,0.0006651231387250951,-0.21037801754506674,0.18374057451483286,0.09831742518746957,0.0009738246589390079,-0.014969359657208284
29,4,11,real,permC,0.20466539365546088,0.09519050738500888,-0.00044838937094499043,-0.009588011901817276,0.18576066608438432,0.09891544017874991,-1.482584721854141e-05,0.0978626531535391
29,8,11,real,real,0.20114546406442618,0.09725292248422819,0.004711557951116811,-0.14124201201595138,0.17991146590628518,0.09267581783936758,0.005355035153001712,0.08248302390882525
29,8,11,null,real,0.186341772431373,0.10136934964832822,0.00041200758817046734,-0.34885852656852556,0.1802157515173944,0.09255248410731672,0.0007695026466106684,-0.023783399549723878
29,8,11,real,permC,0.20135381853575532,0.0966200142690006,-0.00046720254292325253,-0.1381911731216236,0.18035287735868374,0.09258327823776569,9.973280604110475e-06,0.08458397155397096
29,1,29,real,real,0.20692142729417462,0.08414913403363516,0.004294214695250598,0.0171909482221624,0.18792190577827717,0.0993621554734301,0.006199422907353841,0.0488382017299802
29,1,29,null,real,0.20085035264473688,0.08457232263308925,0.00047584675383928926,-0.05759009840180018,0.1877037762450348,0.099633771494121,0.0010990021406696582,-0.003584368988862589
29,1,29,real,permC,0.207443620294537,0.08353226990098662,-0.0003338889120148754,0.020260927157311794,0.18828801889236407,0.09949914527502739,5.459425163311289e-05,0.04983699019062262
29,2,29,real,real,0.20371919227722568,0.08629951384785908,0.0038929774247946913,0.01564633624161818,0.18671275358420356,0.09961536257611789,0.005875184560335931,0.07128943389178499
29,2,29,null,real,0.1989010612753976,0.08696228219489235,0.0005970992471511042,-0.09982009417984405,0.18754806971539814,0.0983287961978529,0.0010872728067251314,-0.0029110067671359687
29,2,29,real,permC,0.20414758712481237,0.08557197605307346,-0.00023306024531621894,0.019218381113922135,0.18728179794917818,0.09975777716739863,6.777482587316808e-05,0.07262564127368537
29,4,29,real,real,0.1993751362275261,0.09138594217205796,0.0037489678568186817,-0.019100999580636047,0.1855165107126291,0.09646993216991034,0.005404488412575663,0.09316224999240202
29,4,29,null,real,0.19750639335007478,0.08899204494891559,0.0006128434284344101,-0.17241508333251382,0.18806852986657321,0.09615409583973049,0.0010135284646189957,3.707594865692853e-05
29,4,29,real,permC,0.1998683141997261,0.09079612186565023,-0.0002515441482836648,-0.015403429043323525,0.1861693931979499,0.09659190278605541,6.117857885360825e-05,0.09496255727504313
29,8,29,real,real,0.19760460262056073,0.09124604453842977,0.0039495297039012865,-0.1265355810640699,0.1803573087329022,0.0905651985491198,0.004977278618558419,0.09237772665402129
29,8,29,null,real,0.1893789163365112,0.09532701443352676,0.00048384248357385046,-0.3331613459245214,0.18319599617111157,0.0895309379353585,0.000871021229705606,-0.016364850355947452
29,8,29,real,permC,0.1979584046492659,0.09081116751512038,-8.914683167290013e-05,-0.12287617505722921,0.18094615954779367,0.09053912859914832,7.340669656040003e-05,0.09461747184838643
39,1,11,real,real,0.10793297554151773,0.06606510697639706,0.005968598119225131,0.019180879502488597,0.09661683358245968,0.1211182204954013,0.008431070103978422,0.06743398623263933
39,1,11,null,real,0.1019256308386669,0.06687938400112542,-0.0022424476578390235,-0.10185618106388585,0.09585179692127417,0.12485770955448422,-0.0001301625679740644,-0.004117366120072741
39,1,11,real,permC,0.1085566553925908,0.06518414776072456,0.0013045546521917215,0.02324163538799521,0.09659497491523052,0.12139238160073193,0.0011888171679483954,0.06864246739141155
39,2,11,real,real,0.10502183458099207,0.07181968919701064,0.006127118475774897,0.013565678260081935,0.09735484304849969,0.11993013188968807,0.007654577821916438,0.10150721586782877
39,2,11,null,real,0.09743560433293084,0.07509862666951558,-0.0022731624637220465,-0.15649977296288142,0.09409591530955763,0.12112739561767492,-7.437100745340727e-05,0.005064870846603749
39,2,11,real,permC,0.10564224899047835,0.07072435678308686,0.001060080136471871,0.01722343927331893,0.09707297750813583,0.12015876986852847,0.001068891429455321,0.10337226357016992
39,4,11,real,real,0.10411562955306637,0.07963920801068541,0.006964351853400635,-0.05272483656540523,0.09364278071095762,0.12032154037920251,0.0073393671635954,0.12811296252619075
39,4,11,null,real,0.09820106955449588,0.09001256003589811,-0.0012407685234866,-0.3067879775957615,0.0957037164786462,0.11541893396310637,-5.033515706520664e-06,-0.011066690572437402
39,4,11,real,permC,0.10434477239021653,0.07840174634968278,0.0014501178940763229,-0.04951427117218952,0.09321294305008368,0.12034099706617062,0.000907315073892819,0.13013164453129045
39,8,11,real,real,0.10289819819665569,0.07880732638317847,0.00879219693841186,-0.23065129123409286,0.08776409651582745,0.11017265855930818,0.00827591362825435,0.05450213651598807
39,8,11,null,real,0.10168882278954357,0.09136414847338391,-0.001740181818321094,-0.40058484450386433,0.08806586700559425,0.10941790069124069,-0.0002904281396061044,-0.04521923792395955
39,8,11,real,permC,0.10276564199980726,0.07859125057455357,0.0015102546875251828,-0.22920843413243952,0.08758335990336062,0.11030042227633122,0.0011592391367712673,0.05583619611930724
39,1,29,real,real,0.11862703705510884,0.07693247918765017,0.0012809391457892507,0.010288485591476177,0.10563863360140764,0.12122157187479152,0.006372223944787277,0.06528573216971445
39,1,29,null,real,0.12069692895571882,0.07802605437809172,0.0006628461681288111,-0.08171512421455215,0.10570719168951008,0.12506525762062046,0.0012901261662116026,0.0044527883497558944
39,1,29,real,permC,0.11857840992917293,0.07582142584230847,-0.0011313103051709128,0.014811921433231687,0.10510155878116799,0.12136141548472713,0.000473224601910562,0.06656272190770242
39,2,29,real,real,0.11661974979122729,0.08008372449458347,0.0018029548673248277,0.008336605339186304,0.10468429395137342,0.11825920342657219,0.0052228997046210495,0.09964403998843022
39,2,29,null,real,0.1177249001865661,0.08125477798626815,0.000837410692126228,-0.17316278626345313,0.10541491888006219,0.12104978725335659,0.0012244556743220187,-0.0007607495686718
39,2,29,real,permC,0.11689349165783765,0.07890930179597219,-0.0012736201868660533,0.012195715577711097,0.10423710218477722,0.11850936179438033,0.00013333844427250907,0.10173046780894635
39,4,29,real,real,0.11684022444027291,0.08122537015379612,0.0016198641539064878,-0.07073619647510167,0.0987110149029775,0.11619503522871079,0.005120910378404406,0.11856385513236338
39,4,29,null,real,0.11149812102476336,0.0963885985162068,0.0009333413657617492,-0.34543251761948635,0.10440730667368023,0.11453156916069064,0.0011355595170076116,-0.030868190231698973
39,4,29,real,permC,0.11680426037229424,0.0813955698753773,-0.0007571206436536118,-0.0661774959799461,0.09823499566719647,0.1162614700846013,0.00028817444384719265,0.12090710827867084
39,8,29,real,real,0.118267772144945,0.0827384887871065,0.0035581501743138233,-0.2504551916072097,0.09465158770721399,0.10673524215975995,0.005504388196001417,0.0409566818270152
39,8,29,null,real,0.11994185360169439,0.09187298099255428,0.0010057607816186809,-0.39729840887559653,0.09764899134679636,0.10976969318535616,0.0011370497769266261,-0.03630161504780883
39,8,29,real,permC,0.11822076077176394,0.08205263546404905,-0.00022197505360672476,-0.24729963154241455,0.09453056201426902,0.10683928190982561,0.00038773030037269246,0.04301601301225115
42,1,11,real,real,0.16648960611815206,0.07222868063510121,0.007323919106731293,0.08470245018839544,0.16214733041433363,0.08723338015798907,0.007987233413687511,0.098681885849992
42,1,11,null,real,0.1755396722063557,0.07266268989580607,-0.0030537913881342194,-0.05957369460046661,0.1605122998505955,0.09293464777376356,-0.0010058128650499154,0.00048416200523141806
42,1,11,real,permC,0.16737290306961,0.07180562270588943,-0.0011755470208336116,0.0869941823513913,0.16260290780620335,0.08772153497911608,2.7236525749300494e-05,0.1000548970291194
42,2,11,real,real,0.16708312278378076,0.07313416206117561,0.005376545201188381,0.06094786056399639,0.16151800334102295,0.0879136499320572,0.007077526101625995,0.11810827044106732
42,2,11,null,real,0.16904485702498537,0.08160391553300042,-0.0027184149971384575,-0.12748121575630966,0.15889375726565058,0.0916396465890654,-0.001068364424073496,-0.009699964520452528
42,2,11,real,permC,0.16808117983300197,0.07305855898919489,-0.0010901044109954592,0.06527240924237332,0.1619706462914089,0.08822330194352701,-7.594999310645001e-05,0.12028780241340052
42,4,11,real,real,0.16408302132223368,0.07179445140606763,0.006584864255524717,0.003213934424355339,0.16057223374714444,0.08729510993512589,0.0073587526305386175,0.13012282483380364
42,4,11,null,real,0.15962066557712395,0.07767590020806783,-0.002950966850573555,-0.2501849444064018,0.15600505711864346,0.08716050193105739,-0.0012927670031899483,-0.022105607840319313
42,4,11,real,permC,0.16476250326397718,0.07183642515721941,-0.001149155062258748,0.006271113397132636,0.16091537875112305,0.08781617266753974,7.076829036926449e-05,0.1321678485606999
42,8,11,real,real,0.1643956804884398,0.07511087350018329,0.006792001531818312,-0.09856781993831318,0.1563010929230506,0.08347216939700991,0.007355675756062144,0.11342215474076348
42,8,11,null,real,0.14838963273628358,0.08130947286920323,-0.002642124567383645,-0.4124496628509125,0.1502453574097407,0.08018387902128125,-0.0012102347891940386,-0.04369655772881338
42,8,11,real,permC,0.16522043006672574,0.07569966349556262,-0.0010070036507904647,-0.0955756268303612,0.15672040463773634,0.08401330799641404,-8.72545460428309e-05,0.11531223250572412
42,1,29,real,real,0.1701237188932333,0.07631201062811817,0.006519506066001593,0.08777765777115913,0.16713976078806714,0.09289708404120556,0.007394447813950868,0.1017074911124574
42,1,29,null,real,0.16207148253323578,0.07780292718729875,-0.0010084888564754388,-0.07136311832431882,0.1574562980427886,0.09842226538418675,0.0006350640754606378,-0.005971161976204508
42,1,29,real,permC,0.1687997439870307,0.07495656612281602,-0.0032195171031376793,0.09025402414573667,0.1671610820954411,0.0931227238674812,-0.0008819713306507567,0.1031111236320273
42,2,29,real,real,0.16773148991434744,0.08007752376149255,0.004767162094502582,0.08299968486961902,0.16591606491265948,0.0932713970240641,0.006440361330688695,0.1255362216064997
42,2,29,null,real,0.15262072804489413,0.08191133042052501,-0.0012717457792828977,-0.12126016665428276,0.15668023633230443,0.09672726055455132,0.0005081540863659066,-0.004040140410576626
42,2,29,real,permC,0.16641141233764364,0.07955917512607265,-0.002858980574711123,0.08758893174412213,0.16615068356823293,0.09339044092556895,-0.0009066526200371129,0.12786925931994542
42,4,29,real,real,0.1669494164415692,0.07951393191321245,0.005105921247098596,0.020491236601254924,0.16506069659388412,0.09233000012709316,0.006340148934467123,0.1366556985825526
42,4,29,null,real,0.14033736367642147,0.09258116178933547,-0.0019005848958462137,-0.2544587713969782,0.1533244493046021,0.09297114235615768,0.00027595418391072413,-0.029877760752428373
42,4,29,real,permC,0.16529089819807963,0.0783720181066563,-0.002467849350716385,0.025132855547156753,0.1651610932867435,0.09260367950454851,-0.0009221943481832289,0.13907340696407375
42,8,29,real,real,0.16852848264762962,0.07807823693972744,0.006347481716961034,-0.1327888121687517,0.1619144624381485,0.08793154724224331,0.006459018035628501,0.0965233991004905
42,8,29,null,real,0.14444985438013147,0.08913211691013714,-0.0011549283836974251,-0.44329344817035593,0.15062367353385597,0.08452136867903426,0.0002914276564138322,-0.061057738912833455
42,8,29,real,permC,0.16700447887190215,0.07745087318718699,-0.0024819026150389536,-0.12940280695703488,0.16219334439670516,0.08820772940490006,-0.000871641674629516,0.098872791054404
48,1,11,real,real,0.21493451080286838,0.043590289460372585,0.0018626879257622464,0.09775414070142288,0.1939607965513103,0.09045945521117943,0.004099846154049106,0.1284919414810492
48,1,11,null,real,0.22227108980437507,0.02991963084488369,0.0007970449097527975,-0.1225090827087215,0.19649460558684595,0.08784723574452591,0.0010158992922306986,-0.00928296225944165
48,1,11,real,permC,0.2151496046606563,0.04326318743156454,-0.0011790969606880566,0.09952608532831775,0.19435718351477466,0.09066657676161027,0.00020896035938262425,0.12937132002322804
48,2,11,real,real,0.21369352600054123,0.06104287116183743,0.002604034372910754,0.0282798199419656,0.19355991572319262,0.08856648341608696,0.003985139321445785,0.1256861517622234
48,2,11,null,real,0.22467107734326006,0.04110726867252696,0.0010682403211547211,-0.23072373216338996,0.19610565328913676,0.08472154240563334,0.0009403358503793554,-0.023332130526561818
48,2,11,real,permC,0.21376686500076067,0.0604315041233876,-0.0005152281832052444,0.02997428689919477,0.1937655821289667,0.08863566413342824,0.0002896257132037338,0.12676090249082667
48,4,11,real,real,0.2109569968626854,0.0575625604962157,0.0022888972535771157,-0.0612343736449714,0.18936538994940746,0.08893977924831048,0.004034633118148769,0.11391207633152059
48,4,11,null,real,0.22600010977009885,0.04713120181093962,0.0008731138626115557,-0.36074332497887057,0.19295541704253497,0.07862708108996515,0.0009741243605282021,-0.0413585870369861
48,4,11,real,permC,0.21076252008095855,0.05687173829410529,-0.00047277419409482346,-0.05918231557929817,0.18981159856666496,0.08890192954863821,0.00029511332237390953,0.11494282087259104
48,8,11,real,real,0.217980925986279,0.055560452041831944,0.0018848024395486753,-0.10817654707586476,0.18474869953260167,0.09006225116729309,0.00432702215183651,0.009394396179498546
48,8,11,null,real,0.22867298475272696,0.05134812271655273,0.00072153886672043,-0.09323421850487258,0.19416896777144205,0.0934413133019611,0.000930956123072498,-0.014460263420376021
48,8,11,real,permC,0.2180281106780004,0.05499412085930538,-0.0007232787586358793,-0.10597089876070415,0.1849599713687785,0.09004038425245695,0.00040238807345678113,0.010240026437964133
48,1,29,real,real,0.22346587748173607,0.051094224980304706,0.0023088523145220656,0.11420655536813612,0.19959856379071456,0.0900718074692176,0.003135888711191498,0.13726742304560713
48,1,29,null,real,0.21465981045701998,0.036593860774748445,-0.0012968518374532796,-0.10886619825504862,0.19521943224798108,0.08640333335557768,-0.0005019765771708354,-0.006219109692581224
48,1,29,real,permC,0.2219967282138064,0.05055627358800088,-0.0006844397240356551,0.1166174031845109,0.19968894018717706,0.0900646803978346,-0.00025901763220108803,0.13830475575154522
48,2,29,real,real,0.22292074525379055,0.06465797591579059,0.0028554587935578726,0.044281915550816627,0.19981798027263448,0.08734235216624987,0.0029757082836627162,0.13415145290552422
48,2,29,null,real,0.2075474440836826,0.042827082935542715,-0.001403088248026346,-0.2049986881094885,0.19378627504370155,0.08341037066243474,-0.0005264913275585352,-0.010521757549305935
48,2,29,real,permC,0.22191784879410711,0.06328936281501486,-0.0007802137793253006,0.04605038283286596,0.19992492856272226,0.08695249211636093,-0.00026836390393340326,0.13533961976725875
48,4,29,real,real,0.2201067971393797,0.061948357865867235,0.0029008848601595654,-0.0547402162004722,0.19397448182563448,0.08727630975889417,0.0031437935614936166,0.11814540869237272
48,4,29,null,real,0.21051537264683143,0.05084262730161848,-0.0014234821851030013,-0.33094732126710935,0.19092382111793826,0.07827544509189466,-0.0006620754927417483,-0.01799877396689145
48,4,29,real,permC,0.2188157770897292,0.06101349878291069,-0.0008395653545189655,-0.053076526560218225,0.1939936873315523,0.0867473037144022,-0.00018022424837837076,0.1192536299318314
48,8,29,real,real,0.22487612511669358,0.061779366255384084,0.00398640596954547,-0.0911716214087561,0.1898386981758486,0.0895497365296903,0.0039016096619327776,0.01795695457969121
48,8,29,null,real,0.21619294627940838,0.05319708054685038,-0.001367547393181447,-0.08786639815527239,0.19098688961748364,0.08986739615561545,-0.0005260462206238548,-0.008768840468278766
48,8,29,real,permC,0.22409462462205798,0.06081481087522327,-0.0010373922849370811,-0.09079127980830616,0.18994218460290596,0.08934185455059337,-0.00015450178877223403,0.018333082178316872
53,1,11,real,real,0.23694798806765202,0.10507897593692174,0.005798723257471439,0.025510986621055665,0.22987244049351999,0.11780632018035034,0.008151417331768746,0.0503449213254318
53,1,11,null,real,0.2459278557475001,0.10953575391826725,-0.000369698390210967,-0.03454137807955865,0.23315500034103015,0.12189492490219561,0.0006353226451622691,0.007855000039156124
53,1,11,real,permC,0.2369526704164969,0.10445263325546707,-0.0005803753098748883,0.02923350738127006,0.2310358086590869,0.11826710943067112,-0.00019729121062438587,0.05167347054996282
53,2,11,real,real,0.2370940526262479,0.10548742013046883,0.004789506806603264,0.02776558767031508,0.22800312702965217,0.11779511882019286,0.0077759668753472995,0.07448029504602333
53,2,11,null,real,0.24696699112359877,0.11037275501657812,-0.0002927904219848232,-0.07868962545747521,0.23340050483913583,0.12072796183680226,0.0005590821628159992,0.008414021107089099
53,2,11,real,permC,0.23728132775758098,0.10516895057874028,-0.0005816301906632255,0.03249607000060932,0.2293379408374426,0.11837759927625369,-0.00017699894065689725,0.07620458699694327
53,4,11,real,real,0.24005359916998395,0.11039631183600099,0.004141697354229461,-0.01694391707866747,0.22282843894755608,0.11386456841897669,0.007195995767613946,0.08941701928459331
53,4,11,null,real,0.24965966219469235,0.11490222891973523,-0.00025974145498618606,-0.15439127889662352,0.2322730823752011,0.1173037114063932,0.00046700971476433995,0.002680105981932024
53,4,11,real,permC,0.24052234167078473,0.11038427974627196,-0.0005176383345485146,-0.011501633439884721,0.22424225080083432,0.11443428470355327,-0.00019910270888202444,0.0916991785750215
53,8,11,real,real,0.23928674738526415,0.11463736623636736,0.005622983928620466,-0.1200757872265099,0.21418908143857024,0.10853252541142713,0.007233210460181919,0.08295853682792241
53,8,11,null,real,0.25256080565085015,0.12055256882837656,-0.0003619861204652852,-0.3227904602589857,0.22216152255249802,0.10994445859214708,0.00053791560815671,-0.02249409309306194
53,8,11,real,permC,0.24019494793254162,0.11450337613575284,-0.0005760059048288413,-0.11617315773239847,0.21517129896167336,0.10892358978810113,-0.00020100559402778476,0.08520157854063685
53,1,29,real,real,0.24542896462537936,0.10819830240562807,0.0076149161644643295,0.012485484460853817,0.23411977022331285,0.12197503570457276,0.009120306077841561,0.04555820333689778
53,1,29,null,real,0.23153969429315932,0.11933470710548671,0.0004974899260979844,-0.053683512365358114,0.22395526878586033,0.12527372336572093,0.0012923597371461704,-0.0038105931689257264
53,1,29,real,permC,0.24559348956506014,0.10816995492707035,-0.00020452964392791984,0.01650696322429242,0.23526166027185294,0.12254443781215055,0.00029045631477847556,0.046897392025498696
53,2,29,real,real,0.24554634726292776,0.10825905580800166,0.007031467451327368,0.005995599774175454,0.23217279801746848,0.12113628503041578,0.00864212847550952,0.06652486268375779
53,2,29,null,real,0.22951413668863033,0.12122294588684186,0.000567975338799755,-0.08385260437713934,0.2245567712603566,0.12527039783544308,0.001275872078363697,0.003801887746553508
53,2,29,real,permC,0.24556977162137222,0.10840801651493334,-0.0002501023929896984,0.01055495450168924,0.23371424781102915,0.12202941320083893,0.00029115990972868505,0.06834293256964097
53,4,29,real,real,0.24752946522830113,0.11480363952579736,0.0062484493496587174,-0.0316784865773852,0.22769576269030126,0.11872763424196836,0.008117139858236349,0.08139333573975095
53,4,29,null,real,0.22953786464459613,0.12342160741802148,0.0002971758599160008,-0.15145779965145942,0.22457905078294138,0.12316391707331795,0.0010569052970418138,0.0043105529561541425
53,4,29,real,permC,0.24752839317151396,0.11483369487716494,-0.00032361216951783584,-0.0264096235247309,0.22913869591420305,0.1193807613800012,0.0002311622840262909,0.08367639661720491
53,8,29,real,real,0.24890107730239833,0.11864070431279272,0.006675465979454981,-0.13249355213969097,0.22010708937548995,0.11388580993763166,0.007806612720342601,0.078704193356987
53,8,29,null,real,0.23759082496668335,0.12561621040159301,0.000749520718803696,-0.3228190475259489,0.21476839580488538,0.11369525599693672,0.0010483239893310237,-0.02403130038040696
53,8,29,real,permC,0.249206605417156,0.11898071642126187,-0.00032618826398425615,-0.12765428181129934,0.22109426689875178,0.11448534311709038,0.00023928912516515966,0.08130590821347357
55,1,11,real,real,0.2396892462094739,0.08514637605266594,0.00763543216865036,-0.01475220108711366,0.22199153340920938,0.10525199549756842,0.00789581962066313,0.027894047704832104
55,1,11,null,real,0.24967880602998085,0.08907520390028875,0.0002544365859392661,-0.07519665062364425,0.225700287770569,0.10632663413603224,0.0007303207283754776,-0.005879698509672626
55,1,11,real,permC,0.23955856267958225,0.08379250467400598,-0.001161937664450339,-0.014384246779096303,0.2220779302350749,0.10505341676745271,-0.00036622404498500477,0.028451663663404382
55,2,11,real,real,0.23196982064825744,0.08982031946924968,0.0077971338922777165,-0.0525634494014823,0.2200244392519245,0.10358363973638017,0.007534634678489813,0.036267895385576274
55,2,11,null,real,0.24403154430256072,0.09375835991286631,0.00024572640275134317,-0.12609737426309403,0.2264450830114766,0.10568740601765488,0.0006698634198577247,-0.002272523514473185
55,2,11,real,permC,0.23196830206038305,0.0884481108783388,-0.0011041288922869947,-0.05229938804492896,0.22031370295383523,0.10335591114162115,-0.0003177725763592228,0.037235147754947656
55,4,11,real,real,0.22283981393945665,0.09279304386360826,0.006351620900758877,-0.0993429655912688,0.21333548931381768,0.09920905692857275,0.006411197619269384,0.05333257597751882
55,4,11,null,real,0.23249939265960864,0.09685760534066222,0.00028161658361440983,-0.21658713393702309,0.22430441352365424,0.10159230231328398,0.0006111992708168295,-0.006068610103665707
55,4,11,real,permC,0.22252916541543,0.09158032783147706,-0.0008804016651909423,-0.09740966401610056,0.21396971319292438,0.09891079113497439,-0.00028965787850163127,0.055451380103968224
55,8,11,real,real,0.219808941419684,0.08944035395276248,0.005497705035859159,-0.1965970204213289,0.20610014474142585,0.09803304772964337,0.0059092760618255444,0.0424336387862718
55,8,11,null,real,0.22307075286063316,0.09259590494328789,-0.0002502352918467935,-0.3259554374558321,0.21080899390342808,0.09561574398016556,0.0003068756826227018,-0.016443412664748136
55,8,11,real,permC,0.21947137638600817,0.08874481840496631,-0.0007277968098565456,-0.19365719812592655,0.20670975637821673,0.09794130423617063,-0.00024380356557363034,0.04510021878309303
55,1,29,real,real,0.2584664418536998,0.08679010139833784,0.011122825535038674,-0.0025394799553777416,0.23325836851520187,0.10438016404209517,0.010761180050996836,0.03411297594894484
55,1,29,null,real,0.2385016019244219,0.08947944212239313,0.0010510248001365425,-0.036465978523491885,0.22647024808599905,0.1084951432447661,0.0017194732837548334,0.015134445339691278
55,1,29,real,permC,0.25927375053048257,0.08630101015683321,-0.0002600904511152561,-0.0015339600404520222,0.23374412185175453,0.1044539535933566,0.00020396866454691628,0.03483137155919168
55,2,29,real,real,0.2507029207118431,0.09047161575474384,0.010723141048434044,-0.04084463199101407,0.22927207823040063,0.10233372738180024,0.010086765208474447,0.041195121564155085
55,2,29,null,real,0.23331065189393407,0.09456890564749063,0.0012721303565626692,-0.09482571602560702,0.22488569160092567,0.10534971638071079,0.0016676021161953396,0.010130885255665115
55,2,29,real,permC,0.2515852250690534,0.08986813930590012,-0.00034486800278716684,-0.039524205141155636,0.2298914501093437,0.1023680872989834,0.00019045566386472848,0.04257441901624212
55,4,29,real,real,0.24015604879190947,0.09397436623155682,0.01070366589989826,-0.10431840625528734,0.22374816540481643,0.098548213970437,0.009483737459483933,0.0521874181244918
55,4,29,null,real,0.22752804631263335,0.10075648486943795,0.0013436129228809786,-0.19754792835483054,0.22277262808492598,0.10144879151811916,0.0015292412149400896,0.004439425383479717
55,4,29,real,permC,0.24082277670728996,0.09345662245531138,-0.00017274215098079618,-0.10280637840508675,0.22446373042448353,0.09835877657975196,0.0002501462527876215,0.054229433914492246
55,8,29,real,real,0.22920518939420884,0.09308822884806933,0.009803933785456279,-0.20074045673241023,0.21443774302035976,0.09645964996076706,0.008644210452766235,0.04218062572249456
55,8,29,null,real,0.2184878393025383,0.10240974244049145,0.0015188944965923987,-0.2956369824386555,0.21260537990998968,0.09742785579790751,0.0014467988321346752,-0.015020549611057097
55,8,29,real,permC,0.22950469701963655,0.09251690018865118,-0.00035702192098283997,-0.1985129765377697,0.21523314371311697,0.0963545758410441,0.0001292796393081626,0.044941301905733234
62,1,11,real,real,0.19396381694443507,0.08840655390084998,0.008697546188812336,0.002198322303523329,0.17914098453331861,0.10248108798656158,0.013002438108773143,0.04305306513327824
62,1,11,null,real,0.1846015079848964,0.08651154581704737,-0.0009322994265550203,-0.05617916151827427,0.17606238333473778,0.10445145390232587,0.0001505201073371265,-0.00019413875146225462
62,1,11,real,permC,0.19513239361667525,0.08773517885771026,-0.001523279454694095,0.008977521725685009,0.17953110610539844,0.10295699657814854,-0.0002708126444066761,0.044978362998793125
62,2,11,real,real,0.18904287073621953,0.09167787050448545,0.009219243215193332,-0.018759607059265382,0.17907701081085028,0.10145142733285738,0.012329514251985455,0.05331821446489703
62,2,11,null,real,0.1775463962262786,0.09110875869118992,-0.0008174632538598866,-0.10429695202895921,0.17510794943022912,0.10310858107992497,0.00015774195463042853,-0.0019083403274513613
62,2,11,real,permC,0.18994403223058784,0.09153656055470324,-0.0014985903743675126,-0.012477415583158114,0.1795641046236501,0.10185341908468531,-0.00031643220933703453,0.05587081662226925
62,4,11,real,real,0.18488457063792468,0.09480986901950872,0.009873775323494297,-0.0715111721917791,0.17785461999487703,0.09930464781875155,0.011658411120958657,0.06401928095020709
62,4,11,null,real,0.1726064056089008,0.09874519661748499,-0.0009713707807475769,-0.21577529966831352,0.17488240612334738,0.10094183932066603,4.2221257208679974e-05,-0.016523361203675525
62,4,11,real,permC,0.18537310272716123,0.09418978690800502,-0.0013613045800258312,-0.06574622702963112,0.17837980350746865,0.09951494063194682,-0.00030244055321799557,0.06725697789472515
62,8,11,real,real,0.17464291733907467,0.09481015168895306,0.01174894484875256,-0.18225944597351346,0.17129601098171526,0.09428940663603173,0.011306999183027586,0.05439737901304064
62,8,11,null,real,0.16342370812483345,0.09884354251020716,-0.000440342525933483,-0.360023091690917,0.17076574784359141,0.09465985971445204,6.358887847217794e-05,-0.03174952084333209
62,8,11,real,permC,0.17454499347952512,0.0950752687812441,-0.0010124705211983407,-0.17802083627779625,0.17180355417581714,0.09455764324508532,-0.0002743013543571593,0.058014627094350596
62,1,29,real,real,0.18973954089307668,0.08602936794637443,0.004744306209940419,0.010478704537022479,0.17782413733238545,0.099762380351839,0.010365923050952333,0.04549240391959952
62,1,29,null,real,0.19031739164893172,0.07980942550266101,-6.58551804456157e-05,-0.05204990154431328,0.17711674902341185,0.09782943309196328,0.0008591525762224606,0.00199204216879581
62,1,29,real,permC,0.1903294400163414,0.08494812970492921,0.0005213157569972741,0.01629966162486432,0.17825012817780078,0.09988353860793131,0.0007988764338179392,0.04727830157764948
62,2,29,real,real,0.18414952883292657,0.08701383518377548,0.006044308322548921,-0.006437900000376315,0.1778259989731624,0.09851923004666036,0.009905219998980742,0.06061319782112092
62,2,29,null,real,0.18405916256355406,0.0834675144240353,-7.813593279765163e-05,-0.09491614204196623,0.17737383835510284,0.09632515903948796,0.0007622707543842219,0.003866390495643015
62,2,29,real,permC,0.1846154213645993,0.0864504014399027,0.00047173711357665715,-0.001966523668563591,0.17863269408119695,0.09865868138724078,0.0007524963655199205,0.06281341846284445
62,4,29,real,real,0.17777416709935434,0.09143206712755181,0.007497397988388646,-0.06616698845468147,0.17637863884113156,0.09674275814123819,0.009332922553972332,0.06920945066185974
62,4,29,null,real,0.17883178955757997,0.08772882103029456,-4.665710299227761e-05,-0.1974771228330896,0.176107530548648,0.09314107915036197,0.0006711952764999103,-0.005101311939470998
62,4,29,real,permC,0.1778749792038018,0.0909348249622121,0.0005462107909921058,-0.06307422811129303,0.17712870660139798,0.09682829854619336,0.0007513931185364012,0.07198086550160815
62,8,29,real,real,0.17371781103917244,0.09540798709361194,0.009266788261292467,-0.18517993360644183,0.1704351302236424,0.09137812036592176,0.009573837992736884,0.05265437331358284
62,8,29,null,real,0.16949415419587996,0.09120502791436477,0.0001011589847878987,-0.3406106443428787,0.17306458103805886,0.08807343946117346,0.0005945940724632892,-0.015712997568993255
62,8,29,real,permC,0.17304281236225533,0.09559204355884604,0.0007096533946466902,-0.18369312093230264,0.17067945605862805,0.09134191893869524,0.00080351799714042,0.055236997593170724
63,1,11,real,real,0.23147108882509745,0.08767297671947841,0.006583174456599386,-0.03225625709755397,0.21060134579649675,0.10891819945947968,0.006870342482988391,0.01712849546054293
63,1,11,null,real,0.22358600925183827,0.07431263724010685,-0.0005759014144061844,-0.06294052497995102,0.2077692597532451,0.10313973738015213,0.0001841821275570902,-0.0047350469124621455
63,1,11,real,permC,0.2321214455576281,0.08707575169565553,-0.0014412802070134325,-0.03131673394297156,0.21081589307505974,0.10936809997445456,-0.0004918247097416746,0.01753936544625346
63,2,11,real,real,0.2248559071913707,0.0873777048284809,0.005810780930563679,-0.05150257559176446,0.2106866815178028,0.10975997750848164,0.006058819886724446,0.0344685666420364
63,2,11,null,real,0.22084718783543256,0.07769113741614797,-0.0006005707585134599,-0.11163045826313246,0.20748001037174135,0.10191402970987358,0.0001148101835118746,-0.0033490515775532192
63,2,11,real,permC,0.22512677463282751,0.08666922096571862,-0.0013421139941384346,-0.04969149269827135,0.2112597254379006,0.11026340534441738,-0.0004925734075747756,0.035690210526177775
63,4,11,real,real,0.21400711337316725,0.0913497376553753,0.004999631922316727,-0.10797845658615925,0.20203043435281803,0.10507036394261812,0.005621110522610745,0.04463433636422081
63,4,11,null,real,0.2116992855569681,0.08194723748877962,-0.0003909363814252609,-0.215418610375929,0.20201704069885637,0.09851017374384322,9.986666268885225e-05,-0.013334188779759651
63,4,11,real,permC,0.21446284492639783,0.09080438287748442,-0.0013255757813641724,-0.10533968647164492,0.20242545147418,0.10544995527757407,-0.00043181905427550993,0.04635444396577515
63,8,11,real,real,0.22022160643114108,0.09110471596368777,0.005833348042085267,-0.2644186743450266,0.18974703398692191,0.09738912996928614,0.005503849366812076,0.012659661236489105
63,8,11,null,real,0.2037117702539983,0.08078151652862181,-0.00043978511241966434,-0.3865100431496287,0.18686576007455055,0.08881343837826126,1.8400247192129626e-05,-0.043484634953130444
63,8,11,real,permC,0.2205688648250104,0.09037260445509651,-0.001161295025646991,-0.2624493395945636,0.19001552436232133,0.09753410115168944,-0.0003743519745814846,0.014554497073536139
63,1,29,real,real,0.22485890476805398,0.08595739237816609,0.004784972853755362,-0.01153254090151353,0.2103755162019802,0.1062582848069807,0.006083755521326348,0.0283135221530973
63,1,29,null,real,0.23287392730041048,0.08168485818689494,0.001134550745353513,-0.061323717156989255,0.21489225197088865,0.1055874099894419,0.0012280999288504235,-0.003088794273732376
63,1,29,real,permC,0.22507662120766914,0.08510681094300493,0.0005282415294881975,-0.010510147997248365,0.21056210497186995,0.10656280410069574,0.0006429128419358313,0.028682305086506113
63,2,29,real,real,0.2161664835035491,0.0872547126166884,0.004207848027155385,-0.037529567363360695,0.20945806440808162,0.10665285762851696,0.005255327450535687,0.04271047035423084
63,2,29,null,real,0.2257276973218558,0.08550927889622942,0.0012167666042151673,-0.11130995380162066,0.21199484309006011,0.10345718304520897,0.0012085648186503743,-0.0038055156369226073
63,2,29,real,permC,0.2159944543699273,0.08663049069275428,0.00045392712572249943,-0.036004364036261255,0.20993382034262267,0.1070765267433668,0.0005774677771486029,0.04384223629364309
63,4,29,real,real,0.20421502746223927,0.09011488900696868,0.003929751347173169,-0.0954130493009626,0.2002136297273237,0.10167502966557777,0.0049754907612617385,0.05198231156815805
63,4,29,null,real,0.21517960281132448,0.08906353653636571,0.001194222747977878,-0.19823594212578666,0.20753515476466725,0.10066413236900203,0.0010952457410737897,-0.005320219379818867
63,4,29,real,permC,0.2042280562112938,0.08925720767687678,0.0005243452339521542,-0.09353933118565128,0.20062385776254452,0.1019055122873975,0.0005680647382975967,0.053384511157993246
63,8,29,real,real,0.20900267372837572,0.09016611246144338,0.003953432232215355,-0.23641580665664777,0.18795590490913844,0.09468475181303182,0.004708366008641819,0.028037549191207607
63,8,29,null,real,0.2107390983873388,0.08855369272272096,0.001386316941524653,-0.3687941486753089,0.1917414424256671,0.09224586075479116,0.0010511641300908112,-0.034094273234339126
63,8,29,real,permC,0.20909556057165238,0.08970036713091928,0.0004520331373285651,-0.23463808152300222,0.188048356918007,0.09484772786064836,0.0005693498200514032,0.02970815861541652
67,1,11,real,real,0.16871650522073603,0.10736143035852735,0.005648624594403859,-0.03864131326898813,0.15249246299376615,0.13483579288109993,0.005443747854289481,0.012950442656882841
67,1,11,null,real,0.1647810184926845,0.11625514753409717,9.367726598827342e-05,-0.07158862663198177,0.1531732209734764,0.1408539112532932,0.0005044986248478691,-0.0029729933990194357
67,1,11,real,permC,0.16875981714105512,0.1069105502740304,-0.00027853442745666884,-0.037452043826781536,0.15256252731999115,0.1351587843597643,0.00010008849412089978,0.013294550003599812
67,2,11,real,real,0.16598412815461483,0.11307309787777281,0.005299056358393478,-0.0734571484866726,0.15201884634923618,0.13211831748687936,0.0051461329710005,0.025462117656039035
67,2,11,null,real,0.1608123553030177,0.11784603803169345,4.7663759384641846e-05,-0.14301707652736095,0.15274406947019584,0.13751259538140426,0.0004361275509485451,-0.010956677768896536
67,2,11,real,permC,0.166321814503039,0.11273074001713461,-0.0002533464259467562,-0.07189312280694571,0.15214689569156348,0.13243095386831777,3.5231691878181065e-05,0.026038983083802265
67,4,11,real,real,0.15927915108173346,0.11828585426612431,0.005413326489944183,-0.14420334403924148,0.14872011548226843,0.12628218507600875,0.004802054260625327,0.03695655766437988
67,4,11,null,real,0.15473181399993383,0.1245249994001277,0.000170977266356546,-0.2544361629753358,0.1521370619555708,0.1323745391684611,0.0004355513898426181,-0.020630916156951284
67,4,11,real,permC,0.1595797278429182,0.11772501867938516,-0.0002482493156610218,-0.14274849138077955,0.14892886294812765,0.12644960354571377,7.25784829423611e-05,0.03791484859358246
67,8,11,real,real,0.15651692946121798,0.11755426442873636,0.005637455945828364,-0.2674954822479766,0.14204928163499092,0.1226906123420965,0.0047035531422912145,0.022641977525271514
67,8,11,null,real,0.14970429992670392,0.1263529119345751,0.00023668778034896532,-0.3928284583687478,0.14250662276879886,0.12262536231759226,0.00033562839950530365,-0.036103442862535313
67,8,11,real,permC,0.15624544083643227,0.11741894998510044,-0.00017146120236841145,-0.2661879709321062,0.14213182300220928,0.12280617731164806,0.00010870967681432993,0.023734900766680188
67,1,29,real,real,0.16885256513672353,0.1138289333762277,0.006362738494467806,-0.029414095916779615,0.15202238735103768,0.13860090381575269,0.005987191879200808,0.017433349730968405
67,1,29,null,real,0.1685305610464818,0.11446695277275362,0.0006514911821380401,-0.06844062114260309,0.1540136056780183,0.13973456736987333,0.0008618835666052889,-0.0035906109684110676
67,1,29,real,permC,0.1690745184530259,0.11354660279371612,-4.588139430448484e-06,-0.027820580004012746,0.15227172252657756,0.13902930894858784,0.000256090410863441,0.017778249452367667
67,2,29,real,real,0.16615709177493573,0.11947338371323353,0.006668675575654481,-0.07541896416003246,0.1518138435930828,0.1352150118585037,0.005862632144640315,0.024839996624615
67,2,29,null,real,0.16353436729185983,0.11799034316024522,0.0007414719498736454,-0.1412673264481669,0.15407159424619749,0.1361775739325755,0.0008759285830107487,-0.011473811185945676
67,2,29,real,permC,0.16637835371201828,0.11931978798466229,3.511477784715056e-05,-0.07409168241117467,0.15198642704317472,0.13561783363717703,0.00026784603896087833,0.025321211708672197
67,4,29,real,real,0.1612799759466385,0.12458860476788362,0.006233476161072393,-0.14157467643282096,0.1490257190425586,0.12921017441248617,0.005353208007804884,0.03824295573122819
67,4,29,null,real,0.15636693387150916,0.12471169440670732,0.0007073109809074921,-0.24688170722808195,0.1516285604062672,0.12987087978417147,0.0008266741015683735,-0.016105152229496933
67,4,29,real,permC,0.1612070242529383,0.12437990210303097,-3.412771650604385e-05,-0.1398814377637343,0.14923208013973904,0.129563000029692,0.0002355494462455698,0.03920129835940551
67,8,29,real,real,0.15366299925009214,0.12513739209304472,0.0061621145518382745,-0.2685812110355764,0.14024281564907776,0.12382787284492763,0.004920772214442028,0.025160153984447216
67,8,29,null,real,0.1502610187694588,0.12412492346415797,0.0006206261639360722,-0.36403470052116293,0.14297620632982952,0.1223613196706973,0.000651053082245732,-0.025992957626495904
67,8,29,real,permC,0.15384349309759376,0.1252239002561465,6.525204952061621e-05,-0.266717230991229,0.14055851410566414,0.12406834560775083,0.00030505151514599127,0.02662043447488781
73,1,11,real,real,0.23402097554529133,0.09193876900319126,0.002600679722124679,0.025916112813343613,0.21539355033792054,0.09932005118467492,0.0058433605726880555,0.0522215984436952
73,1,11,null,real,0.2260511732866359,0.09266948558864792,0.0009023203609538898,-0.060399966135684095,0.21121831198397445,0.10356982666983601,0.0011863474236960456,-0.0047147665966618775
73,1,11,real,permC,0.23496737451312663,0.09124037213468955,-0.0007298986109994706,0.028657525847758093,0.21599813588747044,0.09947146634436921,-0.00024439503206565477,0.05312286104214746
73,2,11,real,real,0.2311317528368991,0.09609765609149093,0.002921050118341604,0.012229463283349645,0.21577562099179814,0.09952753536473637,0.0054845337275716095,0.07385995782335342
73,2,11,null,real,0.2202736238453855,0.0975246946363106,0.0009275166428396967,-0.10366731767402297,0.21118811937117618,0.10407988873045013,0.00106571866448286,-0.0007568434584904841
73,2,11,real,permC,0.231878154905638,0.09534481686341499,-0.0007219345019761902,0.014658470030570478,0.2165561265765636,0.09975148589613636,-0.00022962773853744492,0.07513481456045033
73,4,11,real,real,0.2267729440070794,0.0973957383722019,0.0026072788120765356,-0.008965136450553145,0.2115822039727268,0.09841799170092783,0.005124100930846698,0.0978841835889453
73,4,11,null,real,0.21628790211394697,0.10341770133203163,0.0010492702329947903,-0.20880926750144427,0.21008909248317176,0.09983707801926217,0.0010674011860137833,-0.01324816203149598
73,4,11,real,permC,0.22755836601061422,0.09703074941396353,-0.00039175392149309873,-0.00589217781658415,0.21249257475202477,0.09872953291864851,-0.0001543116577857051,0.09959478920351884
73,8,11,real,real,0.22085595390582125,0.09902282632007373,0.00405996123992583,-0.1283929954190235,0.20469512234940013,0.09531181469997735,0.005046808175938722,0.08260800579565578
73,8,11,null,real,0.20667249400363388,0.10473809672639922,0.0008898186317428484,-0.35328810902692437,0.2010640416543628,0.09259022798132847,0.0009284768261376789,-0.024458161915388472
73,8,11,real,permC,0.2209287045743075,0.09885932057586681,-0.0006073986719924521,-0.12698836396340313,0.2053107442645648,0.095415480887916,-0.00027491451430379044,0.08427530130861922
73,1,29,real,real,0.2495707874324757,0.09088945350168488,0.0027044001008943437,0.016511432789323877,0.22346721253325877,0.10086407824739423,0.006186297841460695,0.04724601476430287
73,1,29,null,real,0.24049567348640097,0.090485179298607,-0.000997082094463105,-0.06961234620259828,0.2194568113083944,0.10388564731527768,0.0001300631798808553,-0.0068668396891711685
73,1,29,real,permC,0.24936301520964452,0.0896458166450878,-0.0008736885213415461,0.01914178324271141,0.22345001840986864,0.10082512789565706,0.00010442850077119203,0.04806582021159074
73,2,29,real,real,0.2446030927525755,0.09466603208489645,0.002541345071966202,0.014445552203583161,0.2236585739409402,0.10115084191862318,0.0057970862560296765,0.07568073893081351
73,2,29,null,real,0.2346133476163657,0.09357181107077787,-0.0008999675256019893,-0.1155511341954037,0.2190995319720224,0.10322240917615252,8.41201261641463e-05,-0.0057268865838343095
73,2,29,real,permC,0.24431771686494771,0.09353924132041108,-0.0007820279392977135,0.017330618267942667,0.22383132496477803,0.10108299542589642,0.00015589186815847161,0.07694121933091969
73,4,29,real,real,0.24208326098070287,0.09871384434980619,0.0028318049130075327,-0.028001249662028587,0.21989258924008928,0.10028914894851156,0.005300414054784615,0.09087757359474037
73,4,29,null,real,0.22893346162803052,0.09812372834477566,-0.0011772627918536782,-0.20092471412623705,0.21675925815941968,0.0993969117807424,1.1774907842191734e-05,-0.009880490310875473
73,4,29,real,permC,0.24139882121643294,0.09739641238050305,-0.00045525840719023064,-0.025079873906602924,0.22016651238316998,0.10001661430099108,0.00011142143807105209,0.09259025576600419
73,8,29,real,real,0.23448335417853927,0.10046381089949809,0.004222355460464529,-0.14101105736054742,0.2130864640894648,0.0969347210761166,0.005398730216413146,0.07591251522298895
73,8,29,null,real,0.21759267645478214,0.09949477714864512,-0.0007260215500511924,-0.35591908004613537,0.2075464971208376,0.09312210698070715,0.00014269109939397487,-0.024336767948737504
73,8,29,real,permC,0.23483193267487523,0.09978542028151824,-0.00031814652460406445,-0.13934312026999257,0.21326397312535775,0.09701983125537923,0.00017770119930258602,0.07759316099385576
77,1,11,real,real,0.2759841681118431,0.1086271959378773,0.012115736247685407,0.016647384665266985,0.2539883757833996,0.11034703254864146,0.015487698144389866,0.04510479627828312
77,1,11,null,real,0.2780518973307349,0.10445482380423401,0.0017987917822657276,-0.025951057997627154,0.25823839483282574,0.11755590300237494,0.0024258974199409715,0.014574104599965509
77,1,11,real,permC,0.27673253899189487,0.10720638069558426,-0.0004671868757202268,0.02615759857649737,0.2541704454729423,0.11094876424150038,2.772125132983564e-05,0.04886677518617765
77,2,11,real,real,0.27485087428851374,0.10925546731732885,0.012552706586755438,0.0002701514928080222,0.2528416797629566,0.1100103138422828,0.015150753028903915,0.05816328558411837
77,2,11,null,real,0.2761673523655501,0.10803468723455546,0.0021310739129569156,-0.07927156506662461,0.2583940151624506,0.11490868184224187,0.002364184102125716,0.010326165678437388
77,2,11,real,permC,0.2755013461620681,0.10811186431920387,-0.00042626767659903475,0.009384314264089571,0.2533268005142254,0.11070908270672712,1.735826490100363e-05,0.06225184662107002
77,4,11,real,real,0.2711698748090307,0.11175150986214008,0.013064966598150976,-0.04807545519142143,0.25217208767283883,0.11004377829901216,0.014523885924979683,0.06963474470410383
77,4,11,null,real,0.2731488090274865,0.11384362344159939,0.0021531798389893735,-0.16707424918414454,0.25774132851969717,0.11157946213583429,0.002163583685569163,0.0032601828516269733
77,4,11,real,permC,0.2717018357373273,0.11123243830762734,-0.00024536432718621115,-0.0392926490821226,0.25279528631947595,0.11085732644170451,1.6393889274611086e-05,0.07434920846935332
77,8,11,real,real,0.26507462320375763,0.11120722811321256,0.014515539934351765,-0.11155761396280535,0.24367219847797306,0.10965524927538386,0.014291186008916915,0.07753669273094736
77,8,11,null,real,0.2671456588551039,0.11823912054031363,0.0023184518676568435,-0.3038681799235361,0.2513444875029732,0.1053346735020674,0.0018340946652117736,-0.018171721633016714
77,8,11,real,permC,0.265260720953883,0.11078874125489165,-0.00032384920788924854,-0.10430386607041034,0.244084532552076,0.11054493164784761,1.7811269873296835e-05,0.08248527379285829
77,1,29,real,real,0.26630040240137154,0.11981993852532186,0.009854206243897093,0.020090806742202805,0.2484208326591754,0.114563345609171,0.014022286014104896,0.04698288919236343
77,1,29,null,real,0.2781366708490488,0.11733319991883194,0.001630884120975238,-0.02752917362880594,0.25670546972435226,0.12095106694668405,0.0021711306213656094,0.013932841739874949
77,1,29,real,permC,0.2663806193781597,0.11852637332462683,-0.0004697522079326148,0.029649993550739134,0.248692034975426,0.11505865305471033,-2.9998005866051686e-05,0.05109458388272217
77,2,29,real,real,0.2658742412619578,0.12087673827956433,0.01012987893699758,-0.0024843355884993368,0.24797678815396254,0.11433272558676645,0.013731034757933755,0.059016021105703906
77,2,29,null,real,0.2735435737420663,0.122787150447342,0.0019508791647407837,-0.09119181314987201,0.2552764362476191,0.11905354224259676,0.002150080925535434,0.004568436657266667
77,2,29,real,permC,0.2653488826285205,0.1203235594811555,-0.0003284523199198382,0.006940478414949278,0.24822466557708414,0.1149929160167618,-1.4743781146020485e-05,0.06343422127695382
77,4,29,real,real,0.26297679848578154,0.11884538944573532,0.011492756077848174,-0.05409080720616952,0.24650477476953803,0.11400330048386667,0.01347398517943049,0.07183076231144238
77,4,29,null,real,0.2710015274159968,0.1233844794776057,0.002009967396469442,-0.17310792925140336,0.2559626736883714,0.11521821142613746,0.001869018556411065,-0.001235609452034214
77,4,29,real,permC,0.26220186020088565,0.11904347752502714,-0.00035867924313851923,-0.04605909726679018,0.24711186001876936,0.11488532576230391,-2.3524429288897714e-05,0.07649723141305267
77,8,29,real,real,0.2586145803633033,0.11928675446107595,0.011927360988390957,-0.09224767150748754,0.2400217398474806,0.11256958507455264,0.012876166187289685,0.08912533533784041
77,8,29,null,real,0.26251458693388974,0.12628172821617237,0.0015719996330007813,-0.2956004599083521,0.2500615593359623,0.10848205004728773,0.001442944115021133,-0.01226051742161276
77,8,29,real,permC,0.25870310789705014,0.11945036338340373,-0.00039137151578037355,-0.08468325875129284,0.2409119547907508,0.11359470971048267,-4.5226321523234025e-05,0.09436792153935718
83,1,11,real,real,0.08989261568866214,0.07455745930880311,0.007795999495769923,0.10375750706184948,0.07577122836681509,0.12511123117924278,0.01501222905795993,0.15704462427579602
83,1,11,null,real,0.08506675337720897,0.04331531393537209,-0.0017010967746227677,-0.10950158462550112,0.07438562061670415,0.12551148366153325,0.0008554360373462706,-0.001907303944222033
83,1,11,real,permC,0.09169368174582931,0.06892379233690332,7.544928379210611e-05,0.11750177987560494,0.07568998321831591,0.12705599650694993,0.0003550179958664209,0.16141565341584224
83,2,11,real,real,0.08928448665616681,0.08356524294663094,0.008841951010036134,0.02006454256864868,0.0758177784435495,0.12302089727043326,0.015196440740925871,0.14297478735889585
83,2,11,null,real,0.08599016112460618,0.05562093692150952,-0.0012696684147780004,-0.2097349385200087,0.0738996742356643,0.12200431158047587,0.0009291030140294494,-0.002482045915398838
83,2,11,real,permC,0.09083684939128457,0.079227864079356,0.00029773590053667565,0.032985150484882514,0.07572582497202598,0.12464431433000547,0.0002739779839699881,0.1470805648040797
83,4,11,real,real,0.0924478647918923,0.0903491857196148,0.011664574187181798,-0.06019746519715998,0.07463568668813766,0.11603003032756073,0.014965737059192536,0.14146211684489335
83,4,11,null,real,0.08518728848925353,0.07612533784194178,-0.0002450409929302029,-0.38027761037161617,0.07318347385697016,0.11689580689510454,0.0011834287531143073,-0.024853585137965692
83,4,11,real,permC,0.09365089731624553,0.08614732601865929,-4.921611226677934e-05,-0.050446432470875276,0.07467384043808035,0.11668401937722804,0.0002782425999613055,0.14580286258780184
83,8,11,real,real,0.09599108853734037,0.09502224064984595,0.01760347342420665,-0.1955054538133491,0.07189074477930349,0.1195814406499946,0.01661221227668297,0.025751077778171462
83,8,11,null,real,0.0907781382222085,0.08012466682953882,-0.001491391259050151,-0.22794351620558914,0.07269829000397182,0.11506571721452609,0.0006529182488121121,-0.043219146662086934
83,8,11,real,permC,0.09722651850204157,0.09139703181952293,-0.00025339600398452405,-0.19189750021580698,0.07220065563600184,0.11999021751804657,0.00026577899144962963,0.028432884695077848
83,1,29,real,real,0.08698506591467729,0.06643850165064893,0.010143020783178375,0.11519520659585267,0.07420105087011536,0.12777585348097326,0.017663458471440314,0.15280761909788793
83,1,29,null,real,0.09896152705611368,0.05782120843867294,-0.0035096617413747553,-0.10036291500482934,0.07917067439574159,0.1346695483923266,-0.0006753588308837654,0.0015995292070966802
83,1,29,real,permC,0.08725956328665874,0.0629934527336464,-0.00032365639170143606,0.13011818190610452,0.07374327446473367,0.12926315660414645,0.0007468070842157429,0.15752419009093302
83,2,29,real,real,0.08930061949600147,0.075542135284536,0.012046856555561359,0.03441795880912932,0.07274361477245975,0.12338033682672166,0.01717209320798923,0.1444439684431959
83,2,29,null,real,0.09766473871872904,0.05970992186078558,-0.0031441638927608524,-0.18212449778329315,0.07786376525677435,0.12985986569322844,-0.0006073792853341087,0.00742534927007173
83,2,29,real,permC,0.08916846759259903,0.07264180501010647,-2.6721659012888616e-05,0.047734033079686766,0.07217598859472539,0.12501505735551427,0.0007449713279962522,0.1496500689434726
83,4,29,real,real,0.0871545425342939,0.07796892324107994,0.015383633712143805,-0.057516947101156735,0.07163885944279073,0.11795813549931093,0.017407167160942587,0.13680141611413624
83,4,29,null,real,0.09964516867176715,0.07323654293181914,-0.002989004302388252,-0.3674651617701946,0.07768810547397335,0.12492495028432671,-0.00027275128483992644,-0.018396617891117073
83,4,29,real,permC,0.08733548764310316,0.07612404232062375,0.0002953605447621558,-0.047215567783406694,0.07146645232228097,0.11901832409977617,0.0009396680153349602,0.1419671393487983
83,8,29,real,real,0.09324313277504895,0.08801368720408112,0.023404266341573287,-0.17489019258737737,0.06924691495634938,0.12057435997858902,0.020378503367015837,0.036822728605421684
83,8,29,null,real,0.10168210390081692,0.09372718161306978,-0.003390939831192106,-0.17176370326986898,0.07581946938355284,0.12252778381317836,-0.00042176902309001835,-0.033817457504449075
83,8,29,real,permC,0.09426073296794923,0.08519308554484281,0.0007458566039801235,-0.17215894983983884,0.06918440399471748,0.12060235121249933,0.0009573724884639108,0.03903482010713944
85,1,11,real,real,0.25906360222498126,0.09757388428146382,0.003479370904741476,0.024496344425484602,0.2476457045427187,0.11414308903754729,0.005859719587053751,0.04721645409435424
85,1,11,null,real,0.265561977751091,0.09502140979094821,0.00022976271623341887,-0.04037737812417999,0.2461780577810465,0.11271722426375418,0.0009489232218410174,0.003339615210716481
85,1,11,real,permC,0.25938480218561255,0.09657044090499275,-0.0014334047568774766,0.026381503946316456,0.24833255846572008,0.11429511405556814,4.1282652672068127e-05,0.048173289125332114
85,2,11,real,real,0.258498070987785,0.09955321320689038,0.002518810385001568,0.026712321398910034,0.24584648677673562,0.11447191672808071,0.005377024963511546,0.07268207613423949
85,2,11,null,real,0.26588423110451304,0.10037527303285607,5.822901304486372e-05,-0.09004518241813156,0.24617719289387122,0.11216027212725078,0.0008369626757850541,0.0006099438035742829
85,2,11,real,permC,0.258951757007595,0.09844459596226994,-0.0014741748981361713,0.029517271298223104,0.2468038308785053,0.1146129722830341,-6.450227554000155e-05,0.0740158208605475
85,4,11,real,real,0.26362544595568715,0.10724476632091981,0.0025210526418015244,-0.003153212315494388,0.2416571276325127,0.1110687418141134,0.005042506732331336,0.09292559318557343
85,4,11,null,real,0.26791347377622826,0.10178350901564417,-5.6538086744458425e-06,-0.16502508995322637,0.2446652384801004,0.1090255237314149,0.000758506497921187,-0.0010782350284377813
85,4,11,real,permC,0.2641289831867788,0.10644281438954875,-0.0011454512310262825,-2.1781005871385206e-05,0.24254790782879296,0.11112443436539547,-8.016575817452558e-05,0.09457819266042712
85,8,11,real,real,0.265996680118239,0.10875112095031275,0.003744427692405377,-0.13086666744393285,0.23371869096575942,0.10490896779707677,0.005019595574667413,0.07851896752988032
85,8,11,null,real,0.2649212192890885,0.1066490950863904,0.0003750029262017488,-0.29885329047552994,0.23526772664305068,0.10212314578621925,0.000797338689249157,-0.010418943349332428
85,8,11,real,permC,0.26644793427772173,0.10763320496467717,-0.0010524046687629776,-0.1288655646226504,0.2343318456272554,0.10491582922763926,-9.904061271945319e-05,0.080175603307853
85,1,29,real,real,0.2628826716100924,0.10443053407735027,0.007074286894719645,0.029377670175208658,0.24759591446387835,0.11809884693988475,0.007349719440322681,0.04963872138133355
85,1,29,null,real,0.2516437602659356,0.10940654584606246,-8.270785711770681e-05,-0.029352147776711374,0.24206096066583818,0.12128493049749026,0.0008494608502839599,0.011061837198935498
85,1,29,real,permC,0.262768843889404,0.10421382343591161,-0.0015243153292731069,0.03099304798739781,0.24815365388234942,0.11833185871891563,-0.00035169843536332157,0.05039262712053115
85,2,29,real,real,0.263612561143178,0.10581394707485121,0.006088081293259605,0.02487903840009607,0.24533838339238037,0.11800897235911874,0.006805295311320921,0.0725041702152843
85,2,29,null,real,0.2521043192973601,0.11154148453111692,5.283077644840002e-05,-0.08343758273707523,0.2422664527487902,0.12022667856715857,0.0008526423610565881,0.008357971245550395
85,2,29,real,permC,0.2629974986657876,0.10563056873557036,-0.0014738641899869527,0.02753107295303141,0.24619735582615845,0.11831638452077499,-0.0003407158623922416,0.07381348265645474
85,4,29,real,real,0.26121940189782367,0.11051030540230336,0.0053271709460937415,0.002612002124147389,0.2403261515495769,0.1139998978565391,0.006210580942953727,0.09828633825267155
85,4,29,null,real,0.2531680391815903,0.11415843591866881,0.00010070515744990219,-0.16521974426839758,0.2399764640525225,0.11638258228724332,0.000797515191655838,0.0018169707420450563
85,4,29,real,permC,0.2607782015897022,0.11039158000531336,-0.0012412975780429214,0.006257513636192627,0.24125233286883185,0.11436168903344679,-0.0003231902174985757,0.10020789070710286
85,8,29,real,real,0.26203557456539617,0.11587119445513605,0.006325427640426142,-0.10892926086954606,0.230972279230048,0.10980502449504023,0.005870735238135629,0.08497177560840138
85,8,29,null,real,0.25844830653909723,0.11976176239963332,0.00014361428431161616,-0.3020026129169815,0.23086058615149715,0.10791196128033295,0.000654087860734435,-0.011719895821214243
85,8,29,real,permC,0.26187152334088204,0.11561415262716516,-0.001082619046444281,-0.10612332752023457,0.23165644161545138,0.11014517026440664,-0.00021062296459441648,0.08734574102055494
90,1,11,real,real,0.32772072380839556,0.07640655381712043,0.00012671094487979684,0.034032170300994924,0.30201949259764277,0.09646239973572787,0.0007325536675727069,0.0696168778173484
90,1,11,null,real,0.3129606557104625,0.06292476712691389,-8.3207890338897e-05,-0.07847756307837717,0.30291331050804365,0.09446169769063328,0.00039587780687399177,0.010906078736285749
90,1,11,real,permC,0.328197070717809,0.07624729718555837,-0.0006268303386869438,0.03417366955180074,0.30206046669803344,0.09652398464369204,-0.00014493572676942584,0.06970586953860973
90,2,11,real,real,0.32057956190074494,0.08034058843497746,-0.00015566994204141427,-0.009395814478923088,0.301219061052195,0.0945178919646781,0.0006647778789688844,0.08385473869216874
90,2,11,null,real,0.311576524450876,0.07612824099759673,-7.392660336093723e-05,-0.15068616475020852,0.296907754456667,0.09079344532755279,0.0004568038731332195,0.0026609667804277652
90,2,11,real,permC,0.3210446318008259,0.08019170821764231,-0.0005789671361648336,-0.008924071138673946,0.301294962263423,0.09462177446379219,-0.00016392107593956223,0.08399252085286375
90,4,11,real,real,0.31566252439215203,0.07530533572818704,-4.8649117411999246e-05,-0.03519373024986047,0.3004150541993874,0.09452495759164457,0.0004960340870462006,0.10238392684594963
90,4,11,null,real,0.3127000637932587,0.0807338145851821,9.327101682513976e-05,-0.2593251890796978,0.2931013960303814,0.08451905141019377,0.0004592092052459381,-0.02106039904738265
90,4,11,real,permC,0.3160356744175267,0.07526296544951577,-0.0005792806637631801,-0.0348293212618391,0.30053791779088324,0.09462184501513732,-0.00026017868893084734,0.10259419518557605
90,8,11,real,real,0.33089399153483867,0.056249722370250534,0.0001365165718632914,0.07747328989024109,0.30360745716446125,0.09526449311730159,0.00039247586472856977,0.08931697942853029
90,8,11,null,real,0.3181093124389332,0.08147161392506946,-0.0001541089604195356,-0.19161950777062656,0.28283971106117545,0.08821817411506534,0.0003455643499316781,-0.03163181452122239
90,8,11,real,permC,0.33120905867561223,0.0559099497530826,-0.0005567880670449092,0.07767502578570545,0.3038191746604927,0.09558949270923887,-0.00017784041791698196,0.0897131442614882
90,1,29,real,real,0.33559839432635774,0.07355639937910721,0.00107286324753042,0.039736694962213104,0.30690198237515354,0.09532532024804712,0.001175090105258116,0.07198089935282985
90,1,29,null,real,0.3269705935883658,0.06304193191567906,-7.994083327396889e-05,-0.08323254585274556,0.3100691248641818,0.09445952344436205,0.000647507523523864,0.006079146387338363
90,1,29,real,permC,0.3353639437047249,0.07384749932056664,0.0003427822314313785,0.040115824282922444,0.30697297715271055,0.09542493880868093,0.0005100319659644599,0.07212075862057826
90,2,29,real,real,0.3296333569234474,0.08010535347035236,0.0011473830068505866,-0.0029572484344564283,0.305925456830574,0.09333633941998504,0.0012219554519555438,0.08490091154995498
90,2,29,null,real,0.3288434626493235,0.07216747364636059,0.00013162920590984822,-0.16154772572988002,0.3064870613895071,0.09159100993554087,0.0006070975406501644,-0.004711262573699923
90,2,29,real,permC,0.3293519916400474,0.08038510691837422,0.00023693077623674708,-0.0027584903282618827,0.3060086652510365,0.093441564603803,0.0005031027509202941,0.0849869762559618
90,4,29,real,real,0.328712489501667,0.07090563819078778,0.0007693577510711203,-0.03431205263996419,0.3073203675525965,0.09430128344605239,0.0010585449138824088,0.10044093240879093
90,4,29,null,real,0.32677140072626465,0.0759508907724689,-5.651643050808933e-05,-0.23543196567992195,0.29885985771263923,0.0869422243141198,0.00046295506966974786,-0.005475096086452663
90,4,29,real,permC,0.3284912270159178,0.07134870549008587,0.0001756482954759867,-0.03379655175875094,0.30740915197318763,0.0943616266539218,0.0004676628905898317,0.10065496779254042
90,8,29,real,real,0.3440365249298549,0.05195117219726033,0.0012856878845774096,0.0781507978673512,0.309123509864853,0.09462060435654535,0.0009361938672040511,0.08977495742341043
90,8,29,null,real,0.3372340357104651,0.07458164817617505,0.0001415226516053118,-0.1503376079156298,0.29555551860169177,0.09027185562529373,0.0006531176452883221,-0.02401703425058943
90,8,29,real,permC,0.3437132998802457,0.052097299635821825,0.00021867813570575212,0.07819299845528793,0.3092006540138317,0.09476528363101071,0.0002847851466233434,0.08992846610987179
92,1,11,real,real,0.19783175060289826,0.08474464185658309,0.014292954423483975,-0.01435972660995427,0.1817489080645511,0.11613599092195527,0.013171282008171081,0.03151389801589797
92,1,11,null,real,0.18959586909636902,0.09987489559022811,0.00016989208196197905,-0.05816353532169737,0.17818877209285605,0.12119722625269325,0.0007265316459890517,-0.0018370795143228813
92,1,11,real,permC,0.19899445035148522,0.08398053303290078,0.00013038233378851832,-0.013075364404477596,0.18216104611311762,0.11677629044114156,0.0003524339714837121,0.032427252038684684
92,2,11,real,real,0.19554108807247297,0.09071064094831445,0.010559996677900092,-0.031132847087306133,0.17955821473766112,0.11406351598044767,0.011676804155288155,0.049027289458393755
92,2,11,null,real,0.18646638449679231,0.10227619808986198,0.0001642124647854663,-0.11475514923514327,0.17696735773893946,0.1186679924491802,0.0007103854971917215,-0.003831214907245685
92,2,11,real,permC,0.19727026786873753,0.08983099021456661,0.00018031863021368091,-0.026065590839820414,0.1804421795776266,0.11454594353290247,0.00034932520637346676,0.051432012568953155
92,4,11,real,real,0.18657755637347748,0.09334237918893779,0.011170595880168286,-0.09053932442045053,0.17522190981042218,0.11140779071925441,0.01099420097018621,0.0610890188703427
92,4,11,null,real,0.1783636757011179,0.10568513723057281,0.000205234289089945,-0.20818889813220945,0.17145465046664765,0.11448100796571015,0.0005956907261545259,-0.006631086541178295
92,4,11,real,permC,0.1874443876459051,0.09256384713882583,0.0003091984918262939,-0.08595378751362039,0.17598478619246571,0.11179517870908803,0.0003791995403397789,0.06420621949997035
92,8,11,real,real,0.19159278687021433,0.0986958209020216,0.01269361489651367,-0.2378174818372982,0.16332223282761163,0.10415351289785878,0.01067144625699141,0.036660720483023164
92,8,11,null,real,0.17220962584130584,0.1093160136306226,-5.181801021739152e-05,-0.40402004999430796,0.15974382403384185,0.1067166291453149,0.00045159902970913946,-0.04303257933504107
92,8,11,real,permC,0.19152628394168475,0.09847802966900786,0.00022683849048243943,-0.23483732394815732,0.16349575546542724,0.10430134108617137,0.0003363076834540697,0.040057783968959905
92,1,29,real,real,0.1762544417806607,0.09202673919016478,0.009552490147777185,-0.006325437760886657,0.1744439574608637,0.11763801184838156,0.010906669938234682,0.03386025273233387
92,1,29,null,real,0.18929573623064352,0.08664961465840502,0.0007387515830434751,-0.06729260606603188,0.1775077342329585,0.11594441091674383,0.0010934763637145406,-0.0036150976349627975
92,1,29,real,permC,0.17663751095322913,0.0913528901862299,-0.00031224841003463233,-0.004735231344865735,0.17467812032465665,0.11806016878343491,0.0002638778583395063,0.03489012801560088
92,2,29,real,real,0.17365582979926314,0.09659095941646437,0.006252149285031574,-0.023638390864741603,0.17210766377792455,0.11515585059533413,0.00946035242530228,0.05142419297702318
92,2,29,null,real,0.18655525077341592,0.09248632755884663,0.0008488324750401215,-0.11410670070018011,0.1769224612272458,0.11366745687872425,0.0010535295749857323,-0.0007972082528886945
92,2,29,real,permC,0.17403653175830097,0.0961720124965179,-7.266697925365867e-05,-0.018508262155194098,0.17252048627281455,0.11557639374785775,0.00028722630781630176,0.053923734222699395
92,4,29,real,real,0.1645684129148187,0.09631468520864735,0.006785476089527175,-0.06899005637431938,0.16833226890753114,0.1120895037392794,0.008795132931201054,0.06844016384586993
92,4,29,null,real,0.17662604868206194,0.09130208241200152,0.0008794077507798166,-0.21651818667759767,0.1710345100117667,0.10827072398669907,0.0010701913554886828,-0.010374619172464192
92,4,29,real,permC,0.16430831981527422,0.09611559658993443,-2.3712122141733528e-07,-0.06432082461123523,0.16865433972132615,0.1126534395596594,0.00028442670466396103,0.07160212498249503
92,8,29,real,real,0.1743426844079431,0.1002029549349181,0.008063238793718184,-0.23514216864887413,0.1569813307912286,0.10468607139730242,0.008463170069398663,0.036220328830822164
92,8,29,null,real,0.17694701786065864,0.09942229814693818,0.000959239499515633,-0.3751599260278576,0.16113414007037366,0.10354772004071952,0.0008959435543357078,-0.027534735128367672
92,8,29,real,permC,0.17485757637417723,0.09952103834094837,0.00012949184938477556,-0.23162097061937478,0.1571573250035257,0.10491326272854203,0.00028088782095584775,0.039710713945541536
93,1,11,real,real,0.2349398440462611,0.1253894292356329,0.006699644356940915,0.013108990121241271,0.21129590998700776,0.12468746475690295,0.015236424802944959,0.04491753615343617
93,1,11,null,real,0.22898508465015885,0.11295145345878722,5.5760549411152744e-05,-0.03439344332157544,0.2145883951890955,0.12827473393926064,0.0010974779432382693,0.008983190908878714
93,1,11,real,permC,0.23556572843111576,0.12314393945785373,-0.0008948742315363818,0.025616178420497966,0.21193644745261617,0.12630865126679458,-0.0002083691583948758,0.04930715558985537
93,2,11,real,real,0.23294662204871106,0.12280585881502941,0.007207998004569291,0.01055526905690593,0.20977608461305217,0.12332229767734551,0.014909508948523248,0.06626475561265877
93,2,11,null,real,0.22760396426746757,0.11568404938753146,0.00012070478487422967,-0.0830819548196235,0.2145127138921544,0.12616791850599823,0.0009849247290702097,0.006946710272344595
93,2,11,real,permC,0.23388396681017912,0.12211290360000447,-0.0009180787912264898,0.022530899148844145,0.21084492496464582,0.12533039567145263,-0.00019520150753740695,0.07099445855435715
93,4,11,real,real,0.22675108659349438,0.12481973162836965,0.009478676292935065,-0.017178402120333114,0.2058273786056631,0.12196821506360253,0.014104600469376432,0.08636431124746576
93,4,11,null,real,0.2245866346704376,0.12096396316106875,0.0002849025504919241,-0.16055389290985989,0.21363276228170033,0.12203822248467137,0.0008593360232427757,0.0014827381928621628
93,4,11,real,permC,0.22793801032174005,0.12485897686314067,-0.0009803349982011045,-0.007535706523735289,0.20691593380488435,0.12372746422906353,-0.00020510968548494618,0.09188901449036342
93,8,11,real,real,0.22387470078062463,0.12184585443923687,0.01255455740326374,-0.0821013712729689,0.20264169507679256,0.11965859381673896,0.014106769491034,0.09957632107389383
93,8,11,null,real,0.2183600672287418,0.12478206561339887,0.00046725805079095295,-0.31468683626639427,0.20512006011273395,0.11574549758146378,0.0008194441853507465,-0.02058403291328989
93,8,11,real,permC,0.2254599583005612,0.12212559871069922,-0.0007318644429635813,-0.07528608623146224,0.20363098515863787,0.1211348352335328,-0.0002134199943208496,0.10509054498629801
93,1,29,real,real,0.2434435294681631,0.11779486637733869,0.010027611201059189,0.011589942679501279,0.21657601286344008,0.12054906788426063,0.017640763684546985,0.0450586119744782
93,1,29,null,real,0.23917212236506036,0.10964979633554826,-0.00013119947770197832,-0.031116518067032008,0.2199828851793281,0.12562820125425145,0.0014069840024845404,0.011289058857320131
93,1,29,real,permC,0.24443648386863814,0.11602445287273509,-0.001078155074114508,0.024558106113881362,0.2171930558545899,0.12195418711143698,-0.0002692840304718095,0.049401808719218045
93,2,29,real,real,0.24217953550002588,0.11892368406682116,0.010843445500683314,0.0057253320668497944,0.21493573397932975,0.11990866681445898,0.01720770180215301,0.06367839898708197
93,2,29,null,real,0.23586720381504941,0.11462578239994849,8.886294014787133e-05,-0.07968103669046223,0.21891916164644665,0.12344564916822792,0.0013138424309765973,0.007685069655806675
93,2,29,real,permC,0.24291558451871062,0.11805425258278478,-0.0010758650710188298,0.017879951204701428,0.21576069168778475,0.12153981468865652,-0.00026467066325424243,0.06845927098143337
93,4,29,real,real,0.2342443814117328,0.12138999923785386,0.012173115003224036,-0.01897437565137286,0.21067962200827126,0.11919933133404426,0.01612814426348518,0.08395639501207378
93,4,29,null,real,0.22941049946020123,0.12301006219374884,0.00012537821419762266,-0.17367431801406322,0.21688260699528686,0.11994635588931783,0.0011954566793093515,-0.0017297523859085557
93,4,29,real,permC,0.23475870124390572,0.121226288926333,-0.0010631915558849312,-0.008136752500928046,0.21185923422346184,0.12073340869281396,-0.000297249166139805,0.08978424604220743
93,8,29,real,real,0.23636793300812783,0.12073768398834699,0.014991312114161565,-0.09237001983177841,0.20850769102045652,0.11782423817176944,0.015946248558959382,0.091674287545429
93,8,29,null,real,0.22677664845460654,0.1233704339130194,0.00048173237001320846,-0.3222395650150075,0.2098865352665578,0.11233918434817117,0.0011072538485712249,-0.025277380084213597
93,8,29,real,permC,0.23663970597556017,0.12096269417461263,-0.0007314978447424404,-0.08401890008112864,0.20913747679423714,0.11902147568440097,-0.00019721093285557378,0.09778407251337269
