q,Kc,Kw,seed,arm,n,m,full,df_C,df_W,I,P,C,W
1,1,0,11,perm,15250,16,0.32719098385167855,16,0,0.24613291588352543,0.08086012740824869,0.00019794055990438964,0.0
1,1,0,29,perm,15250,16,0.3208946791514301,16,0,0.24348026649126162,0.07728939049092676,0.0001250221692416694,0.0
1,1,0,11,real,15250,16,0.33668620708858754,16,0,0.24579212164019626,0.08170456072605345,0.009189524722337786,0.0
1,1,0,29,real,15250,16,0.33026817538638364,16,0,0.24340570572837544,0.07793504786818643,0.008927421789821697,0.0
1,1,1,11,real,15250,16,0.3270167836123872,16,15266,0.2436679985144724,0.08510942547371708,0.007925944255589568,-0.009686584631391918
1,1,1,29,real,15250,16,0.32465953853846197,16,15266,0.24140954215660906,0.08184404882913651,0.0077986790813342555,-0.006392731528617903
1,1,2,11,real,15250,16,0.3064818545514604,16,30532,0.24254930424241958,0.0886218988114493,0.0065382265966066055,-0.031227575099015165
1,1,2,29,real,15250,16,0.3027554422893819,16,30532,0.2403237752019796,0.0849069622061325,0.006678467972619727,-0.029153763091349965
1,1,4,11,real,15250,16,0.2446511609109897,16,61064,0.24048724703625243,0.09605860175568526,0.00601996794178558,-0.09791465582273359
1,1,4,29,real,15250,16,0.23703645416429786,16,61064,0.23853947065466205,0.09287457535900812,0.006373640950745412,-0.10075123280011775
1,2,0,11,perm,15250,16,0.3271346968333637,32,0,0.24614505500172698,0.0808554692604922,0.00013417257114450856,0.0
1,2,0,29,perm,15250,16,0.3209604944014769,32,0,0.24347546467203474,0.07729600151395911,0.0001890282154830188,0.0
1,2,0,11,real,15250,16,0.33980766896292824,32,0,0.24560587926321553,0.0819104764680181,0.01229131323169456,0.0
1,2,0,29,real,15250,16,0.33290841991626174,32,0,0.24339066136746967,0.07799226148063022,0.011525497068161823,0.0
1,2,1,11,real,15250,16,0.3302777220393406,32,15266,0.24351598459400253,0.08536173626839363,0.011057159286641322,-0.009657158109696935
1,2,1,29,real,15250,16,0.3274677482491478,32,15266,0.24148895101820372,0.081897738774138,0.010435272172549175,-0.006354213715743111
1,2,2,11,real,15250,16,0.31001169509098636,32,30532,0.24245478361411385,0.08895775770864855,0.009733371986601217,-0.03113421821837733
1,2,2,29,real,15250,16,0.30575260394307413,32,30532,0.24037822427446254,0.08496586516223237,0.009419410424344521,-0.029010895917965296
1,2,4,11,real,15250,16,0.2471871371601495,32,61064,0.2404933358137111,0.09622826620701368,0.008750973706650317,-0.09828543856722563
1,2,4,29,real,15250,16,0.2388021913437045,32,61064,0.23873472848053226,0.09289514982578959,0.008447631033292963,-0.10127531799591033
1,4,0,11,perm,15250,16,0.3271406977539144,64,0,0.24618645390314112,0.08086354905870755,9.06947920657301e-05,0.0
1,4,0,29,perm,15250,16,0.32103868339120867,64,0,0.2434624563746779,0.07727649293759739,0.0002997340789333373,0.0
1,4,0,11,real,15250,16,0.3489388315660421,64,0,0.24508114237216402,0.08203845420314104,0.021819234990737013,0.0
1,4,0,29,real,15250,16,0.34268187262380534,64,0,0.2427944854179238,0.07826598263705538,0.021621404568826125,0.0
1,4,1,11,real,15250,16,0.33364828758273857,64,15266,0.24307809449979617,0.08562578760062906,0.017593322318847006,-0.012648916836533703
1,4,1,29,real,15250,16,0.33154648675113174,64,15266,0.2409761984112536,0.08230493927612714,0.017575371226353793,-0.009310022162602793
1,4,2,11,real,15250,16,0.31392123452152176,64,30532,0.24195334480814892,0.08934732264107616,0.01650803951815883,-0.03388747244586216
1,4,2,29,real,15250,16,0.3104337474837243,64,30532,0.2399198730261762,0.08537687225373788,0.016831608023392175,-0.031694605819581945
1,4,4,11,real,15250,16,0.24990458848427166,64,61064,0.23996836564459426,0.09679460291058223,0.014852976981006781,-0.10171135705191162
1,4,4,29,real,15250,16,0.24322082896532649,64,61064,0.23836986127316445,0.09363114707734127,0.015519338572344164,-0.10429951795752343
1,8,0,11,perm,15250,16,0.3267895209575761,128,0,0.24618226817385755,0.08089297668002675,-0.00028572389630822826,0.0
1,8,0,29,perm,15250,16,0.3206015021803341,128,0,0.24344706329969845,0.07731065383097276,-0.00015621495033711166,0.0
1,8,0,11,real,15250,16,0.3547786554404516,128,0,0.24525384595046845,0.08249417276071255,0.027030636729270602,0.0
1,8,0,29,real,15250,16,0.3484367822121751,128,0,0.24291550051505362,0.07872608371233308,0.02679519798478841,0.0
1,8,1,11,real,15250,16,0.33800600638107225,128,15266,0.24334287881585318,0.08599901007563923,0.022058879191747063,-0.013394761702167237
1,8,1,29,real,15250,16,0.33608420075214407,128,15266,0.24130062591424764,0.08260445785076415,0.022119151896025573,-0.009940034908893298
1,8,2,11,real,15250,16,0.3186512886311639,128,30532,0.24233532647219622,0.08969429943237113,0.02111428821457555,-0.03449262548797903
1,8,2,29,real,15250,16,0.31499717391204995,128,30532,0.24015902239051293,0.08569194604657972,0.02142310636694685,-0.03227690089198955
1,8,4,11,real,15250,16,0.2544677319183072,128,61064,0.24032429791252619,0.09719124010048469,0.01936396483837413,-0.10241177093307785
1,8,4,29,real,15250,16,0.24751524459380891,128,61064,0.23863989911199668,0.0938465634296016,0.020010715999020257,-0.1049819339468096
4,1,0,11,perm,2897,14,0.30964208527374204,14,0,0.26953040346853613,0.040001767272772305,0.00010991453243356741,0.0
4,1,0,29,perm,2897,14,0.2969988800835137,14,0,0.26381761934889414,0.03219631667203106,0.000984944062588496,0.0
4,1,0,11,real,2897,14,0.3345832006542979,14,0,0.26934925273869115,0.04135573025535534,0.02387821766025141,0.0
4,1,0,29,real,2897,14,0.31707254568901844,14,0,0.26292769423561546,0.03371926126262324,0.0204255901907797,0.0
4,1,1,11,real,2897,14,0.36478926847188753,14,2911,0.26369239305614395,0.04745846528936726,0.019508465606899464,0.03412994451947685
4,1,1,29,real,2897,14,0.3341365460525215,14,2911,0.25477531338130777,0.04109304747256693,0.01816634779597414,0.020101837402672712
4,1,2,11,real,2897,14,0.3332428210019407,14,5822,0.2550442605541613,0.0545059869324884,0.020003611359566624,0.003688962155724405
4,1,2,29,real,2897,14,0.2949269049798068,14,5822,0.24494023016040428,0.04861207708464777,0.017410625006381308,-0.016036027271626608
4,1,4,11,real,2897,14,0.3013994993996105,14,11644,0.25010244449269226,0.05215150553769941,0.018056978754303267,-0.01891142938508441
4,1,4,29,real,2897,14,0.28037584414777916,14,11644,0.24815398734945895,0.0475999413450676,0.015571998049067245,-0.03095008259581464
4,2,0,11,perm,2897,14,0.3093130326423791,28,0,0.2694933416818282,0.0399233695241663,-0.00010367856361542804,0.0
4,2,0,29,perm,2897,14,0.2961748174596798,28,0,0.26392571138772125,0.0322609669192976,-1.1860847339099424e-05,0.0
4,2,0,11,real,2897,14,0.3409774908934329,28,0,0.2710987766494319,0.04132873808287333,0.028549976161127623,0.0
4,2,0,29,real,2897,14,0.3232041885705107,28,0,0.26185450662402576,0.033657562764511297,0.0276921191819736,0.0
4,2,1,11,real,2897,14,0.36939429309429384,28,2911,0.2651792447866469,0.04754436313692742,0.023360482379509172,0.033310202791210344
4,2,1,29,real,2897,14,0.3394943785987178,28,2911,0.2537816558159498,0.04080469372705206,0.025119534220105627,0.019788494835610303
4,2,2,11,real,2897,14,0.33609836784703817,28,5822,0.25639618431078337,0.054441539726210665,0.02312352575738128,0.0021371180526628493
4,2,2,29,real,2897,14,0.2969419187215737,28,5822,0.24387463399223994,0.04840556107269256,0.02268745246292151,-0.0180257288062803
4,2,4,11,real,2897,14,0.3046558718030792,28,11644,0.2517175743595528,0.05229639031539333,0.02114103688419849,-0.020499129756065403
4,2,4,29,real,2897,14,0.2828413961375815,28,11644,0.24763510970749072,0.04711889020751567,0.02093800292932545,-0.03285060670675033
4,4,0,11,perm,2897,14,0.3090210702702286,56,0,0.2696202165307687,0.03983701382075936,-0.0004361600812994489,0.0
4,4,0,29,perm,2897,14,0.29534597307444177,56,0,0.2637403578915648,0.03240032799668531,-0.0007947128138083662,0.0
4,4,0,11,real,2897,14,0.3762505281545817,56,0,0.2724635922609082,0.04221243380033617,0.061574502093337306,0.0
4,4,0,29,real,2897,14,0.35257787325341783,56,0,0.2583384633136409,0.034333674156352,0.059905735783424875,0.0
4,4,1,11,real,2897,14,0.38999650978654565,56,2911,0.26476710691575633,0.04823091194935684,0.05003664822097048,0.02696184270046196
4,4,1,29,real,2897,14,0.3567433901307592,56,2911,0.2503980968456917,0.04200296387196413,0.05094349269952495,0.01339883671357835
4,4,2,11,real,2897,14,0.35963006190532076,56,5822,0.2564880235156072,0.0555357221608328,0.05080862493290444,-0.0032023087040236866
4,4,2,29,real,2897,14,0.31454358602619437,56,5822,0.24121057159893336,0.04963071418047102,0.04831454905872152,-0.02461224881193157
4,4,4,11,real,2897,14,0.320406946846445,56,11644,0.250521419278226,0.05409968400657682,0.04522526806705785,-0.02943942450541573
4,4,4,29,real,2897,14,0.296383644266511,56,11644,0.24350551734013823,0.04838009757409908,0.04525012779490036,-0.04075209844262671
4,8,0,11,perm,2897,14,0.30768023870118144,112,0,0.2698127455461514,0.03965361356037104,-0.001786120405341059,0.0
4,8,0,29,perm,2897,14,0.29408963259993004,112,0,0.2637302968654104,0.03241945529423499,-0.0020601195597153748,0.0
4,8,0,11,real,2897,14,0.38594441680652236,112,0,0.2720335734308222,0.04217802146165424,0.07173282191404592,0.0
4,8,0,29,real,2897,14,0.36407782238785513,112,0,0.2556522483775523,0.03507949219112316,0.07334608181917968,0.0
4,8,1,11,real,2897,14,0.39789981751703185,112,2911,0.2650670855519943,0.04809410188658361,0.058985877709835516,0.025752752368618393
4,8,1,29,real,2897,14,0.36543531810076146,112,2911,0.2478122976928421,0.04274494937093233,0.06293153652934422,0.011946534507642805
4,8,2,11,real,2897,14,0.3668621501255396,112,5822,0.2563637881223825,0.05541174860408294,0.059627933428355435,-0.004541320029281287
4,8,2,29,real,2897,14,0.3232164330704801,112,5822,0.23917844131672403,0.05004138022195266,0.060181877719105645,-0.02618526618730225
4,8,4,11,real,2897,14,0.3265186833017062,112,11644,0.2509927904399224,0.05392913806497922,0.05320988359499335,-0.03161312879818883
4,8,4,29,real,2897,14,0.30316732742368513,112,11644,0.24239390778373032,0.04895347316616875,0.055631259373533956,-0.04381131289974791
7,1,0,11,perm,1289,10,0.1879682334525543,10,0,0.09744461343349947,0.09016610508119227,0.0003575149378625686,0.0
7,1,0,29,perm,1289,10,0.1855796545066406,10,0,0.08106438628137998,0.1019018120053354,0.0026134562199252214,0.0
7,1,0,11,real,1289,10,0.24055730242663598,10,0,0.09741097656172122,0.09382102801438415,0.049325297850530594,0.0
7,1,0,29,real,1289,10,0.21334777341854705,10,0,0.08175812729301966,0.10638729304691877,0.02520235307860861,0.0
7,1,1,11,real,1289,10,0.3039696427515586,10,1299,0.09790967206073557,0.11440929755884245,0.031544654280790826,0.060106018851189706
7,1,1,29,real,1289,10,0.2834517575491633,10,1299,0.08496591819768382,0.12923812893204054,0.009613284164589796,0.05963442625484915
7,1,2,11,real,1289,10,0.29507542567349865,10,2598,0.09519131223158885,0.12086947138953595,0.03285505333875264,0.04615958871362119
7,1,2,29,real,1289,10,0.2669288186180506,10,2598,0.08237511054434504,0.13283605280204852,0.010463055010457255,0.0412546002611998
7,1,4,11,real,1289,10,0.19783254187650534,10,5196,0.09524579576447637,0.1331371244250939,0.03376136993172941,-0.06431174824479434
7,1,4,29,real,1289,10,0.15447650324573825,10,5196,0.08178999388295127,0.13630786161495564,0.012950632764487685,-0.07657198501665632
7,2,0,11,perm,1289,10,0.18910971256344022,20,0,0.09711522070154423,0.09055942615643738,0.001435065705458612,0.0
7,2,0,29,perm,1289,10,0.18493597641636983,20,0,0.08104792859384022,0.10193225164256339,0.0019557961799662,0.0
7,2,0,11,real,1289,10,0.2653348325681649,20,0,0.09758860054684478,0.09802372472223682,0.06972250729908332,0.0
7,2,0,29,real,1289,10,0.2426244531157702,20,0,0.08280124761172367,0.10862661992016422,0.051196585583882306,0.0
7,2,1,11,real,1289,10,0.3016054764921574,20,1299,0.09770347413824683,0.12006523720546887,0.03783630501329776,0.04600046013514393
7,2,1,29,real,1289,10,0.285206643824473,20,1299,0.08575778718733125,0.1311811630526974,0.02212039199972935,0.04614730158471501
7,2,2,11,real,1289,10,0.2969529812607308,20,2598,0.09546951015909973,0.1255641477108904,0.04150599873221241,0.03441332465852823
7,2,2,29,real,1289,10,0.27411397469859333,20,2598,0.08419854096938476,0.13420768887473375,0.025455216054502978,0.03025252879997183
7,2,4,11,real,1289,10,0.2010113799189388,20,5196,0.09522224833654783,0.1377596744929841,0.043249892357241665,-0.07522043526783481
7,2,4,29,real,1289,10,0.17009527551312797,20,5196,0.08318193232690319,0.1376826911577986,0.03237375115742195,-0.08314309912899577
7,4,0,11,perm,1289,10,0.18834564579800694,40,0,0.09691288853104629,0.09054586967430811,0.000886887592652541,0.0
7,4,0,29,perm,1289,10,0.1838767641989395,40,0,0.08129563795199779,0.10233832693122158,0.00024279931572013247,0.0
7,4,0,11,real,1289,10,0.2735231686577464,40,0,0.09745993439229925,0.09868492953429474,0.0773783047311524,0.0
7,4,0,29,real,1289,10,0.2572677751376601,40,0,0.08284698566620965,0.10813827082203704,0.0662825186494134,0.0
7,4,1,11,real,1289,10,0.3025259218400651,40,1299,0.0974046455398155,0.12042919260779703,0.042091863001337756,0.04260022069111483
7,4,1,29,real,1289,10,0.29193783018303043,40,1299,0.0853903519220542,0.1309608831851365,0.03332280927819259,0.04226378579764717
7,4,2,11,real,1289,10,0.29866408201444294,40,2598,0.09547746865916353,0.12558012916310993,0.04617747784896136,0.03142900634320811
7,4,2,29,real,1289,10,0.28111343944986333,40,2598,0.08404193005763376,0.13420657535573244,0.03657677717827969,0.026288156858217455
7,4,4,11,real,1289,10,0.20560767882508957,40,5196,0.09547894572657359,0.13716579572482335,0.04954453121541908,-0.07658159384172647
7,4,4,29,real,1289,10,0.17918184280977756,40,5196,0.08339811146074083,0.13772186683479276,0.04433232393309638,-0.08627045941885242
7,8,0,11,perm,1289,10,0.18509319524884982,80,0,0.09687806784826473,0.09177283103687739,-0.0035577036362923193,0.0
7,8,0,29,perm,1289,10,0.1826217156249419,80,0,0.08118612545285188,0.10198033942253244,-0.0005447492504424372,0.0
7,8,0,11,real,1289,10,0.29237981569694393,80,0,0.09757978417639847,0.10069095562267168,0.09410907589787378,0.0
7,8,0,29,real,1289,10,0.26718038205802563,80,0,0.08277709247996921,0.11249643406651258,0.07190685551154383,0.0
7,8,1,11,real,1289,10,0.30852939268850876,80,1299,0.09802917698527047,0.1222229619136141,0.05224983363328423,0.03602742015633994
7,8,1,29,real,1289,10,0.2906184246326253,80,1299,0.08555261842252994,0.1339944131327254,0.03387737671002293,0.037194016367347066
7,8,2,11,real,1289,10,0.3066698814977349,80,2598,0.09569073915836482,0.12724543254541354,0.05760647623321556,0.026127233560740943
7,8,2,29,real,1289,10,0.2800786548710529,80,2598,0.08410793190488167,0.13700046204853372,0.03744160904991507,0.021528651867722404
7,8,4,11,real,1289,10,0.21239866996005197,80,5196,0.09555727925448022,0.13801131463952693,0.06084348614495587,-0.08201341007891105
7,8,4,29,real,1289,10,0.1798904796567884,80,5196,0.08307187072915048,0.14123552819582985,0.045905100472943654,-0.09032201974113557
8,1,0,11,perm,1468,10,0.21996934730538187,10,0,0.13299591490624993,0.08836431661469515,-0.0013908842155632335,0.0
8,1,0,29,perm,1468,10,0.24608455996000222,10,0,0.12652640628709116,0.11879170178778688,0.0007664518851241605,0.0
8,1,0,11,real,1468,10,0.22518700951489523,10,0,0.13301832910239847,0.09012390675117814,0.0020447736613186107,0.0
8,1,0,29,real,1468,10,0.24801850413130577,10,0,0.1260393820596582,0.11950158438778369,0.002477537683863884,0.0
8,1,1,11,real,1468,10,0.18012934112216195,10,1478,0.1298717938068676,0.09960859451622492,0.0024070236080812137,-0.05175807080901183
8,1,1,29,real,1468,10,0.20944872061982123,10,1478,0.12520701836383166,0.12652177484655905,0.002813096213751448,-0.04509316880432093
8,1,2,11,real,1468,10,0.156432670762925,10,2956,0.12937763698691904,0.11139974686155026,0.0023586512583504693,-0.08670336434389478
8,1,2,29,real,1468,10,0.18546636725078047,10,2956,0.1239268358139477,0.14292708540217264,0.002806067593455317,-0.08419362155879517
8,1,4,11,real,1468,10,0.15595124864038679,10,5912,0.13183847877769267,0.12052917619593544,0.0014321400225113243,-0.09784854635575266
8,1,4,29,real,1468,10,0.17369629729625258,10,5912,0.12313422275897747,0.14919797407340463,0.0028117547581843942,-0.10144765429431392
8,2,0,11,perm,1468,10,0.220296413127952,20,0,0.13294514553745673,0.08829329424333705,-0.0009420266528418022,0.0
8,2,0,29,perm,1468,10,0.24539885247408144,20,0,0.12646940400945744,0.11909864151822469,-0.00016919305360069137,0.0
8,2,0,11,real,1468,10,0.2357819753753534,20,0,0.13312059156539258,0.09006829014399172,0.012593093665969075,0.0
8,2,0,29,real,1468,10,0.2552191713234392,20,0,0.12601889198624028,0.1200889309159814,0.009111348421217486,0.0
8,2,1,11,real,1468,10,0.19145240949062692,20,1478,0.13003509853960907,0.09928174037721917,0.013424492497771093,-0.05128892192397242
8,2,1,29,real,1468,10,0.21507818083903174,20,1478,0.12522814754360606,0.12686755818961087,0.008761275430620385,-0.0457788003248056
8,2,2,11,real,1468,10,0.16114487235697517,20,2956,0.12982561663713477,0.11102437448733267,0.00995260841970172,-0.089657727187194
8,2,2,29,real,1468,10,0.18330820165928807,20,2956,0.12370967233586333,0.142750765941362,0.0052406316358334275,-0.08839286825377066
8,2,4,11,real,1468,10,0.1630772440917242,20,5912,0.13195762504140285,0.12030867511250863,0.010319975160363582,-0.09950903122255085
8,2,4,29,real,1468,10,0.17934026909413625,20,5912,0.123581398510527,0.1507069484131383,0.007972570980161426,-0.10292064880969047
8,4,0,11,perm,1468,10,0.21860993862264422,40,0,0.13265310940843006,0.08849412910615809,-0.002537299891943938,0.0
8,4,0,29,perm,1468,10,0.24527433239453977,40,0,0.12648542272903357,0.11892096143878161,-0.00013205177327541007,0.0
8,4,0,11,real,1468,10,0.23898406852939647,40,0,0.13251398853184232,0.09058430755058686,0.01588577244696724,0.0
8,4,0,29,real,1468,10,0.2616070833374893,40,0,0.12628465376788955,0.12070001601333649,0.01462241355626324,0.0
8,4,1,11,real,1468,10,0.19289011894127817,40,1478,0.12924679826937877,0.09984207587301473,0.015903669000813164,-0.052102424201928524
8,4,1,29,real,1468,10,0.22046086620172123,40,1478,0.1250857308420372,0.1278874367133947,0.01376941976838053,-0.0462817211220912
8,4,2,11,real,1468,10,0.16343831561232902,40,2956,0.1289994703719661,0.11195077533367997,0.012695542147288408,-0.09020747224060546
8,4,2,29,real,1468,10,0.18468790067747376,40,2956,0.12345596539490289,0.14397570728704395,0.008200396510088396,-0.09094416851456144
8,4,4,11,real,1468,10,0.16693818194881993,40,5912,0.13132408828689604,0.12071984502530714,0.014007966900264677,-0.09911371826364793
8,4,4,29,real,1468,10,0.18235093899112575,40,5912,0.12343206330155085,0.1518853263191208,0.011718917147675876,-0.10468536777722179
8,8,0,11,perm,1468,10,0.21569750445977098,80,0,0.13289601984046207,0.08810397723952088,-0.005302492620211967,0.0
8,8,0,29,perm,1468,10,0.24410693460861543,80,0,0.12626290586651384,0.11902411901012729,-0.0011800902680257166,0.0
8,8,0,11,real,1468,10,0.2427596325095206,80,0,0.1324240122150101,0.09132242436333196,0.019013195931178523,0.0
8,8,0,29,real,1468,10,0.2652167073014131,80,0,0.12600305790139305,0.12198179728659965,0.017231852113420397,0.0
8,8,1,11,real,1468,10,0.19605051766867787,80,1478,0.12922697491879784,0.10075331198107049,0.018601873727881246,-0.05253164295907172
8,8,1,29,real,1468,10,0.22436066290044088,80,1478,0.12480626114785648,0.12941874920651836,0.016398115996847457,-0.04626246345078143
8,8,2,11,real,1468,10,0.16586741345757827,80,2956,0.1292053870034987,0.11252388502368378,0.015084289651250471,-0.09094614822085469
8,8,2,29,real,1468,10,0.18464704684432653,80,2956,0.1229172888578509,0.144805915499959,0.00933892303416182,-0.09241508054764518
8,8,4,11,real,1468,10,0.17158935423091737,80,5912,0.13113263421324448,0.1214600406805767,0.017622893992610043,-0.09862621465551386
8,8,4,29,real,1468,10,0.1847128182904264,80,5912,0.12318819791815824,0.1527585185341105,0.013889912660106233,-0.10512381082194859
13,1,0,11,perm,8648,19,0.43742035701816673,19,0,0.32291216737222417,0.1143421422152603,0.00016604743068223313,0.0
13,1,0,29,perm,8648,19,0.43363114164243965,19,0,0.31897420136656374,0.11487055732983448,-0.00021361705395859612,0.0
13,1,0,11,real,8648,19,0.4432273530161397,19,0,0.3225589715391767,0.11463446560955273,0.006033915867410311,0.0
13,1,0,29,real,8648,19,0.438709592890252,19,0,0.31878516420944636,0.11465592447683816,0.0052685042039674794,0.0
13,1,1,11,real,8648,19,0.4215462730621895,19,8667,0.31195617910218143,0.11780365844191314,0.006156895262158689,-0.014370459744063806
13,1,1,29,real,8648,19,0.41907824687243933,19,8667,0.30845415916320873,0.11732057870223092,0.005480530528435214,-0.012177021521435544
13,1,2,11,real,8648,19,0.396131936946567,19,17334,0.31231395728869804,0.12154062328989264,0.0058891713283702645,-0.04361181496039396
13,1,2,29,real,8648,19,0.39174520858270745,19,17334,0.3089362762782034,0.12165402721269175,0.0050107636439020165,-0.04385585855208971
13,1,4,11,real,8648,19,0.3545976244498912,19,34668,0.31402715014986754,0.11890346954713354,0.005532192880629783,-0.08386518812773973
13,1,4,29,real,8648,19,0.35732927962247774,19,34668,0.30942031916940055,0.11858989022580971,0.004588914005780449,-0.07526984377851298
13,2,0,11,perm,8648,19,0.43731794395914425,38,0,0.3228737141618032,0.11436162308203662,8.26067153044304e-05,0.0
13,2,0,29,perm,8648,19,0.43359666658845564,38,0,0.31893946528431283,0.114852716649607,-0.00019551534546424773,0.0
13,2,0,11,real,8648,19,0.4445427590898088,38,0,0.32250499487723966,0.1149369026976104,0.0071008615149587,0.0
13,2,0,29,real,8648,19,0.4400260260788198,38,0,0.3188427155446038,0.11474701644721937,0.006436294086996567,0.0
13,2,1,11,real,8648,19,0.42259559765172217,38,8667,0.3119861699491896,0.11818706562594826,0.007008331365177599,-0.014585969288593285
13,2,1,29,real,8648,19,0.4198724258834514,38,8667,0.30853716861825553,0.1175527874464506,0.006303905875822551,-0.012521436057077293
13,2,2,11,real,8648,19,0.3974999674176516,38,17334,0.31238718856103453,0.12197105515959927,0.006854827816665179,-0.043713104119647433
13,2,2,29,real,8648,19,0.39306341887006346,38,17334,0.3090789637943645,0.12182943692300223,0.006094715115858768,-0.043939696963162043
13,2,4,11,real,8648,19,0.35622730396128144,38,34668,0.31405191344501115,0.11922721754114785,0.006706249815520167,-0.08375807684039772
13,2,4,29,real,8648,19,0.35902090744640025,38,34668,0.3095274295039664,0.11871626226934755,0.00590188167020438,-0.07512466599711815
13,4,0,11,perm,8648,19,0.4369083838716228,76,0,0.32283688824757834,0.11439878021698371,-0.00032728459293925505,0.0
13,4,0,29,perm,8648,19,0.4334691783667406,76,0,0.3188637421715319,0.11489380095766351,-0.0002883647624548994,0.0
13,4,0,11,real,8648,19,0.45181743066992,76,0,0.321662869494184,0.11532291113291816,0.014831650042817852,0.0
13,4,0,29,real,8648,19,0.4478324001963965,76,0,0.31826427698913484,0.11463001123607151,0.014938111971190104,0.0
13,4,1,11,real,8648,19,0.424356796742397,76,8667,0.3112232738500336,0.11915305053526351,0.011652780769364952,-0.01767230841226508
13,4,1,29,real,8648,19,0.42293498835236454,76,8667,0.3078304602437749,0.11833852367827485,0.012046582123704077,-0.015280577693389308
13,4,2,11,real,8648,19,0.39950804952634555,76,17334,0.3115497568213722,0.12301708963428243,0.011619961767431353,-0.04667875869674041
13,4,2,29,real,8648,19,0.3968396900858162,76,17334,0.3085320692554055,0.12257197997512795,0.012135935409248557,-0.0464002945539658
13,4,4,11,real,8648,19,0.3593938684225645,76,34668,0.31345910950949285,0.12005600067618963,0.012036936710329514,-0.08615817847344753
13,4,4,29,real,8648,19,0.3632455917116634,76,34668,0.3090729977466299,0.11961746135979912,0.012041749078375186,-0.07748661647314087
13,8,0,11,perm,8648,19,0.43675353830906105,152,0,0.32279779491095106,0.11441802602304149,-0.00046228262493149447,0.0
13,8,0,29,perm,8648,19,0.43318890963304135,152,0,0.3188079725757841,0.11496908172159642,-0.000588144664339189,0.0
13,8,0,11,real,8648,19,0.4542886657311488,152,0,0.3219622776572028,0.11507722840499804,0.017249159668947946,0.0
13,8,0,29,real,8648,19,0.4515201717728562,152,0,0.31772539239133585,0.11436321633163571,0.01943156304988458,0.0
13,8,1,11,real,8648,19,0.42494487946839754,152,8667,0.31151398093785576,0.11922205570637215,0.012975720815964875,-0.01876687799179525
13,8,1,29,real,8648,19,0.4254289015192032,152,8667,0.3075132674533043,0.11835559094525834,0.015690327008214183,-0.016130283887573676
13,8,2,11,real,8648,19,0.4006346235469035,152,17334,0.3117761432890048,0.12316231362702283,0.013206198360588877,-0.04751003172971298
13,8,2,29,real,8648,19,0.3996411418784248,152,17334,0.308179844353799,0.12269420733017365,0.015898385618180466,-0.04713129542372836
13,8,4,11,real,8648,19,0.35965523624862195,152,34668,0.31370612303123774,0.12029854243488401,0.013131597796203664,-0.08748102701370349
13,8,4,29,real,8648,19,0.3656864582366971,152,34668,0.30865840021347973,0.11998931362002499,0.015530280516701432,-0.07849153611350909
17,1,0,11,perm,1367,10,0.1586795382082169,10,0,0.20153555111796623,-0.042377730504122225,-0.000478282405627121,0.0
17,1,0,29,perm,1367,10,0.19048840069062178,10,0,0.195560206521611,-0.004042775474618232,-0.0010290303563709746,0.0
17,1,0,11,real,1367,10,0.170615389469448,10,0,0.20073561542243706,-0.041629183061600995,0.011508957108611901,0.0
17,1,0,29,real,1367,10,0.20325649339268703,10,0,0.1951216920572967,-0.0001744413754825036,0.0083092427108728,0.0
17,1,1,11,real,1367,10,0.08662362260482703,10,1377,0.1905021756137082,-0.03185529634566604,0.016151973287692002,-0.08817522995090712
17,1,1,29,real,1367,10,0.12816043458998405,10,1377,0.18927095052811338,0.010240507354861261,0.0123159485551332,-0.08366697184812381
17,1,2,11,real,1367,10,0.06969714042658381,10,2754,0.19002763933176153,-0.02000653235322809,0.0078057161425611945,-0.10812968269451083
17,1,2,29,real,1367,10,0.07594665446926385,10,2754,0.1898857901105622,0.016344630408072637,0.007518835426497339,-0.13780260147586834
17,1,4,11,real,1367,10,-0.10158692744596887,10,5508,0.1761011478715204,-0.015123623177457218,0.013987206066926152,-0.27655165820695826
17,1,4,29,real,1367,10,0.005586238229388751,10,5508,0.17431339683180266,0.024333229148611264,0.00839684094978288,-0.20145722870080807
17,2,0,11,perm,1367,10,0.15801690418292236,20,0,0.20164058886665664,-0.042324667545425486,-0.001299017138308841,0.0
17,2,0,29,perm,1367,10,0.18869980766433803,20,0,0.19549780332539898,-0.004094192078481847,-0.0027038035825791193,0.0
17,2,0,11,real,1367,10,0.17556566289447884,20,0,0.19971435028746817,-0.04049364591474027,0.01634495852175092,0.0
17,2,0,29,real,1367,10,0.20863578009959638,20,0,0.19491496413013507,0.0003053227231112343,0.013415493246350052,0.0
17,2,1,11,real,1367,10,0.09001121506541099,20,1377,0.1892199339231461,-0.030639348075856786,0.020296916934929916,-0.08886628771680823
17,2,1,29,real,1367,10,0.13265883809114543,20,1377,0.18854445179165957,0.01062230770983887,0.017290624764190632,-0.08379854617454363
17,2,2,11,real,1367,10,0.06880618308488162,20,2754,0.1887056942341771,-0.01882836007479913,0.009850124587857343,-0.11092127566235369
17,2,2,29,real,1367,10,0.07740572701307591,20,2754,0.1889686571255409,0.01673047004692313,0.011067143639227414,-0.1393605437986155
17,2,4,11,real,1367,10,-0.10002818689286164,20,5508,0.17556421243326434,-0.015254963355591181,0.0175187148582443,-0.2778561508287791
17,2,4,29,real,1367,10,0.007927350473264871,20,5508,0.17403057566370142,0.02448788709229558,0.012184603951668038,-0.20277571623440016
17,4,0,11,perm,1367,10,0.15974021564620344,40,0,0.2019953817866379,-0.042344258458778095,8.909231834364195e-05,0.0
17,4,0,29,perm,1367,10,0.18689584350268396,40,0,0.19521881861118837,-0.003333640988113451,-0.004989334120390987,0.0
17,4,0,11,real,1367,10,0.18174438008396143,40,0,0.19897379360962333,-0.039691843403928416,0.0224624298782665,0.0
17,4,0,29,real,1367,10,0.21235382736790798,40,0,0.19402484638814327,-0.00016168148414761685,0.018490662463912306,0.0
17,4,1,11,real,1367,10,0.09668070957737418,40,1377,0.18828026034383466,-0.02943267675244742,0.026556900997120332,-0.0887237750111334
17,4,1,29,real,1367,10,0.13731157471586963,40,1377,0.18833802708654776,0.010676586721574493,0.022230650532021945,-0.08393368962427457
17,4,2,11,real,1367,10,0.07615439781144806,40,2754,0.18750236932640113,-0.017730790893061288,0.016635845492417423,-0.11025302611430919
17,4,2,29,real,1367,10,0.08133503176560952,40,2754,0.1881677964820498,0.01705728423916285,0.015806403849901035,-0.13969645280550413
17,4,4,11,real,1367,10,-0.09355209011431453,40,5508,0.17508750785360444,-0.015206270788258001,0.024029504931939005,-0.2774628321116
17,4,4,29,real,1367,10,0.0128252013707425,40,5508,0.17365077411957117,0.024627326467285604,0.017291295093758097,-0.20274419430987237
17,8,0,11,perm,1367,10,0.15999096524687162,80,0,0.20196703735030244,-0.04159964772140512,-0.0003764243820257307,0.0
17,8,0,29,perm,1367,10,0.18404710764069432,80,0,0.19486266573026673,-0.002935962305147014,-0.007879595784425411,0.0
17,8,0,11,real,1367,10,0.19002182608376217,80,0,0.1997861236165639,-0.03959075591042569,0.02982645837762395,0.0
17,8,0,29,real,1367,10,0.2180228517669186,80,0,0.1936338599354245,0.0013904340036430263,0.02299855782785104,0.0
17,8,1,11,real,1367,10,0.10409760863628481,80,1377,0.18865931726266505,-0.029471104704508488,0.03377705029286972,-0.08886765421474146
17,8,1,29,real,1367,10,0.1397423295866288,80,1377,0.18794547673886583,0.012042892141699141,0.025213098113149535,-0.08545913740708572
17,8,2,11,real,1367,10,0.08445565374845487,80,2754,0.18783975020577554,-0.018453135748859983,0.024660969698811704,-0.10959193040727236
17,8,2,29,real,1367,10,0.08730290974950605,80,2754,0.18739412564484134,0.01848965152166846,0.020714942301170082,-0.13929580971817385
17,8,4,11,real,1367,10,-0.09058407015048608,80,5508,0.17478744035320407,-0.016147641668436047,0.029816248353821156,-0.2790401171890753
17,8,4,29,real,1367,10,0.01702035945147362,80,5508,0.17298904200772922,0.02588555753429077,0.02134457233851142,-0.20319881242905777
19,1,0,11,perm,3805,19,0.2600051161443281,19,0,0.15564670082127735,0.10469392239501302,-0.00033550707196228213,0.0
19,1,0,29,perm,3805,19,0.2635651399295026,19,0,0.14713100443904922,0.11665513763964817,-0.00022100214919481184,0.0
19,1,0,11,real,3805,19,0.27027161578392755,19,0,0.15493518833897574,0.10564620042193283,0.009690227023018971,0.0
19,1,0,29,real,3805,19,0.27339704130332876,19,0,0.1471007383053956,0.11743496821990701,0.008861334778026142,0.0
19,1,1,11,real,3805,19,0.28629528179443375,19,3824,0.153744850509752,0.11236137950296672,0.009977942147579032,0.01021110963413597
19,1,1,29,real,3805,19,0.28773038160654796,19,3824,0.1482356073279258,0.12289223847028898,0.009190548107600949,0.0074119877007322215
19,1,2,11,real,3805,19,0.279226674929412,19,7648,0.15322140736994488,0.11312732403506857,0.01017528264470895,0.002702660879689576
19,1,2,29,real,3805,19,0.27207775433571046,19,7648,0.14646393496095345,0.12374396430212266,0.009536873613906694,-0.007667018541272339
19,1,4,11,real,3805,19,0.26311056242155473,19,15296,0.1533525065826562,0.12151550827952254,0.008267656340824372,-0.02002510878144841
19,1,4,29,real,3805,19,0.245553796603184,19,15296,0.1479041452791448,0.12770715581589492,0.007746933669467104,-0.03780443816132282
19,2,0,11,perm,3805,19,0.26003450369739245,38,0,0.15565272791878978,0.10475324121292008,-0.00037146543431741213,0.0
19,2,0,29,perm,3805,19,0.2635634522019372,38,0,0.14722684076621528,0.11665187974922137,-0.00031526831349946527,0.0
19,2,0,11,real,3805,19,0.2757197556961464,38,0,0.15491884720083093,0.10601574133426929,0.014785167161046128,0.0
19,2,0,29,real,3805,19,0.2779286144213784,38,0,0.14771694218383163,0.1177565228678275,0.012455149369719254,0.0
19,2,1,11,real,3805,19,0.2924003030294815,38,3824,0.15375521477516796,0.11269291025815441,0.015406975323814666,0.010545202672344451
19,2,1,29,real,3805,19,0.29147517427557645,38,3824,0.1487685853332994,0.1230183274141388,0.01253031826335003,0.007157943264788191
19,2,2,11,real,3805,19,0.2867448191823637,38,7648,0.15318152770301818,0.11357433292294544,0.016278260229723306,0.003710698326676772
19,2,2,29,real,3805,19,0.2768214600069653,38,7648,0.14702057754083134,0.12386093365290887,0.013368827780048598,-0.007428878966823547
19,2,4,11,real,3805,19,0.26613270068356043,38,15296,0.15323472493352214,0.12223284903386776,0.01202641598823522,-0.02136128927206472
19,2,4,29,real,3805,19,0.24491013542727236,38,15296,0.14815466649417403,0.12798392846329365,0.008958363446143858,-0.04018682297633917
19,4,0,11,perm,3805,19,0.25954240009475493,76,0,0.15573214770199023,0.10479177047142156,-0.0009815180786568733,0.0
19,4,0,29,perm,3805,19,0.2625392111291389,76,0,0.14733552108971054,0.11675743817434808,-0.0015537481349197078,0.0
19,4,0,11,real,3805,19,0.2834758748968257,76,0,0.15439471080962003,0.10655489886020443,0.022526265227001203,0.0
19,4,0,29,real,3805,19,0.2842847619078186,76,0,0.14672236447602757,0.1183255047428897,0.019236892688901313,0.0
19,4,1,11,real,3805,19,0.29668178453249083,76,3824,0.1532703563030317,0.11339604537098008,0.021309126787952166,0.008706256070526875
19,4,1,29,real,3805,19,0.29475125434633365,76,3824,0.14791506381338676,0.12378130770932877,0.017604500570681005,0.005450382252937111
19,4,2,11,real,3805,19,0.2902690292126907,76,7648,0.15263509444571904,0.11433646537458834,0.021803064680692458,0.0014944047116908497
19,4,2,29,real,3805,19,0.2800082191861374,76,7648,0.14622605083088486,0.12468545778314695,0.01833808031907988,-0.009241369746974324
19,4,4,11,real,3805,19,0.2691768289374996,76,15296,0.15285411195462012,0.12313126252254959,0.017160128893292458,-0.023968674432962557
19,4,4,29,real,3805,19,0.24722151700099337,76,15296,0.1474997290472729,0.12867628436322964,0.013486216666077947,-0.042440713075587146
19,8,0,11,perm,3805,19,0.25968551330788137,152,0,0.15571245707813786,0.10490726178540798,-0.0009342055556644431,0.0
19,8,0,29,perm,3805,19,0.261594006300942,152,0,0.14738726947286224,0.11672394976402439,-0.002517212935944646,0.0
19,8,0,11,real,3805,19,0.2913237005861856,152,0,0.1549712193677984,0.1070251591926386,0.029327322025748614,0.0
19,8,0,29,real,3805,19,0.2941788806597341,152,0,0.14659291499511157,0.11920026693941581,0.028385698725206684,0.0
19,8,1,11,real,3805,19,0.30099113941543876,152,3824,0.15388663664770863,0.11393406439599024,0.026287182943956284,0.0068832554277835824
19,8,1,29,real,3805,19,0.3003232735400261,152,3824,0.14785105005392785,0.1244067990904092,0.02468417437486913,0.0033812500208198577
19,8,2,11,real,3805,19,0.2940581985871934,152,7648,0.15340288456919868,0.11494968120864439,0.026407674788549673,-0.0007020419791993469
19,8,2,29,real,3805,19,0.28435658788229934,152,7648,0.14605666900460595,0.12521987794768968,0.02490414851618164,-0.01182410758617794
19,8,4,11,real,3805,19,0.27197906970730457,152,15296,0.15368853818760964,0.123630195761125,0.02129509794178617,-0.026634762183216254
19,8,4,29,real,3805,19,0.25121255160967815,152,15296,0.14725030299881153,0.1293317138205779,0.019853135284129582,-0.04522260049384088
29,1,0,11,perm,5388,22,0.29431509436870373,22,0,0.2128070099989094,0.08181365027150192,-0.0003055659017075866,0.0
29,1,0,29,perm,5388,22,0.2884167544776841,22,0,0.20784225189913,0.08065077159247697,-7.626901392286203e-05,0.0
29,1,0,11,real,5388,22,0.3025832310011013,22,0,0.21276376685680368,0.08238219673124786,0.007437267413049731,0.0
29,1,0,29,real,5388,22,0.2964984963434335,22,0,0.2076541032632131,0.08096181673600378,0.007882576344216592,0.0
29,1,1,11,real,5388,22,0.31552794363165937,22,5410,0.21058562758403582,0.08745953138978661,0.0032080708167318557,0.014274713841105086
29,1,1,29,real,5388,22,0.3111668824355496,22,5410,0.20714903705743307,0.08402113735843794,0.0038310248369486564,0.016165683182729894
29,1,2,11,real,5388,22,0.31685881438394736,22,10820,0.20863343679209911,0.09089090027011489,0.0037743419758867283,0.013560135345846613
29,1,2,29,real,5388,22,0.3097419366959332,22,10820,0.20385844346181084,0.085958932692896,0.004361302581667641,0.015563257959558697
29,1,4,11,real,5388,22,0.29230552704353086,22,21640,0.20460065956798595,0.09612996464427336,0.0042574655840698725,-0.012682562752798358
29,1,4,29,real,5388,22,0.27759575373570866,22,21640,0.19961883666846178,0.09128160904235091,0.004902271038914986,-0.018206963014019018
29,2,0,11,perm,5388,22,0.2940135921224234,44,0,0.21283240743715723,0.08179408416595219,-0.0006128994806860466,0.0
29,2,0,29,perm,5388,22,0.2884287146993718,44,0,0.20785288015372047,0.08069237347940181,-0.00011653893375048371,0.0
29,2,0,11,real,5388,22,0.31630579978048046,44,0,0.2118588605304201,0.08317641431326078,0.02127052493679954,0.0
29,2,0,29,real,5388,22,0.31026627150902875,44,0,0.20680338374112123,0.08135980343794992,0.022103084329957577,0.0
29,2,1,11,real,5388,22,0.3149219617651463,44,5410,0.2094300543057961,0.08877029533040375,0.009744113314161518,0.006977498814784941
29,2,1,29,real,5388,22,0.31013760446170946,44,5410,0.20624994403921526,0.08489415389160557,0.010439678085424195,0.008553828445464448
29,2,2,11,real,5388,22,0.316913706760771,44,10820,0.2076619235997181,0.0920442425776813,0.010627502368580758,0.006580038214790834
29,2,2,29,real,5388,22,0.3098663985241421,44,10820,0.2031590626230672,0.08696029766013773,0.011382795424393532,0.008364242816543604
29,2,4,11,real,5388,22,0.29409119519229854,44,21640,0.20393710470123,0.09750433310061289,0.011711521625536826,-0.019061764235081213
29,2,4,29,real,5388,22,0.2791789119664959,44,21640,0.19907119772804296,0.09240094622989722,0.012518255023615348,-0.024811487015059638
29,4,0,11,perm,5388,22,0.2938811420778208,88,0,0.21288826799745247,0.0818316520159553,-0.000838777935586991,0.0
29,4,0,29,perm,5388,22,0.2881489123993928,88,0,0.20784527469578098,0.08076633571164255,-0.0004626980080307633,0.0
29,4,0,11,real,5388,22,0.32308251229549456,88,0,0.21173975441689047,0.08331406798192278,0.028028689896681298,0.0
29,4,0,29,real,5388,22,0.3144443884698056,88,0,0.20648533335093344,0.08170917977740297,0.0262498753414692,0.0
29,4,1,11,real,5388,22,0.3199649562101571,88,5410,0.20937356900863427,0.08884234105159679,0.015636912804592163,0.006112133345333827
29,4,1,29,real,5388,22,0.3130332923007365,88,5410,0.2059825884629298,0.0852480519792732,0.013917646255002442,0.00788500560353107
29,4,2,11,real,5388,22,0.31915666520452246,88,10820,0.20763657498034876,0.09241613433150725,0.014954792503169055,0.004149163389497372
29,4,2,29,real,5388,22,0.3100046532798415,88,10820,0.20301948990140659,0.08762576578221305,0.01326237060779171,0.006097026988430157
29,4,4,11,real,5388,22,0.29676513608675836,88,21640,0.2040182340865415,0.09803480578353496,0.01612177351859085,-0.021409677301908948
29,4,4,29,real,5388,22,0.2797216195144252,88,21640,0.19898018979589965,0.09287563357126871,0.014671164598721734,-0.02680536845146488
29,8,0,11,perm,5388,22,0.2937233775599265,176,0,0.21289385234234165,0.0819557478807759,-0.0011262226631910863,0.0
29,8,0,29,perm,5388,22,0.28783750276132747,176,0,0.2078097177425731,0.08082908430421423,-0.000801299285459874,0.0
29,8,0,11,real,5388,22,0.3292290173171102,176,0,0.2119437743674055,0.08380627735979596,0.033478965589908705,0.0
29,8,0,29,real,5388,22,0.3201492429101973,176,0,0.20629243126000246,0.08191453047798597,0.031942281172208875,0.0
29,8,1,11,real,5388,22,0.32392162480188935,176,5410,0.2095104902885471,0.08935031765711139,0.020017936004358285,0.0050428808518725434
29,8,1,29,real,5388,22,0.31611615145228933,176,5410,0.2057689059278608,0.08544431099899524,0.01831399050382218,0.006588944021611133
29,8,2,11,real,5388,22,0.31981007409521256,176,10820,0.2079030927258752,0.09294173382034528,0.01761057617794557,0.0013546713710464826
29,8,2,29,real,5388,22,0.31098805179626654,176,10820,0.20297076252144974,0.08794532105927018,0.01646485883282392,0.003607109382722693
29,8,4,11,real,5388,22,0.29719879382061,176,21640,0.20425455404405574,0.09826086235795481,0.018832551966163305,-0.024149174547563896
29,8,4,29,real,5388,22,0.28108228754885134,176,21640,0.1989208280732528,0.09304803135534696,0.018141183500588937,-0.02902775538033735
39,1,0,11,perm,1703,12,0.1627333239054598,12,0,0.11010867997012806,0.05225949411938811,0.00036514981594363655,0.0
39,1,0,29,perm,1703,12,0.18385247765558488,12,0,0.1194665064641712,0.06406734580222048,0.000318625389193176,0.0
39,1,0,11,real,1703,12,0.17196823433636454,12,0,0.11004540545518876,0.052050690211484334,0.009872138669691444,0.0
39,1,0,29,real,1703,12,0.19387778731328742,12,0,0.12063309012761823,0.06535744755971404,0.007887249625955143,0.0
39,1,1,11,real,1703,12,0.20273888201001955,12,1715,0.108591633927496,0.06482818276761029,0.008088888011682041,0.021230177303231196
39,1,1,29,real,1703,12,0.21705806637467773,12,1715,0.11948938589938282,0.07727293808162344,0.006836304085491305,0.013459438308180147
39,1,2,11,real,1703,12,0.20132999972681476,12,3430,0.10543803218005263,0.07085985629900762,0.008719348684539005,0.0163127625632155
39,1,2,29,real,1703,12,0.213588554978013,12,3430,0.11709354292141866,0.08072332685265776,0.005743355168781596,0.010028330035154954
39,1,4,11,real,1703,12,0.14341478517393502,12,6860,0.10448309895095713,0.07804759682042595,0.009420395363501682,-0.048536305960949745
39,1,4,29,real,1703,12,0.13620362837743039,12,6860,0.11687609975042076,0.08165188807053239,0.004999877972283563,-0.06732423741580633
39,2,0,11,perm,1703,12,0.1623343700352281,24,0,0.11011622383528744,0.0521691563208904,4.898987905025781e-05,0.0
39,2,0,29,perm,1703,12,0.1820158992822849,24,0,0.11954148309829031,0.06397445945298416,-0.0015000432689895777,0.0
39,2,0,11,real,1703,12,0.17257789144045743,24,0,0.10947224162591597,0.05206621147516245,0.011039438339379,0.0
39,2,0,29,real,1703,12,0.19503716862930864,24,0,0.1205491126591959,0.06599960588584004,0.0084884500842727,0.0
39,2,1,11,real,1703,12,0.20380988589494253,24,1715,0.10822377659613007,0.06485827257038293,0.009376923553283963,0.021350913175145564
39,2,1,29,real,1703,12,0.21803305003729478,24,1715,0.11947310599743168,0.07796845084732489,0.007284779714083469,0.013306713478454756
39,2,2,11,real,1703,12,0.2023571894513717,24,3430,0.10495891890668557,0.07077687265579438,0.010097641839951405,0.016523756048940342
39,2,2,29,real,1703,12,0.21412746575684594,24,3430,0.11697866913438171,0.08150546938482862,0.005979776414789899,0.009663550822845701
39,2,4,11,real,1703,12,0.14494042286326037,24,6860,0.1042474567073179,0.07800323372188699,0.010906866714097222,-0.04821713428004176
39,2,4,29,real,1703,12,0.13806706070596997,24,6860,0.11700469850261842,0.08275310933191186,0.005617284358923566,-0.06730803148748388
39,4,0,11,perm,1703,12,0.1611254302567524,48,0,0.11053105923642963,0.051941715065871565,-0.001347344045548778,0.0
39,4,0,29,perm,1703,12,0.18225858993779243,48,0,0.11943304858689748,0.063787966027988,-0.0009624246770930471,0.0
39,4,0,11,real,1703,12,0.17946328593840621,48,0,0.10959631553759006,0.05289100537883709,0.016975965021979046,0.0
39,4,0,29,real,1703,12,0.19761181908627967,48,0,0.12030273299506797,0.06550790436639752,0.011801181724814183,0.0
39,4,1,11,real,1703,12,0.20704531557572947,48,1715,0.10815502086637023,0.06597562259306158,0.013438604588518041,0.01947606752777959
39,4,1,29,real,1703,12,0.21609454022655972,48,1715,0.11908870000811318,0.07784994718310628,0.008223345455755223,0.010932547579585023
39,4,2,11,real,1703,12,0.20411794338408706,48,3430,0.1052185555660622,0.07156669237020845,0.013421553960713751,0.013911141487102641
39,4,2,29,real,1703,12,0.2126717792973114,48,3430,0.11670412674012132,0.08106310200161553,0.007266753894030115,0.007637796661544432
39,4,4,11,real,1703,12,0.14749484696163473,48,6860,0.10462984749062786,0.07909798081751454,0.01441377316511567,-0.050646754511623364
39,4,4,29,real,1703,12,0.13561171175341757,48,6860,0.11696337153370451,0.08144931894344859,0.006718534381606698,-0.06951951310534224
39,8,0,11,perm,1703,12,0.15945808246958082,96,0,0.10998811704677924,0.05202156937341917,-0.002551603950617598,0.0
39,8,0,29,perm,1703,12,0.18089470259863616,96,0,0.11962876850090035,0.06389760047572406,-0.0026316663779882474,0.0
39,8,0,11,real,1703,12,0.18300186765929627,96,0,0.10995795652150267,0.05387285082465385,0.019171060313139733,0.0
39,8,0,29,real,1703,12,0.20723675405896524,96,0,0.1194816197796532,0.06565450927170491,0.022100625007607122,0.0
39,8,1,11,real,1703,12,0.20910624161618052,96,1715,0.10818414698915735,0.06642538876447426,0.015327169107224018,0.01916953675532488
39,8,1,29,real,1703,12,0.22393201113798566,96,1715,0.11812623634410288,0.07767957507733048,0.017858220437757717,0.010267979278794581
39,8,2,11,real,1703,12,0.20358581698316702,96,3430,0.10552363666599748,0.07154801003528385,0.01410983902332874,0.012404331258556944
39,8,2,29,real,1703,12,0.2207129741006909,96,3430,0.11620169232639331,0.08095113415747551,0.016744274066050342,0.006815873550771724
39,8,4,11,real,1703,12,0.14546438697867603,96,6860,0.10483023808655954,0.07853858422205777,0.014675593818979213,-0.05258002914892051
39,8,4,29,real,1703,12,0.1403476873942595,96,6860,0.11655925679705215,0.08098579230450836,0.014670064531220429,-0.07186742623852144
42,1,0,11,perm,1665,18,0.24198884682214772,18,0,0.17958235406332354,0.0619148217844471,0.0004916709743770601,0.0
42,1,0,29,perm,1665,18,0.24568801147266028,18,0,0.18117273789933858,0.06480283284430724,-0.0002875592709855231,0.0
42,1,0,11,real,1665,18,0.252503461970767,18,0,0.17881707368583483,0.06320856389401058,0.010477824390921597,0.0
42,1,0,29,real,1665,18,0.26013984179540983,18,0,0.18151511865472575,0.06719278038633035,0.011431942754353757,0.0
42,1,1,11,real,1665,18,0.33568622788414826,18,1683,0.16729223066975954,0.07289792788079688,0.009626568219567654,0.08586950111402417
42,1,1,29,real,1665,18,0.34728225646193256,18,1683,0.17003138679955962,0.0767574321850214,0.011006660213471983,0.08948677726387957
42,1,2,11,real,1665,18,0.30245792057924825,18,3366,0.1674967064451709,0.0741418206010265,0.003190153339376861,0.057629240193674
42,1,2,29,real,1665,18,0.33340553490378,18,3366,0.16738470821234916,0.08098095262205429,0.004765245123600427,0.08027462894577612
42,1,4,11,real,1665,18,0.24281524089319662,18,6732,0.1644636532025223,0.07250261890328666,0.00432832441091637,0.001520644376471295
42,1,4,29,real,1665,18,0.27052003445335615,18,6732,0.1662896977995658,0.07989111416278194,0.005133405200947488,0.01920581729006094
42,2,0,11,perm,1665,18,0.24129788713685585,36,0,0.1797337333997196,0.061888516925381214,-0.00032436318824496924,0.0
42,2,0,29,perm,1665,18,0.24392229745413352,36,0,0.18134455917195458,0.06468126856069514,-0.002103530278516193,0.0
42,2,0,11,real,1665,18,0.2554898287384574,36,0,0.17867596570793207,0.06329764474796032,0.013516218282565013,0.0
42,2,0,29,real,1665,18,0.2653008032596995,36,0,0.18164223625838136,0.06759365742691673,0.01606490957440141,0.0
42,2,1,11,real,1665,18,0.3377153533770605,36,1683,0.16725704952724801,0.07273023354085131,0.012261765653074028,0.08546630465588713
42,2,1,29,real,1665,18,0.3508979089433153,36,1683,0.17027555250520568,0.07713440726299318,0.01482039947237826,0.08866754970273819
42,2,2,11,real,1665,18,0.30115841574338587,36,3366,0.16750693666805475,0.07360631451389402,0.004322235799391689,0.055722928762045404
42,2,2,29,real,1665,18,0.33240900229415216,36,3366,0.1675622174890938,0.0807976578800661,0.0065863549614321075,0.07746277196356016
42,2,4,11,real,1665,18,0.243957555491222,36,6732,0.164536974140635,0.07229685023877289,0.006484902518951303,0.0006388285928628132
42,2,4,29,real,1665,18,0.27172952373731496,36,6732,0.16674564024646005,0.0800367247256827,0.007753856748053197,0.01719330201711899
42,4,0,11,perm,1665,18,0.24099022190086383,72,0,0.1797668634346076,0.06192882928338126,-0.0007054708171250387,0.0
42,4,0,29,perm,1665,18,0.24193325517976783,72,0,0.181439338046822,0.06471219372915626,-0.004218276596210435,0.0
42,4,0,11,real,1665,18,0.2640902748269942,72,0,0.1773080327916409,0.0637535209224461,0.023028721112907193,0.0
42,4,0,29,real,1665,18,0.272053629082849,72,0,0.18172246999247865,0.0674571293824269,0.02287402970794348,0.0
42,4,1,11,real,1665,18,0.343184142663323,72,1683,0.1658997238722289,0.07330316323623173,0.02014460969119571,0.08383664586366663
42,4,1,29,real,1665,18,0.35441574275701027,72,1683,0.17024373581066304,0.07733154630204497,0.019901215273742195,0.08693924537056005
42,4,2,11,real,1665,18,0.3074285819489012,72,3366,0.16614653935653584,0.0742821804911625,0.012555835984445658,0.05444402611675721
42,4,2,29,real,1665,18,0.3358209967525244,72,3366,0.16745093906775238,0.08062695972849833,0.011837900543843871,0.07590519741242985
42,4,4,11,real,1665,18,0.24925207174770891,72,6732,0.1635755194783871,0.07286375441168219,0.014085687307035133,-0.0012728894493955387
42,4,4,29,real,1665,18,0.27543884710444333,72,6732,0.16685964915887225,0.08031201801963538,0.01281842739520599,0.015448752530729717
42,8,0,11,perm,1665,18,0.23900146227888075,144,0,0.17984029321657075,0.06220013142876795,-0.0030389623664579535,0.0
42,8,0,29,perm,1665,18,0.23949264539768955,144,0,0.18171907759216813,0.06478889384204026,-0.007015326036518813,0.0
42,8,0,11,real,1665,18,0.2729505930562449,144,0,0.17617493021569433,0.06392659144657772,0.03284907139397288,0.0
42,8,0,29,real,1665,18,0.2814211161613408,144,0,0.1817519899716729,0.06771695179667253,0.03195217439299536,0.0
42,8,1,11,real,1665,18,0.35046400883655904,144,1683,0.16455905927379225,0.07376472003549535,0.0291342718179331,0.08300595770933833
42,8,1,29,real,1665,18,0.3624468075400703,144,1683,0.16996818997219867,0.077655264837928,0.028431733659088815,0.0863916190708548
42,8,2,11,real,1665,18,0.3100859619712002,144,3366,0.16533215049921665,0.07479666053176433,0.018944655544486672,0.05101249539573253
42,8,2,29,real,1665,18,0.34125566576291844,144,3366,0.16743459705549565,0.08088725159816977,0.018972332462859464,0.07396148464639356
42,8,4,11,real,1665,18,0.2529120262845409,144,6732,0.1625631523959672,0.07328215928004192,0.021122820823014078,-0.004056106214482278
42,8,4,29,real,1665,18,0.2790236966574382,144,6732,0.1665776220131359,0.08045901861831793,0.01921743778775626,0.012769618238228114
48,1,0,11,perm,2915,10,0.24466758316729909,10,0,0.2157845348299849,0.028309298005497918,0.0005737503318162807,0.0
48,1,0,29,perm,2915,10,0.25987037495240517,10,0,0.2261528052581234,0.03460518212972328,-0.0008876124354415167,0.0
48,1,0,11,real,2915,10,0.2582865398585207,10,0,0.21574419881638945,0.030550012031320073,0.011992329010811154,0.0
48,1,0,29,real,2915,10,0.2804310701638528,10,0,0.22595494744979236,0.03663319163773367,0.017842931076326805,0.0
48,1,1,11,real,2915,10,0.3574431893504908,10,2925,0.21505156298413303,0.04484698853449175,0.005020415953274524,0.0925242218785915
48,1,1,29,real,2915,10,0.39123502253338616,10,2925,0.22227590363891764,0.051672057963994496,0.009302459030630048,0.10798460189984398
48,1,2,11,real,2915,10,0.3068404512152698,10,5850,0.21393244227781477,0.061621560734301764,0.0064774940287182035,0.02480895417443507
48,1,2,29,real,2915,10,0.3376502568491252,10,5850,0.22181241693948162,0.06488456256941584,0.010784209357227254,0.040169067983000475
48,1,4,11,real,2915,10,0.21674438156179066,10,11700,0.21108820478254584,0.05815675086375067,0.00692828984247611,-0.05942886392698198
48,1,4,29,real,2915,10,0.24426277440650923,10,11700,0.2199200634950847,0.06374467844425627,0.012520771282454213,-0.05192273881528594
48,2,0,11,perm,2915,10,0.24405315341928258,20,0,0.2158003088548509,0.02843172349649294,-0.00017887893206129196,0.0
48,2,0,29,perm,2915,10,0.2600706490063357,20,0,0.22618179536428798,0.03460148413364209,-0.0007126304915943866,0.0
48,2,0,11,real,2915,10,0.2603080093560266,20,0,0.2158658521761374,0.03076991464000961,0.013672242539879587,0.0
48,2,0,29,real,2915,10,0.2827553799010072,20,0,0.22618063715953038,0.03702578188325259,0.019548960858224197,0.0
48,2,1,11,real,2915,10,0.3586605752548112,20,2925,0.2150094714635819,0.04519603250799312,0.006315589443493817,0.09213948183974235
48,2,1,29,real,2915,10,0.39296442593352043,20,2925,0.22248225423112808,0.05211211872670525,0.010696969944185286,0.10767308303150182
48,2,2,11,real,2915,10,0.3083289424242768,20,5850,0.2140422721712423,0.061990879958535416,0.007822121838925295,0.02447366845557373
48,2,2,29,real,2915,10,0.33875226736895125,20,5850,0.22194193618475042,0.06531918692356009,0.011906157708382456,0.03958498655225828
48,2,4,11,real,2915,10,0.21824803397706327,20,11700,0.21139515632794778,0.058435075495770185,0.00822743472593592,-0.0598096325725906
48,2,4,29,real,2915,10,0.24511580349411943,20,11700,0.2201714901415475,0.06397388481177166,0.013559984210218904,-0.05258955566941864
48,4,0,11,perm,2915,10,0.24350237725937873,40,0,0.2161181954653425,0.02843885973190165,-0.0010546779378654372,0.0
48,4,0,29,perm,2915,10,0.2598146562833272,40,0,0.2261933343534508,0.03464643956540442,-0.0010251176355279832,0.0
48,4,0,11,real,2915,10,0.26045773532329397,40,0,0.21553931526297784,0.030567279070003877,0.014351140990312242,0.0
48,4,0,29,real,2915,10,0.2841958488802876,40,0,0.22643822565760913,0.03761065087784832,0.02014697234483015,0.0
48,4,1,11,real,2915,10,0.3580517280072061,40,2925,0.21466752281002816,0.04505283551433037,0.0065931878685158325,0.09173818181433172
48,4,1,29,real,2915,10,0.3942249545580382,40,2925,0.22278590355998282,0.05242812371012185,0.011316412843611465,0.10769451444432206
48,4,2,11,real,2915,10,0.30788394467474844,40,5850,0.21372287599057796,0.06191997070859959,0.00813422490467754,0.02410687307089332
48,4,2,29,real,2915,10,0.34013409532664507,40,5850,0.22231172261394105,0.06562686937305265,0.012557342991190748,0.03963816034846063
48,4,4,11,real,2915,10,0.21869247776173684,40,11700,0.2114314587233846,0.05827074683602199,0.008853118975644725,-0.05986284677331446
48,4,4,29,real,2915,10,0.24713161621360136,40,11700,0.22053654226963454,0.06446186176386451,0.0144403817731729,-0.0523071695930706
48,8,0,11,perm,2915,10,0.24305430266098904,80,0,0.21596739567785883,0.028488232824163517,-0.0014013258410333074,0.0
48,8,0,29,perm,2915,10,0.2584827168969599,80,0,0.2262925382761142,0.03464066437038173,-0.002450485749536028,0.0
48,8,0,11,real,2915,10,0.2640235919065962,80,0,0.21559276401255872,0.031317637911830246,0.017113189982207195,0.0
48,8,0,29,real,2915,10,0.2880793320832159,80,0,0.22637541492672386,0.0373617964658419,0.02434212069065015,0.0
48,8,1,11,real,2915,10,0.3579925638427661,80,2925,0.21461849588087517,0.045562970516937557,0.007714076245516223,0.09009702119943716
48,8,1,29,real,2915,10,0.3978068419988241,80,2925,0.2225751932656167,0.052262394362171435,0.015393150558072694,0.10757610381296327
48,8,2,11,real,2915,10,0.3083201986811278,80,5850,0.21359641237572116,0.06207952222939154,0.009716832450847146,0.02292743162516797
48,8,2,29,real,2915,10,0.34265561953670676,80,5850,0.2221150940723297,0.06525757934412466,0.016198638554401262,0.039084307565851135
48,8,4,11,real,2915,10,0.21991897981549435,80,11700,0.2109812588558185,0.05861902430670544,0.010898355696912276,-0.06057965904394186
48,8,4,29,real,2915,10,0.25014239967119156,80,11700,0.22045798312208956,0.06429765904041,0.018164728610377757,-0.052777971101685736
53,1,0,11,perm,2881,22,0.34427199287116983,22,0,0.24129243172322837,0.10363293731619407,-0.0006533761682525988,0.0
53,1,0,29,perm,2881,22,0.35937159333165547,22,0,0.2507498796847221,0.10883331364363531,-0.00021159999670198698,0.0
53,1,0,11,real,2881,22,0.35015205255443327,22,0,0.24142128294392398,0.10395455636621391,0.004776213244295372,0.0
53,1,0,29,real,2881,22,0.363584381618414,22,0,0.250496451677977,0.10914211393452712,0.003945816005909837,0.0
53,1,1,11,real,2881,22,0.37398741259129065,22,2903,0.2368947836976462,0.10483374998490148,0.0039323141252926574,0.0283265647834503
53,1,1,29,real,2881,22,0.3728513473794758,22,2903,0.24490662662882723,0.10874750261258984,0.003342677266131411,0.015854540871927277
53,1,2,11,real,2881,22,0.37855931875736637,22,5806,0.23717355401441242,0.10545481328018799,0.004117819390381916,0.03181313207238399
53,1,2,29,real,2881,22,0.36792047085472446,22,5806,0.2451355320166024,0.10890980877265388,0.0036332844425327284,0.010241845622935434
53,1,4,11,real,2881,22,0.3419388336549869,22,11612,0.240541247742952,0.11078327196140626,0.0031156860491895846,-0.012501372098560967
53,1,4,29,real,2881,22,0.33831609299616505,22,11612,0.24701216853494365,0.11527109358491092,0.0029431204495366883,-0.0269102895732262
53,2,0,11,perm,2881,22,0.3444529049849687,44,0,0.2412568897835083,0.10366759535529854,-0.0004715801538380989,0.0
53,2,0,29,perm,2881,22,0.35931514783266316,44,0,0.2508364024924401,0.10888377323854799,-0.00040502789832495373,0.0
53,2,0,11,real,2881,22,0.356944036992913,44,0,0.24151106680950798,0.10360583705326078,0.011827133130144236,0.0
53,2,0,29,real,2881,22,0.37036752256323224,44,0,0.25018987313718943,0.10850974537708585,0.011667904048956899,0.0
53,2,1,11,real,2881,22,0.37397136760673566,44,2903,0.23739631230906583,0.10512450234406225,0.0070536110906493825,0.02439694186295816
53,2,1,29,real,2881,22,0.37228903374098854,44,2903,0.24497476371534135,0.10887442357420583,0.006825035444346252,0.011614811007095058
53,2,2,11,real,2881,22,0.37847378209778215,44,5806,0.23754262334288587,0.10538994998438977,0.007448407987176635,0.028092800783329847
53,2,2,29,real,2881,22,0.3672829048419519,44,5806,0.2451205960992769,0.10874013855121169,0.007267848527053838,0.00615432166440948
53,2,4,11,real,2881,22,0.3391288485248156,44,11612,0.24060765390833533,0.11062576334162683,0.005281704654226439,-0.017386273379372978
53,2,4,29,real,2881,22,0.3360449913255451,44,11612,0.24672462345658194,0.11517638891931614,0.005859738507728482,-0.031715759558081466
53,4,0,11,perm,2881,22,0.3442124704460272,88,0,0.2412878714856445,0.10375576930618324,-0.000831170345800547,0.0
53,4,0,29,perm,2881,22,0.3591783243487148,88,0,0.25096204944170175,0.10890913630124051,-0.0006928613942275655,0.0
53,4,0,11,real,2881,22,0.369947193451324,88,0,0.24058792217722552,0.10335706175317927,0.026002209520919195,0.0
53,4,0,29,real,2881,22,0.38507211656126084,88,0,0.2498812552345576,0.10830702826197587,0.02688383306472732,0.0
53,4,1,11,real,2881,22,0.383588371327344,88,2903,0.23694035297414157,0.10530760473803195,0.019086079616818324,0.022254333998352145
53,4,1,29,real,2881,22,0.38271488725742775,88,2903,0.24483267233665928,0.10865511978205393,0.019826624295868064,0.009400470842846453
53,4,2,11,real,2881,22,0.38255988613552283,88,5806,0.23720703810238164,0.10569074916544174,0.016596391231160586,0.02306570763653884
53,4,2,29,real,2881,22,0.373573046055824,88,5806,0.24534187197505997,0.10874761142291961,0.01790650926812958,0.0015770533897148005
53,4,4,11,real,2881,22,0.3419643666821095,88,11612,0.24004877145492093,0.11062270811824641,0.014067970766658269,-0.022775083657716105
53,4,4,29,real,2881,22,0.3405262789244008,88,11612,0.24682633345582675,0.1151497212993655,0.015670825625394458,-0.03712060145618591
53,8,0,11,perm,2881,22,0.3426122823966663,176,0,0.24125257693690821,0.10380738903708246,-0.0024476835773243515,0.0
53,8,0,29,perm,2881,22,0.35882908486076026,176,0,0.2506359634775885,0.10898892242791235,-0.0007958010447406035,0.0
53,8,0,11,real,2881,22,0.37199460348372315,176,0,0.24061515454447882,0.10321692540260888,0.028162523536635436,0.0
53,8,0,29,real,2881,22,0.3870951225225189,176,0,0.24990276518890267,0.10811748154352097,0.029074875790095208,0.0
53,8,1,11,real,2881,22,0.3848609013263402,176,2903,0.2369657384257441,0.10528180677295472,0.020802707880911892,0.021810648246729476
53,8,1,29,real,2881,22,0.38385679656361893,176,2903,0.24487079128640407,0.10864932708078569,0.02147693718740932,0.008859741009019815
53,8,2,11,real,2881,22,0.3830137757659955,176,5806,0.2371140751362279,0.10555322731658918,0.018018735461758174,0.022327737851420188
53,8,2,29,real,2881,22,0.374616545185247,176,5806,0.2453051128262383,0.10874407596087689,0.019543927500957233,0.0010234288971745688
53,8,4,11,real,2881,22,0.34138265376844423,176,11612,0.23997066140903797,0.11050618296740619,0.014954588916045333,-0.02404877952404528
53,8,4,29,real,2881,22,0.34021165462239944,176,11612,0.2468576344735538,0.11498683639554831,0.016674826780122793,-0.03830764302682547
55,1,0,11,perm,5034,17,0.3239525722533836,17,0,0.24538664811511213,0.07865769159189279,-9.176745362132754e-05,0.0
55,1,0,29,perm,5034,17,0.34551559246119745,17,0,0.2637619136261965,0.08157417341522646,0.00017950541977449866,0.0
55,1,0,11,real,5034,17,0.3306083995419137,17,0,0.24476097258379448,0.07930006708855253,0.006547359869566671,0.0
55,1,0,29,real,5034,17,0.3542272476493823,17,0,0.2638168761005184,0.08220646644981464,0.008203905099049242,0.0
55,1,1,11,real,5034,17,0.3157235229630536,17,5051,0.23900730730277456,0.0843222771651545,0.006561460583957345,-0.01416752208883278
55,1,1,29,real,5034,17,0.3525194144131393,17,5051,0.25920889621551113,0.08666552775461539,0.008170031659272334,-0.0015250412162595797
55,1,2,11,real,5034,17,0.27513322783804417,17,10102,0.23143275592428972,0.08844430127625005,0.006361831299184855,-0.051105660661680465
55,1,2,29,real,5034,17,0.3082063013890882,17,10102,0.2514661604843067,0.0905722417681955,0.00682802510992228,-0.04066012597333632
55,1,4,11,real,5034,17,0.22088153083073214,17,20204,0.22243222396041126,0.09172551580028195,0.004249324177370903,-0.09752553310733196
55,1,4,29,real,5034,17,0.23772687815027427,17,20204,0.24116057176114267,0.09344022330433721,0.006269856839309982,-0.1031437737545156
55,2,0,11,perm,5034,17,0.3235570666834764,34,0,0.24544536866047448,0.07871580607984711,-0.0006041080568452057,0.0
55,2,0,29,perm,5034,17,0.34536098293264883,34,0,0.2637568919897194,0.08163891848653954,-3.482754361011641e-05,0.0
55,2,0,11,real,5034,17,0.33355456762373825,34,0,0.24503182738443308,0.07980466404122744,0.00871807619807774,0.0
55,2,0,29,real,5034,17,0.35639415427508414,34,0,0.2629206638786955,0.08249499364066207,0.010978496755726578,0.0
55,2,1,11,real,5034,17,0.3186287505963218,34,5051,0.23918545063086236,0.0847859725748889,0.008778513195935866,-0.01412118580536533
55,2,1,29,real,5034,17,0.3546150523045306,34,5051,0.2583463362350314,0.08687322286709442,0.01093257886730702,-0.0015370856649022289
55,2,2,11,real,5034,17,0.27830959419661816,34,10102,0.23155257719040534,0.08908375770855874,0.008655733793515244,-0.05098247449586115
55,2,2,29,real,5034,17,0.3114284927449835,34,10102,0.2507159062219666,0.09076951310946278,0.01010290807674502,-0.04015983466319092
55,2,4,11,real,5034,17,0.22514014797284376,34,20204,0.2226521017627646,0.0924769619137623,0.006978328954765402,-0.09696724465844854
55,2,4,29,real,5034,17,0.2410051911067017,34,20204,0.2403917833851607,0.0937802033080368,0.009510713332003567,-0.10267750891849935
55,4,0,11,perm,5034,17,0.3235396932137915,68,0,0.2453434665887638,0.07869605867065141,-0.0004998320456237233,0.0
55,4,0,29,perm,5034,17,0.34525189024956005,68,0,0.2637248463099113,0.08171611680138147,-0.00018907286173269755,0.0
55,4,0,11,real,5034,17,0.3416037562236305,68,0,0.24452258396847348,0.08031599149715221,0.016765180758004795,0.0
55,4,0,29,real,5034,17,0.3657425171757177,68,0,0.26172341808495314,0.08249949634791526,0.02151960274284927,0.0
55,4,1,11,real,5034,17,0.3247442420526677,68,5051,0.23915012137476077,0.08565533717881584,0.015442793530159675,-0.015504010031068575
55,4,1,29,real,5034,17,0.3610755077207708,68,5051,0.25751379690842124,0.08744150971774602,0.019565485806967715,-0.0034452847123642256
55,4,2,11,real,5034,17,0.2852571937217375,68,10102,0.23143731391952974,0.09035707851142427,0.01557405707004349,-0.052111255779259964
55,4,2,29,real,5034,17,0.3187869550682414,68,10102,0.24986930107953428,0.0912698642559921,0.019225819229886816,-0.04157802949717181
55,4,4,11,real,5034,17,0.23222364475623558,68,20204,0.22279309713953915,0.09389252137553963,0.013765352207148907,-0.09822732596599208
55,4,4,29,real,5034,17,0.24919740469427432,68,20204,0.2398891649422607,0.09499716043821815,0.018520203775710536,-0.10420912446191506
55,8,0,11,perm,5034,17,0.32315494441528503,136,0,0.2453111158418511,0.07873841729443665,-0.0008945887210027315,0.0
55,8,0,29,perm,5034,17,0.34484558368107554,136,0,0.2637775892176839,0.08175711503696517,-0.0006891205735735836,0.0
55,8,0,11,real,5034,17,0.35056127176405827,136,0,0.2445268049042701,0.08063185185836796,0.025402615001420215,0.0
55,8,0,29,real,5034,17,0.3729406896002614,136,0,0.26194920170363223,0.0825981290277755,0.02839335886885367,0.0
55,8,1,11,real,5034,17,0.33292205868951297,136,5051,0.23921795750166688,0.08589158253433832,0.023698378229075723,-0.015885859575567946
55,8,1,29,real,5034,17,0.3677046953845525,136,5051,0.25790950218762954,0.08736661825948695,0.02615655079138616,-0.003727975853950183
55,8,2,11,real,5034,17,0.2940792719938927,136,10102,0.23169698581247514,0.09068860063934797,0.024008216317394238,-0.05231453077532463
55,8,2,29,real,5034,17,0.32433557189524054,136,10102,0.24994290898384552,0.09100666307869126,0.02553180234288338,-0.042145802510179645
55,8,4,11,real,5034,17,0.23886221375450456,136,20204,0.22281272189923076,0.09413455076079373,0.021272526755518245,-0.09935758566103817
55,8,4,29,real,5034,17,0.2532623035248407,136,20204,0.23961044333613135,0.09543825820006939,0.023908343176134977,-0.10569474118749503
62,1,0,11,perm,3398,21,0.28274596795584994,21,0,0.200187310035496,0.08312830366516502,-0.0005696457448111276,0.0
62,1,0,29,perm,3398,21,0.27799433116175176,21,0,0.1971920174000035,0.0802480344562459,0.0005542793055023365,0.0
62,1,0,11,real,3398,21,0.3017553153598147,21,0,0.20015838083760046,0.0842389805443178,0.017357953977896395,0.0
62,1,0,29,real,3398,21,0.2937648017495478,21,0,0.19787817149975226,0.08055393170025121,0.015332698549544275,0.0
62,1,1,11,real,3398,21,0.2895429408955036,21,3419,0.19391126340036927,0.08867767352091326,0.007629349035910005,-0.0006753450616889625
62,1,1,29,real,3398,21,0.2902763336485691,21,3419,0.18989571372857758,0.08570098036255307,0.006803552466672653,0.007876087090765779
62,1,2,11,real,3398,21,0.2682943413894694,21,6838,0.18933475308790904,0.09195398881607934,0.008320003506625696,-0.0213144040211447
62,1,2,29,real,3398,21,0.2700872303688282,21,6838,0.18453584258194375,0.08662777792742671,0.007985563864252735,-0.009061954004794998
62,1,4,11,real,3398,21,0.21876963416633377,21,13676,0.18506444743423164,0.09512289639903297,0.010441588144657843,-0.0718592978115887
62,1,4,29,real,3398,21,0.2103071649053262,21,13676,0.17785434035473707,0.09131362625186254,0.009223230760274627,-0.06808403246154808
62,2,0,11,perm,3398,21,0.2822604912723219,42,0,0.20018713916943787,0.08321215457697481,-0.0011388024740907794,0.0
62,2,0,29,perm,3398,21,0.2781069322684184,42,0,0.19717651964803343,0.08029180592559937,0.0006386066947856038,0.0
62,2,0,11,real,3398,21,0.305123086704037,42,0,0.20019826831051263,0.08421790605658291,0.02070691233694144,0.0
62,2,0,29,real,3398,21,0.29752992122861865,42,0,0.197558801129092,0.08100091171566734,0.0189702083838593,0.0
62,2,1,11,real,3398,21,0.29262675875209565,42,3419,0.1939744074482029,0.08871028688274388,0.010797858438896428,-0.0008557940177475838
62,2,1,29,real,3398,21,0.29384791891570505,42,3419,0.18951587695580246,0.08623366118022502,0.010331677994949735,0.007766702784727833
62,2,2,11,real,3398,21,0.2710296657999629,42,6838,0.1894587525980921,0.09193145883601901,0.011311410126333613,-0.02167195576048183
62,2,2,29,real,3398,21,0.27362168424413946,42,6838,0.18427007262928827,0.08708259487310735,0.011477022222553293,-0.009208005480809467
62,2,4,11,real,3398,21,0.2191313489732214,42,13676,0.18511855919676756,0.09497986841738465,0.012341382837180382,-0.07330846147811121
62,2,4,29,real,3398,21,0.21232968398149765,42,13676,0.17756833254898105,0.09177884277032464,0.011963640859164838,-0.06898113219697288
62,4,0,11,perm,3398,21,0.28180927847902637,84,0,0.20009391288429854,0.08320052284027823,-0.001485157245550428,0.0
62,4,0,29,perm,3398,21,0.27796347439929314,84,0,0.1971334398276893,0.08026405878827379,0.0005659757833300453,0.0
62,4,0,11,real,3398,21,0.3158909518936922,84,0,0.19944719839870384,0.08483218928173442,0.03161156421325395,0.0
62,4,0,29,real,3398,21,0.3071463396056957,84,0,0.19746342514953114,0.08167901190184398,0.028003902554320576,0.0
62,4,1,11,real,3398,21,0.29314649200665754,84,3419,0.1923988735850089,0.08939500970442019,0.016955456525092477,-0.005602847807864048
62,4,1,29,real,3398,21,0.295121233996974,84,3419,0.18901044075169743,0.08701473777574467,0.015347362425107536,0.00374869304442436
62,4,2,11,real,3398,21,0.2719229771112972,84,6838,0.18792900275549004,0.09235859923998091,0.017761696439477098,-0.026126321323650854
62,4,2,29,real,3398,21,0.2763630844281577,84,6838,0.184042977268763,0.08793506747183916,0.017051880780689792,-0.012666841093134243
62,4,4,11,real,3398,21,0.22095700361366666,84,13676,0.18408164139751104,0.09610950118349153,0.018660178612134082,-0.07789431757947002
62,4,4,29,real,3398,21,0.21644687173744548,84,13676,0.17771426834894635,0.0924182866807111,0.018146391967193504,-0.07183207525940549
62,8,0,11,perm,3398,21,0.280821326540301,168,0,0.20013689551550148,0.08323062081831864,-0.0025461897935191344,0.0
62,8,0,29,perm,3398,21,0.27642805363647216,168,0,0.1972020021672213,0.08048595765192532,-0.0012599061826744453,0.0
62,8,0,11,real,3398,21,0.3360818653666495,168,0,0.19852465172956132,0.08611045350803992,0.05144676012904825,0.0
62,8,0,29,real,3398,21,0.32605283449974753,168,0,0.19723859401750793,0.08239915616962123,0.04641508431261837,0.0
62,8,1,11,real,3398,21,0.31030145623063865,168,3419,0.1917179036581882,0.09038571716193239,0.03529566782963443,-0.007097832419116388
62,8,1,29,real,3398,21,0.30949926309739617,168,3419,0.1891602797580696,0.08744883900443857,0.03144999773693449,0.0014401465979535242
62,8,2,11,real,3398,21,0.2858067478031995,168,6838,0.18741336636306805,0.09367009133858173,0.03422325189023598,-0.029499961788686274
62,8,2,29,real,3398,21,0.2887143164576128,168,6838,0.18426307089061356,0.08859807953892922,0.03199153483009594,-0.016138368802025894
62,8,4,11,real,3398,21,0.2359194433240248,168,13676,0.18388039920870353,0.09708623715548037,0.035671249533619644,-0.08071844257377875
62,8,4,29,real,3398,21,0.2305727698955261,168,13676,0.17830158133977367,0.09308058502482439,0.03379012625791243,-0.07459952272698438
63,1,0,11,perm,5007,18,0.31758007258429977,18,0,0.2361577560195472,0.08157275153834587,-0.00015043497359329416,0.0
63,1,0,29,perm,5007,18,0.31076810735478233,18,0,0.23019695273414884,0.0804660749360534,0.00010507968458006722,0.0
63,1,0,11,real,5007,18,0.3214580732804916,18,0,0.23614101845311336,0.08183954715152851,0.0034775076758496817,0.0
63,1,0,29,real,5007,18,0.3175470774290562,18,0,0.23001595184981694,0.08069372909657278,0.006837396482666439,0.0
63,1,1,11,real,5007,18,0.2888718463867549,18,5025,0.23180097898759366,0.0871503369059866,0.0024044790999761994,-0.03248394860680159
63,1,1,29,real,5007,18,0.304082389662957,18,5025,0.22461927745977722,0.08528335158271536,0.005790968311835213,-0.011611207691370824
63,1,2,11,real,5007,18,0.2628333258399279,18,10050,0.22502902799616914,0.08691647747899098,0.002109043510329746,-0.051221223145561975
63,1,2,29,real,5007,18,0.27027278761650464,18,10050,0.21593320379549083,0.08698410376920515,0.0050788216462448734,-0.03772334159443623
63,1,4,11,real,5007,18,0.1999224696621611,18,20100,0.21408257275182235,0.09062008267198841,0.0014847143542025356,-0.10626490011585225
63,1,4,29,real,5007,18,0.20426345596962192,18,20100,0.203809154921424,0.0893207154593043,0.0050106217701018545,-0.09387703618120825
63,2,0,11,perm,5007,18,0.31749498048336644,36,0,0.2361982694275898,0.08158196590560288,-0.00028525484982629595,0.0
63,2,0,29,perm,5007,18,0.31081286903488603,36,0,0.23025418104385084,0.08046213846265926,9.654952837589992e-05,0.0
63,2,0,11,real,5007,18,0.32414896160399387,36,0,0.23549833112490218,0.08215756998832713,0.006493060490764535,0.0
63,2,0,29,real,5007,18,0.31932311817555115,36,0,0.2298010581342886,0.08097672317707541,0.008545336864187108,0.0
63,2,1,11,real,5007,18,0.2909328023605048,36,5025,0.2310833259911217,0.08746680863118936,0.005143324129943181,-0.03276065639174945
63,2,1,29,real,5007,18,0.3055192475415843,36,5025,0.22438843713220097,0.08561113542473997,0.007314895684685055,-0.01179522070004165
63,2,2,11,real,5007,18,0.2640571207625789,36,10050,0.2245021385246413,0.08724687835041355,0.004326961679165325,-0.052018857791641254
63,2,2,29,real,5007,18,0.2716647690061075,36,10050,0.2158792232053858,0.08729369022804252,0.006500979597440458,-0.03800912402476132
63,2,4,11,real,5007,18,0.20140132420700219,36,20100,0.21365015331233037,0.09096081263770976,0.0037777627709658364,-0.10698740451400379
63,2,4,29,real,5007,18,0.20443844031143055,36,20100,0.2037997154450413,0.08967683296645344,0.005778745116383285,-0.09481685321644749
63,4,0,11,perm,5007,18,0.3174797749194158,72,0,0.2361249836171107,0.08166640033131928,-0.0003116090290141705,0.0
63,4,0,29,perm,5007,18,0.3101265798955174,72,0,0.2303437707852977,0.08044520216476153,-0.0006623930545418544,0.0
63,4,0,11,real,5007,18,0.3359535626048691,72,0,0.2348699524947994,0.08271763733352178,0.01836597277654789,0.0
63,4,0,29,real,5007,18,0.3287472879438973,72,0,0.22959581068321852,0.08136425669337233,0.017787220567306417,0.0
63,4,1,11,real,5007,18,0.30020938762984417,72,5025,0.2304541250939328,0.08833767612153236,0.015597239610927505,-0.03417965319654849
63,4,1,29,real,5007,18,0.31223520581758424,72,5025,0.22413175497038304,0.08637302133332352,0.015041214800861846,-0.01331078528698417
63,4,2,11,real,5007,18,0.2704477631302956,72,10050,0.22429007443593052,0.08829699138914497,0.013039714530905012,-0.05517901722568491
63,4,2,29,real,5007,18,0.2758905541239802,72,10050,0.21595019829167653,0.0880355626944796,0.0128283902315726,-0.04092359709374849
63,4,4,11,real,5007,18,0.20775827037412375,72,20100,0.21384623050276433,0.09188975438415584,0.012330182528978282,-0.11030789704177471
63,4,4,29,real,5007,18,0.20946295190556685,72,20100,0.2039317070798315,0.09053938003642452,0.012414673412630462,-0.09742280862331963
63,8,0,11,perm,5007,18,0.3169321512762673,144,0,0.23611101797443862,0.08176521175505486,-0.0009440784532261937,0.0
63,8,0,29,perm,5007,18,0.30987418236996755,144,0,0.2305052001378055,0.08050497081420771,-0.0011359885820457216,0.0
63,8,0,11,real,5007,18,0.34217395827918606,144,0,0.2346003239658201,0.0831259161418036,0.024447718171562344,0.0
63,8,0,29,real,5007,18,0.3342707533665664,144,0,0.22949238902598404,0.08154787969784494,0.023230484642737415,0.0
63,8,1,11,real,5007,18,0.3059024660629619,144,5025,0.23039006119143646,0.08876413863530373,0.02130345221935608,-0.03455518598313437
63,8,1,29,real,5007,18,0.3165125699042365,144,5025,0.22400962117279952,0.0867753398166007,0.019761436539056647,-0.014033827624220367
63,8,2,11,real,5007,18,0.27543798831521993,144,10050,0.22421137968714824,0.08859988671303802,0.018463599533319025,-0.05583687761828536
63,8,2,29,real,5007,18,0.2794741706065549,144,10050,0.21585649379505562,0.0884634827419816,0.017174722735134863,-0.04202052866561722
63,8,4,11,real,5007,18,0.21092593240941038,144,20100,0.21371122883560187,0.09229840033224082,0.016818064103667558,-0.11190176086209988
63,8,4,29,real,5007,18,0.2126470864480582,144,20100,0.20400095482594202,0.09076527822268446,0.016580799755406384,-0.09869994635597472
67,1,0,11,perm,5415,16,0.2702362086569603,16,0,0.16990978815964616,0.10065217868967503,-0.0003257581923608958,0.0
67,1,0,29,perm,5415,16,0.27832120589788445,16,0,0.17006616999557242,0.10794269437214783,0.00031234153016420263,0.0
67,1,0,11,real,5415,16,0.2794294383663215,16,0,0.16983984728129758,0.10196481709654026,0.007624773988483657,0.0
67,1,0,29,real,5415,16,0.28642411797481004,16,0,0.1701232238983215,0.10904550781018114,0.007255386266307414,0.0
67,1,1,11,real,5415,16,0.24200656614536153,16,5431,0.1688589593255096,0.1081735778105272,0.005068227526707825,-0.040094198517383106
67,1,1,29,real,5415,16,0.256210788173141,16,5431,0.16887524127139492,0.1145219958413705,0.003970046457393943,-0.03115649539701835
67,1,2,11,real,5415,16,0.2100149754956525,16,10862,0.16630779804278695,0.11370769519058102,0.004653166324656149,-0.0746536840623716
67,1,2,29,real,5415,16,0.21463131636340715,16,10862,0.16647276614460746,0.12011577483126512,0.00452232258050724,-0.07647954719297267
67,1,4,11,real,5415,16,0.13952248704095593,16,21724,0.16000722441200235,0.11874981923191942,0.004571832987540529,-0.14380638959050637
67,1,4,29,real,5415,16,0.15027053396950096,16,21724,0.16118945376359867,0.12528783049244058,0.004275473247210643,-0.1404822235337489
67,2,0,11,perm,5415,16,0.27018742265897333,32,0,0.16984197966240952,0.10068194627538588,-0.00033650327882208303,0.0
67,2,0,29,perm,5415,16,0.2782427792290497,32,0,0.17014775188634787,0.10797971658144852,0.00011531076125329923,0.0
67,2,0,11,real,5415,16,0.28195407000716644,32,0,0.16986140568891833,0.10190615900863353,0.010186505309614569,0.0
67,2,0,29,real,5415,16,0.290898863005133,32,0,0.17026924427640588,0.10928437500004544,0.011345243728681675,0.0
67,2,1,11,real,5415,16,0.2432017124932888,32,5431,0.16889594936049712,0.1082010520161432,0.006914434240935158,-0.040809723124286684
67,2,1,29,real,5415,16,0.2598062305300174,32,5431,0.16910180632193073,0.11478866727662118,0.007566078124126,-0.03165032119266055
67,2,2,11,real,5415,16,0.21079436004996133,32,10862,0.1661594418936833,0.11371047052871838,0.006396514667859148,-0.0754720670402995
67,2,2,29,real,5415,16,0.2182665356976946,32,10862,0.166713726045255,0.12035372370486072,0.00814540659171653,-0.07694632064413764
67,2,4,11,real,5415,16,0.1408282266277936,32,21724,0.15991050929387293,0.1187968648349282,0.006530403199085127,-0.1444095507000927
67,2,4,29,real,5415,16,0.15292161133269067,32,21724,0.1612499996469794,0.12543517627389014,0.007541994827577475,-0.14130555941575634
67,4,0,11,perm,5415,16,0.27015573643130963,64,0,0.1698051971733378,0.10064661157193988,-0.00029607231396805433,0.0
67,4,0,29,perm,5415,16,0.27770182164197166,64,0,0.17016714515118692,0.107956089997656,-0.00042141350687128576,0.0
67,4,0,11,real,5415,16,0.2858671235844834,64,0,0.169652954918428,0.1020044906964362,0.014209677969619213,0.0
67,4,0,29,real,5415,16,0.29497189268574897,64,0,0.1697637974159752,0.10919473419354471,0.01601336107622904,0.0
67,4,1,11,real,5415,16,0.24700158564491703,64,5431,0.16858834473224463,0.1083901907152472,0.010885190111325844,-0.04086213991390064
67,4,1,29,real,5415,16,0.26356136654155904,64,5431,0.16852812495490435,0.11482300067890745,0.012047378786040572,-0.031837137878293356
67,4,2,11,real,5415,16,0.21353359116714488,64,10862,0.16571111268075644,0.11378832244928748,0.009962955202632129,-0.07592879916553116
67,4,2,29,real,5415,16,0.221515029719503,64,10862,0.16608787085669818,0.120323513961266,0.012431744742470172,-0.07732809984093136
67,4,4,11,real,5415,16,0.1440086845200027,64,21724,0.1595049348515209,0.11895231284962723,0.010257281689018516,-0.14470584487016394
67,4,4,29,real,5415,16,0.15670441228691245,64,21724,0.16096937578827747,0.1255585490436436,0.011846079522936287,-0.1416695920679449
67,8,0,11,perm,5415,16,0.269592882246249,128,0,0.16985229753620232,0.1006748158571611,-0.0009342311471144208,0.0
67,8,0,29,perm,5415,16,0.27676197777948675,128,0,0.17018667147583308,0.10795677559031008,-0.0013814692866564446,0.0
67,8,0,11,real,5415,16,0.28971071107618973,128,0,0.1694925611978664,0.10257390315951721,0.017644246718806118,0.0
67,8,0,29,real,5415,16,0.2988097748747318,128,0,0.16944663703131668,0.11000818295373822,0.019354954889676885,0.0
67,8,1,11,real,5415,16,0.24873980832640374,128,5431,0.16827071585233744,0.10902802028089716,0.013311485483791269,-0.041870413290622126
67,8,1,29,real,5415,16,0.2657643824461984,128,5431,0.1683176893633251,0.11565020766608772,0.014511297947283647,-0.032714812530498114
67,8,2,11,real,5415,16,0.21568323773868048,128,10862,0.1655070339434401,0.11449807559008361,0.012502225661253492,-0.07682409745609672
67,8,2,29,real,5415,16,0.2229041065428481,128,10862,0.1658442557347337,0.12109172548515669,0.014534781859903543,-0.07856665653694583
67,8,4,11,real,5415,16,0.14544037330527848,128,21724,0.15920482494750968,0.11935754174684057,0.012637850959648792,-0.14575984434872058
67,8,4,29,real,5415,16,0.15812761825105714,128,21724,0.16087141620516918,0.1263143790448485,0.013899544202684253,-0.1429577212016448
73,1,0,11,perm,2386,20,0.32318817458495774,20,0,0.24021033964058378,0.08367775233346353,-0.0006999173890895882,0.0
73,1,0,29,perm,2386,20,0.3356671659908289,20,0,0.2536295586462999,0.08204013226300591,-2.524918476872383e-06,0.0
73,1,0,11,real,2386,20,0.3425157774986126,20,0,0.23950446699518488,0.08416425966945232,0.0188470508339754,0.0
73,1,0,29,real,2386,20,0.3504519357392477,20,0,0.25380227556714474,0.08320830916306671,0.013441351009036205,0.0
73,1,1,11,real,2386,20,0.36116270271301365,20,2406,0.23402192126159316,0.09195237875854854,0.012725156081887522,0.022463246610984377
73,1,1,29,real,2386,20,0.36013259040960444,20,2406,0.2488072915778761,0.09100714748141989,0.007216578818036158,0.013101572532272279
73,1,2,11,real,2386,20,0.3457411942272208,20,4812,0.2309960282206384,0.09601890491784128,0.011500417258883417,0.0072258438298577286
73,1,2,29,real,2386,20,0.35367857857802343,20,4812,0.24381699695399014,0.09487676423847026,0.00550147119799559,0.009483346187567437
73,1,4,11,real,2386,20,0.3209653006488341,20,9624,0.22645583200046737,0.09702009261870882,0.011126940301455278,-0.01363756427179739
73,1,4,29,real,2386,20,0.31354678777600475,20,9624,0.24101863710691632,0.09804960153293633,0.006366235978960188,-0.0318876868428081
73,2,0,11,perm,2386,20,0.32272824271610423,40,0,0.24022446886137175,0.08376340441287222,-0.0012596305581397682,0.0
73,2,0,29,perm,2386,20,0.33595458218738306,40,0,0.2533937173764067,0.08201827520500868,0.0005425896059676841,0.0
73,2,0,11,real,2386,20,0.35186843250821276,40,0,0.2394668958067544,0.08526137536261771,0.027140161338840597,0.0
73,2,0,29,real,2386,20,0.3612236506452158,40,0,0.25414992223547245,0.08427536996369125,0.022798358446052026,0.0
73,2,1,11,real,2386,20,0.3597918797517867,40,2406,0.23300300879888944,0.09268608038250904,0.016328905273078287,0.017773885297309944
73,2,1,29,real,2386,20,0.3604983630786014,40,2406,0.24844023160053952,0.09175723162181831,0.01188645678951161,0.00841444306673191
73,2,2,11,real,2386,20,0.34537820870619274,40,4812,0.23031665428981518,0.09688796992614454,0.015370634212061933,0.002802950278171049
73,2,2,29,real,2386,20,0.35441768407166685,40,4812,0.24411490035119807,0.095318276476932,0.010179819845490367,0.004804687398046394
73,2,4,11,real,2386,20,0.3200716175827568,40,9624,0.22606957969847272,0.09713780343767045,0.01496092476236573,-0.01809669031575214
73,2,4,29,real,2386,20,0.3148779350934804,40,9624,0.24168561659372842,0.0984420522790483,0.011180598239743867,-0.03643033201904025
73,4,0,11,perm,2386,20,0.32254512391838697,80,0,0.2401318723138808,0.08375389113621201,-0.0013406395317058784,0.0
73,4,0,29,perm,2386,20,0.336118889644368,80,0,0.253341168030947,0.08193615073772588,0.0008415708756951041,0.0
73,4,0,11,real,2386,20,0.3533825238639049,80,0,0.23926291236021893,0.08585312296621699,0.028266488537468933,0.0
73,4,0,29,real,2386,20,0.3641842735387183,80,0,0.2538334766115399,0.08493952367196472,0.025411273255213696,0.0
73,4,1,11,real,2386,20,0.3602907071407656,80,2406,0.2328405630729807,0.09331085797138837,0.016910316635396584,0.01722896946099991
73,4,1,29,real,2386,20,0.3625603664312128,80,2406,0.24806557405209764,0.09238450310545289,0.014097608902801817,0.008012680370860448
73,4,2,11,real,2386,20,0.3463403895075162,80,4812,0.23000340675471626,0.0974433159249852,0.01629383898016698,0.0025998278476477565
73,4,2,29,real,2386,20,0.3571626847819195,80,4812,0.2437546008923912,0.09585560220899034,0.012770264468571794,0.004782217211966153
73,4,4,11,real,2386,20,0.32124853342191506,80,9624,0.22588808651182166,0.09769284263657513,0.015925773275132227,-0.018258169001613977
73,4,4,29,real,2386,20,0.31896188802455383,80,9624,0.24150946888387775,0.09919093709838481,0.014242663555118523,-0.03598118151282726
73,8,0,11,perm,2386,20,0.31947507794412955,160,0,0.24053909764882647,0.08386452408031714,-0.004928543785014061,0.0
73,8,0,29,perm,2386,20,0.3349050845709838,160,0,0.25331179315192587,0.08202577494050645,-0.0004324835214485345,0.0
73,8,0,11,real,2386,20,0.35808824719590215,160,0,0.23948878830389622,0.08572003160241178,0.03287942728959411,0.0
73,8,0,29,real,2386,20,0.3689516415915369,160,0,0.254176999562741,0.08536069898782714,0.029413943040968765,0.0
73,8,1,11,real,2386,20,0.3632801278080372,160,2406,0.23307169653389195,0.09319568415612185,0.020653516522272607,0.016359230595750757
73,8,1,29,real,2386,20,0.36597720714885273,160,2406,0.24859985786475797,0.09258131494841196,0.01744181632668961,0.007354218008993173
73,8,2,11,real,2386,20,0.3495721934127992,160,4812,0.2303960873154619,0.09730156968196353,0.020090743150009065,0.0017837932653646709
73,8,2,29,real,2386,20,0.3596270286675569,160,4812,0.24433637888647106,0.09598540832751669,0.015647979247964933,0.0036572622056042217
73,8,4,11,real,2386,20,0.3253322110563792,160,9624,0.22635957901826145,0.09767672038778986,0.02004639633959963,-0.01875048468927174
73,8,4,29,real,2386,20,0.32175630910190767,160,9624,0.2418494223069732,0.09924742884341152,0.017442986402611892,-0.03678352845108897
77,1,0,11,perm,5045,21,0.3794222708582331,21,0,0.2779674995132652,0.10127137212707062,0.00018339921789724728,0.0
77,1,0,29,perm,5045,21,0.3835920742845754,21,0,0.2686184286603194,0.11556764734060286,-0.0005940017163468444,0.0
77,1,0,11,real,5045,21,0.4003751228328968,21,0,0.2774701465423445,0.10206949037024922,0.020835485920303064,0.0
77,1,0,29,real,5045,21,0.4060350011458249,21,0,0.2681190497350214,0.11578370607595515,0.022132245334848404,0.0
77,1,1,11,real,5045,21,0.4106038385932953,21,5066,0.2759543514895223,0.10846763681478322,0.010441429162403159,0.01574042112658662
77,1,1,29,real,5045,21,0.4172919704137178,21,5066,0.2656730168362721,0.1193746177996643,0.012360510431005788,0.019883825346775658
77,1,2,11,real,5045,21,0.3934446247168327,21,10132,0.2745243177072626,0.10876162525450332,0.010811916841706673,-0.0006532350866399195
77,1,2,29,real,5045,21,0.3954810417925727,21,10132,0.26519411111325425,0.12013023482292368,0.012728836674857497,-0.002572140818462715
77,1,4,11,real,5045,21,0.345669346151512,21,20264,0.2707829297272991,0.11159154290588565,0.01130191525251803,-0.048007041734190806
77,1,4,29,real,5045,21,0.34186245234339696,21,20264,0.26224510289971825,0.11808571572172567,0.014326015277270733,-0.05279438155531766
77,2,0,11,perm,5045,21,0.37931205717890826,42,0,0.27800573053079103,0.10131628054528921,-9.953897171973331e-06,0.0
77,2,0,29,perm,5045,21,0.38339954715592706,42,0,0.2686578913224188,0.11557730117853654,-0.0008356453450282243,0.0
77,2,0,11,real,5045,21,0.40191363005981806,42,0,0.2776173834435407,0.10239505412599882,0.021901192490278516,0.0
77,2,0,29,real,5045,21,0.40729141251517964,42,0,0.26813070884859336,0.11583514734552416,0.02332555632106213,0.0
77,2,1,11,real,5045,21,0.4116531091149366,42,5066,0.27593741751536716,0.10882491471511395,0.011328745745123731,0.015562031139331743
77,2,1,29,real,5045,21,0.41876691936056676,42,5066,0.26567942201681016,0.11945390832730371,0.013651792543448366,0.01998179647300451
77,2,2,11,real,5045,21,0.3947475227447661,42,10132,0.2746223361223323,0.10908052157695568,0.01178776177190008,-0.0007430967264219677
77,2,2,29,real,5045,21,0.3970611637760719,42,10132,0.2652475872941613,0.12018713660710195,0.014060364177171287,-0.002433924302362648
77,2,4,11,real,5045,21,0.34579659562671716,42,20264,0.27085744778866694,0.11170680197240318,0.011803504711165645,-0.048571158845518644
77,2,4,29,real,5045,21,0.34362538622994976,42,20264,0.2622765209305026,0.11818821446648853,0.01573717932588036,-0.052576528492921756
77,4,0,11,perm,5045,21,0.3792974274994131,84,0,0.2780753291745288,0.10132445224694375,-0.00010235392205948379,0.0
77,4,0,29,perm,5045,21,0.38337946906910725,84,0,0.2687992396936305,0.11549575127065814,-0.0009155218951814037,0.0
77,4,0,11,real,5045,21,0.4205282844721986,84,0,0.2771667229390623,0.10297093080530342,0.04039063072783281,0.0
77,4,0,29,real,5045,21,0.4252473315750136,84,0,0.26875399825136503,0.11580272018714222,0.04069061313650635,0.0
77,4,1,11,real,5045,21,0.41764644021990915,84,5066,0.27549123662966213,0.1099721575049857,0.023219599464303794,0.008963446620957511
77,4,1,29,real,5045,21,0.421840125432312,84,5066,0.2658991547079067,0.12019104259332154,0.02339249050848589,0.012357437622597814
77,4,2,11,real,5045,21,0.4004395934134404,84,10132,0.2744768659062653,0.10992197893027422,0.023530522656388605,-0.007489774079487735
77,4,2,29,real,5045,21,0.39901047667385425,84,10132,0.2655327037931208,0.1205665372433723,0.023385290466169693,-0.010474054828808466
77,4,4,11,real,5045,21,0.3513881837121374,84,20264,0.2709420073411194,0.11246065885546826,0.023424809654894165,-0.05543929213934442
77,4,4,29,real,5045,21,0.34679826548731807,84,20264,0.26341078534836304,0.11850041875666818,0.025282913008266572,-0.06039585162597976
77,8,0,11,perm,5045,21,0.37849635756198763,168,0,0.27802034326252967,0.10139325221192289,-0.0009172379124649706,0.0
77,8,0,29,perm,5045,21,0.38260191348355854,168,0,0.2688072143894863,0.1155134892988209,-0.001718790204748614,0.0
77,8,0,11,real,5045,21,0.4304244608272034,168,0,0.2771827862525234,0.10281825081418632,0.05042342376049367,0.0
77,8,0,29,real,5045,21,0.4355834064101112,168,0,0.2685929384439709,0.11586422657029298,0.051126241395847295,0.0
77,8,1,11,real,5045,21,0.42587129119413025,168,5066,0.27553708526162474,0.10967640541703239,0.03247337319574013,0.008184427319732982
77,8,1,29,real,5045,21,0.4293494496668926,168,5066,0.2657372891002301,0.12022746194099779,0.03242768988544689,0.010957008740217869
77,8,2,11,real,5045,21,0.40547670556233006,168,10132,0.27435030226028534,0.10996979809889798,0.03110484748584196,-0.009948242282695242
77,8,2,29,real,5045,21,0.4038648334242254,168,10132,0.26556440157806105,0.12062551714230242,0.030984944129090527,-0.013310029425228576
77,8,4,11,real,5045,21,0.355549290979153,168,20264,0.27116068430322315,0.11259514154281754,0.03034517998000584,-0.0585517148468936
77,8,4,29,real,5045,21,0.3520001313528587,168,20264,0.2635841646454928,0.11880690609776773,0.032861726751592726,-0.06325266614199455
83,1,0,11,perm,1604,10,0.13870203645640355,10,0,0.09188722862828602,0.04976816177057546,-0.002953353942457937,0.0
83,1,0,29,perm,1604,10,0.12395469785447155,10,0,0.08545829561084414,0.03660309886279238,0.0018933033808350246,0.0
83,1,0,11,real,1604,10,0.1905976586460979,10,0,0.09058220427488414,0.056430773221928264,0.0435846811492855,0.0
83,1,0,29,real,1604,10,0.17710701233156656,10,0,0.08654431036334344,0.044087787765179645,0.04647491420304346,0.0
83,1,1,11,real,1604,10,0.2759485391304245,10,1614,0.09062541058438306,0.07764195722954012,0.01709577400188141,0.0905853973146199
83,1,1,29,real,1604,10,0.2772939102292439,10,1614,0.08824498357871483,0.07047914048869725,0.017229179696399807,0.10134060646543197
83,1,2,11,real,1604,10,0.20345708669222484,10,3228,0.08982174785954114,0.08582170990953847,0.019370122322225652,0.008443506600919573
83,1,2,29,real,1604,10,0.21164075660074488,10,3228,0.09038602949938238,0.07891811330268145,0.02029479012124986,0.02204182367743119
83,1,4,11,real,1604,10,0.1499418880617125,10,6456,0.09281677935668702,0.09065029784750359,0.026040365295934387,-0.0595655544384125
83,1,4,29,real,1604,10,0.1297000600328434,10,6456,0.08900559237285238,0.07924380852485857,0.024768637336467933,-0.0633179782013355
83,2,0,11,perm,1604,10,0.13699408732691043,20,0,0.09185418075192094,0.04953460067053224,-0.004394694095542754,0.0
83,2,0,29,perm,1604,10,0.12377450910420573,20,0,0.08543978565306974,0.03667306864664397,0.0016616548044920223,0.0
83,2,0,11,real,1604,10,0.22146580177446085,20,0,0.09002178470902227,0.06154908017997488,0.0698949368854637,0.0
83,2,0,29,real,1604,10,0.22038726682525445,20,0,0.08563401689216255,0.04924503026161253,0.08550821967147937,0.0
83,2,1,11,real,1604,10,0.2668620949361423,20,1614,0.08938381432685161,0.0822537009349,0.024022606048915204,0.07120197362547549
83,2,1,29,real,1604,10,0.283931846240396,20,1614,0.08725731466381378,0.07575502472643042,0.03792069277477776,0.08299881407537404
83,2,2,11,real,1604,10,0.19852771304104666,20,3228,0.08883559660036573,0.0888363991342229,0.029046294381971142,-0.008190577075513128
83,2,2,29,real,1604,10,0.22306497605183184,20,3228,0.0893420464187143,0.08386655360416728,0.04357132397060241,0.006285052058347848
83,2,4,11,real,1604,10,0.14993851307306305,20,6456,0.09215647343584005,0.09218917628906999,0.03875451940933905,-0.07316165606118602
83,2,4,29,real,1604,10,0.14461634024544878,20,6456,0.08818725159371976,0.08346737871443052,0.050040815471768925,-0.07707910553447042
83,4,0,11,perm,1604,10,0.13604580732177218,40,0,0.09157216669584055,0.049689631035820116,-0.005215990409888478,0.0
83,4,0,29,perm,1604,10,0.12257317411167845,40,0,0.0853628245363838,0.03616177814453211,0.0010485714307625533,0.0
83,4,0,11,real,1604,10,0.2355907406217822,40,0,0.08975508851403674,0.06410128537523352,0.08173436673251194,0.0
83,4,0,29,real,1604,10,0.23092891844351027,40,0,0.08644371539000108,0.05111633755150326,0.09336886550200592,0.0
83,4,1,11,real,1604,10,0.2710037089959759,40,1614,0.08900122783988527,0.08425932759729295,0.03120160791464282,0.06654154564415488
83,4,1,29,real,1604,10,0.2861542106457685,40,1614,0.08786592669588737,0.07725223885882433,0.04190928481049354,0.07912676028056326
83,4,2,11,real,1604,10,0.20210844126407368,40,3228,0.08805008598697797,0.09069759790699797,0.036218529337315127,-0.012857771967217388
83,4,2,29,real,1604,10,0.22478021085067634,40,3228,0.08970304308152172,0.08589300075815054,0.0471655423768926,0.0020186246341114818
83,4,4,11,real,1604,10,0.15710171611700707,40,6456,0.09137256264381691,0.09387397658900747,0.04780539110087801,-0.07595021421669532
83,4,4,29,real,1604,10,0.1505043847734876,40,6456,0.08893785290039635,0.08495319796716833,0.055796950371344405,-0.07918361646542149
83,8,0,11,perm,1604,10,0.1339435032950358,80,0,0.09100083504978135,0.05075042345133484,-0.007807755206080402,0.0
83,8,0,29,perm,1604,10,0.11909951539002006,80,0,0.08544750815731669,0.036736374876320185,-0.0030843676436168215,0.0
83,8,0,11,real,1604,10,0.25682031637873715,80,0,0.09008048403968226,0.06517412927271446,0.10156570306634043,0.0
83,8,0,29,real,1604,10,0.2511259838139285,80,0,0.08746724646967553,0.05287914948571555,0.11077958785853738,0.0
83,8,1,11,real,1604,10,0.28093193077395273,80,1614,0.08886469386950034,0.08461624290443301,0.045971196302167894,0.061479797697851474
83,8,1,29,real,1604,10,0.2957617371663288,80,1614,0.088998791209119,0.07910420799224219,0.05392599242571468,0.07373274553925294
83,8,2,11,real,1604,10,0.21159680334450393,80,3228,0.0883657204454977,0.09128656936854906,0.050426075584409064,-0.018481562053951923
83,8,2,29,real,1604,10,0.23258144136451642,80,3228,0.09086083651058076,0.08695905371725818,0.05865959561799503,-0.0038980444813175503
83,8,4,11,real,1604,10,0.16808978715923562,80,6456,0.09169282763944846,0.09551429844429415,0.06223480136344739,-0.0813521402879544
83,8,4,29,real,1604,10,0.1576487777256057,80,6456,0.09024591337862896,0.08530638797393178,0.06724388278317117,-0.08514740641012619
85,1,0,11,perm,2190,22,0.36607449856348484,22,0,0.26924697340658094,0.09695796883359853,-0.00013044367669462487,0.0
85,1,0,29,perm,2190,22,0.37610865962194806,22,0,0.27108272828940383,0.10534356204673156,-0.0003176307141873336,0.0
85,1,0,11,real,2190,22,0.36808905888188714,22,0,0.26940270242623393,0.09689133701548525,0.0017950194401679664,0.0
85,1,0,29,real,2190,22,0.37782377252556165,22,0,0.27123102666365995,0.10536266421502166,0.001230081646880062,0.0
85,1,1,11,real,2190,22,0.384475676678274,22,2212,0.25946937159234906,0.09674255999594959,0.0017589179198462996,0.026504827170128975
85,1,1,29,real,2190,22,0.3996792926811942,22,2212,0.26270252558336893,0.10418669616590716,0.0014827587478718947,0.03130731218404617
85,1,2,11,real,2190,22,0.38908559088862804,22,4424,0.2589022145203471,0.09859846228063666,0.0018310812603954767,0.029753832827248805
85,1,2,29,real,2190,22,0.3977597033984699,22,4424,0.262906670325167,0.10552539048193826,0.0014952870723172196,0.027832355519047426
85,1,4,11,real,2190,22,0.3720513987396238,22,8848,0.26411436370119956,0.10645927677313283,0.0015747520083254272,-9.699374303399509e-05
85,1,4,29,real,2190,22,0.3793491004413254,22,8848,0.260599607950571,0.11043025393698298,0.0015466484382983998,0.006772590115472987
85,2,0,11,perm,2190,22,0.36604351677086466,44,0,0.2692697597063922,0.09689295745986606,-0.00011920039539362973,0.0
85,2,0,29,perm,2190,22,0.3756063099913972,44,0,0.2710859741894719,0.10543907001911954,-0.0009187342171942021,0.0
85,2,0,11,real,2190,22,0.37085236977642355,44,0,0.26868897007400416,0.09666386002171702,0.005499539680702399,0.0
85,2,0,29,real,2190,22,0.3828807985973982,44,0,0.27147324647194493,0.10468197384269275,0.00672557828276051,0.0
85,2,1,11,real,2190,22,0.38235567737899445,44,2212,0.2591854788846759,0.09705010222372643,0.0025393536304219497,0.023580742640170193
85,2,1,29,real,2190,22,0.4003187681353224,44,2212,0.2632277010190761,0.10430833937107717,0.004226835472437638,0.028555892272731465
85,2,2,11,real,2190,22,0.3870827004436612,44,4424,0.25870903902955344,0.09853683616494853,0.0028092969614201824,0.027027528287739078
85,2,2,29,real,2190,22,0.3981328906856356,44,4424,0.2635673918440853,0.10534429360230313,0.00418981671419873,0.025031388525048492
85,2,4,11,real,2190,22,0.36969977858957337,44,8848,0.2637888006045499,0.10651792071003234,0.002384661633442503,-0.002991604358451352
85,2,4,29,real,2190,22,0.37788392948795146,44,8848,0.2613118147639606,0.11019370054668051,0.003323984568008124,0.003054429609302264
85,4,0,11,perm,2190,22,0.36618322407313597,88,0,0.26941638455191363,0.09700739163272193,-0.0002405521114995923,0.0
85,4,0,29,perm,2190,22,0.37486607563700536,88,0,0.2711716418269398,0.10542882508565196,-0.0017343912755864073,0.0
85,4,0,11,real,2190,22,0.38139178483826475,88,0,0.2679969942369769,0.0968092342197368,0.016585556381551014,0.0
85,4,0,29,real,2190,22,0.3939611429244585,88,0,0.2707719873114288,0.10462126880030734,0.018567886812722346,0.0
85,4,1,11,real,2190,22,0.38919047998635603,88,2212,0.2586123290655613,0.09762944022891067,0.011496669191492215,0.021452041500391844
85,4,1,29,real,2190,22,0.4092609732966275,88,2212,0.26311276255844906,0.104388576794596,0.014636442836625222,0.027123191106957212
85,4,2,11,real,2190,22,0.3893570647792187,88,4424,0.25832619415724345,0.0994063434483617,0.009246156274071639,0.022378370899541918
85,4,2,29,real,2190,22,0.40284635226249565,88,4424,0.263841361379653,0.10553128498603807,0.012237221307958327,0.02123648458884625
85,4,4,11,real,2190,22,0.37204422402513493,88,8848,0.263473829417821,0.10699401090896396,0.009019333195546228,-0.007442949497196242
85,4,4,29,real,2190,22,0.38144908887317974,88,8848,0.2616608500458783,0.11029644089761927,0.010801830709174934,-0.0013100327794927644
85,8,0,11,perm,2190,22,0.3641801244308973,176,0,0.2696465421742571,0.09697074005383761,-0.002437157797197368,0.0
85,8,0,29,perm,2190,22,0.37392550547359826,176,0,0.2708131113594572,0.10546149416719967,-0.002349100053058606,0.0
85,8,0,11,real,2190,22,0.38442266722091134,176,0,0.26781422701300706,0.09732454831369176,0.0192838918942125,0.0
85,8,0,29,real,2190,22,0.39605641561238203,176,0,0.2706385767227301,0.10450476433665733,0.02091307455299457,0.0
85,8,1,11,real,2190,22,0.3913880051970212,176,2212,0.25869987391804616,0.09823242806844638,0.013599333207145256,0.0208563700033834
85,8,1,29,real,2190,22,0.41022376148504913,176,2212,0.2631377183648481,0.10437060030581886,0.01628694114216118,0.02642850167222095
85,8,2,11,real,2190,22,0.39143299674063525,176,4424,0.2583676190151467,0.10001738169058848,0.011307058461045644,0.02174093757385444
85,8,2,29,real,2190,22,0.40463952634073985,176,4424,0.2638801815329977,0.1056779318675088,0.014213668699808824,0.020867744240424525
85,8,4,11,real,2190,22,0.37326086915494505,176,8848,0.2637702129193278,0.10735264920229433,0.010649312619363452,-0.0085113055860405
85,8,4,29,real,2190,22,0.38099509905561046,176,8848,0.2614609762465896,0.11031932803266731,0.01183592300264675,-0.00262112822629317
90,1,0,11,perm,3701,10,0.39079567036758156,10,0,0.3301294189622748,0.061090694493655576,-0.00042444308834886185,0.0
90,1,0,29,perm,3701,10,0.3961803880127467,10,0,0.3382073576858735,0.058106636531000365,-0.00013360620412720495,0.0
90,1,0,11,real,3701,10,0.3920625538205287,10,0,0.3296659688607068,0.061228288728496554,0.0011682962313252498,0.0
90,1,0,29,real,3701,10,0.3973615527245984,10,0,0.3381141199264258,0.05817644718354729,0.0010709856146253007,0.0
90,1,1,11,real,3701,10,0.43955422441985337,10,3711,0.32765681111080336,0.07642629948691534,0.0011784918699958569,0.034292621952138815
90,1,1,29,real,3701,10,0.450286769645294,10,3711,0.3354902840725507,0.07368636788737423,0.0009420608530146997,0.04016805683235436
90,1,2,11,real,3701,10,0.39358515069058486,10,7422,0.3207881140957036,0.08020733299240607,0.0011278890257555665,-0.008538185423280432
90,1,2,29,real,3701,10,0.4086590519332236,10,7422,0.3295415543341225,0.08036154575810137,0.0008614658044587552,-0.0021055139634590285
90,1,4,11,real,3701,10,0.36492229542105725,10,14844,0.3169508292910729,0.0759839781508064,0.0009429990063631044,-0.028955511027185177
90,1,4,29,real,3701,10,0.37801837397985305,10,14844,0.33039939956556674,0.07235372100662428,0.0007377800738657218,-0.02547252666620365
90,2,0,11,perm,3701,10,0.3903519569638608,20,0,0.3302091076835939,0.0610779509584116,-0.0009351016781447193,0.0
90,2,0,29,perm,3701,10,0.39612728983111667,20,0,0.33819251748567847,0.05800505218578215,-7.027984034398602e-05,0.0
90,2,0,11,real,3701,10,0.3929360978289248,20,0,0.3292625798781734,0.06121444908011118,0.002459068870640161,0.0
90,2,0,29,real,3701,10,0.3981012283130472,20,0,0.3378683221364224,0.05812252128340356,0.002110384893221184,0.0
90,2,1,11,real,3701,10,0.440193824368342,20,3711,0.3272549178877425,0.07638316905527671,0.002366189991247343,0.034189547434075394
90,2,1,29,real,3701,10,0.451356093667306,20,3711,0.3353069627983375,0.07364818051942143,0.002107176824401637,0.04029377352514541
90,2,2,11,real,3701,10,0.39406365104196983,20,7422,0.32040828798459486,0.0802137184187291,0.0021992458634983725,-0.008757601224852538
90,2,2,29,real,3701,10,0.4091452945455557,20,7422,0.3292733121327857,0.08015702150124857,0.001860669979017552,-0.0021457090674961155
90,2,4,11,real,3701,10,0.36533999946542983,20,14844,0.3166649957633392,0.07600265193089893,0.0019308172220274533,-0.029258465450835738
90,2,4,29,real,3701,10,0.3788581635667133,20,14844,0.33016334277302595,0.07232089465937727,0.001811816076487671,-0.025437889942177588
90,4,0,11,perm,3701,10,0.38939079205623617,40,0,0.3302641342864957,0.061068624529784114,-0.0019419667600437118,0.0
90,4,0,29,perm,3701,10,0.3959176487098417,40,0,0.3380237367206477,0.0580683956757931,-0.00017448368659915095,0.0
90,4,0,11,real,3701,10,0.39533295827868853,40,0,0.32855217890012706,0.06205181566853869,0.004728963710022756,0.0
90,4,0,29,real,3701,10,0.40151173785617567,40,0,0.3383043882233934,0.05880620505681413,0.004401144575968149,0.0
90,4,1,11,real,3701,10,0.4409642354174991,40,3711,0.32674983546709196,0.07701221095859462,0.003824363194183518,0.03337782579762897
90,4,1,29,real,3701,10,0.4510675689807546,40,3711,0.33543381712896414,0.07423537862002494,0.0027512681068843545,0.03864710512488116
90,4,2,11,real,3701,10,0.39507741317189915,40,7422,0.3201183288049127,0.08083433545506472,0.0036757454198276065,-0.009550996507905897
90,4,2,29,real,3701,10,0.4104083550762597,40,7422,0.3297245232832492,0.08050403272604642,0.0032384688981123566,-0.0030586698311482743
90,4,4,11,real,3701,10,0.3671699876067571,40,14844,0.31641824634176985,0.07703171915007274,0.0035895998135801375,-0.029869577698665647
90,4,4,29,real,3701,10,0.3778021185981336,40,14844,0.3302354231527076,0.07204708766613035,0.0025300367403539212,-0.027010428961058302
90,8,0,11,perm,3701,10,0.38868129362345405,80,0,0.3304201741646551,0.06082417137901123,-0.0025630519202122963,0.0
90,8,0,29,perm,3701,10,0.3950005680452505,80,0,0.33784502251672865,0.05812454323030527,-0.0009689977017833621,0.0
90,8,0,11,real,3701,10,0.3958591285791855,80,0,0.32841219450299297,0.06260536157366997,0.004841572502522484,0.0
90,8,0,29,real,3701,10,0.4022545199742227,80,0,0.3380928664851832,0.05916687023707564,0.0049947832519638595,0.0
90,8,1,11,real,3701,10,0.4409258158088345,80,3711,0.32656351502437336,0.07738519265768296,0.003768127157916209,0.033208980968861934
90,8,1,29,real,3701,10,0.45102047624054886,80,3711,0.33525503178995525,0.07456338921824625,0.002949928445173148,0.038252126787174254
90,8,2,11,real,3701,10,0.3945675531719679,80,7422,0.3200012693281521,0.08100050376284962,0.0034525654005996744,-0.00988678531963356
90,8,2,29,real,3701,10,0.4107542377016341,80,7422,0.32947256897166377,0.0806875619740322,0.0037424420805972267,-0.003148335324659117
90,8,4,11,real,3701,10,0.36717178078667057,80,14844,0.3160983611038931,0.07729171588592654,0.0036767450507982176,-0.029895041253947298
90,8,4,29,real,3701,10,0.37792958118602293,80,14844,0.32971791865925837,0.07250207447315725,0.002921846215507608,-0.027212258161900326
92,1,0,11,perm,3593,18,0.287447486854041,18,0,0.20632537479241908,0.08207426762666464,-0.0009521555650427449,0.0
92,1,0,29,perm,3593,18,0.26958639750164315,18,0,0.18417006361255714,0.08581774101922864,-0.00040140713014262064,0.0
92,1,0,11,real,3593,18,0.3038463510142969,18,0,0.20490215348040025,0.08339646685804232,0.015547730675854318,0.0
92,1,0,29,real,3593,18,0.2823819630598683,18,0,0.18292227716645743,0.0865825881252752,0.01287709776813567,0.0
92,1,1,11,real,3593,18,0.28035487490668864,18,3611,0.19740622610125927,0.0852907264857393,0.013103299252233292,-0.01544537693254321
92,1,1,29,real,3593,18,0.27008225856526047,18,3611,0.17586408224586278,0.09223614074309014,0.009806412460928827,-0.007824376884621276
92,1,2,11,real,3593,18,0.26481313486778446,18,7222,0.1951823683442186,0.09115998854180207,0.010018698163092745,-0.031547920181328966
92,1,2,29,real,3593,18,0.25261538125014793,18,7222,0.17334412394446536,0.09681010076169451,0.007022358274301827,-0.024561201730313766
92,1,4,11,real,3593,18,0.20208871845070187,18,14444,0.18654145981891132,0.09342546546286781,0.011152776604097433,-0.08903098343517474
92,1,4,29,real,3593,18,0.19951759045773787,18,14444,0.1634831158860848,0.0965022468135216,0.007781347940120226,-0.06824912018198875
92,2,0,11,perm,3593,18,0.28705260149518486,36,0,0.2063350267359487,0.08217147155925869,-0.0014538968000225583,0.0
92,2,0,29,perm,3593,18,0.26996206247325516,36,0,0.18405646351506086,0.08580537400484775,0.00010022495334653197,0.0
92,2,0,11,real,3593,18,0.30718912231789064,36,0,0.20466634214939647,0.08338881966766948,0.019133960500824665,0.0
92,2,0,29,real,3593,18,0.28464010889673497,36,0,0.18281592605596472,0.08680504762623364,0.015019135214536572,0.0
92,2,1,11,real,3593,18,0.28390259181644095,36,3611,0.19715349906165675,0.08541383233330975,0.016735083215610642,-0.015399822794136209
92,2,1,29,real,3593,18,0.27252025557834414,36,3611,0.17569867069710748,0.09245900014350347,0.012067705764842082,-0.007705121027108925
92,2,2,11,real,3593,18,0.26810166637054,36,7222,0.1949287902421758,0.09124776099053761,0.013538981653609311,-0.03161386651578275
92,2,2,29,real,3593,18,0.2545116954841523,36,7222,0.17310262592175313,0.09697229192174968,0.00908118754583299,-0.024644409905183504
92,2,4,11,real,3593,18,0.20477533283901195,36,14444,0.18640069782539637,0.09362135085999251,0.014261637008932793,-0.08950835285530973
92,2,4,29,real,3593,18,0.2008781797404272,36,14444,0.16323203191296545,0.09671572915944374,0.009551462118263954,-0.06862104345024593
92,4,0,11,perm,3593,18,0.2869459180270785,72,0,0.206255555769752,0.08219963784398673,-0.0015092755866602894,0.0
92,4,0,29,perm,3593,18,0.2699291488587908,72,0,0.18421537062205243,0.08591495403574312,-0.00020117579900474913,0.0
92,4,0,11,real,3593,18,0.3179409068990854,72,0,0.20402248395552516,0.08359505305461498,0.030323369888945222,0.0
92,4,0,29,real,3593,18,0.295307684087746,72,0,0.18200013292382108,0.08722619655181635,0.026081354612108528,0.0
92,4,1,11,real,3593,18,0.2906250337501808,72,3611,0.19666116550672594,0.08573497573318792,0.025776603954067168,-0.01754771144380024
92,4,1,29,real,3593,18,0.2799725437089805,72,3611,0.17517263789002177,0.09309582242180632,0.02126956479333768,-0.009565481396185283
92,4,2,11,real,3593,18,0.2698652370267781,72,7222,0.19464448498258172,0.09152822077735756,0.02001739441217572,-0.036324863145336894
92,4,2,29,real,3593,18,0.25661041110453375,72,7222,0.17273921754453803,0.09755702643961524,0.01555099198448447,-0.02923682486410398
92,4,4,11,real,3593,18,0.20822550276175955,72,14444,0.18652190124024493,0.09406305008223002,0.02129997534582383,-0.09365942390653924
92,4,4,29,real,3593,18,0.20327955137706322,72,14444,0.16349779570676642,0.09685858727911927,0.016078946678629684,-0.07315577828745215
92,8,0,11,perm,3593,18,0.2860280208984368,144,0,0.20635814900307453,0.08230729773931664,-0.0026374258439543956,0.0
92,8,0,29,perm,3593,18,0.2695544962179578,144,0,0.18423889094013784,0.08590066283407238,-0.0005850575562524329,0.0
92,8,0,11,real,3593,18,0.3233612688417188,144,0,0.20473998478171435,0.08458588713242882,0.03403539692757562,0.0
92,8,0,29,real,3593,18,0.3016383124116253,144,0,0.18277548129798385,0.08728764344418889,0.03157518766945257,0.0
92,8,1,11,real,3593,18,0.2957720268187405,144,3611,0.19752738099253447,0.08686095014740312,0.029210019057650333,-0.017826323378847476
92,8,1,29,real,3593,18,0.2864060402310177,144,3611,0.17606959539049116,0.09342874475775206,0.026618289664820723,-0.009710589582046281
92,8,2,11,real,3593,18,0.27352790071332467,144,7222,0.1951658570744939,0.09265423519056587,0.02288104652220392,-0.03717323807393909
92,8,2,29,real,3593,18,0.26248890533781966,144,7222,0.17339100280882255,0.0977987044119326,0.020790424011498488,-0.029491225894434005
92,8,4,11,real,3593,18,0.2115336250012555,144,14444,0.18717298448594719,0.09500323293966599,0.024014416933317885,-0.09465700935767558
92,8,4,29,real,3593,18,0.2090143274438383,144,14444,0.16414731558697604,0.09719144595683794,0.021202061961725097,-0.07352649606170078
93,1,0,11,perm,3228,21,0.35183898359926424,21,0,0.23517194268001523,0.11720342990960535,-0.0005363889903563697,0.0
93,1,0,29,perm,3228,21,0.35464198596778995,21,0,0.24334131399474002,0.1114603333627397,-0.00015966138968975807,0.0
93,1,0,11,real,3228,21,0.3796216366188466,21,0,0.23430108021558674,0.11843416998360701,0.02688638641965285,0.0
93,1,0,29,real,3228,21,0.38192813427290184,21,0,0.24424737764350368,0.11162751557358662,0.026053241055811527,0.0
93,1,1,11,real,3228,21,0.3820149654502407,21,3249,0.23432512136939346,0.12505793756667366,0.011929389962949694,0.010702516551223912
93,1,1,29,real,3228,21,0.381465250926612,21,3249,0.24434292143796318,0.11710736673303751,0.010768553653222646,0.009246409102388635
93,1,2,11,real,3228,21,0.37547763529797407,21,6498,0.23259554885428785,0.12268469402669042,0.012224542838535263,0.007972849578460504
93,1,2,29,real,3228,21,0.3754012766277016,21,6498,0.24329232863854855,0.11758602951136837,0.011333758349337853,0.0031891601284468225
93,1,4,11,real,3228,21,0.34613385465013413,21,12996,0.2263514080306375,0.1246967426857184,0.014344921484061818,-0.01925921755028361
93,1,4,29,real,3228,21,0.34856053390879416,21,12996,0.2352648291903663,0.12046204216711902,0.013315811657295682,-0.020482149105986825
93,2,0,11,perm,3228,21,0.35164950169745435,42,0,0.2351489930923811,0.11727184795786677,-0.0007713393527935541,0.0
93,2,0,29,perm,3228,21,0.35440820686267316,42,0,0.24330184167787897,0.1114892455770238,-0.0003828803922296305,0.0
93,2,0,11,real,3228,21,0.38113613851191097,42,0,0.2342342680717257,0.11847767370492104,0.02842419673526423,0.0
93,2,0,29,real,3228,21,0.3825650608725739,42,0,0.2440682575622596,0.11171863015118358,0.0267781731591307,0.0
93,2,1,11,real,3228,21,0.3838125569246521,42,3249,0.23430378929712442,0.1251042586015896,0.01358459637663761,0.010819912649300451
93,2,1,29,real,3228,21,0.38224628321394594,42,3249,0.24417443054346938,0.11722627917441865,0.011546325075105534,0.009299248420952347
93,2,2,11,real,3228,21,0.37719776135712135,42,6498,0.232596656886726,0.12271208237009719,0.013839262837992137,0.008049759262305998
93,2,2,29,real,3228,21,0.3761806752402458,42,6498,0.24320029457995335,0.11760585743540601,0.0121220267745483,0.003252496450338093
93,2,4,11,real,3228,21,0.3474404247061468,42,12996,0.22632949438015773,0.12450996728554825,0.015871456195198797,-0.01927049315475801
93,2,4,29,real,3228,21,0.34951057334632774,42,12996,0.23511799640820435,0.12040589989781342,0.014254784953455805,-0.020268107913145882
93,4,0,11,perm,3228,21,0.3513793318377545,84,0,0.2352103159568352,0.11716620186442936,-0.0009971859835100814,0.0
93,4,0,29,perm,3228,21,0.3540564030594553,84,0,0.24337481050097334,0.11159017476432367,-0.0009085822058417421,0.0
93,4,0,11,real,3228,21,0.39331090588266626,84,0,0.2348312593433879,0.11876437157381022,0.03971527496546814,0.0
93,4,0,29,real,3228,21,0.39642909788177183,84,0,0.24401580517037497,0.11205043703677872,0.04036285567461815,0.0
93,4,1,11,real,3228,21,0.38571043603204536,84,3249,0.23475762199808867,0.125746583617802,0.019630996186847872,0.005575234229306809
93,4,1,29,real,3228,21,0.38517791937047985,84,3249,0.24409734590270185,0.118037845020194,0.0194372438086123,0.003605484638971663
93,4,2,11,real,3228,21,0.37835898605038276,84,6498,0.2328874435566513,0.12285624370050309,0.019847940299559202,0.0027673584936691586
93,4,2,29,real,3228,21,0.37872458428591504,84,6498,0.24274002702872421,0.11833585988364163,0.02005145510662341,-0.002402757733074246
93,4,4,11,real,3228,21,0.35112533954324876,84,12996,0.22684878811975814,0.12462297255239238,0.023043303225629475,-0.02338972435453124
93,4,4,29,real,3228,21,0.3530864065488666,84,12996,0.23496458286894453,0.1205836637954178,0.02282286763329668,-0.025284707748792455
93,8,0,11,perm,3228,21,0.3500394049498353,168,0,0.23517231954999343,0.11736192717691776,-0.002494841777075855,0.0
93,8,0,29,perm,3228,21,0.35326598875726667,168,0,0.24337856369715286,0.11175232220548349,-0.0018648971453696743,0.0
93,8,0,11,real,3228,21,0.4045372053957368,168,0,0.2343125620922757,0.11971709809644415,0.05050754520701694,0.0
93,8,0,29,real,3228,21,0.40882066357146885,168,0,0.2438873305918289,0.11216536628731012,0.05276796669232982,0.0
93,8,1,11,real,3228,21,0.39492370511450026,168,3249,0.23396624258411025,0.12622613300611613,0.029789680861681874,0.004941648662592001
93,8,1,29,real,3228,21,0.39499973199025773,168,3249,0.24360000785650485,0.11813054343992829,0.03075302544058843,0.0025161552532361265
93,8,2,11,real,3228,21,0.3820848280518533,168,6498,0.23219594447988645,0.12379661399829744,0.026982560810554123,-0.000890291236884732
93,8,2,29,real,3228,21,0.38116032209669015,168,6498,0.24235137243875318,0.11866311709271464,0.0275025782113158,-0.007356745646093519
93,8,4,11,real,3228,21,0.35327173387822564,168,12996,0.22618666419924782,0.12519711828492858,0.02955662460787936,-0.02766867321383016
93,8,4,29,real,3228,21,0.3543862306188241,168,12996,0.23456121827689336,0.12038503251941382,0.02997633311115886,-0.03053635328864194
