08:32:12 cost-meter start n=20
08:32:35 cost 1/20   23.4s E01_sexual_as_a_value_not_a_category/A03_is_there_a_rarity_position_dimension/R003_derivation_or_measurement/why_does_the_effect_shrink.py
08:32:35 cost 2/20    0.2s E01_sexual_as_a_value_not_a_category/A09_which_coordinate_is_more_basic/R032_扫描看不见这个性质_因为页面写的是比值_分母的区间从来不在句子里/c3_profile_under_shame.py
08:32:36 cost 3/20    0.4s E01_sexual_as_a_value_not_a_category/A03_is_there_a_rarity_position_dimension/R003_derivation_or_measurement/amplify_with_forced_choice.py
08:32:38 cost 4/20    2.2s E01_sexual_as_a_value_not_a_category/A03_is_there_a_rarity_position_dimension/R003_derivation_or_measurement/redraw_114_and_101.py
08:32:38 cost 5/20    0.2s E01_sexual_as_a_value_not_a_category/A01_what_this_release_can_answer_at_all/R001_schema/acquired_vs_liked.py
08:32:40 cost 6/20    2.4s E03_what_an_instrument_would_have_to_be/A20_how_many_instruments/R108_频率是不是规范换了个说法/is_frequency_just_norms.py
08:32:41 cost 7/20    0.4s E03_what_an_instrument_would_have_to_be/A20_how_many_instruments/R106_每条声明各靠几具仪器/instrument_audit.py
08:32:44 cost 8/20    3.0s E01_sexual_as_a_value_not_a_category/A06_can_component_three_earn_a_name/R010_这个项目花最多力气去证明的那个量_不是它手里最结实的那个/regress_out_the_named_candidate.py
08:32:45 cost 9/20    1.4s E01_sexual_as_a_value_not_a_category/A05_what_the_second_dimension_is/R005_shame_and_the_position/pairwise_block_pc_correlations.py
08:32:45 cost 10/20    0.2s E01_sexual_as_a_value_not_a_category/A08_the_schedule_and_what_moves_it/R020_稀有度解释类别层羞耻的_58_残差是噪声底的_5_倍/ncat_as_predictor.py
08:32:46 cost 11/20    0.4s E01_sexual_as_a_value_not_a_category/A04_is_the_public_face_honest/R004_does_leakage_need_a_noisy_covariat/triage_the_forty_naked_numbers.py
08:32:46 cost 12/20    0.2s E01_sexual_as_a_value_not_a_category/A08_the_schedule_and_what_moves_it/R021_六个坐标解释的东西里_中位_18_与_你报了多少_共线/all_outcomes.py
08:36:07 cost 13/20  200.7s E02_condemnation_is_not_rarity/A12_what_the_society_does_with_it/R059_五格里只有一格_越稀有越被谴责_不是关于做法的定律/replaced_by.py
08:36:08 cost 14/20    1.2s E01_sexual_as_a_value_not_a_category/A09_which_coordinate_is_more_basic/R029_两个锚是坏的_两种坏法_而都不报错/which_columns_partially_parse.py
08:36:08 cost 15/20    0.2s E01_sexual_as_a_value_not_a_category/A01_what_this_release_can_answer_at_all/R001_schema/out_of_sample_concentration.py
08:36:13 cost 16/20    4.4s E03_what_an_instrument_would_have_to_be/A21_is_it_one_block_for_everyone/R112_是不是所有人身上都是一块/one_block_for_everyone.py
08:36:13 cost 17/20    0.6s E01_sexual_as_a_value_not_a_category/A03_is_there_a_rarity_position_dimension/R003_derivation_or_measurement/row_preserving_null_more_seeds.py
08:36:13 cost 18/20    0.2s E01_sexual_as_a_value_not_a_category/A03_is_there_a_rarity_position_dimension/R003_derivation_or_measurement/does_the_seam_hold.py
08:36:14 cost 19/20    0.6s E01_sexual_as_a_value_not_a_category/A02_whether_any_of_it_is_reportable/R002_explorer_analysis_corpus/reconcile_max_vs_mean.py
08:36:15 cost 20/20    0.8s E03_what_an_instrument_would_have_to_be/A98_还有几条守则只靠拷贝活着/R308_数一数并把最大的那条搬走/run.py
08:36:15 cost-meter done mean=12.2s projected_parallel=17min
08:36:15 screen 1/836 IMPORT-ERROR     0.2s E01_sexual_as_a_value_not_a_category/A01_what_this_release_can_answer_at_all/R001_schema/acquired_vs_liked.py
08:36:15 screen 2/836 IMPORT-ERROR     0.2s E01_sexual_as_a_value_not_a_category/A01_what_this_release_can_answer_at_all/R001_schema/acquiescence_attack.py
08:36:15 screen 3/836 IMPORT-ERROR     0.2s E01_sexual_as_a_value_not_a_category/A01_what_this_release_can_answer_at_all/R001_schema/additivity.py
08:36:15 screen 4/836 IMPORT-ERROR     0.2s E01_sexual_as_a_value_not_a_category/A01_what_this_release_can_answer_at_all/R001_schema/agent_patient_axis.py
08:36:15 screen 5/836 IMPORT-ERROR     0.2s E01_sexual_as_a_value_not_a_category/A01_what_this_release_can_answer_at_all/R001_schema/attack_each_coordinate.py
08:36:15 screen 6/836 IMPORT-ERROR     0.2s E01_sexual_as_a_value_not_a_category/A01_what_this_release_can_answer_at_all/R001_schema/binning_null.py
08:36:16 screen 7/836 IMPORT-ERROR     0.4s E01_sexual_as_a_value_not_a_category/A01_what_this_release_can_answer_at_all/R001_schema/accumulation_curve.py
08:36:16 screen 8/836 IMPORT-ERROR     0.2s E01_sexual_as_a_value_not_a_category/A01_what_this_release_can_answer_at_all/R001_schema/breadth_has_no_shape.py
08:36:16 screen 9/836 IMPORT-ERROR     0.2s E01_sexual_as_a_value_not_a_category/A01_what_this_release_can_answer_at_all/R001_schema/breadth_or_attribution.py
08:36:16 screen 10/836 IMPORT-ERROR     0.4s E01_sexual_as_a_value_not_a_category/A01_what_this_release_can_answer_at_all/R001_schema/are_blocks_interchangeable.py
08:36:16 screen 11/836 IMPORT-ERROR     0.4s E01_sexual_as_a_value_not_a_category/A01_what_this_release_can_answer_at_all/R001_schema/attack_the_foundation.py
08:36:16 screen 12/836 IMPORT-ERROR     0.2s E01_sexual_as_a_value_not_a_category/A01_what_this_release_can_answer_at_all/R001_schema/column_kinds.py
08:36:16 screen 13/836 IMPORT-ERROR     0.4s E01_sexual_as_a_value_not_a_category/A01_what_this_release_can_answer_at_all/R001_schema/blocks_or_total_sample.py
08:36:16 screen 14/836 IMPORT-ERROR     0.2s E01_sexual_as_a_value_not_a_category/A01_what_this_release_can_answer_at_all/R001_schema/correlate_scan.py
08:36:16 screen 15/836 IMPORT-ERROR     0.2s E01_sexual_as_a_value_not_a_category/A01_what_this_release_can_answer_at_all/R001_schema/coverage_confound.py
08:36:16 screen 16/836 IMPORT-ERROR     0.2s E01_sexual_as_a_value_not_a_category/A01_what_this_release_can_answer_at_all/R001_schema/cv_cca_and_rarity.py
08:36:16 screen 17/836 IMPORT-ERROR     0.2s E01_sexual_as_a_value_not_a_category/A01_what_this_release_can_answer_at_all/R001_schema/deficit_reference_class.py
08:36:16 screen 18/836 IMPORT-ERROR     0.4s E01_sexual_as_a_value_not_a_category/A01_what_this_release_can_answer_at_all/R001_schema/coord_with_a_validated_measure.py
08:36:16 screen 19/836 OK               0.8s E01_sexual_as_a_value_not_a_category/A01_what_this_release_can_answer_at_all/R001_schema/additivity_variance_decomposition.py
08:36:16 screen 20/836 IMPORT-ERROR     0.2s E01_sexual_as_a_value_not_a_category/A01_what_this_release_can_answer_at_all/R001_schema/dimensionality.py
08:36:16 screen 21/836 IMPORT-ERROR     0.2s E01_sexual_as_a_value_not_a_category/A01_what_this_release_can_answer_at_all/R001_schema/disattenuation.py
08:36:16 screen 22/836 IMPORT-ERROR     0.4s E01_sexual_as_a_value_not_a_category/A01_what_this_release_can_answer_at_all/R001_schema/different_framing_same_question.py
08:36:16 screen 23/836 IMPORT-ERROR     0.4s E01_sexual_as_a_value_not_a_category/A01_what_this_release_can_answer_at_all/R001_schema/do_factors_reach_excluded_blocks.py
08:36:16 screen 24/836 IMPORT-ERROR     0.4s E01_sexual_as_a_value_not_a_category/A01_what_this_release_can_answer_at_all/R001_schema/does_matching_correct_or_just_subsample.py
08:36:16 screen 25/836 IMPORT-ERROR     0.4s E01_sexual_as_a_value_not_a_category/A01_what_this_release_can_answer_at_all/R001_schema/does_power_reach_outside.py
08:36:16 screen 26/836 IMPORT-ERROR     0.2s E01_sexual_as_a_value_not_a_category/A01_what_this_release_can_answer_at_all/R001_schema/escalating_match.py
08:36:16 screen 27/836 IMPORT-ERROR     0.4s E01_sexual_as_a_value_not_a_category/A01_what_this_release_can_answer_at_all/R001_schema/does_substance_reach_outside.py
08:36:16 screen 28/836 MISSING-INPUT    0.4s E01_sexual_as_a_value_not_a_category/A01_what_this_release_can_answer_at_all/R001_schema/does_the_count_saturate.py
08:36:16 screen 29/836 IMPORT-ERROR     0.2s E01_sexual_as_a_value_not_a_category/A01_what_this_release_can_answer_at_all/R001_schema/explode_multiselects.py
08:36:16 screen 30/836 IMPORT-ERROR     0.2s E01_sexual_as_a_value_not_a_category/A01_what_this_release_can_answer_at_all/R001_schema/gated_tree.py
08:36:16 screen 31/836 IMPORT-ERROR     0.2s E01_sexual_as_a_value_not_a_category/A01_what_this_release_can_answer_at_all/R001_schema/gcca.py
08:36:17 screen 32/836 IMPORT-ERROR     0.2s E01_sexual_as_a_value_not_a_category/A01_what_this_release_can_answer_at_all/R001_schema/induction_timing.py
08:36:17 screen 33/836 IMPORT-ERROR     0.2s E01_sexual_as_a_value_not_a_category/A01_what_this_release_can_answer_at_all/R001_schema/intensity_leakage.py
08:36:17 screen 34/836 IMPORT-ERROR     0.8s E01_sexual_as_a_value_not_a_category/A01_what_this_release_can_answer_at_all/R001_schema/erotic_covariates.py
08:36:17 screen 35/836 IMPORT-ERROR     0.2s E01_sexual_as_a_value_not_a_category/A01_what_this_release_can_answer_at_all/R001_schema/joint_factorisation.py
08:36:17 screen 36/836 IMPORT-ERROR     0.4s E01_sexual_as_a_value_not_a_category/A01_what_this_release_can_answer_at_all/R001_schema/item_margin_done_properly.py
08:36:17 screen 37/836 IMPORT-ERROR     0.2s E01_sexual_as_a_value_not_a_category/A01_what_this_release_can_answer_at_all/R001_schema/leave_one_block_out.py
08:36:17 screen 38/836 IMPORT-ERROR     0.2s E01_sexual_as_a_value_not_a_category/A01_what_this_release_can_answer_at_all/R001_schema/manifold_mde.py
08:36:17 screen 39/836 IMPORT-ERROR     0.2s E01_sexual_as_a_value_not_a_category/A01_what_this_release_can_answer_at_all/R001_schema/matched_modality.py
08:36:17 screen 40/836 IMPORT-ERROR     0.2s E01_sexual_as_a_value_not_a_category/A01_what_this_release_can_answer_at_all/R001_schema/matching_removed_it.py
08:36:18 screen 41/836 IMPORT-ERROR     0.2s E01_sexual_as_a_value_not_a_category/A01_what_this_release_can_answer_at_all/R001_schema/modality_invariance.py
08:36:18 screen 42/836 IMPORT-ERROR     0.2s E01_sexual_as_a_value_not_a_category/A01_what_this_release_can_answer_at_all/R001_schema/named_axis_prediction.py
08:36:18 screen 43/836 IMPORT-ERROR     0.2s E01_sexual_as_a_value_not_a_category/A01_what_this_release_can_answer_at_all/R001_schema/nestedness.py
08:36:18 screen 44/836 IMPORT-ERROR     0.2s E01_sexual_as_a_value_not_a_category/A01_what_this_release_can_answer_at_all/R001_schema/non_sexual_variables.py
08:36:18 screen 45/836 IMPORT-ERROR     0.2s E01_sexual_as_a_value_not_a_category/A01_what_this_release_can_answer_at_all/R001_schema/off_manifold.py
08:36:19 screen 46/836 IMPORT-ERROR     0.8s E01_sexual_as_a_value_not_a_category/A01_what_this_release_can_answer_at_all/R001_schema/one_structure_or_two.py
08:36:19 screen 47/836 IMPORT-ERROR     0.2s E01_sexual_as_a_value_not_a_category/A01_what_this_release_can_answer_at_all/R001_schema/onset_beyond_preference.py
08:36:19 screen 48/836 OK               3.0s E01_sexual_as_a_value_not_a_category/A01_what_this_release_can_answer_at_all/R001_schema/is_breadth_content.py
08:36:19 screen 49/836 IMPORT-ERROR     0.2s E01_sexual_as_a_value_not_a_category/A01_what_this_release_can_answer_at_all/R001_schema/onset_census.py
08:36:20 screen 50/836 OK               3.4s E01_sexual_as_a_value_not_a_category/A01_what_this_release_can_answer_at_all/R001_schema/feasibility_or_role.py
08:36:20 screen 51/836 IMPORT-ERROR     0.2s E01_sexual_as_a_value_not_a_category/A01_what_this_release_can_answer_at_all/R001_schema/option_census.py
08:36:20 screen 52/836 IMPORT-ERROR     0.2s E01_sexual_as_a_value_not_a_category/A01_what_this_release_can_answer_at_all/R001_schema/out_of_sample_concentration.py
08:36:20 screen 53/836 IMPORT-ERROR     0.2s E01_sexual_as_a_value_not_a_category/A01_what_this_release_can_answer_at_all/R001_schema/pc1_transfer.py
08:36:20 screen 54/836 IMPORT-ERROR     0.2s E01_sexual_as_a_value_not_a_category/A01_what_this_release_can_answer_at_all/R001_schema/placebo_contrast.py
08:36:20 screen 55/836 IMPORT-ERROR     0.8s E01_sexual_as_a_value_not_a_category/A01_what_this_release_can_answer_at_all/R001_schema/onset_rsa_framing_swap.py
08:36:25 screen 56/836 OK               4.5s E01_sexual_as_a_value_not_a_category/A01_what_this_release_can_answer_at_all/R001_schema/relationality_predicts_onset.py
08:36:26 screen 57/836 OK               6.7s E01_sexual_as_a_value_not_a_category/A01_what_this_release_can_answer_at_all/R001_schema/power_substance_ladder.py
08:36:27 screen 58/836 IMPORT-ERROR     0.2s E01_sexual_as_a_value_not_a_category/A01_what_this_release_can_answer_at_all/R001_schema/reliability_ceilings.py
08:36:31 screen 59/836 OK               6.3s E01_sexual_as_a_value_not_a_category/A01_what_this_release_can_answer_at_all/R001_schema/reliability_ceiling.py
08:36:31 screen 60/836 IMPORT-ERROR     0.2s E01_sexual_as_a_value_not_a_category/A01_what_this_release_can_answer_at_all/R001_schema/residual_spectrum.py
08:36:42 screen 61/836 OK              25.2s E01_sexual_as_a_value_not_a_category/A01_what_this_release_can_answer_at_all/R001_schema/is_the_order_individual.py
08:36:42 screen 62/836 IMPORT-ERROR     0.2s E01_sexual_as_a_value_not_a_category/A01_what_this_release_can_answer_at_all/R001_schema/role_variance.py
08:36:57 screen 63/836 OK              14.9s E01_sexual_as_a_value_not_a_category/A01_what_this_release_can_answer_at_all/R001_schema/schedule_as_a_ranking_task.py
08:37:04 screen 64/836 OK              46.3s E01_sexual_as_a_value_not_a_category/A01_what_this_release_can_answer_at_all/R001_schema/nestedness_synthetic_controls.py
08:37:08 screen 65/836 OK              51.7s E01_sexual_as_a_value_not_a_category/A01_what_this_release_can_answer_at_all/R001_schema/group_level_orderings.py
08:37:08 screen 66/836 IMPORT-ERROR     0.2s E01_sexual_as_a_value_not_a_category/A01_what_this_release_can_answer_at_all/R001_schema/schema.py
08:37:08 screen 67/836 IMPORT-ERROR     0.2s E01_sexual_as_a_value_not_a_category/A01_what_this_release_can_answer_at_all/R001_schema/shared_schedule.py
08:37:10 screen 68/836 MISSING-INPUT    1.2s E01_sexual_as_a_value_not_a_category/A01_what_this_release_can_answer_at_all/R001_schema/shrink_the_person_effect.py
08:37:10 screen 69/836 IMPORT-ERROR     0.2s E01_sexual_as_a_value_not_a_category/A01_what_this_release_can_answer_at_all/R001_schema/single_interest_power.py
08:37:14 screen 70/836 OK               3.8s E01_sexual_as_a_value_not_a_category/A01_what_this_release_can_answer_at_all/R001_schema/source_asymmetry_uncentred.py
08:37:14 screen 71/836 IMPORT-ERROR     0.2s E01_sexual_as_a_value_not_a_category/A01_what_this_release_can_answer_at_all/R001_schema/source_or_orientation.py
08:37:14 screen 72/836 IMPORT-ERROR     0.2s E01_sexual_as_a_value_not_a_category/A01_what_this_release_can_answer_at_all/R001_schema/specification_grid.py
08:37:14 screen 73/836 IMPORT-ERROR     0.2s E01_sexual_as_a_value_not_a_category/A01_what_this_release_can_answer_at_all/R001_schema/svd_naming_failed.py
08:37:15 screen 74/836 IMPORT-ERROR     0.4s E01_sexual_as_a_value_not_a_category/A01_what_this_release_can_answer_at_all/R001_schema/synthetic_rival_world.py
08:37:18 screen 75/836 OK              21.4s E01_sexual_as_a_value_not_a_category/A01_what_this_release_can_answer_at_all/R001_schema/schedule_or_rarity.py
08:37:21 screen 76/836 OK               3.0s E01_sexual_as_a_value_not_a_category/A01_what_this_release_can_answer_at_all/R001_schema/the_control_was_the_thing.py
08:37:22 screen 77/836 IMPORT-ERROR     0.6s E01_sexual_as_a_value_not_a_category/A01_what_this_release_can_answer_at_all/R001_schema/the_item_margin.py
08:37:25 screen 78/836 OK               3.4s E01_sexual_as_a_value_not_a_category/A01_what_this_release_can_answer_at_all/R001_schema/the_last_survivor.py
08:37:30 screen 79/836 OK               4.4s E01_sexual_as_a_value_not_a_category/A01_what_this_release_can_answer_at_all/R001_schema/the_tie_bias.py
08:37:30 screen 80/836 IMPORT-ERROR     0.6s E01_sexual_as_a_value_not_a_category/A01_what_this_release_can_answer_at_all/R001_schema/the_unit_is_the_category.py
08:37:30 screen 81/836 IMPORT-ERROR     0.2s E01_sexual_as_a_value_not_a_category/A01_what_this_release_can_answer_at_all/R001_schema/theta_or_coordinates.py
08:37:31 screen 82/836 IMPORT-ERROR     0.2s E01_sexual_as_a_value_not_a_category/A01_what_this_release_can_answer_at_all/R001_schema/three_role_axes.py
08:37:31 screen 83/836 IMPORT-ERROR     0.2s E01_sexual_as_a_value_not_a_category/A01_what_this_release_can_answer_at_all/R001_schema/timing_mde.py
08:37:31 screen 84/836 IMPORT-ERROR     0.2s E01_sexual_as_a_value_not_a_category/A01_what_this_release_can_answer_at_all/R001_schema/unit_vs_tempo.py
08:37:31 screen 85/836 IMPORT-ERROR     0.2s E01_sexual_as_a_value_not_a_category/A01_what_this_release_can_answer_at_all/R001_schema/which_pairs_transfer.py
08:37:33 screen 86/836 IMPORT-ERROR     1.9s E01_sexual_as_a_value_not_a_category/A01_what_this_release_can_answer_at_all/R001_schema/whitened_discriminant.py
08:37:35 screen 87/836 MISSING-INPUT    1.4s E01_sexual_as_a_value_not_a_category/A01_what_this_release_can_answer_at_all/R001_schema/why_the_gate_failed.py
08:37:35 screen 88/836 IMPORT-ERROR     0.2s E01_sexual_as_a_value_not_a_category/A01_what_this_release_can_answer_at_all/R001_schema/why_the_null_tied.py
08:37:35 screen 89/836 IMPORT-ERROR     0.6s E01_sexual_as_a_value_not_a_category/A01_what_this_release_can_answer_at_all/R001_schema/within_block_vs_cross_domain.py
08:37:41 screen 90/836 OK              85.4s E01_sexual_as_a_value_not_a_category/A01_what_this_release_can_answer_at_all/R001_schema/concentration_k_sweep.py
08:37:42 screen 91/836 OK              75.5s E01_sexual_as_a_value_not_a_category/A01_what_this_release_can_answer_at_all/R001_schema/reprice_the_capped_headlines.py
08:37:45 screen 92/836 OK               3.2s E01_sexual_as_a_value_not_a_category/A02_whether_any_of_it_is_reportable/R002_explorer_analysis_corpus/forced_choice_vs_induction.py
08:38:03 screen 93/836 OK              17.5s E01_sexual_as_a_value_not_a_category/A02_whether_any_of_it_is_reportable/R002_explorer_analysis_corpus/gated_vs_ungated_outcome.py
08:38:05 screen 94/836 IMPORT-ERROR     2.0s E01_sexual_as_a_value_not_a_category/A02_whether_any_of_it_is_reportable/R002_explorer_analysis_corpus/graded_positive_control.py
08:38:07 screen 95/836 MISSING-INPUT    2.0s E01_sexual_as_a_value_not_a_category/A02_whether_any_of_it_is_reportable/R002_explorer_analysis_corpus/is_the_coverage_law_one_point.py
08:38:07 screen 96/836 IMPORT-ERROR     0.2s E01_sexual_as_a_value_not_a_category/A02_whether_any_of_it_is_reportable/R002_explorer_analysis_corpus/item_person_interaction.py
08:38:56 screen 97/836 OK             101.6s E01_sexual_as_a_value_not_a_category/A01_what_this_release_can_answer_at_all/R001_schema/the_cap_audit_rerun.py
08:39:25 screen 98/836 OK             185.0s E01_sexual_as_a_value_not_a_category/A01_what_this_release_can_answer_at_all/R001_schema/rarity_or_censoring.py
08:39:29 screen 99/836 OK               3.8s E01_sexual_as_a_value_not_a_category/A02_whether_any_of_it_is_reportable/R002_explorer_analysis_corpus/predictable_variance_sort.py
08:39:31 screen 100/836 IMPORT-ERROR     1.8s E01_sexual_as_a_value_not_a_category/A02_whether_any_of_it_is_reportable/R002_explorer_analysis_corpus/published_estimand_seed_spread.py
08:39:35 screen 101/836 MISSING-INPUT    4.0s E01_sexual_as_a_value_not_a_category/A02_whether_any_of_it_is_reportable/R002_explorer_analysis_corpus/rank_selected_by_prediction.py
08:39:37 screen 102/836 IMPORT-ERROR     2.4s E01_sexual_as_a_value_not_a_category/A02_whether_any_of_it_is_reportable/R002_explorer_analysis_corpus/reconcile_max_vs_mean.py
08:39:38 screen 103/836 IMPORT-ERROR     1.4s E01_sexual_as_a_value_not_a_category/A02_whether_any_of_it_is_reportable/R002_explorer_analysis_corpus/seed_spread_every_headline.py
08:39:39 screen 104/836 IMPORT-ERROR     0.4s E01_sexual_as_a_value_not_a_category/A02_whether_any_of_it_is_reportable/R002_explorer_analysis_corpus/sweep_K_on_every_deficit.py
08:39:39 screen 105/836 IMPORT-ERROR     0.4s E01_sexual_as_a_value_not_a_category/A02_whether_any_of_it_is_reportable/R002_explorer_analysis_corpus/triple_matched_resolvability.py
08:39:40 screen 106/836 MISSING-INPUT    0.4s E01_sexual_as_a_value_not_a_category/A03_is_there_a_rarity_position_dimension/R003_derivation_or_measurement/amplify_with_forced_choice.py
08:39:41 screen 107/836 MISSING-INPUT    1.0s E01_sexual_as_a_value_not_a_category/A03_is_there_a_rarity_position_dimension/R003_derivation_or_measurement/are_the_two_lines_one_quantity.py
08:39:41 screen 108/836 MISSING-INPUT    0.8s E01_sexual_as_a_value_not_a_category/A03_is_there_a_rarity_position_dimension/R003_derivation_or_measurement/are_the_two_sides_isomorphic.py
08:39:59 screen 109/836 OK              17.2s E01_sexual_as_a_value_not_a_category/A03_is_there_a_rarity_position_dimension/R003_derivation_or_measurement/between_pair_dose.py
08:40:04 screen 110/836 MISSING-INPUT    5.2s E01_sexual_as_a_value_not_a_category/A03_is_there_a_rarity_position_dimension/R003_derivation_or_measurement/charge_the_shared_basis.py
08:40:05 screen 111/836 MISSING-INPUT    1.6s E01_sexual_as_a_value_not_a_category/A03_is_there_a_rarity_position_dimension/R003_derivation_or_measurement/compute_matched_general_vs_specific.py
08:40:07 screen 112/836 MISSING-INPUT    1.8s E01_sexual_as_a_value_not_a_category/A03_is_there_a_rarity_position_dimension/R003_derivation_or_measurement/control_at_the_derived_magnitude.py
08:40:11 screen 113/836 MISSING-INPUT    3.6s E01_sexual_as_a_value_not_a_category/A03_is_there_a_rarity_position_dimension/R003_derivation_or_measurement/derivation_or_measurement.py
08:40:12 screen 114/836 MISSING-INPUT    1.0s E01_sexual_as_a_value_not_a_category/A03_is_there_a_rarity_position_dimension/R003_derivation_or_measurement/diffuse_or_concentrated.py
08:40:14 screen 115/836 MISSING-INPUT    2.0s E01_sexual_as_a_value_not_a_category/A03_is_there_a_rarity_position_dimension/R003_derivation_or_measurement/direct_interaction_variance.py
08:40:16 screen 116/836 TIMEOUT        240.3s E01_sexual_as_a_value_not_a_category/A01_what_this_release_can_answer_at_all/R001_schema/coordinate_count_specification_curve.py
08:40:16 screen 117/836 TIMEOUT        240.3s E01_sexual_as_a_value_not_a_category/A01_what_this_release_can_answer_at_all/R001_schema/discriminant_validity.py
08:40:16 screen 118/836 MISSING-INPUT    0.4s E01_sexual_as_a_value_not_a_category/A03_is_there_a_rarity_position_dimension/R003_derivation_or_measurement/do_they_have_different_external_anchors.py
08:40:16 screen 119/836 TIMEOUT        240.1s E01_sexual_as_a_value_not_a_category/A01_what_this_release_can_answer_at_all/R001_schema/individual_order_with_a_stronger_instrument.py
08:40:17 screen 120/836 MISSING-INPUT    0.8s E01_sexual_as_a_value_not_a_category/A03_is_there_a_rarity_position_dimension/R003_derivation_or_measurement/does_it_arrive_as_a_package.py
08:40:19 screen 121/836 MISSING-INPUT    3.6s E01_sexual_as_a_value_not_a_category/A03_is_there_a_rarity_position_dimension/R003_derivation_or_measurement/disjointness_audit.py
08:40:20 screen 122/836 MISSING-INPUT    0.8s E01_sexual_as_a_value_not_a_category/A03_is_there_a_rarity_position_dimension/R003_derivation_or_measurement/does_the_80_percent_depend_on_the_summary.py
08:40:24 screen 123/836 OK               6.4s E01_sexual_as_a_value_not_a_category/A03_is_there_a_rarity_position_dimension/R003_derivation_or_measurement/does_order_matter.py
08:40:27 screen 124/836 MISSING-INPUT    3.8s E01_sexual_as_a_value_not_a_category/A03_is_there_a_rarity_position_dimension/R003_derivation_or_measurement/does_the_onset_link_survive_breadth.py
08:40:28 screen 125/836 MISSING-INPUT    1.0s E01_sexual_as_a_value_not_a_category/A03_is_there_a_rarity_position_dimension/R003_derivation_or_measurement/does_the_seam_hold.py
08:40:31 screen 126/836 TIMEOUT        240.2s E01_sexual_as_a_value_not_a_category/A01_what_this_release_can_answer_at_all/R001_schema/rival_world_full_categories.py
08:40:31 screen 127/836 MISSING-INPUT    3.0s E01_sexual_as_a_value_not_a_category/A03_is_there_a_rarity_position_dimension/R003_derivation_or_measurement/does_the_specific_spectrum_have_a_cliff.py
08:40:50 screen 128/836 OK              18.6s E01_sexual_as_a_value_not_a_category/A03_is_there_a_rarity_position_dimension/R003_derivation_or_measurement/dose_on_the_correct_null.py
08:40:52 screen 129/836 OK              20.5s E01_sexual_as_a_value_not_a_category/A03_is_there_a_rarity_position_dimension/R003_derivation_or_measurement/dose_with_balance_controlled.py
08:40:53 screen 130/836 OK              32.5s E01_sexual_as_a_value_not_a_category/A03_is_there_a_rarity_position_dimension/R003_derivation_or_measurement/does_the_map_radiate_outward.py
08:40:55 screen 131/836 MISSING-INPUT    2.2s E01_sexual_as_a_value_not_a_category/A03_is_there_a_rarity_position_dimension/R003_derivation_or_measurement/effective_rank_under_soft_threshold.py
08:40:58 screen 132/836 OK               5.6s E01_sexual_as_a_value_not_a_category/A03_is_there_a_rarity_position_dimension/R003_derivation_or_measurement/early_arrival_reshapes.py
08:40:58 screen 133/836 OK               8.2s E01_sexual_as_a_value_not_a_category/A03_is_there_a_rarity_position_dimension/R003_derivation_or_measurement/earliness_or_remembered_centrality.py
08:40:59 screen 134/836 MISSING-INPUT    1.4s E01_sexual_as_a_value_not_a_category/A03_is_there_a_rarity_position_dimension/R003_derivation_or_measurement/expansion_or_deepening.py
08:40:59 screen 135/836 MISSING-INPUT    4.4s E01_sexual_as_a_value_not_a_category/A03_is_there_a_rarity_position_dimension/R003_derivation_or_measurement/every_component_against_its_own_null.py
08:41:03 screen 136/836 MISSING-INPUT    4.4s E01_sexual_as_a_value_not_a_category/A03_is_there_a_rarity_position_dimension/R003_derivation_or_measurement/external_correlates.py
08:41:03 screen 137/836 MISSING-INPUT    0.8s E01_sexual_as_a_value_not_a_category/A03_is_there_a_rarity_position_dimension/R003_derivation_or_measurement/hardcoded_verdict_constants.py
08:41:04 screen 138/836 MISSING-INPUT    4.6s E01_sexual_as_a_value_not_a_category/A03_is_there_a_rarity_position_dimension/R003_derivation_or_measurement/gate_or_demographics.py
08:41:04 screen 139/836 TIMEOUT        240.3s E01_sexual_as_a_value_not_a_category/A01_what_this_release_can_answer_at_all/R001_schema/schedule_specification_curve.py
08:41:06 screen 140/836 MISSING-INPUT    1.8s E01_sexual_as_a_value_not_a_category/A03_is_there_a_rarity_position_dimension/R003_derivation_or_measurement/how_many_cross_block_dimensions.py
08:41:06 screen 141/836 MISSING-INPUT    2.2s E01_sexual_as_a_value_not_a_category/A03_is_there_a_rarity_position_dimension/R003_derivation_or_measurement/how_broad_is_the_minority.py
08:41:08 screen 142/836 MISSING-INPUT    2.2s E01_sexual_as_a_value_not_a_category/A03_is_there_a_rarity_position_dimension/R003_derivation_or_measurement/is_it_elevation_or_just_width.py
08:41:08 screen 143/836 MISSING-INPUT    2.4s E01_sexual_as_a_value_not_a_category/A03_is_there_a_rarity_position_dimension/R003_derivation_or_measurement/is_it_a_trait.py
08:41:09 screen 144/836 OK               5.6s E01_sexual_as_a_value_not_a_category/A03_is_there_a_rarity_position_dimension/R003_derivation_or_measurement/how_big_is_the_content_side.py
08:41:09 screen 145/836 MISSING-INPUT    0.6s E01_sexual_as_a_value_not_a_category/A03_is_there_a_rarity_position_dimension/R003_derivation_or_measurement/is_the_breadth_link_an_arithmetic_bound.py
08:41:10 screen 146/836 MISSING-INPUT    0.6s E01_sexual_as_a_value_not_a_category/A03_is_there_a_rarity_position_dimension/R003_derivation_or_measurement/is_the_first_bin_effect_censoring.py
08:41:10 screen 147/836 MISSING-INPUT    1.2s E01_sexual_as_a_value_not_a_category/A03_is_there_a_rarity_position_dimension/R003_derivation_or_measurement/is_it_reverse_recall.py
08:41:10 screen 148/836 MISSING-INPUT    0.6s E01_sexual_as_a_value_not_a_category/A03_is_there_a_rarity_position_dimension/R003_derivation_or_measurement/is_the_position_tendency_just_sex.py
08:41:11 screen 149/836 MISSING-INPUT    1.4s E01_sexual_as_a_value_not_a_category/A03_is_there_a_rarity_position_dimension/R003_derivation_or_measurement/is_the_recall_bias_personal.py
08:41:11 screen 150/836 MISSING-INPUT    2.0s E01_sexual_as_a_value_not_a_category/A03_is_there_a_rarity_position_dimension/R003_derivation_or_measurement/is_the_magnitude_shape_robust.py
08:41:12 screen 151/836 MISSING-INPUT    0.8s E01_sexual_as_a_value_not_a_category/A03_is_there_a_rarity_position_dimension/R003_derivation_or_measurement/is_the_trait_link_just_coverage.py
08:41:12 screen 152/836 MISSING-INPUT    0.4s E01_sexual_as_a_value_not_a_category/A03_is_there_a_rarity_position_dimension/R003_derivation_or_measurement/is_there_a_boundary_at_all.py
08:41:14 screen 153/836 MISSING-INPUT    2.6s E01_sexual_as_a_value_not_a_category/A03_is_there_a_rarity_position_dimension/R003_derivation_or_measurement/is_the_transfer_the_gate.py
08:41:15 screen 154/836 OTHER            3.0s E01_sexual_as_a_value_not_a_category/A03_is_there_a_rarity_position_dimension/R003_derivation_or_measurement/is_there_a_dose.py
08:41:15 screen 155/836 MISSING-INPUT    1.6s E01_sexual_as_a_value_not_a_category/A03_is_there_a_rarity_position_dimension/R003_derivation_or_measurement/magnitude_in_percentage_points.py
08:41:19 screen 156/836 MISSING-INPUT    3.6s E01_sexual_as_a_value_not_a_category/A03_is_there_a_rarity_position_dimension/R003_derivation_or_measurement/matched_dimensional_budget.py
08:41:19 screen 157/836 MISSING-INPUT    3.8s E01_sexual_as_a_value_not_a_category/A03_is_there_a_rarity_position_dimension/R003_derivation_or_measurement/matched_difference_correlates.py
08:41:20 screen 158/836 OK              21.5s E01_sexual_as_a_value_not_a_category/A03_is_there_a_rarity_position_dimension/R003_derivation_or_measurement/fix_the_null_and_name_the_direction.py
08:41:21 screen 159/836 MISSING-INPUT    2.2s E01_sexual_as_a_value_not_a_category/A03_is_there_a_rarity_position_dimension/R003_derivation_or_measurement/mixture_or_gradient.py
08:41:23 screen 160/836 MISSING-INPUT    2.2s E01_sexual_as_a_value_not_a_category/A03_is_there_a_rarity_position_dimension/R003_derivation_or_measurement/one_family_from_spiky_to_flat.py
08:41:24 screen 161/836 MISSING-INPUT    1.6s E01_sexual_as_a_value_not_a_category/A03_is_there_a_rarity_position_dimension/R003_derivation_or_measurement/paired_swap_diffuse.py
08:41:25 screen 162/836 MISSING-INPUT    1.2s E01_sexual_as_a_value_not_a_category/A03_is_there_a_rarity_position_dimension/R003_derivation_or_measurement/per_person_misfit.py
08:41:26 screen 163/836 MISSING-INPUT    0.8s E01_sexual_as_a_value_not_a_category/A03_is_there_a_rarity_position_dimension/R003_derivation_or_measurement/person_or_item.py
08:41:27 screen 164/836 MISSING-INPUT    1.2s E01_sexual_as_a_value_not_a_category/A03_is_there_a_rarity_position_dimension/R003_derivation_or_measurement/plants_rebased_on_the_null.py
08:41:36 screen 165/836 TIMEOUT        240.2s E01_sexual_as_a_value_not_a_category/A02_whether_any_of_it_is_reportable/R002_explorer_analysis_corpus/block_inclusion_sweep.py
08:41:39 screen 166/836 MISSING-INPUT    3.0s E01_sexual_as_a_value_not_a_category/A03_is_there_a_rarity_position_dimension/R003_derivation_or_measurement/rank_sweep_under_l1.py
08:41:39 screen 167/836 OK              11.9s E01_sexual_as_a_value_not_a_category/A03_is_there_a_rarity_position_dimension/R003_derivation_or_measurement/position_or_content.py
08:41:40 screen 168/836 OK              85.5s E01_sexual_as_a_value_not_a_category/A03_is_there_a_rarity_position_dimension/R003_derivation_or_measurement/direction_at_double_n.py
08:41:40 screen 169/836 MISSING-INPUT    0.4s E01_sexual_as_a_value_not_a_category/A03_is_there_a_rarity_position_dimension/R003_derivation_or_measurement/reaudit_with_gates.py
08:41:41 screen 170/836 OK               2.2s E01_sexual_as_a_value_not_a_category/A03_is_there_a_rarity_position_dimension/R003_derivation_or_measurement/rare_affinity_leave_block_out.py
08:41:41 screen 171/836 OK              19.7s E01_sexual_as_a_value_not_a_category/A03_is_there_a_rarity_position_dimension/R003_derivation_or_measurement/order_effect_vs_mean_rating.py
08:41:41 screen 172/836 TIMEOUT        240.3s E01_sexual_as_a_value_not_a_category/A02_whether_any_of_it_is_reportable/R002_explorer_analysis_corpus/fixed_margin_null.py
08:41:42 screen 173/836 OK               2.4s E01_sexual_as_a_value_not_a_category/A03_is_there_a_rarity_position_dimension/R003_derivation_or_measurement/rare_affinity_on_forced_choice.py
08:41:42 screen 174/836 IMPORT-ERROR     0.2s E01_sexual_as_a_value_not_a_category/A03_is_there_a_rarity_position_dimension/R003_derivation_or_measurement/reprice_the_three_axes.py
08:41:43 screen 175/836 MISSING-INPUT    1.8s E01_sexual_as_a_value_not_a_category/A03_is_there_a_rarity_position_dimension/R003_derivation_or_measurement/redraw_the_curveball_null.py
08:41:43 screen 176/836 MISSING-INPUT    2.0s E01_sexual_as_a_value_not_a_category/A03_is_there_a_rarity_position_dimension/R003_derivation_or_measurement/regularised_throughout.py
08:41:43 screen 177/836 MISSING-INPUT    1.4s E01_sexual_as_a_value_not_a_category/A03_is_there_a_rarity_position_dimension/R003_derivation_or_measurement/row_preserving_null_more_seeds.py
08:41:44 screen 178/836 OK               4.0s E01_sexual_as_a_value_not_a_category/A03_is_there_a_rarity_position_dimension/R003_derivation_or_measurement/recall_corrected_onsets.py
08:41:44 screen 179/836 MISSING-INPUT    1.2s E01_sexual_as_a_value_not_a_category/A03_is_there_a_rarity_position_dimension/R003_derivation_or_measurement/soft_threshold_the_interaction.py
08:41:45 screen 180/836 MISSING-INPUT    0.6s E01_sexual_as_a_value_not_a_category/A03_is_there_a_rarity_position_dimension/R003_derivation_or_measurement/split_delta_by_the_content_line.py
08:41:45 screen 181/836 MISSING-INPUT    1.4s E01_sexual_as_a_value_not_a_category/A03_is_there_a_rarity_position_dimension/R003_derivation_or_measurement/spiky_or_flat.py
08:41:45 screen 182/836 MISSING-INPUT    2.2s E01_sexual_as_a_value_not_a_category/A03_is_there_a_rarity_position_dimension/R003_derivation_or_measurement/sd_as_a_function_of_mean.py
08:41:45 screen 183/836 OK               4.2s E01_sexual_as_a_value_not_a_category/A03_is_there_a_rarity_position_dimension/R003_derivation_or_measurement/redraw_114_and_101.py
08:41:45 screen 184/836 MISSING-INPUT    1.2s E01_sexual_as_a_value_not_a_category/A03_is_there_a_rarity_position_dimension/R003_derivation_or_measurement/surprisal_conditioned_on_count.py
08:41:46 screen 185/836 MISSING-INPUT    0.8s E01_sexual_as_a_value_not_a_category/A03_is_there_a_rarity_position_dimension/R003_derivation_or_measurement/the_first_thing_you_ever_wanted.py
08:41:46 screen 186/836 MISSING-INPUT    0.6s E01_sexual_as_a_value_not_a_category/A03_is_there_a_rarity_position_dimension/R003_derivation_or_measurement/three_quantities_one_machine.py
08:41:47 screen 187/836 MISSING-INPUT    2.0s E01_sexual_as_a_value_not_a_category/A03_is_there_a_rarity_position_dimension/R003_derivation_or_measurement/surprisal_fixed_reference.py
08:41:47 screen 188/836 MISSING-INPUT    1.6s E01_sexual_as_a_value_not_a_category/A03_is_there_a_rarity_position_dimension/R003_derivation_or_measurement/the_four_way_decomposition.py
08:41:47 screen 189/836 MISSING-INPUT    0.6s E01_sexual_as_a_value_not_a_category/A03_is_there_a_rarity_position_dimension/R003_derivation_or_measurement/was_the_mechanism_already_in_the_ledger.py
08:41:47 screen 190/836 MISSING-INPUT    0.8s E01_sexual_as_a_value_not_a_category/A03_is_there_a_rarity_position_dimension/R003_derivation_or_measurement/what_are_the_extra_dimensions.py
08:41:47 screen 191/836 MISSING-INPUT    2.8s E01_sexual_as_a_value_not_a_category/A03_is_there_a_rarity_position_dimension/R003_derivation_or_measurement/symmetric_correction.py
08:41:48 screen 192/836 MISSING-INPUT    0.6s E01_sexual_as_a_value_not_a_category/A03_is_there_a_rarity_position_dimension/R003_derivation_or_measurement/what_versus_when_same_design.py
08:41:48 screen 193/836 MISSING-INPUT    2.6s E01_sexual_as_a_value_not_a_category/A03_is_there_a_rarity_position_dimension/R003_derivation_or_measurement/the_metric_was_never_swept.py
08:41:48 screen 194/836 MISSING-INPUT    0.6s E01_sexual_as_a_value_not_a_category/A03_is_there_a_rarity_position_dimension/R003_derivation_or_measurement/which_line_is_the_real_one.py
08:41:49 screen 195/836 MISSING-INPUT    0.6s E01_sexual_as_a_value_not_a_category/A04_is_the_public_face_honest/R004_does_leakage_need_a_noisy_covariat/does_leakage_need_a_noisy_covariate.py
08:41:51 screen 196/836 OK               4.8s E01_sexual_as_a_value_not_a_category/A03_is_there_a_rarity_position_dimension/R003_derivation_or_measurement/type_or_restructuring.py
08:41:52 screen 197/836 MISSING-INPUT    0.8s E01_sexual_as_a_value_not_a_category/A04_is_the_public_face_honest/R004_does_leakage_need_a_noisy_covariat/is_it_its_own_home.py
08:41:52 screen 198/836 OTHER            0.6s E01_sexual_as_a_value_not_a_category/A04_is_the_public_face_honest/R004_does_leakage_need_a_noisy_covariat/literals_printed_as_results.py
08:41:52 screen 199/836 OK               3.8s E01_sexual_as_a_value_not_a_category/A04_is_the_public_face_honest/R004_does_leakage_need_a_noisy_covariat/does_the_public_face_promise_precision.py
08:41:53 screen 200/836 OK               0.8s E01_sexual_as_a_value_not_a_category/A04_is_the_public_face_honest/R004_does_leakage_need_a_noisy_covariat/numbers_that_left_the_page.py
08:41:54 screen 201/836 OK               1.2s E01_sexual_as_a_value_not_a_category/A04_is_the_public_face_honest/R004_does_leakage_need_a_noisy_covariat/named_defects_still_live.py
08:41:54 screen 202/836 MISSING-INPUT    0.4s E01_sexual_as_a_value_not_a_category/A04_is_the_public_face_honest/R004_does_leakage_need_a_noisy_covariat/the_seventeen_uncited_lines.py
08:41:55 screen 203/836 OK              36.1s E01_sexual_as_a_value_not_a_category/A03_is_there_a_rarity_position_dimension/R003_derivation_or_measurement/memory_or_present_narrative.py
08:41:55 screen 204/836 MISSING-INPUT    0.6s E01_sexual_as_a_value_not_a_category/A04_is_the_public_face_honest/R004_does_leakage_need_a_noisy_covariat/triage_the_forty_naked_numbers.py
08:41:56 screen 205/836 OK               1.6s E01_sexual_as_a_value_not_a_category/A04_is_the_public_face_honest/R004_does_leakage_need_a_noisy_covariat/the_tenth_guard_and_a_census.py
08:41:56 screen 206/836 MISSING-INPUT    0.6s E01_sexual_as_a_value_not_a_category/A04_is_the_public_face_honest/R004_does_leakage_need_a_noisy_covariat/two_denominators_for_three_headline_claims.py
08:41:56 screen 207/836 MISSING-INPUT    0.6s E01_sexual_as_a_value_not_a_category/A04_is_the_public_face_honest/R004_does_leakage_need_a_noisy_covariat/widen_the_window.py
08:41:57 screen 208/836 MISSING-INPUT    0.6s E01_sexual_as_a_value_not_a_category/A05_what_the_second_dimension_is/R005_shame_and_the_position/bootstrap_the_whole_curve.py
08:41:57 screen 209/836 OK               4.0s E01_sexual_as_a_value_not_a_category/A04_is_the_public_face_honest/R004_does_leakage_need_a_noisy_covariat/qualifiers_stripped_from_surviving_numbers.py
08:42:00 screen 210/836 OK             103.2s E01_sexual_as_a_value_not_a_category/A03_is_there_a_rarity_position_dimension/R003_derivation_or_measurement/does_memory_pull_beloved_earlier.py
08:42:00 screen 211/836 OK               3.0s E01_sexual_as_a_value_not_a_category/A05_what_the_second_dimension_is/R005_shame_and_the_position/category_drift_across_age_bands.py
08:42:00 screen 212/836 OK               2.8s E01_sexual_as_a_value_not_a_category/A05_what_the_second_dimension_is/R005_shame_and_the_position/content_residual_against_shame.py
08:42:00 screen 213/836 MISSING-INPUT    0.6s E01_sexual_as_a_value_not_a_category/A05_what_the_second_dimension_is/R005_shame_and_the_position/curveball_on_the_main_delta.py
08:42:00 screen 214/836 MISSING-INPUT    0.6s E01_sexual_as_a_value_not_a_category/A05_what_the_second_dimension_is/R005_shame_and_the_position/delta_dose_curve_over_censoring.py
08:42:01 screen 215/836 MISSING-INPUT    0.8s E01_sexual_as_a_value_not_a_category/A05_what_the_second_dimension_is/R005_shame_and_the_position/delta_inside_the_residual.py
08:42:01 screen 216/836 OK               5.2s E01_sexual_as_a_value_not_a_category/A05_what_the_second_dimension_is/R005_shame_and_the_position/breadth_as_a_subject.py
08:42:02 screen 217/836 OK              14.2s E01_sexual_as_a_value_not_a_category/A03_is_there_a_rarity_position_dimension/R003_derivation_or_measurement/which_interests_move.py
08:42:02 screen 218/836 MISSING-INPUT    0.6s E01_sexual_as_a_value_not_a_category/A05_what_the_second_dimension_is/R005_shame_and_the_position/doubly_constrained_null.py
08:42:04 screen 219/836 OK               2.0s E01_sexual_as_a_value_not_a_category/A05_what_the_second_dimension_is/R005_shame_and_the_position/early_half_or_late_half.py
08:42:04 screen 220/836 OK               2.8s E01_sexual_as_a_value_not_a_category/A05_what_the_second_dimension_is/R005_shame_and_the_position/do_the_loadings_replicate.py
08:42:05 screen 221/836 MISSING-INPUT    0.6s E01_sexual_as_a_value_not_a_category/A05_what_the_second_dimension_is/R005_shame_and_the_position/early_half_or_late_half_slope.py
08:42:05 screen 222/836 MISSING-INPUT    0.8s E01_sexual_as_a_value_not_a_category/A05_what_the_second_dimension_is/R005_shame_and_the_position/is_animated_written_one_axis.py
08:42:05 screen 223/836 MISSING-INPUT    0.4s E01_sexual_as_a_value_not_a_category/A05_what_the_second_dimension_is/R005_shame_and_the_position/is_it_just_item_count.py
08:42:07 screen 224/836 TIMEOUT        240.2s E01_sexual_as_a_value_not_a_category/A02_whether_any_of_it_is_reportable/R002_explorer_analysis_corpus/modality_properly_gated.py
08:42:07 screen 225/836 OK               7.0s E01_sexual_as_a_value_not_a_category/A05_what_the_second_dimension_is/R005_shame_and_the_position/developmental_window_or_sequence_position.py
08:42:07 screen 226/836 OK               2.6s E01_sexual_as_a_value_not_a_category/A05_what_the_second_dimension_is/R005_shame_and_the_position/is_breadth_acquiescence.py
08:42:08 screen 227/836 MISSING-INPUT    0.4s E01_sexual_as_a_value_not_a_category/A05_what_the_second_dimension_is/R005_shame_and_the_position/is_the_loo_shape_a_sampling_fact.py
08:42:08 screen 228/836 OK               2.2s E01_sexual_as_a_value_not_a_category/A05_what_the_second_dimension_is/R005_shame_and_the_position/is_it_recall_distance.py
08:42:08 screen 229/836 OK               7.6s E01_sexual_as_a_value_not_a_category/A05_what_the_second_dimension_is/R005_shame_and_the_position/desex_the_content_score.py
08:42:08 screen 230/836 MISSING-INPUT    0.4s E01_sexual_as_a_value_not_a_category/A05_what_the_second_dimension_is/R005_shame_and_the_position/non_likert_panel.py
08:42:08 screen 231/836 MISSING-INPUT    1.0s E01_sexual_as_a_value_not_a_category/A05_what_the_second_dimension_is/R005_shame_and_the_position/is_it_shame_or_a_general_factor.py
08:42:08 screen 232/836 OK               7.4s E01_sexual_as_a_value_not_a_category/A05_what_the_second_dimension_is/R005_shame_and_the_position/discriminant_panel.py
08:42:09 screen 233/836 MISSING-INPUT    0.4s E01_sexual_as_a_value_not_a_category/A05_what_the_second_dimension_is/R005_shame_and_the_position/per_category_decomposition.py
08:42:09 screen 234/836 OK               1.6s E01_sexual_as_a_value_not_a_category/A05_what_the_second_dimension_is/R005_shame_and_the_position/look_at_the_loadings.py
08:42:10 screen 235/836 MISSING-INPUT    0.6s E01_sexual_as_a_value_not_a_category/A05_what_the_second_dimension_is/R005_shame_and_the_position/representation_or_live.py
08:42:10 screen 236/836 OK               2.0s E01_sexual_as_a_value_not_a_category/A05_what_the_second_dimension_is/R005_shame_and_the_position/pairwise_block_pc_correlations.py
08:42:10 screen 237/836 MISSING-INPUT    0.6s E01_sexual_as_a_value_not_a_category/A05_what_the_second_dimension_is/R005_shame_and_the_position/rerun_with_the_original_code.py
08:42:10 screen 238/836 OK               1.6s E01_sexual_as_a_value_not_a_category/A05_what_the_second_dimension_is/R005_shame_and_the_position/reliability_band.py
08:42:11 screen 239/836 MISSING-INPUT    0.4s E01_sexual_as_a_value_not_a_category/A05_what_the_second_dimension_is/R005_shame_and_the_position/rho_i_against_twenty_outcomes.py
08:42:11 screen 240/836 MISSING-INPUT    0.4s E01_sexual_as_a_value_not_a_category/A05_what_the_second_dimension_is/R005_shame_and_the_position/rho_panel_controlling_age.py
08:42:11 screen 241/836 MISSING-INPUT    0.4s E01_sexual_as_a_value_not_a_category/A05_what_the_second_dimension_is/R005_shame_and_the_position/shame_and_the_position.py
08:42:11 screen 242/836 MISSING-INPUT    0.4s E01_sexual_as_a_value_not_a_category/A05_what_the_second_dimension_is/R005_shame_and_the_position/the_distribution_of_rho_i.py
08:42:11 screen 243/836 MISSING-INPUT    0.4s E01_sexual_as_a_value_not_a_category/A05_what_the_second_dimension_is/R005_shame_and_the_position/the_second_item_direction.py
08:42:11 screen 244/836 OK               3.6s E01_sexual_as_a_value_not_a_category/A05_what_the_second_dimension_is/R005_shame_and_the_position/matched_conditioning_both_sides.py
08:42:11 screen 245/836 MISSING-INPUT    0.4s E01_sexual_as_a_value_not_a_category/A05_what_the_second_dimension_is/R005_shame_and_the_position/three_nulls_on_the_late_half.py
08:42:12 screen 246/836 MISSING-INPUT    0.4s E01_sexual_as_a_value_not_a_category/A05_what_the_second_dimension_is/R005_shame_and_the_position/three_predictors_one_outcome.py
08:42:12 screen 247/836 OTHER            0.4s E01_sexual_as_a_value_not_a_category/A05_what_the_second_dimension_is/R005_shame_and_the_position/two_nulls_one_quantity.py
08:42:12 screen 248/836 OK               4.2s E01_sexual_as_a_value_not_a_category/A05_what_the_second_dimension_is/R005_shame_and_the_position/nomological_profiles.py
08:42:12 screen 249/836 MISSING-INPUT    0.4s E01_sexual_as_a_value_not_a_category/A05_what_the_second_dimension_is/R005_shame_and_the_position/where_is_the_turning_point.py
08:42:12 screen 250/836 OK               3.8s E01_sexual_as_a_value_not_a_category/A05_what_the_second_dimension_is/R005_shame_and_the_position/raw_content_or_algebra.py
08:42:12 screen 251/836 MISSING-INPUT    0.4s E01_sexual_as_a_value_not_a_category/A05_what_the_second_dimension_is/R005_shame_and_the_position/which_categories_carry_the_late_half.py
08:42:12 screen 252/836 MISSING-INPUT    0.4s E01_sexual_as_a_value_not_a_category/A05_what_the_second_dimension_is/R005_shame_and_the_position/within_person_split_at_14.py
08:42:13 screen 253/836 MISSING-INPUT    0.4s E01_sexual_as_a_value_not_a_category/A06_can_component_three_earn_a_name/R006_尺子装对之后_第三个维度的正名是_breadth_而_189_的三个/delta_as_a_function_of_when_you_got_your_eighth.py
08:42:14 screen 254/836 OK               3.4s E01_sexual_as_a_value_not_a_category/A05_what_the_second_dimension_is/R005_shame_and_the_position/ten_outcomes_three_terms.py
08:42:14 screen 255/836 OK               2.0s E01_sexual_as_a_value_not_a_category/A06_can_component_three_earn_a_name/R006_尺子装对之后_第三个维度的正名是_breadth_而_189_的三个/content_structure_by_position_tertile.py
08:42:15 screen 256/836 OTHER          198.3s E01_sexual_as_a_value_not_a_category/A02_whether_any_of_it_is_reportable/R002_explorer_analysis_corpus/per_block_additive_floor.py
08:42:15 screen 257/836 OK               3.2s E01_sexual_as_a_value_not_a_category/A05_what_the_second_dimension_is/R005_shame_and_the_position/within_person_slope.py
08:42:15 screen 258/836 OK               2.6s E01_sexual_as_a_value_not_a_category/A06_can_component_three_earn_a_name/R006_尺子装对之后_第三个维度的正名是_breadth_而_189_的三个/do_the_breadth_types_predict_different_things.py
08:42:15 screen 259/836 OK               1.2s E01_sexual_as_a_value_not_a_category/A06_can_component_three_earn_a_name/R006_尺子装对之后_第三个维度的正名是_breadth_而_189_的三个/does_shame_attach_only_to_the_transgressive_half.py
08:42:16 screen 260/836 MISSING-INPUT    0.4s E01_sexual_as_a_value_not_a_category/A06_can_component_three_earn_a_name/R006_尺子装对之后_第三个维度的正名是_breadth_而_189_的三个/is_the_advantage_only_in_large_samples.py
08:42:16 screen 261/836 OK               4.8s E01_sexual_as_a_value_not_a_category/A05_what_the_second_dimension_is/R005_shame_and_the_position/two_loading_vectors.py
08:42:16 screen 262/836 OK              66.0s E01_sexual_as_a_value_not_a_category/A03_is_there_a_rarity_position_dimension/R003_derivation_or_measurement/is_the_schedule_a_mean_artifact.py
08:42:16 screen 263/836 MISSING-INPUT    0.4s E01_sexual_as_a_value_not_a_category/A06_can_component_three_earn_a_name/R006_尺子装对之后_第三个维度的正名是_breadth_而_189_的三个/recheck_the_retraction_with_the_better_instrument.py
08:42:17 screen 264/836 MISSING-INPUT    0.4s E01_sexual_as_a_value_not_a_category/A06_can_component_three_earn_a_name/R006_尺子装对之后_第三个维度的正名是_breadth_而_189_的三个/selection_amplification_or_heterogeneity.py
08:42:17 screen 265/836 MISSING-INPUT    0.4s E01_sexual_as_a_value_not_a_category/A06_can_component_three_earn_a_name/R006_尺子装对之后_第三个维度的正名是_breadth_而_189_的三个/the_als_loading_as_a_person_variable.py
08:42:17 screen 266/836 OK               1.0s E01_sexual_as_a_value_not_a_category/A06_can_component_three_earn_a_name/R006_尺子装对之后_第三个维度的正名是_breadth_而_189_的三个/results/content_structure_by_position_tertile__sign_probe.py
08:42:17 screen 267/836 OK               5.0s E01_sexual_as_a_value_not_a_category/A06_can_component_three_earn_a_name/R006_尺子装对之后_第三个维度的正名是_breadth_而_189_的三个/align_the_block_signs_and_see_who_it_hurts.py
08:42:17 screen 268/836 OK               3.2s E01_sexual_as_a_value_not_a_category/A06_can_component_three_earn_a_name/R006_尺子装对之后_第三个维度的正名是_breadth_而_189_的三个/does_it_survive_rating_residualisation.py
08:42:18 screen 269/836 OK               2.4s E01_sexual_as_a_value_not_a_category/A06_can_component_three_earn_a_name/R006_尺子装对之后_第三个维度的正名是_breadth_而_189_的三个/early_versus_late_acquired_rarity.py
08:42:18 screen 270/836 MISSING-INPUT    0.6s E01_sexual_as_a_value_not_a_category/A06_can_component_three_earn_a_name/R006_尺子装对之后_第三个维度的正名是_breadth_而_189_的三个/the_rate_curve_and_whether_it_is_a_surface.py
08:42:18 screen 271/836 OK               1.8s E01_sexual_as_a_value_not_a_category/A06_can_component_three_earn_a_name/R006_尺子装对之后_第三个维度的正名是_breadth_而_189_的三个/scan_the_ledger_for_false_negative_risk.py
08:42:19 screen 272/836 OK               2.2s E01_sexual_as_a_value_not_a_category/A06_can_component_three_earn_a_name/R006_尺子装对之后_第三个维度的正名是_breadth_而_189_的三个/the_contrast_on_a_disjoint_instrument.py
08:42:20 screen 273/836 OK               5.0s E01_sexual_as_a_value_not_a_category/A06_can_component_three_earn_a_name/R006_尺子装对之后_第三个维度的正名是_breadth_而_189_的三个/rebuild_the_shape_on_the_onset_instrument.py
08:42:21 screen 274/836 OK               3.4s E01_sexual_as_a_value_not_a_category/A06_can_component_three_earn_a_name/R007_对什么都说是_的人_其实不是对什么都说是/are_c3_and_D_the_same_thing.py
08:42:21 screen 275/836 OK               3.2s E01_sexual_as_a_value_not_a_category/A06_can_component_three_earn_a_name/R007_对什么都说是_的人_其实不是对什么都说是/does_breadth_have_block_level_structure.py
08:42:21 screen 276/836 OK               3.8s E01_sexual_as_a_value_not_a_category/A06_can_component_three_earn_a_name/R007_对什么都说是_的人_其实不是对什么都说是/do_the_breadth_types_survive_three_controls.py
08:42:22 screen 277/836 OK               4.0s E01_sexual_as_a_value_not_a_category/A06_can_component_three_earn_a_name/R007_对什么都说是_的人_其实不是对什么都说是/reissue_the_public_counts_with_the_seed_layer.py
08:42:22 screen 278/836 OK               4.4s E01_sexual_as_a_value_not_a_category/A06_can_component_three_earn_a_name/R007_对什么都说是_的人_其实不是对什么都说是/per_person_profile_strength.py
08:42:22 screen 279/836 OK               7.6s E01_sexual_as_a_value_not_a_category/A06_can_component_three_earn_a_name/R006_尺子装对之后_第三个维度的正名是_breadth_而_189_的三个/dose_response_for_the_person_signal.py
08:42:22 screen 280/836 MISSING-INPUT    0.4s E01_sexual_as_a_value_not_a_category/A06_can_component_three_earn_a_name/R009_一个计数的宽度_不来自分数有多强/clear_211_on_the_intersection.py
08:42:23 screen 281/836 MISSING-INPUT    0.4s E01_sexual_as_a_value_not_a_category/A06_can_component_three_earn_a_name/R009_一个计数的宽度_不来自分数有多强/does_rate_have_its_own_outcome_profile.py
08:42:23 screen 282/836 MISSING-INPUT    0.4s E01_sexual_as_a_value_not_a_category/A06_can_component_three_earn_a_name/R009_一个计数的宽度_不来自分数有多强/early_or_remembers_early.py
08:42:23 screen 283/836 OK               2.2s E01_sexual_as_a_value_not_a_category/A06_can_component_three_earn_a_name/R007_对什么都说是_的人_其实不是对什么都说是/transgressive_half_on_the_onset_instrument.py
08:42:23 screen 284/836 MISSING-INPUT    0.4s E01_sexual_as_a_value_not_a_category/A06_can_component_three_earn_a_name/R009_一个计数的宽度_不来自分数有多强/guard_12_and_the_intersection_retest.py
08:42:23 screen 285/836 MISSING-INPUT    0.4s E01_sexual_as_a_value_not_a_category/A06_can_component_three_earn_a_name/R009_一个计数的宽度_不来自分数有多强/rate_and_delta_from_disjoint_categories.py
08:42:23 screen 286/836 OK               0.6s E01_sexual_as_a_value_not_a_category/A06_can_component_three_earn_a_name/R009_一个计数的宽度_不来自分数有多强/guard_13_and_the_hand_written_direction_census.py
08:42:23 screen 287/836 MISSING-INPUT    0.6s E01_sexual_as_a_value_not_a_category/A06_can_component_three_earn_a_name/R009_一个计数的宽度_不来自分数有多强/which_clock_is_delta_a_function_of.py
08:42:24 screen 288/836 OK               3.0s E01_sexual_as_a_value_not_a_category/A06_can_component_three_earn_a_name/R008_宽度有形状_而它的第一个名字是_体液/does_the_profile_sharpen_with_shame.py
08:42:24 screen 289/836 OK               0.4s E01_sexual_as_a_value_not_a_category/A06_can_component_three_earn_a_name/R010_这个项目花最多力气去证明的那个量_不是它手里最结实的那个/guard_11_seed_layer_and_rescan.py
08:42:24 screen 290/836 OK               0.4s E01_sexual_as_a_value_not_a_category/A06_can_component_three_earn_a_name/R010_这个项目花最多力气去证明的那个量_不是它手里最结实的那个/identity_drift_subrule.py
08:42:24 screen 291/836 OK               3.0s E01_sexual_as_a_value_not_a_category/A06_can_component_three_earn_a_name/R008_宽度有形状_而它的第一个名字是_体液/two_levels_one_mechanism_or_two.py
08:42:24 screen 292/836 OK               0.4s E01_sexual_as_a_value_not_a_category/A06_can_component_three_earn_a_name/R010_这个项目花最多力气去证明的那个量_不是它手里最结实的那个/the_person_level_dimension_table.py
08:42:25 screen 293/836 OK               0.4s E01_sexual_as_a_value_not_a_category/A06_can_component_three_earn_a_name/R011_把所有关于_一个人是谁_的东西加起来_平均只说中百分之一点四/guard_14.py
08:42:26 screen 294/836 OK               5.2s E01_sexual_as_a_value_not_a_category/A06_can_component_three_earn_a_name/R008_宽度有形状_而它的第一个名字是_体液/is_the_breadth_profile_one_dimension_or_several.py
08:42:26 screen 295/836 OK               2.6s E01_sexual_as_a_value_not_a_category/A06_can_component_three_earn_a_name/R010_这个项目花最多力气去证明的那个量_不是它手里最结实的那个/let_the_data_name_it.py
08:42:26 screen 296/836 OK               2.6s E01_sexual_as_a_value_not_a_category/A06_can_component_three_earn_a_name/R010_这个项目花最多力气去证明的那个量_不是它手里最结实的那个/present_other_versus_not.py
08:42:27 screen 297/836 OK               3.4s E01_sexual_as_a_value_not_a_category/A06_can_component_three_earn_a_name/R010_这个项目花最多力气去证明的那个量_不是它手里最结实的那个/c3_orthogonal_to_D.py
08:42:29 screen 298/836 OK               4.8s E01_sexual_as_a_value_not_a_category/A06_can_component_three_earn_a_name/R010_这个项目花最多力气去证明的那个量_不是它手里最结实的那个/regress_out_the_named_candidate.py
08:42:29 screen 299/836 OK               9.5s E01_sexual_as_a_value_not_a_category/A06_can_component_three_earn_a_name/R007_对什么都说是_的人_其实不是对什么都说是/subtractive_power_for_the_four.py
08:42:29 screen 300/836 OK               2.4s E01_sexual_as_a_value_not_a_category/A07_does_the_form_and_route_structure_hold/R012_相邻两列的一致_可能只是它们一起抖了一下/atypicality_versus_six_coordinates.py
08:42:29 screen 301/836 OK               2.8s E01_sexual_as_a_value_not_a_category/A06_can_component_three_earn_a_name/R011_把所有关于_一个人是谁_的东西加起来_平均只说中百分之一点四/residual_spectrum_after_six_coordinates.py
08:42:29 screen 302/836 OK              41.5s E01_sexual_as_a_value_not_a_category/A03_is_there_a_rarity_position_dimension/R003_derivation_or_measurement/why_does_the_effect_shrink.py
08:42:30 screen 303/836 OK               5.0s E01_sexual_as_a_value_not_a_category/A06_can_component_three_earn_a_name/R011_把所有关于_一个人是谁_的东西加起来_平均只说中百分之一点四/joint_r2_of_the_standing_dimensions.py
08:42:30 screen 304/836 OK               0.4s E01_sexual_as_a_value_not_a_category/A07_does_the_form_and_route_structure_hold/R013_那个东西现在可以拿在手里了_即使仍然叫不出名字/add_form_and_refresh.py
08:42:31 screen 305/836 OK               2.4s E01_sexual_as_a_value_not_a_category/A07_does_the_form_and_route_structure_hold/R012_相邻两列的一致_可能只是它们一起抖了一下/decide_the_caliber.py
08:42:31 screen 306/836 OK               1.8s E01_sexual_as_a_value_not_a_category/A07_does_the_form_and_route_structure_hold/R012_相邻两列的一致_可能只是它们一起抖了一下/three_form_outcomes_residual_correlation.py
08:42:32 screen 307/836 OK               6.0s E01_sexual_as_a_value_not_a_category/A06_can_component_three_earn_a_name/R011_把所有关于_一个人是谁_的东西加起来_平均只说中百分之一点四/partial_disattenuation_done_right.py
08:42:32 screen 308/836 OK               6.0s E01_sexual_as_a_value_not_a_category/A06_can_component_three_earn_a_name/R011_把所有关于_一个人是谁_的东西加起来_平均只说中百分之一点四/which_layer_gives_out_first.py
08:42:32 screen 309/836 OK               0.4s E01_sexual_as_a_value_not_a_category/A07_does_the_form_and_route_structure_hold/R013_那个东西现在可以拿在手里了_即使仍然叫不出名字/guard_15_and_the_scan.py
08:42:33 screen 310/836 MISSING-INPUT    0.4s E01_sexual_as_a_value_not_a_category/A07_does_the_form_and_route_structure_hold/R013_那个东西现在可以拿在手里了_即使仍然叫不出名字/is_rate_really_not_a_dimension.py
08:42:33 screen 311/836 OK               2.0s E01_sexual_as_a_value_not_a_category/A07_does_the_form_and_route_structure_hold/R013_那个东西现在可以拿在手里了_即使仍然叫不出名字/can_the_nameless_thing_be_held.py
08:42:33 screen 312/836 MISSING-INPUT    0.4s E01_sexual_as_a_value_not_a_category/A07_does_the_form_and_route_structure_hold/R013_那个东西现在可以拿在手里了_即使仍然叫不出名字/rate_residual_and_form.py
08:42:33 screen 313/836 OK               2.0s E01_sexual_as_a_value_not_a_category/A07_does_the_form_and_route_structure_hold/R013_那个东西现在可以拿在手里了_即使仍然叫不出名字/form_and_shame.py
08:42:33 screen 314/836 OK               2.8s E01_sexual_as_a_value_not_a_category/A07_does_the_form_and_route_structure_hold/R013_那个东西现在可以拿在手里了_即使仍然叫不出名字/bootstrap_intervals.py
08:42:33 screen 315/836 MISSING-INPUT    0.4s E01_sexual_as_a_value_not_a_category/A07_does_the_form_and_route_structure_hold/R013_那个东西现在可以拿在手里了_即使仍然叫不出名字/the_remaining_tenth_and_age.py
08:42:33 screen 316/836 MISSING-INPUT    0.4s E01_sexual_as_a_value_not_a_category/A07_does_the_form_and_route_structure_hold/R013_那个东西现在可以拿在手里了_即使仍然叫不出名字/three_worlds.py
08:42:33 screen 317/836 MISSING-INPUT    0.4s E01_sexual_as_a_value_not_a_category/A07_does_the_form_and_route_structure_hold/R014_这六个坐标在男性和女性身上_不是完全同一套/all_three_stripped.py
08:42:34 screen 318/836 MISSING-INPUT    0.4s E01_sexual_as_a_value_not_a_category/A07_does_the_form_and_route_structure_hold/R014_这六个坐标在男性和女性身上_不是完全同一套/block_loadings.py
08:42:34 screen 319/836 MISSING-INPUT    0.4s E01_sexual_as_a_value_not_a_category/A07_does_the_form_and_route_structure_hold/R014_这六个坐标在男性和女性身上_不是完全同一套/eigenvector_reproducibility.py
08:42:34 screen 320/836 OK              11.3s E01_sexual_as_a_value_not_a_category/A06_can_component_three_earn_a_name/R009_一个计数的宽度_不来自分数有多强/how_wide_is_n_over_31.py
08:42:35 screen 321/836 OK               5.6s E01_sexual_as_a_value_not_a_category/A07_does_the_form_and_route_structure_hold/R012_相邻两列的一致_可能只是它们一起抖了一下/shared_measurement_error.py
08:42:35 screen 322/836 OK               1.2s E01_sexual_as_a_value_not_a_category/A07_does_the_form_and_route_structure_hold/R014_这六个坐标在男性和女性身上_不是完全同一套/counterfactual_embodiment.py
08:42:35 screen 323/836 MISSING-INPUT    0.4s E01_sexual_as_a_value_not_a_category/A07_does_the_form_and_route_structure_hold/R014_这六个坐标在男性和女性身上_不是完全同一套/joint_buffer_test.py
08:42:35 screen 324/836 OK               2.2s E01_sexual_as_a_value_not_a_category/A07_does_the_form_and_route_structure_hold/R013_那个东西现在可以拿在手里了_即使仍然叫不出名字/what_does_form_point_at.py
08:42:36 screen 325/836 OK               1.8s E01_sexual_as_a_value_not_a_category/A07_does_the_form_and_route_structure_hold/R014_这六个坐标在男性和女性身上_不是完全同一套/global_vs_local_rarity.py
08:42:36 screen 326/836 MISSING-INPUT    0.4s E01_sexual_as_a_value_not_a_category/A07_does_the_form_and_route_structure_hold/R014_这六个坐标在男性和女性身上_不是完全同一套/nested_correlations.py
08:42:36 screen 327/836 OK               1.8s E01_sexual_as_a_value_not_a_category/A07_does_the_form_and_route_structure_hold/R014_这六个坐标在男性和女性身上_不是完全同一套/loadings_or_rarity_itself.py
08:42:37 screen 328/836 MISSING-INPUT    0.6s E01_sexual_as_a_value_not_a_category/A07_does_the_form_and_route_structure_hold/R014_这六个坐标在男性和女性身上_不是完全同一套/quadrants.py
08:42:38 screen 329/836 OK               9.0s E01_sexual_as_a_value_not_a_category/A07_does_the_form_and_route_structure_hold/R012_相邻两列的一致_可能只是它们一起抖了一下/naive_rival_across_all_outcomes.py
08:42:38 screen 330/836 MISSING-INPUT    0.4s E01_sexual_as_a_value_not_a_category/A07_does_the_form_and_route_structure_hold/R014_这六个坐标在男性和女性身上_不是完全同一套/solidify_onset.py
08:42:39 screen 331/836 OK               3.4s E01_sexual_as_a_value_not_a_category/A07_does_the_form_and_route_structure_hold/R014_这六个坐标在男性和女性身上_不是完全同一套/most_divergent_options.py
08:42:40 screen 332/836 OK               4.6s E01_sexual_as_a_value_not_a_category/A07_does_the_form_and_route_structure_hold/R014_这六个坐标在男性和女性身上_不是完全同一套/measurement_invariance_by_sex.py
08:42:41 screen 333/836 OK               7.0s E01_sexual_as_a_value_not_a_category/A07_does_the_form_and_route_structure_hold/R014_这六个坐标在男性和女性身上_不是完全同一套/invariance_at_the_joint_level.py
08:42:42 screen 334/836 OK               5.8s E01_sexual_as_a_value_not_a_category/A07_does_the_form_and_route_structure_hold/R014_这六个坐标在男性和女性身上_不是完全同一套/put_non_invariance_on_the_page.py
08:42:42 screen 335/836 OK              13.9s E01_sexual_as_a_value_not_a_category/A07_does_the_form_and_route_structure_hold/R012_相邻两列的一致_可能只是它们一起抖了一下/caliber_list_and_table_note.py
08:42:43 screen 336/836 OK               3.4s E01_sexual_as_a_value_not_a_category/A07_does_the_form_and_route_structure_hold/R015_S_在两组间意味着不同的东西_但不同的地方不在羞耻上/grid_width_audit.py
08:42:44 screen 337/836 OK               6.5s E01_sexual_as_a_value_not_a_category/A07_does_the_form_and_route_structure_hold/R014_这六个坐标在男性和女性身上_不是完全同一套/response_style_partial.py
08:42:44 screen 338/836 MISSING-INPUT    0.4s E01_sexual_as_a_value_not_a_category/A07_does_the_form_and_route_structure_hold/R016_1_4_是样本内的_换到没见过的人身上是_1_09/admission_threshold.py
08:42:44 screen 339/836 OK               6.0s E01_sexual_as_a_value_not_a_category/A07_does_the_form_and_route_structure_hold/R014_这六个坐标在男性和女性身上_不是完全同一套/within_group_ruler.py
08:42:45 screen 340/836 OK               0.6s E01_sexual_as_a_value_not_a_category/A07_does_the_form_and_route_structure_hold/R016_1_4_是样本内的_换到没见过的人身上是_1_09/bias_grid.py
08:42:45 screen 341/836 MISSING-INPUT    0.4s E01_sexual_as_a_value_not_a_category/A07_does_the_form_and_route_structure_hold/R016_1_4_是样本内的_换到没见过的人身上是_1_09/dose_response_and_mde.py
08:42:45 screen 342/836 OK               0.4s E01_sexual_as_a_value_not_a_category/A07_does_the_form_and_route_structure_hold/R016_1_4_是样本内的_换到没见过的人身上是_1_09/guard21.py
08:42:45 screen 343/836 OK               2.4s E01_sexual_as_a_value_not_a_category/A07_does_the_form_and_route_structure_hold/R015_S_在两组间意味着不同的东西_但不同的地方不在羞耻上/where_does_S_drift.py
08:42:46 screen 344/836 MISSING-INPUT    0.4s E01_sexual_as_a_value_not_a_category/A07_does_the_form_and_route_structure_hold/R016_1_4_是样本内的_换到没见过的人身上是_1_09/joint_amplify_test.py
08:42:47 screen 345/836 OK               5.6s E01_sexual_as_a_value_not_a_category/A07_does_the_form_and_route_structure_hold/R015_S_在两组间意味着不同的东西_但不同的地方不在羞耻上/rarity_or_count.py
08:42:47 screen 346/836 OK               1.2s E01_sexual_as_a_value_not_a_category/A07_does_the_form_and_route_structure_hold/R016_1_4_是样本内的_换到没见过的人身上是_1_09/reliability_sweep.py
08:42:47 screen 347/836 OK               2.4s E01_sexual_as_a_value_not_a_category/A07_does_the_form_and_route_structure_hold/R016_1_4_是样本内的_换到没见过的人身上是_1_09/estimator_knob.py
08:42:47 screen 348/836 MISSING-INPUT    0.6s E01_sexual_as_a_value_not_a_category/A07_does_the_form_and_route_structure_hold/R016_1_4_是样本内的_换到没见过的人身上是_1_09/repro_vs_n.py
08:42:47 screen 349/836 OK               0.4s E01_sexual_as_a_value_not_a_category/A07_does_the_form_and_route_structure_hold/R016_1_4_是样本内的_换到没见过的人身上是_1_09/retraction_risk.py
08:42:48 screen 350/836 MISSING-INPUT    0.4s E01_sexual_as_a_value_not_a_category/A07_does_the_form_and_route_structure_hold/R016_1_4_是样本内的_换到没见过的人身上是_1_09/split_half_replication.py
08:42:48 screen 351/836 OK               0.8s E01_sexual_as_a_value_not_a_category/A07_does_the_form_and_route_structure_hold/R016_1_4_是样本内的_换到没见过的人身上是_1_09/retro_apply.py
08:42:48 screen 352/836 OTHER            0.6s E01_sexual_as_a_value_not_a_category/A07_does_the_form_and_route_structure_hold/R016_1_4_是样本内的_换到没见过的人身上是_1_09/retro_scan.py
08:42:48 screen 353/836 MISSING-INPUT    0.4s E01_sexual_as_a_value_not_a_category/A07_does_the_form_and_route_structure_hold/R016_1_4_是样本内的_换到没见过的人身上是_1_09/two_profiles.py
08:42:48 screen 354/836 OK               5.8s E01_sexual_as_a_value_not_a_category/A07_does_the_form_and_route_structure_hold/R015_S_在两组间意味着不同的东西_但不同的地方不在羞耻上/shame_by_group.py
08:42:49 screen 355/836 MISSING-INPUT    0.4s E01_sexual_as_a_value_not_a_category/A07_does_the_form_and_route_structure_hold/R018_那个_0_2075_是_written_的_不是_form_的/c3_without_prevalence.py
08:42:49 screen 356/836 OK               1.2s E01_sexual_as_a_value_not_a_category/A07_does_the_form_and_route_structure_hold/R017_UNVERIFIED_从_测不出_升级成_测出来了_答案就在中间/classify.py
08:42:49 screen 357/836 MISSING-INPUT    0.4s E01_sexual_as_a_value_not_a_category/A07_does_the_form_and_route_structure_hold/R018_那个_0_2075_是_written_的_不是_form_的/leave_one_block.py
08:42:49 screen 358/836 OK              10.4s E01_sexual_as_a_value_not_a_category/A07_does_the_form_and_route_structure_hold/R015_S_在两组间意味着不同的东西_但不同的地方不在羞耻上/bootstrap_noise_floor.py
08:42:49 screen 359/836 OK              15.5s E01_sexual_as_a_value_not_a_category/A07_does_the_form_and_route_structure_hold/R014_这六个坐标在男性和女性身上_不是完全同一套/gender_referential_split.py
08:42:49 screen 360/836 MISSING-INPUT    0.4s E01_sexual_as_a_value_not_a_category/A07_does_the_form_and_route_structure_hold/R018_那个_0_2075_是_written_的_不是_form_的/solidify.py
08:42:49 screen 361/836 OK               4.0s E01_sexual_as_a_value_not_a_category/A07_does_the_form_and_route_structure_hold/R016_1_4_是样本内的_换到没见过的人身上是_1_09/nested_cv.py
08:42:50 screen 362/836 MISSING-INPUT    0.4s E01_sexual_as_a_value_not_a_category/A07_does_the_form_and_route_structure_hold/R018_那个_0_2075_是_written_的_不是_form_的/structural_regression.py
08:42:50 screen 363/836 MISSING-INPUT    0.4s E01_sexual_as_a_value_not_a_category/A07_does_the_form_and_route_structure_hold/R018_那个_0_2075_是_written_的_不是_form_的/years_carried.py
08:42:50 screen 364/836 MISSING-INPUT    0.4s E01_sexual_as_a_value_not_a_category/A08_the_schedule_and_what_moves_it/R019_次可加过了全族阈_PLAUSIBLE_升到_CONFIRMED/are_they_a_type.py
08:42:50 screen 365/836 MISSING-INPUT    0.4s E01_sexual_as_a_value_not_a_category/A08_the_schedule_and_what_moves_it/R019_次可加过了全族阈_PLAUSIBLE_升到_CONFIRMED/belief_residual_scan.py
08:42:50 screen 366/836 MISSING-INPUT    0.8s E01_sexual_as_a_value_not_a_category/A08_the_schedule_and_what_moves_it/R019_次可加过了全族阈_PLAUSIBLE_升到_CONFIRMED/acted_then_belief.py
08:42:50 screen 367/836 MISSING-INPUT    1.0s E01_sexual_as_a_value_not_a_category/A08_the_schedule_and_what_moves_it/R019_次可加过了全族阈_PLAUSIBLE_升到_CONFIRMED/S_by_sex.py
08:42:50 screen 368/836 MISSING-INPUT    0.4s E01_sexual_as_a_value_not_a_category/A08_the_schedule_and_what_moves_it/R019_次可加过了全族阈_PLAUSIBLE_升到_CONFIRMED/beyond_its_parts.py
08:42:51 screen 369/836 MISSING-INPUT    0.4s E01_sexual_as_a_value_not_a_category/A08_the_schedule_and_what_moves_it/R019_次可加过了全族阈_PLAUSIBLE_升到_CONFIRMED/both_halves.py
08:42:51 screen 370/836 MISSING-INPUT    0.8s E01_sexual_as_a_value_not_a_category/A08_the_schedule_and_what_moves_it/R019_次可加过了全族阈_PLAUSIBLE_升到_CONFIRMED/believe_or_resign.py
08:42:51 screen 371/836 MISSING-INPUT    0.4s E01_sexual_as_a_value_not_a_category/A08_the_schedule_and_what_moves_it/R019_次可加过了全族阈_PLAUSIBLE_升到_CONFIRMED/coverage_tradeoff.py
08:42:51 screen 372/836 MISSING-INPUT    0.8s E01_sexual_as_a_value_not_a_category/A08_the_schedule_and_what_moves_it/R019_次可加过了全族阈_PLAUSIBLE_升到_CONFIRMED/chain_is_untestable_here.py
08:42:51 screen 373/836 MISSING-INPUT    0.4s E01_sexual_as_a_value_not_a_category/A08_the_schedule_and_what_moves_it/R019_次可加过了全族阈_PLAUSIBLE_升到_CONFIRMED/early_strata.py
08:42:52 screen 374/836 OK               1.2s E01_sexual_as_a_value_not_a_category/A08_the_schedule_and_what_moves_it/R019_次可加过了全族阈_PLAUSIBLE_升到_CONFIRMED/card_vs_object.py
08:42:52 screen 375/836 MISSING-INPUT    0.4s E01_sexual_as_a_value_not_a_category/A08_the_schedule_and_what_moves_it/R019_次可加过了全族阈_PLAUSIBLE_升到_CONFIRMED/family_from_blocks.py
08:42:52 screen 376/836 MISSING-INPUT    0.4s E01_sexual_as_a_value_not_a_category/A08_the_schedule_and_what_moves_it/R019_次可加过了全族阈_PLAUSIBLE_升到_CONFIRMED/familywise.py
08:42:52 screen 377/836 MISSING-INPUT    0.4s E01_sexual_as_a_value_not_a_category/A08_the_schedule_and_what_moves_it/R019_次可加过了全族阈_PLAUSIBLE_升到_CONFIRMED/five_items_and_shame.py
08:42:52 screen 378/836 MISSING-INPUT    0.4s E01_sexual_as_a_value_not_a_category/A08_the_schedule_and_what_moves_it/R019_次可加过了全族阈_PLAUSIBLE_升到_CONFIRMED/five_items_vs_c3.py
08:42:52 screen 379/836 MISSING-INPUT    0.4s E01_sexual_as_a_value_not_a_category/A08_the_schedule_and_what_moves_it/R019_次可加过了全族阈_PLAUSIBLE_升到_CONFIRMED/increments_and_interactions.py
08:42:53 screen 380/836 MISSING-INPUT    0.4s E01_sexual_as_a_value_not_a_category/A08_the_schedule_and_what_moves_it/R019_次可加过了全族阈_PLAUSIBLE_升到_CONFIRMED/intensity_vs_breadth.py
08:42:53 screen 381/836 MISSING-INPUT    0.4s E01_sexual_as_a_value_not_a_category/A08_the_schedule_and_what_moves_it/R019_次可加过了全族阈_PLAUSIBLE_升到_CONFIRMED/is_it_a_family.py
08:42:53 screen 382/836 MISSING-INPUT    0.8s E01_sexual_as_a_value_not_a_category/A08_the_schedule_and_what_moves_it/R019_次可加过了全族阈_PLAUSIBLE_升到_CONFIRMED/independent_confirmation.py
08:42:53 screen 383/836 MISSING-INPUT    0.4s E01_sexual_as_a_value_not_a_category/A08_the_schedule_and_what_moves_it/R019_次可加过了全族阈_PLAUSIBLE_升到_CONFIRMED/partner_responsiveness.py
08:42:53 screen 384/836 MISSING-INPUT    0.4s E01_sexual_as_a_value_not_a_category/A08_the_schedule_and_what_moves_it/R019_次可加过了全族阈_PLAUSIBLE_升到_CONFIRMED/relative_onset.py
08:42:53 screen 385/836 MISSING-INPUT    0.8s E01_sexual_as_a_value_not_a_category/A08_the_schedule_and_what_moves_it/R019_次可加过了全族阈_PLAUSIBLE_升到_CONFIRMED/is_it_just_earlier.py
08:42:54 screen 386/836 OK               3.2s E01_sexual_as_a_value_not_a_category/A08_the_schedule_and_what_moves_it/R019_次可加过了全族阈_PLAUSIBLE_升到_CONFIRMED/cell_level.py
08:42:54 screen 387/836 MISSING-INPUT    0.4s E01_sexual_as_a_value_not_a_category/A08_the_schedule_and_what_moves_it/R019_次可加过了全族阈_PLAUSIBLE_升到_CONFIRMED/sign_across_outcomes.py
08:42:54 screen 388/836 MISSING-INPUT    0.4s E01_sexual_as_a_value_not_a_category/A08_the_schedule_and_what_moves_it/R019_次可加过了全族阈_PLAUSIBLE_升到_CONFIRMED/split_S_in_two.py
08:42:54 screen 389/836 MISSING-INPUT    0.4s E01_sexual_as_a_value_not_a_category/A08_the_schedule_and_what_moves_it/R019_次可加过了全族阈_PLAUSIBLE_升到_CONFIRMED/stable_division_of_labour.py
08:42:54 screen 390/836 OK               1.2s E01_sexual_as_a_value_not_a_category/A08_the_schedule_and_what_moves_it/R019_次可加过了全族阈_PLAUSIBLE_升到_CONFIRMED/removed_means_removed.py
08:42:54 screen 391/836 OK               4.8s E01_sexual_as_a_value_not_a_category/A08_the_schedule_and_what_moves_it/R019_次可加过了全族阈_PLAUSIBLE_升到_CONFIRMED/arriving_off_schedule.py
08:42:54 screen 392/836 OK               1.2s E01_sexual_as_a_value_not_a_category/A08_the_schedule_and_what_moves_it/R019_次可加过了全族阈_PLAUSIBLE_升到_CONFIRMED/shame_and_healing.py
08:42:54 screen 393/836 MISSING-INPUT    0.4s E01_sexual_as_a_value_not_a_category/A08_the_schedule_and_what_moves_it/R019_次可加过了全族阈_PLAUSIBLE_升到_CONFIRMED/the_class_of_empty_separators.py
08:42:55 screen 394/836 MISSING-INPUT    0.4s E01_sexual_as_a_value_not_a_category/A08_the_schedule_and_what_moves_it/R019_次可加过了全族阈_PLAUSIBLE_升到_CONFIRMED/therapeutic_scan.py
08:42:55 screen 395/836 MISSING-INPUT    0.4s E01_sexual_as_a_value_not_a_category/A08_the_schedule_and_what_moves_it/R019_次可加过了全族阈_PLAUSIBLE_升到_CONFIRMED/which_subadditivity.py
08:42:55 screen 396/836 MISSING-INPUT    0.4s E01_sexual_as_a_value_not_a_category/A08_the_schedule_and_what_moves_it/R019_次可加过了全族阈_PLAUSIBLE_升到_CONFIRMED/wide_caliber_audience.py
08:42:55 screen 397/836 MISSING-INPUT    0.6s E01_sexual_as_a_value_not_a_category/A08_the_schedule_and_what_moves_it/R019_次可加过了全族阈_PLAUSIBLE_升到_CONFIRMED/which_coordinate.py
08:42:55 screen 398/836 MISSING-INPUT    0.4s E01_sexual_as_a_value_not_a_category/A08_the_schedule_and_what_moves_it/R019_次可加过了全族阈_PLAUSIBLE_升到_CONFIRMED/wide_familywise.py
08:42:55 screen 399/836 MISSING-INPUT    0.4s E01_sexual_as_a_value_not_a_category/A08_the_schedule_and_what_moves_it/R020_稀有度解释类别层羞耻的_58_残差是噪声底的_5_倍/acted_upon.py
08:42:55 screen 400/836 MISSING-INPUT    0.8s E01_sexual_as_a_value_not_a_category/A08_the_schedule_and_what_moves_it/R019_次可加过了全族阈_PLAUSIBLE_升到_CONFIRMED/wide_caliber_replication.py
08:42:55 screen 401/836 MISSING-INPUT    0.4s E01_sexual_as_a_value_not_a_category/A08_the_schedule_and_what_moves_it/R020_稀有度解释类别层羞耻的_58_残差是噪声底的_5_倍/drop_humiliation.py
08:42:56 screen 402/836 MISSING-INPUT    0.8s E01_sexual_as_a_value_not_a_category/A08_the_schedule_and_what_moves_it/R019_次可加过了全族阈_PLAUSIBLE_升到_CONFIRMED/within_person_order.py
08:42:56 screen 403/836 MISSING-INPUT    0.4s E01_sexual_as_a_value_not_a_category/A08_the_schedule_and_what_moves_it/R020_稀有度解释类别层羞耻的_58_残差是噪声底的_5_倍/explain_the_residual.py
08:42:56 screen 404/836 MISSING-INPUT    0.4s E01_sexual_as_a_value_not_a_category/A08_the_schedule_and_what_moves_it/R020_稀有度解释类别层羞耻的_58_残差是噪声底的_5_倍/increment_compare.py
08:42:56 screen 405/836 MISSING-INPUT    0.4s E01_sexual_as_a_value_not_a_category/A08_the_schedule_and_what_moves_it/R020_稀有度解释类别层羞耻的_58_残差是噪声底的_5_倍/ncat_as_predictor.py
08:42:56 screen 406/836 MISSING-INPUT    0.4s E01_sexual_as_a_value_not_a_category/A08_the_schedule_and_what_moves_it/R020_稀有度解释类别层羞耻的_58_残差是噪声底的_5_倍/nine_cells.py
08:42:56 screen 407/836 MISSING-INPUT    0.4s E01_sexual_as_a_value_not_a_category/A08_the_schedule_and_what_moves_it/R020_稀有度解释类别层羞耻的_58_残差是噪声底的_5_倍/two_ends.py
08:42:56 screen 408/836 MISSING-INPUT    0.4s E01_sexual_as_a_value_not_a_category/A08_the_schedule_and_what_moves_it/R020_稀有度解释类别层羞耻的_58_残差是噪声底的_5_倍/wide_caliber_rerun.py
08:42:56 screen 409/836 MISSING-INPUT    0.4s E01_sexual_as_a_value_not_a_category/A08_the_schedule_and_what_moves_it/R021_六个坐标解释的东西里_中位_18_与_你报了多少_共线/all_outcomes.py
08:42:57 screen 410/836 OK               1.8s E01_sexual_as_a_value_not_a_category/A08_the_schedule_and_what_moves_it/R020_稀有度解释类别层羞耻的_58_残差是噪声底的_5_倍/category_shame_profile.py
08:42:57 screen 411/836 MISSING-INPUT    0.4s E01_sexual_as_a_value_not_a_category/A08_the_schedule_and_what_moves_it/R023_页面上那个_0_1185_坐在一条从_0_172_走到_0_002_/all_outcomes_curve.py
08:42:57 screen 412/836 MISSING-INPUT    0.4s E01_sexual_as_a_value_not_a_category/A08_the_schedule_and_what_moves_it/R023_页面上那个_0_1185_坐在一条从_0_172_走到_0_002_/fixed_people_varying_blocks.py
08:42:57 screen 413/836 OK               0.4s E01_sexual_as_a_value_not_a_category/A08_the_schedule_and_what_moves_it/R023_页面上那个_0_1185_坐在一条从_0_172_走到_0_002_/guard22.py
08:42:57 screen 414/836 OK               1.6s E01_sexual_as_a_value_not_a_category/A08_the_schedule_and_what_moves_it/R020_稀有度解释类别层羞耻的_58_残差是噪声底的_5_倍/split_half_residual.py
08:42:58 screen 415/836 MISSING-INPUT    0.4s E01_sexual_as_a_value_not_a_category/A08_the_schedule_and_what_moves_it/R023_页面上那个_0_1185_坐在一条从_0_172_走到_0_002_/nested_vs_disjoint.py
08:42:58 screen 416/836 MISSING-INPUT    0.4s E01_sexual_as_a_value_not_a_category/A08_the_schedule_and_what_moves_it/R023_页面上那个_0_1185_坐在一条从_0_172_走到_0_002_/s_shame_vs_coverage.py
08:42:58 screen 417/836 MISSING-INPUT    0.4s E01_sexual_as_a_value_not_a_category/A08_the_schedule_and_what_moves_it/R023_页面上那个_0_1185_坐在一条从_0_172_走到_0_002_/two_strata.py
08:42:58 screen 418/836 OK               1.6s E01_sexual_as_a_value_not_a_category/A08_the_schedule_and_what_moves_it/R022_那张共享时间表现在有了它自己的证据_以及一个上限/where_is_the_gap.py
08:42:58 screen 419/836 MISSING-INPUT    0.4s E01_sexual_as_a_value_not_a_category/A08_the_schedule_and_what_moves_it/R024_c3_那份羞耻不是独有的_而咬掉它的五个量说的是同一种人/commonality_vs_person_variables.py
08:42:58 screen 420/836 MISSING-INPUT    0.4s E01_sexual_as_a_value_not_a_category/A08_the_schedule_and_what_moves_it/R024_c3_那份羞耻不是独有的_而咬掉它的五个量说的是同一种人/computed_vs_single.py
08:42:58 screen 421/836 OK               2.2s E01_sexual_as_a_value_not_a_category/A08_the_schedule_and_what_moves_it/R022_那张共享时间表现在有了它自己的证据_以及一个上限/audit_the_schedule.py
08:42:58 screen 422/836 MISSING-INPUT    0.4s E01_sexual_as_a_value_not_a_category/A08_the_schedule_and_what_moves_it/R024_c3_那份羞耻不是独有的_而咬掉它的五个量说的是同一种人/early_by_sex_wide.py
08:42:58 screen 423/836 MISSING-INPUT    0.4s E01_sexual_as_a_value_not_a_category/A08_the_schedule_and_what_moves_it/R024_c3_那份羞耻不是独有的_而咬掉它的五个量说的是同一种人/fantasy_has_no_audience.py
08:42:58 screen 424/836 OK               0.8s E01_sexual_as_a_value_not_a_category/A08_the_schedule_and_what_moves_it/R024_c3_那份羞耻不是独有的_而咬掉它的五个量说的是同一种人/constrained_or_alone.py
08:42:59 screen 425/836 MISSING-INPUT    0.4s E01_sexual_as_a_value_not_a_category/A08_the_schedule_and_what_moves_it/R024_c3_那份羞耻不是独有的_而咬掉它的五个量说的是同一种人/flexibility.py
08:42:59 screen 426/836 MISSING-INPUT    0.8s E01_sexual_as_a_value_not_a_category/A08_the_schedule_and_what_moves_it/R024_c3_那份羞耻不是独有的_而咬掉它的五个量说的是同一种人/difference_of_differences.py
08:42:59 screen 427/836 OTHER            0.4s E01_sexual_as_a_value_not_a_category/A08_the_schedule_and_what_moves_it/R024_c3_那份羞耻不是独有的_而咬掉它的五个量说的是同一种人/guard26_and_audit.py
08:42:59 screen 428/836 OK               0.4s E01_sexual_as_a_value_not_a_category/A08_the_schedule_and_what_moves_it/R024_c3_那份羞耻不是独有的_而咬掉它的五个量说的是同一种人/identity_checker.py
08:42:59 screen 429/836 MISSING-INPUT    0.4s E01_sexual_as_a_value_not_a_category/A08_the_schedule_and_what_moves_it/R024_c3_那份羞耻不是独有的_而咬掉它的五个量说的是同一种人/interaction_not_quintiles.py
08:42:59 screen 430/836 MISSING-INPUT    0.4s E01_sexual_as_a_value_not_a_category/A08_the_schedule_and_what_moves_it/R024_c3_那份羞耻不是独有的_而咬掉它的五个量说的是同一种人/is_it_just_responsiveness.py
08:42:59 screen 431/836 MISSING-INPUT    0.4s E01_sexual_as_a_value_not_a_category/A08_the_schedule_and_what_moves_it/R024_c3_那份羞耻不是独有的_而咬掉它的五个量说的是同一种人/is_it_one_kind_of_person.py
08:42:59 screen 432/836 MISSING-INPUT    0.4s E01_sexual_as_a_value_not_a_category/A08_the_schedule_and_what_moves_it/R024_c3_那份羞耻不是独有的_而咬掉它的五个量说的是同一种人/routes_by_sex.py
08:42:59 screen 433/836 OTHER            0.4s E01_sexual_as_a_value_not_a_category/A08_the_schedule_and_what_moves_it/R024_c3_那份羞耻不是独有的_而咬掉它的五个量说的是同一种人/saturating_mde_audit.py
08:42:59 screen 434/836 MISSING-INPUT    0.4s E01_sexual_as_a_value_not_a_category/A08_the_schedule_and_what_moves_it/R024_c3_那份羞耻不是独有的_而咬掉它的五个量说的是同一种人/shame_needs_an_audience.py
08:42:59 screen 435/836 MISSING-INPUT    0.4s E01_sexual_as_a_value_not_a_category/A08_the_schedule_and_what_moves_it/R024_c3_那份羞耻不是独有的_而咬掉它的五个量说的是同一种人/third_indicator_hunt.py
08:43:00 screen 436/836 MISSING-INPUT    0.4s E01_sexual_as_a_value_not_a_category/A08_the_schedule_and_what_moves_it/R024_c3_那份羞耻不是独有的_而咬掉它的五个量说的是同一种人/where_along_the_line.py
08:43:00 screen 437/836 MISSING-INPUT    0.4s E01_sexual_as_a_value_not_a_category/A09_which_coordinate_is_more_basic/R025_两把刀切出两组几乎不重叠的量/both_vs_therapeutic_only.py
08:43:00 screen 438/836 MISSING-INPUT    0.4s E01_sexual_as_a_value_not_a_category/A09_which_coordinate_is_more_basic/R025_两把刀切出两组几乎不重叠的量/faint_needs_an_anchor.py
08:43:00 screen 439/836 MISSING-INPUT    0.4s E01_sexual_as_a_value_not_a_category/A09_which_coordinate_is_more_basic/R025_两把刀切出两组几乎不重叠的量/interaction_needs_all_four.py
08:43:00 screen 440/836 MISSING-INPUT    0.4s E01_sexual_as_a_value_not_a_category/A09_which_coordinate_is_more_basic/R025_两把刀切出两组几乎不重叠的量/who_is_low_on_both.py
08:43:00 screen 441/836 OK               1.2s E01_sexual_as_a_value_not_a_category/A08_the_schedule_and_what_moves_it/R024_c3_那份羞耻不是独有的_而咬掉它的五个量说的是同一种人/resolve_the_scale.py
08:43:00 screen 442/836 MISSING-INPUT    0.4s E01_sexual_as_a_value_not_a_category/A09_which_coordinate_is_more_basic/R026_方向是对的_而顺手确认的是整页的羞耻方向/can_recall_bias_produce_it.py
08:43:00 screen 443/836 MISSING-INPUT    0.4s E01_sexual_as_a_value_not_a_category/A09_which_coordinate_is_more_basic/R026_方向是对的_而顺手确认的是整页的羞耻方向/which_breadth.py
08:43:00 screen 444/836 MISSING-INPUT    0.4s E01_sexual_as_a_value_not_a_category/A09_which_coordinate_is_more_basic/R026_方向是对的_而顺手确认的是整页的羞耻方向/form_splits_them.py
08:43:00 screen 445/836 OK               0.6s E01_sexual_as_a_value_not_a_category/A09_which_coordinate_is_more_basic/R026_方向是对的_而顺手确认的是整页的羞耻方向/find_the_unnamed.py
08:43:01 screen 446/836 OK               0.4s E01_sexual_as_a_value_not_a_category/A09_which_coordinate_is_more_basic/R028_这份问卷里没有一种_专精_的口味/find_the_percolumn_nulls.py
08:43:01 screen 447/836 OK               1.0s E01_sexual_as_a_value_not_a_category/A09_which_coordinate_is_more_basic/R026_方向是对的_而顺手确认的是整页的羞耻方向/check_the_form_items.py
08:43:01 screen 448/836 MISSING-INPUT    0.4s E01_sexual_as_a_value_not_a_category/A09_which_coordinate_is_more_basic/R028_这份问卷里没有一种_专精_的口味/refit_the_one_that_was_wrong.py
08:43:01 screen 449/836 OK               1.4s E01_sexual_as_a_value_not_a_category/A09_which_coordinate_is_more_basic/R027_一个没被用过的变量_方向不是安全的假设_是没被检查过的假设/the_mirror_fib.py
08:43:02 screen 450/836 MISSING-INPUT    0.4s E01_sexual_as_a_value_not_a_category/A09_which_coordinate_is_more_basic/R029_两个锚是坏的_两种坏法_而都不报错/is_the_structure_just_involvement.py
08:43:02 screen 451/836 OK               1.0s E01_sexual_as_a_value_not_a_category/A09_which_coordinate_is_more_basic/R029_两个锚是坏的_两种坏法_而都不报错/anchor_or_say_unverified.py
08:43:02 screen 452/836 OK               1.2s E01_sexual_as_a_value_not_a_category/A09_which_coordinate_is_more_basic/R028_这份问卷里没有一种_专精_的口味/the_last_unanchored_cell.py
08:43:03 screen 453/836 OK               1.0s E01_sexual_as_a_value_not_a_category/A09_which_coordinate_is_more_basic/R029_两个锚是坏的_两种坏法_而都不报错/two_anchor_rule.py
08:43:03 screen 454/836 OTHER            0.8s E01_sexual_as_a_value_not_a_category/A09_which_coordinate_is_more_basic/R029_两个锚是坏的_两种坏法_而都不报错/which_lessons_are_checkable.py
08:43:03 screen 455/836 OK               0.4s E01_sexual_as_a_value_not_a_category/A09_which_coordinate_is_more_basic/R029_两个锚是坏的_两种坏法_而都不报错/who_is_at_risk_of_truncation.py
08:43:03 screen 456/836 MISSING-INPUT    0.4s E01_sexual_as_a_value_not_a_category/A09_which_coordinate_is_more_basic/R030_色情使用量多解释的_是羞耻_而且只有羞耻/pornhabit_against_four_outcomes.py
08:43:04 screen 457/836 MISSING-INPUT    0.4s E01_sexual_as_a_value_not_a_category/A09_which_coordinate_is_more_basic/R031_羞耻是刹车_不是传递者_而我预注册的预期也是错的/test_the_sentence_i_just_wrote.py
08:43:04 screen 458/836 MISSING-INPUT    0.4s E01_sexual_as_a_value_not_a_category/A09_which_coordinate_is_more_basic/R031_羞耻是刹车_不是传递者_而我预注册的预期也是错的/who_else_does_shame_brake.py
08:43:04 screen 459/836 OK               1.8s E01_sexual_as_a_value_not_a_category/A09_which_coordinate_is_more_basic/R029_两个锚是坏的_两种坏法_而都不报错/which_columns_partially_parse.py
08:43:04 screen 460/836 MISSING-INPUT    0.4s E01_sexual_as_a_value_not_a_category/A09_which_coordinate_is_more_basic/R032_扫描看不见这个性质_因为页面写的是比值_分母的区间从来不在句子里/c3_profile_under_shame.py
08:43:04 screen 461/836 MISSING-INPUT    0.4s E01_sexual_as_a_value_not_a_category/A09_which_coordinate_is_more_basic/R032_扫描看不见这个性质_因为页面写的是比值_分母的区间从来不在句子里/is_the_threshold_itself_stable.py
08:43:04 screen 462/836 OK              22.1s E01_sexual_as_a_value_not_a_category/A07_does_the_form_and_route_structure_hold/R015_S_在两组间意味着不同的东西_但不同的地方不在羞耻上/removal_curve.py
08:43:04 screen 463/836 OK               0.6s E01_sexual_as_a_value_not_a_category/A09_which_coordinate_is_more_basic/R032_扫描看不见这个性质_因为页面写的是比值_分母的区间从来不在句子里/audit_every_ratio.py
08:43:04 screen 464/836 MISSING-INPUT    0.4s E01_sexual_as_a_value_not_a_category/A09_which_coordinate_is_more_basic/R033_他们觉得改不了_尽管唯一本该让它显得可改的那一点也为真/through_experience_or_not.py
08:43:04 screen 465/836 MISSING-INPUT    0.4s E01_sexual_as_a_value_not_a_category/A09_which_coordinate_is_more_basic/R034_不是_你喜欢什么_是_你的喜欢怎么分布/is_it_a_few_blocks.py
08:43:04 screen 466/836 MISSING-INPUT    0.4s E01_sexual_as_a_value_not_a_category/A09_which_coordinate_is_more_basic/R035_那个_形状_不是广度型_而广度型是三个里最弱的/is_it_one_contrast_or_the_whole_structure.py
08:43:05 screen 467/836 MISSING-INPUT    0.4s E01_sexual_as_a_value_not_a_category/A09_which_coordinate_is_more_basic/R036_更卷入_有两种_而它们收的费不一样/do_the_halves_differ.py
08:43:05 screen 468/836 MISSING-INPUT    0.4s E01_sexual_as_a_value_not_a_category/A09_which_coordinate_is_more_basic/R037_我的判据不可能失败_而换掉它之后结论只剩一半/does_the_fluid_pattern_replicate.py
08:43:05 screen 469/836 MISSING-INPUT    0.4s E01_sexual_as_a_value_not_a_category/A09_which_coordinate_is_more_basic/R037_我的判据不可能失败_而换掉它之后结论只剩一半/dose_or_threshold.py
08:43:05 screen 470/836 MISSING-INPUT    0.4s E01_sexual_as_a_value_not_a_category/A09_which_coordinate_is_more_basic/R037_我的判据不可能失败_而换掉它之后结论只剩一半/fluid_preference_without_any_coordinate.py
08:43:05 screen 471/836 OK               0.6s E01_sexual_as_a_value_not_a_category/A09_which_coordinate_is_more_basic/R037_我的判据不可能失败_而换掉它之后结论只剩一半/audit_every_reference.py
08:43:05 screen 472/836 MISSING-INPUT    0.4s E01_sexual_as_a_value_not_a_category/A09_which_coordinate_is_more_basic/R037_我的判据不可能失败_而换掉它之后结论只剩一半/how_stable_is_the_loading_vector.py
08:43:05 screen 473/836 MISSING-INPUT    0.4s E01_sexual_as_a_value_not_a_category/A09_which_coordinate_is_more_basic/R037_我的判据不可能失败_而换掉它之后结论只剩一半/onset_and_the_sense_of_change.py
08:43:06 screen 474/836 MISSING-INPUT    0.4s E01_sexual_as_a_value_not_a_category/A09_which_coordinate_is_more_basic/R037_我的判据不可能失败_而换掉它之后结论只剩一半/swap_or_real_instability.py
08:43:06 screen 475/836 MISSING-INPUT    0.8s E01_sexual_as_a_value_not_a_category/A09_which_coordinate_is_more_basic/R037_我的判据不可能失败_而换掉它之后结论只剩一半/one_antecedent_or_two_paths.py
08:43:06 screen 476/836 MISSING-INPUT    0.8s E01_sexual_as_a_value_not_a_category/A09_which_coordinate_is_more_basic/R037_我的判据不可能失败_而换掉它之后结论只剩一半/one_slope_or_two.py
08:43:06 screen 477/836 MISSING-INPUT    0.4s E01_sexual_as_a_value_not_a_category/A09_which_coordinate_is_more_basic/R037_我的判据不可能失败_而换掉它之后结论只剩一半/the_null_must_match_the_world.py
08:43:06 screen 478/836 MISSING-INPUT    0.4s E01_sexual_as_a_value_not_a_category/A09_which_coordinate_is_more_basic/R037_我的判据不可能失败_而换掉它之后结论只剩一半/what_are_the_two_halves_made_of.py
08:43:06 screen 479/836 MISSING-INPUT    0.4s E01_sexual_as_a_value_not_a_category/A09_which_coordinate_is_more_basic/R037_我的判据不可能失败_而换掉它之后结论只剩一半/what_is_the_stable_direction.py
08:43:06 screen 480/836 MISSING-INPUT    0.4s E01_sexual_as_a_value_not_a_category/A09_which_coordinate_is_more_basic/R038_一个中介能不能出信息_三个相关系数就够了_不必跑那一轮/validate_the_headroom_bound.py
08:43:06 screen 481/836 MISSING-INPUT    0.4s E01_sexual_as_a_value_not_a_category/A09_which_coordinate_is_more_basic/R039_你被什么吸引_你用多少色情内容_走到羞耻就停住了/is_it_answering_or_feeling.py
08:43:06 screen 482/836 MISSING-INPUT    0.4s E01_sexual_as_a_value_not_a_category/A09_which_coordinate_is_more_basic/R039_你被什么吸引_你用多少色情内容_走到羞耻就停住了/which_quantity_pushes_only_one.py
08:43:07 screen 483/836 MISSING-INPUT    0.4s E01_sexual_as_a_value_not_a_category/A09_which_coordinate_is_more_basic/R039_你被什么吸引_你用多少色情内容_走到羞耻就停住了/wide_or_deep.py
08:43:07 screen 484/836 MISSING-INPUT    0.4s E01_sexual_as_a_value_not_a_category/A09_which_coordinate_is_more_basic/R040_两个领头成分各落在一条路上_分岔的两边第一次都能点名/c1_against_both_outcomes.py
08:43:07 screen 485/836 MISSING-INPUT    0.4s E01_sexual_as_a_value_not_a_category/A09_which_coordinate_is_more_basic/R040_两个领头成分各落在一条路上_分岔的两边第一次都能点名/does_c3_have_a_countable_name.py
08:43:07 screen 486/836 MISSING-INPUT    0.4s E01_sexual_as_a_value_not_a_category/A09_which_coordinate_is_more_basic/R040_两个领头成分各落在一条路上_分岔的两边第一次都能点名/regress_out_the_strongest_anchor.py
08:43:07 screen 487/836 MISSING-INPUT    0.4s E01_sexual_as_a_value_not_a_category/A09_which_coordinate_is_more_basic/R040_两个领头成分各落在一条路上_分岔的两边第一次都能点名/remove_every_countable.py
08:43:07 screen 488/836 MISSING-INPUT    1.0s E01_sexual_as_a_value_not_a_category/A09_which_coordinate_is_more_basic/R039_你被什么吸引_你用多少色情内容_走到羞耻就停住了/rerun_the_history.py
08:43:07 screen 489/836 MISSING-INPUT    0.4s E01_sexual_as_a_value_not_a_category/A10_audit_my_own_gates_and_my_own_page/R041_被罕见的东西吸引_在几乎没人去的地方更贵/common_domains_alone.py
08:43:07 screen 490/836 MISSING-INPUT    0.4s E01_sexual_as_a_value_not_a_category/A10_audit_my_own_gates_and_my_own_page/R041_被罕见的东西吸引_在几乎没人去的地方更贵/equal_sized_groups.py
08:43:07 screen 491/836 MISSING-INPUT    0.4s E01_sexual_as_a_value_not_a_category/A10_audit_my_own_gates_and_my_own_page/R041_被罕见的东西吸引_在几乎没人去的地方更贵/is_the_other_path_moderated.py
08:43:07 screen 492/836 MISSING-INPUT    0.4s E01_sexual_as_a_value_not_a_category/A10_audit_my_own_gates_and_my_own_page/R041_被罕见的东西吸引_在几乎没人去的地方更贵/plant_a_reversal.py
08:43:08 screen 493/836 MISSING-INPUT    0.4s E01_sexual_as_a_value_not_a_category/A10_audit_my_own_gates_and_my_own_page/R041_被罕见的东西吸引_在几乎没人去的地方更贵/rarity_shame_by_domain_commonness.py
08:43:08 screen 494/836 OTHER            0.4s E01_sexual_as_a_value_not_a_category/A10_audit_my_own_gates_and_my_own_page/R041_被罕见的东西吸引_在几乎没人去的地方更贵/reference_arm_audit.py
08:43:08 screen 495/836 MISSING-INPUT    0.4s E01_sexual_as_a_value_not_a_category/A10_audit_my_own_gates_and_my_own_page/R041_被罕见的东西吸引_在几乎没人去的地方更贵/same_design_other_outcome.py
08:43:08 screen 496/836 MISSING-INPUT    0.4s E01_sexual_as_a_value_not_a_category/A10_audit_my_own_gates_and_my_own_page/R041_被罕见的东西吸引_在几乎没人去的地方更贵/split_the_common_end.py
08:43:08 screen 497/836 MISSING-INPUT    0.4s E01_sexual_as_a_value_not_a_category/A10_audit_my_own_gates_and_my_own_page/R041_被罕见的东西吸引_在几乎没人去的地方更贵/what_happens_at_k12.py
08:43:08 screen 498/836 OK               0.4s E01_sexual_as_a_value_not_a_category/A10_audit_my_own_gates_and_my_own_page/R041_被罕见的东西吸引_在几乎没人去的地方更贵/why_i_only_catch_the_loud_ones.py
08:43:08 screen 499/836 OK               0.4s E01_sexual_as_a_value_not_a_category/A10_audit_my_own_gates_and_my_own_page/R041_被罕见的东西吸引_在几乎没人去的地方更贵/wider_or_narrower.py
08:43:08 screen 500/836 OK               7.6s E01_sexual_as_a_value_not_a_category/A09_which_coordinate_is_more_basic/R028_这份问卷里没有一种_专精_的口味/the_biggest_unanchored_family.py
08:43:09 screen 501/836 MISSING-INPUT    0.4s E01_sexual_as_a_value_not_a_category/A10_audit_my_own_gates_and_my_own_page/R042_问一个更便宜的问题_顺手撞上一个从没试过的锚/threshold_rule_v3.py
08:43:09 screen 502/836 MISSING-INPUT    0.4s E01_sexual_as_a_value_not_a_category/A10_audit_my_own_gates_and_my_own_page/R043_c3_三次劈半给出同一个答案_而_R549_的分组给出三个/c3_signature_stability.py
08:43:09 screen 503/836 OK               1.0s E01_sexual_as_a_value_not_a_category/A10_audit_my_own_gates_and_my_own_page/R042_问一个更便宜的问题_顺手撞上一个从没试过的锚/every_established_quantity_as_anchor.py
08:43:09 screen 504/836 MISSING-INPUT    0.4s E01_sexual_as_a_value_not_a_category/A10_audit_my_own_gates_and_my_own_page/R043_c3_三次劈半给出同一个答案_而_R549_的分组给出三个/floor_with_enough_draws.py
08:43:09 screen 505/836 OK               1.0s E01_sexual_as_a_value_not_a_category/A10_audit_my_own_gates_and_my_own_page/R042_问一个更便宜的问题_顺手撞上一个从没试过的锚/is_powerlessness_a_noisy_copy.py
08:43:09 screen 506/836 MISSING-INPUT    0.4s E01_sexual_as_a_value_not_a_category/A10_audit_my_own_gates_and_my_own_page/R043_c3_三次劈半给出同一个答案_而_R549_的分组给出三个/selection_vs_sampling.py
08:43:10 screen 507/836 MISSING-INPUT    0.4s E01_sexual_as_a_value_not_a_category/A10_audit_my_own_gates_and_my_own_page/R043_c3_三次劈半给出同一个答案_而_R549_的分组给出三个/threshold_audit.py
08:43:11 screen 508/836 OK              10.4s E01_sexual_as_a_value_not_a_category/A09_which_coordinate_is_more_basic/R028_这份问卷里没有一种_专精_的口味/is_zero_negatives_just_the_shared_factor.py
08:43:11 screen 509/836 OK              38.8s E01_sexual_as_a_value_not_a_category/A07_does_the_form_and_route_structure_hold/R013_那个东西现在可以拿在手里了_即使仍然叫不出名字/leave_one_out_which_coordinate.py
08:43:11 screen 510/836 OK               2.4s E01_sexual_as_a_value_not_a_category/A10_audit_my_own_gates_and_my_own_page/R043_c3_三次劈半给出同一个答案_而_R549_的分组给出三个/rank_the_worklist.py
08:43:12 screen 511/836 OK               3.6s E01_sexual_as_a_value_not_a_category/A10_audit_my_own_gates_and_my_own_page/R043_c3_三次劈半给出同一个答案_而_R549_的分组给出三个/candidate_pool.py
08:43:12 screen 512/836 OK               1.6s E02_condemnation_is_not_rarity/A11_is_condemnation_coupled_to_rarity/R045_谴责压得住的地方它跟着稀有度_压不住的地方它脱钩/broude_reference_distribution.py
08:43:13 screen 513/836 OK               1.2s E02_condemnation_is_not_rarity/A11_is_condemnation_coupled_to_rarity/R045_谴责压得住的地方它跟着稀有度_压不住的地方它脱钩/repair_both_controls.py
08:43:13 screen 514/836 MISSING-INPUT    0.4s E02_condemnation_is_not_rarity/A11_is_condemnation_coupled_to_rarity/R045_谴责压得住的地方它跟着稀有度_压不住的地方它脱钩/threshold_repair_and_odds_ratio.py
08:43:13 screen 515/836 MISSING-INPUT    0.4s E02_condemnation_is_not_rarity/A11_is_condemnation_coupled_to_rarity/R046_换个设计形状精度提高九倍_而这一次那个零里有东西/era_contrast_mde_first.py
08:43:14 screen 516/836 MISSING-INPUT    0.4s E02_condemnation_is_not_rarity/A11_is_condemnation_coupled_to_rarity/R047_十分之一的人算不算_看过_取决于他被递到哪一道题/randomised_wording_arms.py
08:43:14 screen 517/836 MISSING-INPUT    0.4s E02_condemnation_is_not_rarity/A11_is_condemnation_coupled_to_rarity/R047_十分之一的人算不算_看过_取决于他被递到哪一道题/who_does_the_format_select.py
08:43:14 screen 518/836 OK               2.0s E02_condemnation_is_not_rarity/A11_is_condemnation_coupled_to_rarity/R045_谴责压得住的地方它跟着稀有度_压不住的地方它脱钩/sccs_attitude_vs_frequency.py
08:43:14 screen 519/836 OK               4.2s E01_sexual_as_a_value_not_a_category/A10_audit_my_own_gates_and_my_own_page/R044_四轮同一个故事_一个数不是一个标识符_这条线关闭/claim_chain_audit.py
08:43:14 screen 520/836 OK               5.2s E01_sexual_as_a_value_not_a_category/A10_audit_my_own_gates_and_my_own_page/R043_c3_三次劈半给出同一个答案_而_R549_的分组给出三个/stale_citation_audit.py
08:43:15 screen 521/836 OK               2.0s E02_condemnation_is_not_rarity/A11_is_condemnation_coupled_to_rarity/R045_谴责压得住的地方它跟着稀有度_压不住的地方它脱钩/violence_scope_gradient.py
08:43:15 screen 522/836 MISSING-INPUT    0.4s E02_condemnation_is_not_rarity/A11_is_condemnation_coupled_to_rarity/R052_三个话题往下_三个往上_而我把它们平均成了一个零/freeze_and_one_out_of_sample_point.py
08:43:15 screen 523/836 OK               1.0s E02_condemnation_is_not_rarity/A11_is_condemnation_coupled_to_rarity/R049_同一份问卷里只换话题_差距就动_0_90_而跨仪器只差_0_20/within_instrument_topic_spread.py
08:43:15 screen 524/836 OK               1.4s E02_condemnation_is_not_rarity/A11_is_condemnation_coupled_to_rarity/R050_只把问题里的年龄从_18_改成_16_那道差距就翻了一倍/topic_family_rule_v3.py
08:43:16 screen 525/836 OK               2.0s E02_condemnation_is_not_rarity/A11_is_condemnation_coupled_to_rarity/R048_换机构_换话题_换施测模式_那道差距的大小几乎一样/nsfg_acasi_replication.py
08:43:17 screen 526/836 OK               2.0s E02_condemnation_is_not_rarity/A11_is_condemnation_coupled_to_rarity/R052_三个话题往下_三个往上_而我把它们平均成了一个零/is_the_pooled_null_an_average.py
08:43:17 screen 527/836 OK               1.6s E02_condemnation_is_not_rarity/A11_is_condemnation_coupled_to_rarity/R052_三个话题往下_三个往上_而我把它们平均成了一个零/pure_span_screen.py
08:43:17 screen 528/836 OK               2.8s E02_condemnation_is_not_rarity/A11_is_condemnation_coupled_to_rarity/R051_跨话题那个关系是话题带的_不是人数带的/share_or_topic.py
08:43:17 screen 529/836 OK               1.4s E02_condemnation_is_not_rarity/A11_is_condemnation_coupled_to_rarity/R053_0_6_可配_预注册触发_这条线按它自己写下的规则关闭/leave_one_out_minority_position.py
08:43:18 screen 530/836 MISSING-INPUT    0.4s E02_condemnation_is_not_rarity/A11_is_condemnation_coupled_to_rarity/R054_方向统一之后它变强了_而它的名字是_严格_不是_位置/direction_unified_strictness.py
08:43:18 screen 531/836 OK               0.8s E02_condemnation_is_not_rarity/A11_is_condemnation_coupled_to_rarity/R054_方向统一之后它变强了_而它的名字是_严格_不是_位置/behaviour_carves.py
08:43:18 screen 532/836 OK              30.1s E01_sexual_as_a_value_not_a_category/A07_does_the_form_and_route_structure_hold/R017_UNVERIFIED_从_测不出_升级成_测出来了_答案就在中间/resolve_forward.py
08:43:18 screen 533/836 MISSING-INPUT    0.4s E02_condemnation_is_not_rarity/A12_what_the_society_does_with_it/R055_那道题只问_曾有过_的人_所以那四格是对结局取条件/inclusion_guard.py
08:43:18 screen 534/836 OK               1.4s E02_condemnation_is_not_rarity/A11_is_condemnation_coupled_to_rarity/R054_方向统一之后它变强了_而它的名字是_严格_不是_位置/data_carving_rerun.py
08:43:19 screen 535/836 MISSING-INPUT    0.4s E02_condemnation_is_not_rarity/A12_what_the_society_does_with_it/R055_那道题只问_曾有过_的人_所以那四格是对结局取条件/per_wave_and_guard.py
08:43:19 screen 536/836 OTHER            0.4s E02_condemnation_is_not_rarity/A12_what_the_society_does_with_it/R055_那道题只问_曾有过_的人_所以那四格是对结局取条件/population_audit.py
08:43:19 screen 537/836 OK               0.4s E02_condemnation_is_not_rarity/A12_what_the_society_does_with_it/R055_那道题只问_曾有过_的人_所以那四格是对结局取条件/samyearnum_gate.py
08:43:19 screen 538/836 OK               0.4s E02_condemnation_is_not_rarity/A12_what_the_society_does_with_it/R057_把_E02_的账写成页面上的一段_一个新数字也没有引入/anchor_check.py
08:43:19 screen 539/836 OK               1.4s E02_condemnation_is_not_rarity/A11_is_condemnation_coupled_to_rarity/R054_方向统一之后它变强了_而它的名字是_严格_不是_位置/let_the_data_carve.py
08:43:19 screen 540/836 OK               1.6s E02_condemnation_is_not_rarity/A11_is_condemnation_coupled_to_rarity/R054_方向统一之后它变强了_而它的名字是_严格_不是_位置/domain_split.py
08:43:19 screen 541/836 OK               0.4s E02_condemnation_is_not_rarity/A12_what_the_society_does_with_it/R058_一个错的锚_有多大概率照样通过_数字锚_13_4_短语锚_0/anchor_collision_rate.py
08:43:20 screen 542/836 OK               1.0s E02_condemnation_is_not_rarity/A12_what_the_society_does_with_it/R058_一个错的锚_有多大概率照样通过_数字锚_13_4_短语锚_0/every_anchor_on_the_page.py
08:43:20 screen 543/836 OK               5.0s E02_condemnation_is_not_rarity/A11_is_condemnation_coupled_to_rarity/R052_三个话题往下_三个往上_而我把它们平均成了一个零/out_of_sample_point_with_sex.py
08:43:20 screen 544/836 OK               1.8s E02_condemnation_is_not_rarity/A12_what_the_society_does_with_it/R055_那道题只问_曾有过_的人_所以那四格是对结局取条件/waves_and_men.py
08:43:21 screen 545/836 OK               0.6s E02_condemnation_is_not_rarity/A12_what_the_society_does_with_it/R059_五格里只有一格_越稀有越被谴责_不是关于做法的定律/coverage_atlas.py
08:43:22 screen 546/836 OK               1.2s E02_condemnation_is_not_rarity/A12_what_the_society_does_with_it/R059_五格里只有一格_越稀有越被谴责_不是关于做法的定律/forge_a_commit.py
08:43:22 screen 547/836 OK               2.4s E02_condemnation_is_not_rarity/A12_what_the_society_does_with_it/R059_五格里只有一格_越稀有越被谴责_不是关于做法的定律/can_it_fire_on_each_version.py
08:43:23 screen 548/836 OK               0.4s E02_condemnation_is_not_rarity/A12_what_the_society_does_with_it/R059_五格里只有一格_越稀有越被谴责_不是关于做法的定律/mismatch_rate.py
08:43:23 screen 549/836 MISSING-INPUT    0.4s E02_condemnation_is_not_rarity/A12_what_the_society_does_with_it/R059_五格里只有一格_越稀有越被谴责_不是关于做法的定律/pick_the_next_source.py
08:43:24 screen 550/836 OK               2.0s E02_condemnation_is_not_rarity/A12_what_the_society_does_with_it/R059_五格里只有一格_越稀有越被谴责_不是关于做法的定律/is_the_rule_degenerate.py
08:43:24 screen 551/836 OK               3.6s E02_condemnation_is_not_rarity/A12_what_the_society_does_with_it/R059_五格里只有一格_越稀有越被谴责_不是关于做法的定律/do_the_anchors_point_true.py
08:43:30 screen 552/836 OK              18.6s E02_condemnation_is_not_rarity/A11_is_condemnation_coupled_to_rarity/R045_谴责压得住的地方它跟着稀有度_压不住的地方它脱钩/gss_gap_over_51_years.py
08:43:32 screen 553/836 OK               8.8s E02_condemnation_is_not_rarity/A12_what_the_society_does_with_it/R059_五格里只有一格_越稀有越被谴责_不是关于做法的定律/rarity_and_condemnation_across_societies.py
08:43:33 screen 554/836 OK               3.4s E02_condemnation_is_not_rarity/A12_what_the_society_does_with_it/R059_五格里只有一格_越稀有越被谴责_不是关于做法的定律/source_boundary_map.py
08:43:34 screen 555/836 OK               0.4s E02_condemnation_is_not_rarity/A12_what_the_society_does_with_it/R059_五格里只有一格_越稀有越被谴责_不是关于做法的定律/the_two_sides_are_not_two_languages.py
08:43:35 screen 556/836 OK              47.0s E01_sexual_as_a_value_not_a_category/A07_does_the_form_and_route_structure_hold/R017_UNVERIFIED_从_测不出_升级成_测出来了_答案就在中间/r_true_interval.py
08:43:35 screen 557/836 OK               1.2s E02_condemnation_is_not_rarity/A12_what_the_society_does_with_it/R059_五格里只有一格_越稀有越被谴责_不是关于做法的定律/two_leave_two_arrive.py
08:43:37 screen 558/836 OK               2.0s E02_condemnation_is_not_rarity/A12_what_the_society_does_with_it/R059_五格里只有一格_越稀有越被谴责_不是关于做法的定律/which_version_does_it_count.py
08:43:38 screen 559/836 OK               2.8s E02_condemnation_is_not_rarity/A12_what_the_society_does_with_it/R060_严厉的社会_这种东西_在这份数据里没有证据/a_baseline_of_the_same_kind.py
08:43:42 screen 560/836 OK               4.2s E02_condemnation_is_not_rarity/A12_what_the_society_does_with_it/R060_严厉的社会_这种东西_在这份数据里没有证据/is_strictness_a_society_trait.py
08:43:43 screen 561/836 OK              34.3s E01_sexual_as_a_value_not_a_category/A10_audit_my_own_gates_and_my_own_page/R043_c3_三次劈半给出同一个答案_而_R549_的分组给出三个/full_page_audit.py
08:43:43 screen 562/836 OK               6.2s E02_condemnation_is_not_rarity/A12_what_the_society_does_with_it/R060_严厉的社会_这种东西_在这份数据里没有证据/does_the_assignment_matter.py
08:43:44 screen 563/836 OK               1.8s E02_condemnation_is_not_rarity/A12_what_the_society_does_with_it/R061_一件一件松开_而我先给自己造了一个不是天花板的天花板/levels_versus_differences.py
08:43:45 screen 564/836 OK               1.8s E02_condemnation_is_not_rarity/A12_what_the_society_does_with_it/R061_一件一件松开_而我先给自己造了一个不是天花板的天花板/matched_noise_and_disjoint_people.py
08:43:45 screen 565/836 OK               2.4s E02_condemnation_is_not_rarity/A12_what_the_society_does_with_it/R061_一件一件松开_而我先给自己造了一个不是天花板的天花板/longer_baseline.py
08:43:46 screen 566/836 OK               0.4s E02_condemnation_is_not_rarity/A12_what_the_society_does_with_it/R063_性比家庭更紧_而这是我没下注的那个世界/disjoint_coherence.py
08:43:46 screen 567/836 OK               0.4s E02_condemnation_is_not_rarity/A12_what_the_society_does_with_it/R063_性比家庭更紧_而这是我没下注的那个世界/does_coherence_predict_consistency.py
08:43:47 screen 568/836 OK               3.2s E02_condemnation_is_not_rarity/A12_what_the_society_does_with_it/R062_三个单位_三个答案_人有一套性道德_社会和年代没有/format_matched_reference.py
08:43:47 screen 569/836 OK               2.6s E02_condemnation_is_not_rarity/A12_what_the_society_does_with_it/R062_三个单位_三个答案_人有一套性道德_社会和年代没有/within_year_item_covariation.py
08:43:48 screen 570/836 OK               0.8s E02_condemnation_is_not_rarity/A12_what_the_society_does_with_it/R064_一个在十五岁就已经成形_另一个到四十四岁还在收紧/age_profile.py
08:43:51 screen 571/836 OK               3.6s E02_condemnation_is_not_rarity/A12_what_the_society_does_with_it/R065_面内高于面间_而那是设计_prior_art_这一行第一次自己举了手/purity_among_five.py
08:43:52 screen 572/836 OK               4.6s E02_condemnation_is_not_rarity/A12_what_the_society_does_with_it/R065_面内高于面间_而那是设计_prior_art_这一行第一次自己举了手/facets_inside_sex.py
08:43:53 screen 573/836 OTHER          124.5s E01_sexual_as_a_value_not_a_category/A04_is_the_public_face_honest/R004_does_leakage_need_a_noisy_covariat/backtest_the_gate.py
08:43:56 screen 574/836 OK               4.8s E02_condemnation_is_not_rarity/A12_what_the_society_does_with_it/R066_工具当场撤回了我上一轮的句子_而它自己的负对照先撤回了我的判据/brfss_shape.py
08:43:58 screen 575/836 OK               6.2s E02_condemnation_is_not_rarity/A12_what_the_society_does_with_it/R066_工具当场撤回了我上一轮的句子_而它自己的负对照先撤回了我的判据/is_it_sex_or_risk.py
08:44:01 screen 576/836 OK              36.6s E02_condemnation_is_not_rarity/A12_what_the_society_does_with_it/R059_五格里只有一格_越稀有越被谴责_不是关于做法的定律/rewrite_vs_delete.py
08:44:01 screen 577/836 OK              15.2s E02_condemnation_is_not_rarity/A12_what_the_society_does_with_it/R063_性比家庭更紧_而这是我没下注的那个世界/format_matched_in_another_instrument.py
08:44:02 screen 578/836 OK               9.4s E02_condemnation_is_not_rarity/A12_what_the_society_does_with_it/R066_工具当场撤回了我上一轮的句子_而它自己的负对照先撤回了我的判据/state_clustering.py
08:44:02 screen 579/836 OK               4.2s E02_condemnation_is_not_rarity/A12_what_the_society_does_with_it/R066_工具当场撤回了我上一轮的句子_而它自己的负对照先撤回了我的判据/yrbs_behaviour_synchrony.py
08:44:03 screen 580/836 OK               1.0s E02_condemnation_is_not_rarity/A12_what_the_society_does_with_it/R070_我手读判了零_机器扫描找回了五个_而其中一个是问卷给不了的设计/does_sex_have_a_distance_axis.py
08:44:06 screen 581/836 OK               2.8s E02_condemnation_is_not_rarity/A12_what_the_society_does_with_it/R070_我手读判了零_机器扫描找回了五个_而其中一个是问卷给不了的设计/one_act_three_circles.py
08:44:07 screen 582/836 OK               1.4s E02_condemnation_is_not_rarity/A12_what_the_society_does_with_it/R071_换个团队隔二十年还是同一个答案_而我的地板又一次写错了格/polarity_from_inside.py
08:44:07 screen 583/836 OK              11.4s E02_condemnation_is_not_rarity/A12_what_the_society_does_with_it/R066_工具当场撤回了我上一轮的句子_而它自己的负对照先撤回了我的判据/third_world.py
08:44:08 screen 584/836 OK               5.6s E02_condemnation_is_not_rarity/A12_what_the_society_does_with_it/R070_我手读判了零_机器扫描找回了五个_而其中一个是问卷给不了的设计/no_harm_severity_at_society_level.py
08:44:09 screen 585/836 OK               2.0s E02_condemnation_is_not_rarity/A12_what_the_society_does_with_it/R073_能分辨的那一刀是_0_60_而我把阶梯切在了_0_210/where_one_act_ends.py
08:44:10 screen 586/836 OK               9.0s E02_condemnation_is_not_rarity/A12_what_the_society_does_with_it/R067_中位把一个符号翻转藏起来了_而判决逻辑在_IN_为负时恒真/domain_grid.py
08:44:10 screen 587/836 OK               2.6s E02_condemnation_is_not_rarity/A12_what_the_society_does_with_it/R072_把做法固定住只换承受的人_一个社会只有一个数_换做法就没有了/one_ruler_or_four.py
08:44:10 screen 588/836 MISSING-INPUT    0.2s E02_condemnation_is_not_rarity/A12_what_the_society_does_with_it/R076_没有一条说得比它的区间允许的更强_而收口自己查出了三件别的/a12_closeout.py
08:44:11 screen 589/836 OK               1.0s E02_condemnation_is_not_rarity/A13_one_ruler_at_the_person_level/R077_余量不存在_我量出的_74_对_能用的只有_18/assignment_on_18.py
08:44:12 screen 590/836 OK               2.6s E02_condemnation_is_not_rarity/A13_one_ruler_at_the_person_level/R077_余量不存在_我量出的_74_对_能用的只有_18/wider_baseline.py
08:44:13 screen 591/836 OK              11.4s E02_condemnation_is_not_rarity/A12_what_the_society_does_with_it/R068_一个领域一个领域地动_而方向是从格式库读出来的_不是猜的/direction_fixed.py
08:44:13 screen 592/836 OK               0.8s E02_condemnation_is_not_rarity/A13_one_ruler_at_the_person_level/R078_换一种分法_符号就翻了_557_的结论是我那次划分的产物/both_binarised.py
08:44:22 screen 593/836 OK              11.4s E02_condemnation_is_not_rarity/A13_one_ruler_at_the_person_level/R078_换一种分法_符号就翻了_557_的结论是我那次划分的产物/beyond_44.py
08:44:25 screen 594/836 OK              12.0s E02_condemnation_is_not_rarity/A13_one_ruler_at_the_person_level/R078_换一种分法_符号就翻了_557_的结论是我那次划分的产物/domain_sensitivity.py
08:44:25 screen 595/836 OK               0.4s E02_condemnation_is_not_rarity/A13_one_ruler_at_the_person_level/R078_换一种分法_符号就翻了_557_的结论是我那次划分的产物/reliability_ratio.py
08:44:27 screen 596/836 OK              18.8s E02_condemnation_is_not_rarity/A12_what_the_society_does_with_it/R074_换谁挨打几乎不改变那个数_换用哪一种手段就把它压掉四分之三/target_or_technique.py
08:44:27 screen 597/836 OK               2.0s E02_condemnation_is_not_rarity/A13_one_ruler_at_the_person_level/R079_跨两者比非性内还高/cross_domain.py
08:44:29 screen 598/836 OK               2.0s E02_condemnation_is_not_rarity/A13_one_ruler_at_the_person_level/R080_参照那个_0_093_是一堆符号随机的零取了绝对值/domain_not_sex.py
08:44:31 screen 599/836 OK               2.2s E02_condemnation_is_not_rarity/A13_one_ruler_at_the_person_level/R080_参照那个_0_093_是一堆符号随机的零取了绝对值/is_decency_an_omnibus.py
08:44:32 screen 600/836 OK               4.8s E02_condemnation_is_not_rarity/A13_one_ruler_at_the_person_level/R080_参照那个_0_093_是一堆符号随机的零取了绝对值/can_the_two_axes_be_named.py
08:44:34 screen 601/836 OK              11.4s E02_condemnation_is_not_rarity/A13_one_ruler_at_the_person_level/R078_换一种分法_符号就翻了_557_的结论是我那次划分的产物/person_assignment.py
08:44:35 screen 602/836 OK               1.6s E02_condemnation_is_not_rarity/A13_one_ruler_at_the_person_level/R080_参照那个_0_093_是一堆符号随机的零取了绝对值/ratio_and_the_ceiling.py
08:44:41 screen 603/836 OK               9.4s E02_condemnation_is_not_rarity/A13_one_ruler_at_the_person_level/R080_参照那个_0_093_是一堆符号随机的零取了绝对值/outside_its_own_division.py
08:44:45 screen 604/836 OK              14.0s E02_condemnation_is_not_rarity/A13_one_ruler_at_the_person_level/R080_参照那个_0_093_是一堆符号随机的零取了绝对值/is_the_ruler_religion.py
08:44:47 screen 605/836 OK              37.2s E02_condemnation_is_not_rarity/A12_what_the_society_does_with_it/R075_一个测得极稳_却与周围一切都正交的量/example_takes_no_side.py
08:44:49 screen 606/836 OK              13.4s E02_condemnation_is_not_rarity/A13_one_ruler_at_the_person_level/R080_参照那个_0_093_是一堆符号随机的零取了绝对值/summary_or_extra.py
08:44:49 screen 607/836 OK               8.0s E02_condemnation_is_not_rarity/A13_one_ruler_at_the_person_level/R080_参照那个_0_093_是一堆符号随机的零取了绝对值/upstream_or_passenger.py
08:44:50 screen 608/836 OK               3.8s E02_condemnation_is_not_rarity/A14_sexual_morality_versus_family_morality/R082_跨几乎不动_动的是分母/apc_grid.py
08:44:52 screen 609/836 OK               3.0s E02_condemnation_is_not_rarity/A14_sexual_morality_versus_family_morality/R082_跨几乎不动_动的是分母/denominator.py
08:44:53 screen 610/836 OK               7.4s E02_condemnation_is_not_rarity/A13_one_ruler_at_the_person_level/R080_参照那个_0_093_是一堆符号随机的零取了绝对值/which_item_carries_it.py
08:44:54 screen 611/836 OK               4.6s E02_condemnation_is_not_rarity/A14_sexual_morality_versus_family_morality/R082_跨几乎不动_动的是分母/partial_out.py
08:44:54 screen 612/836 OK               2.6s E02_condemnation_is_not_rarity/A14_sexual_morality_versus_family_morality/R083_六步_每一步都被一个检验杀掉_而分段敏感性补上了/banding_sensitivity.py
08:44:57 screen 613/836 OK               2.6s E03_what_an_instrument_would_have_to_be/A15_what_the_existing_instruments_cannot_do/R084_偏掉地理之后_正对照掉到参照之下_年代信号不是弱_是没有/focal_year_drift.py
08:44:57 screen 614/836 OK              44.3s E02_condemnation_is_not_rarity/A13_one_ruler_at_the_person_level/R078_换一种分法_符号就翻了_557_的结论是我那次划分的产物/gss_assignment.py
08:44:58 screen 615/836 OK               0.4s E03_what_an_instrument_would_have_to_be/A15_what_the_existing_instruments_cannot_do/R086_态度只被两种模式量过_而那两种共享同一次入户/what_she_says_aloud.py
08:44:58 screen 616/836 OK               0.2s E03_what_an_instrument_would_have_to_be/A16_what_an_instrument_would_have_to_be/R089_七行其实是两件事/conflicts.py
08:44:58 screen 617/836 OK               7.8s E02_condemnation_is_not_rarity/A14_sexual_morality_versus_family_morality/R082_跨几乎不动_动的是分母/shape.py
08:44:58 screen 618/836 OK               0.4s E03_what_an_instrument_would_have_to_be/A16_what_an_instrument_would_have_to_be/R089_七行其实是两件事/coverage.py
08:44:59 screen 619/836 OK               0.4s E03_what_an_instrument_would_have_to_be/A16_what_an_instrument_would_have_to_be/R089_七行其实是两件事/min_cover.py
08:45:00 screen 620/836 OK               3.2s E03_what_an_instrument_would_have_to_be/A15_what_the_existing_instruments_cannot_do/R084_偏掉地理之后_正对照掉到参照之下_年代信号不是弱_是没有/partial_out_geography.py
08:45:23 screen 621/836 OK              23.1s E03_what_an_instrument_would_have_to_be/A18_distance_to_the_ceiling/R093_我下注纯洁的领先是天花板造的_而它比生的数还要更领先/purity_against_its_ceiling.py
08:45:27 screen 622/836 OK               3.4s E03_what_an_instrument_would_have_to_be/A18_distance_to_the_ceiling/R094_性_0_47_对家庭_0_10_而两块的天花板都高_不是天花板造的/triage_by_ceiling.py
08:45:28 screen 623/836 OK               1.6s E03_what_an_instrument_would_have_to_be/A18_distance_to_the_ceiling/R095_七题不是一个领域_所以_4_7_倍是拿一个领域去比一个袋子/is_family_one_thing.py
08:45:34 screen 624/836 OK               5.4s E03_what_an_instrument_would_have_to_be/A18_distance_to_the_ceiling/R096_它没有报错_它报了_1_1_1_1_看起来像一个结论/whose_grouping.py
08:45:39 screen 625/836 OK               5.8s E03_what_an_instrument_would_have_to_be/A18_distance_to_the_ceiling/R097_十四块里十一块站得住_而站不住的三块全是名义大于真实_一次反向都没有/whose_grouping_fixed.py
08:45:45 screen 626/836 OK               5.6s E03_what_an_instrument_would_have_to_be/A18_distance_to_the_ceiling/R098_五个道德域里只有纯洁是团_而性在两具仪器上都是/weakest_link.py
08:45:48 screen 627/836 OK               2.6s E03_what_an_instrument_would_have_to_be/A18_distance_to_the_ceiling/R099_我重引自己的账本时丢掉了定义那个量的符号_两条条目之后它弄坏了一道控/third_instrument.py
08:45:51 screen 628/836 OK               3.4s E03_what_an_instrument_would_have_to_be/A18_distance_to_the_ceiling/R100_真重引与随机配对都是_1_000_所以这具仪器测不到丢失与无关的差/lossy_requote.py
08:45:53 screen 629/836 OK               2.0s E03_what_an_instrument_would_have_to_be/A18_distance_to_the_ceiling/R100_真重引与随机配对都是_1_000_所以这具仪器测不到丢失与无关的差/lossy_requote_para.py
08:45:57 screen 630/836 OK               4.4s E03_what_an_instrument_would_have_to_be/A19_is_condemnation_upstream/R101_稀有度驱动谴责吗/condemnation_vs_prevalence.py
08:46:01 screen 631/836 OK               3.4s E03_what_an_instrument_would_have_to_be/A19_is_condemnation_upstream/R102_是不是2021年那次换问法/mode_or_structure.py
08:46:05 screen 632/836 OK               4.6s E03_what_an_instrument_would_have_to_be/A19_is_condemnation_upstream/R103_是性题特有还是所有道德题/sexual_or_all_moral.py
08:46:08 screen 633/836 OK               3.0s E03_what_an_instrument_would_have_to_be/A19_is_condemnation_upstream/R104_方向一致性是不是性题特有/direction_consistency.py
08:46:35 screen 634/836 OK              26.3s E03_what_an_instrument_would_have_to_be/A19_is_condemnation_upstream/R105_说不出口的是谁/who_cannot_say_it.py
08:46:35 screen 635/836 OK               0.8s E03_what_an_instrument_would_have_to_be/A20_how_many_instruments/R106_每条声明各靠几具仪器/instrument_audit.py
08:46:38 screen 636/836 OK               3.0s E03_what_an_instrument_would_have_to_be/A20_how_many_instruments/R107_换掉谴责那一侧的编码项目/whose_condemnation.py
08:46:42 screen 637/836 OK               3.8s E03_what_an_instrument_would_have_to_be/A20_how_many_instruments/R108_频率是不是规范换了个说法/is_frequency_just_norms.py
08:46:44 screen 638/836 OK               1.4s E03_what_an_instrument_would_have_to_be/A20_how_many_instruments/R109_换对象是不是单项目伪影/target_across_projects.py
08:46:45 screen 639/836 OK               1.4s E03_what_an_instrument_would_have_to_be/A20_how_many_instruments/R110_假覆盖审计/false_coverage_audit.py
08:46:45 screen 640/836 OK               0.4s E03_what_an_instrument_would_have_to_be/A20_how_many_instruments/R111_A20收口/a20_closeout.py
08:46:53 screen 641/836 OK               7.4s E03_what_an_instrument_would_have_to_be/A21_is_it_one_block_for_everyone/R112_是不是所有人身上都是一块/one_block_for_everyone.py
08:47:02 screen 642/836 OK               9.2s E03_what_an_instrument_would_have_to_be/A21_is_it_one_block_for_everyone/R113_修好判据再问一次/one_block_fixed.py
08:47:19 screen 643/836 TIMEOUT        240.0s E02_condemnation_is_not_rarity/A12_what_the_society_does_with_it/R059_五格里只有一格_越稀有越被谴责_不是关于做法的定律/add_or_strip.py
08:47:19 screen 644/836 TIMEOUT        240.1s E02_condemnation_is_not_rarity/A12_what_the_society_does_with_it/R059_五格里只有一格_越稀有越被谴责_不是关于做法的定律/backtest_the_rule.py
08:47:19 screen 645/836 TIMEOUT        240.2s E02_condemnation_is_not_rarity/A12_what_the_society_does_with_it/R059_五格里只有一格_越稀有越被谴责_不是关于做法的定律/bigram_tokeniser.py
08:47:22 screen 646/836 OK               3.4s E03_what_an_instrument_would_have_to_be/A21_is_it_one_block_for_everyone/R115_让机械聚类来切/mechanical_split.py
08:47:22 screen 647/836 OK               3.4s E03_what_an_instrument_would_have_to_be/A22_for_which_societies/R116_换对象对哪些社会成立/which_societies.py
08:47:24 screen 648/836 TIMEOUT        240.2s E02_condemnation_is_not_rarity/A12_what_the_society_does_with_it/R059_五格里只有一格_越稀有越被谴责_不是关于做法的定律/replaced_by.py
08:47:26 screen 649/836 OK               3.6s E03_what_an_instrument_would_have_to_be/A22_for_which_societies/R117_不分层的梯度/mfq_cross_instrument.py
08:47:32 screen 650/836 TIMEOUT        240.1s E02_condemnation_is_not_rarity/A12_what_the_society_does_with_it/R059_五格里只有一格_越稀有越被谴责_不是关于做法的定律/the_qualifier_gate.py
08:47:34 screen 651/836 OK               7.6s E03_what_an_instrument_would_have_to_be/A23_in_what_way_does_it_hold/R119_一个min的移动可以只由一对造成/which_pair_moves.py
08:47:35 screen 652/836 OK             155.9s E03_what_an_instrument_would_have_to_be/A17_the_orthogonal_quantity/R092_方法是好的_是那四道题撑不住它_而顺手量出连四档题的天花板也远低于一/ceiling_normalised.py
08:47:39 screen 653/836 OK              16.3s E03_what_an_instrument_would_have_to_be/A22_for_which_societies/R117_不分层的梯度/same_sample_and_age.py
08:47:42 screen 654/836 OK              10.2s E03_what_an_instrument_would_have_to_be/A23_in_what_way_does_it_hold/R120_是教育还是那几年/era_or_education.py
08:47:48 screen 655/836 OK             169.2s E03_what_an_instrument_would_have_to_be/A17_the_orthogonal_quantity/R091_一个数和它的天花板是两次不同的测量_而我只比了数/same_contrast_on_people.py
08:47:48 screen 656/836 OK               9.4s E03_what_an_instrument_would_have_to_be/A23_in_what_way_does_it_hold/R123_大部分是一个一般因子/general_factor.py
08:47:57 screen 657/836 OK              54.5s E03_what_an_instrument_would_have_to_be/A21_is_it_one_block_for_everyone/R114_命名不是测量/is_it_a_trait.py
08:48:00 screen 658/836 OK               3.4s E03_what_an_instrument_would_have_to_be/A24_what_does_being_knit_together_do/R127_在没看过的题组上验/held_out_batteries.py
08:48:00 screen 659/836 OK              17.8s E03_what_an_instrument_would_have_to_be/A23_in_what_way_does_it_hold/R124_混淆是反的/entropy_confound.py
08:48:03 screen 660/836 OK              15.6s E03_what_an_instrument_would_have_to_be/A23_in_what_way_does_it_hold/R125_是教育还是世代/education_or_cohort.py
08:48:06 screen 661/836 OK               6.4s E03_what_an_instrument_would_have_to_be/A24_what_does_being_knit_together_do/R128_总变化量随什么变/total_variation.py
08:48:08 screen 662/836 OK               1.8s E03_what_an_instrument_would_have_to_be/A25_which_way_does_it_compress/R131_极端还是离散_换仪器才问得出/extremity_vs_dispersion.py
08:48:09 screen 663/836 OK               8.8s E03_what_an_instrument_would_have_to_be/A25_which_way_does_it_compress/R129_压缩是有方向的吗/which_direction.py
08:48:12 screen 664/836 OK               3.8s E03_what_an_instrument_would_have_to_be/A25_which_way_does_it_compress/R132_第三具仪器_最后一次机会/third_instrument.py
08:48:13 screen 665/836 OK              25.0s E03_what_an_instrument_would_have_to_be/A24_what_does_being_knit_together_do/R126_连成一片的人分辨得更细还是一刀切/discriminate_or_blanket.py
08:48:14 screen 666/836 OK               0.6s E03_what_an_instrument_would_have_to_be/A26_closure_ratio_audit/R135_脆分母清点失败_而覆盖率是真的/fragile_denominator_audit.py
08:48:14 screen 667/836 OK               0.2s E03_what_an_instrument_would_have_to_be/A27_production_gate_rule/R136_让规矩变成闸/build_and_test_rule.py
08:48:15 screen 668/836 OK               0.6s E03_what_an_instrument_would_have_to_be/A27_production_gate_rule/R137_零配不配得上/pairing_audit.py
08:48:28 screen 669/836 OK              13.0s E03_what_an_instrument_would_have_to_be/A28_back_to_the_object/R138_最老的那条建在一个团队的笔迹上/rerun_oldest_claim.py
08:48:36 screen 670/836 OK              76.7s E03_what_an_instrument_would_have_to_be/A22_for_which_societies/R117_不分层的梯度/continuous_gradient.py
08:48:42 screen 671/836 OK              29.9s E03_what_an_instrument_would_have_to_be/A26_closure_ratio_audit/R134_四个比值的零/ratio_null_audit.py
08:48:42 screen 672/836 OK              67.7s E03_what_an_instrument_would_have_to_be/A23_in_what_way_does_it_hold/R122_编码极性把上一轮整个翻过来/polarity_audit_and_redo.py
08:48:47 screen 673/836 OK               4.8s E03_what_an_instrument_would_have_to_be/A28_back_to_the_object/R142_管孩子的轴管不管性/does_the_axis_reach_sex.py
08:48:53 screen 674/836 TIMEOUT        240.1s E03_what_an_instrument_would_have_to_be/A100_how_much_of_this_is_about_the_questionnaire/R311_leave_one_item_out_across_the_corpus/leave_one_item_out.py
08:48:54 screen 675/836 TIMEOUT        240.1s E03_what_an_instrument_would_have_to_be/A101_what_can_still_be_rederived/R312_how_much_of_this_corpus_can_still_be_run/can_it_still_be_rerun.py
08:48:54 screen 676/836 OK               0.4s E03_what_an_instrument_would_have_to_be/A29_capability_boundary/R145_只有一具仪器同时问了两半/no_instrument_pairs_both_halves.py
08:48:55 screen 677/836 OK              26.9s E03_what_an_instrument_would_have_to_be/A28_back_to_the_object/R139_松零与紧零_而紧零是halo检验/two_nulls.py
08:48:55 screen 678/836 OK               0.4s E03_what_an_instrument_would_have_to_be/A29_capability_boundary/R146_每条声明是从哪具仪器读出来的/instrument_routing.py
08:48:55 screen 679/836 OK               0.4s E03_what_an_instrument_would_have_to_be/A29_capability_boundary/R147_可信与精确不是一件事/credible_is_not_precise.py
08:48:55 screen 680/836 OK               8.2s E03_what_an_instrument_would_have_to_be/A28_back_to_the_object/R143_这条轴管谴责还是也管罕见/rarity_or_condemnation.py
08:48:56 screen 681/836 OK               0.8s E03_what_an_instrument_would_have_to_be/A30_paying_the_null_debt/R156_换一批人来读补零/null_for_639.py
08:49:01 screen 682/836 OK               8.2s E03_what_an_instrument_would_have_to_be/A29_capability_boundary/R144_这个n能看见多大的东西/mde_curve.py
08:49:02 screen 683/836 OK              20.2s E03_what_an_instrument_would_have_to_be/A28_back_to_the_object/R141_那张图样是不是一条轴/is_it_an_axis.py
08:49:03 screen 684/836 OK              59.7s E03_what_an_instrument_would_have_to_be/A25_which_way_does_it_compress/R130_量到的是立场还是结构/stance_or_structure.py
08:49:04 screen 685/836 OK               2.4s E03_what_an_instrument_would_have_to_be/A30_paying_the_null_debt/R158_只有纯洁是团还是那个阈造的/exact_null_mfq.py
08:49:04 screen 686/836 OK               1.2s E03_what_an_instrument_would_have_to_be/A30_paying_the_null_debt/R159_那五组的紧是对象还是笔迹/optimal_sign.py
08:49:06 screen 687/836 OK              10.8s E03_what_an_instrument_would_have_to_be/A30_paying_the_null_debt/R153_把642接回它自己那一层/rerun_642_own_level.py
08:49:08 screen 688/836 OK              32.2s E03_what_an_instrument_would_have_to_be/A28_back_to_the_object/R140_跨手段那一条撑不撑得住halo/across_technique_vs_halo.py
08:49:10 screen 689/836 OK               5.4s E03_what_an_instrument_would_have_to_be/A30_paying_the_null_debt/R160_把贪心换成最优符号后判决动不动/optimal_sign_all.py
08:49:11 screen 690/836 OK               1.2s E03_what_an_instrument_would_have_to_be/A31_性到底是不是一件事/R162_一个人的性是一件事还是二十件/msscq_facets.py
08:49:12 screen 691/836 OK               1.2s E03_what_an_instrument_would_have_to_be/A31_性到底是不是一件事/R162_一个人的性是一件事还是二十件/msscq_optimal.py
08:49:12 screen 692/836 OK               0.4s E03_what_an_instrument_would_have_to_be/A31_性到底是不是一件事/R163_未决关掉了而它带出两件更重的/close_542_gap.py
08:49:14 screen 693/836 OK               1.8s E03_what_an_instrument_would_have_to_be/A32_性克制是不是唯一按对象分档的/R166_十个品格里性克制排第几/sexual_restraint_rank.py
08:49:15 screen 694/836 OK               0.6s E03_what_an_instrument_would_have_to_be/A32_性克制是不是唯一按对象分档的/R167_十件事里社会最按性别区别对待哪一件/which_trait_is_gendered.py
08:49:16 screen 695/836 OK               1.0s E03_what_an_instrument_would_have_to_be/A32_性克制是不是唯一按对象分档的/R168_多数社会根本不分而分的时候几乎全朝一个方向/prevalence_and_direction.py
08:49:18 screen 696/836 OK              68.9s E03_what_an_instrument_would_have_to_be/A25_which_way_does_it_compress/R133_那2倍4是哪一件的/which_component_is_directional.py
08:49:20 screen 697/836 OK              14.2s E03_what_an_instrument_would_have_to_be/A30_paying_the_null_debt/R161_分母自己稳不稳/denominator_stability.py
08:49:23 screen 698/836 OK               7.0s E03_what_an_instrument_would_have_to_be/A32_性克制是不是唯一按对象分档的/R170_那二十件事对男人和女人是不是同一套/facets_by_sex.py
08:49:28 screen 699/836 OK             114.0s E03_what_an_instrument_would_have_to_be/A23_in_what_way_does_it_hold/R121_为什么是同性恋这一题/why_this_item.py
08:49:30 screen 700/836 OK               2.2s E03_what_an_instrument_would_have_to_be/A33_两具仪器为什么不一致/R175_换一套问法再问一遍还是同一块/same_block_other_wording.py
08:49:31 screen 701/836 OK               0.8s E03_what_an_instrument_would_have_to_be/A33_两具仪器为什么不一致/R177_一样紧是两个观测量相除得来的/pay_650.py
08:49:33 screen 702/836 OK              29.6s E03_what_an_instrument_would_have_to_be/A30_paying_the_null_debt/R159_那五组的紧是对象还是笔迹/sccs_exact_null.py
08:49:34 screen 703/836 OK               3.4s E03_what_an_instrument_would_have_to_be/A34_不靠池的那把尺子/R178_对着信度读那个零点四七/disattenuate.py
08:49:36 screen 704/836 OK              12.8s E03_what_an_instrument_would_have_to_be/A33_两具仪器为什么不一致/R174_换一个陪衬域比值会挪多少/pool_dependence.py
08:49:38 screen 705/836 OK               4.4s E03_what_an_instrument_would_have_to_be/A34_不靠池的那把尺子/R180_档数不同的那一格/mixed_categories.py
08:49:39 screen 706/836 OK              19.0s E03_what_an_instrument_would_have_to_be/A33_两具仪器为什么不一致/R173_是题数人群还是内容/why_they_disagree.py
08:49:40 screen 707/836 OK               7.2s E03_what_an_instrument_would_have_to_be/A34_不靠池的那把尺子/R179_两种校正修的是不是同一件事/two_corrections.py
08:49:41 screen 708/836 OK               2.4s E03_what_an_instrument_would_have_to_be/A35_年代这个单位/R181_水平走了一整格而紧密度走了吗/decompose.py
08:49:47 screen 709/836 OK               8.4s E03_what_an_instrument_would_have_to_be/A35_年代这个单位/R182_那对融合是不是限幅解除/range_restriction.py
08:49:54 screen 710/836 OK             150.4s E03_what_an_instrument_would_have_to_be/A23_in_what_way_does_it_hold/R118_水平位移还是真的更一致/level_vs_coherence.py
08:49:59 screen 711/836 OK              11.2s E03_what_an_instrument_would_have_to_be/A35_年代这个单位/R185_出轨没加入是关于人还是没有空间/xmarsex_headroom.py
08:50:00 screen 712/836 OK              19.4s E03_what_an_instrument_would_have_to_be/A35_年代这个单位/R183_是人变了还是人群变了/within_cohort.py
08:50:00 screen 713/836 OK               5.4s E03_what_an_instrument_would_have_to_be/A35_年代这个单位/R186_世代内的年份就是年龄/age_period.py
08:50:00 screen 714/836 OK              51.6s E03_what_an_instrument_would_have_to_be/A30_paying_the_null_debt/R161_分母自己稳不稳/descriptive_20seed.py
08:50:04 screen 715/836 OK               4.0s E03_what_an_instrument_would_have_to_be/A35_年代这个单位/R190_动得最少的那一群耦合最强/level_vs_coupling.py
08:50:06 screen 716/836 OK               7.0s E03_what_an_instrument_would_have_to_be/A35_年代这个单位/R188_是所有人一起变的吗/normalised_by_stratum.py
08:50:06 screen 717/836 OK               6.2s E03_what_an_instrument_would_have_to_be/A35_年代这个单位/R189_系统里有没有位置/headroom.py
08:50:06 screen 718/836 OTHER            0.4s E03_what_an_instrument_would_have_to_be/A36_那一族能不能机械化/R187_量了才知道这条路走不到它/traceability.py
08:50:06 screen 719/836 OK               6.4s E03_what_an_instrument_would_have_to_be/A35_年代这个单位/R188_是所有人一起变的吗/who_fused.py
08:50:08 screen 720/836 OK              26.8s E03_what_an_instrument_would_have_to_be/A35_年代这个单位/R184_是搬进性道德还是搬进政治/into_what.py
08:50:11 screen 721/836 OK               5.2s E03_what_an_instrument_would_have_to_be/A37_社会层的性道德是不是一件事/R193_偏掉一般的严之后还剩多少/partial_out.py
08:50:12 screen 722/836 OK               4.2s E03_what_an_instrument_would_have_to_be/A38_人这个单位上性是不是也自成一条线/R194_一个人对性的严是不是他一般有多严的一个侧面/person_level.py
08:50:15 screen 723/836 OK              10.6s E03_what_an_instrument_would_have_to_be/A35_年代这个单位/R191_把耦合从方差里救出来/variance_matched.py
08:50:16 screen 724/836 OK               4.0s E03_what_an_instrument_would_have_to_be/A38_人这个单位上性是不是也自成一条线/R195_社会层那九个品格里是不是也分成两族/family_split.py
08:50:20 screen 725/836 OK              83.9s E03_what_an_instrument_would_have_to_be/A30_paying_the_null_debt/R157_团是真的还是任取几题都这样/null_for_653.py
08:50:20 screen 726/836 OK               4.6s E03_what_an_instrument_would_have_to_be/A38_人这个单位上性是不是也自成一条线/R197_MFQ_那个图样在概率样本上还在不在/kohn_profile.py
08:50:22 screen 727/836 OK               6.8s E03_what_an_instrument_would_have_to_be/A38_人这个单位上性是不是也自成一条线/R195_社会层那九个品格里是不是也分成两族/is_the_family_a_family.py
08:50:22 screen 728/836 OK               2.2s E03_what_an_instrument_would_have_to_be/A38_人这个单位上性是不是也自成一条线/R198_方向这个问题这套数据撑不撑得起/can_we_even_ask.py
08:50:23 screen 729/836 OK              16.8s E03_what_an_instrument_would_have_to_be/A37_社会层的性道德是不是一件事/R192_教孩子性克制和谴责成年人是不是一件事/child_to_adult.py
08:50:23 screen 730/836 OK               0.2s E03_what_an_instrument_would_have_to_be/A39_那条弧会不会只是政治左右/R203_判词的问法本身不合格/reread.py
08:50:23 screen 731/836 OK               1.0s E03_what_an_instrument_would_have_to_be/A39_那条弧会不会只是政治左右/R202_宗教能不能解释掉服从/mfq_religion_arm.py
08:50:24 screen 732/836 OK               4.0s E03_what_an_instrument_would_have_to_be/A39_那条弧会不会只是政治左右/R201_把政治偏掉之后权威还剩多少/is_it_just_politics.py
08:50:26 screen 733/836 OK               4.0s E03_what_an_instrument_would_have_to_be/A39_那条弧会不会只是政治左右/R202_宗教能不能解释掉服从/is_it_religion.py
08:50:26 screen 734/836 OK               0.6s E03_what_an_instrument_would_have_to_be/A39_那条弧会不会只是政治左右/R206_那个区间的上界是我用错了信度/truncation_deflates_reliability.py
08:50:26 screen 735/836 OK               3.4s E03_what_an_instrument_would_have_to_be/A39_那条弧会不会只是政治左右/R204_我的过滤器删掉了参照组/is_the_residual_just_unreliability.py
08:50:27 screen 736/836 OK               0.8s E03_what_an_instrument_would_have_to_be/A40_管别人的性是不是在管自己/R207_本人的性经历能解释多少/nsfg_lifetime_vs_lastyear.py
08:50:28 screen 737/836 OK               4.4s E03_what_an_instrument_would_have_to_be/A39_那条弧会不会只是政治左右/R204_我的过滤器删掉了参照组/the_filter_deleted_the_reference_group.py
08:50:35 screen 738/836 OK              29.2s E03_what_an_instrument_would_have_to_be/A38_人这个单位上性是不是也自成一条线/R194_一个人对性的严是不是他一般有多严的一个侧面/mfq_arm.py
08:50:46 screen 739/836 OK              35.2s E03_what_an_instrument_would_have_to_be/A38_人这个单位上性是不是也自成一条线/R194_一个人对性的严是不是他一般有多严的一个侧面/which_half.py
08:50:48 screen 740/836 OK             106.1s E03_what_an_instrument_would_have_to_be/A30_paying_the_null_debt/R158_只有纯洁是团还是那个阈造的/size_matched_null.py
08:50:51 screen 741/836 OK               2.8s E03_what_an_instrument_would_have_to_be/A41_解释份额是测量还是推导/R210_交互是不是也只是二阶矩/mfq_moderation_arm.py
08:50:54 screen 742/836 OK              28.0s E03_what_an_instrument_would_have_to_be/A40_管别人的性是不是在管自己/R207_本人的性经历能解释多少/lifetime_partners.py
08:50:55 screen 743/836 OK               0.4s E03_what_an_instrument_would_have_to_be/A41_解释份额是测量还是推导/R212_唯一没到顶的那一题/nsfg_ceiling_arm.py
08:50:56 screen 744/836 OK              97.9s E03_what_an_instrument_would_have_to_be/A32_性克制是不是唯一按对象分档的/R171_七个面里有几个撑得过多重性/bh_over_facets.py
08:50:56 screen 745/836 OK              28.6s E03_what_an_instrument_would_have_to_be/A40_管别人的性是不是在管自己/R207_本人的性经历能解释多少/own_sexual_biography.py
08:50:57 screen 746/836 OK              33.0s E03_what_an_instrument_would_have_to_be/A39_那条弧会不会只是政治左右/R206_那个区间的上界是我用错了信度/omega_not_alpha.py
08:51:01 screen 747/836 OK              33.8s E03_what_an_instrument_would_have_to_be/A40_管别人的性是不是在管自己/R208_纠缠度不该由我来排/entanglement_regression.py
08:51:08 screen 748/836 OK              32.4s E03_what_an_instrument_would_have_to_be/A41_解释份额是测量还是推导/R209_份额可不可能是别的样子/is_the_share_a_derivation.py
08:51:19 screen 749/836 OK              18.0s E03_what_an_instrument_would_have_to_be/A43_两条已发表的话从没并排读过/R217_水平变动与端点占比变动/side_by_side.py
08:51:20 screen 750/836 OK              25.0s E03_what_an_instrument_would_have_to_be/A41_解释份额是测量还是推导/R212_唯一没到顶的那一题/premarsx_alone.py
08:51:24 screen 751/836 OK              33.0s E03_what_an_instrument_would_have_to_be/A41_解释份额是测量还是推导/R211_换一个不吃方差的统计量/variance_robust_direction.py
08:51:24 screen 752/836 OK              28.2s E03_what_an_instrument_would_have_to_be/A42_把页面上的份额改成推导/R215_虔诚者的共识有没有真的收紧/consensus_or_arithmetic.py
08:51:24 screen 753/836 OK              37.6s E03_what_an_instrument_would_have_to_be/A41_解释份额是测量还是推导/R210_交互是不是也只是二阶矩/interaction_or_second_moments.py
08:51:26 screen 754/836 OK              28.2s E03_what_an_instrument_would_have_to_be/A42_把页面上的份额改成推导/R216_婚外性是真稳定还是早就到顶/stable_or_early_ceiling.py
08:51:27 screen 755/836 OK              31.6s E03_what_an_instrument_would_have_to_be/A42_把页面上的份额改成推导/R213_每处份额背后的三元组/triples_behind_every_share.py
08:51:28 screen 756/836 OK               0.2s E03_what_an_instrument_would_have_to_be/A44_虔诚者改得少是不是天花板逼出来的/R223_同样的潜在位移在两条起跑线上会走出多大的差/instrument_search.py
08:51:29 screen 757/836 OK              21.6s E03_what_an_instrument_would_have_to_be/A43_两条已发表的话从没并排读过/R218_那个比会不会只是年龄的影子/within_cohort_ratio.py
08:51:42 screen 758/836 OK              18.2s E03_what_an_instrument_would_have_to_be/A43_两条已发表的话从没并排读过/R222_页面上那些比值有几个是裸的点估计/naked_point_estimates.py
08:51:43 screen 759/836 OK              23.0s E03_what_an_instrument_would_have_to_be/A43_两条已发表的话从没并排读过/R219_切法会不会在决定答案/cut_or_answer.py
08:51:43 screen 760/836 OK               0.2s E03_what_an_instrument_would_have_to_be/A44_虔诚者改得少是不是天花板逼出来的/R226_页面上有几个NN的分母是活下来的格/denominator_is_the_survivors.py
08:51:43 screen 761/836 OK              23.4s E03_what_an_instrument_would_have_to_be/A43_两条已发表的话从没并排读过/R220_整组自由度上的规格曲线/spec_curve.py
08:51:44 screen 762/836 OK             128.3s E03_what_an_instrument_would_have_to_be/A35_年代这个单位/R181_水平走了一整格而紧密度走了吗/coherence_over_decades.py
08:51:46 screen 763/836 OK              22.4s E03_what_an_instrument_would_have_to_be/A43_两条已发表的话从没并排读过/R221_那一格是真反号还是我的判据太松/ratio_needs_its_own_interval.py
08:51:47 screen 764/836 OK               4.0s E03_what_an_instrument_would_have_to_be/A45_虔诚者踩的是一个总闸还是一个个开关/R227_那个比在与性无关的道德题上还是不是这个数/one_brake_or_many.py
08:51:47 screen 765/836 OK               0.2s E03_what_an_instrument_would_have_to_be/A46_页面还按一个已知是错的切法组织着多少/R231_先数出有多少句话靠性对非性撑着/how_much_of_the_page_rests_on_the_cut.py
08:51:47 screen 766/836 OK               0.2s E03_what_an_instrument_would_have_to_be/A46_页面还按一个已知是错的切法组织着多少/R232_不用词表定总体_改用结构定总体/enumerate_every_claim.py
08:51:49 screen 767/836 OK               6.2s E03_what_an_instrument_would_have_to_be/A45_虔诚者踩的是一个总闸还是一个个开关/R229_那十二道不稳的题是分母太小还是年份太少/why_the_ratio_is_unstable.py
08:51:50 screen 768/836 OK               7.2s E03_what_an_instrument_would_have_to_be/A45_虔诚者踩的是一个总闸还是一个个开关/R228_那条边界不约束我真正需要的那个量/the_ratio_does_not_need_polarity.py
08:51:50 screen 769/836 OK               3.2s E03_what_an_instrument_would_have_to_be/A47_最虔诚的三分之一是不是同一批人/R233_那条分层线自己在五十年里漂了多远/did_the_boundary_move.py
08:51:50 screen 770/836 OK               0.2s E03_what_an_instrument_would_have_to_be/A50_撤回要走到它引发的物件上/R237_页面上还有几处在用一个已死的结构/verify_the_retraction_landed.py
08:51:50 screen 771/836 OK               0.4s E03_what_an_instrument_would_have_to_be/A52_MDE关的是确认不是反驳/R239_一个把顶和底放在同一侧的候选靠枚举就死了/enumeration_kills_candidates.py
08:51:50 screen 772/836 OK              26.4s E03_what_an_instrument_would_have_to_be/A43_两条已发表的话从没并排读过/R222_页面上那些比值有几个是裸的点估计/msscq_span_arm.py
08:51:54 screen 773/836 OK               3.6s E03_what_an_instrument_would_have_to_be/A54_这条鸿沟在合还是在裂/R241_八题的两层差距页面一次都没报过/is_the_divide_closing.py
08:51:54 screen 774/836 OK               3.8s E03_what_an_instrument_would_have_to_be/A53_顶对从哪儿到哪儿/R240_那套天花板对照从来没跑到剩下这一对上/where_did_they_start_and_end.py
08:51:55 screen 775/836 OK               5.2s E03_what_an_instrument_would_have_to_be/A51_剩下那一对会不会也是小分母/R238_造一个八题真值相同的世界看谁自己冒出来/is_the_top_pair_an_artifact.py
08:51:55 screen 776/836 OK              29.8s E03_what_an_instrument_would_have_to_be/A44_虔诚者改得少是不是天花板逼出来的/R223_同样的潜在位移在两条起跑线上会走出多大的差/forced_by_the_ceiling.py
08:51:56 screen 777/836 OK              28.2s E03_what_an_instrument_would_have_to_be/A44_虔诚者改得少是不是天花板逼出来的/R224_那句话是关于同性恋的还是关于性道德的/across_the_four_items.py
08:51:56 screen 778/836 OK               0.4s E03_what_an_instrument_would_have_to_be/A57_两条更正要走到页面上/R246_不是没跑是跑不了而页面还没这么说/two_corrections_must_land.py
08:51:56 screen 779/836 OK              26.6s E03_what_an_instrument_would_have_to_be/A44_虔诚者改得少是不是天花板逼出来的/R225_青少年性那一题是天花板挡住的还是年数不够/same_years_same_question.py
08:51:57 screen 780/836 OK               7.8s E03_what_an_instrument_would_have_to_be/A49_底堆是一堆人还是一片问不出来/R236_他们没动_还是我们看不出来/bottom_clump_or_blind_spot.py
08:51:58 screen 781/836 OK               3.6s E03_what_an_instrument_would_have_to_be/A55_页面上最大的那个数一个对照都没有/R242_同性恋那条鸿沟翻三倍需要分歧吗/does_the_tripling_need_divergence.py
08:51:58 screen 782/836 OK               2.2s E03_what_an_instrument_would_have_to_be/A60_那五十年的扩大是不是匀速的/R251_按十年切开看鸿沟是什么时候张开的/when_did_it_open.py
08:51:58 screen 783/836 OK               2.6s E03_what_an_instrument_would_have_to_be/A59_八轮一具仪器/R249_同一个问题换一份调查还在不在/second_instrument_nsfg.py
08:52:01 screen 784/836 OK              17.0s E03_what_an_instrument_would_have_to_be/A45_虔诚者踩的是一个总闸还是一个个开关/R230_那条八点的轴是一条轴还是八个标签贴在噪声上/is_the_ordering_an_object.py
08:52:01 screen 785/836 OK               5.6s E03_what_an_instrument_would_have_to_be/A58_五裂三合一直只是方向/R247_三题的鸿沟五十年没动是发现还是分辨不出/gaps_get_their_intervals.py
08:52:02 screen 786/836 OK               4.6s E03_what_an_instrument_would_have_to_be/A61_九十年代那一格还没有解释/R253_把两轮的负控重抽两百次/retrofit_the_negative_controls.py
08:52:05 screen 787/836 OK               4.0s E03_what_an_instrument_would_have_to_be/A64_裂开的时点是不是同一个/R258_八题的十年网格/same_decade_or_not.py
08:52:06 screen 788/836 OK              11.4s E03_what_an_instrument_would_have_to_be/A55_页面上最大的那个数一个对照都没有/R244_那个量骑在阈值上两次所以该报区间/interval_not_a_threshold.py
08:52:09 screen 789/836 OK               6.8s E03_what_an_instrument_would_have_to_be/A65_宗教这个轴是不是可替换的/R259_换成政治立场分层再跑同一张网格/is_the_religion_axis_substitutable.py
08:52:09 screen 790/836 OK               3.8s E03_what_an_instrument_would_have_to_be/A66_裂还是漂要有一个连续的量/R260_集中度而不是数格子/concentration_not_cell_counting.py
08:52:13 screen 791/836 OK               3.8s E03_what_an_instrument_would_have_to_be/A69_那个2点5倍是原始量表分/R263_换五种归一化再看谁是例外/is_the_exception_a_scale_artifact.py
08:52:15 screen 792/836 OK               9.0s E03_what_an_instrument_would_have_to_be/A67_把十年内全部年份用上/R261_那个工程改动到底降了多少噪声/does_the_fix_actually_help.py
08:52:19 screen 793/836 OK              18.0s E03_what_an_instrument_would_have_to_be/A63_虔诚者自己做了什么/R257_停住了还是往回走了/did_the_devout_turn_back.py
08:52:19 screen 794/836 OK               0.4s E03_what_an_instrument_would_have_to_be/A72_两条更正落地/R267_未校正的标记与从没重数的欠账/land_two_corrections.py
08:52:20 screen 795/836 OK              21.4s E03_what_an_instrument_would_have_to_be/A62_是人改了主意还是人换了/R255_九十年代那次张开里有多少是世代替换/minds_or_membership.py
08:52:20 screen 796/836 OK               0.4s E03_what_an_instrument_would_have_to_be/A73_那个匹配器的召回率/R268_先建独立的真值集再量它/measure_the_matcher.py
08:52:23 screen 797/836 OK              14.4s E03_what_an_instrument_would_have_to_be/A68_放弃十年分辨率换回功效/R262_虔诚者在后半段是不是不再改主意了/halves_not_decades.py
08:52:30 screen 798/836 OK              31.2s E03_what_an_instrument_would_have_to_be/A62_是人改了主意还是人换了/R256_两千年代那个十年也没检验过走这个前提/both_decades.py
08:52:35 screen 799/836 OK               5.4s E03_what_an_instrument_would_have_to_be/A78_换单位到社会/R275_同一个编码者说的还是社会说的/one_coder_or_the_world.py
08:52:36 screen 800/836 OK              39.2s E03_what_an_instrument_would_have_to_be/A61_九十年代那一格还没有解释/R252_那次张开有多少是刻度有多少是分歧/decompose_the_nineties.py
08:52:39 screen 801/836 OK               2.4s E03_what_an_instrument_would_have_to_be/A79_那一格里到底是谁在动/R277_两层各自的轨迹从没被分开看过/who_actually_moved.py
08:52:39 screen 802/836 OK              44.2s E03_what_an_instrument_would_have_to_be/A56_八条鸿沟每一条都欠同一个对照/R245_共同位移能不能造出一次跨零/across_eight_and_the_crossing.py
08:52:40 screen 803/836 OK               5.0s E03_what_an_instrument_would_have_to_be/A78_换单位到社会/R276_三把尺子彼此同意吗/do_the_three_rulers_agree.py
08:52:41 screen 804/836 OK               0.6s E03_what_an_instrument_would_have_to_be/A81_那三轮的总体到底虚高了多少/R281_修好切法再重数一遍/recount_with_fixed_units.py
08:52:41 screen 805/836 OK               2.4s E03_what_an_instrument_would_have_to_be/A79_那一格里到底是谁在动/R278_二〇一〇年代那次追上是真的还是量表到头了/latent_or_ceiling.py
08:52:44 screen 806/836 OK               4.4s E03_what_an_instrument_would_have_to_be/A80_缝到底有没有合上/R279_差距自己的区间从没算过/the_gap_gets_its_own_interval.py
08:52:47 screen 807/836 OK               5.8s E03_what_an_instrument_would_have_to_be/A81_那三轮的总体到底虚高了多少/R282_当时错没错和今天对不对是两个问题/then_versus_now.py
08:52:47 screen 808/836 OK               3.0s E03_what_an_instrument_would_have_to_be/A82_我写过的每一堵墙/R283_三堵墙里有没有一堵是没查过的/audit_my_own_walls.py
08:52:50 screen 809/836 OK              63.0s E03_what_an_instrument_would_have_to_be/A48_三堆是不是逐年取均值取出来的/R235_换一个估计量_个体层的交互项/aggregation_or_people.py
08:52:50 screen 810/836 OK               3.4s E03_what_an_instrument_would_have_to_be/A83_墙倒了那条路走得通吗/R284_只扣可识别的那一半年龄/only_the_identified_half.py
08:52:50 screen 811/836 OK               3.4s E03_what_an_instrument_would_have_to_be/A84_是世俗那边走了还是只在这一题上走了/R285_八题上各自是谁在动/whose_move_on_every_item.py
08:52:50 screen 812/836 OK               0.4s E03_what_an_instrument_would_have_to_be/A86_不许说做不完先量一笔要多少/R291_逐笔查实的单笔代价/what_does_one_cost.py
08:52:51 screen 813/836 OK               1.0s E03_what_an_instrument_would_have_to_be/A88_我一轮前写下的那堵墙/R293_把每一具仪器都点一遍名/enumerate_every_instrument.py
08:52:52 screen 814/836 OK               2.0s E03_what_an_instrument_would_have_to_be/A85_那条线索经不经得住换一半人/R288_性教育那一格的留出复现/held_out_on_sexeduc.py
08:52:53 screen 815/836 OK              11.8s E03_what_an_instrument_would_have_to_be/A81_那三轮的总体到底虚高了多少/R289_剩下两轮的判词也重算/the_other_two_verdicts.py
08:52:53 screen 816/836 OK              29.6s E03_what_an_instrument_would_have_to_be/A77_年龄和宗教是同一条缝吗/R274_先查功效再分层/age_or_religion.py
08:52:55 screen 817/836 TIMEOUT        240.0s E03_what_an_instrument_would_have_to_be/A30_paying_the_null_debt/R151_给最大的那条补上它的零/null_for_683.py
08:52:56 screen 818/836 OK               2.4s E03_what_an_instrument_would_have_to_be/A90_是错的和不许他教书是两件事吗/R298_同一个人会不会一边说错一边放行/inside_one_head.py
08:52:56 screen 819/836 OK               4.2s E03_what_an_instrument_would_have_to_be/A89_虔诚有两张脸/R296_同一年同一批人把三张脸并排放/all_faces_one_year.py
08:52:58 screen 820/836 OK               2.0s E03_what_an_instrument_would_have_to_be/A93_宗教是不是这个对象的那根轴/R301_七根轴在放行题上重排一次/which_cleavage_carries_sanction.py
08:53:02 screen 821/836 OK              48.6s E03_what_an_instrument_would_have_to_be/A70_那条幸存的事实自己稳不稳/R264_多种子网格与边界距离/is_the_count_stable.py
08:53:05 screen 822/836 OK              13.6s E03_what_an_instrument_would_have_to_be/A89_虔诚有两张脸/R295_公共的那张和私人的那张分开量/two_faces_of_religiosity.py
08:53:07 screen 823/836 OK              10.8s E03_what_an_instrument_would_have_to_be/A93_宗教是不是这个对象的那根轴/R302_同一把尺架到道德题上/which_cleavage_carries_the_moral_side.py
08:53:12 screen 824/836 OK              22.0s E03_what_an_instrument_would_have_to_be/A87_那条缝换一份问卷还在不在/R292_第一次跨仪器复现/two_questionnaires_one_divide.py
08:53:13 screen 825/836 OK               0.8s E03_what_an_instrument_would_have_to_be/A98_还有几条守则只靠拷贝活着/R308_数一数并把最大的那条搬走/run.py
08:53:16 screen 826/836 OK               9.6s E03_what_an_instrument_would_have_to_be/A97_一个差不能承载一个水平/R307_个人一般性有多大而不是差多少/how_much_generality.py
08:53:17 screen 827/836 OK               4.4s E03_what_an_instrument_would_have_to_be/A99_那八轮的影响到底有多大/R309_把性别当成一道性癖题会把结构转多少/how_far_does_it_rotate.py
08:53:19 screen 828/836 OK              17.2s E03_what_an_instrument_would_have_to_be/A95_那几块孤立的少数是不是同一批人/R304_一个人能同时落在几块里/how_many_blocs_per_person.py
08:53:23 screen 829/836 OK              30.0s E03_what_an_instrument_would_have_to_be/A90_是错的和不许他教书是两件事吗/R297_道德判断与公民制裁的缝一样宽吗/judgement_versus_sanction.py
08:53:36 screen 830/836 OK              41.0s E03_what_an_instrument_would_have_to_be/A92_裂口自己在变宽是哪一边动的/R300_道德那条缝变宽还是制裁那条缝变窄/which_side_moved_the_split.py
08:53:38 screen 831/836 OK              33.0s E03_what_an_instrument_would_have_to_be/A96_不在任何一块里的反对者是谁/R305_同一条尺上的两个位置还是两种反对/two_kinds_of_refusal.py
08:53:54 screen 832/836 OK              94.1s E03_what_an_instrument_would_have_to_be/A76_那句话的主语从没被检验过/R273_七根轴上九十年代那一格还在吗/whose_divide.py
08:54:32 screen 833/836 OK              94.2s E03_what_an_instrument_would_have_to_be/A94_把两端拉开和解释了多少是同一件事吗/R303_中间那三分之一站在哪边/where_the_middle_third_stands.py
08:54:39 screen 834/836 OK             138.9s E03_what_an_instrument_would_have_to_be/A75_家族是什么这条轴从没扫过/R271_五种族定义下谁还活着/which_family.py
08:55:46 screen 835/836 OK             149.7s E03_what_an_instrument_would_have_to_be/A99_那八轮的影响到底有多大/R310_把那一行补回去_八个脚本各跑两遍/rerun_with_the_missing_line.py
08:56:15 screen 836/836 TIMEOUT        240.1s E03_what_an_instrument_would_have_to_be/A71_整张网格终于做多重性/R265_BH校正之后还剩几个格/what_survives_bh.py
08:56:15 serial start n=361
08:56:15 serial 1/361 IMPORT-ERROR->IMPORT-ERROR    0.2s E01_sexual_as_a_value_not_a_category/A01_what_this_release_can_answer_at_all/R001_schema/accumulation_curve.py
08:56:15 serial 2/361 IMPORT-ERROR->IMPORT-ERROR    0.2s E01_sexual_as_a_value_not_a_category/A01_what_this_release_can_answer_at_all/R001_schema/acquiescence_attack.py
08:56:15 serial 3/361 IMPORT-ERROR->IMPORT-ERROR    0.2s E01_sexual_as_a_value_not_a_category/A01_what_this_release_can_answer_at_all/R001_schema/acquired_vs_liked.py
08:56:15 serial 4/361 IMPORT-ERROR->IMPORT-ERROR    0.2s E01_sexual_as_a_value_not_a_category/A01_what_this_release_can_answer_at_all/R001_schema/additivity.py
08:56:16 serial 5/361 IMPORT-ERROR->IMPORT-ERROR    0.2s E01_sexual_as_a_value_not_a_category/A01_what_this_release_can_answer_at_all/R001_schema/agent_patient_axis.py
08:56:16 serial 6/361 IMPORT-ERROR->IMPORT-ERROR    0.2s E01_sexual_as_a_value_not_a_category/A01_what_this_release_can_answer_at_all/R001_schema/are_blocks_interchangeable.py
08:56:16 serial 7/361 IMPORT-ERROR->IMPORT-ERROR    0.2s E01_sexual_as_a_value_not_a_category/A01_what_this_release_can_answer_at_all/R001_schema/attack_each_coordinate.py
08:56:16 serial 8/361 IMPORT-ERROR->IMPORT-ERROR    0.2s E01_sexual_as_a_value_not_a_category/A01_what_this_release_can_answer_at_all/R001_schema/attack_the_foundation.py
08:56:16 serial 9/361 IMPORT-ERROR->IMPORT-ERROR    0.2s E01_sexual_as_a_value_not_a_category/A01_what_this_release_can_answer_at_all/R001_schema/binning_null.py
08:56:17 serial 10/361 IMPORT-ERROR->IMPORT-ERROR    0.2s E01_sexual_as_a_value_not_a_category/A01_what_this_release_can_answer_at_all/R001_schema/blocks_or_total_sample.py
08:56:17 serial 11/361 IMPORT-ERROR->IMPORT-ERROR    0.2s E01_sexual_as_a_value_not_a_category/A01_what_this_release_can_answer_at_all/R001_schema/breadth_has_no_shape.py
08:56:17 serial 12/361 IMPORT-ERROR->IMPORT-ERROR    0.2s E01_sexual_as_a_value_not_a_category/A01_what_this_release_can_answer_at_all/R001_schema/breadth_or_attribution.py
08:56:17 serial 13/361 IMPORT-ERROR->IMPORT-ERROR    0.2s E01_sexual_as_a_value_not_a_category/A01_what_this_release_can_answer_at_all/R001_schema/column_kinds.py
08:56:17 serial 14/361 IMPORT-ERROR->IMPORT-ERROR    0.2s E01_sexual_as_a_value_not_a_category/A01_what_this_release_can_answer_at_all/R001_schema/coord_with_a_validated_measure.py
08:58:41 serial 15/361 TIMEOUT->OK  143.6s E01_sexual_as_a_value_not_a_category/A01_what_this_release_can_answer_at_all/R001_schema/coordinate_count_specification_curve.py
08:58:41 serial 16/361 IMPORT-ERROR->IMPORT-ERROR    0.2s E01_sexual_as_a_value_not_a_category/A01_what_this_release_can_answer_at_all/R001_schema/correlate_scan.py
08:58:41 serial 17/361 IMPORT-ERROR->IMPORT-ERROR    0.2s E01_sexual_as_a_value_not_a_category/A01_what_this_release_can_answer_at_all/R001_schema/coverage_confound.py
08:58:42 serial 18/361 IMPORT-ERROR->IMPORT-ERROR    0.2s E01_sexual_as_a_value_not_a_category/A01_what_this_release_can_answer_at_all/R001_schema/cv_cca_and_rarity.py
08:58:42 serial 19/361 IMPORT-ERROR->IMPORT-ERROR    0.2s E01_sexual_as_a_value_not_a_category/A01_what_this_release_can_answer_at_all/R001_schema/deficit_reference_class.py
08:58:42 serial 20/361 IMPORT-ERROR->IMPORT-ERROR    0.2s E01_sexual_as_a_value_not_a_category/A01_what_this_release_can_answer_at_all/R001_schema/different_framing_same_question.py
08:58:42 serial 21/361 IMPORT-ERROR->IMPORT-ERROR    0.2s E01_sexual_as_a_value_not_a_category/A01_what_this_release_can_answer_at_all/R001_schema/dimensionality.py
08:58:42 serial 22/361 IMPORT-ERROR->IMPORT-ERROR    0.2s E01_sexual_as_a_value_not_a_category/A01_what_this_release_can_answer_at_all/R001_schema/disattenuation.py
08:59:26 serial 23/361 TIMEOUT->OK   43.1s E01_sexual_as_a_value_not_a_category/A01_what_this_release_can_answer_at_all/R001_schema/discriminant_validity.py
08:59:26 serial 24/361 IMPORT-ERROR->IMPORT-ERROR    0.2s E01_sexual_as_a_value_not_a_category/A01_what_this_release_can_answer_at_all/R001_schema/do_factors_reach_excluded_blocks.py
08:59:26 serial 25/361 IMPORT-ERROR->IMPORT-ERROR    0.2s E01_sexual_as_a_value_not_a_category/A01_what_this_release_can_answer_at_all/R001_schema/does_matching_correct_or_just_subsample.py
08:59:26 serial 26/361 IMPORT-ERROR->IMPORT-ERROR    0.2s E01_sexual_as_a_value_not_a_category/A01_what_this_release_can_answer_at_all/R001_schema/does_power_reach_outside.py
08:59:26 serial 27/361 IMPORT-ERROR->IMPORT-ERROR    0.2s E01_sexual_as_a_value_not_a_category/A01_what_this_release_can_answer_at_all/R001_schema/does_substance_reach_outside.py
08:59:27 serial 28/361 MISSING-INPUT->MISSING-INPUT    0.2s E01_sexual_as_a_value_not_a_category/A01_what_this_release_can_answer_at_all/R001_schema/does_the_count_saturate.py
08:59:27 serial 29/361 IMPORT-ERROR->IMPORT-ERROR    0.6s E01_sexual_as_a_value_not_a_category/A01_what_this_release_can_answer_at_all/R001_schema/erotic_covariates.py
08:59:27 serial 30/361 IMPORT-ERROR->IMPORT-ERROR    0.2s E01_sexual_as_a_value_not_a_category/A01_what_this_release_can_answer_at_all/R001_schema/escalating_match.py
08:59:28 serial 31/361 IMPORT-ERROR->IMPORT-ERROR    0.2s E01_sexual_as_a_value_not_a_category/A01_what_this_release_can_answer_at_all/R001_schema/explode_multiselects.py
08:59:28 serial 32/361 IMPORT-ERROR->IMPORT-ERROR    0.2s E01_sexual_as_a_value_not_a_category/A01_what_this_release_can_answer_at_all/R001_schema/gated_tree.py
08:59:28 serial 33/361 IMPORT-ERROR->IMPORT-ERROR    0.2s E01_sexual_as_a_value_not_a_category/A01_what_this_release_can_answer_at_all/R001_schema/gcca.py
09:02:41 serial 34/361 TIMEOUT->OK  192.9s E01_sexual_as_a_value_not_a_category/A01_what_this_release_can_answer_at_all/R001_schema/individual_order_with_a_stronger_instrument.py
09:02:41 serial 35/361 IMPORT-ERROR->IMPORT-ERROR    0.2s E01_sexual_as_a_value_not_a_category/A01_what_this_release_can_answer_at_all/R001_schema/induction_timing.py
09:02:41 serial 36/361 IMPORT-ERROR->IMPORT-ERROR    0.2s E01_sexual_as_a_value_not_a_category/A01_what_this_release_can_answer_at_all/R001_schema/intensity_leakage.py
09:02:41 serial 37/361 IMPORT-ERROR->IMPORT-ERROR    0.2s E01_sexual_as_a_value_not_a_category/A01_what_this_release_can_answer_at_all/R001_schema/item_margin_done_properly.py
09:02:42 serial 38/361 IMPORT-ERROR->IMPORT-ERROR    0.2s E01_sexual_as_a_value_not_a_category/A01_what_this_release_can_answer_at_all/R001_schema/joint_factorisation.py
09:02:42 serial 39/361 IMPORT-ERROR->IMPORT-ERROR    0.2s E01_sexual_as_a_value_not_a_category/A01_what_this_release_can_answer_at_all/R001_schema/leave_one_block_out.py
09:02:42 serial 40/361 IMPORT-ERROR->IMPORT-ERROR    0.2s E01_sexual_as_a_value_not_a_category/A01_what_this_release_can_answer_at_all/R001_schema/manifold_mde.py
09:02:42 serial 41/361 IMPORT-ERROR->IMPORT-ERROR    0.2s E01_sexual_as_a_value_not_a_category/A01_what_this_release_can_answer_at_all/R001_schema/matched_modality.py
09:02:42 serial 42/361 IMPORT-ERROR->IMPORT-ERROR    0.2s E01_sexual_as_a_value_not_a_category/A01_what_this_release_can_answer_at_all/R001_schema/matching_removed_it.py
09:02:43 serial 43/361 IMPORT-ERROR->IMPORT-ERROR    0.2s E01_sexual_as_a_value_not_a_category/A01_what_this_release_can_answer_at_all/R001_schema/modality_invariance.py
09:02:43 serial 44/361 IMPORT-ERROR->IMPORT-ERROR    0.2s E01_sexual_as_a_value_not_a_category/A01_what_this_release_can_answer_at_all/R001_schema/named_axis_prediction.py
09:02:43 serial 45/361 IMPORT-ERROR->IMPORT-ERROR    0.2s E01_sexual_as_a_value_not_a_category/A01_what_this_release_can_answer_at_all/R001_schema/nestedness.py
09:02:43 serial 46/361 IMPORT-ERROR->IMPORT-ERROR    0.2s E01_sexual_as_a_value_not_a_category/A01_what_this_release_can_answer_at_all/R001_schema/non_sexual_variables.py
09:02:43 serial 47/361 IMPORT-ERROR->IMPORT-ERROR    0.2s E01_sexual_as_a_value_not_a_category/A01_what_this_release_can_answer_at_all/R001_schema/off_manifold.py
09:02:44 serial 48/361 IMPORT-ERROR->IMPORT-ERROR    0.2s E01_sexual_as_a_value_not_a_category/A01_what_this_release_can_answer_at_all/R001_schema/one_structure_or_two.py
09:02:44 serial 49/361 IMPORT-ERROR->IMPORT-ERROR    0.2s E01_sexual_as_a_value_not_a_category/A01_what_this_release_can_answer_at_all/R001_schema/onset_beyond_preference.py
09:02:44 serial 50/361 IMPORT-ERROR->IMPORT-ERROR    0.2s E01_sexual_as_a_value_not_a_category/A01_what_this_release_can_answer_at_all/R001_schema/onset_census.py
09:02:44 serial 51/361 IMPORT-ERROR->IMPORT-ERROR    0.2s E01_sexual_as_a_value_not_a_category/A01_what_this_release_can_answer_at_all/R001_schema/onset_rsa_framing_swap.py
09:02:44 serial 52/361 IMPORT-ERROR->IMPORT-ERROR    0.2s E01_sexual_as_a_value_not_a_category/A01_what_this_release_can_answer_at_all/R001_schema/option_census.py
09:02:45 serial 53/361 IMPORT-ERROR->IMPORT-ERROR    0.2s E01_sexual_as_a_value_not_a_category/A01_what_this_release_can_answer_at_all/R001_schema/out_of_sample_concentration.py
09:02:45 serial 54/361 IMPORT-ERROR->IMPORT-ERROR    0.2s E01_sexual_as_a_value_not_a_category/A01_what_this_release_can_answer_at_all/R001_schema/pc1_transfer.py
09:02:45 serial 55/361 IMPORT-ERROR->IMPORT-ERROR    0.2s E01_sexual_as_a_value_not_a_category/A01_what_this_release_can_answer_at_all/R001_schema/placebo_contrast.py
09:02:45 serial 56/361 IMPORT-ERROR->IMPORT-ERROR    0.2s E01_sexual_as_a_value_not_a_category/A01_what_this_release_can_answer_at_all/R001_schema/reliability_ceilings.py
09:02:45 serial 57/361 IMPORT-ERROR->IMPORT-ERROR    0.2s E01_sexual_as_a_value_not_a_category/A01_what_this_release_can_answer_at_all/R001_schema/residual_spectrum.py
09:05:32 serial 58/361 TIMEOUT->OK  166.9s E01_sexual_as_a_value_not_a_category/A01_what_this_release_can_answer_at_all/R001_schema/rival_world_full_categories.py
09:05:33 serial 59/361 IMPORT-ERROR->IMPORT-ERROR    0.2s E01_sexual_as_a_value_not_a_category/A01_what_this_release_can_answer_at_all/R001_schema/role_variance.py
09:08:26 serial 60/361 TIMEOUT->OK  173.5s E01_sexual_as_a_value_not_a_category/A01_what_this_release_can_answer_at_all/R001_schema/schedule_specification_curve.py
09:08:26 serial 61/361 IMPORT-ERROR->IMPORT-ERROR    0.2s E01_sexual_as_a_value_not_a_category/A01_what_this_release_can_answer_at_all/R001_schema/schema.py
09:08:26 serial 62/361 IMPORT-ERROR->IMPORT-ERROR    0.2s E01_sexual_as_a_value_not_a_category/A01_what_this_release_can_answer_at_all/R001_schema/shared_schedule.py
09:08:27 serial 63/361 MISSING-INPUT->MISSING-INPUT    0.6s E01_sexual_as_a_value_not_a_category/A01_what_this_release_can_answer_at_all/R001_schema/shrink_the_person_effect.py
09:08:27 serial 64/361 IMPORT-ERROR->IMPORT-ERROR    0.2s E01_sexual_as_a_value_not_a_category/A01_what_this_release_can_answer_at_all/R001_schema/single_interest_power.py
09:08:27 serial 65/361 IMPORT-ERROR->IMPORT-ERROR    0.2s E01_sexual_as_a_value_not_a_category/A01_what_this_release_can_answer_at_all/R001_schema/source_or_orientation.py
09:08:28 serial 66/361 IMPORT-ERROR->IMPORT-ERROR    0.2s E01_sexual_as_a_value_not_a_category/A01_what_this_release_can_answer_at_all/R001_schema/specification_grid.py
09:08:28 serial 67/361 IMPORT-ERROR->IMPORT-ERROR    0.2s E01_sexual_as_a_value_not_a_category/A01_what_this_release_can_answer_at_all/R001_schema/svd_naming_failed.py
09:08:28 serial 68/361 IMPORT-ERROR->IMPORT-ERROR    0.2s E01_sexual_as_a_value_not_a_category/A01_what_this_release_can_answer_at_all/R001_schema/synthetic_rival_world.py
09:08:28 serial 69/361 IMPORT-ERROR->IMPORT-ERROR    0.2s E01_sexual_as_a_value_not_a_category/A01_what_this_release_can_answer_at_all/R001_schema/the_item_margin.py
09:08:28 serial 70/361 IMPORT-ERROR->IMPORT-ERROR    0.2s E01_sexual_as_a_value_not_a_category/A01_what_this_release_can_answer_at_all/R001_schema/the_unit_is_the_category.py
09:08:29 serial 71/361 IMPORT-ERROR->IMPORT-ERROR    0.2s E01_sexual_as_a_value_not_a_category/A01_what_this_release_can_answer_at_all/R001_schema/theta_or_coordinates.py
09:08:29 serial 72/361 IMPORT-ERROR->IMPORT-ERROR    0.2s E01_sexual_as_a_value_not_a_category/A01_what_this_release_can_answer_at_all/R001_schema/three_role_axes.py
09:08:29 serial 73/361 IMPORT-ERROR->IMPORT-ERROR    0.2s E01_sexual_as_a_value_not_a_category/A01_what_this_release_can_answer_at_all/R001_schema/timing_mde.py
09:08:29 serial 74/361 IMPORT-ERROR->IMPORT-ERROR    0.2s E01_sexual_as_a_value_not_a_category/A01_what_this_release_can_answer_at_all/R001_schema/unit_vs_tempo.py
09:08:29 serial 75/361 IMPORT-ERROR->IMPORT-ERROR    0.2s E01_sexual_as_a_value_not_a_category/A01_what_this_release_can_answer_at_all/R001_schema/which_pairs_transfer.py
09:08:30 serial 76/361 IMPORT-ERROR->IMPORT-ERROR    0.6s E01_sexual_as_a_value_not_a_category/A01_what_this_release_can_answer_at_all/R001_schema/whitened_discriminant.py
09:08:31 serial 77/361 MISSING-INPUT->MISSING-INPUT    0.6s E01_sexual_as_a_value_not_a_category/A01_what_this_release_can_answer_at_all/R001_schema/why_the_gate_failed.py
09:08:31 serial 78/361 IMPORT-ERROR->IMPORT-ERROR    0.2s E01_sexual_as_a_value_not_a_category/A01_what_this_release_can_answer_at_all/R001_schema/why_the_null_tied.py
09:08:31 serial 79/361 IMPORT-ERROR->IMPORT-ERROR    0.2s E01_sexual_as_a_value_not_a_category/A01_what_this_release_can_answer_at_all/R001_schema/within_block_vs_cross_domain.py
09:12:31 serial 80/361 TIMEOUT->OK  239.5s E01_sexual_as_a_value_not_a_category/A02_whether_any_of_it_is_reportable/R002_explorer_analysis_corpus/block_inclusion_sweep.py
09:12:58 serial 81/361 TIMEOUT->OTHER   27.6s E01_sexual_as_a_value_not_a_category/A02_whether_any_of_it_is_reportable/R002_explorer_analysis_corpus/fixed_margin_null.py
09:12:59 serial 82/361 IMPORT-ERROR->IMPORT-ERROR    0.6s E01_sexual_as_a_value_not_a_category/A02_whether_any_of_it_is_reportable/R002_explorer_analysis_corpus/graded_positive_control.py
09:12:59 serial 83/361 MISSING-INPUT->MISSING-INPUT    0.6s E01_sexual_as_a_value_not_a_category/A02_whether_any_of_it_is_reportable/R002_explorer_analysis_corpus/is_the_coverage_law_one_point.py
09:13:00 serial 84/361 IMPORT-ERROR->IMPORT-ERROR    0.2s E01_sexual_as_a_value_not_a_category/A02_whether_any_of_it_is_reportable/R002_explorer_analysis_corpus/item_person_interaction.py
09:17:00 serial 85/361 TIMEOUT->TIMEOUT  240.1s E01_sexual_as_a_value_not_a_category/A02_whether_any_of_it_is_reportable/R002_explorer_analysis_corpus/modality_properly_gated.py
09:17:11 serial 86/361 OTHER->OTHER   11.2s E01_sexual_as_a_value_not_a_category/A02_whether_any_of_it_is_reportable/R002_explorer_analysis_corpus/per_block_additive_floor.py
09:17:11 serial 87/361 IMPORT-ERROR->IMPORT-ERROR    0.6s E01_sexual_as_a_value_not_a_category/A02_whether_any_of_it_is_reportable/R002_explorer_analysis_corpus/published_estimand_seed_spread.py
09:17:12 serial 88/361 MISSING-INPUT->MISSING-INPUT    1.0s E01_sexual_as_a_value_not_a_category/A02_whether_any_of_it_is_reportable/R002_explorer_analysis_corpus/rank_selected_by_prediction.py
09:17:13 serial 89/361 IMPORT-ERROR->IMPORT-ERROR    0.6s E01_sexual_as_a_value_not_a_category/A02_whether_any_of_it_is_reportable/R002_explorer_analysis_corpus/reconcile_max_vs_mean.py
09:17:14 serial 90/361 IMPORT-ERROR->IMPORT-ERROR    0.6s E01_sexual_as_a_value_not_a_category/A02_whether_any_of_it_is_reportable/R002_explorer_analysis_corpus/seed_spread_every_headline.py
09:17:14 serial 91/361 IMPORT-ERROR->IMPORT-ERROR    0.2s E01_sexual_as_a_value_not_a_category/A02_whether_any_of_it_is_reportable/R002_explorer_analysis_corpus/sweep_K_on_every_deficit.py
09:17:14 serial 92/361 IMPORT-ERROR->IMPORT-ERROR    0.2s E01_sexual_as_a_value_not_a_category/A02_whether_any_of_it_is_reportable/R002_explorer_analysis_corpus/triple_matched_resolvability.py
09:17:14 serial 93/361 MISSING-INPUT->MISSING-INPUT    0.2s E01_sexual_as_a_value_not_a_category/A03_is_there_a_rarity_position_dimension/R003_derivation_or_measurement/amplify_with_forced_choice.py
09:17:14 serial 94/361 MISSING-INPUT->MISSING-INPUT    0.2s E01_sexual_as_a_value_not_a_category/A03_is_there_a_rarity_position_dimension/R003_derivation_or_measurement/are_the_two_lines_one_quantity.py
09:17:15 serial 95/361 MISSING-INPUT->MISSING-INPUT    0.2s E01_sexual_as_a_value_not_a_category/A03_is_there_a_rarity_position_dimension/R003_derivation_or_measurement/are_the_two_sides_isomorphic.py
09:17:16 serial 96/361 MISSING-INPUT->MISSING-INPUT    1.0s E01_sexual_as_a_value_not_a_category/A03_is_there_a_rarity_position_dimension/R003_derivation_or_measurement/charge_the_shared_basis.py
09:17:16 serial 97/361 MISSING-INPUT->MISSING-INPUT    0.6s E01_sexual_as_a_value_not_a_category/A03_is_there_a_rarity_position_dimension/R003_derivation_or_measurement/compute_matched_general_vs_specific.py
09:17:17 serial 98/361 MISSING-INPUT->MISSING-INPUT    0.6s E01_sexual_as_a_value_not_a_category/A03_is_there_a_rarity_position_dimension/R003_derivation_or_measurement/control_at_the_derived_magnitude.py
09:17:18 serial 99/361 MISSING-INPUT->MISSING-INPUT    0.8s E01_sexual_as_a_value_not_a_category/A03_is_there_a_rarity_position_dimension/R003_derivation_or_measurement/derivation_or_measurement.py
09:17:18 serial 100/361 MISSING-INPUT->MISSING-INPUT    0.6s E01_sexual_as_a_value_not_a_category/A03_is_there_a_rarity_position_dimension/R003_derivation_or_measurement/diffuse_or_concentrated.py
09:17:19 serial 101/361 MISSING-INPUT->MISSING-INPUT    0.6s E01_sexual_as_a_value_not_a_category/A03_is_there_a_rarity_position_dimension/R003_derivation_or_measurement/direct_interaction_variance.py
09:17:20 serial 102/361 MISSING-INPUT->MISSING-INPUT    1.0s E01_sexual_as_a_value_not_a_category/A03_is_there_a_rarity_position_dimension/R003_derivation_or_measurement/disjointness_audit.py
09:17:20 serial 103/361 MISSING-INPUT->MISSING-INPUT    0.2s E01_sexual_as_a_value_not_a_category/A03_is_there_a_rarity_position_dimension/R003_derivation_or_measurement/do_they_have_different_external_anchors.py
09:17:20 serial 104/361 MISSING-INPUT->MISSING-INPUT    0.2s E01_sexual_as_a_value_not_a_category/A03_is_there_a_rarity_position_dimension/R003_derivation_or_measurement/does_it_arrive_as_a_package.py
09:17:20 serial 105/361 MISSING-INPUT->MISSING-INPUT    0.2s E01_sexual_as_a_value_not_a_category/A03_is_there_a_rarity_position_dimension/R003_derivation_or_measurement/does_the_80_percent_depend_on_the_summary.py
09:17:21 serial 106/361 MISSING-INPUT->MISSING-INPUT    1.0s E01_sexual_as_a_value_not_a_category/A03_is_there_a_rarity_position_dimension/R003_derivation_or_measurement/does_the_onset_link_survive_breadth.py
09:17:22 serial 107/361 MISSING-INPUT->MISSING-INPUT    0.4s E01_sexual_as_a_value_not_a_category/A03_is_there_a_rarity_position_dimension/R003_derivation_or_measurement/does_the_seam_hold.py
09:17:23 serial 108/361 MISSING-INPUT->MISSING-INPUT    1.0s E01_sexual_as_a_value_not_a_category/A03_is_there_a_rarity_position_dimension/R003_derivation_or_measurement/does_the_specific_spectrum_have_a_cliff.py
09:17:23 serial 109/361 MISSING-INPUT->MISSING-INPUT    0.6s E01_sexual_as_a_value_not_a_category/A03_is_there_a_rarity_position_dimension/R003_derivation_or_measurement/effective_rank_under_soft_threshold.py
09:17:24 serial 110/361 MISSING-INPUT->MISSING-INPUT    1.0s E01_sexual_as_a_value_not_a_category/A03_is_there_a_rarity_position_dimension/R003_derivation_or_measurement/every_component_against_its_own_null.py
09:17:25 serial 111/361 MISSING-INPUT->MISSING-INPUT    0.2s E01_sexual_as_a_value_not_a_category/A03_is_there_a_rarity_position_dimension/R003_derivation_or_measurement/expansion_or_deepening.py
09:17:26 serial 112/361 MISSING-INPUT->MISSING-INPUT    1.0s E01_sexual_as_a_value_not_a_category/A03_is_there_a_rarity_position_dimension/R003_derivation_or_measurement/external_correlates.py
09:17:27 serial 113/361 MISSING-INPUT->MISSING-INPUT    1.0s E01_sexual_as_a_value_not_a_category/A03_is_there_a_rarity_position_dimension/R003_derivation_or_measurement/gate_or_demographics.py
09:17:27 serial 114/361 MISSING-INPUT->MISSING-INPUT    0.2s E01_sexual_as_a_value_not_a_category/A03_is_there_a_rarity_position_dimension/R003_derivation_or_measurement/hardcoded_verdict_constants.py
09:17:27 serial 115/361 MISSING-INPUT->MISSING-INPUT    0.6s E01_sexual_as_a_value_not_a_category/A03_is_there_a_rarity_position_dimension/R003_derivation_or_measurement/how_broad_is_the_minority.py
09:17:28 serial 116/361 MISSING-INPUT->MISSING-INPUT    0.6s E01_sexual_as_a_value_not_a_category/A03_is_there_a_rarity_position_dimension/R003_derivation_or_measurement/how_many_cross_block_dimensions.py
09:17:29 serial 117/361 MISSING-INPUT->MISSING-INPUT    0.6s E01_sexual_as_a_value_not_a_category/A03_is_there_a_rarity_position_dimension/R003_derivation_or_measurement/is_it_a_trait.py
09:17:29 serial 118/361 MISSING-INPUT->MISSING-INPUT    0.6s E01_sexual_as_a_value_not_a_category/A03_is_there_a_rarity_position_dimension/R003_derivation_or_measurement/is_it_elevation_or_just_width.py
09:17:29 serial 119/361 MISSING-INPUT->MISSING-INPUT    0.2s E01_sexual_as_a_value_not_a_category/A03_is_there_a_rarity_position_dimension/R003_derivation_or_measurement/is_it_reverse_recall.py
09:17:30 serial 120/361 MISSING-INPUT->MISSING-INPUT    0.2s E01_sexual_as_a_value_not_a_category/A03_is_there_a_rarity_position_dimension/R003_derivation_or_measurement/is_the_breadth_link_an_arithmetic_bound.py
09:17:30 serial 121/361 MISSING-INPUT->MISSING-INPUT    0.2s E01_sexual_as_a_value_not_a_category/A03_is_there_a_rarity_position_dimension/R003_derivation_or_measurement/is_the_first_bin_effect_censoring.py
09:17:30 serial 122/361 MISSING-INPUT->MISSING-INPUT    0.6s E01_sexual_as_a_value_not_a_category/A03_is_there_a_rarity_position_dimension/R003_derivation_or_measurement/is_the_magnitude_shape_robust.py
09:17:31 serial 123/361 MISSING-INPUT->MISSING-INPUT    0.2s E01_sexual_as_a_value_not_a_category/A03_is_there_a_rarity_position_dimension/R003_derivation_or_measurement/is_the_position_tendency_just_sex.py
09:17:31 serial 124/361 MISSING-INPUT->MISSING-INPUT    0.2s E01_sexual_as_a_value_not_a_category/A03_is_there_a_rarity_position_dimension/R003_derivation_or_measurement/is_the_recall_bias_personal.py
09:17:31 serial 125/361 MISSING-INPUT->MISSING-INPUT    0.2s E01_sexual_as_a_value_not_a_category/A03_is_there_a_rarity_position_dimension/R003_derivation_or_measurement/is_the_trait_link_just_coverage.py
09:17:32 serial 126/361 MISSING-INPUT->MISSING-INPUT    1.0s E01_sexual_as_a_value_not_a_category/A03_is_there_a_rarity_position_dimension/R003_derivation_or_measurement/is_the_transfer_the_gate.py
09:17:32 serial 127/361 MISSING-INPUT->MISSING-INPUT    0.2s E01_sexual_as_a_value_not_a_category/A03_is_there_a_rarity_position_dimension/R003_derivation_or_measurement/is_there_a_boundary_at_all.py
09:17:34 serial 128/361 OTHER->OTHER    1.4s E01_sexual_as_a_value_not_a_category/A03_is_there_a_rarity_position_dimension/R003_derivation_or_measurement/is_there_a_dose.py
09:17:34 serial 129/361 MISSING-INPUT->MISSING-INPUT    0.6s E01_sexual_as_a_value_not_a_category/A03_is_there_a_rarity_position_dimension/R003_derivation_or_measurement/magnitude_in_percentage_points.py
09:17:35 serial 130/361 MISSING-INPUT->MISSING-INPUT    1.0s E01_sexual_as_a_value_not_a_category/A03_is_there_a_rarity_position_dimension/R003_derivation_or_measurement/matched_difference_correlates.py
09:17:36 serial 131/361 MISSING-INPUT->MISSING-INPUT    1.0s E01_sexual_as_a_value_not_a_category/A03_is_there_a_rarity_position_dimension/R003_derivation_or_measurement/matched_dimensional_budget.py
09:17:37 serial 132/361 MISSING-INPUT->MISSING-INPUT    0.6s E01_sexual_as_a_value_not_a_category/A03_is_there_a_rarity_position_dimension/R003_derivation_or_measurement/mixture_or_gradient.py
09:17:37 serial 133/361 MISSING-INPUT->MISSING-INPUT    0.6s E01_sexual_as_a_value_not_a_category/A03_is_there_a_rarity_position_dimension/R003_derivation_or_measurement/one_family_from_spiky_to_flat.py
09:17:38 serial 134/361 MISSING-INPUT->MISSING-INPUT    0.6s E01_sexual_as_a_value_not_a_category/A03_is_there_a_rarity_position_dimension/R003_derivation_or_measurement/paired_swap_diffuse.py
09:17:39 serial 135/361 MISSING-INPUT->MISSING-INPUT    0.6s E01_sexual_as_a_value_not_a_category/A03_is_there_a_rarity_position_dimension/R003_derivation_or_measurement/per_person_misfit.py
09:17:39 serial 136/361 MISSING-INPUT->MISSING-INPUT    0.2s E01_sexual_as_a_value_not_a_category/A03_is_there_a_rarity_position_dimension/R003_derivation_or_measurement/person_or_item.py
09:17:39 serial 137/361 MISSING-INPUT->MISSING-INPUT    0.6s E01_sexual_as_a_value_not_a_category/A03_is_there_a_rarity_position_dimension/R003_derivation_or_measurement/plants_rebased_on_the_null.py
09:17:40 serial 138/361 MISSING-INPUT->MISSING-INPUT    1.0s E01_sexual_as_a_value_not_a_category/A03_is_there_a_rarity_position_dimension/R003_derivation_or_measurement/rank_sweep_under_l1.py
09:17:41 serial 139/361 MISSING-INPUT->MISSING-INPUT    0.2s E01_sexual_as_a_value_not_a_category/A03_is_there_a_rarity_position_dimension/R003_derivation_or_measurement/reaudit_with_gates.py
09:17:42 serial 140/361 MISSING-INPUT->MISSING-INPUT    1.0s E01_sexual_as_a_value_not_a_category/A03_is_there_a_rarity_position_dimension/R003_derivation_or_measurement/redraw_the_curveball_null.py
09:17:43 serial 141/361 MISSING-INPUT->MISSING-INPUT    1.0s E01_sexual_as_a_value_not_a_category/A03_is_there_a_rarity_position_dimension/R003_derivation_or_measurement/regularised_throughout.py
09:17:43 serial 142/361 IMPORT-ERROR->IMPORT-ERROR    0.2s E01_sexual_as_a_value_not_a_category/A03_is_there_a_rarity_position_dimension/R003_derivation_or_measurement/reprice_the_three_axes.py
09:17:43 serial 143/361 MISSING-INPUT->MISSING-INPUT    0.6s E01_sexual_as_a_value_not_a_category/A03_is_there_a_rarity_position_dimension/R003_derivation_or_measurement/row_preserving_null_more_seeds.py
09:17:44 serial 144/361 MISSING-INPUT->MISSING-INPUT    0.6s E01_sexual_as_a_value_not_a_category/A03_is_there_a_rarity_position_dimension/R003_derivation_or_measurement/sd_as_a_function_of_mean.py
09:17:45 serial 145/361 MISSING-INPUT->MISSING-INPUT    0.6s E01_sexual_as_a_value_not_a_category/A03_is_there_a_rarity_position_dimension/R003_derivation_or_measurement/soft_threshold_the_interaction.py
09:17:45 serial 146/361 MISSING-INPUT->MISSING-INPUT    0.6s E01_sexual_as_a_value_not_a_category/A03_is_there_a_rarity_position_dimension/R003_derivation_or_measurement/spiky_or_flat.py
09:17:45 serial 147/361 MISSING-INPUT->MISSING-INPUT    0.2s E01_sexual_as_a_value_not_a_category/A03_is_there_a_rarity_position_dimension/R003_derivation_or_measurement/split_delta_by_the_content_line.py
09:17:46 serial 148/361 MISSING-INPUT->MISSING-INPUT    0.6s E01_sexual_as_a_value_not_a_category/A03_is_there_a_rarity_position_dimension/R003_derivation_or_measurement/surprisal_conditioned_on_count.py
09:17:47 serial 149/361 MISSING-INPUT->MISSING-INPUT    0.6s E01_sexual_as_a_value_not_a_category/A03_is_there_a_rarity_position_dimension/R003_derivation_or_measurement/surprisal_fixed_reference.py
09:17:48 serial 150/361 MISSING-INPUT->MISSING-INPUT    1.0s E01_sexual_as_a_value_not_a_category/A03_is_there_a_rarity_position_dimension/R003_derivation_or_measurement/symmetric_correction.py
09:17:48 serial 151/361 MISSING-INPUT->MISSING-INPUT    0.2s E01_sexual_as_a_value_not_a_category/A03_is_there_a_rarity_position_dimension/R003_derivation_or_measurement/the_first_thing_you_ever_wanted.py
09:17:48 serial 152/361 MISSING-INPUT->MISSING-INPUT    0.6s E01_sexual_as_a_value_not_a_category/A03_is_there_a_rarity_position_dimension/R003_derivation_or_measurement/the_four_way_decomposition.py
09:17:49 serial 153/361 MISSING-INPUT->MISSING-INPUT    1.0s E01_sexual_as_a_value_not_a_category/A03_is_there_a_rarity_position_dimension/R003_derivation_or_measurement/the_metric_was_never_swept.py
09:17:50 serial 154/361 MISSING-INPUT->MISSING-INPUT    0.2s E01_sexual_as_a_value_not_a_category/A03_is_there_a_rarity_position_dimension/R003_derivation_or_measurement/three_quantities_one_machine.py
09:17:50 serial 155/361 MISSING-INPUT->MISSING-INPUT    0.2s E01_sexual_as_a_value_not_a_category/A03_is_there_a_rarity_position_dimension/R003_derivation_or_measurement/was_the_mechanism_already_in_the_ledger.py
09:17:50 serial 156/361 MISSING-INPUT->MISSING-INPUT    0.2s E01_sexual_as_a_value_not_a_category/A03_is_there_a_rarity_position_dimension/R003_derivation_or_measurement/what_are_the_extra_dimensions.py
09:17:50 serial 157/361 MISSING-INPUT->MISSING-INPUT    0.2s E01_sexual_as_a_value_not_a_category/A03_is_there_a_rarity_position_dimension/R003_derivation_or_measurement/what_versus_when_same_design.py
09:17:50 serial 158/361 MISSING-INPUT->MISSING-INPUT    0.2s E01_sexual_as_a_value_not_a_category/A03_is_there_a_rarity_position_dimension/R003_derivation_or_measurement/which_line_is_the_real_one.py
09:19:17 serial 159/361 OTHER->OTHER   86.2s E01_sexual_as_a_value_not_a_category/A04_is_the_public_face_honest/R004_does_leakage_need_a_noisy_covariat/backtest_the_gate.py
09:19:17 serial 160/361 MISSING-INPUT->MISSING-INPUT    0.2s E01_sexual_as_a_value_not_a_category/A04_is_the_public_face_honest/R004_does_leakage_need_a_noisy_covariat/does_leakage_need_a_noisy_covariate.py
09:19:17 serial 161/361 MISSING-INPUT->MISSING-INPUT    0.2s E01_sexual_as_a_value_not_a_category/A04_is_the_public_face_honest/R004_does_leakage_need_a_noisy_covariat/is_it_its_own_home.py
09:19:17 serial 162/361 OTHER->OTHER    0.2s E01_sexual_as_a_value_not_a_category/A04_is_the_public_face_honest/R004_does_leakage_need_a_noisy_covariat/literals_printed_as_results.py
09:19:18 serial 163/361 MISSING-INPUT->MISSING-INPUT    0.2s E01_sexual_as_a_value_not_a_category/A04_is_the_public_face_honest/R004_does_leakage_need_a_noisy_covariat/the_seventeen_uncited_lines.py
09:19:18 serial 164/361 MISSING-INPUT->MISSING-INPUT    0.2s E01_sexual_as_a_value_not_a_category/A04_is_the_public_face_honest/R004_does_leakage_need_a_noisy_covariat/triage_the_forty_naked_numbers.py
09:19:18 serial 165/361 MISSING-INPUT->MISSING-INPUT    0.2s E01_sexual_as_a_value_not_a_category/A04_is_the_public_face_honest/R004_does_leakage_need_a_noisy_covariat/two_denominators_for_three_headline_claims.py
09:19:18 serial 166/361 MISSING-INPUT->MISSING-INPUT    0.4s E01_sexual_as_a_value_not_a_category/A04_is_the_public_face_honest/R004_does_leakage_need_a_noisy_covariat/widen_the_window.py
09:19:19 serial 167/361 MISSING-INPUT->MISSING-INPUT    0.2s E01_sexual_as_a_value_not_a_category/A05_what_the_second_dimension_is/R005_shame_and_the_position/bootstrap_the_whole_curve.py
09:19:19 serial 168/361 MISSING-INPUT->MISSING-INPUT    0.2s E01_sexual_as_a_value_not_a_category/A05_what_the_second_dimension_is/R005_shame_and_the_position/curveball_on_the_main_delta.py
09:19:19 serial 169/361 MISSING-INPUT->MISSING-INPUT    0.2s E01_sexual_as_a_value_not_a_category/A05_what_the_second_dimension_is/R005_shame_and_the_position/delta_dose_curve_over_censoring.py
09:19:19 serial 170/361 MISSING-INPUT->MISSING-INPUT    0.2s E01_sexual_as_a_value_not_a_category/A05_what_the_second_dimension_is/R005_shame_and_the_position/delta_inside_the_residual.py
09:19:19 serial 171/361 MISSING-INPUT->MISSING-INPUT    0.2s E01_sexual_as_a_value_not_a_category/A05_what_the_second_dimension_is/R005_shame_and_the_position/doubly_constrained_null.py
09:19:20 serial 172/361 MISSING-INPUT->MISSING-INPUT    0.2s E01_sexual_as_a_value_not_a_category/A05_what_the_second_dimension_is/R005_shame_and_the_position/early_half_or_late_half_slope.py
09:19:20 serial 173/361 MISSING-INPUT->MISSING-INPUT    0.2s E01_sexual_as_a_value_not_a_category/A05_what_the_second_dimension_is/R005_shame_and_the_position/is_animated_written_one_axis.py
09:19:20 serial 174/361 MISSING-INPUT->MISSING-INPUT    0.2s E01_sexual_as_a_value_not_a_category/A05_what_the_second_dimension_is/R005_shame_and_the_position/is_it_just_item_count.py
09:19:21 serial 175/361 MISSING-INPUT->MISSING-INPUT    0.6s E01_sexual_as_a_value_not_a_category/A05_what_the_second_dimension_is/R005_shame_and_the_position/is_it_shame_or_a_general_factor.py
09:19:21 serial 176/361 MISSING-INPUT->MISSING-INPUT    0.2s E01_sexual_as_a_value_not_a_category/A05_what_the_second_dimension_is/R005_shame_and_the_position/is_the_loo_shape_a_sampling_fact.py
09:19:21 serial 177/361 MISSING-INPUT->MISSING-INPUT    0.2s E01_sexual_as_a_value_not_a_category/A05_what_the_second_dimension_is/R005_shame_and_the_position/non_likert_panel.py
09:19:21 serial 178/361 MISSING-INPUT->MISSING-INPUT    0.2s E01_sexual_as_a_value_not_a_category/A05_what_the_second_dimension_is/R005_shame_and_the_position/per_category_decomposition.py
09:19:21 serial 179/361 MISSING-INPUT->MISSING-INPUT    0.2s E01_sexual_as_a_value_not_a_category/A05_what_the_second_dimension_is/R005_shame_and_the_position/representation_or_live.py
09:19:22 serial 180/361 MISSING-INPUT->MISSING-INPUT    0.2s E01_sexual_as_a_value_not_a_category/A05_what_the_second_dimension_is/R005_shame_and_the_position/rerun_with_the_original_code.py
09:19:22 serial 181/361 MISSING-INPUT->MISSING-INPUT    0.4s E01_sexual_as_a_value_not_a_category/A05_what_the_second_dimension_is/R005_shame_and_the_position/rho_i_against_twenty_outcomes.py
09:19:22 serial 182/361 MISSING-INPUT->MISSING-INPUT    0.2s E01_sexual_as_a_value_not_a_category/A05_what_the_second_dimension_is/R005_shame_and_the_position/rho_panel_controlling_age.py
09:19:22 serial 183/361 MISSING-INPUT->MISSING-INPUT    0.2s E01_sexual_as_a_value_not_a_category/A05_what_the_second_dimension_is/R005_shame_and_the_position/shame_and_the_position.py
09:19:23 serial 184/361 MISSING-INPUT->MISSING-INPUT    0.2s E01_sexual_as_a_value_not_a_category/A05_what_the_second_dimension_is/R005_shame_and_the_position/the_distribution_of_rho_i.py
09:19:23 serial 185/361 MISSING-INPUT->MISSING-INPUT    0.2s E01_sexual_as_a_value_not_a_category/A05_what_the_second_dimension_is/R005_shame_and_the_position/the_second_item_direction.py
09:19:23 serial 186/361 MISSING-INPUT->MISSING-INPUT    0.2s E01_sexual_as_a_value_not_a_category/A05_what_the_second_dimension_is/R005_shame_and_the_position/three_nulls_on_the_late_half.py
09:19:23 serial 187/361 MISSING-INPUT->MISSING-INPUT    0.2s E01_sexual_as_a_value_not_a_category/A05_what_the_second_dimension_is/R005_shame_and_the_position/three_predictors_one_outcome.py
09:19:23 serial 188/361 OTHER->OTHER    0.2s E01_sexual_as_a_value_not_a_category/A05_what_the_second_dimension_is/R005_shame_and_the_position/two_nulls_one_quantity.py
09:19:24 serial 189/361 MISSING-INPUT->MISSING-INPUT    0.2s E01_sexual_as_a_value_not_a_category/A05_what_the_second_dimension_is/R005_shame_and_the_position/where_is_the_turning_point.py
09:19:24 serial 190/361 MISSING-INPUT->MISSING-INPUT    0.2s E01_sexual_as_a_value_not_a_category/A05_what_the_second_dimension_is/R005_shame_and_the_position/which_categories_carry_the_late_half.py
09:19:24 serial 191/361 MISSING-INPUT->MISSING-INPUT    0.2s E01_sexual_as_a_value_not_a_category/A05_what_the_second_dimension_is/R005_shame_and_the_position/within_person_split_at_14.py
09:19:24 serial 192/361 MISSING-INPUT->MISSING-INPUT    0.2s E01_sexual_as_a_value_not_a_category/A06_can_component_three_earn_a_name/R006_尺子装对之后_第三个维度的正名是_breadth_而_189_的三个/delta_as_a_function_of_when_you_got_your_eighth.py
09:19:24 serial 193/361 MISSING-INPUT->MISSING-INPUT    0.2s E01_sexual_as_a_value_not_a_category/A06_can_component_three_earn_a_name/R006_尺子装对之后_第三个维度的正名是_breadth_而_189_的三个/is_the_advantage_only_in_large_samples.py
09:19:25 serial 194/361 MISSING-INPUT->MISSING-INPUT    0.2s E01_sexual_as_a_value_not_a_category/A06_can_component_three_earn_a_name/R006_尺子装对之后_第三个维度的正名是_breadth_而_189_的三个/recheck_the_retraction_with_the_better_instrument.py
09:19:25 serial 195/361 MISSING-INPUT->MISSING-INPUT    0.2s E01_sexual_as_a_value_not_a_category/A06_can_component_three_earn_a_name/R006_尺子装对之后_第三个维度的正名是_breadth_而_189_的三个/selection_amplification_or_heterogeneity.py
09:19:25 serial 196/361 MISSING-INPUT->MISSING-INPUT    0.2s E01_sexual_as_a_value_not_a_category/A06_can_component_three_earn_a_name/R006_尺子装对之后_第三个维度的正名是_breadth_而_189_的三个/the_als_loading_as_a_person_variable.py
09:19:25 serial 197/361 MISSING-INPUT->MISSING-INPUT    0.2s E01_sexual_as_a_value_not_a_category/A06_can_component_three_earn_a_name/R006_尺子装对之后_第三个维度的正名是_breadth_而_189_的三个/the_rate_curve_and_whether_it_is_a_surface.py
09:19:25 serial 198/361 MISSING-INPUT->MISSING-INPUT    0.2s E01_sexual_as_a_value_not_a_category/A06_can_component_three_earn_a_name/R009_一个计数的宽度_不来自分数有多强/clear_211_on_the_intersection.py
09:19:26 serial 199/361 MISSING-INPUT->MISSING-INPUT    0.2s E01_sexual_as_a_value_not_a_category/A06_can_component_three_earn_a_name/R009_一个计数的宽度_不来自分数有多强/does_rate_have_its_own_outcome_profile.py
09:19:26 serial 200/361 MISSING-INPUT->MISSING-INPUT    0.2s E01_sexual_as_a_value_not_a_category/A06_can_component_three_earn_a_name/R009_一个计数的宽度_不来自分数有多强/early_or_remembers_early.py
09:19:26 serial 201/361 MISSING-INPUT->MISSING-INPUT    0.2s E01_sexual_as_a_value_not_a_category/A06_can_component_three_earn_a_name/R009_一个计数的宽度_不来自分数有多强/guard_12_and_the_intersection_retest.py
09:19:26 serial 202/361 MISSING-INPUT->MISSING-INPUT    0.2s E01_sexual_as_a_value_not_a_category/A06_can_component_three_earn_a_name/R009_一个计数的宽度_不来自分数有多强/rate_and_delta_from_disjoint_categories.py
09:19:26 serial 203/361 MISSING-INPUT->MISSING-INPUT    0.2s E01_sexual_as_a_value_not_a_category/A06_can_component_three_earn_a_name/R009_一个计数的宽度_不来自分数有多强/which_clock_is_delta_a_function_of.py
09:19:27 serial 204/361 MISSING-INPUT->MISSING-INPUT    0.2s E01_sexual_as_a_value_not_a_category/A07_does_the_form_and_route_structure_hold/R013_那个东西现在可以拿在手里了_即使仍然叫不出名字/is_rate_really_not_a_dimension.py
09:19:27 serial 205/361 MISSING-INPUT->MISSING-INPUT    0.2s E01_sexual_as_a_value_not_a_category/A07_does_the_form_and_route_structure_hold/R013_那个东西现在可以拿在手里了_即使仍然叫不出名字/rate_residual_and_form.py
09:19:27 serial 206/361 MISSING-INPUT->MISSING-INPUT    0.2s E01_sexual_as_a_value_not_a_category/A07_does_the_form_and_route_structure_hold/R013_那个东西现在可以拿在手里了_即使仍然叫不出名字/the_remaining_tenth_and_age.py
09:19:27 serial 207/361 MISSING-INPUT->MISSING-INPUT    0.2s E01_sexual_as_a_value_not_a_category/A07_does_the_form_and_route_structure_hold/R013_那个东西现在可以拿在手里了_即使仍然叫不出名字/three_worlds.py
09:19:27 serial 208/361 MISSING-INPUT->MISSING-INPUT    0.2s E01_sexual_as_a_value_not_a_category/A07_does_the_form_and_route_structure_hold/R014_这六个坐标在男性和女性身上_不是完全同一套/all_three_stripped.py
09:19:28 serial 209/361 MISSING-INPUT->MISSING-INPUT    0.2s E01_sexual_as_a_value_not_a_category/A07_does_the_form_and_route_structure_hold/R014_这六个坐标在男性和女性身上_不是完全同一套/block_loadings.py
09:19:28 serial 210/361 MISSING-INPUT->MISSING-INPUT    0.2s E01_sexual_as_a_value_not_a_category/A07_does_the_form_and_route_structure_hold/R014_这六个坐标在男性和女性身上_不是完全同一套/eigenvector_reproducibility.py
09:19:28 serial 211/361 MISSING-INPUT->MISSING-INPUT    0.4s E01_sexual_as_a_value_not_a_category/A07_does_the_form_and_route_structure_hold/R014_这六个坐标在男性和女性身上_不是完全同一套/joint_buffer_test.py
09:19:28 serial 212/361 MISSING-INPUT->MISSING-INPUT    0.2s E01_sexual_as_a_value_not_a_category/A07_does_the_form_and_route_structure_hold/R014_这六个坐标在男性和女性身上_不是完全同一套/nested_correlations.py
09:19:29 serial 213/361 MISSING-INPUT->MISSING-INPUT    0.2s E01_sexual_as_a_value_not_a_category/A07_does_the_form_and_route_structure_hold/R014_这六个坐标在男性和女性身上_不是完全同一套/quadrants.py
09:19:29 serial 214/361 MISSING-INPUT->MISSING-INPUT    0.2s E01_sexual_as_a_value_not_a_category/A07_does_the_form_and_route_structure_hold/R014_这六个坐标在男性和女性身上_不是完全同一套/solidify_onset.py
09:19:29 serial 215/361 MISSING-INPUT->MISSING-INPUT    0.2s E01_sexual_as_a_value_not_a_category/A07_does_the_form_and_route_structure_hold/R016_1_4_是样本内的_换到没见过的人身上是_1_09/admission_threshold.py
09:19:29 serial 216/361 MISSING-INPUT->MISSING-INPUT    0.2s E01_sexual_as_a_value_not_a_category/A07_does_the_form_and_route_structure_hold/R016_1_4_是样本内的_换到没见过的人身上是_1_09/dose_response_and_mde.py
09:19:29 serial 217/361 MISSING-INPUT->MISSING-INPUT    0.2s E01_sexual_as_a_value_not_a_category/A07_does_the_form_and_route_structure_hold/R016_1_4_是样本内的_换到没见过的人身上是_1_09/joint_amplify_test.py
09:19:30 serial 218/361 MISSING-INPUT->MISSING-INPUT    0.2s E01_sexual_as_a_value_not_a_category/A07_does_the_form_and_route_structure_hold/R016_1_4_是样本内的_换到没见过的人身上是_1_09/repro_vs_n.py
09:19:30 serial 219/361 OTHER->OTHER    0.2s E01_sexual_as_a_value_not_a_category/A07_does_the_form_and_route_structure_hold/R016_1_4_是样本内的_换到没见过的人身上是_1_09/retro_scan.py
09:19:30 serial 220/361 MISSING-INPUT->MISSING-INPUT    0.2s E01_sexual_as_a_value_not_a_category/A07_does_the_form_and_route_structure_hold/R016_1_4_是样本内的_换到没见过的人身上是_1_09/split_half_replication.py
09:19:30 serial 221/361 MISSING-INPUT->MISSING-INPUT    0.4s E01_sexual_as_a_value_not_a_category/A07_does_the_form_and_route_structure_hold/R016_1_4_是样本内的_换到没见过的人身上是_1_09/two_profiles.py
09:19:31 serial 222/361 MISSING-INPUT->MISSING-INPUT    0.2s E01_sexual_as_a_value_not_a_category/A07_does_the_form_and_route_structure_hold/R018_那个_0_2075_是_written_的_不是_form_的/c3_without_prevalence.py
09:19:31 serial 223/361 MISSING-INPUT->MISSING-INPUT    0.2s E01_sexual_as_a_value_not_a_category/A07_does_the_form_and_route_structure_hold/R018_那个_0_2075_是_written_的_不是_form_的/leave_one_block.py
09:19:31 serial 224/361 MISSING-INPUT->MISSING-INPUT    0.2s E01_sexual_as_a_value_not_a_category/A07_does_the_form_and_route_structure_hold/R018_那个_0_2075_是_written_的_不是_form_的/solidify.py
09:19:31 serial 225/361 MISSING-INPUT->MISSING-INPUT    0.2s E01_sexual_as_a_value_not_a_category/A07_does_the_form_and_route_structure_hold/R018_那个_0_2075_是_written_的_不是_form_的/structural_regression.py
09:19:31 serial 226/361 MISSING-INPUT->MISSING-INPUT    0.2s E01_sexual_as_a_value_not_a_category/A07_does_the_form_and_route_structure_hold/R018_那个_0_2075_是_written_的_不是_form_的/years_carried.py
09:19:32 serial 227/361 MISSING-INPUT->MISSING-INPUT    0.6s E01_sexual_as_a_value_not_a_category/A08_the_schedule_and_what_moves_it/R019_次可加过了全族阈_PLAUSIBLE_升到_CONFIRMED/S_by_sex.py
09:19:33 serial 228/361 MISSING-INPUT->MISSING-INPUT    0.6s E01_sexual_as_a_value_not_a_category/A08_the_schedule_and_what_moves_it/R019_次可加过了全族阈_PLAUSIBLE_升到_CONFIRMED/acted_then_belief.py
09:19:33 serial 229/361 MISSING-INPUT->MISSING-INPUT    0.2s E01_sexual_as_a_value_not_a_category/A08_the_schedule_and_what_moves_it/R019_次可加过了全族阈_PLAUSIBLE_升到_CONFIRMED/are_they_a_type.py
09:19:33 serial 230/361 MISSING-INPUT->MISSING-INPUT    0.2s E01_sexual_as_a_value_not_a_category/A08_the_schedule_and_what_moves_it/R019_次可加过了全族阈_PLAUSIBLE_升到_CONFIRMED/belief_residual_scan.py
09:19:34 serial 231/361 MISSING-INPUT->MISSING-INPUT    0.6s E01_sexual_as_a_value_not_a_category/A08_the_schedule_and_what_moves_it/R019_次可加过了全族阈_PLAUSIBLE_升到_CONFIRMED/believe_or_resign.py
09:19:34 serial 232/361 MISSING-INPUT->MISSING-INPUT    0.2s E01_sexual_as_a_value_not_a_category/A08_the_schedule_and_what_moves_it/R019_次可加过了全族阈_PLAUSIBLE_升到_CONFIRMED/beyond_its_parts.py
09:19:34 serial 233/361 MISSING-INPUT->MISSING-INPUT    0.2s E01_sexual_as_a_value_not_a_category/A08_the_schedule_and_what_moves_it/R019_次可加过了全族阈_PLAUSIBLE_升到_CONFIRMED/both_halves.py
09:19:35 serial 234/361 MISSING-INPUT->MISSING-INPUT    0.6s E01_sexual_as_a_value_not_a_category/A08_the_schedule_and_what_moves_it/R019_次可加过了全族阈_PLAUSIBLE_升到_CONFIRMED/chain_is_untestable_here.py
09:19:35 serial 235/361 MISSING-INPUT->MISSING-INPUT    0.2s E01_sexual_as_a_value_not_a_category/A08_the_schedule_and_what_moves_it/R019_次可加过了全族阈_PLAUSIBLE_升到_CONFIRMED/coverage_tradeoff.py
09:19:35 serial 236/361 MISSING-INPUT->MISSING-INPUT    0.2s E01_sexual_as_a_value_not_a_category/A08_the_schedule_and_what_moves_it/R019_次可加过了全族阈_PLAUSIBLE_升到_CONFIRMED/early_strata.py
09:19:35 serial 237/361 MISSING-INPUT->MISSING-INPUT    0.2s E01_sexual_as_a_value_not_a_category/A08_the_schedule_and_what_moves_it/R019_次可加过了全族阈_PLAUSIBLE_升到_CONFIRMED/family_from_blocks.py
09:19:35 serial 238/361 MISSING-INPUT->MISSING-INPUT    0.2s E01_sexual_as_a_value_not_a_category/A08_the_schedule_and_what_moves_it/R019_次可加过了全族阈_PLAUSIBLE_升到_CONFIRMED/familywise.py
09:19:36 serial 239/361 MISSING-INPUT->MISSING-INPUT    0.2s E01_sexual_as_a_value_not_a_category/A08_the_schedule_and_what_moves_it/R019_次可加过了全族阈_PLAUSIBLE_升到_CONFIRMED/five_items_and_shame.py
09:19:36 serial 240/361 MISSING-INPUT->MISSING-INPUT    0.2s E01_sexual_as_a_value_not_a_category/A08_the_schedule_and_what_moves_it/R019_次可加过了全族阈_PLAUSIBLE_升到_CONFIRMED/five_items_vs_c3.py
09:19:36 serial 241/361 MISSING-INPUT->MISSING-INPUT    0.2s E01_sexual_as_a_value_not_a_category/A08_the_schedule_and_what_moves_it/R019_次可加过了全族阈_PLAUSIBLE_升到_CONFIRMED/increments_and_interactions.py
09:19:37 serial 242/361 MISSING-INPUT->MISSING-INPUT    0.6s E01_sexual_as_a_value_not_a_category/A08_the_schedule_and_what_moves_it/R019_次可加过了全族阈_PLAUSIBLE_升到_CONFIRMED/independent_confirmation.py
09:19:37 serial 243/361 MISSING-INPUT->MISSING-INPUT    0.2s E01_sexual_as_a_value_not_a_category/A08_the_schedule_and_what_moves_it/R019_次可加过了全族阈_PLAUSIBLE_升到_CONFIRMED/intensity_vs_breadth.py
09:19:37 serial 244/361 MISSING-INPUT->MISSING-INPUT    0.2s E01_sexual_as_a_value_not_a_category/A08_the_schedule_and_what_moves_it/R019_次可加过了全族阈_PLAUSIBLE_升到_CONFIRMED/is_it_a_family.py
09:19:38 serial 245/361 MISSING-INPUT->MISSING-INPUT    0.6s E01_sexual_as_a_value_not_a_category/A08_the_schedule_and_what_moves_it/R019_次可加过了全族阈_PLAUSIBLE_升到_CONFIRMED/is_it_just_earlier.py
09:19:38 serial 246/361 MISSING-INPUT->MISSING-INPUT    0.2s E01_sexual_as_a_value_not_a_category/A08_the_schedule_and_what_moves_it/R019_次可加过了全族阈_PLAUSIBLE_升到_CONFIRMED/partner_responsiveness.py
09:19:38 serial 247/361 MISSING-INPUT->MISSING-INPUT    0.2s E01_sexual_as_a_value_not_a_category/A08_the_schedule_and_what_moves_it/R019_次可加过了全族阈_PLAUSIBLE_升到_CONFIRMED/relative_onset.py
09:19:38 serial 248/361 MISSING-INPUT->MISSING-INPUT    0.2s E01_sexual_as_a_value_not_a_category/A08_the_schedule_and_what_moves_it/R019_次可加过了全族阈_PLAUSIBLE_升到_CONFIRMED/sign_across_outcomes.py
09:19:38 serial 249/361 MISSING-INPUT->MISSING-INPUT    0.2s E01_sexual_as_a_value_not_a_category/A08_the_schedule_and_what_moves_it/R019_次可加过了全族阈_PLAUSIBLE_升到_CONFIRMED/split_S_in_two.py
09:19:39 serial 250/361 MISSING-INPUT->MISSING-INPUT    0.2s E01_sexual_as_a_value_not_a_category/A08_the_schedule_and_what_moves_it/R019_次可加过了全族阈_PLAUSIBLE_升到_CONFIRMED/stable_division_of_labour.py
09:19:39 serial 251/361 MISSING-INPUT->MISSING-INPUT    0.2s E01_sexual_as_a_value_not_a_category/A08_the_schedule_and_what_moves_it/R019_次可加过了全族阈_PLAUSIBLE_升到_CONFIRMED/the_class_of_empty_separators.py
09:19:39 serial 252/361 MISSING-INPUT->MISSING-INPUT    0.2s E01_sexual_as_a_value_not_a_category/A08_the_schedule_and_what_moves_it/R019_次可加过了全族阈_PLAUSIBLE_升到_CONFIRMED/therapeutic_scan.py
09:19:39 serial 253/361 MISSING-INPUT->MISSING-INPUT    0.2s E01_sexual_as_a_value_not_a_category/A08_the_schedule_and_what_moves_it/R019_次可加过了全族阈_PLAUSIBLE_升到_CONFIRMED/which_coordinate.py
09:19:39 serial 254/361 MISSING-INPUT->MISSING-INPUT    0.2s E01_sexual_as_a_value_not_a_category/A08_the_schedule_and_what_moves_it/R019_次可加过了全族阈_PLAUSIBLE_升到_CONFIRMED/which_subadditivity.py
09:19:40 serial 255/361 MISSING-INPUT->MISSING-INPUT    0.2s E01_sexual_as_a_value_not_a_category/A08_the_schedule_and_what_moves_it/R019_次可加过了全族阈_PLAUSIBLE_升到_CONFIRMED/wide_caliber_audience.py
09:19:40 serial 256/361 MISSING-INPUT->MISSING-INPUT    0.6s E01_sexual_as_a_value_not_a_category/A08_the_schedule_and_what_moves_it/R019_次可加过了全族阈_PLAUSIBLE_升到_CONFIRMED/wide_caliber_replication.py
09:19:40 serial 257/361 MISSING-INPUT->MISSING-INPUT    0.2s E01_sexual_as_a_value_not_a_category/A08_the_schedule_and_what_moves_it/R019_次可加过了全族阈_PLAUSIBLE_升到_CONFIRMED/wide_familywise.py
09:19:41 serial 258/361 MISSING-INPUT->MISSING-INPUT    0.6s E01_sexual_as_a_value_not_a_category/A08_the_schedule_and_what_moves_it/R019_次可加过了全族阈_PLAUSIBLE_升到_CONFIRMED/within_person_order.py
09:19:41 serial 259/361 MISSING-INPUT->MISSING-INPUT    0.2s E01_sexual_as_a_value_not_a_category/A08_the_schedule_and_what_moves_it/R020_稀有度解释类别层羞耻的_58_残差是噪声底的_5_倍/acted_upon.py
09:19:41 serial 260/361 MISSING-INPUT->MISSING-INPUT    0.2s E01_sexual_as_a_value_not_a_category/A08_the_schedule_and_what_moves_it/R020_稀有度解释类别层羞耻的_58_残差是噪声底的_5_倍/drop_humiliation.py
09:19:42 serial 261/361 MISSING-INPUT->MISSING-INPUT    0.4s E01_sexual_as_a_value_not_a_category/A08_the_schedule_and_what_moves_it/R020_稀有度解释类别层羞耻的_58_残差是噪声底的_5_倍/explain_the_residual.py
09:19:42 serial 262/361 MISSING-INPUT->MISSING-INPUT    0.2s E01_sexual_as_a_value_not_a_category/A08_the_schedule_and_what_moves_it/R020_稀有度解释类别层羞耻的_58_残差是噪声底的_5_倍/increment_compare.py
09:19:42 serial 263/361 MISSING-INPUT->MISSING-INPUT    0.2s E01_sexual_as_a_value_not_a_category/A08_the_schedule_and_what_moves_it/R020_稀有度解释类别层羞耻的_58_残差是噪声底的_5_倍/ncat_as_predictor.py
09:19:42 serial 264/361 MISSING-INPUT->MISSING-INPUT    0.2s E01_sexual_as_a_value_not_a_category/A08_the_schedule_and_what_moves_it/R020_稀有度解释类别层羞耻的_58_残差是噪声底的_5_倍/nine_cells.py
09:19:43 serial 265/361 MISSING-INPUT->MISSING-INPUT    0.2s E01_sexual_as_a_value_not_a_category/A08_the_schedule_and_what_moves_it/R020_稀有度解释类别层羞耻的_58_残差是噪声底的_5_倍/two_ends.py
09:19:43 serial 266/361 MISSING-INPUT->MISSING-INPUT    0.2s E01_sexual_as_a_value_not_a_category/A08_the_schedule_and_what_moves_it/R020_稀有度解释类别层羞耻的_58_残差是噪声底的_5_倍/wide_caliber_rerun.py
09:19:43 serial 267/361 MISSING-INPUT->MISSING-INPUT    0.2s E01_sexual_as_a_value_not_a_category/A08_the_schedule_and_what_moves_it/R021_六个坐标解释的东西里_中位_18_与_你报了多少_共线/all_outcomes.py
09:19:43 serial 268/361 MISSING-INPUT->MISSING-INPUT    0.2s E01_sexual_as_a_value_not_a_category/A08_the_schedule_and_what_moves_it/R023_页面上那个_0_1185_坐在一条从_0_172_走到_0_002_/all_outcomes_curve.py
09:19:44 serial 269/361 MISSING-INPUT->MISSING-INPUT    0.4s E01_sexual_as_a_value_not_a_category/A08_the_schedule_and_what_moves_it/R023_页面上那个_0_1185_坐在一条从_0_172_走到_0_002_/fixed_people_varying_blocks.py
09:19:44 serial 270/361 MISSING-INPUT->MISSING-INPUT    0.2s E01_sexual_as_a_value_not_a_category/A08_the_schedule_and_what_moves_it/R023_页面上那个_0_1185_坐在一条从_0_172_走到_0_002_/nested_vs_disjoint.py
09:19:44 serial 271/361 MISSING-INPUT->MISSING-INPUT    0.2s E01_sexual_as_a_value_not_a_category/A08_the_schedule_and_what_moves_it/R023_页面上那个_0_1185_坐在一条从_0_172_走到_0_002_/s_shame_vs_coverage.py
09:19:44 serial 272/361 MISSING-INPUT->MISSING-INPUT    0.2s E01_sexual_as_a_value_not_a_category/A08_the_schedule_and_what_moves_it/R023_页面上那个_0_1185_坐在一条从_0_172_走到_0_002_/two_strata.py
09:19:44 serial 273/361 MISSING-INPUT->MISSING-INPUT    0.2s E01_sexual_as_a_value_not_a_category/A08_the_schedule_and_what_moves_it/R024_c3_那份羞耻不是独有的_而咬掉它的五个量说的是同一种人/commonality_vs_person_variables.py
09:19:45 serial 274/361 MISSING-INPUT->MISSING-INPUT    0.2s E01_sexual_as_a_value_not_a_category/A08_the_schedule_and_what_moves_it/R024_c3_那份羞耻不是独有的_而咬掉它的五个量说的是同一种人/computed_vs_single.py
09:19:45 serial 275/361 MISSING-INPUT->MISSING-INPUT    0.6s E01_sexual_as_a_value_not_a_category/A08_the_schedule_and_what_moves_it/R024_c3_那份羞耻不是独有的_而咬掉它的五个量说的是同一种人/difference_of_differences.py
09:19:45 serial 276/361 MISSING-INPUT->MISSING-INPUT    0.2s E01_sexual_as_a_value_not_a_category/A08_the_schedule_and_what_moves_it/R024_c3_那份羞耻不是独有的_而咬掉它的五个量说的是同一种人/early_by_sex_wide.py
09:19:46 serial 277/361 MISSING-INPUT->MISSING-INPUT    0.4s E01_sexual_as_a_value_not_a_category/A08_the_schedule_and_what_moves_it/R024_c3_那份羞耻不是独有的_而咬掉它的五个量说的是同一种人/fantasy_has_no_audience.py
09:19:46 serial 278/361 MISSING-INPUT->MISSING-INPUT    0.2s E01_sexual_as_a_value_not_a_category/A08_the_schedule_and_what_moves_it/R024_c3_那份羞耻不是独有的_而咬掉它的五个量说的是同一种人/flexibility.py
09:19:46 serial 279/361 OTHER->OTHER    0.2s E01_sexual_as_a_value_not_a_category/A08_the_schedule_and_what_moves_it/R024_c3_那份羞耻不是独有的_而咬掉它的五个量说的是同一种人/guard26_and_audit.py
09:19:46 serial 280/361 MISSING-INPUT->MISSING-INPUT    0.2s E01_sexual_as_a_value_not_a_category/A08_the_schedule_and_what_moves_it/R024_c3_那份羞耻不是独有的_而咬掉它的五个量说的是同一种人/interaction_not_quintiles.py
09:19:47 serial 281/361 MISSING-INPUT->MISSING-INPUT    0.2s E01_sexual_as_a_value_not_a_category/A08_the_schedule_and_what_moves_it/R024_c3_那份羞耻不是独有的_而咬掉它的五个量说的是同一种人/is_it_just_responsiveness.py
09:19:47 serial 282/361 MISSING-INPUT->MISSING-INPUT    0.2s E01_sexual_as_a_value_not_a_category/A08_the_schedule_and_what_moves_it/R024_c3_那份羞耻不是独有的_而咬掉它的五个量说的是同一种人/is_it_one_kind_of_person.py
09:19:47 serial 283/361 MISSING-INPUT->MISSING-INPUT    0.4s E01_sexual_as_a_value_not_a_category/A08_the_schedule_and_what_moves_it/R024_c3_那份羞耻不是独有的_而咬掉它的五个量说的是同一种人/routes_by_sex.py
09:19:47 serial 284/361 OTHER->OTHER    0.2s E01_sexual_as_a_value_not_a_category/A08_the_schedule_and_what_moves_it/R024_c3_那份羞耻不是独有的_而咬掉它的五个量说的是同一种人/saturating_mde_audit.py
09:19:48 serial 285/361 MISSING-INPUT->MISSING-INPUT    0.2s E01_sexual_as_a_value_not_a_category/A08_the_schedule_and_what_moves_it/R024_c3_那份羞耻不是独有的_而咬掉它的五个量说的是同一种人/shame_needs_an_audience.py
09:19:48 serial 286/361 MISSING-INPUT->MISSING-INPUT    0.2s E01_sexual_as_a_value_not_a_category/A08_the_schedule_and_what_moves_it/R024_c3_那份羞耻不是独有的_而咬掉它的五个量说的是同一种人/third_indicator_hunt.py
09:19:48 serial 287/361 MISSING-INPUT->MISSING-INPUT    0.2s E01_sexual_as_a_value_not_a_category/A08_the_schedule_and_what_moves_it/R024_c3_那份羞耻不是独有的_而咬掉它的五个量说的是同一种人/where_along_the_line.py
09:19:48 serial 288/361 MISSING-INPUT->MISSING-INPUT    0.2s E01_sexual_as_a_value_not_a_category/A09_which_coordinate_is_more_basic/R025_两把刀切出两组几乎不重叠的量/both_vs_therapeutic_only.py
09:19:48 serial 289/361 MISSING-INPUT->MISSING-INPUT    0.2s E01_sexual_as_a_value_not_a_category/A09_which_coordinate_is_more_basic/R025_两把刀切出两组几乎不重叠的量/faint_needs_an_anchor.py
09:19:49 serial 290/361 MISSING-INPUT->MISSING-INPUT    0.2s E01_sexual_as_a_value_not_a_category/A09_which_coordinate_is_more_basic/R025_两把刀切出两组几乎不重叠的量/interaction_needs_all_four.py
09:19:49 serial 291/361 MISSING-INPUT->MISSING-INPUT    0.2s E01_sexual_as_a_value_not_a_category/A09_which_coordinate_is_more_basic/R025_两把刀切出两组几乎不重叠的量/who_is_low_on_both.py
09:19:49 serial 292/361 MISSING-INPUT->MISSING-INPUT    0.2s E01_sexual_as_a_value_not_a_category/A09_which_coordinate_is_more_basic/R026_方向是对的_而顺手确认的是整页的羞耻方向/can_recall_bias_produce_it.py
09:19:49 serial 293/361 MISSING-INPUT->MISSING-INPUT    0.2s E01_sexual_as_a_value_not_a_category/A09_which_coordinate_is_more_basic/R026_方向是对的_而顺手确认的是整页的羞耻方向/form_splits_them.py
09:19:49 serial 294/361 MISSING-INPUT->MISSING-INPUT    0.2s E01_sexual_as_a_value_not_a_category/A09_which_coordinate_is_more_basic/R026_方向是对的_而顺手确认的是整页的羞耻方向/which_breadth.py
09:19:50 serial 295/361 MISSING-INPUT->MISSING-INPUT    0.2s E01_sexual_as_a_value_not_a_category/A09_which_coordinate_is_more_basic/R028_这份问卷里没有一种_专精_的口味/refit_the_one_that_was_wrong.py
09:19:50 serial 296/361 MISSING-INPUT->MISSING-INPUT    0.2s E01_sexual_as_a_value_not_a_category/A09_which_coordinate_is_more_basic/R029_两个锚是坏的_两种坏法_而都不报错/is_the_structure_just_involvement.py
09:19:50 serial 297/361 OTHER->OTHER    0.4s E01_sexual_as_a_value_not_a_category/A09_which_coordinate_is_more_basic/R029_两个锚是坏的_两种坏法_而都不报错/which_lessons_are_checkable.py
09:19:50 serial 298/361 MISSING-INPUT->MISSING-INPUT    0.2s E01_sexual_as_a_value_not_a_category/A09_which_coordinate_is_more_basic/R030_色情使用量多解释的_是羞耻_而且只有羞耻/pornhabit_against_four_outcomes.py
09:19:51 serial 299/361 MISSING-INPUT->MISSING-INPUT    0.2s E01_sexual_as_a_value_not_a_category/A09_which_coordinate_is_more_basic/R031_羞耻是刹车_不是传递者_而我预注册的预期也是错的/test_the_sentence_i_just_wrote.py
09:19:51 serial 300/361 MISSING-INPUT->MISSING-INPUT    0.2s E01_sexual_as_a_value_not_a_category/A09_which_coordinate_is_more_basic/R031_羞耻是刹车_不是传递者_而我预注册的预期也是错的/who_else_does_shame_brake.py
09:19:51 serial 301/361 MISSING-INPUT->MISSING-INPUT    0.2s E01_sexual_as_a_value_not_a_category/A09_which_coordinate_is_more_basic/R032_扫描看不见这个性质_因为页面写的是比值_分母的区间从来不在句子里/c3_profile_under_shame.py
09:19:51 serial 302/361 MISSING-INPUT->MISSING-INPUT    0.2s E01_sexual_as_a_value_not_a_category/A09_which_coordinate_is_more_basic/R032_扫描看不见这个性质_因为页面写的是比值_分母的区间从来不在句子里/is_the_threshold_itself_stable.py
09:19:52 serial 303/361 MISSING-INPUT->MISSING-INPUT    0.4s E01_sexual_as_a_value_not_a_category/A09_which_coordinate_is_more_basic/R033_他们觉得改不了_尽管唯一本该让它显得可改的那一点也为真/through_experience_or_not.py
09:19:52 serial 304/361 MISSING-INPUT->MISSING-INPUT    0.2s E01_sexual_as_a_value_not_a_category/A09_which_coordinate_is_more_basic/R034_不是_你喜欢什么_是_你的喜欢怎么分布/is_it_a_few_blocks.py
09:19:52 serial 305/361 MISSING-INPUT->MISSING-INPUT    0.4s E01_sexual_as_a_value_not_a_category/A09_which_coordinate_is_more_basic/R035_那个_形状_不是广度型_而广度型是三个里最弱的/is_it_one_contrast_or_the_whole_structure.py
09:19:52 serial 306/361 MISSING-INPUT->MISSING-INPUT    0.2s E01_sexual_as_a_value_not_a_category/A09_which_coordinate_is_more_basic/R036_更卷入_有两种_而它们收的费不一样/do_the_halves_differ.py
09:19:53 serial 307/361 MISSING-INPUT->MISSING-INPUT    0.2s E01_sexual_as_a_value_not_a_category/A09_which_coordinate_is_more_basic/R037_我的判据不可能失败_而换掉它之后结论只剩一半/does_the_fluid_pattern_replicate.py
09:19:53 serial 308/361 MISSING-INPUT->MISSING-INPUT    0.2s E01_sexual_as_a_value_not_a_category/A09_which_coordinate_is_more_basic/R037_我的判据不可能失败_而换掉它之后结论只剩一半/dose_or_threshold.py
09:19:53 serial 309/361 MISSING-INPUT->MISSING-INPUT    0.2s E01_sexual_as_a_value_not_a_category/A09_which_coordinate_is_more_basic/R037_我的判据不可能失败_而换掉它之后结论只剩一半/fluid_preference_without_any_coordinate.py
09:19:53 serial 310/361 MISSING-INPUT->MISSING-INPUT    0.2s E01_sexual_as_a_value_not_a_category/A09_which_coordinate_is_more_basic/R037_我的判据不可能失败_而换掉它之后结论只剩一半/how_stable_is_the_loading_vector.py
09:19:54 serial 311/361 MISSING-INPUT->MISSING-INPUT    0.6s E01_sexual_as_a_value_not_a_category/A09_which_coordinate_is_more_basic/R037_我的判据不可能失败_而换掉它之后结论只剩一半/one_antecedent_or_two_paths.py
09:19:55 serial 312/361 MISSING-INPUT->MISSING-INPUT    0.6s E01_sexual_as_a_value_not_a_category/A09_which_coordinate_is_more_basic/R037_我的判据不可能失败_而换掉它之后结论只剩一半/one_slope_or_two.py
09:19:55 serial 313/361 MISSING-INPUT->MISSING-INPUT    0.2s E01_sexual_as_a_value_not_a_category/A09_which_coordinate_is_more_basic/R037_我的判据不可能失败_而换掉它之后结论只剩一半/onset_and_the_sense_of_change.py
09:19:55 serial 314/361 MISSING-INPUT->MISSING-INPUT    0.2s E01_sexual_as_a_value_not_a_category/A09_which_coordinate_is_more_basic/R037_我的判据不可能失败_而换掉它之后结论只剩一半/swap_or_real_instability.py
09:19:55 serial 315/361 MISSING-INPUT->MISSING-INPUT    0.2s E01_sexual_as_a_value_not_a_category/A09_which_coordinate_is_more_basic/R037_我的判据不可能失败_而换掉它之后结论只剩一半/the_null_must_match_the_world.py
09:19:55 serial 316/361 MISSING-INPUT->MISSING-INPUT    0.2s E01_sexual_as_a_value_not_a_category/A09_which_coordinate_is_more_basic/R037_我的判据不可能失败_而换掉它之后结论只剩一半/what_are_the_two_halves_made_of.py
09:19:56 serial 317/361 MISSING-INPUT->MISSING-INPUT    0.2s E01_sexual_as_a_value_not_a_category/A09_which_coordinate_is_more_basic/R037_我的判据不可能失败_而换掉它之后结论只剩一半/what_is_the_stable_direction.py
09:19:56 serial 318/361 MISSING-INPUT->MISSING-INPUT    0.2s E01_sexual_as_a_value_not_a_category/A09_which_coordinate_is_more_basic/R038_一个中介能不能出信息_三个相关系数就够了_不必跑那一轮/validate_the_headroom_bound.py
09:19:56 serial 319/361 MISSING-INPUT->MISSING-INPUT    0.2s E01_sexual_as_a_value_not_a_category/A09_which_coordinate_is_more_basic/R039_你被什么吸引_你用多少色情内容_走到羞耻就停住了/is_it_answering_or_feeling.py
09:19:57 serial 320/361 MISSING-INPUT->MISSING-INPUT    0.6s E01_sexual_as_a_value_not_a_category/A09_which_coordinate_is_more_basic/R039_你被什么吸引_你用多少色情内容_走到羞耻就停住了/rerun_the_history.py
09:19:57 serial 321/361 MISSING-INPUT->MISSING-INPUT    0.2s E01_sexual_as_a_value_not_a_category/A09_which_coordinate_is_more_basic/R039_你被什么吸引_你用多少色情内容_走到羞耻就停住了/which_quantity_pushes_only_one.py
09:19:57 serial 322/361 MISSING-INPUT->MISSING-INPUT    0.2s E01_sexual_as_a_value_not_a_category/A09_which_coordinate_is_more_basic/R039_你被什么吸引_你用多少色情内容_走到羞耻就停住了/wide_or_deep.py
09:19:57 serial 323/361 MISSING-INPUT->MISSING-INPUT    0.2s E01_sexual_as_a_value_not_a_category/A09_which_coordinate_is_more_basic/R040_两个领头成分各落在一条路上_分岔的两边第一次都能点名/c1_against_both_outcomes.py
09:19:57 serial 324/361 MISSING-INPUT->MISSING-INPUT    0.2s E01_sexual_as_a_value_not_a_category/A09_which_coordinate_is_more_basic/R040_两个领头成分各落在一条路上_分岔的两边第一次都能点名/does_c3_have_a_countable_name.py
09:19:58 serial 325/361 MISSING-INPUT->MISSING-INPUT    0.2s E01_sexual_as_a_value_not_a_category/A09_which_coordinate_is_more_basic/R040_两个领头成分各落在一条路上_分岔的两边第一次都能点名/regress_out_the_strongest_anchor.py
09:19:58 serial 326/361 MISSING-INPUT->MISSING-INPUT    0.2s E01_sexual_as_a_value_not_a_category/A09_which_coordinate_is_more_basic/R040_两个领头成分各落在一条路上_分岔的两边第一次都能点名/remove_every_countable.py
09:19:58 serial 327/361 MISSING-INPUT->MISSING-INPUT    0.2s E01_sexual_as_a_value_not_a_category/A10_audit_my_own_gates_and_my_own_page/R041_被罕见的东西吸引_在几乎没人去的地方更贵/common_domains_alone.py
09:19:58 serial 328/361 MISSING-INPUT->MISSING-INPUT    0.2s E01_sexual_as_a_value_not_a_category/A10_audit_my_own_gates_and_my_own_page/R041_被罕见的东西吸引_在几乎没人去的地方更贵/equal_sized_groups.py
09:19:58 serial 329/361 MISSING-INPUT->MISSING-INPUT    0.2s E01_sexual_as_a_value_not_a_category/A10_audit_my_own_gates_and_my_own_page/R041_被罕见的东西吸引_在几乎没人去的地方更贵/is_the_other_path_moderated.py
09:19:59 serial 330/361 MISSING-INPUT->MISSING-INPUT    0.2s E01_sexual_as_a_value_not_a_category/A10_audit_my_own_gates_and_my_own_page/R041_被罕见的东西吸引_在几乎没人去的地方更贵/plant_a_reversal.py
09:19:59 serial 331/361 MISSING-INPUT->MISSING-INPUT    0.2s E01_sexual_as_a_value_not_a_category/A10_audit_my_own_gates_and_my_own_page/R041_被罕见的东西吸引_在几乎没人去的地方更贵/rarity_shame_by_domain_commonness.py
09:19:59 serial 332/361 OTHER->OTHER    0.2s E01_sexual_as_a_value_not_a_category/A10_audit_my_own_gates_and_my_own_page/R041_被罕见的东西吸引_在几乎没人去的地方更贵/reference_arm_audit.py
09:19:59 serial 333/361 MISSING-INPUT->MISSING-INPUT    0.2s E01_sexual_as_a_value_not_a_category/A10_audit_my_own_gates_and_my_own_page/R041_被罕见的东西吸引_在几乎没人去的地方更贵/same_design_other_outcome.py
09:19:59 serial 334/361 MISSING-INPUT->MISSING-INPUT    0.2s E01_sexual_as_a_value_not_a_category/A10_audit_my_own_gates_and_my_own_page/R041_被罕见的东西吸引_在几乎没人去的地方更贵/split_the_common_end.py
09:20:00 serial 335/361 MISSING-INPUT->MISSING-INPUT    0.2s E01_sexual_as_a_value_not_a_category/A10_audit_my_own_gates_and_my_own_page/R041_被罕见的东西吸引_在几乎没人去的地方更贵/what_happens_at_k12.py
09:20:00 serial 336/361 MISSING-INPUT->MISSING-INPUT    0.2s E01_sexual_as_a_value_not_a_category/A10_audit_my_own_gates_and_my_own_page/R042_问一个更便宜的问题_顺手撞上一个从没试过的锚/threshold_rule_v3.py
09:20:00 serial 337/361 MISSING-INPUT->MISSING-INPUT    0.2s E01_sexual_as_a_value_not_a_category/A10_audit_my_own_gates_and_my_own_page/R043_c3_三次劈半给出同一个答案_而_R549_的分组给出三个/c3_signature_stability.py
09:20:00 serial 338/361 MISSING-INPUT->MISSING-INPUT    0.2s E01_sexual_as_a_value_not_a_category/A10_audit_my_own_gates_and_my_own_page/R043_c3_三次劈半给出同一个答案_而_R549_的分组给出三个/floor_with_enough_draws.py
09:20:00 serial 339/361 MISSING-INPUT->MISSING-INPUT    0.2s E01_sexual_as_a_value_not_a_category/A10_audit_my_own_gates_and_my_own_page/R043_c3_三次劈半给出同一个答案_而_R549_的分组给出三个/selection_vs_sampling.py
09:20:01 serial 340/361 MISSING-INPUT->MISSING-INPUT    0.2s E01_sexual_as_a_value_not_a_category/A10_audit_my_own_gates_and_my_own_page/R043_c3_三次劈半给出同一个答案_而_R549_的分组给出三个/threshold_audit.py
09:20:01 serial 341/361 MISSING-INPUT->MISSING-INPUT    0.2s E02_condemnation_is_not_rarity/A11_is_condemnation_coupled_to_rarity/R045_谴责压得住的地方它跟着稀有度_压不住的地方它脱钩/threshold_repair_and_odds_ratio.py
09:20:01 serial 342/361 MISSING-INPUT->MISSING-INPUT    0.2s E02_condemnation_is_not_rarity/A11_is_condemnation_coupled_to_rarity/R046_换个设计形状精度提高九倍_而这一次那个零里有东西/era_contrast_mde_first.py
09:20:01 serial 343/361 MISSING-INPUT->MISSING-INPUT    0.2s E02_condemnation_is_not_rarity/A11_is_condemnation_coupled_to_rarity/R047_十分之一的人算不算_看过_取决于他被递到哪一道题/randomised_wording_arms.py
09:20:01 serial 344/361 MISSING-INPUT->MISSING-INPUT    0.2s E02_condemnation_is_not_rarity/A11_is_condemnation_coupled_to_rarity/R047_十分之一的人算不算_看过_取决于他被递到哪一道题/who_does_the_format_select.py
09:20:02 serial 345/361 MISSING-INPUT->MISSING-INPUT    0.2s E02_condemnation_is_not_rarity/A11_is_condemnation_coupled_to_rarity/R052_三个话题往下_三个往上_而我把它们平均成了一个零/freeze_and_one_out_of_sample_point.py
09:20:02 serial 346/361 MISSING-INPUT->MISSING-INPUT    0.2s E02_condemnation_is_not_rarity/A11_is_condemnation_coupled_to_rarity/R054_方向统一之后它变强了_而它的名字是_严格_不是_位置/direction_unified_strictness.py
09:20:02 serial 347/361 MISSING-INPUT->MISSING-INPUT    0.2s E02_condemnation_is_not_rarity/A12_what_the_society_does_with_it/R055_那道题只问_曾有过_的人_所以那四格是对结局取条件/inclusion_guard.py
09:20:02 serial 348/361 MISSING-INPUT->MISSING-INPUT    0.2s E02_condemnation_is_not_rarity/A12_what_the_society_does_with_it/R055_那道题只问_曾有过_的人_所以那四格是对结局取条件/per_wave_and_guard.py
09:20:02 serial 349/361 OTHER->OTHER    0.2s E02_condemnation_is_not_rarity/A12_what_the_society_does_with_it/R055_那道题只问_曾有过_的人_所以那四格是对结局取条件/population_audit.py
09:23:18 serial 350/361 TIMEOUT->OK  195.9s E02_condemnation_is_not_rarity/A12_what_the_society_does_with_it/R059_五格里只有一格_越稀有越被谴责_不是关于做法的定律/add_or_strip.py
09:26:35 serial 351/361 TIMEOUT->OK  196.9s E02_condemnation_is_not_rarity/A12_what_the_society_does_with_it/R059_五格里只有一格_越稀有越被谴责_不是关于做法的定律/backtest_the_rule.py
09:29:55 serial 352/361 TIMEOUT->OK  199.7s E02_condemnation_is_not_rarity/A12_what_the_society_does_with_it/R059_五格里只有一格_越稀有越被谴责_不是关于做法的定律/bigram_tokeniser.py
09:29:55 serial 353/361 MISSING-INPUT->MISSING-INPUT    0.4s E02_condemnation_is_not_rarity/A12_what_the_society_does_with_it/R059_五格里只有一格_越稀有越被谴责_不是关于做法的定律/pick_the_next_source.py
09:29:55 serial 354/361 TIMEOUT->OTHER    0.2s E02_condemnation_is_not_rarity/A12_what_the_society_does_with_it/R059_五格里只有一格_越稀有越被谴责_不是关于做法的定律/replaced_by.py
09:33:15 serial 355/361 TIMEOUT->OK  199.3s E02_condemnation_is_not_rarity/A12_what_the_society_does_with_it/R059_五格里只有一格_越稀有越被谴责_不是关于做法的定律/the_qualifier_gate.py
09:33:15 serial 356/361 MISSING-INPUT->MISSING-INPUT    0.2s E02_condemnation_is_not_rarity/A12_what_the_society_does_with_it/R076_没有一条说得比它的区间允许的更强_而收口自己查出了三件别的/a12_closeout.py
09:37:15 serial 357/361 TIMEOUT->TIMEOUT  240.1s E03_what_an_instrument_would_have_to_be/A100_how_much_of_this_is_about_the_questionnaire/R311_leave_one_item_out_across_the_corpus/leave_one_item_out.py
09:41:15 serial 358/361 TIMEOUT->TIMEOUT  240.1s E03_what_an_instrument_would_have_to_be/A101_what_can_still_be_rederived/R312_how_much_of_this_corpus_can_still_be_run/can_it_still_be_rerun.py
09:45:15 serial 359/361 TIMEOUT->TIMEOUT  240.1s E03_what_an_instrument_would_have_to_be/A30_paying_the_null_debt/R151_给最大的那条补上它的零/null_for_683.py
09:45:16 serial 360/361 OTHER->OTHER    0.4s E03_what_an_instrument_would_have_to_be/A36_那一族能不能机械化/R187_量了才知道这条路走不到它/traceability.py
09:49:16 serial 361/361 TIMEOUT->TIMEOUT  240.1s E03_what_an_instrument_would_have_to_be/A71_整张网格终于做多重性/R265_BH校正之后还剩几个格/what_survives_bh.py
