q,world,seed,lam,val,skill,eff_rank
1,real,11,0.5,0.14154561992455866,0.006633101052946677,16
1,real,11,1.0,0.13670222358945364,0.011093177723263903,16
1,real,11,2.0,0.1298915860676858,0.01594000678943186,16
1,real,11,3.0,0.12560745729906275,0.017896661047562934,16
1,real,11,4.0,0.12287194612871397,0.018595242313907634,16
1,real,11,6.0,0.11995379913080538,0.018788036782580786,16
1,real,11,8.0,0.11924038330049816,0.01937122604126207,15
1,real,11,12.0,0.12331217894126462,0.02455118318784766,15
1,r2,11,0.5,0.187734901797611,0.03329819656809374,16
1,r2,11,1.0,0.17748370558579712,0.05898978827872592,16
1,r2,11,2.0,0.16293685167871005,0.09396023532282116,16
1,r2,11,3.0,0.15379546655903822,0.11476279500356856,16
1,r2,11,4.0,0.14801360633182462,0.1273510934337121,16
1,r2,11,6.0,0.14192677060389472,0.1401898158835707,16
1,r2,11,8.0,0.13932377219031547,0.14565268815230847,16
1,r2,11,12.0,0.14179511809297585,0.15733184317764382,15
1,r5,11,0.5,0.20740665916905773,0.04078716037985575,16
1,r5,11,1.0,0.19558527749595636,0.07277622759631375,16
1,r5,11,2.0,0.17855702599743842,0.11734314917602662,16
1,r5,11,3.0,0.16764751804828423,0.14463825701968291,16
1,r5,11,4.0,0.160626938206503,0.16156842736175958,16
1,r5,11,6.0,0.1530845646520232,0.17920609444171953,16
1,r5,11,8.0,0.1497805957244997,0.18686227123097965,16
1,r5,11,12.0,0.15169042713377395,0.20093848376946055,15
1,margin,11,0.5,0.14307127543898962,0.00020199110918461827,16
1,margin,11,1.0,0.13932996740237497,-0.0002718278812257058,16
1,margin,11,2.0,0.13392488376098266,-0.0021589230779960333,16
1,margin,11,3.0,0.13040722739467853,-0.004265574377598336,16
1,margin,11,4.0,0.12809357986399642,-0.006070453644999252,16
1,margin,11,6.0,0.12553991244372575,-0.008495986674005196,16
1,margin,11,8.0,0.12502800925551194,-0.008987177692951653,15
1,margin,11,12.0,0.12933945003982877,-0.004809891346260309,15
1,real,29,0.5,0.1424094362882205,0.0064125078957879555,16
1,real,29,1.0,0.13754314323252465,0.010720501213056233,16
1,real,29,2.0,0.13070228601103057,0.015384889418008751,16
1,real,29,3.0,0.1264015203363008,0.017221478533465562,16
1,real,29,4.0,0.12365683451348311,0.017815831061529286,16
1,real,29,6.0,0.1207300356146843,0.017864355992343928,16
1,real,29,8.0,0.12010764455854545,0.018571130304663952,15
1,real,29,12.0,0.1241777825342453,0.02421515205823066,15
1,r2,29,0.5,0.1916198837882737,0.03693279451138343,16
1,r2,29,1.0,0.18084350754125245,0.06536330733241336,16
1,r2,29,2.0,0.16560651018050615,0.1039473537633957,16
1,r2,29,3.0,0.15607298885336357,0.12676985533149243,16
1,r2,29,4.0,0.15006503787399336,0.1405087036578181,16
1,r2,29,6.0,0.1437654592549815,0.15439989345088367,16
1,r2,29,8.0,0.141082637921968,0.1602401793461362,16
1,r2,29,12.0,0.1435012175012691,0.17233628720659877,15
1,r5,29,0.5,0.20542617784245007,0.04514013155842067,16
1,r5,29,1.0,0.19283122889049337,0.08060956976596145,16
1,r5,29,2.0,0.17479072372788307,0.13018127021318593,16
1,r5,29,3.0,0.1633412280860284,0.1606736353767917,16
1,r5,29,4.0,0.1560504954503659,0.1796819375092359,16
1,r5,29,6.0,0.148332846523026,0.1997070165784578,16
1,r5,29,8.0,0.14501654080088686,0.20853756018214675,16
1,r5,29,12.0,0.1466211559182644,0.22324125740004241,15
1,margin,29,0.5,0.14203808975180857,0.0002871362727817628,16
1,margin,29,1.0,0.1382806461095863,-0.0001477990850595745,16
1,margin,29,2.0,0.13286293127564655,-0.0019765128171383983,16
1,margin,29,3.0,0.12934648446732028,-0.004037386412695021,16
1,margin,29,4.0,0.12703893899660257,-0.005811842103951248,16
1,margin,29,6.0,0.12449729641069203,-0.008185523595938271,16
1,margin,29,8.0,0.1241140761282363,-0.008513177792898396,15
1,margin,29,12.0,0.12841901116240526,-0.004434166440257292,15
1,real,47,0.5,0.1411133495271689,0.006372192907977747,16
1,real,47,1.0,0.13618726824422409,0.010604247754640084,16
1,real,47,2.0,0.12926819755301622,0.015068315263335297,16
1,real,47,3.0,0.12492520428110095,0.01678138346211777,16
1,real,47,4.0,0.12215888536126408,0.01734005280464357,16
1,real,47,6.0,0.11921783812169465,0.017357172886005023,16
1,real,47,8.0,0.11882933146091006,0.018320370597679547,15
1,real,47,12.0,0.1228325695119682,0.02350043210567232,15
1,r2,47,0.5,0.19401995527814772,0.042343810894713174,16
1,r2,47,1.0,0.18245811615134983,0.07508633364195638,16
1,r2,47,2.0,0.16617581801979567,0.11972074181079972,16
1,r2,47,3.0,0.15606640988264944,0.14621871689561183,16
1,r2,47,4.0,0.14975248066006214,0.16220935740712106,16
1,r2,47,6.0,0.1432119127255228,0.17836520472884787,16
1,r2,47,8.0,0.14046680100554126,0.1851546357572208,16
1,r2,47,12.0,0.14297440040401171,0.19822082292280296,15
1,r5,47,0.5,0.20509576523256237,0.03763700136712689,16
1,r5,47,1.0,0.19387057241870076,0.0671115159440413,16
1,r5,47,2.0,0.17769478640504152,0.10814113025262018,16
1,r5,47,3.0,0.16731224807441547,0.1333067755031203,16
1,r5,47,4.0,0.16061108391994916,0.14897633800014776,16
1,r5,47,6.0,0.15337820398443777,0.1654897281795138,16
1,r5,47,8.0,0.15019318001626253,0.17276676695476822,16
1,r5,47,12.0,0.1522725864307957,0.18658658442131415,15
1,margin,47,0.5,0.14262621882849155,9.290154063623657e-05,16
1,margin,47,1.0,0.13885750623498858,-0.0005044699030586353,16
1,margin,47,2.0,0.1334124088440086,-0.002566932525097654,16
1,margin,47,3.0,0.12986706871576753,-0.004761577864544897,16
1,margin,47,4.0,0.1275332426353397,-0.00659979925813059,16
1,margin,47,6.0,0.12495279738421831,-0.009040982875927472,16
1,margin,47,8.0,0.12433939727220641,-0.00961774621136069,15
1,margin,47,12.0,0.12870758092049847,-0.005322838413583608,15
4,real,11,0.5,0.10932798907044895,0.023553229596862235,14
4,real,11,1.0,0.10111267638446439,0.033654961885887014,14
4,real,11,2.0,0.09382097459563796,0.04000004952351577,14
4,real,11,3.0,0.09136338543693233,0.04151583539912307,13
4,real,11,4.0,0.09364025868639994,0.04709498287491831,13
4,real,11,6.0,0.09814797764058678,0.05358265591393585,13
4,real,11,8.0,0.10201047574138884,0.05648612462397817,11
4,real,11,12.0,0.10897350586701716,0.05314084262205976,8
4,r2,11,0.5,0.16576802968188928,0.05566034225968042,14
4,r2,11,1.0,0.151804057552212,0.0849003674806611,14
4,r2,11,2.0,0.13867846757555255,0.10882105893208771,14
4,r2,11,3.0,0.13388217934626095,0.1165181944341005,14
4,r2,11,4.0,0.13352483873593193,0.1225864588018698,13
4,r2,11,6.0,0.1384677565533168,0.13498057189704438,13
4,r2,11,8.0,0.14288276538626146,0.14143918626420082,13
4,r2,11,12.0,0.14983614462729206,0.1481355891115831,13
4,r5,11,0.5,0.17283587415238771,0.056089572918105124,14
4,r5,11,1.0,0.15909656447023562,0.08690738683360366,14
4,r5,11,2.0,0.145959378732946,0.11398607586790721,14
4,r5,11,3.0,0.14106762707931114,0.12354380584545654,14
4,r5,11,4.0,0.14023567916314958,0.1293014336595949,13
4,r5,11,6.0,0.14543898138502573,0.14132188158034253,13
4,r5,11,8.0,0.1500769258957093,0.1473705621800564,13
4,r5,11,12.0,0.15743202746237966,0.1534630103601199,13
4,margin,11,0.5,0.11320335615934182,0.00214635509023664,14
4,margin,11,1.0,0.10692476645880586,0.0006732813486229894,14
4,margin,11,2.0,0.10085111186214271,-0.002952279037770178,14
4,margin,11,3.0,0.09853414432441189,-0.004843493763926898,14
4,margin,11,4.0,0.10047736574276547,-0.0024870736798519033,13
4,margin,11,6.0,0.1055288561748738,0.0015286228248813094,13
4,margin,11,8.0,0.10961563969364727,0.0036817136859678135,12
4,margin,11,12.0,0.1163319507653032,0.003303706179982102,9
4,real,29,0.5,0.11033398013732522,0.021129244870194075,14
4,real,29,1.0,0.10206590557397253,0.03011109060320949,14
4,real,29,2.0,0.09473891827653572,0.035694831405534644,14
4,real,29,3.0,0.09248923212050288,0.037537301797084144,13
4,real,29,4.0,0.09466394087333474,0.04293087227210901,13
4,real,29,6.0,0.09888806795545325,0.04890878233189688,13
4,real,29,8.0,0.1025522270976329,0.05183462802114436,11
4,real,29,12.0,0.10936965727620038,0.04855170474949411,8
4,r2,29,0.5,0.15744022726264745,0.0719501162810614,14
4,r2,29,1.0,0.14201254139924446,0.11104896255101171,14
4,r2,29,2.0,0.12769611130526776,0.1444384421700866,14
4,r2,29,3.0,0.12259687720678493,0.15565983004695305,14
4,r2,29,4.0,0.12235108856274904,0.16408592789013388,13
4,r2,29,6.0,0.1267028210017278,0.1777735414802426,13
4,r2,29,8.0,0.130686339183942,0.18480733899054114,13
4,r2,29,12.0,0.13705180392247548,0.19143174726612,12
4,r5,29,0.5,0.15176643340268095,0.04946404391500592,14
4,r5,29,1.0,0.13913736219880157,0.07578974453032261,14
4,r5,29,2.0,0.1272473373424747,0.09795166806371858,14
4,r5,29,3.0,0.12290935576675995,0.10526152536499378,14
4,r5,29,4.0,0.12292584888803156,0.11136549460424605,13
4,r5,29,6.0,0.12769160500163684,0.12246003665154792,13
4,r5,29,8.0,0.1319072438117758,0.12805587414147668,13
4,r5,29,12.0,0.13859199088608418,0.1333993802429052,12
4,margin,29,0.5,0.11407130517747167,0.002405947521044949,14
4,margin,29,1.0,0.1077875285046462,0.0004790806959136251,14
4,margin,29,2.0,0.10168759241605384,-0.003869495188849159,14
4,margin,29,3.0,0.0993511929543461,-0.006133106910302,14
4,margin,29,4.0,0.10143410133530026,-0.003754140248087512,13
4,margin,29,6.0,0.10645283279804982,0.0003993566701449014,13
4,margin,29,8.0,0.1105569158242981,0.0027076311369845785,12
4,margin,29,12.0,0.11727149539103815,0.00384907027941761,9
4,real,47,0.5,0.10847841309262128,0.023463115692463954,14
4,real,47,1.0,0.10018609217801619,0.03306716989100267,14
4,real,47,2.0,0.09280305211428808,0.03860179466073632,14
4,real,47,3.0,0.09029287916689326,0.0397863236527094,13
4,real,47,4.0,0.09253624135073045,0.045542152562501825,13
4,real,47,6.0,0.09700831796272315,0.05233097224984096,13
4,real,47,8.0,0.10077032998813411,0.05528861986332145,11
4,real,47,12.0,0.10740762366931292,0.05193311666140754,8
4,r2,47,0.5,0.1638870474625776,0.030997293260052183,14
4,r2,47,1.0,0.15316970832327098,0.04653200709532934,14
4,r2,47,2.0,0.14269190808346435,0.05857310242123004,14
4,r2,47,3.0,0.1386405724851949,0.0621005405878674,14
4,r2,47,4.0,0.13859873746625928,0.06622001420672452,13
4,r2,47,6.0,0.14404658772019827,0.07658474905787005,13
4,r2,47,8.0,0.14871305566919454,0.08218062623961242,13
4,r2,47,12.0,0.1559353223797081,0.08805297971466564,13
4,r5,47,0.5,0.1763713313958178,0.059099158803718854,14
4,r5,47,1.0,0.1613108282615047,0.09133496909430672,14
4,r5,47,2.0,0.14677225865784493,0.1187508350971146,14
4,r5,47,3.0,0.14128062320490345,0.12775642369393114,14
4,r5,47,4.0,0.1394158710617465,0.1318681714746497,13
4,r5,47,6.0,0.14467947796455183,0.14698722924945795,13
4,r5,47,8.0,0.14948229789477965,0.15506457159420406,13
4,r5,47,12.0,0.15715195020767864,0.16353778598287094,13
4,margin,47,0.5,0.11400308925830833,0.0008434028136506955,14
4,margin,47,1.0,0.10771805612437105,-0.001766820715543349,14
4,margin,47,2.0,0.10166184062398678,-0.00654530121631014,14
4,margin,47,3.0,0.09936135624550292,-0.008956163661527294,14
4,margin,47,4.0,0.10158670806559024,-0.005886480972474906,13
4,margin,47,6.0,0.1066141765344146,-0.00086445827719972,13
4,margin,47,8.0,0.11067390399575361,0.002114614976303719,11
4,margin,47,12.0,0.11720402267658385,0.002707416670556295,9
7,real,11,0.5,0.13304514072954943,0.0464607976068353,10
7,real,11,1.0,0.12010622614992834,0.061212061728796785,10
7,real,11,2.0,0.11164807595994379,0.06759420748854184,10
7,real,11,3.0,0.11531089948686914,0.07632521947909321,9
7,real,11,4.0,0.12019121379135136,0.08232478688821865,9
7,real,11,6.0,0.12828134158453622,0.08842622497419927,9
7,real,11,8.0,0.1346128367939236,0.09120992390414795,9
7,real,11,12.0,0.14587572038657634,0.06478137195901468,3
7,r2,11,0.5,0.1655468481204909,0.05824908797051398,10
7,r2,11,1.0,0.14741726968276753,0.07850250137476644,10
7,r2,11,2.0,0.1346276242665049,0.08785551759731391,10
7,r2,11,3.0,0.1364325569511073,0.09759148482876567,9
7,r2,11,4.0,0.14179320025619357,0.10635257658921349,9
7,r2,11,6.0,0.15105360441392482,0.11566654806925747,9
7,r2,11,8.0,0.1584832851658539,0.12028695912382303,9
7,r2,11,12.0,0.17073495713453868,0.11449425011777392,4
7,r5,11,0.5,0.18164517627263044,0.07100459293608896,10
7,r5,11,1.0,0.16272380966565042,0.09912781262220349,10
7,r5,11,2.0,0.14871821211701067,0.11480475517715905,10
7,r5,11,3.0,0.14832601302091294,0.124041819772291,9
7,r5,11,4.0,0.15415280760465172,0.1359294540724082,9
7,r5,11,6.0,0.16435731074830798,0.14860828648424595,9
7,r5,11,8.0,0.1726519541297042,0.15491690286876236,9
7,r5,11,12.0,0.18791501894630866,0.13238938890687946,4
7,margin,11,0.5,0.13375380879073656,-0.004262840915105315,10
7,margin,11,1.0,0.12411045687152004,-0.010743146298807016,10
7,margin,11,2.0,0.11735691827429438,-0.017090479158292537,9
7,margin,11,3.0,0.12309381434384407,-0.011629180198066358,9
7,margin,11,4.0,0.12832975153152643,-0.007942248692061615,9
7,margin,11,6.0,0.13691804741582872,-0.0037490122915015966,9
7,margin,11,8.0,0.14368654859849922,-0.0018172333816720565,9
7,margin,11,12.0,0.15299043675205104,-0.0011504737932368503,5
7,real,29,0.5,0.1278616551748361,0.03793157613442688,10
7,real,29,1.0,0.11474519740171879,0.05036329101604997,10
7,real,29,2.0,0.1058738655598541,0.05659432912240103,10
7,real,29,3.0,0.10979263742336491,0.06814865841789475,9
7,real,29,4.0,0.11431538728163565,0.07530681193090805,9
7,real,29,6.0,0.12198227873266197,0.0834504733547069,9
7,real,29,8.0,0.12806666559608823,0.08784737291414069,9
7,real,29,12.0,0.13960590749597226,0.06428615041471797,3
7,r2,29,0.5,0.17940367956969788,0.03783352158184261,10
7,r2,29,1.0,0.1632975954567201,0.049498270000917444,10
7,r2,29,2.0,0.1512105082385058,0.05310961274411463,10
7,r2,29,3.0,0.15303199514523527,0.06120492521436638,9
7,r2,29,4.0,0.15865493502317168,0.06999157049038807,9
7,r2,29,6.0,0.16840273146561952,0.0798628527909726,9
7,r2,29,8.0,0.17635665808003573,0.08496947909893304,9
7,r2,29,12.0,0.18942103340359828,0.07830220630339757,6
7,r5,29,0.5,0.18097025436324138,0.060897503285943344,10
7,r5,29,1.0,0.16268884705481057,0.08271129390885434,10
7,r5,29,2.0,0.14921965718306138,0.0927094044485608,10
7,r5,29,3.0,0.14995094168253886,0.1024310533159336,9
7,r5,29,4.0,0.15550415032472847,0.11368651190616696,9
7,r5,29,6.0,0.16518297845463273,0.12632433832434153,9
7,r5,29,8.0,0.17304077546695337,0.13339744532272446,9
7,r5,29,12.0,0.18732428371529997,0.11545509277926946,4
7,margin,29,0.5,0.1404824882646288,-0.005892289717644994,10
7,margin,29,1.0,0.13115772206459694,-0.012905502729279372,10
7,margin,29,2.0,0.12434880999265241,-0.019854942219702965,10
7,margin,29,3.0,0.12964593158246265,-0.013756962961884,9
7,margin,29,4.0,0.13470675075782326,-0.009312612162434952,9
7,margin,29,6.0,0.14299626888819023,-0.003955505275622606,9
7,margin,29,8.0,0.14948270202215924,-0.0010772044855787977,9
7,margin,29,12.0,0.15869960738698285,-0.0007372705591277562,6
7,real,47,0.5,0.1297514330247097,0.04926792968999871,10
7,real,47,1.0,0.11693007974353573,0.06588729363167789,10
7,real,47,2.0,0.10871185055813455,0.07386008285460866,9
7,real,47,3.0,0.11324363328358829,0.0835592159106523,9
7,real,47,4.0,0.11769991036608635,0.08867369742746256,9
7,real,47,6.0,0.12509346195876664,0.09349470663422177,9
7,real,47,8.0,0.1308765548127399,0.09531521759649852,9
7,real,47,12.0,0.1423776727708728,0.07193569476763484,4
7,r2,47,0.5,0.17059368791452786,0.022395832140340688,10
7,r2,47,1.0,0.15618001530668874,0.026436739171544765,10
7,r2,47,2.0,0.1454692373146863,0.025270756413959927,10
7,r2,47,3.0,0.1478853102022021,0.03262796630375109,9
7,r2,47,4.0,0.15358398179292646,0.0409526593918339,9
7,r2,47,6.0,0.1631525474794778,0.05069226369153279,9
7,r2,47,8.0,0.17072079439872367,0.05603156723665659,9
7,r2,47,12.0,0.18304130682836836,0.053658980358031405,5
7,r5,47,0.5,0.16772102599087393,0.05775662056236874,10
7,r5,47,1.0,0.1515571655195594,0.07951353374719672,10
7,r5,47,2.0,0.1399035620655337,0.09186442178380305,10
7,r5,47,3.0,0.14186281449866656,0.10303538956901437,9
7,r5,47,4.0,0.14733957285915728,0.11295515539500467,9
7,r5,47,6.0,0.15672781694058863,0.12358966488740142,9
7,r5,47,8.0,0.1642804558940576,0.1290486841864401,9
7,r5,47,12.0,0.1770636249122798,0.11571078571859506,5
7,margin,47,0.5,0.1384857384962804,-0.004385934705805616,10
7,margin,47,1.0,0.12901520578923786,-0.010764880075055383,10
7,margin,47,2.0,0.12213100798735237,-0.017220269520034526,10
7,margin,47,3.0,0.12636196441615327,-0.012502195916807124,9
7,margin,47,4.0,0.1318244620365546,-0.007860000385902732,9
7,margin,47,6.0,0.14061899262456462,-0.002315075269111677,9
7,margin,47,8.0,0.14738386544505974,0.0004217879720921358,9
7,margin,47,12.0,0.15691790065902378,0.0010698223570185794,6
8,real,11,0.5,0.12450048185749044,0.017936480018362344,10
8,real,11,1.0,0.11375504011996675,0.021535058728457956,10
8,real,11,2.0,0.10594416985258613,0.021379349719696794,10
8,real,11,3.0,0.10934579581828055,0.027609181704844277,9
8,real,11,4.0,0.11413093672197921,0.0326588606980831,9
8,real,11,6.0,0.12214831718414888,0.03807028088070974,9
8,real,11,8.0,0.12853176381692502,0.040533292445870894,9
8,real,11,12.0,0.13996739574827605,0.02299666386030108,5
8,r2,11,0.5,0.1775157445174371,0.03717213996244939,10
8,r2,11,1.0,0.1610146172829903,0.05045213072707777,10
8,r2,11,2.0,0.14801195823507982,0.056939864652142846,10
8,r2,11,3.0,0.1464103118664562,0.0614989262155321,9
8,r2,11,4.0,0.15223355119074092,0.07202975686884483,9
8,r2,11,6.0,0.16232552755717752,0.08386806943618241,9
8,r2,11,8.0,0.17049262348197192,0.09008238750658604,9
8,r2,11,12.0,0.18287682372139757,0.09365616649705177,7
8,r5,11,0.5,0.1625501847028803,0.04533405068884655,10
8,r5,11,1.0,0.14687605223883102,0.06255465058085574,10
8,r5,11,2.0,0.1349542901321048,0.07193249151260539,10
8,r5,11,3.0,0.13422126031471793,0.07776787413849573,9
8,r5,11,4.0,0.13977525976552974,0.08748046186638381,9
8,r5,11,6.0,0.14936113280157348,0.09817917937386034,9
8,r5,11,8.0,0.1571019806196639,0.10376078483424,9
8,r5,11,12.0,0.17015648455757926,0.09099001999892442,5
8,margin,11,0.5,0.12869452803459078,-0.006136250556897926,10
8,margin,11,1.0,0.11934400216375313,-0.012829433758941522,10
8,margin,11,2.0,0.11225653610281275,-0.01960653457107353,10
8,margin,11,3.0,0.11506969635898055,-0.01620484556004842,9
8,margin,11,4.0,0.12027507474771608,-0.011250757352776697,9
8,margin,11,6.0,0.12887220599187435,-0.005020656041217042,9
8,margin,11,8.0,0.1356590152203197,-0.001487267664933345,9
8,margin,11,12.0,0.14547687533964476,-0.0011981419443360952,7
8,real,29,0.5,0.1267516692595599,0.01687281510812877,10
8,real,29,1.0,0.11625028716437724,0.02071421156307307,10
8,real,29,2.0,0.10878426982072067,0.02141944346748359,10
8,real,29,3.0,0.11231385608524543,0.0277137128977768,9
8,real,29,4.0,0.11703288651991077,0.03272524833786872,9
8,real,29,6.0,0.12485291209735655,0.03835412466621668,9
8,real,29,8.0,0.13101650715963362,0.041138568858702707,9
8,real,29,12.0,0.14167992900647533,0.025709762207179465,5
8,r2,29,0.5,0.17973161893092257,0.06805353781022405,10
8,r2,29,1.0,0.16166830289615403,0.09616298108759946,10
8,r2,29,2.0,0.14790964564600856,0.11294057012689795,10
8,r2,29,3.0,0.147706719808045,0.12291544540664634,9
8,r2,29,4.0,0.15300533685136644,0.13371340489513384,9
8,r2,29,6.0,0.16235837379516685,0.14483075463712436,9
8,r2,29,8.0,0.1699988148323918,0.15026363203912685,9
8,r2,29,12.0,0.18190231838383775,0.1491144382726325,6
8,r5,29,0.5,0.17578768903039343,0.046349982719604776,10
8,r5,29,1.0,0.15800028394807084,0.06363608328211545,10
8,r5,29,2.0,0.1442467352669966,0.0727306736753115,10
8,r5,29,3.0,0.14330908363026348,0.08089860277895378,9
8,r5,29,4.0,0.14868694491378137,0.094634560020179,9
8,r5,29,6.0,0.15815311125685977,0.11094700648910183,9
8,r5,29,8.0,0.16587621156626126,0.12053918266237895,9
8,r5,29,12.0,0.1792238731328119,0.11459477897996817,5
8,margin,29,0.5,0.1328795532412085,-0.0037687264835235545,10
8,margin,29,1.0,0.1235250156606649,-0.009580265412063915,10
8,margin,29,2.0,0.11637923741478838,-0.01599998604526698,10
8,margin,29,3.0,0.1193245842560163,-0.012882685697220397,9
8,margin,29,4.0,0.12451451423030475,-0.00856787993067154,9
8,margin,29,6.0,0.13307037380153472,-0.003555609810220073,9
8,margin,29,8.0,0.13979029325978193,-0.0011201665760900426,9
8,margin,29,12.0,0.14957766926106736,-0.00046486252537292216,7
8,real,47,0.5,0.12456401526500954,0.013835110530518446,10
8,real,47,1.0,0.11430633301640246,0.01581827896084831,10
8,real,47,2.0,0.10702620667343797,0.014524104467241505,10
8,real,47,3.0,0.11048928308794016,0.020532477376548175,9
8,real,47,4.0,0.11492081074174038,0.025226654597979903,9
8,real,47,6.0,0.12227019144834067,0.0303102385340569,9
8,real,47,8.0,0.1280614142367606,0.03261875016375315,9
8,real,47,12.0,0.13869406035607695,0.020174324249955133,5
8,r2,47,0.5,0.18170829613132367,0.05090762380194591,10
8,r2,47,1.0,0.16504058118708717,0.07072158912971682,10
8,r2,47,2.0,0.1518706108694532,0.08197660771506476,10
8,r2,47,3.0,0.1507377694088679,0.08941879602322023,9
8,r2,47,4.0,0.15595898930026406,0.10096359255316534,9
8,r2,47,6.0,0.16526303028575312,0.11389154127550327,9
8,r2,47,8.0,0.17291742980894403,0.12088204855112783,9
8,r2,47,12.0,0.18526336116133632,0.12162122121888364,7
8,r5,47,0.5,0.16785063990595403,0.0863672329770504,10
8,r5,47,1.0,0.1490603047974294,0.12184449059889457,10
8,r5,47,2.0,0.1355566799159593,0.14284729199034807,10
8,r5,47,3.0,0.13565336380330903,0.1560136324261503,9
8,r5,47,4.0,0.14017187822411942,0.1687895998273662,9
8,r5,47,6.0,0.14826901126447015,0.18244771465194176,9
8,r5,47,8.0,0.15492615627680875,0.1897487143824954,9
8,r5,47,12.0,0.16663447970522363,0.17894362362266458,4
8,margin,47,0.5,0.13187360858327982,-0.0035201037315980566,10
8,margin,47,1.0,0.12280541562813611,-0.009068010852289698,10
8,margin,47,2.0,0.11583764097787741,-0.015457104186254012,10
8,margin,47,3.0,0.11788140026454595,-0.013027527298445363,9
8,margin,47,4.0,0.12300610182145029,-0.008358818879299679,9
8,margin,47,6.0,0.13148571069732276,-0.0028736389299971465,9
8,margin,47,8.0,0.13817983085245444,-0.0001353627007768532,9
8,margin,47,12.0,0.1481625027935509,0.00019397208280458322,8
13,real,11,0.5,0.1037522895586333,0.005890944851144053,19
13,real,11,1.0,0.09981545959804969,0.008829147143634697,19
13,real,11,2.0,0.09511488697143472,0.01076833903738672,19
13,real,11,3.0,0.09271395609774273,0.010955318696329486,19
13,real,11,4.0,0.09145240460899222,0.010784908454550601,19
13,real,11,6.0,0.09182378404191349,0.01229473062244324,18
13,real,11,8.0,0.09379761694862591,0.014577899616020074,18
13,real,11,12.0,0.09709419067852995,0.01695741180637711,18
13,r2,11,0.5,0.17115417592041998,0.03203555749388487,19
13,r2,11,1.0,0.16224610881615592,0.05404798341007022,19
13,r2,11,2.0,0.15100341480388121,0.07969266838145472,19
13,r2,11,3.0,0.14491695607776522,0.09224068671880381,19
13,r2,11,4.0,0.1415447505840267,0.09872888490810583,19
13,r2,11,6.0,0.13853538420827635,0.10425934527337755,19
13,r2,11,8.0,0.13977847607786215,0.11092241831497984,18
13,r2,11,12.0,0.14401693004989194,0.1198032690643116,18
13,r5,11,0.5,0.1906092711437751,0.05023060006436331,19
13,r5,11,1.0,0.17837205048902693,0.08621971716740073,19
13,r5,11,2.0,0.16272205654717833,0.13049786311505018,19
13,r5,11,3.0,0.15415625783124684,0.15365692357953764,19
13,r5,11,4.0,0.14938420791703239,0.16625145954510334,19
13,r5,11,6.0,0.14509910107261417,0.17752756490989652,19
13,r5,11,8.0,0.14552493942534275,0.18584602073536904,18
13,r5,11,12.0,0.1494830183115507,0.19656049499425865,18
13,margin,11,0.5,0.10429306132244792,0.0018234170547581918,19
13,margin,11,1.0,0.10088842493787784,0.0019935995064827017,19
13,margin,11,2.0,0.09675397157001397,0.000730001628315935,19
13,margin,11,3.0,0.0945950104134314,-0.0006875703816412448,19
13,margin,11,4.0,0.09343943459293207,-0.0017020940848458954,19
13,margin,11,6.0,0.09372107351488344,-0.0009840505148662748,18
13,margin,11,8.0,0.09580553950582466,0.001408636358078308,18
13,margin,11,12.0,0.09925353286635738,0.004136348751665353,18
13,real,29,0.5,0.10291394582667868,0.005502368412748315,19
13,real,29,1.0,0.09892779521320598,0.008122061594023178,19
13,real,29,2.0,0.0941341638483816,0.009660489927935445,19
13,real,29,3.0,0.09165967035317513,0.009614502531561486,19
13,real,29,4.0,0.09034653940523865,0.009319023959847073,19
13,real,29,6.0,0.0906247631198162,0.010946885995940292,18
13,real,29,8.0,0.0926193084611408,0.013678732169224439,18
13,real,29,12.0,0.09597282393636966,0.016703822421443415,18
13,r2,29,0.5,0.1639046404554827,0.030654220381102992,19
13,r2,29,1.0,0.15553342070194864,0.051900079322632964,19
13,r2,29,2.0,0.14495536796572264,0.07684233158455489,19
13,r2,29,3.0,0.13923265317386438,0.08912312391658705,19
13,r2,29,4.0,0.13607014822118133,0.09547088591764008,19
13,r2,29,6.0,0.13325812712508858,0.1009051979791693,19
13,r2,29,8.0,0.13504962857122993,0.10836767689333582,18
13,r2,29,12.0,0.1390353414018058,0.11633428558629555,18
13,r5,29,0.5,0.1888637189760123,0.05587024768824611,19
13,r5,29,1.0,0.1755740661869739,0.09594377643292051,19
13,r5,29,2.0,0.15872492658712262,0.14525402969817525,19
13,r5,29,3.0,0.14963989187368334,0.17099590438842982,19
13,r5,29,4.0,0.14465867099103036,0.1849463171416832,19
13,r5,29,6.0,0.14027005802316656,0.19738007844335959,19
13,r5,29,8.0,0.1410607469035503,0.20717619458476277,18
13,r5,29,12.0,0.14469999130945665,0.21766512848437558,18
13,margin,29,0.5,0.10404539248967652,0.001772628373031493,19
13,margin,29,1.0,0.1005852646161755,0.001912549910446426,19
13,margin,29,2.0,0.09635818210244079,0.0005878582018538081,19
13,margin,29,3.0,0.0941332533862039,-0.0008882652782240541,19
13,margin,29,4.0,0.09293380832250218,-0.0019472081507881933,19
13,margin,29,6.0,0.09325555182233941,-0.0012223057859648279,18
13,margin,29,8.0,0.09534788254213782,0.0011173808538897934,18
13,margin,29,12.0,0.09881560409568031,0.00380426796925204,18
13,real,47,0.5,0.10488578104760188,0.005515076665107976,19
13,real,47,1.0,0.10091584418582687,0.008107669539088147,19
13,real,47,2.0,0.09614335516844172,0.009521944767442392,19
13,real,47,3.0,0.09368079949932352,0.009351647497217841,19
13,real,47,4.0,0.09237446322390898,0.008959656986942566,19
13,real,47,6.0,0.09273469581945697,0.01061980295546372,18
13,real,47,8.0,0.09474987139494918,0.013356989738987246,18
13,real,47,12.0,0.0981156224751647,0.01641771591663732,18
13,r2,47,0.5,0.15856856301664451,0.039118855542741304,19
13,r2,47,1.0,0.14879873799055754,0.06645716848158478,19
13,r2,47,2.0,0.1367278755582145,0.0988003878150363,19
13,r2,47,3.0,0.1304192493215845,0.11488775140849106,19
13,r2,47,4.0,0.1270484270012189,0.12328627067130726,19
13,r2,47,6.0,0.12416903747169813,0.13052595468737027,19
13,r2,47,8.0,0.1257213386378717,0.13786958029740048,18
13,r2,47,12.0,0.12951784331634034,0.1454168963851954,18
13,r5,47,0.5,0.18721492195601314,0.04654978995988801,19
13,r5,47,1.0,0.1755487423772506,0.07993495453008281,19
13,r5,47,2.0,0.16057615743081954,0.12102533350200373,19
13,r5,47,3.0,0.15234604637257274,0.14253414346634719,19
13,r5,47,4.0,0.1477461040982812,0.1542102639044991,19
13,r5,47,6.0,0.14360139555141796,0.16466194654705202,19
13,r5,47,8.0,0.14453579341427025,0.17333195915987165,18
13,r5,47,12.0,0.14844707790980463,0.18286996433626057,18
13,margin,47,0.5,0.10412408701925961,0.0016999639662295118,19
13,margin,47,1.0,0.100711497690342,0.0017510910156022241,19
13,margin,47,2.0,0.09655209202590097,0.0003414808942067138,19
13,margin,47,3.0,0.09437047148116982,-0.001127749826471569,19
13,margin,47,4.0,0.09319774300530954,-0.0021476708376507725,19
13,margin,47,6.0,0.09375130489739718,-0.0011630409853073953,18
13,margin,47,8.0,0.09582505193372053,0.001003084622104855,18
13,margin,47,12.0,0.09924678241250323,0.003483492940961175,18
17,real,11,0.5,0.11156344050506269,0.0037893947512396275,10
17,real,11,1.0,0.10173499130364184,0.00047222735766994095,10
17,real,11,2.0,0.09450999143139471,-0.0041127357899581884,10
17,real,11,3.0,0.09909811167791727,0.0030104595642292953,9
17,real,11,4.0,0.10378293589416841,0.008097274070652305,9
17,real,11,6.0,0.11175720173990152,0.014458732610334368,8
17,real,11,8.0,0.11819432070729227,0.01703101741783608,7
17,real,11,12.0,0.12781578662988718,0.010944220770376822,4
17,r2,11,0.5,0.1507795205979678,0.06880813509534134,10
17,r2,11,1.0,0.1344749851527769,0.09357431470646238,10
17,r2,11,2.0,0.1234017953572355,0.10743941685564096,10
17,r2,11,3.0,0.12549747182575038,0.12173306222002467,9
17,r2,11,4.0,0.13005471405817368,0.1330846648816867,9
17,r2,11,6.0,0.1379122024162946,0.14562906650852636,9
17,r2,11,8.0,0.14419703949402507,0.1524585708272408,9
17,r2,11,12.0,0.1540429288012545,0.14645447532647438,3
17,r5,11,0.5,0.16453908742357673,0.06292364401651596,10
17,r5,11,1.0,0.1471780914376212,0.08730811517270465,10
17,r5,11,2.0,0.13441778579440306,0.1014837154513093,10
17,r5,11,3.0,0.1355266950983255,0.11292514869728365,9
17,r5,11,4.0,0.14060328791968887,0.12321373348013354,9
17,r5,11,6.0,0.14948443134161676,0.13404730277811638,9
17,r5,11,8.0,0.15668629578982957,0.1395492576348072,9
17,r5,11,12.0,0.17031711129740332,0.11911245683657323,4
17,margin,11,0.5,0.11545857423267489,-0.006432384920167844,10
17,margin,11,1.0,0.10639862730284788,-0.014612082474801169,10
17,margin,11,2.0,0.09973547892895836,-0.022293341883894646,10
17,margin,11,3.0,0.10392372913232031,-0.01584012103278365,9
17,margin,11,4.0,0.1089241479790113,-0.010180642600318923,9
17,margin,11,6.0,0.11708974622883955,-0.003398930450659976,8
17,margin,11,8.0,0.12374577917536284,2.1992753035937618e-05,7
17,margin,11,12.0,0.1330225696863365,-0.0009093140841327507,5
17,real,29,0.5,0.11694699295037617,0.00831394338274627,10
17,real,29,1.0,0.10758577879404246,0.007382048614893444,10
17,real,29,2.0,0.10085846464390617,0.0045426892709306,10
17,real,29,3.0,0.10446186343876147,0.011294612049192687,9
17,real,29,4.0,0.10927133059796162,0.017056996458634233,9
17,real,29,6.0,0.11729328496390826,0.02216164241916596,8
17,real,29,8.0,0.12376231657163855,0.021827488424645214,6
17,real,29,12.0,0.13257061763587163,0.013254797569489774,4
17,r2,29,0.5,0.14645572612516258,0.03361716409315363,10
17,r2,29,1.0,0.1321869929925111,0.04298547765310068,10
17,r2,29,2.0,0.12178845929120198,0.0454279735041867,10
17,r2,29,3.0,0.12439702333500938,0.05522340931729075,9
17,r2,29,4.0,0.12936707383852816,0.06396426438674885,9
17,r2,29,6.0,0.13786095823805414,0.07400776905953288,9
17,r2,29,8.0,0.14467778720247787,0.07937127511480868,9
17,r2,29,12.0,0.1556766702355479,0.07393067209841053,5
17,r5,29,0.5,0.16648316224806284,0.04322580363037787,10
17,r5,29,1.0,0.15068546665174568,0.058833084539581915,10
17,r5,29,2.0,0.13880734642003986,0.06746525974148576,10
17,r5,29,3.0,0.13869953270286414,0.07439844652217542,9
17,r5,29,4.0,0.14438997024102662,0.0842763059311018,9
17,r5,29,6.0,0.15416645442448454,0.09534678682624742,9
17,r5,29,8.0,0.16204504843892661,0.10123347670619376,9
17,r5,29,12.0,0.17567763223848468,0.08605922515598485,4
17,margin,29,0.5,0.11617405935462956,-0.00010026250759387345,10
17,margin,29,1.0,0.10703764419337759,-0.004620253677086517,10
17,margin,29,2.0,0.1002702545161295,-0.009813740242389124,10
17,margin,29,3.0,0.10457569626061677,-0.003079841152751839,9
17,margin,29,4.0,0.10943481874501708,0.0024379341590737846,9
17,margin,29,6.0,0.11753068619107167,0.008225536340416784,8
17,margin,29,8.0,0.12396453817112361,0.009472956691837786,7
17,margin,29,12.0,0.13314125086711223,0.003451074422602951,6
17,real,47,0.5,0.11835602157347183,0.009623425905067817,10
17,real,47,1.0,0.10866056370497415,0.009310786127514126,10
17,real,47,2.0,0.10152585347740561,0.006785161912247317,10
17,real,47,3.0,0.10420566126764154,0.011256046640031658,9
17,real,47,4.0,0.10922135797995385,0.015991008157921427,9
17,real,47,6.0,0.11766867430925286,0.020496013946153413,8
17,real,47,8.0,0.12421828274988422,0.02117925546358901,7
17,real,47,12.0,0.13398509230152386,0.011561950895716211,3
17,r2,47,0.5,0.14650193249259397,0.019979283250360913,10
17,r2,47,1.0,0.13437727962467014,0.023989596024478144,10
17,r2,47,2.0,0.12540125107678468,0.02333674038832212,10
17,r2,47,3.0,0.12791320822441907,0.03052619283720981,9
17,r2,47,4.0,0.1330012548298459,0.03809966523606212,9
17,r2,47,6.0,0.14158618351330354,0.04721403300211102,9
17,r2,47,8.0,0.1484220069780306,0.05259798027753415,9
17,r2,47,12.0,0.1591239155443262,0.04588461867850624,5
17,r5,47,0.5,0.1621636647252657,0.05870420816036459,10
17,r5,47,1.0,0.14665654158407052,0.08198999963030196,10
17,r5,47,2.0,0.13527979585307484,0.09578555189454097,10
17,r5,47,3.0,0.13552819550664016,0.10357270909263827,9
17,r5,47,4.0,0.1408835604569019,0.11198453177322165,9
17,r5,47,6.0,0.15011253205118125,0.12030131507488118,9
17,r5,47,8.0,0.15757854432600052,0.12425965543560358,9
17,r5,47,12.0,0.17141366383885112,0.10025551215319262,4
17,margin,47,0.5,0.11499441485764125,-0.0026957520677076685,10
17,margin,47,1.0,0.10604616076431338,-0.009508125304375836,10
17,margin,47,2.0,0.09945677396466605,-0.0164368061827721,10
17,margin,47,3.0,0.103332647768004,-0.010657061983897376,9
17,margin,47,4.0,0.10828758397770973,-0.0050559626994854945,9
17,margin,47,6.0,0.11645894662679754,0.0016228221819530875,8
17,margin,47,8.0,0.12305838270170745,0.004348415090105084,7
17,margin,47,12.0,0.1317415641009654,0.0007552265957728732,6
19,real,11,0.5,0.14014263874237712,0.014801705024602874,19
19,real,11,1.0,0.13381091882223545,0.022128875490509348,19
19,real,11,2.0,0.12733734783901526,0.027595163845480886,19
19,real,11,3.0,0.12468043243849963,0.029115369361859877,19
19,real,11,4.0,0.12376601656875794,0.02995465173675549,18
19,real,11,6.0,0.12717268061705259,0.03555756334319915,18
19,real,11,8.0,0.13017325604174473,0.03854080521835912,18
19,real,11,12.0,0.13490283469832187,0.04142636304772518,18
19,r2,11,0.5,0.1771420136904818,0.06905540140502231,19
19,r2,11,1.0,0.1623765532290641,0.11049551748540132,19
19,r2,11,2.0,0.14738223932497177,0.15062349214828052,19
19,r2,11,3.0,0.14135284464338144,0.1662416648074374,19
19,r2,11,4.0,0.13880442467169582,0.17286785437250773,19
19,r2,11,6.0,0.14055830879501224,0.18347780091621846,18
19,r2,11,8.0,0.143498892277604,0.18912706511261013,18
19,r2,11,12.0,0.14845464785114557,0.19438298487391836,18
19,r5,11,0.5,0.19859908176100718,0.08192598451887856,19
19,r5,11,1.0,0.18146022423833888,0.13240134107558177,19
19,r5,11,2.0,0.16358714773361435,0.18310843462147386,19
19,r5,11,3.0,0.1561375946280832,0.2037735515146416,19
19,r5,11,4.0,0.15288474248276027,0.21290338954006327,19
19,r5,11,6.0,0.1540876388486572,0.2268416879814118,18
19,r5,11,8.0,0.156939913082251,0.2343133960857332,18
19,r5,11,12.0,0.16194729659647603,0.24129297091252688,18
19,margin,11,0.5,0.14115683267500054,-0.001129132168574798,19
19,margin,11,1.0,0.13674760124499136,-0.0035003001208312456,19
19,margin,11,2.0,0.13203154165618156,-0.007866608640055173,19
19,margin,11,3.0,0.12999139318968922,-0.010423971738704574,19
19,margin,11,4.0,0.12975368864052073,-0.01071169080893497,18
19,margin,11,6.0,0.1334450794820361,-0.006326263511592489,18
19,margin,11,8.0,0.1365370398698346,-0.0036873234632356366,18
19,margin,11,12.0,0.14135911929123865,-0.0010598495675653297,18
19,real,29,0.5,0.1396797726155408,0.014210882682565762,19
19,real,29,1.0,0.1334202596261343,0.020980741996415864,19
19,real,29,2.0,0.12703320408773897,0.025705231832929498,19
19,real,29,3.0,0.12441420724966562,0.02683883931733355,19
19,real,29,4.0,0.12382757258710501,0.028015528427229097,18
19,real,29,6.0,0.1271012317051488,0.03369684705578935,18
19,real,29,8.0,0.12998616699374155,0.036763973382277326,18
19,real,29,12.0,0.1345532502924125,0.0398313648992038,18
19,r2,29,0.5,0.1834643817102646,0.04090528442362262,19
19,r2,29,1.0,0.17258146913782563,0.06461399861736661,19
19,r2,29,2.0,0.16108235205767205,0.08656128390249385,19
19,r2,29,3.0,0.15615488691630638,0.09460659387799208,19
19,r2,29,4.0,0.15395525388464815,0.09791027826377274,19
19,r2,29,6.0,0.15628589645991545,0.10727443495092082,18
19,r2,29,8.0,0.15958940985044315,0.11311830896404274,18
19,r2,29,12.0,0.16505708734275554,0.11900355533380425,18
19,r5,29,0.5,0.1930024436873802,0.08018370621341442,19
19,r5,29,1.0,0.17657133398121977,0.12915481215058078,19
19,r5,29,2.0,0.15956961319711566,0.17775657968367087,19
19,r5,29,3.0,0.15255561286927302,0.19715376165927534,19
19,r5,29,4.0,0.14952570280559757,0.20555338241053578,19
19,r5,29,6.0,0.1507209689005285,0.21810113561520306,18
19,r5,29,8.0,0.15368540066525452,0.22522277540308377,18
19,r5,29,12.0,0.15883222270438602,0.23196138993264703,18
19,margin,29,0.5,0.1424767714572128,-0.0012197372554338948,19
19,margin,29,1.0,0.13810647594084638,-0.0037861763647042412,19
19,margin,29,2.0,0.13344463394150494,-0.00845835219006219,19
19,margin,29,3.0,0.1314294178355218,-0.011249159626846472,19
19,margin,29,4.0,0.13109712255551648,-0.011778625321305025,18
19,margin,29,6.0,0.13474562156188802,-0.007108932606973428,18
19,margin,29,8.0,0.13781314532674982,-0.004205889484838465,18
19,margin,29,12.0,0.14262111503062308,-0.0012088749140667376,18
19,real,47,0.5,0.13862988411250948,0.014698798155529658,19
19,real,47,1.0,0.13223732976683628,0.021820426861766884,19
19,real,47,2.0,0.12568753896969423,0.026902534484265272,19
19,real,47,3.0,0.1229858459600391,0.028148536967799953,19
19,real,47,4.0,0.12226824386440052,0.02923914999866395,18
19,real,47,6.0,0.12564263499347958,0.035050685674741344,18
19,real,47,8.0,0.12860042964472748,0.03817418655828808,18
19,real,47,12.0,0.13326122665839726,0.0412422814380643,18
19,r2,47,0.5,0.1828612686799055,0.059123637094726456,19
19,r2,47,1.0,0.16977632892464511,0.09387343603005671,19
19,r2,47,2.0,0.15647044188810696,0.12677521838130157,19
19,r2,47,3.0,0.15108231840566805,0.13930196385894433,19
19,r2,47,4.0,0.148786277622184,0.14461673463611735,19
19,r2,47,6.0,0.15117418276515274,0.1561175591732915,18
19,r2,47,8.0,0.15412558908386453,0.16220212556414837,18
19,r2,47,12.0,0.15905608231764845,0.16832985783178234,18
19,r5,47,0.5,0.19306221864055217,0.09383361382624789,19
19,r5,47,1.0,0.17466808703883574,0.15136305775599657,19
19,r5,47,2.0,0.155890569445746,0.20858204141060843,19
19,r5,47,3.0,0.1483002395193907,0.23141975877132226,19
19,r5,47,4.0,0.1450768740876278,0.24130326507511202,19
19,r5,47,6.0,0.14614132625256,0.255727262340798,18
19,r5,47,8.0,0.148881303909446,0.2634960772796434,18
19,r5,47,12.0,0.1537001713999029,0.27088239422116167,18
19,margin,47,0.5,0.14229525631904047,-0.0016455281399493371,19
19,margin,47,1.0,0.13788893297186114,-0.004515343858810139,19
19,margin,47,2.0,0.1331520720674554,-0.009601402008583726,19
19,margin,47,3.0,0.13108267158666695,-0.012591553183317616,19
19,margin,47,4.0,0.13079036543127062,-0.013088811295638214,18
19,margin,47,6.0,0.1344795015146247,-0.008344222389210731,18
19,margin,47,8.0,0.13758670004800444,-0.005389193399488068,18
19,margin,47,12.0,0.14245696439537664,-0.002312224714486777,18
29,real,11,0.5,0.1417780426048523,0.016461181808711256,22
29,real,11,1.0,0.13572692765751257,0.025823957506693973,22
29,real,11,2.0,0.12902095550338807,0.03433718517983353,22
29,real,11,3.0,0.1259266623640971,0.03736163133282211,22
29,real,11,4.0,0.12444629345736653,0.0385448420426846,22
29,real,11,6.0,0.12558657278878121,0.04288602768745986,21
29,real,11,8.0,0.12797450757280343,0.046519255627845424,21
29,real,11,12.0,0.13194739694915608,0.04996349404354028,20
29,r2,11,0.5,0.17873717251578375,0.05993650119464511,22
29,r2,11,1.0,0.16588772772502597,0.09841933214349574,22
29,r2,11,2.0,0.1517018098061718,0.1390892339956029,22
29,r2,11,3.0,0.1453296536004344,0.15662173426767922,22
29,r2,11,4.0,0.1423501779284733,0.16474332610365772,22
29,r2,11,6.0,0.1415164492760216,0.1737350802363986,21
29,r2,11,8.0,0.1436787652016783,0.18052030683268427,21
29,r2,11,12.0,0.1476598218703805,0.18700241566744635,21
29,r5,11,0.5,0.1910032052664126,0.07657957453480069,22
29,r5,11,1.0,0.17506955138458066,0.1271108061461541,22
29,r5,11,2.0,0.15724311757560983,0.18265354517463572,22
29,r5,11,3.0,0.14910049826399002,0.20794956963044497,22
29,r5,11,4.0,0.1452385549568785,0.22017359279039317,22
29,r5,11,6.0,0.1433882867689955,0.23205955471716,21
29,r5,11,8.0,0.1453003739508923,0.24033232662608928,21
29,r5,11,12.0,0.14915148206382334,0.2477055125618819,21
29,margin,11,0.5,0.14524639470020698,0.0007603153917170591,22
29,margin,11,1.0,0.1412511123858749,-0.00012152976420787276,22
29,margin,11,2.0,0.13655044846678913,-0.0029899430709650066,22
29,margin,11,3.0,0.13420564389189432,-0.005262534537096797,22
29,margin,11,4.0,0.13300929402295156,-0.0066778784233868516,22
29,margin,11,6.0,0.13453654032273965,-0.004699921549833341,21
29,margin,11,8.0,0.137166090549122,-0.0020481621300885156,21
29,margin,11,12.0,0.14145318428291168,0.0007445828582522962,20
29,real,29,0.5,0.1421193148719071,0.015559690629731282,22
29,real,29,1.0,0.13600017150949797,0.024324851912291834,22
29,real,29,2.0,0.12917028395978006,0.03212861504687148,22
29,real,29,3.0,0.1259791911509448,0.03482653156462179,22
29,real,29,4.0,0.1244320626944227,0.035873309737521675,22
29,real,29,6.0,0.12562643214465186,0.040355325608060544,21
29,real,29,8.0,0.1279770970264922,0.043986952631195564,21
29,real,29,12.0,0.13191934501399924,0.04744509251674267,20
29,r2,29,0.5,0.18489778795950085,0.034399510512827636,22
29,r2,29,1.0,0.17578558684635792,0.05636547707311057,22
29,r2,29,2.0,0.16523865468818424,0.07954899156228368,22
29,r2,29,3.0,0.1601323896284504,0.08957898739508052,22
29,r2,29,4.0,0.1575720505007051,0.0942340504852347,22
29,r2,29,6.0,0.15671929252916422,0.09967629628124497,21
29,r2,29,8.0,0.15931503889194984,0.10520825567555525,21
29,r2,29,12.0,0.16390458035362904,0.11052547010890257,21
29,r5,29,0.5,0.19141156012272087,0.06942693243126918,22
29,r5,29,1.0,0.17635165683068968,0.11538736170211061,22
29,r5,29,2.0,0.15925038880428666,0.16618741127767478,22
29,r5,29,3.0,0.1512822311862592,0.18942171502147798,22
29,r5,29,4.0,0.14744287924872074,0.20073872133697124,22
29,r5,29,6.0,0.14573122576253109,0.21249360644940896,21
29,r5,29,8.0,0.14766084137951144,0.22083104705317536,21
29,r5,29,12.0,0.15154413443744638,0.2283932462927074,21
29,margin,29,0.5,0.14503944207069305,0.0006858573586517869,22
29,margin,29,1.0,0.14112472726928108,-0.00025622100830802186,22
29,margin,29,2.0,0.13651077275314524,-0.0030190727438844656,22
29,margin,29,3.0,0.134207670266506,-0.005205688114949258,22
29,margin,29,4.0,0.13303349070586484,-0.006563289571707487,22
29,margin,29,6.0,0.1346993890271056,-0.004578969547207157,21
29,margin,29,8.0,0.13730066716773706,-0.002165906500917636,21
29,margin,29,12.0,0.14152692532814964,0.0003230922372777778,20
29,real,47,0.5,0.14238746819289297,0.017182890694419473,22
29,real,47,1.0,0.13632417970995309,0.027227253763743353,22
29,real,47,2.0,0.1295367658155987,0.0367179836893311,22
29,real,47,3.0,0.12635889020238442,0.04025403616848611,22
29,real,47,4.0,0.12481827368292042,0.04167384643094196,22
29,real,47,6.0,0.12569262102781156,0.045233819054909086,21
29,real,47,8.0,0.12813048565294344,0.04827231936636056,21
29,real,47,12.0,0.13224011096308352,0.050844426611852844,20
29,r2,47,0.5,0.18565286734374695,0.06675707393331698,22
29,r2,47,1.0,0.17213668071434735,0.10964232665989604,22
29,r2,47,2.0,0.1572065280309175,0.1548035835193441,22
29,r2,47,3.0,0.15049714700514663,0.17403727058456342,22
29,r2,47,4.0,0.14735279352954223,0.18282498116406187,22
29,r2,47,6.0,0.14613041057606316,0.1915917468880185,21
29,r2,47,8.0,0.14826537111830865,0.19837682351572206,21
29,r2,47,12.0,0.15227535844466947,0.2046179878552835,21
29,r5,47,0.5,0.19699223516992306,0.07655294265270485,22
29,r5,47,1.0,0.18153594572356824,0.12774593500625975,22
29,r5,47,2.0,0.16388226015903715,0.18500591535556454,22
29,r5,47,3.0,0.15558882508730973,0.21157433944463488,22
29,r5,47,4.0,0.15156174595243066,0.22460740469950502,22
29,r5,47,6.0,0.14943600097647905,0.2372645156847376,21
29,r5,47,8.0,0.1513552065201405,0.24644297228400736,21
29,r5,47,12.0,0.15529458323681794,0.2546544909737083,21
29,margin,47,0.5,0.14402770460340736,0.0003899624218339781,22
29,margin,47,1.0,0.1400633516652877,-0.000821378630535885,22
29,margin,47,2.0,0.13540713355696035,-0.004181545956306931,22
29,margin,47,3.0,0.133082786738108,-0.006801555682557914,22
29,margin,47,4.0,0.13189358608491122,-0.008433176381586471,22
29,margin,47,6.0,0.13365441462152042,-0.006174635416424712,21
29,margin,47,8.0,0.13622492258792546,-0.0035169830948277303,21
29,margin,47,12.0,0.1404665654741143,-0.0005749853955688833,20
39,real,11,0.5,0.1406099972466517,0.023160529615426806,12
39,real,11,1.0,0.13051225193481947,0.030837424091764154,12
39,real,11,2.0,0.12253110303288446,0.03439736577825081,12
39,real,11,3.0,0.12396020950775999,0.04107298308626062,11
39,real,11,4.0,0.12760254458120274,0.04713018786814904,11
39,real,11,6.0,0.13387873452292515,0.05386789525085467,11
39,real,11,8.0,0.13892177101931075,0.057443635297921514,11
39,real,11,12.0,0.14770295128581348,0.053686663632600995,8
39,r2,11,0.5,0.16658186370002545,0.04497467829769586,12
39,r2,11,1.0,0.15264579622573976,0.06267414431351903,12
39,r2,11,2.0,0.1411805880053557,0.07243859715825329,12
39,r2,11,3.0,0.13972583693169904,0.07802377913598613,11
39,r2,11,4.0,0.14370987703604074,0.08697137139966671,11
39,r2,11,6.0,0.15093149824467222,0.09668096065727749,11
39,r2,11,8.0,0.15690100153190273,0.10163878934103832,11
39,r2,11,12.0,0.16604362726715574,0.10439495087397599,8
39,r5,11,0.5,0.18562860524231042,0.07145590836537585,12
39,r5,11,1.0,0.1684076666109666,0.10323309778274325,12
39,r5,11,2.0,0.15457450346444931,0.12440478843813185,12
39,r5,11,3.0,0.1523991629221884,0.13370779790431242,11
39,r5,11,4.0,0.1560248629709619,0.14444051362506594,11
39,r5,11,6.0,0.16286688884052702,0.15555443876036712,11
39,r5,11,8.0,0.16857051223494368,0.16129640708078075,11
39,r5,11,12.0,0.17815426474101057,0.16074146815440404,7
39,margin,11,0.5,0.14598411119939594,-0.004733513984827686,12
39,margin,11,1.0,0.13816774129391837,-0.011348866904762334,12
39,margin,11,2.0,0.1317071962590905,-0.019688219105648108,12
39,margin,11,3.0,0.13347901063324402,-0.01764411787373077,11
39,margin,11,4.0,0.13754442355555302,-0.013180278199804385,11
39,margin,11,6.0,0.14431952470760048,-0.007643513824585169,11
39,margin,11,8.0,0.1497097515865569,-0.004670633252257472,11
39,margin,11,12.0,0.1575705352875364,-0.0013612440057769737,9
39,real,29,0.5,0.1359454865506705,0.025262234070979828,12
39,real,29,1.0,0.12557386670962672,0.034006845816795805,12
39,real,29,2.0,0.11739977163601344,0.03816589278105054,12
39,real,29,3.0,0.11780764448087887,0.04274979243222887,11
39,real,29,4.0,0.12174446602162435,0.048283825067460096,11
39,real,29,6.0,0.12849862442158072,0.053895293526020294,11
39,real,29,8.0,0.13392437577484428,0.056403391855565754,10
39,real,29,12.0,0.14235428306847855,0.05023865846727371,8
39,r2,29,0.5,0.17930428574504118,0.06376081168077685,12
39,r2,29,1.0,0.16329151236817524,0.09154197929110175,12
39,r2,29,2.0,0.15053560872240457,0.10990643477268569,12
39,r2,29,3.0,0.14844848064790286,0.117817619704223,11
39,r2,29,4.0,0.15242006359699947,0.1284496835617469,11
39,r2,29,6.0,0.159662184597521,0.13950872019446026,11
39,r2,29,8.0,0.165635766153817,0.14518666293331084,11
39,r2,29,12.0,0.17502661916146117,0.14795474737437564,9
39,r5,29,0.5,0.17284975176449946,0.06486446939949775,12
39,r5,29,1.0,0.15576744939350912,0.09430262923609722,12
39,r5,29,2.0,0.14174951058405436,0.11479954142775306,12
39,r5,29,3.0,0.1392014366637085,0.1238661472086251,11
39,r5,29,4.0,0.1429988255523574,0.1351691546268463,11
39,r5,29,6.0,0.15015763003762903,0.14690878914701044,11
39,r5,29,8.0,0.1561288807380719,0.15307661656434446,11
39,r5,29,12.0,0.16617868924774423,0.15218154756565705,7
39,margin,29,0.5,0.1423541087399433,-0.004791650982327256,12
39,margin,29,1.0,0.13418781802122673,-0.011739504050019334,12
39,margin,29,2.0,0.1274649251381614,-0.020326751422643508,12
39,margin,29,3.0,0.12899754568133304,-0.018226829933359667,11
39,margin,29,4.0,0.13322165711384198,-0.013073944975471208,11
39,margin,29,6.0,0.14023769286581778,-0.006689971379735371,11
39,margin,29,8.0,0.14580958369814162,-0.0031856605171296515,11
39,margin,29,12.0,0.15399067342610714,0.00047199784959461866,9
39,real,47,0.5,0.13678912037273888,0.021392660704558364,12
39,real,47,1.0,0.12623473722056178,0.028028110207735546,12
39,real,47,2.0,0.11793667081886516,0.030556464537096262,12
39,real,47,3.0,0.11866504472562776,0.03527932087159413,11
39,real,47,4.0,0.1225562506953164,0.04082563511881754,11
39,real,47,6.0,0.12921502030486942,0.046670881445023404,11
39,real,47,8.0,0.13454237829166774,0.04951466387250236,11
39,real,47,12.0,0.1432709727954321,0.04590377405230561,8
39,r2,47,0.5,0.17722871227658749,0.07543586782275158,12
39,r2,47,1.0,0.15908495573237327,0.1094553474602209,12
39,r2,47,2.0,0.14452995736574045,0.1327617444986855,12
39,r2,47,3.0,0.14098198160530406,0.1403026030120007,11
39,r2,47,4.0,0.1448415458366527,0.1514234774855271,11
39,r2,47,6.0,0.1521785200178708,0.1626418742638791,11
39,r2,47,8.0,0.1583030363474025,0.16826526460691982,11
39,r2,47,12.0,0.16817141858919016,0.16924381382206055,8
39,r5,47,0.5,0.1687939825746376,0.06388103002386658,12
39,r5,47,1.0,0.15350773769891501,0.09200829986227355,12
39,r5,47,2.0,0.14166878865376561,0.11034683398722878,12
39,r5,47,3.0,0.14099973429118592,0.12092363003473794,11
39,r5,47,4.0,0.1446192839134859,0.13148351821033533,11
39,r5,47,6.0,0.1511769762210629,0.142533917917403,11
39,r5,47,8.0,0.15656757246466643,0.14835948066042914,11
39,r5,47,12.0,0.16520371085225688,0.14740572844004718,7
39,margin,47,0.5,0.1430558740430894,-0.0010635559486771307,12
39,margin,47,1.0,0.1346188255430697,-0.0053892961795584116,12
39,margin,47,2.0,0.1275241402732708,-0.011524804297141977,12
39,margin,47,3.0,0.12803210206647167,-0.010957680389439006,11
39,margin,47,4.0,0.13236541244624084,-0.0071403590102769865,11
39,margin,47,6.0,0.13967443481725172,-0.0027547425062223185,11
39,margin,47,8.0,0.145532158532622,-0.0007214302506824977,11
39,margin,47,12.0,0.15421826931124435,-0.0008248588315650229,9
42,real,11,0.5,0.12177426530899063,0.047522089521043864,18
42,real,11,1.0,0.11257140160906427,0.06581281916427462,18
42,real,11,2.0,0.10606849812350448,0.07676874362744379,18
42,real,11,3.0,0.10662995398624399,0.0837259801763317,17
42,real,11,4.0,0.10882241295203965,0.08875198829190245,17
42,real,11,6.0,0.11272153031333351,0.09331698706232106,16
42,real,11,8.0,0.11602602947657625,0.0943367095829829,15
42,real,11,12.0,0.12307770388786708,0.08248852212690427,7
42,r2,11,0.5,0.16561482376196868,0.11727292649089804,18
42,r2,11,1.0,0.14777137845000113,0.1705390855080211,18
42,r2,11,2.0,0.13476272213946444,0.20715187180842254,18
42,r2,11,3.0,0.13211331802297588,0.21871899688918517,17
42,r2,11,4.0,0.13417562833290622,0.22876554168118624,17
42,r2,11,6.0,0.13845022095190465,0.23820967628791,17
42,r2,11,8.0,0.14203912382808073,0.24285908665493505,17
42,r2,11,12.0,0.14782943331540346,0.2401917200625514,9
42,r5,11,0.5,0.1781462368555986,0.10797322242593743,18
42,r5,11,1.0,0.16132108993690164,0.15919010484773344,18
42,r5,11,2.0,0.14852526302030308,0.1968653414165854,18
42,r5,11,3.0,0.1449812445111181,0.20749252660506523,18
42,r5,11,4.0,0.1468677570860418,0.21703470382298062,17
42,r5,11,6.0,0.15173440195126642,0.22701605850856388,17
42,r5,11,8.0,0.15583879012192886,0.23183219529155719,17
42,r5,11,12.0,0.16362515938628633,0.22584421140346223,8
42,margin,11,0.5,0.13587031797341148,-0.0007790900929399713,18
42,margin,11,1.0,0.13056610310863753,-0.0045277445734556165,18
42,margin,11,2.0,0.12625283925353412,-0.009575232236973541,18
42,margin,11,3.0,0.12686840955323508,-0.008862401474442616,17
42,margin,11,4.0,0.12972853940536877,-0.005793194056234796,17
42,margin,11,6.0,0.13442798186162183,-0.0022361102964911783,16
42,margin,11,8.0,0.1382680258854981,-0.0009188236163152341,15
42,margin,11,12.0,0.1440898421076494,-2.698414966728624e-05,11
42,real,29,0.5,0.12593057419878453,0.04847121973792645,18
42,real,29,1.0,0.11734397181920153,0.0678012765712448,18
42,real,29,2.0,0.11144942145996319,0.0799112031354634,18
42,real,29,3.0,0.11140219125233215,0.08557029981985143,17
42,real,29,4.0,0.11383711994094046,0.09112809657618381,17
42,real,29,6.0,0.11802083076500672,0.09647127405619482,16
42,real,29,8.0,0.12157196291773628,0.09776482912665951,15
42,real,29,12.0,0.12807890784488432,0.08438638348924143,8
42,r2,29,0.5,0.1753487650640938,0.0732891370671993,18
42,r2,29,1.0,0.16187024540495956,0.10570597397132842,18
42,r2,29,2.0,0.15149303473904885,0.12785391526320167,18
42,r2,29,3.0,0.14897572881664536,0.13474414298323145,17
42,r2,29,4.0,0.15154681709527743,0.1443464001777064,17
42,r2,29,6.0,0.15642576400447705,0.15418252551536782,17
42,r2,29,8.0,0.16042306422872488,0.15934794526380447,17
42,r2,29,12.0,0.1668585754019904,0.15828160093359644,11
42,r5,29,0.5,0.17062179041936001,0.08030170259016312,18
42,r5,29,1.0,0.15582367723754162,0.11723149562279278,18
42,r5,29,2.0,0.14446135442273791,0.14335919571290434,18
42,r5,29,3.0,0.14246657534063684,0.15387518653323817,17
42,r5,29,4.0,0.14469910961443733,0.16405674499315437,17
42,r5,29,6.0,0.14914027898820006,0.17425300827351609,17
42,r5,29,8.0,0.15285172233480884,0.17954241201672294,17
42,r5,29,12.0,0.15956986785242558,0.17635984413196526,10
42,margin,29,0.5,0.13348368210530856,0.00030752324132354847,18
42,margin,29,1.0,0.12806503752483014,-0.0027080822947401773,18
42,margin,29,2.0,0.12359969347740053,-0.007145205631942098,18
42,margin,29,3.0,0.12367205389567568,-0.007105147415495283,17
42,margin,29,4.0,0.1266893269251936,-0.00418762757658242,17
42,margin,29,6.0,0.13166050556910217,-0.0009553272378953759,16
42,margin,29,8.0,0.13575158321653916,-0.00027290511783739646,15
42,margin,29,12.0,0.14171510358145736,-0.0009571321862907878,11
42,real,47,0.5,0.12520412436576367,0.042686016574070895,18
42,real,47,1.0,0.11585400732159733,0.05947339933770157,18
42,real,47,2.0,0.10919324389533358,0.06995767456213209,18
42,real,47,3.0,0.1087608795306274,0.0745876894124019,17
42,real,47,4.0,0.11114707065682908,0.07914296975885815,17
42,real,47,6.0,0.11533507288479306,0.08350442681130743,16
42,real,47,8.0,0.11892459601087811,0.08491269131002344,14
42,real,47,12.0,0.12617527693363312,0.07523951696522158,7
42,r2,47,0.5,0.1618211632471362,0.0831963061058083,18
42,r2,47,1.0,0.1478607903107216,0.11847682366306167,18
42,r2,47,2.0,0.13769478595136952,0.14112335850302293,18
42,r2,47,3.0,0.1360696858515228,0.14936630096556114,17
42,r2,47,4.0,0.13837097387684552,0.15782032877340368,17
42,r2,47,6.0,0.14274126431345413,0.16637852776807738,17
42,r2,47,8.0,0.14630534651987767,0.17079495338647066,17
42,r2,47,12.0,0.1526281814435676,0.1696757691160775,10
42,r5,47,0.5,0.1824550241058166,0.09531180356367985,18
42,r5,47,1.0,0.165421415706379,0.13954038401744118,18
42,r5,47,2.0,0.15219578889977622,0.1716231404577515,18
42,r5,47,3.0,0.14845840759678192,0.18076607583412618,17
42,r5,47,4.0,0.15058737439592634,0.19176379770194585,17
42,r5,47,6.0,0.15528772479978048,0.20273627511049053,17
42,r5,47,8.0,0.15930366519706474,0.20818893688085593,17
42,r5,47,12.0,0.16696297316816527,0.20393456949946787,10
42,margin,47,0.5,0.13523286691496225,-0.0005183698954471794,18
42,margin,47,1.0,0.12998197886804366,-0.0039517135152691285,18
42,margin,47,2.0,0.1257254235273474,-0.008692727316130466,18
42,margin,47,3.0,0.12671301297429005,-0.007441079869969447,17
42,margin,47,4.0,0.1295240083884639,-0.004549815962912485,17
42,margin,47,6.0,0.13417097982929682,-0.0014585308855511459,16
42,margin,47,8.0,0.13797008866002825,-0.0009611106188059937,15
42,margin,47,12.0,0.143422692122633,-0.0011125290463445126,12
48,real,11,0.5,0.13026000315113886,0.03218184817056535,10
48,real,11,1.0,0.11774778490873457,0.04730154536512776,10
48,real,11,2.0,0.10639492445542081,0.05812798197477709,10
48,real,11,3.0,0.10249088980540356,0.06119910882764468,10
48,real,11,4.0,0.10517652961967436,0.06907051337738856,9
48,real,11,6.0,0.11119137456837672,0.07859383960982791,9
48,real,11,8.0,0.11630751594888855,0.08370454628377233,9
48,real,11,12.0,0.12440238254517434,0.08796237927333372,8
48,r2,11,0.5,0.17275333601455153,0.03300319056017098,10
48,r2,11,1.0,0.15685121247629236,0.04935358208893725,10
48,r2,11,2.0,0.14093036087846342,0.061372024819116744,10
48,r2,11,3.0,0.13463803488909365,0.06455411031741176,10
48,r2,11,4.0,0.13431001691180025,0.06927485998291005,9
48,r2,11,6.0,0.14173188313393265,0.08222448758810241,9
48,r2,11,8.0,0.14831952382797772,0.08936798373702803,9
48,r2,11,12.0,0.15892541997630513,0.09678932992334688,9
48,r5,11,0.5,0.18305678536903103,0.053187437125785886,10
48,r5,11,1.0,0.16471900120395191,0.08143452120647865,10
48,r5,11,2.0,0.14667333757711604,0.10409838322794629,10
48,r5,11,3.0,0.13973560753208994,0.11079374782891649,10
48,r5,11,4.0,0.13928821827421956,0.11793095424356803,9
48,r5,11,6.0,0.14620654784520057,0.1342641558088643,9
48,r5,11,8.0,0.15249021267943377,0.14303671611135993,9
48,r5,11,12.0,0.16272355430738697,0.15223631591557896,9
48,margin,11,0.5,0.1337503598921266,-0.00030198799821268274,10
48,margin,11,1.0,0.12470239284492775,-0.00337760439104684,10
48,margin,11,2.0,0.11570289573959544,-0.008795737821184146,10
48,margin,11,3.0,0.11217690827467564,-0.01152669523316352,10
48,margin,11,4.0,0.11500458636158335,-0.008222257057308724,9
48,margin,11,6.0,0.12210181808696316,-0.0024769509902741182,9
48,margin,11,8.0,0.1280209706768658,0.0009674321227755023,9
48,margin,11,12.0,0.13729261610669669,0.003773131697212939,8
48,real,29,0.5,0.12880611634020195,0.030903460816531947,10
48,real,29,1.0,0.11643686529005112,0.04580097020374507,10
48,real,29,2.0,0.10523413702328935,0.05716300211977521,10
48,real,29,3.0,0.10136947662127883,0.060649902036679526,10
48,real,29,4.0,0.103870852675671,0.06886779393098297,9
48,real,29,6.0,0.10985970084995353,0.07947547795517529,9
48,real,29,8.0,0.1149554630891352,0.08548395649523222,9
48,real,29,12.0,0.12300165438725243,0.09118304519467235,8
48,r2,29,0.5,0.1532682670436643,0.028366107717499256,10
48,r2,29,1.0,0.13939837269440533,0.04113898653950199,10
48,r2,29,2.0,0.12633756613632077,0.04913957333138286,10
48,r2,29,3.0,0.12159277947212535,0.05084265862752246,10
48,r2,29,4.0,0.12240236212733735,0.05603386205072847,9
48,r2,29,6.0,0.12939374437301995,0.06846818053807469,9
48,r2,29,8.0,0.13540875426679325,0.07576875417037088,9
48,r2,29,12.0,0.14492709314639302,0.08389843518898232,9
48,r5,29,0.5,0.1799292584769557,0.047533752227507,10
48,r5,29,1.0,0.16249033509505423,0.07207369186110413,10
48,r5,29,2.0,0.1456691209160698,0.09142652300355658,10
48,r5,29,3.0,0.1393845676258353,0.09725199495169856,10
48,r5,29,4.0,0.1395041202256608,0.10478693854275167,9
48,r5,29,6.0,0.14645602082518092,0.12098565060484723,9
48,r5,29,8.0,0.15261517191070992,0.12999956328733686,9
48,r5,29,12.0,0.16249441852589516,0.13978235110548298,9
48,margin,29,0.5,0.13495270607386206,-0.0022958066622176254,10
48,margin,29,1.0,0.1258427233100481,-0.006761242868968731,10
48,margin,29,2.0,0.1167384497020526,-0.013625470994706346,10
48,margin,29,3.0,0.11315869794068216,-0.01692093136003081,10
48,margin,29,4.0,0.11623480665722609,-0.012820832818219441,9
48,margin,29,6.0,0.12327343380376225,-0.006077951187317576,9
48,margin,29,8.0,0.12912837427834706,-0.0018472681044916506,9
48,margin,29,12.0,0.13828457292566476,0.0022151182100832445,8
48,real,47,0.5,0.12870247634625692,0.03340351662648122,10
48,real,47,1.0,0.11615197424534131,0.04949317400906228,10
48,real,47,2.0,0.10473204330562838,0.06127002361599265,10
48,real,47,3.0,0.10075509586189334,0.0646492476993995,10
48,real,47,4.0,0.10316221781666865,0.0722225138824446,9
48,real,47,6.0,0.10936980693929284,0.08209455936287036,9
48,real,47,8.0,0.11464191621386904,0.08747145842466142,9
48,real,47,12.0,0.12303880638583993,0.09229038528975864,8
48,r2,47,0.5,0.17068616711633394,0.028912036422704013,10
48,r2,47,1.0,0.15642844408671486,0.04315932974980685,10
48,r2,47,2.0,0.1421977040174222,0.05366175116213767,10
48,r2,47,3.0,0.13659951536398657,0.056337880670783935,10
48,r2,47,4.0,0.1364306151776579,0.0605316720211998,9
48,r2,47,6.0,0.14414790926704252,0.0732633403435452,9
48,r2,47,8.0,0.1508623822110396,0.08033536786209283,9
48,r2,47,12.0,0.16160092547101532,0.08793175794714891,9
48,r5,47,0.5,0.17599975073968707,0.047827056060289586,10
48,r5,47,1.0,0.15900552737321197,0.07243656598386838,10
48,r5,47,2.0,0.14232442248458765,0.0917809517032353,10
48,r5,47,3.0,0.1359101165619057,0.0974185894851175,10
48,r5,47,4.0,0.13571218031686794,0.103796162888251,9
48,r5,47,6.0,0.14274450062458913,0.11835258822274108,9
48,r5,47,8.0,0.14905952943899875,0.12616288313725366,9
48,r5,47,12.0,0.15924532984138834,0.134206625761087,9
48,margin,47,0.5,0.13526753191412652,-0.003025700926605479,10
48,margin,47,1.0,0.12622314235900697,-0.007500390497573006,10
48,margin,47,2.0,0.11723983216429693,-0.014050033058668254,10
48,margin,47,3.0,0.11372767893409907,-0.017159293929322028,10
48,margin,47,4.0,0.1167264121543362,-0.013676755102043803,9
48,margin,47,6.0,0.12384904583119144,-0.0075405670197922214,9
48,margin,47,8.0,0.12974390004535513,-0.0036057369289138608,9
48,margin,47,12.0,0.13893480042911274,0.0002887972099614444,8
53,real,11,0.5,0.13547703858564392,0.01787774574604406,22
53,real,11,1.0,0.1290085877889572,0.026183915614080733,22
53,real,11,2.0,0.12312577243518329,0.03206095134519227,22
53,real,11,3.0,0.12104432292936756,0.033560098572875896,22
53,real,11,4.0,0.12160582491914287,0.03573635550020948,21
53,real,11,6.0,0.12484302354190793,0.039695089291160834,21
53,real,11,8.0,0.1275563969882967,0.04169172745724292,21
53,real,11,12.0,0.13178265488359414,0.043168049939290354,20
53,r2,11,0.5,0.17605650626583982,0.0654172760343984,22
53,r2,11,1.0,0.16285244339690547,0.10106257507052863,22
53,r2,11,2.0,0.15060340458029206,0.13153596040135807,22
53,r2,11,3.0,0.14618119797086734,0.1416519053312757,22
53,r2,11,4.0,0.14472998688771546,0.14583567806961517,21
53,r2,11,6.0,0.14781586744401917,0.1536716945833142,21
53,r2,11,8.0,0.1507803477561293,0.1570757285088339,21
53,r2,11,12.0,0.1555306576743102,0.15995259541662266,21
53,r5,11,0.5,0.19142241186430028,0.0978697952581652,22
53,r5,11,1.0,0.17412311968166833,0.15339899156135672,22
53,r5,11,2.0,0.15799412895723786,0.20374503424501822,22
53,r5,11,3.0,0.15216189850534917,0.22192583015585676,22
53,r5,11,4.0,0.15010796155491873,0.2296806189193661,21
53,r5,11,6.0,0.15267727861221916,0.2422256237961038,21
53,r5,11,8.0,0.1554394391564435,0.24777637644458528,21
53,r5,11,12.0,0.1599864617636506,0.25304768404278266,21
53,margin,11,0.5,0.14097455870863215,-0.0007148107575047913,22
53,margin,11,1.0,0.13694901102183368,-0.0027993389414632253,22
53,margin,11,2.0,0.13302854722874075,-0.006393754958746833,22
53,margin,11,3.0,0.13153186058572552,-0.008322475347052216,22
53,margin,11,4.0,0.13253331930763196,-0.007188026821443927,21
53,margin,11,6.0,0.13600888701094302,-0.0039047945355290548,21
53,margin,11,8.0,0.13884061660259256,-0.002004815550010197,21
53,margin,11,12.0,0.1432682734977124,-0.00043419101530484117,20
53,real,29,0.5,0.1342701757397359,0.016370997934929132,22
53,real,29,1.0,0.12775718261822053,0.023472194139115166,22
53,real,29,2.0,0.12192146458876173,0.027751804646129585,22
53,real,29,3.0,0.1198950341208433,0.02859183111497654,22
53,real,29,4.0,0.12056114593195472,0.030403727798323454,21
53,real,29,6.0,0.1237073638029859,0.03357780969370139,21
53,real,29,8.0,0.12634646855150572,0.03509832453476369,21
53,real,29,12.0,0.13044472051719497,0.03586062805180479,19
53,r2,29,0.5,0.17527864264704282,0.09106665007580728,22
53,r2,29,1.0,0.15921039011919863,0.140480260684807,22
53,r2,29,2.0,0.1449457189950325,0.18258309293193298,22
53,r2,29,3.0,0.1401130780087104,0.19679605769387654,22
53,r2,29,4.0,0.1386720263581139,0.20304533708246786,21
53,r2,29,6.0,0.14132221319357607,0.21407244320634577,21
53,r2,29,8.0,0.14397325205558062,0.21934744781602922,21
53,r2,29,12.0,0.14826039916915215,0.22483802584195278,21
53,r5,29,0.5,0.18723729729039376,0.07996952612961838,22
53,r5,29,1.0,0.1708547442565746,0.12492788667046895,22
53,r5,29,2.0,0.15535028746249935,0.16512057086692367,22
53,r5,29,3.0,0.14964169895342605,0.17936865055933515,22
53,r5,29,4.0,0.14791904527029748,0.18634416564379186,21
53,r5,29,6.0,0.15038564897037943,0.19819489873452312,21
53,r5,29,8.0,0.15305664347543643,0.20370726987065935,21
53,r5,29,12.0,0.1574681937559965,0.20922157161317811,21
53,margin,29,0.5,0.14046395920507937,-0.0007247084440451523,22
53,margin,29,1.0,0.13641835252666262,-0.0028575282365164156,22
53,margin,29,2.0,0.132489853747983,-0.006475099874896584,22
53,margin,29,3.0,0.13099166705463988,-0.008360542820817773,22
53,margin,29,4.0,0.1322300269033485,-0.006915185929217915,21
53,margin,29,6.0,0.1355945976663981,-0.0037395029618408904,21
53,margin,29,8.0,0.13834470708023003,-0.0018961894967639559,21
53,margin,29,12.0,0.14265636041493623,-0.00014646518994609892,20
53,real,47,0.5,0.13516883741157307,0.016058914823269044,22
53,real,47,1.0,0.12867121866538947,0.023094845696969846,22
53,real,47,2.0,0.12291280550042466,0.027837967403404162,22
53,real,47,3.0,0.12094102652033953,0.02903161688021405,22
53,real,47,4.0,0.12211922531950503,0.03217900787009975,21
53,real,47,6.0,0.12512680671104065,0.03620921989798642,21
53,real,47,8.0,0.1276394443986825,0.03830546718264771,21
53,real,47,12.0,0.13157320286901011,0.04012411371238456,19
53,r2,47,0.5,0.18081360257514384,0.037116078027374155,22
53,r2,47,1.0,0.1709492936903977,0.05703724733627058,22
53,r2,47,2.0,0.16142920816486248,0.07402233060942331,22
53,r2,47,3.0,0.15779073549918224,0.07973368523248303,22
53,r2,47,4.0,0.15692194246394764,0.08295377949516303,21
53,r2,47,6.0,0.16038513427290194,0.09057259348071744,21
53,r2,47,8.0,0.1635139737165863,0.09428917345597176,21
53,r2,47,12.0,0.16845582006740267,0.09783775275859086,21
53,r5,47,0.5,0.19442122449769444,0.09270887424207652,22
53,r5,47,1.0,0.1772114106853401,0.1453139286454581,22
53,r5,47,2.0,0.1610877322358469,0.19303467997633483,22
53,r5,47,3.0,0.1552552453684342,0.2103096289356866,22
53,r5,47,4.0,0.15311168043163645,0.21742085337186223,21
53,r5,47,6.0,0.1557547572129154,0.23005760491279847,21
53,r5,47,8.0,0.15857226070861283,0.23576454065211006,21
53,r5,47,12.0,0.1631767515097995,0.24127434731793584,21
53,margin,47,0.5,0.14210032798369418,0.0002490438223995417,22
53,margin,47,1.0,0.13806583017363738,-0.001180146363747414,22
53,margin,47,2.0,0.13414516991922332,-0.004046241454795485,22
53,margin,47,3.0,0.1326486822921852,-0.005648335388452108,22
53,margin,47,4.0,0.13355251697572754,-0.0047286500092320605,21
53,margin,47,6.0,0.1371108506443211,-0.0018596338597089979,21
53,margin,47,8.0,0.13999045634676832,-0.0003509853727510226,21
53,margin,47,12.0,0.14441803370644782,0.0006177220554002272,20
55,real,11,0.5,0.1197524869308637,0.008601066875538965,17
55,real,11,1.0,0.11420278408506625,0.012326669911179589,17
55,real,11,2.0,0.10813156175713891,0.014355968990958923,17
55,real,11,3.0,0.10538326255549309,0.014457963535811857,17
55,real,11,4.0,0.10410321608813768,0.014298202415196748,17
55,real,11,6.0,0.1070245574409616,0.018566607068994823,16
55,real,11,8.0,0.10994206503188879,0.021164888027594086,16
55,real,11,12.0,0.11475977498838986,0.02324346706229108,15
55,r2,11,0.5,0.16596050427912445,0.05066370849196611,17
55,r2,11,1.0,0.15377951142393434,0.0828771280645415,17
55,r2,11,2.0,0.14018141996298902,0.11688938763404799,17
55,r2,11,3.0,0.13396366135348237,0.13153149253456342,17
55,r2,11,4.0,0.13101836465715297,0.13832913408217606,17
55,r2,11,6.0,0.13172170585774948,0.14862103135603555,16
55,r2,11,8.0,0.13460965803243474,0.15501277583002115,16
55,r2,11,12.0,0.13967987163964066,0.16085029026340036,16
55,r5,11,0.5,0.19003759433815676,0.055666588754484825,17
55,r5,11,1.0,0.17626164295361052,0.09162225090375109,17
55,r5,11,2.0,0.1605769487391769,0.13005819684564834,17
55,r5,11,3.0,0.1532253909414359,0.14686904851435445,17
55,r5,11,4.0,0.14967547092094108,0.15471018050797591,17
55,r5,11,6.0,0.1492064637749814,0.1645795765801138,16
55,r5,11,8.0,0.15231567854837422,0.1720242942515584,16
55,r5,11,12.0,0.1579017759383036,0.1788695292542738,16
55,margin,11,0.5,0.12293190860076542,0.0009527353058197408,17
55,margin,11,1.0,0.11830587068625213,-0.00019813643664889913,17
55,margin,11,2.0,0.11316156677531165,-0.0033416103437236,17
55,margin,11,3.0,0.11078370066719823,-0.0055449251843990854,17
55,margin,11,4.0,0.10965937583997334,-0.00677356628153547,17
55,margin,11,6.0,0.11256826991771994,-0.003527697443072131,16
55,margin,11,8.0,0.11561518853802527,-0.0009848940919154892,16
55,margin,11,12.0,0.12052603705383158,0.001242874660046689,15
55,real,29,0.5,0.1185868592508039,0.008656301124651877,17
55,real,29,1.0,0.11317935355185625,0.012334581522746246,17
55,real,29,2.0,0.10727782276744832,0.014088002111245279,17
55,real,29,3.0,0.10461473565787714,0.013923132684127038,17
55,real,29,4.0,0.10364297848229172,0.014018095828801425,16
55,real,29,6.0,0.10674345946499122,0.018630867285191255,16
55,real,29,8.0,0.10953578092749786,0.02123370733558716,16
55,real,29,12.0,0.11415500628704246,0.023434038568625915,15
55,r2,29,0.5,0.16443311137301433,0.050634494630734994,17
55,r2,29,1.0,0.15237461026760912,0.08222411997683521,17
55,r2,29,2.0,0.13910394912026208,0.11457977633374394,17
55,r2,29,3.0,0.13314595756015318,0.128081193271411,17
55,r2,29,4.0,0.1303683677309836,0.13424043155174537,17
55,r2,29,6.0,0.13095661362263158,0.1440864170745959,16
55,r2,29,8.0,0.13384327127960335,0.15109800848479882,16
55,r2,29,12.0,0.13887882010965755,0.15808507651467008,16
55,r5,29,0.5,0.18544283785725366,0.062151150370795105,17
55,r5,29,1.0,0.17110134863597073,0.1021266895982027,17
55,r5,29,2.0,0.15507029206618766,0.14466823676056662,17
55,r5,29,3.0,0.1477523066538973,0.16334751839840134,17
55,r5,29,4.0,0.1442930168724979,0.17217966986753097,17
55,r5,29,6.0,0.14384468041619777,0.183462891723716,16
55,r5,29,8.0,0.14679420351190017,0.1920000042303457,16
55,r5,29,12.0,0.15212201695426542,0.20018148158357152,16
55,margin,29,0.5,0.1197429642814383,0.0017408670872794962,17
55,margin,29,1.0,0.1150888529407418,0.0008855670936771531,17
55,margin,29,2.0,0.10987669658846103,-0.0022717400481265804,17
55,margin,29,3.0,0.10744942728895958,-0.004589139713637058,17
55,margin,29,4.0,0.10629490242025744,-0.005919801882218412,17
55,margin,29,6.0,0.1092713082903443,-0.00225591065116848,16
55,margin,29,8.0,0.11233624769006605,0.0005746061413577364,16
55,margin,29,12.0,0.11733791824833689,0.0033170587138557917,15
55,real,47,0.5,0.12117157677245989,0.008506031060420804,17
55,real,47,1.0,0.1157335137766232,0.012106118598353866,17
55,real,47,2.0,0.10978010524583161,0.013873029480252708,17
55,real,47,3.0,0.10707505965039205,0.013716963429617146,17
55,real,47,4.0,0.1058096112120326,0.013412697411860575,17
55,real,47,6.0,0.10842064778821091,0.017655109600405727,16
55,real,47,8.0,0.11140769041172159,0.02072141042858977,16
55,real,47,12.0,0.1163673766634967,0.023182592120118195,15
55,r2,47,0.5,0.17527996028122972,0.04668277702589696,17
55,r2,47,1.0,0.16313999920744704,0.07575858868988794,17
55,r2,47,2.0,0.14954169126224906,0.10546801802190386,17
55,r2,47,3.0,0.1432762025565175,0.11780492817042731,17
55,r2,47,4.0,0.14028570112127708,0.12335837640266345,17
55,r2,47,6.0,0.1405380660443135,0.13185009801797243,16
55,r2,47,8.0,0.14358732891852596,0.1383125928744412,16
55,r2,47,12.0,0.14894230926650023,0.14452136651935976,16
55,r5,47,0.5,0.1917182093236982,0.06613488412635782,17
55,r5,47,1.0,0.1760757759035352,0.10916119552130743,17
55,r5,47,2.0,0.1584057963844104,0.15564176607782576,17
55,r5,47,3.0,0.1502207396076008,0.1762820298081451,17
55,r5,47,4.0,0.14630093364475538,0.18599269595296763,17
55,r5,47,6.0,0.14557191792399407,0.19776857636131262,16
55,r5,47,8.0,0.1483853051727823,0.20582338108973097,16
55,r5,47,12.0,0.15361602381809053,0.21306180948588194,16
55,margin,47,0.5,0.12165293617028382,5.290959153803065e-06,17
55,margin,47,1.0,0.11698429699941358,-0.00195994398837096,17
55,margin,47,2.0,0.11176176048144203,-0.006378641289843001,17
55,margin,47,3.0,0.10933107226977318,-0.009319065981543417,17
55,margin,47,4.0,0.10817457837082275,-0.010950323375339743,17
55,margin,47,6.0,0.11139089997432315,-0.006289340439349145,16
55,margin,47,8.0,0.11435981836422898,-0.0030248284405627324,16
55,margin,47,12.0,0.11917261284985028,0.00030824898667969336,15
62,real,11,0.5,0.1325619649917562,0.014810923532214249,21
62,real,11,1.0,0.12670672318996531,0.021531890954900157,21
62,real,11,2.0,0.12090664302415843,0.025982518660764287,21
62,real,11,3.0,0.1185989100147375,0.02694750045906158,21
62,real,11,4.0,0.11833817062565394,0.028180531456706404,20
62,real,11,6.0,0.12163968870878795,0.03282163085983125,20
62,real,11,8.0,0.12445673103530872,0.0351982970146163,20
62,real,11,12.0,0.1289963761769605,0.03647411788234323,17
62,r2,11,0.5,0.17545068463133665,0.05400224344773985,21
62,r2,11,1.0,0.16381507105314633,0.08456593229433818,21
62,r2,11,2.0,0.15231161628234371,0.11209856535966545,21
62,r2,11,3.0,0.14778288972052056,0.12194433250023362,21
62,r2,11,4.0,0.1459151878602131,0.1259070150145063,20
62,r2,11,6.0,0.14874528420113262,0.13549507085808987,20
62,r2,11,8.0,0.1516369987668846,0.14004504505437976,20
62,r2,11,12.0,0.15635476468698534,0.1442637775978488,20
62,r5,11,0.5,0.18849098772413503,0.07557584459758038,21
62,r5,11,1.0,0.17372148170590423,0.11965943691832148,21
62,r5,11,2.0,0.15917825414180042,0.1610584974931707,21
62,r5,11,3.0,0.1535517651145821,0.1766484516257243,21
62,r5,11,4.0,0.1512540405799772,0.18315309004229652,21
62,r5,11,6.0,0.15348839560557048,0.19535222837588195,20
62,r5,11,8.0,0.15631554322111968,0.20146894780052937,20
62,r5,11,12.0,0.16103528408680767,0.20738785386077507,20
62,margin,11,0.5,0.13709394611763795,0.00033461521757061075,21
62,margin,11,1.0,0.13273362897193902,-0.001368105410459397,21
62,margin,11,2.0,0.12819276950133884,-0.005058641421703536,21
62,margin,11,3.0,0.12628156276863106,-0.007284370381771099,21
62,margin,11,4.0,0.12576379315631186,-0.00793111894634857,20
62,margin,11,6.0,0.1294754281735951,-0.0035564964617068595,20
62,margin,11,8.0,0.13257417609863567,-0.000925887914510759,20
62,margin,11,12.0,0.1375174057848922,0.0016202148641853986,17
62,real,29,0.5,0.13076693061219896,0.014551656742134766,21
62,real,29,1.0,0.12487167418323443,0.02114361493990502,21
62,real,29,2.0,0.11901471613652341,0.025397086702775296,21
62,real,29,3.0,0.1166732769063654,0.02624065344355464,21
62,real,29,4.0,0.11710525207249528,0.02852821415112272,20
62,real,29,6.0,0.120086898689917,0.032787604260087755,20
62,real,29,8.0,0.12266509024084238,0.03494073026131317,20
62,real,29,12.0,0.12698852903074398,0.036044470544208895,17
62,r2,29,0.5,0.17723124682537836,0.08903872846257277,21
62,r2,29,1.0,0.16145552822571607,0.13967239655551533,21
62,r2,29,2.0,0.14640983216027428,0.1855197512796649,21
62,r2,29,3.0,0.14082134397750662,0.20204812399456162,21
62,r2,29,4.0,0.13862095910923933,0.20871385890955452,20
62,r2,29,6.0,0.1407625090916134,0.22125005147543242,20
62,r2,29,8.0,0.14324166613556405,0.22703386913069346,20
62,r2,29,12.0,0.14739775515481882,0.23262036504428385,20
62,r5,29,0.5,0.18727501779632735,0.09805518891050269,21
62,r5,29,1.0,0.16971789737079712,0.15606248953401358,21
62,r5,29,2.0,0.15257814018824212,0.2112565086261997,21
62,r5,29,3.0,0.1460452097026004,0.23226440191566466,21
62,r5,29,4.0,0.14340794950582725,0.2410403179468692,21
62,r5,29,6.0,0.14525745977798182,0.2535393664190302,20
62,r5,29,8.0,0.14782661944970807,0.25893908632259477,20
62,r5,29,12.0,0.15221290865445233,0.26357392846977035,20
62,margin,29,0.5,0.13546633997474627,-0.0003826691081301181,21
62,margin,29,1.0,0.13134795944494468,-0.0026336976441008186,21
62,margin,29,2.0,0.12710727491983909,-0.006911103656570994,21
62,margin,29,3.0,0.12534263061137732,-0.009382285681146962,21
62,margin,29,4.0,0.12593595597406207,-0.008403693121990408,20
62,margin,29,6.0,0.1292502196777092,-0.004193319092148484,20
62,margin,29,8.0,0.13199627028633606,-0.001604926755052083,20
62,margin,29,12.0,0.13631451706436465,0.0008411740335249052,18
62,real,47,0.5,0.13322044834895366,0.015003969681409823,21
62,real,47,1.0,0.12737524034787698,0.02193735186257839,21
62,real,47,2.0,0.1216294667714233,0.026853977629312853,21
62,real,47,3.0,0.11935988967126748,0.02812557590925413,21
62,real,47,4.0,0.11906837138006983,0.02956480842366105,20
62,real,47,6.0,0.12235826196237815,0.034815681416988764,20
62,real,47,8.0,0.12515042101192578,0.03756620386003395,20
62,real,47,12.0,0.1296476241038517,0.03922073852634267,17
62,r2,47,0.5,0.16728666743064688,0.0737730500063083,21
62,r2,47,1.0,0.15346489375474912,0.11669374783026609,21
62,r2,47,2.0,0.1400644987982107,0.15671109668389482,21
62,r2,47,3.0,0.13496840242075592,0.17149500252906913,21
62,r2,47,4.0,0.13337735837149037,0.17871459527817246,20
62,r2,47,6.0,0.13573829523600175,0.19056183059638798,20
62,r2,47,8.0,0.1382492985841381,0.1959513574585614,20
62,r2,47,12.0,0.1424012740178815,0.2011470586795412,20
62,r5,47,0.5,0.1877861876611854,0.07914493272303524,21
62,r5,47,1.0,0.17252727579740515,0.12613323011042177,21
62,r5,47,2.0,0.15718380666775922,0.17160389108687446,21
62,r5,47,3.0,0.15105113049339616,0.18939579977312315,21
62,r5,47,4.0,0.14846877505457418,0.19693941273911153,21
62,r5,47,6.0,0.15065644848843576,0.21010506722512223,20
62,r5,47,8.0,0.15336934230447022,0.2160647693291059,20
62,r5,47,12.0,0.15798849183945304,0.22161097598542834,20
62,margin,47,0.5,0.13574380401586003,7.825224276403198e-05,21
62,margin,47,1.0,0.131521818071227,-0.0017914030057688546,21
62,margin,47,2.0,0.12713464015460432,-0.005548783176350769,21
62,margin,47,3.0,0.12528190444428824,-0.0077869145032457565,21
62,margin,47,4.0,0.12511936570883367,-0.007900069953689415,20
62,margin,47,6.0,0.12867094757949515,-0.0036134608843689797,20
62,margin,47,8.0,0.1316362492293576,-0.0010500019227239754,20
62,margin,47,12.0,0.1363098607562134,0.001046032482492576,18
63,real,11,0.5,0.13468133272097793,0.0043433475946182964,18
63,real,11,1.0,0.12951587386687477,0.005628701940752268,18
63,real,11,2.0,0.12374325984220354,0.0051698732243874446,18
63,real,11,3.0,0.12107903717095907,0.004108540838836161,18
63,real,11,4.0,0.11982114747183358,0.003394176277333072,18
63,real,11,6.0,0.12239290812488794,0.007311093957014347,17
63,real,11,8.0,0.12537398254488405,0.010386448459699826,17
63,real,11,12.0,0.13011233524706475,0.013643058385713891,17
63,r2,11,0.5,0.17311585669419302,0.04399112970191421,18
63,r2,11,1.0,0.16156815369195632,0.07141358016287214,18
63,r2,11,2.0,0.14867789413256563,0.09942718260164973,18
63,r2,11,3.0,0.14275725296035416,0.11098205462669053,18
63,r2,11,4.0,0.1399339998938673,0.11613739014051849,18
63,r2,11,6.0,0.13994802651113786,0.12337629696853125,17
63,r2,11,8.0,0.14301470146309866,0.12939244377311387,17
63,r2,11,12.0,0.14834197811499952,0.13510938253422622,17
63,r5,11,0.5,0.18971582555307615,0.07195446750705248,18
63,r5,11,1.0,0.17355247229740417,0.11878927555974972,18
63,r5,11,2.0,0.15552546242764684,0.1693503159584222,18
63,r5,11,3.0,0.1473327472338813,0.19192263223924488,18
63,r5,11,4.0,0.1434798706129906,0.20268407031625035,18
63,r5,11,6.0,0.14269699325765603,0.21583764420888507,17
63,r5,11,8.0,0.14529179616234456,0.22498676340902524,17
63,r5,11,12.0,0.1501522038243644,0.23368957471146778,17
63,margin,11,0.5,0.1370826828526553,-0.0018186666915148697,18
63,margin,11,1.0,0.132683188415429,-0.004506167316616683,18
63,margin,11,2.0,0.12763061502130263,-0.009309027284209792,18
63,margin,11,3.0,0.12521741184732896,-0.012318410142118319,18
63,margin,11,4.0,0.12404576474497717,-0.013966905299778953,18
63,margin,11,6.0,0.12673045250230608,-0.010145433339924459,17
63,margin,11,8.0,0.12978324749463163,-0.006695372166134361,17
63,margin,11,12.0,0.13462171943524384,-0.0026664798111168952,17
63,real,29,0.5,0.1334650882956322,0.005435298184150894,18
63,real,29,1.0,0.1283936644272185,0.007523246901169012,18
63,real,29,2.0,0.12269740168140685,0.008006794277097273,18
63,real,29,3.0,0.1200480120271037,0.007413075432228466,18
63,real,29,4.0,0.11881238392450492,0.0069626815816674625,17
63,real,29,6.0,0.12180296628441986,0.01114336613063871,17
63,real,29,8.0,0.12458909383487046,0.013575682635210251,17
63,real,29,12.0,0.1290593965133667,0.015918916590760168,17
63,r2,29,0.5,0.1795839016083295,0.038968498687101505,18
63,r2,29,1.0,0.1689575571516338,0.06328783273065441,18
63,r2,29,2.0,0.1569597922925458,0.08820583292551876,18
63,r2,29,3.0,0.15136174037249953,0.09856562332690255,18
63,r2,29,4.0,0.1486538486349098,0.10324791456920712,18
63,r2,29,6.0,0.14910743694069406,0.1114102764648649,17
63,r2,29,8.0,0.15209479683082286,0.11793199775636731,17
63,r2,29,12.0,0.15727113280731722,0.12445162992417547,17
63,r5,29,0.5,0.1870575616746689,0.05385781310518167,18
63,r5,29,1.0,0.1733592945353386,0.08855794956294616,18
63,r5,29,2.0,0.15785076724541205,0.12561717356198865,18
63,r5,29,3.0,0.15061776101613386,0.1420184871002349,18
63,r5,29,4.0,0.14712842826814546,0.14986894229367131,18
63,r5,29,6.0,0.14666030675079939,0.1608710385862565,17
63,r5,29,8.0,0.14938471062743378,0.16930080287697158,17
63,r5,29,12.0,0.15439483441734123,0.17757362731403936,17
63,margin,29,0.5,0.13456113977444487,-0.000998572669438036,18
63,margin,29,1.0,0.13023452286249385,-0.003122995835650122,18
63,margin,29,2.0,0.12528173415024754,-0.0072896080992100876,18
63,margin,29,3.0,0.12292306744257349,-0.01002136592224856,18
63,margin,29,4.0,0.1217786602099557,-0.011538119937738567,18
63,margin,29,6.0,0.12441199322642209,-0.008065073164986503,17
63,margin,29,8.0,0.12739725258066095,-0.005024956385040524,17
63,margin,29,12.0,0.13216463598233658,-0.001607681157779317,17
63,real,47,0.5,0.13449708570374055,0.004777580000954296,18
63,real,47,1.0,0.12942380472514292,0.00637616397221441,18
63,real,47,2.0,0.1237232776676098,0.006174719051088351,18
63,real,47,3.0,0.12106608431804737,0.005181654383719869,18
63,real,47,4.0,0.119795813884777,0.00445171032118008,18
63,real,47,6.0,0.12236153904901978,0.008287708240365621,17
63,real,47,8.0,0.12527678236810114,0.011232801597450437,17
63,real,47,12.0,0.12996576345177688,0.014375801569810664,17
63,r2,47,0.5,0.17706590158062277,0.0447820220264914,18
63,r2,47,1.0,0.16562011602445795,0.072574673505442,18
63,r2,47,2.0,0.1528703242899556,0.10078086861716107,18
63,r2,47,3.0,0.1470480008467704,0.11244089414029068,18
63,r2,47,4.0,0.14428884344203735,0.11769020792993967,18
63,r2,47,6.0,0.14481948111433,0.12701256578025288,17
63,r2,47,8.0,0.14767663789297836,0.13407839864891957,17
63,r2,47,12.0,0.1526858455200407,0.14123615169933212,17
63,r5,47,0.5,0.19466617302175573,0.06311637163680883,18
63,r5,47,1.0,0.17959525276142527,0.10411258443945537,18
63,r5,47,2.0,0.16248864942075908,0.14825623006727806,18
63,r5,47,3.0,0.15450772561525689,0.16778966467309753,18
63,r5,47,4.0,0.1506599211217949,0.1770428041975144,18
63,r5,47,6.0,0.15007651244313985,0.18944609168004767,17
63,r5,47,8.0,0.15270830458620205,0.19804211029063634,17
63,r5,47,12.0,0.1576522246059402,0.2061035163730044,17
63,margin,47,0.5,0.13499978366026544,-0.0011277312735831213,18
63,margin,47,1.0,0.13068800738028802,-0.0033328604016802377,18
63,margin,47,2.0,0.12573893621853843,-0.007565853861844829,18
63,margin,47,3.0,0.12338006491153618,-0.010321230106726809,18
63,margin,47,4.0,0.1222376884420088,-0.011846053775932508,18
63,margin,47,6.0,0.12474583796971599,-0.008579232182745589,17
63,margin,47,8.0,0.12780449545526704,-0.005477734465230255,17
63,margin,47,12.0,0.13265645585156358,-0.001996988272218392,17
67,real,11,0.5,0.1395539528378903,0.005851083140018587,16
67,real,11,1.0,0.13373562755758245,0.008151418806593647,16
67,real,11,2.0,0.1269883155575167,0.008728914829085221,16
67,real,11,3.0,0.12370673398617803,0.008030646479556203,16
67,real,11,4.0,0.12207309912033461,0.0074078870824419996,16
67,real,11,6.0,0.12404578232731667,0.010514820450038265,15
67,real,11,8.0,0.12744676658653753,0.013705823991388755,15
67,real,11,12.0,0.1329656157232183,0.017027646031402832,15
67,r2,11,0.5,0.17606322637302743,0.0671887529268359,16
67,r2,11,1.0,0.1601825665116794,0.11047657997910176,16
67,r2,11,2.0,0.14260366358226798,0.15627279900669966,16
67,r2,11,3.0,0.1347299966905822,0.17600449379088456,16
67,r2,11,4.0,0.13108172301633145,0.1851878728457238,16
67,r2,11,6.0,0.13026293480298923,0.19613867296944987,15
67,r2,11,8.0,0.13304122448526073,0.20475115558152523,15
67,r2,11,12.0,0.1381451249814676,0.213237516045511,15
67,r5,11,0.5,0.19909718446903757,0.06680038564634128,16
67,r5,11,1.0,0.1832145272939455,0.11128496703892288,16
67,r5,11,2.0,0.16478024342895187,0.1606781884340973,16
67,r5,11,3.0,0.15596799475391104,0.18334986386824836,16
67,r5,11,4.0,0.1516422685130861,0.19444800908854676,16
67,r5,11,6.0,0.1505904476469523,0.2084283508789705,15
67,r5,11,8.0,0.15344162460749514,0.2183976360598764,15
67,r5,11,12.0,0.15887491061291,0.22757457458438446,15
67,margin,11,0.5,0.14134195093931487,6.855938578531617e-05,16
67,margin,11,1.0,0.13628043506614687,-0.001412649146475431,16
67,margin,11,2.0,0.1303000070825546,-0.005056243855090292,16
67,margin,11,3.0,0.12734021684496025,-0.007666939579277998,16
67,margin,11,4.0,0.12585366011542765,-0.009201704807568212,16
67,margin,11,6.0,0.12836926468200247,-0.0063298167073524425,15
67,margin,11,8.0,0.13176184640344826,-0.0034065616707863455,15
67,margin,11,12.0,0.13722788969080407,-0.00020433198375247041,15
67,real,29,0.5,0.1390974488475096,0.005331549875562169,16
67,real,29,1.0,0.1334130472089537,0.007222377575103467,16
67,real,29,2.0,0.12681497708538103,0.007173730757320307,16
67,real,29,3.0,0.12360476280953146,0.006116155955762759,16
67,real,29,4.0,0.12200719624540873,0.0053028332156868085,16
67,real,29,6.0,0.12434689309818439,0.009182038965921402,15
67,real,29,8.0,0.12766915418652977,0.012682603302712425,15
67,real,29,12.0,0.1330545550713493,0.016468428786782674,15
67,r2,29,0.5,0.18829109627216814,0.05730196560889911,16
67,r2,29,1.0,0.17450028822990002,0.09420174148283633,16
67,r2,29,2.0,0.15888897040539124,0.1333856611544748,16
67,r2,29,3.0,0.15165184149494784,0.1504226491212426,16
67,r2,29,4.0,0.1481853077468373,0.1583949518367599,16
67,r2,29,6.0,0.1474158005582369,0.16804488821868147,15
67,r2,29,8.0,0.1505356529939076,0.17620542403934314,15
67,r2,29,12.0,0.1561433599119033,0.18399650288636638,15
67,r5,29,0.5,0.19141793110209565,0.06190717126455492,16
67,r5,29,1.0,0.17675617346910283,0.10287646430486419,16
67,r5,29,2.0,0.1597574960400115,0.14818454314529717,16
67,r5,29,3.0,0.15162108509743755,0.16896254033754077,16
67,r5,29,4.0,0.14761791184310122,0.17910051191701704,16
67,r5,29,6.0,0.14617347534065878,0.19061620970172388,15
67,r5,29,8.0,0.149177638643383,0.2002817492550255,15
67,r5,29,12.0,0.15478593366202245,0.20941440060266914,15
67,margin,29,0.5,0.14217886821788528,-0.0006192278262063811,16
67,margin,29,1.0,0.13722599037049402,-0.002488153004771454,16
67,margin,29,2.0,0.13137105791334291,-0.006445072820555731,16
67,margin,29,3.0,0.12846038011203792,-0.009238768985413981,16
67,margin,29,4.0,0.1269871775892115,-0.010884366232595366,16
67,margin,29,6.0,0.1295275615951599,-0.007875021730925469,15
67,margin,29,8.0,0.1328440310320774,-0.004855613583653828,15
67,margin,29,12.0,0.1382123427351562,-0.001419105172084767,15
67,real,47,0.5,0.14134258219364396,0.004716559036007761,16
67,real,47,1.0,0.1355783173993884,0.00609311661922296,16
67,real,47,2.0,0.12888210947039336,0.00537245067062786,16
67,real,47,3.0,0.12562366668396333,0.003955615323624095,16
67,real,47,4.0,0.12400307817930065,0.0029363801619695096,16
67,real,47,6.0,0.12597145864009254,0.006395910782407421,15
67,real,47,8.0,0.1293343260601502,0.010197856105595093,15
67,real,47,12.0,0.13478570168578852,0.014448401528194044,15
67,r2,47,0.5,0.18710719246902857,0.0432537029755421,16
67,r2,47,1.0,0.1746712818665255,0.07061220067239704,16
67,r2,47,2.0,0.16029222346409933,0.09883908349687354,16
67,r2,47,3.0,0.15338456315215895,0.11055828973173165,16
67,r2,47,4.0,0.14995903879452155,0.11578356495224973,16
67,r2,47,6.0,0.14882795497901208,0.1224834498995856,15
67,r2,47,8.0,0.15226607369022727,0.13046250143142457,15
67,r2,47,12.0,0.15835601371638564,0.13862368663951796,15
67,r5,47,0.5,0.19060707820533412,0.04661464869969756,16
67,r5,47,1.0,0.17772881296850676,0.07712390206603403,16
67,r5,47,2.0,0.1626588810393748,0.1102798840346978,16
67,r5,47,3.0,0.15533413295408058,0.12509326722958225,16
67,r5,47,4.0,0.15167895174952767,0.132188013811824,16
67,r5,47,6.0,0.15026449120258553,0.14066271127881036,15
67,r5,47,8.0,0.15358228294925888,0.14982937713345867,15
67,r5,47,12.0,0.1595615883633896,0.15903836910165015,15
67,margin,47,0.5,0.1409153429534717,-0.0007256345515037621,16
67,margin,47,1.0,0.13593908793129825,-0.0026518337180433393,16
67,margin,47,2.0,0.13002092748276003,-0.006768390407713487,16
67,margin,47,3.0,0.1270593592107793,-0.009651133147827728,16
67,margin,47,4.0,0.12555389152510277,-0.01134654312930694,16
67,margin,47,6.0,0.12705846811018845,-0.009343545830794331,15
67,margin,47,8.0,0.1306386823074187,-0.005665837988976685,15
67,margin,47,12.0,0.13640564786863085,-0.0014933390207966246,15
73,real,11,0.5,0.12655015138445508,0.024627928217115902,20
73,real,11,1.0,0.11930975715490397,0.03490453165479046,20
73,real,11,2.0,0.11315654275079925,0.04157808365369753,20
73,real,11,3.0,0.11115797751704477,0.04324285844608189,20
73,real,11,4.0,0.11298193657220951,0.0471518244512934,19
73,real,11,6.0,0.116650346835205,0.051357907209221176,19
73,real,11,8.0,0.11995284671567603,0.052802648683146214,16
73,real,11,12.0,0.1257683785756592,0.05050352827365889,15
73,r2,11,0.5,0.16987714728808917,0.06241963446523546,20
73,r2,11,1.0,0.15750215334840414,0.09412906695081036,20
73,r2,11,2.0,0.1468138910794856,0.11956735234660654,20
73,r2,11,3.0,0.14326538895024138,0.12762132315163432,20
73,r2,11,4.0,0.1435889037259394,0.13403290788065858,19
73,r2,11,6.0,0.1472007200663263,0.14328422381212225,19
73,r2,11,8.0,0.15037087302832444,0.14789605827858754,18
73,r2,11,12.0,0.15541085351258946,0.15149719725959776,17
73,r5,11,0.5,0.1842621058414744,0.09799028240798768,20
73,r5,11,1.0,0.16674213594421594,0.1511048684459223,20
73,r5,11,2.0,0.15112278746900162,0.1962221167009125,20
73,r5,11,3.0,0.14580616834219118,0.21113251688034407,20
73,r5,11,4.0,0.14514269170684124,0.2198100881586983,19
73,r5,11,6.0,0.14857925489538892,0.2321417470183973,19
73,r5,11,8.0,0.15186701187596158,0.23794220256577958,19
73,r5,11,12.0,0.15708293283809752,0.2437282145267753,19
73,margin,11,0.5,0.13442803304455653,0.0028506694736800675,20
73,margin,11,1.0,0.1295326585068619,0.0020170627857017953,20
73,margin,11,2.0,0.12510424009358567,-0.0005200869290094001,20
73,margin,11,3.0,0.12356109306597543,-0.0018562303863021157,20
73,margin,11,4.0,0.1255302091769194,0.00010522450558736463,19
73,margin,11,6.0,0.12957401460476242,0.0029055774018534875,19
73,margin,11,8.0,0.13301062905330777,0.00396736827755817,17
73,margin,11,12.0,0.1387443092999554,0.0027449885208703506,15
73,real,29,0.5,0.12808844783218684,0.023529268149096505,20
73,real,29,1.0,0.12069776253764541,0.03308424998810655,20
73,real,29,2.0,0.11436494157663803,0.0388161760444401,20
73,real,29,3.0,0.11236682315638744,0.04021914314559771,19
73,real,29,4.0,0.11422071090310265,0.04464773543120615,19
73,real,29,6.0,0.11781053798541927,0.049408716797404995,18
73,real,29,8.0,0.12104891265310332,0.051003368809355965,16
73,real,29,12.0,0.12674926827579736,0.048231518872762225,15
73,r2,29,0.5,0.17069540829193536,0.07196922156216568,20
73,r2,29,1.0,0.15719262601299122,0.10907265611396555,20
73,r2,29,2.0,0.1456917793977454,0.13921696451325072,20
73,r2,29,3.0,0.14197012005374676,0.14887197108821415,20
73,r2,29,4.0,0.1424167941498723,0.15670503938561708,19
73,r2,29,6.0,0.14581577672455914,0.16680972050729592,19
73,r2,29,8.0,0.14887802927803664,0.1718992616798941,19
73,r2,29,12.0,0.15357313467892358,0.1773505153450442,17
73,r5,29,0.5,0.18517378631238093,0.09023036982530819,20
73,r5,29,1.0,0.16862226172050968,0.13851692839355356,20
73,r5,29,2.0,0.1542194197513585,0.17949351176003292,20
73,r5,29,3.0,0.14945538102395003,0.19322594060404996,20
73,r5,29,4.0,0.1488230587327955,0.20077273779923843,19
73,r5,29,6.0,0.15239690397210778,0.21214242173276132,19
73,r5,29,8.0,0.15572263853851606,0.21751462334265437,19
73,r5,29,12.0,0.1609710945060383,0.2228943513294145,19
73,margin,29,0.5,0.1288453527188083,0.0005442697975732713,20
73,margin,29,1.0,0.12397040141618378,-0.0019628638870343718,20
73,margin,29,2.0,0.11954792496023825,-0.0064487382038803664,20
73,margin,29,3.0,0.11852339575850597,-0.007883819251161106,19
73,margin,29,4.0,0.12074631569832149,-0.005348861989406428,19
73,margin,29,6.0,0.12458368948407736,-0.002107431038952945,19
73,margin,29,8.0,0.12790958012113465,-0.00042608359537932294,18
73,margin,29,12.0,0.1334511189043058,-0.0002768256922015544,15
73,real,47,0.5,0.12656554210309873,0.02423208255629916,20
73,real,47,1.0,0.11936733958354968,0.034745841505209984,20
73,real,47,2.0,0.11323527932320814,0.042019813262082706,20
73,real,47,3.0,0.11123734417681605,0.044042021884653115,20
73,real,47,4.0,0.11304791360946304,0.04816798178263293,19
73,real,47,6.0,0.11666398988411228,0.052452483823930085,19
73,real,47,8.0,0.11986256269533571,0.05377508344336002,16
73,real,47,12.0,0.1252812948945161,0.050518185375523106,15
73,r2,47,0.5,0.15859094515361052,0.049091094434319804,20
73,r2,47,1.0,0.14724414458940482,0.07322760818411012,20
73,r2,47,2.0,0.13735696960541,0.0917731305388434,20
73,r2,47,3.0,0.13402772197391655,0.09733230234170187,20
73,r2,47,4.0,0.13493546657611333,0.10298208076434545,19
73,r2,47,6.0,0.13858432194723666,0.10989791512911495,19
73,r2,47,8.0,0.14175451369449288,0.11321156406702115,19
73,r2,47,12.0,0.14661590225270937,0.11589518447401703,16
73,r5,47,0.5,0.17645076751877015,0.08344827158730217,20
73,r5,47,1.0,0.16069043611654965,0.1275721777260307,20
73,r5,47,2.0,0.14676204488242636,0.16455135136637478,20
73,r5,47,3.0,0.14206511340502073,0.17679206371902467,20
73,r5,47,4.0,0.14208765581464647,0.18521770814707894,19
73,r5,47,6.0,0.14545203394671383,0.19562075543990431,19
73,r5,47,8.0,0.14861763981082976,0.20040726547682386,19
73,r5,47,12.0,0.1536171208760696,0.2048320905711275,18
73,margin,47,0.5,0.13032697498815862,0.00048788058842075266,20
73,margin,47,1.0,0.12548014731774793,-0.0019229523875696763,20
73,margin,47,2.0,0.12110229689111483,-0.006173640431927252,20
73,margin,47,3.0,0.11973247120732888,-0.007950499636728336,19
73,margin,47,4.0,0.12203231290312258,-0.004931824710432964,19
73,margin,47,6.0,0.12605860819107706,-0.0009061255516424893,19
73,margin,47,8.0,0.12948350415194618,0.001332050669763496,18
73,margin,47,12.0,0.13511675673513784,0.0008378533822205325,15
77,real,11,0.5,0.12014286867749728,0.018514205419708718,21
77,real,11,1.0,0.11409225319832215,0.028546060432262932,21
77,real,11,2.0,0.10771985912656946,0.03704018838813061,21
77,real,11,3.0,0.10496127171503476,0.039823568935809406,21
77,real,11,4.0,0.10371644801373456,0.040865053527643136,21
77,real,11,6.0,0.10569749574529794,0.0454459720660807,20
77,real,11,8.0,0.1079825899242456,0.04819076345627604,20
77,real,11,12.0,0.11176207598479689,0.05054879470483442,18
77,r2,11,0.5,0.17684771388966994,0.07541152050699684,21
77,r2,11,1.0,0.16178634710023349,0.12324796544354266,21
77,r2,11,2.0,0.14565081860612777,0.17290803101730334,21
77,r2,11,3.0,0.13870807445472794,0.19375022911417772,21
77,r2,11,4.0,0.13559103953168566,0.2031178586409328,21
77,r2,11,6.0,0.13484963927309657,0.21294115342977415,20
77,r2,11,8.0,0.13708578984661562,0.2197867263228307,20
77,r2,11,12.0,0.14115879891258934,0.22606575181293076,20
77,r5,11,0.5,0.1833142848779341,0.06724922808777967,21
77,r5,11,1.0,0.16911000851508426,0.11107458849520047,21
77,r5,11,2.0,0.1533623133158247,0.15870284475495156,21
77,r5,11,3.0,0.14622989265521388,0.18000043907316798,21
77,r5,11,4.0,0.14287699113563343,0.19013411512498757,21
77,r5,11,6.0,0.14173661539564658,0.2003007455899367,20
77,r5,11,8.0,0.144086196347212,0.20731776603839913,20
77,r5,11,12.0,0.14845140619414857,0.21360968994983498,20
77,margin,11,0.5,0.12332623556466724,0.0016706640051186161,21
77,margin,11,1.0,0.11940874000078192,0.0012353490330575534,21
77,margin,11,2.0,0.11512515670293177,-0.0009890536761884006,21
77,margin,11,3.0,0.11317797621363118,-0.0027569273167558084,21
77,margin,11,4.0,0.11226839564340797,-0.0037878279741501153,21
77,margin,11,6.0,0.11484545250937382,-0.0009263938736533417,20
77,margin,11,8.0,0.11728616712671121,0.0010496361739781301,20
77,margin,11,12.0,0.12121079416442024,0.0029495588107137927,18
77,real,29,0.5,0.11802419472836913,0.018754688269236652,21
77,real,29,1.0,0.11205505820586738,0.02905537904309552,21
77,real,29,2.0,0.10581514391641088,0.03814977870016112,21
77,real,29,3.0,0.10313831481333541,0.041355984039648575,21
77,real,29,4.0,0.10193778713388887,0.04262282572035059,21
77,real,29,6.0,0.1039946712552293,0.047355545275036715,20
77,real,29,8.0,0.10621413739826882,0.04995806556122717,20
77,real,29,12.0,0.10989014120480389,0.052180997481397706,18
77,r2,29,0.5,0.17051264918688924,0.04150751047824863,21
77,r2,29,1.0,0.16001953984881345,0.06730587794704701,21
77,r2,29,2.0,0.14837628552429288,0.09362245711068207,21
77,r2,29,3.0,0.14306093585990612,0.1045349926269934,21
77,r2,29,4.0,0.14053814728000036,0.10945230988124777,21
77,r2,29,6.0,0.14081205216122664,0.11743388325346038,20
77,r2,29,8.0,0.14323676081127698,0.12339845545399086,20
77,r2,29,12.0,0.14750413175223004,0.1293848723258516,20
77,r5,29,0.5,0.1867093611277601,0.06524614007735319,21
77,r5,29,1.0,0.17229362643312437,0.10763545101997773,21
77,r5,29,2.0,0.15611626660613745,0.1533795343795482,21
77,r5,29,3.0,0.1486889519315818,0.17371679869846335,21
77,r5,29,4.0,0.14515903585246087,0.1834230741554823,21
77,r5,29,6.0,0.14438617774786644,0.19529271629202538,20
77,r5,29,8.0,0.14654813426661,0.20316574716618174,20
77,r5,29,12.0,0.15069101560698298,0.21045318372977362,20
77,margin,29,0.5,0.12213854315054061,0.0013914507410331955,21
77,margin,29,1.0,0.11821992785990179,0.0008055687790183841,21
77,margin,29,2.0,0.11386135882162896,-0.001544716411937208,21
77,margin,29,3.0,0.11184147340634143,-0.003383081664170895,21
77,margin,29,4.0,0.11088325654553703,-0.004457669801810504,21
77,margin,29,6.0,0.11337043957302122,-0.0013946948266257975,20
77,margin,29,8.0,0.11585164719838137,0.0008533924082143596,20
77,margin,29,12.0,0.11981670428661993,0.0031032810276685474,19
77,real,47,0.5,0.11794106527947405,0.018403717607233805,21
77,real,47,1.0,0.11188687660133473,0.02853797888975773,21
77,real,47,2.0,0.10549060028889796,0.037564517161273625,21
77,real,47,3.0,0.10271226986613137,0.040793280529270115,21
77,real,47,4.0,0.1014558872300638,0.04209520631577146,21
77,real,47,6.0,0.10351649256483039,0.047052260910028676,20
77,real,47,8.0,0.10574551202633271,0.04976869503964776,20
77,real,47,12.0,0.10940821570591962,0.05216411589541592,18
77,r2,47,0.5,0.1802671126088107,0.09286776737806546,21
77,r2,47,1.0,0.1625881458464059,0.15182282329018593,21
77,r2,47,2.0,0.1439547661806146,0.21283822485956472,21
77,r2,47,3.0,0.13613951253623155,0.2383620641350762,21
77,r2,47,4.0,0.13270150911989909,0.24984847392062903,21
77,r2,47,6.0,0.1315487269136608,0.2611521347360918,20
77,r2,47,8.0,0.13354978250391908,0.26899392998878446,20
77,r2,47,12.0,0.13735783405078186,0.276381755858669,20
77,r5,47,0.5,0.19073270910340426,0.07077528744914496,21
77,r5,47,1.0,0.17558837783551418,0.11677961174363671,21
77,r5,47,2.0,0.15865390953767,0.16641321962075306,21
77,r5,47,3.0,0.15091305802923163,0.18843124902740094,21
77,r5,47,4.0,0.1472457631291482,0.1988732540693131,21
77,r5,47,6.0,0.1461226022336922,0.2107867231076367,20
77,r5,47,8.0,0.14826923783964943,0.21923826317462236,20
77,r5,47,12.0,0.15242769217960667,0.22728131274213204,20
77,margin,47,0.5,0.12205138479337575,0.001063487958680498,21
77,margin,47,1.0,0.1181794297293,0.0002362920047733752,21
77,margin,47,2.0,0.11389669391568627,-0.00254126999500226,21
77,margin,47,3.0,0.1119247498126649,-0.004649466588624085,21
77,margin,47,4.0,0.11099945384755493,-0.005877826715886436,20
77,margin,47,6.0,0.11361560265432176,-0.0023607875395309508,20
77,margin,47,8.0,0.11600675131183662,-6.063213160434344e-06,20
77,margin,47,12.0,0.11985236745678089,0.0023898801992824348,19
83,real,11,0.5,0.13699442393760108,0.04780499075612499,10
83,real,11,1.0,0.12214575085788966,0.06568434263326217,10
83,real,11,2.0,0.11149265266550328,0.07591413274847625,10
83,real,11,3.0,0.11203463254163051,0.08400983119834682,9
83,real,11,4.0,0.11661805740745966,0.09294282766769191,9
83,real,11,6.0,0.12458644651372067,0.10296612409135852,9
83,real,11,8.0,0.13102720868360787,0.10847752032482982,9
83,real,11,12.0,0.14204022388364113,0.10379146421578389,5
83,r2,11,0.5,0.17225734211432697,0.06427679675577869,10
83,r2,11,1.0,0.1533556583888478,0.09093114449095929,10
83,r2,11,2.0,0.1385081182637701,0.10624579328290673,10
83,r2,11,3.0,0.13771634934977245,0.11662790219567454,9
83,r2,11,4.0,0.142365144416461,0.1288821464298302,9
83,r2,11,6.0,0.15089250325865536,0.1424550672390752,9
83,r2,11,8.0,0.15798987436230258,0.1498373221933127,9
83,r2,11,12.0,0.16922711171074553,0.15394505858641483,6
83,r5,11,0.5,0.16542183534375499,0.06095766522679524,10
83,r5,11,1.0,0.14854273302507778,0.08615889686795641,10
83,r5,11,2.0,0.13567608652332147,0.10112542407162117,10
83,r5,11,3.0,0.13552929060999452,0.10968331315501556,9
83,r5,11,4.0,0.14031056295662,0.11829109777926816,9
83,r5,11,6.0,0.14880072481350268,0.12690791388809208,9
83,r5,11,8.0,0.1557525319520845,0.13101544340398008,9
83,r5,11,12.0,0.168524917336166,0.12205292142084445,6
83,margin,11,0.5,0.15545857358697557,-0.0031702161896687286,10
83,margin,11,1.0,0.1453277932617445,-0.009429154152889918,10
83,margin,11,2.0,0.13710889310259722,-0.017359269857204707,10
83,margin,11,3.0,0.13910859726946148,-0.015549666276235552,9
83,margin,11,4.0,0.14439007069268295,-0.011461620865775846,9
83,margin,11,6.0,0.1532024115994708,-0.006688117306806851,9
83,margin,11,8.0,0.16023680348114874,-0.00448332024587661,9
83,margin,11,12.0,0.1706385507282568,-0.003547173711429652,8
83,real,29,0.5,0.13350561521062695,0.05266323729278044,10
83,real,29,1.0,0.11887296757391803,0.07275448369678539,10
83,real,29,2.0,0.10846127086417018,0.0840510175917829,10
83,real,29,3.0,0.11052800077666854,0.09490060656288168,9
83,real,29,4.0,0.11474067750733453,0.10296621960688135,9
83,real,29,6.0,0.12205557141921361,0.11156236888251558,9
83,real,29,8.0,0.1279582363143918,0.11604680931073841,9
83,real,29,12.0,0.13776295171263708,0.10812503636162496,5
83,r2,29,0.5,0.16917538492412462,0.049567430403420154,10
83,r2,29,1.0,0.15216622212909744,0.06826939949151334,10
83,r2,29,2.0,0.13884058020564513,0.07736692167747594,10
83,r2,29,3.0,0.13817931163121766,0.08485554110365556,9
83,r2,29,4.0,0.1430673363509977,0.09552809313512334,9
83,r2,29,6.0,0.15180118379077612,0.10752841290701387,9
83,r2,29,8.0,0.1589919684262165,0.11410823596672626,9
83,r2,29,12.0,0.17013017261447197,0.11654008400826588,7
83,r5,29,0.5,0.18069189831431637,0.06319281539176957,10
83,r5,29,1.0,0.16195249277763749,0.09001100979162036,10
83,r5,29,2.0,0.1471424946081851,0.10693128574504374,10
83,r5,29,3.0,0.14533842514509698,0.11518647581252206,9
83,r5,29,4.0,0.1503851585027029,0.12628490209999987,9
83,r5,29,6.0,0.15944334278533975,0.13811727406421692,9
83,r5,29,8.0,0.16691114896643644,0.14429741320396794,9
83,r5,29,12.0,0.17963697790565736,0.1391252280263784,5
83,margin,29,0.5,0.15006670871265393,-0.008398741725499592,10
83,margin,29,1.0,0.13951601295858104,-0.017573837270633108,10
83,margin,29,2.0,0.13069321607301898,-0.027888881995090875,10
83,margin,29,3.0,0.1311782479531975,-0.027150393280886198,9
83,margin,29,4.0,0.13682640436572535,-0.020814916520871196,9
83,margin,29,6.0,0.1462870503401231,-0.012472533697245436,9
83,margin,29,8.0,0.1538605794269276,-0.007639253319316142,9
83,margin,29,12.0,0.1650800169344103,-0.003553475523290661,8
83,real,47,0.5,0.13947429302090694,0.04606264670733706,10
83,real,47,1.0,0.12483079920030235,0.061728856848090485,10
83,real,47,2.0,0.11438339063885615,0.06934341890781281,10
83,real,47,3.0,0.11494637282523769,0.07793902726208357,9
83,real,47,4.0,0.11938778965768553,0.08841847807781222,9
83,real,47,6.0,0.1270766169341791,0.10067373801296564,9
83,real,47,8.0,0.13325538904940556,0.10768671396562479,9
83,real,47,12.0,0.14378495498823893,0.10346196052396028,5
83,r2,47,0.5,0.18045141268540935,0.05382724131118133,10
83,r2,47,1.0,0.1629514883473043,0.07677595284364802,10
83,r2,47,2.0,0.14878968271772122,0.0915122172981826,10
83,r2,47,3.0,0.14664567336788364,0.09840925222550945,9
83,r2,47,4.0,0.15175495567162772,0.10850928422461581,9
83,r2,47,6.0,0.1608874947258169,0.11905281395786205,9
83,r2,47,8.0,0.16838444044524284,0.12433703893024195,9
83,r2,47,12.0,0.1799139048727119,0.1279854467386764,8
83,r5,47,0.5,0.18277044190322356,0.07165730941472437,10
83,r5,47,1.0,0.16390604524510363,0.10271305469481762,10
83,r5,47,2.0,0.14879767225281354,0.1222396324977848,10
83,r5,47,3.0,0.14561115954829326,0.12905525218601643,9
83,r5,47,4.0,0.1507471282365855,0.1416879905332028,9
83,r5,47,6.0,0.16006627015943767,0.15506553959096536,9
83,r5,47,8.0,0.16777124550857925,0.1618201082248093,9
83,r5,47,12.0,0.1805947680420045,0.15707671290914083,6
83,margin,47,0.5,0.1523176457154333,-0.005055421858877529,10
83,margin,47,1.0,0.1419848279846974,-0.012098777277695039,10
83,margin,47,2.0,0.13337559659270137,-0.02048870429831784,10
83,margin,47,3.0,0.13388957286231906,-0.01950338419113473,9
83,margin,47,4.0,0.1393261847494056,-0.013746854751659154,9
83,margin,47,6.0,0.1484212816151596,-0.006618155174984541,9
83,margin,47,8.0,0.15565703702120415,-0.0027152681168817194,9
83,margin,47,12.0,0.1664602880780956,3.3691742186259255e-05,8
85,real,11,0.5,0.1323094844727247,0.018396141208172567,22
85,real,11,1.0,0.1261452690952877,0.025850641986458034,22
85,real,11,2.0,0.12114224180793111,0.03006291425468266,22
85,real,11,3.0,0.1203050919841576,0.03175471082651349,21
85,real,11,4.0,0.12213915131616604,0.03448862887165727,21
85,real,11,6.0,0.12539922447178345,0.037095063582539,21
85,real,11,8.0,0.1280251291001518,0.03818321542547087,21
85,real,11,12.0,0.13211901772618118,0.037150735584426386,15
85,r2,11,0.5,0.17698676151175247,0.08651622400982473,22
85,r2,11,1.0,0.16142000843874182,0.12923241159390086,22
85,r2,11,2.0,0.14869180346804134,0.16160191017137804,22
85,r2,11,3.0,0.14480842202620686,0.17094528258651376,22
85,r2,11,4.0,0.14519004747665368,0.1776488080537605,21
85,r2,11,6.0,0.14853177644468427,0.18606225859285996,21
85,r2,11,8.0,0.15151964026718198,0.19013466564668002,21
85,r2,11,12.0,0.15617036111831814,0.1939451062785459,20
85,r5,11,0.5,0.18544880446289475,0.0972551124538843,22
85,r5,11,1.0,0.16846892206831304,0.14731463829474145,22
85,r5,11,2.0,0.15436466544493035,0.18778276054854548,22
85,r5,11,3.0,0.14995385473476655,0.20065471002622526,22
85,r5,11,4.0,0.15014009597454037,0.20933072349703608,21
85,r5,11,6.0,0.15322408670179818,0.21913664269107158,21
85,r5,11,8.0,0.15608947243293864,0.22371366714737773,21
85,r5,11,12.0,0.1605837044867054,0.22788316801276354,19
85,margin,11,0.5,0.13805459533357106,-0.0015808699291229855,22
85,margin,11,1.0,0.1340649849517342,-0.004525727907785604,22
85,margin,11,2.0,0.13063835200007115,-0.0086980106252591,22
85,margin,11,3.0,0.1304122662160934,-0.009247025074906268,21
85,margin,11,4.0,0.1325015424919259,-0.006785883940155113,21
85,margin,11,6.0,0.1359664726715543,-0.0035837681214682116,21
85,margin,11,8.0,0.13870470449398825,-0.00176110655114059,21
85,margin,11,12.0,0.14284600997905975,-0.0003635264103558633,19
85,real,29,0.5,0.1360325311513828,0.018169310374105296,22
85,real,29,1.0,0.12973011702534393,0.025468917590058537,22
85,real,29,2.0,0.12460174807480777,0.02988582848943855,22
85,real,29,3.0,0.12321183131545502,0.03113550097140083,21
85,real,29,4.0,0.12510452083346607,0.03443549088178677,21
85,real,29,6.0,0.12852309533779235,0.03786312080914467,21
85,real,29,8.0,0.13127266271552449,0.03955085311262818,21
85,real,29,12.0,0.1357228125773776,0.03888759537272812,16
85,r2,29,0.5,0.16709858652377224,0.07957466581505357,22
85,r2,29,1.0,0.15345699560838344,0.11967422602566735,22
85,r2,29,2.0,0.14233947352356116,0.15122436254490834,22
85,r2,29,3.0,0.13893738515776888,0.1609216305427119,22
85,r2,29,4.0,0.1397307831216504,0.16851813432295604,21
85,r2,29,6.0,0.14285749724184563,0.17657391202273953,21
85,r2,29,8.0,0.14562566195866364,0.1803186053035979,21
85,r2,29,12.0,0.1498682833404699,0.18384713596028845,19
85,r5,29,0.5,0.18970356215744305,0.10053335041350087,22
85,r5,29,1.0,0.17215467441437715,0.15290556393750177,22
85,r5,29,2.0,0.15701693715843604,0.19572043032330688,22
85,r5,29,3.0,0.15207010982786903,0.20947424036356466,22
85,r5,29,4.0,0.15155527645435413,0.21710188325441582,21
85,r5,29,6.0,0.15478496542062153,0.22708064323355193,21
85,r5,29,8.0,0.15786249388782422,0.2314925905530376,21
85,r5,29,12.0,0.16286434908024894,0.2347392567601737,19
85,margin,29,0.5,0.13866319744979455,-0.0007938095277666424,22
85,margin,29,1.0,0.1345264270833583,-0.0030620547945597876,22
85,margin,29,2.0,0.13087175680097157,-0.006447283735968923,22
85,margin,29,3.0,0.12973902298239265,-0.007842100618377312,21
85,margin,29,4.0,0.131913866612441,-0.005536611984422013,21
85,margin,29,6.0,0.13566231481567576,-0.0026435488602617463,21
85,margin,29,8.0,0.13862700770177955,-0.0011175406656680487,21
85,margin,29,12.0,0.1430385190235982,-4.053405029802448e-05,19
85,real,47,0.5,0.13443661779463822,0.016956216827381798,22
85,real,47,1.0,0.12817318112342863,0.023748032798647345,22
85,real,47,2.0,0.12314372051344294,0.027834825716760325,22
85,real,47,3.0,0.12168592748679172,0.028854244491439363,21
85,real,47,4.0,0.1236028648971838,0.03252987847839084,21
85,real,47,6.0,0.12706764176882082,0.036563788570620925,21
85,real,47,8.0,0.12983380311038759,0.03859621443938244,21
85,real,47,12.0,0.13417513344998946,0.038699276665255744,15
85,r2,47,0.5,0.17194275394202108,0.06192571293490379,22
85,r2,47,1.0,0.1601444927565623,0.0922520974471367,22
85,r2,47,2.0,0.15038545585289054,0.11513063933124601,22
85,r2,47,3.0,0.1473526937380591,0.12188389575352887,22
85,r2,47,4.0,0.1480190081376952,0.1277815211814809,21
85,r2,47,6.0,0.15153624281032144,0.13585298186251005,21
85,r2,47,8.0,0.1545847067755404,0.13988820161923987,21
85,r2,47,12.0,0.15925027174891757,0.14377562903439467,20
85,r5,47,0.5,0.18981458697583883,0.1070275904299568,22
85,r5,47,1.0,0.17136248261674283,0.16315468076437323,22
85,r5,47,2.0,0.15578133928470397,0.20966472813760906,22
85,r5,47,3.0,0.15079289797364445,0.22482532498807228,22
85,r5,47,4.0,0.15031431173459206,0.23325337674852742,21
85,r5,47,6.0,0.15347975921749268,0.24385906681405833,21
85,r5,47,8.0,0.1564813307726857,0.24866692196955598,21
85,r5,47,12.0,0.1611798606035628,0.25277843708624015,20
85,margin,47,0.5,0.138775009964137,-0.0014229356371311397,22
85,margin,47,1.0,0.13451546512246482,-0.004053189084222031,22
85,margin,47,2.0,0.1307728000677116,-0.0078037542131611515,22
85,margin,47,3.0,0.12967314898912358,-0.009264202716950276,21
85,margin,47,4.0,0.13188323991033077,-0.00707666563395748,21
85,margin,47,6.0,0.13565720843998802,-0.004330888111386155,21
85,margin,47,8.0,0.13864692907642343,-0.0029009778987276746,21
85,margin,47,12.0,0.14313750107506884,-0.0019880054534444636,20
90,real,11,0.5,0.10317870550508512,0.04203290277702787,10
90,real,11,1.0,0.09077069486950506,0.06636524790958198,10
90,real,11,2.0,0.08003612623602402,0.08720790679716128,10
90,real,11,3.0,0.07741603807764924,0.08568023160170946,9
90,real,11,4.0,0.0782533043696202,0.08404978570792399,8
90,real,11,6.0,0.08469406189819934,0.08091480530147244,8
90,real,11,8.0,0.09052187485185977,0.07552922977417453,8
90,real,11,12.0,0.10055050667876989,0.061620126614466475,8
90,r2,11,0.5,0.15927088296649114,0.03245162650049771,10
90,r2,11,1.0,0.144815689089168,0.050452961424731546,10
90,r2,11,2.0,0.12959380749319424,0.0662736860158254,10
90,r2,11,3.0,0.12317586594769686,0.07182248769218047,10
90,r2,11,4.0,0.12124722466653812,0.07554976038618,9
90,r2,11,6.0,0.12736341653539526,0.0889964089104549,9
90,r2,11,8.0,0.1330208416785604,0.09638112844935698,9
90,r2,11,12.0,0.142270956931556,0.10419403862356669,9
90,r5,11,0.5,0.16843749923758006,0.029253375334592047,10
90,r5,11,1.0,0.15415111562253608,0.04491721307278129,10
90,r5,11,2.0,0.13899302702446084,0.057729456130344636,10
90,r5,11,3.0,0.1325524717497518,0.061552313928493585,10
90,r5,11,4.0,0.13039694572023056,0.06396587497527362,9
90,r5,11,6.0,0.1367601163207094,0.07619188602594884,9
90,r5,11,8.0,0.1426396691834361,0.0829838561631897,9
90,r5,11,12.0,0.15229316048593453,0.09026153649636048,9
90,margin,11,0.5,0.11076242241336302,-0.0030841801930249213,10
90,margin,11,1.0,0.10348806608543973,-0.0071249368123935675,10
90,margin,11,2.0,0.09628072724702136,-0.013030177993705427,10
90,margin,11,3.0,0.09347386832768267,-0.015827290138440753,10
90,margin,11,4.0,0.09590424112153283,-0.012967712381646512,9
90,margin,11,6.0,0.1014885395917189,-0.00784598616078136,9
90,margin,11,8.0,0.10615752268489637,-0.00451368690557008,9
90,margin,11,12.0,0.11344843582848975,-0.000792953256379958,9
90,real,29,0.5,0.09798975718278742,0.04073601475337407,10
90,real,29,1.0,0.08573283210724439,0.06435483110268103,10
90,real,29,2.0,0.07520443072603877,0.0852997950525125,10
90,real,29,3.0,0.07272763018954052,0.08398478697285583,9
90,real,29,4.0,0.07397478034192445,0.08272411668329616,8
90,real,29,6.0,0.08031645916169002,0.08039598447806451,8
90,real,29,8.0,0.08602936256396501,0.07533671639759354,8
90,real,29,12.0,0.09582652540791789,0.06191415645672693,8
90,r2,29,0.5,0.15238966621267006,0.030909523607357103,10
90,r2,29,1.0,0.13870422089493373,0.047831815957654955,10
90,r2,29,2.0,0.12484095318629071,0.06202336119263341,10
90,r2,29,3.0,0.11927491086208321,0.06631467572831962,10
90,r2,29,4.0,0.11786274194176921,0.06921825204191134,9
90,r2,29,6.0,0.12401951623387551,0.08005766942204728,9
90,r2,29,8.0,0.12956995667828153,0.08588338095154613,9
90,r2,29,12.0,0.13861481790381,0.09201913785810867,9
90,r5,29,0.5,0.1742349078385187,0.018361965610139697,10
90,r5,29,1.0,0.16116588654929118,0.0270479790077085,10
90,r5,29,2.0,0.14680272038349385,0.03233940618809994,10
90,r5,29,3.0,0.14034697097120233,0.03285756704925635,10
90,r5,29,4.0,0.13736240139827366,0.03267937360788653,10
90,r5,29,6.0,0.14390023735097124,0.043764990786650304,9
90,r5,29,8.0,0.15039360955548906,0.050705956513305006,9
90,r5,29,12.0,0.16101496285903016,0.058185674673409515,9
90,margin,29,0.5,0.11042208256027325,-0.0002465447476237559,10
90,margin,29,1.0,0.10318776905875411,-0.0023980109959699236,10
90,margin,29,2.0,0.09603412264979136,-0.006080817472009836,10
90,margin,29,3.0,0.0932516232595343,-0.008032398291107357,10
90,margin,29,4.0,0.0951660714879083,-0.006296718030245674,9
90,margin,29,6.0,0.1009396638618361,-0.002556686622820159,9
90,margin,29,8.0,0.10575299633206031,-0.0003014810378630939,9
90,margin,29,12.0,0.11326684654570575,0.0019297410298102502,9
90,real,47,0.5,0.10114510392631842,0.041865835031689724,10
90,real,47,1.0,0.08870525734092057,0.06581200720800995,10
90,real,47,2.0,0.07796104951807273,0.08565905190465373,10
90,real,47,3.0,0.07540150797841591,0.08376517484269352,9
90,real,47,4.0,0.07646530901850176,0.08245535947143401,8
90,real,47,6.0,0.08301539502469835,0.08031520460477859,8
90,real,47,8.0,0.08887047785699498,0.07550308862132815,8
90,real,47,12.0,0.09887043152574214,0.0623546719568413,8
90,r2,47,0.5,0.1608535746540782,0.0632537240013401,10
90,r2,47,1.0,0.1435961502268632,0.0992074750941967,10
90,r2,47,2.0,0.12671784512334017,0.130889447362868,10
90,r2,47,3.0,0.12030474696274596,0.14163067282869546,10
90,r2,47,4.0,0.11785169652781384,0.1460539450485857,9
90,r2,47,6.0,0.12347669595136156,0.16255246306857862,9
90,r2,47,8.0,0.12880981342839687,0.17154202755683567,9
90,r2,47,12.0,0.13755343412917995,0.1812487674617469,9
90,r5,47,0.5,0.17499480365066494,0.03659635544479889,10
90,r5,47,1.0,0.16019060879934943,0.056889615264361204,10
90,r5,47,2.0,0.1444629924806294,0.07429486312023947,10
90,r5,47,3.0,0.13774392243834718,0.0798920048407118,10
90,r5,47,4.0,0.134776487722635,0.08188174752542676,10
90,r5,47,6.0,0.14096428642368056,0.09353019857362466,9
90,r5,47,8.0,0.14730816974043318,0.10031284105727845,9
90,r5,47,12.0,0.15764990318566957,0.10708806647968827,9
90,margin,47,0.5,0.10987495763122025,-0.0011253138175145727,10
90,margin,47,1.0,0.10256203084798372,-0.004002680749849996,10
90,margin,47,2.0,0.09531720680024616,-0.008611205080477302,10
90,margin,47,3.0,0.0924953967772162,-0.010873280536982333,10
90,margin,47,4.0,0.09467891133219043,-0.008625491632067828,9
90,margin,47,6.0,0.10039479056038163,-0.004232073744895204,9
90,margin,47,8.0,0.10514991260209654,-0.0014876378704111737,9
90,margin,47,12.0,0.11255544900275899,0.001456884321348384,9
92,real,11,0.5,0.13830664597297032,0.006368401724083483,18
92,real,11,1.0,0.13263504791449465,0.00836318840356487,18
92,real,11,2.0,0.12686975206562415,0.008340884604937648,18
92,real,11,3.0,0.12452917521361151,0.007598669961932147,18
92,real,11,4.0,0.12491237124626543,0.009327956192082598,17
92,real,11,6.0,0.12849818006766,0.014601765049799154,17
92,real,11,8.0,0.131541642881739,0.017654727902318923,17
92,real,11,12.0,0.136292591078545,0.020831404535062048,16
92,r2,11,0.5,0.1798484866696798,0.047680682394276586,18
92,r2,11,1.0,0.1680873784914142,0.0748626072088675,18
92,r2,11,2.0,0.15613943918780013,0.09959721634942509,18
92,r2,11,3.0,0.1512798686285616,0.10856717416722828,18
92,r2,11,4.0,0.1492008901357868,0.11218044367293278,18
92,r2,11,6.0,0.1522415263082592,0.12243919805499048,17
92,r2,11,8.0,0.15575585017004723,0.12824835187670847,17
92,r2,11,12.0,0.16149942106314713,0.13410896494935365,17
92,r5,11,0.5,0.19203055419420625,0.08161815218970936,18
92,r5,11,1.0,0.17500486311594898,0.13092474055834413,18
92,r5,11,2.0,0.15773346518394663,0.1793421343057494,18
92,r5,11,3.0,0.15077205903842847,0.19860798211566377,18
92,r5,11,4.0,0.1478193026245158,0.20698973532995169,18
92,r5,11,6.0,0.14943399015806308,0.22003308976401414,17
92,r5,11,8.0,0.1526213444816413,0.2272646202528008,17
92,r5,11,12.0,0.15806814176988077,0.23407316812751167,17
92,margin,11,0.5,0.1400487001359099,3.552733723211077e-05,18
92,margin,11,1.0,0.13531323305364798,-0.0016029762957811,18
92,margin,11,2.0,0.13031215905364213,-0.005005217155740427,18
92,margin,11,3.0,0.1281815518993873,-0.007083072277473734,18
92,margin,11,4.0,0.12787451024187982,-0.007368368707393658,17
92,margin,11,6.0,0.13188985628263278,-0.0036344194863748847,17
92,margin,11,8.0,0.13525538774152238,-0.001494997504180029,17
92,margin,11,12.0,0.14049718051838037,0.00049291616371816,17
92,real,29,0.5,0.13802435742890434,0.007048508384607466,18
92,real,29,1.0,0.13236247550347083,0.009455744829128143,18
92,real,29,2.0,0.12657686235298593,0.01006307566470055,18
92,real,29,3.0,0.12420660131797814,0.009605045719738858,18
92,real,29,4.0,0.12428506638157287,0.010809122616029399,17
92,real,29,6.0,0.12796859602893873,0.01559104860710947,17
92,real,29,8.0,0.13109603239574408,0.018286191806234475,17
92,real,29,12.0,0.13597514588520956,0.020920733737763042,16
92,r2,29,0.5,0.17885961674780504,0.06685788667413739,18
92,r2,29,1.0,0.1648337169059221,0.10590310220374388,18
92,r2,29,2.0,0.15093887543976278,0.14242985680084042,18
92,r2,29,3.0,0.14551550146243705,0.15611085729999763,18
92,r2,29,4.0,0.14327649087109348,0.1617910820201317,18
92,r2,29,6.0,0.1460657216342642,0.17322242050350345,17
92,r2,29,8.0,0.14928789236662257,0.17900283539540884,17
92,r2,29,12.0,0.1546061643800406,0.18461602057595183,17
92,r5,29,0.5,0.19482363386333446,0.06971889251036001,18
92,r5,29,1.0,0.1788013230034946,0.11160539642993628,18
92,r5,29,2.0,0.1620794128841274,0.15246830652059729,18
92,r5,29,3.0,0.1550897601431713,0.16859533122380643,18
92,r5,29,4.0,0.15204706555231096,0.17558710297322033,18
92,r5,29,6.0,0.15366905930822367,0.1880207819634585,17
92,r5,29,8.0,0.15703665668857722,0.19559483705359715,17
92,r5,29,12.0,0.16277267532513245,0.20317703087950367,17
92,margin,29,0.5,0.1398526469877356,-0.0014316873804745,18
92,margin,29,1.0,0.1351075205857646,-0.004139079597842321,18
92,margin,29,2.0,0.13008940950106782,-0.00885276073673269,18
92,margin,29,3.0,0.12795000099799628,-0.011564662981295548,18
92,margin,29,4.0,0.12801569331682852,-0.01143169806552824,17
92,margin,29,6.0,0.13193648616776943,-0.006773723472891513,17
92,margin,29,8.0,0.13522126048500577,-0.0038690069547496764,17
92,margin,29,12.0,0.14034406713589215,-0.0008133479326465354,17
92,real,47,0.5,0.1377268615555887,0.007101280866996129,18
92,real,47,1.0,0.1319711559112142,0.009670355534197483,18
92,real,47,2.0,0.12607182462840527,0.0104525337312249,18
92,real,47,3.0,0.12364813295260743,0.010116109080593683,18
92,real,47,4.0,0.12346222483060326,0.010906684388362509,17
92,real,47,6.0,0.12725617126792374,0.015269296723427361,17
92,real,47,8.0,0.13047327164746683,0.017687272420136457,17
92,real,47,12.0,0.1354682753662217,0.020025386589211935,16
92,r2,47,0.5,0.17714066449501276,0.0739474309318281,18
92,r2,47,1.0,0.16188546770209383,0.11712011011609291,18
92,r2,47,2.0,0.14688805142516748,0.1573919243355114,18
92,r2,47,3.0,0.14111379491355697,0.17233310541959024,18
92,r2,47,4.0,0.13877530667461324,0.17852925849849643,17
92,r2,47,6.0,0.14156516768730684,0.19184088969655488,17
92,r2,47,8.0,0.14459536669028844,0.1983015177133024,17
92,r2,47,12.0,0.14963626749378242,0.20475990178588488,17
92,r5,47,0.5,0.18284434024405108,0.07273747650367113,18
92,r5,47,1.0,0.16738008752394973,0.11591363348336126,18
92,r5,47,2.0,0.1518279995407666,0.15745935217880247,18
92,r5,47,3.0,0.14563174305849158,0.1735265578047801,18
92,r5,47,4.0,0.14303345112221388,0.1803389436320476,18
92,r5,47,6.0,0.14519359268015744,0.1929833474586794,17
92,r5,47,8.0,0.14849578921604353,0.20009781016600625,17
92,r5,47,12.0,0.15402083434264582,0.20716939393647116,17
92,margin,47,0.5,0.14072839460324701,-0.0007707388537070425,18
92,margin,47,1.0,0.1359248732623354,-0.003028357566062234,18
92,margin,47,2.0,0.13080348873764752,-0.0072500009040490365,18
92,margin,47,3.0,0.12859520382927872,-0.009764935317045365,18
92,margin,47,4.0,0.1281124338438134,-0.010399234169181204,17
92,margin,47,6.0,0.13226820458334104,-0.006137266011567277,17
92,margin,47,8.0,0.1357572217371056,-0.0035715325931293673,17
92,margin,47,12.0,0.14119517140175492,-0.0010538429581180564,17
93,real,11,0.5,0.12321803434772512,0.021900647165803644,21
93,real,11,1.0,0.11663261281648134,0.0324955842085346,21
93,real,11,2.0,0.11063246316471421,0.04060748105802414,21
93,real,11,3.0,0.1084982510248953,0.0430440282957788,21
93,real,11,4.0,0.10886073017953538,0.046000849942053335,20
93,real,11,6.0,0.1118267287749502,0.05151048977312278,20
93,real,11,8.0,0.11432794633775512,0.05441462413993203,20
93,real,11,12.0,0.11852049756888765,0.05628801966038144,16
93,r2,11,0.5,0.1684984691691083,0.06809971970466855,21
93,r2,11,1.0,0.15540255642903325,0.10583748200506082,21
93,r2,11,2.0,0.14315344824280893,0.1388893172442479,21
93,r2,11,3.0,0.1387026244484251,0.15027065637918824,21
93,r2,11,4.0,0.1373064216669343,0.15547104630563902,20
93,r2,11,6.0,0.13999051117308933,0.1658825174522447,20
93,r2,11,8.0,0.14264000375864735,0.17091782748569084,20
93,r2,11,12.0,0.14690600564460943,0.17606571906972202,20
93,r5,11,0.5,0.18315849344087254,0.08438993256384797,21
93,r5,11,1.0,0.16725676619282795,0.13394440666059715,21
93,r5,11,2.0,0.15180972309270632,0.18096558678096164,21
93,r5,11,3.0,0.14592497971077975,0.19885368318432006,21
93,r5,11,4.0,0.14355074226466233,0.20626711667158548,21
93,r5,11,6.0,0.1456727964749596,0.2190591170855788,20
93,r5,11,8.0,0.14846824748484677,0.2254255451446996,20
93,r5,11,12.0,0.15311657236496104,0.23168831970177606,20
93,margin,11,0.5,0.12830748854422164,0.00014443996519464264,21
93,margin,11,1.0,0.12420827660419924,-0.00152187298213724,21
93,margin,11,2.0,0.12016700455982046,-0.004864529408835416,21
93,margin,11,3.0,0.1185808277742255,-0.006734674173457855,21
93,margin,11,4.0,0.11920414002655827,-0.0058807208355177165,20
93,margin,11,6.0,0.1225818269053259,-0.0023134411047620596,20
93,margin,11,8.0,0.1253481338206832,-0.00021173671384988602,20
93,margin,11,12.0,0.1297704099541468,0.0009169493651042249,18
93,real,29,0.5,0.12289396409086946,0.02305468949463707,21
93,real,29,1.0,0.11620953931287788,0.03415531409974226,21
93,real,29,2.0,0.11002013794677945,0.04235033983349523,21
93,real,29,3.0,0.10776168522952004,0.044660009779716736,21
93,real,29,4.0,0.10845031807828077,0.048102349905824404,20
93,real,29,6.0,0.11123362476502671,0.052854986315642116,20
93,real,29,8.0,0.1136454373455979,0.05521063582506347,20
93,real,29,12.0,0.11763214097664862,0.05612211072109863,16
93,r2,29,0.5,0.172710970689861,0.05196532269605336,21
93,r2,29,1.0,0.16150840803205072,0.08078462326503266,21
93,r2,29,2.0,0.15076493774758673,0.1059388886709508,21
93,r2,29,3.0,0.1467123248920194,0.11463264731241007,21
93,r2,29,4.0,0.14540332730810693,0.1186998776962358,20
93,r2,29,6.0,0.14839262115542523,0.12835213083189378,20
93,r2,29,8.0,0.15124392262468153,0.13309732551662024,20
93,r2,29,12.0,0.15583306651392015,0.13787751642948942,20
93,r5,29,0.5,0.19123789416269812,0.09681552991077935,21
93,r5,29,1.0,0.1737025580848068,0.15384594119404327,21
93,r5,29,2.0,0.15663695757250737,0.20790240556740502,21
93,r5,29,3.0,0.1501133264275236,0.22840382313745633,21
93,r5,29,4.0,0.14746393905458136,0.23687984383523442,21
93,r5,29,6.0,0.14944715191868485,0.2498806236521598,20
93,r5,29,8.0,0.15212586826515442,0.25569834661183855,20
93,r5,29,12.0,0.15668900496159746,0.2610530143632237,20
93,margin,29,0.5,0.1301464742114708,-8.49558383848592e-05,21
93,margin,29,1.0,0.12608564283835513,-0.0020718187620800688,21
93,margin,29,2.0,0.12209055758637705,-0.005812905543633451,21
93,margin,29,3.0,0.12052159841406021,-0.007875806538331087,21
93,margin,29,4.0,0.12142155783687775,-0.006479816374076686,20
93,margin,29,6.0,0.12464422602142006,-0.0026676982508995195,20
93,margin,29,8.0,0.1272919966746762,-0.0004119024567634799,20
93,margin,29,12.0,0.1316534952472981,0.0014586812467318744,18
93,real,47,0.5,0.12351727417240045,0.022811754911712057,21
93,real,47,1.0,0.11687416346487751,0.03399543711019992,21
93,real,47,2.0,0.11073071444835489,0.04262375118772743,21
93,real,47,3.0,0.10849246536874514,0.04524877819966433,21
93,real,47,4.0,0.10884010998994208,0.048474231960079384,20
93,real,47,6.0,0.1117794992401233,0.05424918528826028,20
93,real,47,8.0,0.11429534422231807,0.057321216869236524,20
93,real,47,12.0,0.11845232877171513,0.059656275898455124,17
93,r2,47,0.5,0.17091056338211172,0.07018788679537902,21
93,r2,47,1.0,0.15746344110603108,0.10987400718893248,21
93,r2,47,2.0,0.14474821726552944,0.14554466564351154,21
93,r2,47,3.0,0.14006232162806997,0.1581501311313891,21
93,r2,47,4.0,0.13858700005143326,0.16389404357242587,20
93,r2,47,6.0,0.1413735578789002,0.17426358199938752,20
93,r2,47,8.0,0.14413964033657403,0.17898940567842125,20
93,r2,47,12.0,0.14862785138063758,0.18339946601815782,19
93,r5,47,0.5,0.18879905581912285,0.08811786477869832,21
93,r5,47,1.0,0.17219556880639753,0.13915044686202827,21
93,r5,47,2.0,0.15620756543199887,0.1867005647496519,21
93,r5,47,3.0,0.1501766525930407,0.20458822024992185,21
93,r5,47,4.0,0.14775546730306413,0.21197146181941917,21
93,r5,47,6.0,0.14980666170852092,0.22411230004850058,20
93,r5,47,8.0,0.15270192722357098,0.2302305684498901,20
93,r5,47,12.0,0.15753395421228983,0.23606046873360387,20
93,margin,47,0.5,0.12663833708461494,0.0010589128141963444,21
93,margin,47,1.0,0.12248501065135645,-0.00011263332879152266,21
93,margin,47,2.0,0.1183706785828365,-0.0030339122877350855,21
93,margin,47,3.0,0.11674533639847073,-0.004801206915510781,21
93,margin,47,4.0,0.11748460613808237,-0.0037972599202831248,20
93,margin,47,6.0,0.1208384353328375,-0.0004743727854802371,20
93,margin,47,8.0,0.12358403982750363,0.0013614923966499548,20
93,margin,47,12.0,0.1280395315319774,0.0022916294552464134,18
