page,num,sub,pos,ctx,title,resolves,overlap
README.md,264,,1229,"ntracked and gitignored as of this commit. They remain in the commit history.  > ### How big is any of this? (`#264`, read this before anything else) > Every person-level dimension this ","把所有关于「一个人是谁」的东西加起来,平均只说中百分之一点四",1,0
README.md,301,,2344,ry power are different > things — a quantity can stably measure something that hardly moves anything.** > ⚠ **`#301` `#302`:**in-sample 1.4% / out-of-sample 0.87%**. Held out — 5-fold pe,1.4% 是样本内的;换到没见过的人身上是 1.09%,1,0
README.md,302,,2351,r are different > things — a quantity can stably measure something that hardly moves anything.** > ⚠ **`#301` `#302`:**in-sample 1.4% / out-of-sample 0.87%**. Held out — 5-fold person-le,"嵌套 CV:0.869%,已发表数字的 37% 是拟合",1,0
README.md,356,,3074,"n **in the people they were built from**, 0.869% is what they deliver **on people they have never seen**. ⚠ **`#356`: and part of that 1.4% is co-linear with how much a person reported.*","六个坐标解释的东西里,中位 18% 与「你报了多少」共线",1,0
README.md,234,c,4229,rsive mix | value re-enters and reshapes the representation it acted on | > ### Where the three models stand (`#234c`) > **B is dead** (`#179`: position is not a stance-free coordinate — ,"羞耻改变一个人怎么看自己的欲望,但没有改变它的形状",1,0
README.md,179,,4255,s and reshapes the representation it acted on | > ### Where the three models stand (`#234c`) > **B is dead** (`#179`: position is not a stance-free coordinate — it comes with shame). > *,"「偏爱冷门」不是一个不带立场的坐标:控制内容之后,它仍然预测羞耻",1,0
README.md,234,a,4384," not a stance-free coordinate — it comes with shame). > **C's one distinguishing prediction is unsupported** (`#234a`: stratify by shame, match pick count, > and the breadth profile's spl","羞耻改变一个人怎么看自己的欲望,但没有改变它的形状",1,0
README.md,229,,4849,"**0.56–0.72**, against the position score's 0.432 — is *which domains a person opens in and > in what shape* (`#229`–`#232`). **None of A, B or C predicts it**, because all three ask wha","宽度有形状,而它的第一个名字是「体液」",1,0
README.md,232,,4856,"0.72**, against the position score's 0.432 — is *which domains a person opens in and > in what shape* (`#229`–`#232`). **None of A, B or C predicts it**, because all three ask what makes","两条完全不同的路,通向同一种感觉",1,0
README.md,234,c,5229,"'s completeness, not a refutation of A.   ---  ## The person-level dimensions this release actually supports  `#234c` found that the A/B/C decomposition does not cut this data at its join","羞耻改变一个人怎么看自己的欲望,但没有改变它的形状",1,0
README.md,251,,5605,em in one place. **Every number below appears verbatim in `RETRACTIONS.md` — the round that built this table (`#251`) fails if one does not.** Empty cells say `UNCOMPUTED`; they are the ,"这个项目花最多力气去证明的那个量,不是它手里最结实的那个",1,0
README.md,259,,6172,"mains you open in | **+0.6785** | blocks | **verified** (onset instrument, +0.1384) | +0.0830 | ~8–10/31  ⚠ **`#259`: this row and the breadth-type c3 row overlap heavily** — their outco","大体同一,而「大体」这个词这次是有数字的",1,0
README.md,255,,6849,"*clarity** gives +0.0148 ± 0.0116 (1.3×, one seed) | **8 of 29, read as 3–13** across six option-split seeds (`#255` — ⚠ `#254`'s ""predicts nothing"" is **withdrawn**: that reading came f","我说它「什么都不预测」,只是因为我抽到了一个不巧的种子",1,0
README.md,254,,6860,"gives +0.0148 ± 0.0116 (1.3×, one seed) | **8 of 29, read as 3–13** across six option-split seeds (`#255` — ⚠ `#254`'s ""predicts nothing"" is **withdrawn**: that reading came from one unl","一个没有功效证明的零,和一个 UNCOMPUTED 只差一点点",1,0
README.md,228,b,7005,thdrawn**: that reading came from one unlucky seed) | pick count controlled · block-level property ruled out (`#228b`) | | Breadth type c1 | **+0.6429** | blocks | untested | `UNCOMPUTED`,"「对什么都说是」的人,其实不是对什么都说是",1,0
README.md,257,,7125," | Breadth type c1 | **+0.6429** | blocks | untested | `UNCOMPUTED` | 13 → **9 after control, read as 6–12** (`#257`) | **pick count · sex · position S all controlled** (`#252`) | | Brea","三个数字一个都没错,但它们此前给出的精度窄了大约一半",1,0
README.md,252,,7185,"MPUTED` | 13 → **9 after control, read as 6–12** (`#257`) | **pick count · sex · position S all controlled** (`#252`) | | Breadth type c2 | **+0.5778** | blocks | untested | `UNCOMPUTED`","一个由特征分解定义的成分,不能用种入强度扫描去做正对照",1,0
README.md,257,,7303,"| | Breadth type c2 | **+0.5778** | blocks | untested | `UNCOMPUTED` | 11 → **6 after control, read as 4–8** (`#257`) | **pick count · sex · position S all controlled** (`#252`) | | **Br","三个数字一个都没错,但它们此前给出的精度窄了大约一半",1,0
README.md,252,,7363,"OMPUTED` | 11 → **6 after control, read as 4–8** (`#257`) | **pick count · sex · position S all controlled** (`#252`) | | **Breadth type c3 — *where you spend your openness*** | **+0.563","一个由特征分解定义的成分,不能用种入强度扫描去做正对照",1,0
README.md,258,,7506,"where you spend your openness*** | **+0.5631** | blocks | **name verified** on the disjoint onset instrument (`#258`: +0.1815 with its transgressive half, **−0.1086** with its ordinary h","c3 有名字了:不是「你有多开放」,是「你把开放花在哪儿」",1,0
README.md,257,,7656,"alf, **−0.1086** with its ordinary half, gap 18.6×) | **+0.1286** | 21 → **19 after control, read as 17–21** (`#257`) | correlates only +0.2036 with position; both survive jointly; total","三个数字一个都没错,但它们此前给出的精度窄了大约一半",1,0
README.md,366,,7794,.2036 with position; both survive jointly; total category count controlled — the gap **grows** to +0.4905 ⚠ **`#366`: and this route is not as clean as the other two.** Against a panel o,`c3⁻` 那份羞耻不是独有的;而咬掉它的五个量说的是同一种人,1,0
README.md,367,,8755,"less agency, together carrying about 40% of this route's shame. The other 60% none of the twenty can see. ⚠ **`#367`: that 40% is ONE dimension, not twenty — but half of the sentence abo","那 40% 是**一个**维度,不是二十个;而「同一种人」里有一半是我读出来的",1,0
README.md,369,,9758,"information.** 16 of the 20 variables are same-signed, so a random 5-subset agrees **28.2%** of the time. ⚠ **`#369`: and the sharing is uniform along that line — the two numbers above a","换估计量,不换问题:那 92% 真的是摊在整条线上",1,0
README.md,368,,9934,"rs above are not in tension.** A quintile split had no power to say so (MDE +0.20 against a meaningful +0.05, `#368`), so the question was re-estimated as a single interaction on all 6,6","「均匀」我报不了;而我把标签写反了,又造了一个永远不会开火的判据",1,0
README.md,347,,10809,": a variable that genuinely **is** c3⁻ plus equal-magnitude noise leaves 54.8%. ⚠ c3⁻ is estimated in-sample (`#347`), so the absolute pp is an upper bound; the retained fraction is the ",把口径注写进页面上那个 `+0.1185`,1,0
README.md,114,,11127,"/a (blocks carry no time) | `UNCOMPUTED` | 11/31 | current age controlled (+0.0226) · recall bias controlled (`#114` — **`#452` corrects this citation, which read `#289`; that entry is a","记忆把心爱的兴趣往前拉,约 0.74 年;这是这个数据集里第一个被直接量出来的回忆偏差",1,0
README.md,452,,11138,"carry no time) | `UNCOMPUTED` | 11/31 | current age controlled (+0.0226) · recall bias controlled (`#114` — **`#452` corrects this citation, which read `#289`; that entry is about measur","读出来的两件事,比跑出来的那一件更值钱",1,0
README.md,289,,11180,"rrent age controlled (+0.0226) · recall bias controlled (`#114` — **`#452` corrects this citation, which read `#289`; that entry is about measurement invariance by sex**) · 56% survives ","S 不是性别,但 S 在两个人群里意味着不同的东西",1,0
README.md,277,,11549," all six coordinates) | **verified** — +0.0799 on the disjoint onset instrument, 3.9× its permutation spread (`#277`) | **+0.0454**, but its increment over the six is **+0.21 ± 0.13pp — ","那个东西现在可以拿在手里了,即使仍然叫不出名字",1,0
README.md,278,,11646,"tion spread (`#277`) | **+0.0454**, but its increment over the six is **+0.21 ± 0.13pp — indistinguishable** (`#278`) | **9–11 of 27** (its own two items excluded) | the six coordinates ","这个项目找到的每一样东西最后都指向羞耻,除了这一个",1,0
README.md,277,,11813,"he six coordinates are removed by construction; its correlation with `c3⊥D` is an **identity**, not evidence (`#277`); it shares only +0.1212 of profile with `rate⊥rho` on the disjoint i","那个东西现在可以拿在手里了,即使仍然叫不出名字",1,0
README.md,283,,11900,"ntity**, not evidence (`#277`); it shares only +0.1212 of profile with `rate⊥rho` on the disjoint instrument (`#283`) | | ~~Accumulation rate~~ | +0.6931 | onset ages | n/a | `UNCOMPUTED","同一道题,两条互不相干的路",1,0
README.md,288,,12511,"> ⚠ **This table is built on the pooled sample, and the six coordinates are not the same thing in the two ⚠ **`#288`: dropping every item that mentions male/female/gender halves this but","不是几道题的问题,是整套结构的问题",1,0
README.md,293,,13069," correlation, so it is `UNCOMPUTED`, not zero, and the ""half"" is a subtraction (`D5`), not a measurement. ⚠ **`#293`–`#294`: the two groups do not even agree on what counts as uncommon.*","他们眼里什么算冷门,本身就不一样",1,0
README.md,294,,13076,"ation, so it is `UNCOMPUTED`, not zero, and the ""half"" is a subtraction (`D5`), not a measurement. ⚠ **`#293`–`#294`: the two groups do not even agree on what counts as uncommon.** The r","换成组内的尺子,差一点没动",1,0
README.md,296,,13786,"e and neither causes the other** — the difference is not in the ruler, it is in the thing being measured. ⚠ **`#296`: the outcome side is not yet controlled.** A group difference in the ","看上去是十轮站住了,但正对照说这句不能说",1,0
README.md,381,,14302,".5%**), so it is UNVERIFIED, not a confirmation. **The sex non-invariance is reported here at D5, not D6. ⚠ **`#381`: and it cannot be localised to the position score S — not because it ",合成正对照会让我报出这个零;真实数据上的正对照拦住了它,1,0
README.md,380,,14618,"(|t| 1.16) against a family-wise threshold of 2.38 — but in the same model and the same run, **`EARLY`, which `#380` established as genuinely different, reaches only |t| 1.73 and also fa","性兴趣来得早,在非生理男的人身上带来的羞耻大约是两倍(独立确认,五门全过)",1,0
README.md,414,,15194," needs ≥8 blocks; the two requirements exclude each other.** So this is a named wall, not an undone task. ⚠ **`#414`: and there is a second wall, of a different kind — the category level",类别层有一堵结构性的墙:31 个类别就是整个仪器,1,0
README.md,298,,16251,"tion across all 31 is **+0.074**. **The two ends of a 31-point ordering are its noise, not its shape.**** ⚠ **`#298`–`#299`: the two readings cannot be separated on this data.** Rarity r","羞耻跟的是东西本身冷门,不是「我跟身边的人不一样」",1,0
README.md,299,,16258,"ross all 31 is **+0.074**. **The two ends of a 31-point ordering are its noise, not its shape.**** ⚠ **`#298`–`#299`: the two readings cannot be separated on this data.** Rarity recomput","可分性提高了,而差没有;`#298a` 的方向性读法不过规格曲线",1,0
README.md,304,,17073,"he full option set, where the two definitions are 90% the same quantity — it does not survive the grid.** ⚠ **`#304`: and the two routes are not equally solid objects.** Split the respon","`c3` 是一条真的轴,但比 `S` 软得多",1,0
README.md,308,,17645,"'s figure only 0.039. ⚠ Half-sample |cos| **understates** the stability of the released n=6,717 estimate. ⚠ **`#308`: and in a single person the two routes ADD.** Split at the medians, m","羞耻的两条路在同一个人身上是**相加**,而这是一个有功效的零",1,0
README.md,311,,18415,"l carries its own resolution: **MDE = 0.038** against a meaningful interaction of ~0.05 (half a main effect). `#311`: and nothing buffers it.** Age, openness, a non-monogamous relationsh","四个「本该缓冲」的变量合起来也没有在缓冲,而这次有功效",1,0
README.md,384,,19036," power**: if any of the four took even a tenth off the shame coefficient, this design would have seen it. ⚠ **`#384`: and what shame changes is what a person has done, not what they beli","羞耻改变的是你**做了什么**,不是你**相信什么**",1,0
README.md,385,,20008," — “shame suppressed the acting” and “having acted left less to be ashamed of” both fit this correlation. ⚠ **`#385`: one candidate explanation can be removed, though — it is not manufac","12 岁到的还是 20 岁到的,「越羞耻越少去碰」都一样成立",1,0
README.md,386,,20922,"nce, so only signs and threshold-crossings are compared, not magnitudes against the −0.083 pooled figure. ⚠ **`#386`: and the rival mechanism leaves its own trace — but the trace belongs","让一个人觉得「这改不掉」的,是他做过什么,不是他有多羞耻",1,0
README.md,384,,21481,"g within the analysis mask. **And shame itself predicts that belief not at all** (+0.0135, a null with power, `#384`). ⚠ Strength is not comfortable: the design's MDE is 0.05, exactly th","羞耻改变的是你**做了什么**,不是你**相信什么**",1,0
README.md,387,,21840," belief are measured at the same time, so this says the predicted trace is present, not which came first. ⚠ **`#387`: and the obvious next test is empty, by algebra rather than by power.","我自己刚注册的分离器,是一个恒等式",1,0
README.md,388,,22501,"The direction of this chain is not identifiable from these measurements, and no sample size changes that. ⚠ **`#388`: what does predict that belief is having the ordinary things work for","觉得「我能改」的人,是那些同时也被普通的东西打动的人",1,0
README.md,392,,23055,". **Overall rarity S is already controlled**, so this is residual to how unusual the person's tastes are: ⚠ **`#392` REVERSES THE DIRECTION OF THIS ENTIRE NOTE — and of `#390` and `#391`",我把整个尺度读反了;而我审计了三轮**我叫得出名字的**那个担心,1,0
README.md,390,,23114,sidual to how unusual the person's tastes are: ⚠ **`#392` REVERSES THE DIRECTION OF THIS ENTIRE NOTE — and of `#390` and `#391` with it.** These five items are the complete `RATING_NEG_F,"强度赢,广度塌;而复位的检验是预注册的",1,0
README.md,391,,23125,ow unusual the person's tastes are: ⚠ **`#392` REVERSES THE DIRECTION OF THIS ENTIRE NOTE — and of `#390` and `#391` with it.** These five items are the complete `RATING_NEG_FIB` set (th,"是一个家族:五题各自成立,去掉任何一题都还在",1,0
README.md,389,,24557,"h clears on its own, and the family score is a description of those hits rather than an independent test. ⚠ **`#389`: and that description does not survive — redefined by the questionnai",复制失败且**变号**;`#388a` 的家族读法退回,1,0
README.md,327,,24698,"es not survive — redefined by the questionnaire's own block structure it changes sign.** Using the two blocks `#327` identified as c3's ordinary end (`sex acts`, `sensations`) instead of","`c3` 的块载荷,与 `#303` 在另一件仪器上的分界重合",1,0
README.md,395,,25391,"rrelates +0.34 with total picks — but that is a limitation of the replication, not a rescue of the claim. ⚠ **`#395`: and the same score also predicts shame — it is the common antecedent","同一个分数,同时带来更多羞耻和更强的「我能停下来」",1,0
README.md,384,,25921,"e score independently predicts believing they could stop, and shame and that belief are themselves unrelated (`#384`). ⚠ MDE 0.05 exactly equals the meaningful magnitude here, so the str","羞耻改变的是你**做了什么**,不是你**相信什么**",1,0
README.md,396,,26027,"ed (`#384`). ⚠ MDE 0.05 exactly equals the meaningful magnitude here, so the strength is not comfortable. ⚠ **`#396`: and a whole class of follow-up tests is closed — by algebra.** Addin","「加一个控制,看系数往哪走」是一整类空的分离器",1,0
README.md,397,,26706,"f no unmeasured confounding, not from the arithmetic. Strip the assumption and only the identity is left. ⚠ **`#397`: and the five-item score turns out to be a fourth shame route, separa","「我口味偏」和「普通的东西对我没用」是两回事,各自带来羞耻",1,0
README.md,398,,27541,"it was found while scanning the residual of the *changeability* item, not while looking for shame routes. ⚠ **`#398`–`#399`: scanning a third outcome — whether engaging with one's arousa","「治疗性」不是羞耻取反;而最像它的那个人,是能被对方带动的人",1,0
README.md,399,,27548,"found while scanning the residual of the *changeability* item, not while looking for shame routes. ⚠ **`#398`–`#399`: scanning a third outcome — whether engaging with one's arousal feels","门检验的是断言,不是我给断言起的名字",1,0
README.md,401,,28536," two indicators of one.** ⚠ Scans are discovery, not test; both were replicated only within this dataset. ⚠ **`#401`: and shame and healing are not two ends of one axis — 1,790 people re","既深深羞耻、又觉得这件事在治愈自己的人,有 1,790 个",1,0
README.md,402,,29305,"ce variance would inflate the correlation toward a single axis, so the near-zero reading is conservative. ⚠ **`#402`: and they are not a random slice of the ashamed — they have a shape.*","他们不是没有偏离,是**两边都有**",1,0
README.md,415,,30014,"Strikingly, c3⁻ — the largest shame route on this page — does **not** separate them (\|t\| 1.19) **— but read `#415` below before taking that as evidence about c3⁻: both cells here are h",两把刀切出两组几乎不重叠的量,1,0
README.md,415,,30393,"nary half. ⚠ Both cells sit on the high-shame side, so nothing here measures differences in shame itself. ⚠ **`#415`: the other cut — both-high (815) against therapeutic-only (1,046) — i",两把刀切出两组几乎不重叠的量,1,0
README.md,416,,31248," on shame, so c3⁻ had no room to vary. **A null from one cut is a null along that cut's direction only.** ⚠ **`#416`: and with all four cells used, the two dimensions turn out to be addi",第三把刀是空的;而真正的交互说:两维是相加的,1,0
README.md,417,,32135,"ons' shapes and nothing more — consistent with the earlier finding that ""both halves"" is not a construct. ⚠ **`#417`–`#418`: and the fourth cell — the 1,662 people low on both — is not s","判据测了它测的东西,而那不是我给它起的名字(第二次)",1,0
README.md,418,,32142,"apes and nothing more — consistent with the earlier finding that ""both halves"" is not a construct. ⚠ **`#417`–`#418`: and the fourth cell — the 1,662 people low on both — is not simply """,「不羞耻也不疗愈」不是「什么都淡」,1,0
README.md,403,,33050,"eneral dimming**: tastes markedly more ordinary and interests arriving later, but not less of everything. ⚠ **`#403`: and ""both halves"" behaves as one thing rather than two.** Combined a",「两边都有」是一件事,1,0
README.md,404,,33664," pair of cells, so it is not a replication, and ""stronger together"" does not establish a latent variable. ⚠ **`#404`: and it does not become one on testing.** Putting the combination alo","「潜变量」这个词不能用,而理由不是它被排除了",1,0
README.md,405,,34697,"artners (rarity +0.047, ordinary-also-works +0.123), whereas they were equal in separating the two cells. ⚠ **`#405`: and across four outcomes the division of labour is not stable — this","「两边都有」是那群人的好描述,不是一个构念",1,0
README.md,406,,35556,spersion and therefore biases toward *stability* — the instability survives a bias running the other way. ⚠ **`#406`: and position S itself does not point one way — it is reversed on 8 o,"一个擦线的通过,加上一个偏向通过的偏差,不足以支持那句话",1,0
README.md,409,,36501,"ave to carry ""on the shame outcome""** — among the reversals is whether a person believes they could stop. ⚠ **`#409`: and splitting S in two does not repair it — a null with power.** Usi",拆开 `S` 没有让它更像一个方向;越轨那一半反而更散,1,0
README.md,327,,36624,"plitting S in two does not repair it — a null with power.** Using the transgressive/ordinary block split that `#327` derived from loadings rather than from reading, the two halves' sign ","`c3` 的块载荷,与 `#303` 在另一件仪器上的分界重合",1,0
README.md,411,,37233,"ason that has now been tested rather than assumed. ⚠ MDE 40% against a meaningful 50%, sweep unsaturated. ⚠ **`#411`: and shame barely suppresses action at all in people who have never h","在从没有过性伴的人身上,羞耻几乎不压制行动",1,0
README.md,390,,38130,"rrow calibers are different populations, and the wide arm drops S and c3⁻ because they require ≥8 blocks. ⚠ **`#390`: put in one model, intensity survives and breadth collapses — the wit","强度赢,广度塌;而复位的检验是预注册的",1,0
README.md,389,,38552,muting both columns together) while the block-count breadth score falls from −0.0430 alone to **−0.0009**. So `#389`'s −0.026 was breadth speaking for intensity. **The three outcomes and,复制失败且**变号**;`#388a` 的家族读法退回,1,0
README.md,388,,38972," does **not** settle is the selection itself: the five items are still ones chosen by looking at the scan, so `#388`'s scope stands and the defensible pre-registered quantity remains the","觉得「我能改」的人,是那些同时也被普通的东西打动的人",1,0
README.md,391,,39071,"e scan, so `#388`'s scope stands and the defensible pre-registered quantity remains the maximum, +0.0888. ⚠ **`#391`: within those five, though, it behaves like one family rather than on","是一个家族:五题各自成立,去掉任何一题都还在",1,0
README.md,325,,39545,"est single contribution is 14%, and two of the items slightly dilute rather than carry it. This rules out the `#325` pattern where two indicators of one construct load it very unequally.","那个 −0.2075 是 `written` 的,不是 `form` 的",1,0
README.md,327,,39738,oes not touch the selection question: proving the five cohere is not proving the five were picked fairly. ⚠ **`#327`: and the block loadings reproduce that split on the other instrument.,"`c3` 的块载荷,与 `#303` 在另一件仪器上的分界重合",1,0
README.md,201,,40280,"+0.975**. ⚠ **A loading ranking is a description, not a name** — four naming attempts have already died here (`#201` `#202` `#303` `#324`). ⚠ **`#330`: and it is not rarity wearing a cos","⚠ 撤回「媒介偏好」这个名字:`animated` 与 `written` 相关 +0.25,不是二选一",1,0
README.md,202,,40287,"*. ⚠ **A loading ranking is a description, not a name** — four naming attempts have already died here (`#201` `#202` `#303` `#324`). ⚠ **`#330`: and it is not rarity wearing a costume.**",不是「表征 vs 实况」的轴;而这一轮的价值在于上一轮没有把名字说出口,1,0
README.md,303,,40294,"A loading ranking is a description, not a name** — four naming attempts have already died here (`#201` `#202` `#303` `#324`). ⚠ **`#330`: and it is not rarity wearing a costume.** Strip ","一个常设相关也不需要嵌套修正,而 `c3` 的下降是仪器的",1,0
README.md,324,,40301,"ng ranking is a description, not a name** — four naming attempts have already died here (`#201` `#202` `#303` `#324`). ⚠ **`#330`: and it is not rarity wearing a costume.** Strip the thr","`form` 偏向反事实半,但只是 PLAUSIBLE",1,0
README.md,330,,40314," a description, not a name** — four naming attempts have already died here (`#201` `#202` `#303` `#324`). ⚠ **`#330`: and it is not rarity wearing a costume.** Strip the three content-fr","扣掉全部三个结构属性,`c3` 跨仪器反而更锐",1,0
README.md,332,,40958," carrying it. ⚠ Three properties are the three I thought of; this is a lower-bound argument, not a proof. ⚠ **`#332`: and a third correlate — how early it arrived.** Mean onset age corre",起始越早羞耻越多:每一项检查都过了,1,0
README.md,380,,41624,"codings of the age bins (range 0.004). ⚠ Onset age is retrospective self-report — association, not cause. ⚠ **`#380`: and this route is about twice as strong in respondents who are not b","性兴趣来得早,在非生理男的人身上带来的羞耻大约是两倍(独立确认,五门全过)",1,0
README.md,296,,41914,— which removes not only mean and variance differences in scale use but the response-shape confound that left `#296` at D5 — onset predicts shame at **−0.133** in group 0 versus **−0.068,"看上去是十轮站住了,但正对照说这句不能说",1,0
README.md,370,,42819,"ull model the same difference is +0.053, |t| 2.14 against a threshold of 2.42 — same sign, below the bar. ⚠ **`#370`: and within a single person, the rare things arrive LATER — far more ",几乎每个人都是从普通的地方开始的,1,0
README.md,371,,43656,"e null: almost everyone starts from the ordinary, and the ordering is personal, not merely demographic.** ⚠ **`#371`: and the few for whom it ran the other way carry more shame.** Regres",顺序是有代价的;而我的「宽口径臂」第一版根本没宽,1,0
README.md,372,,44223,"re the more ashamed.** The wide arm's MDE is 0.025 against an effect of 0.029: adequate, not comfortable. ⚠ **`#372`: and about half of that is simply that those people started earlier a","那个负号有一半是「他整体就来得早」,剩下的一半这个设计看不见",1,0
README.md,346,,45009,"above still holds; the mechanism does not separate. ⚠ Wide and narrow calibers are **different populations** (`#346`), so this is a cross-population replication, not added power. ⚠ The f","宽口径对 `c3` 几乎免费,而它把 `S ↔ 羞耻` 抬了 45%",1,0
README.md,334,,45381,"on-rule relaxation that does not move n never happened, and is a scope claim in the flattering direction. ⚠ **`#334`: three routes, and only one pair overlaps.** Onset-early carries an i",次可加过了全族阈:PLAUSIBLE 升到 CONFIRMED,1,0
README.md,337,,45937," numeric codings of the onset bins. Rare taste and early arrival overlap; the other two pairs simply add. ⚠ **`#337`: and the overlap survives at the person×category level** (147,387 cel","格层复现了次可加,而格层的时间表已被中心化掉",1,0
README.md,350,,46349," = 0.010)** — so the overlap is not the shared developmental schedule, which is centred out cell by cell. ⚠ **`#350`: it replicates in a larger, more heterogeneous sample.** At a looser ",那条次可加在更大也更杂的人群里更强了,1,0
README.md,346,,46785,"re different populations, not the same one with more data** — low-coverage respondents differ systematically (`#346`), so this is a replication across populations, not an increase in pow","宽口径对 `c3` 几乎免费,而它把 `S ↔ 羞耻` 抬了 45%",1,0
README.md,357,,46869,"ts differ systematically (`#346`), so this is a replication across populations, not an increase in power. ⚠ **`#357`: two of those four moderators were deliberately coarsened before rele","广度共线在 `S` 上,不在特征向量上;而量级不是新的",1,0
README.md,373,,47474, correlations **~25% weaker than the original** — so every correlation on this page is a **lower bound**. ⚠ **`#373`: and that card is not describing this exact file.** Its header states,数据集卡片描述的不是我手上这个文件,1,0
README.md,366,,48362,"ut rows having been dropped, the file’s blanks **are** the None level, so reading them as zero is correct and `#366`’s warning about conflating “none” with “no answer” is withdrawn. ⚠ **",`c3⁻` 那份羞耻不是独有的;而咬掉它的五个量说的是同一种人,1,0
README.md,374,,48438,"ading them as zero is correct and `#366`’s warning about conflating “none” with “no answer” is withdrawn. ⚠ **`#374`: but the card is stale, not false — its deletions hold.** Its `DROPPE","卡片的**档数**过时,它的**删除**属实",1,0
README.md,285,,49282,"**Read the card as accurate about what was removed and out of date about how much was collapsed.** > sexes** (`#285` `#286`). Rebuilt independently in each group (n = 3,232 / 3,485): the","这六个坐标在男性和女性身上,不是完全同一套",1,0
README.md,286,,49289,"the card as accurate about what was removed and out of date about how much was collapsed.** > sexes** (`#285` `#286`). Rebuilt independently in each group (n = 3,232 / 3,485): the block-","它们不是「人的坐标」,至少不是同一套坐标",1,0
README.md,278,,50257,es a resolvable disagreement.**  > ⚠ **`form_i` is the only standing dimension that does *not* reach shame** (`#278`). Everything else in > this project ends up pointing at it — position,"这个项目找到的每一样东西最后都指向羞耻,除了这一个",1,0
README.md,316,,50716,"y quantity in a project points at the same outcome, the informative one is the quantity that > doesn't.** ⚠ **`#316`: that is a statement about the *increment*, and the wider reading is ","`form` 不是够不到羞耻,它是信度低",1,0
README.md,375,,50972,"*, and its Spearman–Brown reliability is only **0.380** (`animated`↔`written` = **+0.2345** at n = 6,478; ⚠ **`#375`: this page previously printed +0.468 here, which is `2r`, the numerat",没有第三个 `form` 指标;而页面上那个 `+0.468` 是 `2r`,1,0
README.md,320,,51314,"relation was not.**), so the disattenuated value is **+0.1293** (bootstrap 95% interval **[+0.088, +0.167]**, `#320`) — the same size as position (+0.1185) and breadth-type c3 (+0.1286).","非线性不咬人,但区间该报;纳入规则把不确定性放大近一半",1,0
README.md,419,,51736,"of 0.0348. **`form` is not a shame-free dimension; it is a dimension this survey measures too coarsely.** ⚠ **`#419`: the direction of these two items has now been checked, and so — for ",方向是对的;而顺手确认的是整页的羞耻方向,1,0
README.md,392,,52047,"M3` (symmetric, −2…+2 and −3…+3), structurally unlike the all-negative `RATING_NEG_FIB` scale whose direction `#392` had to reverse. Calibrating the whole family with an item whose direc",我把整个尺度读反了;而我审计了三轮**我叫得出名字的**那个担心,1,0
README.md,420,,52796,"nd **more** fetish categories (+0.095, +0.035) — which is a substantive split, not an instrument failure. ⚠ **`#420`: and it survives a proper test.** With `S`, c3⁻, shame and age contro","想要的种类更多,做过的事更少",1,0
README.md,421,,53579,"ised, so only signs and threshold-crossings are compared; the split is a description, not a causal claim. ⚠ **`#421`: and ""breadth"" on this page is not one quantity.** Enumerating the fi",「广度」不是一个东西;而落单的那一个正是 `form` 劈开的那一个,1,0
README.md,422,,54421,"and how much you have actually done — and the form score above pushes those two in opposite directions.** ⚠ **`#422`: and the ambiguity turns out to be bounded, so one definition fixes i","分成两步的价值,不在于拖一轮,在于第一步可以改变第二步是什么",1,0
README.md,423,,54897,"otalsexacts` or ""endorsed sex acts"". **So a bare ""breadth"" on this page never means the sex-act count.**  ⚠ **`#423`: and enumerating the question types turned up a loaded trap that has ","一个没被用过的变量,方向不是安全的假设,是没被检查过的假设",1,0
README.md,392,,55148,"ibonacci-coded rating families whose value sets are exact mirrors — `{0,−1,−2,−3,−5,−8}` and `{0,1,2,3,5,8}`. `#392` established that **−8 is the most erotic end** of the first. Anchorin",我把整个尺度读反了;而我审计了三轮**我叫得出名字的**那个担心,1,0
README.md,424,,56309," and the item wording selects on body type), so this is a statement about them, not about everyone here.  ⚠ **`#424`: and there is no specialist taste in this survey.** The largest never",这份问卷里没有一种「专精」的口味,1,0
README.md,429,,57614,"eakest item is close enough to zero that ""never negative"" is the claim — not ""everything goes together"".  ⚠ **`#429`: and one signed claim on this page rests on a direction that cannot b","两个锚是坏的,两种坏法,而都不报错",1,0
README.md,433,,59288,"ated as \|r\| — such as ""all Big Five \|r\| ≤ 0.056"" — are sign-immune and are untouched by any of this.  ⚠ **`#433`: and once its direction was settled, the porn-use variable turned out","色情使用量多解释的,是羞耻,而且只有羞耻",1,0
README.md,434,,60308,"hout (0.030 to 0.077) — this is a statement about which one survives controls, not about a large effect.  ⚠ **`#434`: and shame turns out to be the brake, not the carrier — which is the ","羞耻是刹车,不是传递者;而我预注册的预期也是错的",1,0
README.md,435,,61019,.0032]** excluding zero). The net (+0.0122) is smaller than the direct because the two oppose each other. ⚠ **`#435` retracts the share I first reported here.** I wrote that the indirect,"刹车有选择,而我上一轮发布的那个份额不可估",1,0
README.md,435,,61477,"lears its own permutation threshold and its own interval excludes zero); **only the fraction does not.**  ⚠ **`#435`: and the brake is not a flat tax — it discriminates, and one quantity","刹车有选择,而我上一轮发布的那个份额不可估",1,0
README.md,436,,62467,"too near zero for their share to be estimable at all, and they are reported as such rather than dropped.  ⚠ **`#436`: and the one coordinate that points away from doing turns out to poin","扫描看不见这个性质,因为页面写的是比值,分母的区间从来不在句子里",1,0
README.md,437,,63207,"old, with the coefficient itself dropping only a fifth. **That is a threshold crossing, not a collapse.** ⚠ **`#437` resolves it by asking whether the threshold itself is the limit.** At","那个指向「做得更少」的坐标,原来指的是「改不了」",1,0
README.md,439,,63870,"ble at this scale, which was the outcome that would have forced every number built on it to be restated.  ⚠ **`#439`: and feeling unable to change what arouses you has two roads, not one","他们觉得改不了,尽管唯一本该让它显得可改的那一点也为真",1,0
README.md,440,,65300,"onal, shame in the model throughout; the family threshold moved 3.3% between 400 and 4,000 permutations.  ⚠ **`#440`: and it is not what you like — it is how your liking is distributed.*","不是「你喜欢什么」,是「你的喜欢怎么分布」",1,0
README.md,441,,66671,"n approximation rather than a true leave-k-out refit, and is reported as corroboration, not as the test.  ⚠ **`#441` narrows this: the shape is not the breadth-type contrast, and that co","那个「形状」不是广度型,而广度型是三个里最弱的",1,0
README.md,442,,67445,"s right that it is not about content, but wrong to leave the impression that breadth type is the carrier. ⚠ **`#442` corrects this**: the first component was called unanchorable because ","卷入度在遮蔽这个关系,不是在制造它;而我的锚定判据判错了自己的正对照",1,0
README.md,442,,68533," eigenvector's sign is arbitrary, and this project has published a backwards reading off one four times.  ⚠ **`#442`: and it is not involvement wearing a different name — controlling inv","卷入度在遮蔽这个关系,不是在制造它;而我的锚定判据判错了自己的正对照",1,0
README.md,443,,69318,"re tracks is something involvement does not contain.** ⚠ I predicted the second component would collapse. ⚠ **`#443` gives it a first shape: there are two ways of being more involved, an","「更卷入」有两种,而它们收的费不一样",1,0
README.md,444,,70631,"mponents' signs are stated in their anchored frame, never in the one the eigensolver happened to return.  ⚠ **`#444`: the half that costs you the sense of changeability is loaded on the ","我的判据不可能失败,而换掉它之后结论只剩一半",1,0
README.md,445,,71971, on this page and killed both times. ⚠ The six-block set was noticed in this data before it was formalised. **`#445` puts that to the test and it holds**: re-estimating the loadings on t,"20 次劈半,20 次都在",1,0
README.md,446,,72567,"dents were in the sample where the pattern was first seen, so the concern is reduced rather than removed. ⚠ **`#446` measures what that twenty was actually resting on, and it is the cont","坐标是脆的那一半,内容是韧的那一半",1,0
README.md,447,,73360,"s stay together anyway.** ⚠ At the edge of resolution, so this ranks the two rather than separating them. ⚠ **`#447` says which part of the coordinate is the fragile one, and it is not t",换标签这个解释被它自己的符号否掉了,1,0
README.md,448,,74487,"the pair is not equally solid in both of its directions, and claims resting on it inherit that asymmetry. ⚠ **`#448`: and the fluid pattern sits on the *less* preserved of the two, which","体液图样骑在较难保存的那个方向上,却照样每次都在",1,0
README.md,449,,75412,"tion, so their agreement with one another is not evidence of independent recovery and is not used as any. ⚠ **`#449`: and asking the content directly — no eigenvectors at all — costs mos","绕开坐标要付掉三分之二的样本,而那道杠在剩下的人身上不具特异性",1,0
README.md,450,,76384,estion — it is what lets the analysis keep the two-thirds of respondents who never answered those blocks. ⚠ **`#450` repairs that arm's bar and the answer flips depending on which null i,"同一个数,两个零,相反的判决",1,0
README.md,451,,77195,t a block-label null from the start and reached **4.3 sd** with **20 of 20** replications at full sample. ⚠ **`#451` joins the two strongest arcs on this page for the first time: what ar,"早来的东西,更像是定死的",1,0
README.md,452,,78229,"lier something showed up, the less a person feels able to move it. ⚠ Onset ages are recalled, not recorded. **`#452` checks whether that can produce the result, and it cannot — by the co","读出来的两件事,比跑出来的那一件更值钱",1,0
README.md,114,,78405, by the construction of the project's own recall-bias measurement.** The bias this dataset actually measures (`#114`: people report their more highly rated categories as beginning earlie,"记忆把心爱的兴趣往前拉,约 0.74 年;这是这个数据集里第一个被直接量出来的回忆偏差",1,0
README.md,375,,80742," ""named"" by whether a specific measure appears in a ±120-character window is a proxy, and it over-counts. ⚠ **`#375`: and there is no third indicator to fix that with.** Of 93 numeric pe",没有第三个 `form` 指标;而页面上那个 `+0.468` 是 `2r`,1,0
README.md,325,,81358,"ading, not an open task**, and the residual is substantially sex-linked, consistent with the split above. ⚠ **`#325`: and the two indicators do not carry it equally** — `animated` ↔ sham","那个 −0.2075 是 `written` 的,不是 `form` 的",1,0
README.md,346,,81728,"e far more (**−0.061** vs **−0.267**), so a composite correlation can be almost entirely one indicator's. ⚠ **`#346`: the +0.1185 is caliber-sensitive.** It is computed on respondents co","宽口径对 `c3` 几乎免费,而它把 `S ↔ 羞耻` 抬了 45%",1,0
README.md,270,,82383,"hame` is unaffected (**+0.1278 → +0.1290**).  > ⚠ **These six columns are not six independent measurements** (`#270`). They are all built from the > *same* option split, so they share me","相邻两列的一致,可能只是它们一起抖了一下",1,0
README.md,264,,83238,"scoped separately); it overturns reading the six as six independent coordinates. > ⚠ **Caliber of the 1.4%** (`#264`, `#271`): old S + least squares; the alternative caliber (S varying >","把所有关于「一个人是谁」的东西加起来,平均只说中百分之一点四",1,0
README.md,271,,83246,"eparately); it overturns reading the six as six independent coordinates. > ⚠ **Caliber of the 1.4%** (`#264`, `#271`): old S + least squares; the alternative caliber (S varying > with bl","两个我能想到的原因都不是它,那说明还有第三个我没记下来的选择",1,0
README.md,233,,83733,"e ledger entry is the receipt. > ⚠ **Every ""N of M"" count on this page is an interval, not an exact number** (`#233`). The family-wise threshold is estimated by resampling the permutatio","一个计数的宽度,不来自分数有多强",1,0
README.md,161,,84889,"strument recovers it at **0.67**. **A second, independent way of asking ""when"" gives the same small number** (`#161`: ""how well the shared schedule fits you"" = 0.163, indistinguishable f","关于「何时」,两个完全不同的问法给出同一个小数字",1,0
README.md,159,,85050,".163, indistinguishable from ""how far you deviate"" = 0.114 at 1.3× spread; both **12.2×** below the ""what"") | `#159` `#160` `#161` | | **Sexual interests arrive on a shared developmental","那 20% 几乎不是关于人的,它是关于东西的",1,0
README.md,160,,85057,"ndistinguishable from ""how far you deviate"" = 0.114 at 1.3× spread; both **12.2×** below the ""what"") | `#159` `#160` `#161` | | **Sexual interests arrive on a shared developmental schedu","性偏好的「什么」是个人的,「何时」不是",1,0
README.md,161,,85064,"guishable from ""how far you deviate"" = 0.114 at 1.3× spread; both **12.2×** below the ""what"") | `#159` `#160` `#161` | | **Sexual interests arrive on a shared developmental schedule — co","关于「何时」,两个完全不同的问法给出同一个小数字",1,0
README.md,75,,85529,"% for ""everyone shares one ordering"" — the schedule has nearly exhausted what a shared ordering can provide | `#75` 8 seeds · 35,438 pairs · 6,230 people; all-pairs bound **[60.5%, 66.5",CLOSURE: the cap cost precision and cost no verdict,1,0
README.md,63,,85609,"shared ordering can provide | `#75` 8 seeds · 35,438 pairs · 6,230 people; all-pairs bound **[60.5%, 66.5%]** `#63` | | **Content and individualised valuation move endorsement probabili","66.7% was accuracy on the pairs the release can order; over all pairs it is bounded [60.5, 66.5]",1,1
README.md,157,e,85801,"he same amount** | option base rate **±21.5 pp** (ledger records ±22.6; **a 5% drift that is not explained**, `#157e`) · person overall rate **±16.7 pp** · person × option interaction **±","一条只写在账本散文里的校正,不会到达仪器(两轮之内第二例)",1,0
README.md,157,,85889,"t is not explained**, `#157e`) · person overall rate **±16.7 pp** · person × option interaction **±23.7 pp** (`#157` moved two corrections that had lived only in ledger prose into the co","一条只写在账本散文里的校正,不会到达仪器(两轮之内第二例)",1,0
README.md,88,,86142,"redictability* measure (3.5–5.6×) **purely because it is estimated 179× better** (3,228 observations vs 18) | `#88` `#90` | | **""Is this sexual content?"" cannot be asked of this survey*","with nothing subtracted anywhere, the item effect is 3.5–5.6× the interaction, and `#85`'s tie was the correction machinery",1,0
README.md,90,,86148,"ability* measure (3.5–5.6×) **purely because it is estimated 179× better** (3,228 observations vs 18) | `#88` `#90` | | **""Is this sexual content?"" cannot be asked of this survey** | In","on the probability scale the three components are the same size, and the item effect wins every skill measure because it is estimated 179× better",1,4
README.md,69,,86490,"**, slope 0.988, and completely insensitive to the *shape* of the base-rate distribution in 23 of 23 blocks | `#69` | | **Taste for uncommon things is a continuum everyone is on, not a ","the item main effect is 1+1=2, and the algebra was checkable in one line",1,0
README.md,99,,86771,"the lower tail picks commoner ones, and the **median does not move**, each side 11–13× its own bootstrap sd | `#99` | | **It is a reliable personality dimension, and it is not ""how many","the check eleven rounds never ran: the distribution is symmetrically WIDER, not one-sidedly elevated",1,0
README.md,167,,87009,"ck sets **+0.432 ± 0.016** (person bootstrap, n=7,316, 400 draws — an error bar it went eight rounds without, `#167`; the −0.022 it used to carry is a curveball *null floor*, which answe","注册的 kill 没开火;而项目最老的那条声明,八轮以来没有过误差棒",1,0
README.md,163,,87186,ich answers a different question) against a planted ceiling of +0.832. **And the name itself is now tested** (`#163`): split the blocks into their two most content-dissimilar halves and ,"「偏爱冷门」是一个真的口味位置,不是""喜欢某一类恰好冷门的东西""",1,0
README.md,164,,87537,"ansferable position, not ""likes one family that happens to be uncommon""**. **And it is not a shadow of sex** (`#164`): regressing sex out of *every* block-level score leaves the tendency","「偏爱冷门」是这个人自己的口味,不是他的性别",1,0
README.md,165,,88003,"0.608) is **lower** than the null's (+0.719). **And it is not a projection of a bigger ""content"" dimension** (`#165`): scoring people on the *option matrix* itself — which specific thing",位置不是内容的投影;而「有没有内容」这个问题被泄漏底噪吃掉了,1,0
README.md,100,,88361,t 3.1×). **Which content you prefer is largely shared; where you sit on the uncommon–common axis is yours** | `#100` `#104` `#165` | | **And preferring the uncommon is not affectively ne,"a reliable person-level trait in WHICH options are endorsed, independent of HOW MANY",1,1
README.md,104,,88368,. **Which content you prefer is largely shared; where you sit on the uncommon–common axis is yours** | `#100` `#104` `#165` | | **And preferring the uncommon is not affectively neutral —,CLOSURE: the arc's three surviving claims re-read through the instrument built from its own failures,1,0
README.md,165,,88375,ch content you prefer is largely shared; where you sit on the uncommon–common axis is yours** | `#100` `#104` `#165` | | **And preferring the uncommon is not affectively neutral — it com,位置不是内容的投影;而「有没有内容」这个问题被泄漏底噪吃掉了,1,0
README.md,184,,89359," ""uncommon → shame"" and ""shame → only dare to want the uncommon"" are not separable here.** ⚠ **Scope added by `#184`**: run against all 20 Likert outcomes with a max-statistic family-wis","⚠ 降级 `#180`/`#182`/`#183`:截距↔羞耻没越过全族阈值,而一个非性的一般特质与它一样大",1,0
README.md,230,,89629,"**10 of 20 items clear it**, so shame is the *largest* correlate of the position score, not its only one  ⚠ **`#230` — shame has a second route, and it is slightly the stronger one**: th","通向羞耻的路不止一条,而新的那条略强一点",1,0
README.md,229,,89741,"230` — shame has a second route, and it is slightly the stronger one**: the third **breadth-type** component (`#229`, person-score split-half **+0.5631**) predicts **the same shame item ","宽度有形状,而它的第一个名字是「体液」",1,0
README.md,231,,90469,"ansgressive categories rather than ordinary acts"" is a reading of its block loadings, not a tested claim  ⚠ **`#231` — and rarity turns out to work at two levels, with opposite signs at ","在人人都去的地方敞开的人,羞耻更少",1,0
README.md,232,,91477,tionalised as *low block pick rate* — a coarse proxy that does not separate social taboo from mere rarity ⚠ **`#232` — the two routes to shame meet nowhere else**: run the within-block p,"两条完全不同的路,通向同一种感觉",1,0
README.md,232,d,92593,"e redone with ≥3 indicators. ⚠ And the ""N of 31"" counts throughout this page are **±2 intervals, not exact** (`#232d`) — the family-wise threshold is resampled, and the same score gave 10","两条完全不同的路,通向同一种感觉",1,0
README.md,235,,92692,"t exact** (`#232d`) — the family-wise threshold is resampled, and the same score gave 10 and 8 in one run ⚠ **`#235` — the claim crosses instruments; the score does not**: this release c","感觉是稳的,地图是随题目走的",1,0
README.md,229,,93538,"omains ↔ shame"" is about people; the profile's dimensionality, the fluid family and the components' identity (`#229`–`#232`) remain properties measured *through the block instrument* and","宽度有形状,而它的第一个名字是「体液」",1,0
README.md,232,,93545,"↔ shame"" is about people; the profile's dimensionality, the fluid family and the components' identity (`#229`–`#232`) remain properties measured *through the block instrument* and have n","两条完全不同的路,通向同一种感觉",1,0
README.md,236,,93675,rties measured *through the block instrument* and have not been shown to survive a change of instrument** ⚠ **`#236` relaxes this by one step**: rebuilt on the disjoint onset instrument ,"一个人真正独特的地方,从第二维才开始",1,0
README.md,237,,94465,"n is the instrument's; the person's structure starts at k=2**, which is exactly where the null falls away ⚠ **`#237` — do not read the two replication numbers side by side**: a subtracti","一个贴着天花板的统计量,和一个线性响应的统计量,数值上不可比",1,0
README.md,238,,95198,"directions exist in a population, not who a given person is, and the two are not numerically comparable** ⚠ **`#238` — and it is the *earliest* wants that carry it**: on the disjoint ons","羞耻贴的不是你后来走进去的地方,是你最早就想要的东西有多冷门",1,0
README.md,114,,95830,"n the things you wanted earliest were, not where you later went.** ⚠ `D6`, and one rival is explicitly alive: `#114` measured that people **remember their favourite interests as earlier*","记忆把心爱的兴趣往前拉,约 0.74 年;这是这个数据集里第一个被直接量出来的回忆偏差",1,0
README.md,239,,96094," most-loved interests. **This is a fact about the self-reported timeline, not about developmental order** ⚠ **`#239` downgrades the early-vs-late asymmetry to `UNVERIFIED`, and the reaso","一个改变了样本的控制,改变的是估计目标本身",1,0
README.md,114,,96283,"s worth more than the result**: residualising each onset on **the person's own rating of that category** (the `#114` pathway is real here — mean `corr(onset, rating) = −0.1175`, negative","记忆把心爱的兴趣往前拉,约 0.74 年;这是这个数据集里第一个被直接量出来的回忆偏差",1,0
README.md,241,,97113,"7 (late)**, n=6,301. **How uncommon what you open to is tracks shame regardless of when you acquired it** ⚠ **`#241` re-checked this on the intersection sample**: the two halves are scor","我写的第一版扫描,给出的正是我最想听的那个答案",1,0
README.md,290,,97522,"× spread 0.0394, **98.5% of the original retained**. The conclusion is unchanged; this line is the scope. ⚠ **`#290`: this correlation is the same in both sexes** — +0.1297 ± 0.0188 and ","S 在两组间意味着不同的东西,但不同的地方不在羞耻上",1,0
README.md,286,,97910,"*interaction** moves it by +0.3300). So although the six coordinates as a whole are not invariant across sex (`#286`) and **position S is the source** (`#289`), **shame is not where that","它们不是「人的坐标」,至少不是同一套坐标",1,0
README.md,289,,97952,"though the six coordinates as a whole are not invariant across sex (`#286`) and **position S is the source** (`#289`), **shame is not where that non-invariance lives.** | `#179` `#184` `","S 不是性别,但 S 在两个人群里意味着不同的东西",1,0
README.md,179,,98013,"s sex (`#286`) and **position S is the source** (`#289`), **shame is not where that non-invariance lives.** | `#179` `#184` `#186` `#192` `#201` `#229` `#230` `#231` `#232` `#235` `#236`","「偏爱冷门」不是一个不带立场的坐标:控制内容之后,它仍然预测羞耻",1,0
README.md,184,,98020,"`#286`) and **position S is the source** (`#289`), **shame is not where that non-invariance lives.** | `#179` `#184` `#186` `#192` `#201` `#229` `#230` `#231` `#232` `#235` `#236` `#237`","⚠ 降级 `#180`/`#182`/`#183`:截距↔羞耻没越过全族阈值,而一个非性的一般特质与它一样大",1,0
README.md,186,,98027," and **position S is the source** (`#289`), **shame is not where that non-invariance lives.** | `#179` `#184` `#186` `#192` `#201` `#229` `#230` `#231` `#232` `#235` `#236` `#237` `#238`",`#179` 的 +0.116 是一个下界;而单题信度在本 release 上不可估,1,0
README.md,192,,98034,"position S is the source** (`#289`), **shame is not where that non-invariance lives.** | `#179` `#184` `#186` `#192` `#201` `#229` `#230` `#231` `#232` `#235` `#236` `#237` `#238` `#239`",同一把尺下内容侧确实更受性别影响;而 `#188` 的分工图有一部分是控制勾选数造的,1,0
README.md,201,,98041,"n S is the source** (`#289`), **shame is not where that non-invariance lives.** | `#179` `#184` `#186` `#192` `#201` `#229` `#230` `#231` `#232` `#235` `#236` `#237` `#238` `#239` `#241`","⚠ 撤回「媒介偏好」这个名字:`animated` 与 `written` 相关 +0.25,不是二选一",1,0
README.md,229,,98048,"the source** (`#289`), **shame is not where that non-invariance lives.** | `#179` `#184` `#186` `#192` `#201` `#229` `#230` `#231` `#232` `#235` `#236` `#237` `#238` `#239` `#241` `#290`","宽度有形状,而它的第一个名字是「体液」",1,0
README.md,230,,98055,"rce** (`#289`), **shame is not where that non-invariance lives.** | `#179` `#184` `#186` `#192` `#201` `#229` `#230` `#231` `#232` `#235` `#236` `#237` `#238` `#239` `#241` `#290` | ⚠ **","通向羞耻的路不止一条,而新的那条略强一点",1,0
README.md,231,,98062,"`#289`), **shame is not where that non-invariance lives.** | `#179` `#184` `#186` `#192` `#201` `#229` `#230` `#231` `#232` `#235` `#236` `#237` `#238` `#239` `#241` `#290` | ⚠ **`#360`:","在人人都去的地方敞开的人,羞耻更少",1,0
README.md,232,,98069,", **shame is not where that non-invariance lives.** | `#179` `#184` `#186` `#192` `#201` `#229` `#230` `#231` `#232` `#235` `#236` `#237` `#238` `#239` `#241` `#290` | ⚠ **`#360`: that +","两条完全不同的路,通向同一种感觉",1,0
README.md,235,,98076,me is not where that non-invariance lives.** | `#179` `#184` `#186` `#192` `#201` `#229` `#230` `#231` `#232` `#235` `#236` `#237` `#238` `#239` `#241` `#290` | ⚠ **`#360`: that +0.1185 ,"感觉是稳的,地图是随题目走的",1,0
README.md,236,,98083,ot where that non-invariance lives.** | `#179` `#184` `#186` `#192` `#201` `#229` `#230` `#231` `#232` `#235` `#236` `#237` `#238` `#239` `#241` `#290` | ⚠ **`#360`: that +0.1185 is one ,"一个人真正独特的地方,从第二维才开始",1,0
README.md,237,,98090,e that non-invariance lives.** | `#179` `#184` `#186` `#192` `#201` `#229` `#230` `#231` `#232` `#235` `#236` `#237` `#238` `#239` `#241` `#290` | ⚠ **`#360`: that +0.1185 is one point o,"一个贴着天花板的统计量,和一个线性响应的统计量,数值上不可比",1,0
README.md,238,,98097,non-invariance lives.** | `#179` `#184` `#186` `#192` `#201` `#229` `#230` `#231` `#232` `#235` `#236` `#237` `#238` `#239` `#241` `#290` | ⚠ **`#360`: that +0.1185 is one point on a mon,"羞耻贴的不是你后来走进去的地方,是你最早就想要的东西有多冷门",1,0
README.md,239,,98104,ariance lives.** | `#179` `#184` `#186` `#192` `#201` `#229` `#230` `#231` `#232` `#235` `#236` `#237` `#238` `#239` `#241` `#290` | ⚠ **`#360`: that +0.1185 is one point on a monotone c,"一个改变了样本的控制,改变的是估计目标本身",1,0
README.md,241,,98111, lives.** | `#179` `#184` `#186` `#192` `#201` `#229` `#230` `#231` `#232` `#235` `#236` `#237` `#238` `#239` `#241` `#290` | ⚠ **`#360`: that +0.1185 is one point on a monotone curve.**,"我写的第一版扫描,给出的正是我最想听的那个答案",1,0
README.md,290,,98118,** | `#179` `#184` `#186` `#192` `#201` `#229` `#230` `#231` `#232` `#235` `#236` `#237` `#238` `#239` `#241` `#290` | ⚠ **`#360`: that +0.1185 is one point on a monotone curve.** Across,"S 在两组间意味着不同的东西,但不同的地方不在羞耻上",1,0
README.md,360,,98131,#184` `#186` `#192` `#201` `#229` `#230` `#231` `#232` `#235` `#236` `#237` `#238` `#239` `#241` `#290` | ⚠ **`#360`: that +0.1185 is one point on a monotone curve.** Across coverage thr,"页面上那个 +0.1185,坐在一条从 +0.172 走到 −0.002 的单调曲线中间",1,0
README.md,363,,98831,"ite of measurement-error attenuation, and this project cannot separate sample from estimate quality here. ⚠ **`#363`: and the decline is specific to shame.** Running the same six-thresho",那个下降几乎只发生在羞耻上,1,0
README.md,201,,100138,"ks **shame**, while *which specific things you like* tracks `animated`/`written` and **gender identity**. ⚠ **`#201` withdraws the ""medium (drawn vs written)"" reading**: `corr(animated, ","⚠ 撤回「媒介偏好」这个名字:`animated` 与 `written` 相关 +0.25,不是二选一",1,2
README.md,192,,100751," its shame correlation **+0.1185** — the clean division of labour appears only once pick count is held fixed (`#192`). ⚠ **The orthogonality is constructed, and the raw dimensions are no",同一把尺下内容侧确实更受性别影响;而 `#188` 的分工图有一部分是控制勾选数造的,1,0
README.md,129,,100952," all**: `corr(S, C) = +0.4323` at the person level, so `corr(S, C_resid) = 0` is a definition, not a finding (`#129` `#189d`) — these are *one dimension and what is left of another after","特质链接不是覆盖度;而一次尺度不匹配的残差化,把两轮的 `corr(·,S)` 变成了负的勾选数",1,1
README.md,189,d,100959," `corr(S, C) = +0.4323` at the person level, so `corr(S, C_resid) = 0` is a definition, not a finding (`#129` `#189d`) — these are *one dimension and what is left of another after subtrac","那个 −0.41 的「结局层耦合」是我自己用残差化造出来的,而四道闸全绿",1,0
README.md,227,,101197,"nt score is a cross-person principal component, so purely idiosyncratic combinations are invisible to it  ⚠ **`#227` — 这个「内容」维度的正名是 breadth（你对多少东西说「是」），不是内容口味**：the block-level principal","尺子装对之后:第三个维度的正名是 breadth,而 `#189` 的三个方向活着",1,1
README.md,188,,101481,"ign, and 17 of the 32 blocks pointed one way while 15 pointed the other, so every content person-score behind `#188`/`#189` is a partially cancelling ±breadth mixture. Aligned by **leave","⚠ 收窄 `#187`:内容残差不是噪声,它只是不预测羞耻 —— 它预测媒介与性别身份",1,0
README.md,189,,101488,"d 17 of the 32 blocks pointed one way while 15 pointed the other, so every content person-score behind `#188`/`#189` is a partially cancelling ±breadth mixture. Aligned by **leave-one-ou","那个 −0.41 的「结局层耦合」是我自己用残差化造出来的,而四道闸全绿",1,0
README.md,228,,102745," depend on any of this**: it is +0.8320 aligned and **+0.5154 unaligned**, both above the registered 0.5  ⚠ **`#228` — and that breadth is not a single response style**: split the option","「对什么都说是」的人,其实不是对什么都说是",1,0
README.md,188,,103651," refutes «breadth is *only* a global response style», **not** «the global level contains no response style» | `#188` `#189` `#192` `#201` `#227` `#228` | | **A person's own uncommon inte","⚠ 收窄 `#187`:内容残差不是噪声,它只是不预测羞耻 —— 它预测媒介与性别身份",1,0
README.md,189,,103658,"s «breadth is *only* a global response style», **not** «the global level contains no response style» | `#188` `#189` `#192` `#201` `#227` `#228` | | **A person's own uncommon interests s","那个 −0.41 的「结局层耦合」是我自己用残差化造出来的,而四道闸全绿",1,0
README.md,192,,103665,"dth is *only* a global response style», **not** «the global level contains no response style» | `#188` `#189` `#192` `#201` `#227` `#228` | | **A person's own uncommon interests sit ahea",同一把尺下内容侧确实更受性别影响;而 `#188` 的分工图有一部分是控制勾选数造的,1,0
README.md,201,,103672,"*only* a global response style», **not** «the global level contains no response style» | `#188` `#189` `#192` `#201` `#227` `#228` | | **A person's own uncommon interests sit ahead of th","⚠ 撤回「媒介偏好」这个名字:`animated` 与 `written` 相关 +0.25,不是二选一",1,0
README.md,227,,103679,"a global response style», **not** «the global level contains no response style» | `#188` `#189` `#192` `#201` `#227` `#228` | | **A person's own uncommon interests sit ahead of their own","尺子装对之后:第三个维度的正名是 breadth,而 `#189` 的三个方向活着",1,0
README.md,228,,103686,"l response style», **not** «the global level contains no response style» | `#188` `#189` `#192` `#201` `#227` `#228` | | **A person's own uncommon interests sit ahead of their own common","「对什么都说是」的人,其实不是对什么都说是",1,0
README.md,114,,104135," bin vs the person's own repertoire) reproduces it independently: +0.0767 with the schedule removed, 14.5×**. `#114`'s recall bias contributes only **4%**, and with the opposite sign. ⚠ ","记忆把心爱的兴趣往前拉,约 0.74 年;这是这个数据集里第一个被直接量出来的回忆偏差",1,0
README.md,211,,104213," the schedule removed, 14.5×**. `#114`'s recall bias contributes only **4%**, and with the opposite sign. ⚠ **`#211` adds the boundary this claim never had**: rerun through the same pipe",⚠ `#128` 的 Δ 只由 14 岁之后的起始年龄扛着:三个受限档全部不可分辨,1,0
README.md,213,,104699,"n rarity sd *rises*, 0.473 → 0.533). **So Δ is carried by later onsets and is absent among early ones** — and `#213` shows there is **no threshold at 14**: sweeping the cut from 10 to 20","没有十四岁这个门槛:曲线是单调的,「越晚的那一段越强」",1,0
README.md,218,,105075," sweep's resolution is the 2-year onset bins, i.e. ~5 distinct cuts, and the right end rests on n=1,944.) ⚠ **`#218` bounds the right end**: the c=18 point's own null depends heavily on ","⚠ 晚半有多强没有唯一的数;而在项目最常用的那个零下,负对照直接失败",1,0
README.md,212,,105459,"null (the scheme this project uses most) the negative control **fails**: margins alone reproduce 65% of it. **`#212` separates the two readings and it is the window, not the artifact**: ","分开了:是发育窗口,不是截断假象 —— 这件事发生在十四岁之后",1,0
README.md,243,,106112,s itself age-selected (contributor median age 26.5 vs 22.5) and its permutation null is 30% of the effect ⚠ **`#243` — and it is not a population effect at all**: split people by whether,"全样本的 Δ 不是一个人群效应,是两群反号的人的混合",1,0
README.md,114,,107001,"cel.** ⚠ ""Early"" here means *reported* ≥8 onsets by 14, which carries both really-early and remembered-early (`#114`) ⚠ **`#245` replaces the two groups with one continuous line**: index","记忆把心爱的兴趣往前拉,约 0.74 年;这是这个数据集里第一个被直接量出来的回忆偏差",1,0
README.md,245,,107013,"rly"" here means *reported* ≥8 onsets by 14, which carries both really-early and remembered-early (`#114`) ⚠ **`#245` replaces the two groups with one continuous line**: index each person","不存在两类人,存在一条穿过 17 岁半的线",1,0
README.md,247,,107819,"cator is not nothing — going continuous assumes linearity, and that residue is where the assumption fails ⚠ **`#247` — the population number is the average height of a landscape**: index","那个数字不是一个人群的性质,是一片地形的平均高度",1,0
README.md,128,,108661,"edge: `rate`'s denominator is a *recalled* age span, so people who compress their memories get a large rate | `#128` `#130` `#211` `#212` `#213` `#218` `#243` `#245` `#247` | | **The map",不寻常的东西一开始就在那里;而一遍双向去均值把这个结论的符号弄反了,1,0
README.md,130,,108668,"rate`'s denominator is a *recalled* age span, so people who compress their memories get a large rate | `#128` `#130` `#211` `#212` `#213` `#218` `#243` `#245` `#247` | | **The map's stro","人群从常见处开始,而每个人都在共享曲线上提前了自己那一份",1,0
README.md,211,,108675," denominator is a *recalled* age span, so people who compress their memories get a large rate | `#128` `#130` `#211` `#212` `#213` `#218` `#243` `#245` `#247` | | **The map's strongest p",⚠ `#128` 的 Δ 只由 14 岁之后的起始年龄扛着:三个受限档全部不可分辨,1,0
README.md,212,,108682,"nator is a *recalled* age span, so people who compress their memories get a large rate | `#128` `#130` `#211` `#212` `#213` `#218` `#243` `#245` `#247` | | **The map's strongest psycholo","分开了:是发育窗口,不是截断假象 —— 这件事发生在十四岁之后",1,0
README.md,213,,108689,"s a *recalled* age span, so people who compress their memories get a large rate | `#128` `#130` `#211` `#212` `#213` `#218` `#243` `#245` `#247` | | **The map's strongest psychologically","没有十四岁这个门槛:曲线是单调的,「越晚的那一段越强」",1,0
README.md,218,,108696,"called* age span, so people who compress their memories get a large rate | `#128` `#130` `#211` `#212` `#213` `#218` `#243` `#245` `#247` | | **The map's strongest psychologically-anchor","⚠ 晚半有多强没有唯一的数;而在项目最常用的那个零下,负对照直接失败",1,0
README.md,243,,108703," age span, so people who compress their memories get a large rate | `#128` `#130` `#211` `#212` `#213` `#218` `#243` `#245` `#247` | | **The map's strongest psychologically-anchored divi","全样本的 Δ 不是一个人群效应,是两群反号的人的混合",1,0
README.md,245,,108710,"an, so people who compress their memories get a large rate | `#128` `#130` `#211` `#212` `#213` `#218` `#243` `#245` `#247` | | **The map's strongest psychologically-anchored dividing li","不存在两类人,存在一条穿过 17 岁半的线",1,0
README.md,247,,108717,people who compress their memories get a large rate | `#128` `#130` `#211` `#212` `#213` `#218` `#243` `#245` `#247` | | **The map's strongest psychologically-anchored dividing line is n,"那个数字不是一个人群的性质,是一片地形的平均高度",1,0
README.md,139,,109549,e is small (0.033–0.088). ⚠ **The model-level direction is withdrawn**: a naming-independent structural test (`#139`) shows PC4's two sides are **no more non-isomorphic than any other sp,`#138f` 降级;真正结构不对称的是早/晚那条线,1,0
README.md,138,,109698,"more non-isomorphic than any other split** (0.8×), so this line is compatible with both model A and model B | `#138` `#139` | | **Sex anchors ""the sexual"" itself, not one family within i","版图的主分界线不是""先来后到"",是""物件 vs 叙事""",1,0
README.md,139,,109705,"n-isomorphic than any other split** (0.8×), so this line is compatible with both model A and model B | `#138` `#139` | | **Sex anchors ""the sexual"" itself, not one family within it** | e",`#138f` 降级;真正结构不对称的是早/晚那条线,1,0
README.md,137,,110225,"eakest of the six**. The two families differ in organisation and in arrival, but not in **external causes** | `#137` | | **The relational family arrives together yet contains several ind",两族不是两样东西:早/晚这条线在外部锚上是六个里最弱的,1,0
README.md,139,,111039,ndom-loading floor of 0.349) — the relational family is the **intersection** of three near-independent axes | `#139` `#140` | | **What arrives early is scattered; what arrives late is a ,`#138f` 降级;真正结构不对称的是早/晚那条线,1,0
README.md,140,,111046,ading floor of 0.349) — the relational family is the **intersection** of three near-independent axes | `#139` `#140` | | **What arrives early is scattered; what arrives late is a set** |,"关系族装的就是 A02 那三条轴;而那个""零""是 0.349,不是 0",1,0
README.md,75,,111990,"hing arriving in order; it is two kinds of thing, differently organised, arriving differently** — a dimension `#75`'s schedule does not have. ⚠ Connectivity has **no knee** (1.6×), so """,CLOSURE: the cap cost precision and cost no verdict,1,0
README.md,135,,112115,"e does not have. ⚠ Connectivity has **no knee** (1.6×), so ""closes at 17"" holds only for the category count | `#135` `#136` | | **For a third of people the map closed at 17; for the rest","没有边界,但有两族:早来的东西是散的,晚来的东西是一整套",1,0
README.md,136,,112122,"not have. ⚠ Connectivity has **no knee** (1.6×), so ""closes at 17"" holds only for the category count | `#135` `#136` | | **For a third of people the map closed at 17; for the rest it ope","「一整套」是字面意义的:关系族一起到,具体族一个一个到",1,0
README.md,114,,112451,"es are **less connected** to their earlier ones, retaining 89% after stripping rarity at the pair level, with `#114` opposite-signed, and **all five age bands agreeing in sign (5.3–10.9×","记忆把心爱的兴趣往前拉,约 0.74 年;这是这个数据集里第一个被直接量出来的回忆偏差",1,0
README.md,133,,112934,"plit is unresolvable (1.0×) — the phenomenon is tied to absolute age, not to ""later in your own sequence""** | `#133` `#134` | | **The sexual map is largely fixed by the end of adolescenc","成年后加进来的不是旁边那一块,是别处;而三分之一的人版图在 17 岁就关上了",1,0
README.md,134,,112941," unresolvable (1.0×) — the phenomenon is tied to absolute age, not to ""later in your own sequence""** | `#133` `#134` | | **The sexual map is largely fixed by the end of adolescence** | A","反向回忆的印记不存在;但那个效应绑在绝对年龄上,而它的量级要降级",1,0
README.md,132,,113447,"s puts a time boundary on model C: if recursive reshaping exists, its window is mostly inside adolescence** | `#132` | | **At the population level the map really does start from what eve",审查解释不掉 Δ;而性版图在青春期结束时就基本定型了,1,0
README.md,147,,113886," resolvably negative (17.5–27.3×) — the effect is universal, independent of how many things a person likes** (`#147`). ⚠ `#146`'s ""the broader your taste the stronger it is"" is **withdra",`#130a` 得救而且是普遍的;而 `#146` 的广度联系是一条算术界,1,0
README.md,146,,113897," negative (17.5–27.3×) — the effect is universal, independent of how many things a person likes** (`#147`). ⚠ `#146`'s ""the broader your taste the stronger it is"" is **withdrawn**: the r","Δ 的量级由""谁够格进入分析""决定,而那就是广度",1,0
README.md,148,,114290,"oes not explain it either (PC4 only 0.2×), nor does rarity dispersion (+0.191). **The mechanism is located** (`#148` `#152`): **it is the shared developmental schedule projected onto eac","机制找到了:那不是关于个人的,是共享时间表投影到每个人身上的样子",1,0
README.md,152,,114297," explain it either (PC4 only 0.2×), nor does rarity dispersion (+0.191). **The mechanism is located** (`#148` `#152`): **it is the shared developmental schedule projected onto each perso","方向立住,量级撤回:`#148a` 的分母错了,比值被高估 14 倍",1,0
README.md,148,,114526,"chedule all explain most of it, sign consistent (61%–104%)**. ⚠ **The magnitude is specification-dependent**: `#148`'s ""80%, exceeding a random baseline by 44 points at 20.0×"" is **withd","机制找到了:那不是关于个人的,是共享时间表投影到每个人身上的样子",1,0
README.md,159,,114828,"t reading is **61 ± 44 points = 1.4×, unresolvable**. The remaining **9.4×** was taken to be ""personal"" — and `#159` shows **it is almost not about people at all**: split a person's inte","那 20% 几乎不是关于人的,它是关于东西的",1,0
README.md,149,,115275,"ater than the shared schedule predicts, and it is the same profile for entirely different groups of people.** `#149` says **that part is real but not a trait**: two independent readings ","那 20% 是真的,但它不是一个特质",1,0
README.md,100,,115529,"0.0910** on the person's **other** half (6.3× smaller). **What uncommon things you like is a stable property (`#100`: +0.4611, 23.1×); when you got them is not.** ⚠ **Mechanism UNVERIFIE","a reliable person-level trait in WHICH options are endorsed, independent of HOW MANY",1,1
README.md,130,,115902,"unrelated to rarity (+0.011). The left-tail explanation is dead (−0.091). **Effect stable, mechanism open** | `#130` `#131` | | **The rarer a person's eventual taste, the larger that hea","人群从常见处开始,而每个人都在共享曲线上提前了自己那一份",1,0
README.md,131,,115909,"ed to rarity (+0.011). The left-tail explanation is dead (−0.091). **Effect stable, mechanism open** | `#130` `#131` | | **The rarer a person's eventual taste, the larger that head start","66.852% 保住了;而""跳过排不出来的对""值 12.9 个百分点",1,0
README.md,114,,116205,"*, three matching specifications agreeing at 85–100%, permutation null 17%, planted positive control +0.5878. `#114`'s recall bias contributes 39%. **It reproduces on a discrete statisti","记忆把心爱的兴趣往前拉,约 0.74 年;这是这个数据集里第一个被直接量出来的回忆偏差",1,0
README.md,150,,116315,"`#114`'s recall bias contributes 39%. **It reproduces on a discrete statistic: matched +0.0532, 5.1×**. **And `#150`'s pre-registered point prediction landed**: measured instead as ""how ","预注册的点预测命中了;而""一致""仍然不等于""证明了相同""",1,0
README.md,151,,116690,"NSISTENT, not PROVEN: the equivalence bound can only exclude a discrepancy larger than 86% of the effect, and `#151` shows **this release has no instrument that can weld it shut** (force","强制选择没放大效应,它更吵;而""更干净""不等于""更好""",1,0
README.md,128,,116893,"er per item but has only 10 blocks; reliability 0.252 vs 0.461, and the net result is a loss of resolution) | `#128` `#129` `#130` `#150` `#151` | | **Its only external anchor that holds",不寻常的东西一开始就在那里;而一遍双向去均值把这个结论的符号弄反了,1,0
README.md,129,,116900,"item but has only 10 blocks; reliability 0.252 vs 0.461, and the net result is a loss of resolution) | `#128` `#129` `#130` `#150` `#151` | | **Its only external anchor that holds is sex","特质链接不是覆盖度;而一次尺度不匹配的残差化,把两轮的 `corr(·,S)` 变成了负的勾选数",1,0
README.md,130,,116907,"t has only 10 blocks; reliability 0.252 vs 0.461, and the net result is a loss of resolution) | `#128` `#129` `#130` `#150` `#151` | | **Its only external anchor that holds is sex** | +0","人群从常见处开始,而每个人都在共享曲线上提前了自己那一份",1,0
README.md,150,,116914,"nly 10 blocks; reliability 0.252 vs 0.461, and the net result is a loss of resolution) | `#128` `#129` `#130` `#150` `#151` | | **Its only external anchor that holds is sex** | +0.093 (d","预注册的点预测命中了;而""一致""仍然不等于""证明了相同""",1,0
README.md,151,,116921,"blocks; reliability 0.252 vs 0.461, and the net result is a loss of resolution) | `#128` `#129` `#130` `#150` `#151` | | **Its only external anchor that holds is sex** | +0.093 (disatten","强制选择没放大效应,它更吵;而""更干净""不等于""更好""",1,0
README.md,154,,117145,"056, **openness only +0.023** — it is not general novelty seeking. **The null's strength is now quantified** (`#154`): a single curveball null can by itself produce personality correlati",我重抽的是一个已被取代的轮次;而那 10 抽仍然证明了 `R15` 的三次平均是必要的,1,0
README.md,101,,117374,"ged three draws, leaving a residual of ≈0.004 — a 23× margin. **This claim is safe by design, not by luck** | `#101` `#102` `#154` | | **People remember their most-loved sexual interests","the trait tracks WHEN interests were acquired, more than it tracks personality",1,1
README.md,102,,117381,"ee draws, leaving a residual of ≈0.004 — a 23× margin. **This claim is safe by design, not by luck** | `#101` `#102` `#154` | | **People remember their most-loved sexual interests as arr","the onset link does not survive its own matched null, and my gate checked the null against a number instead of against the effect",1,0
README.md,154,,117388,"s, leaving a residual of ≈0.004 — a 23× margin. **This claim is safe by design, not by luck** | `#101` `#102` `#154` | | **People remember their most-loved sexual interests as arriving a",我重抽的是一个已被取代的轮次;而那 10 抽仍然证明了 `R15` 的三次平均是必要的,1,0
README.md,153,,117596,"er** | −0.2000 years per rating sd (**19.8× SE**); a within-category shuffle null is **0–11%** of the effect (`#153`: the original round drew it **once**, and that draw was the smallest ",单次抽样的零不自动致命;伤害 = 零的实现 sd ÷ 效应,1,0
README.md,162,,117942,"the entire maturation schedule rests on top of it**. ⚠ **It is a population regularity, not a personal one** (`#162`): the per-person slope's split-half reliability is **at or below its ",回忆偏差是所有人共有的;而它的效应比它自己零的噪声还小,1,0
README.md,114,,118300,"ilure. **""Some people are more prone than others to remembering their favourites as early"" does not hold.** | `#114` `#162` | | **And that memory distortion deepens with time, nearly dou","记忆把心爱的兴趣往前拉,约 0.74 年;这是这个数据集里第一个被直接量出来的回忆偏差",1,0
README.md,162,,118307,"**""Some people are more prone than others to remembering their favourites as early"" does not hold.** | `#114` `#162` | | **And that memory distortion deepens with time, nearly doubling o",回忆偏差是所有人共有的;而它的效应比它自己零的噪声还小,1,0
README.md,119,,118632,"osite-signed**, so correcting only amplifies. **It is not generated at the moment of answering the survey** | `#119` | | **Among interests of the same kind, which one came first predicts","回忆畸变随年龄增强,所以它不是纯粹的""报告时刻建构"";而""伪影是否为零""一直是错的问题",1,0
README.md,107,,119037,"level** — its sibling claim (""the earlier it arrives the more central it is"") died on exactly that confound | `#107` `#110` `#116` `#117` | | **And the remaining preferences are pulled t","顺序的痕迹不是「你是哪一类人」:跨类对的效应被类型吸收殆尽,同类对的存活",1,0
README.md,110,,119044," — its sibling claim (""the earlier it arrives the more central it is"") died on exactly that confound | `#107` `#110` `#116` `#117` | | **And the remaining preferences are pulled toward w","顺序效应在对的零上是 +0.0285(8.6× SE);剂量再次被自己的对照挡下,而这次机制查清了",1,0
README.md,116,,119051,"sibling claim (""the earlier it arrives the more central it is"") died on exactly that confound | `#107` `#110` `#116` `#117` | | **And the remaining preferences are pulled toward whicheve","顺序效应挺过了杀死它兄弟的那个混淆,而且原因是设计结构上的",1,0
README.md,117,,119058," claim (""the earlier it arrives the more central it is"") died on exactly that confound | `#107` `#110` `#116` `#117` | | **And the remaining preferences are pulled toward whichever came ","零修对后效应站得更稳;而""先来的把其余偏好拉向自己""刚过线",1,0
README.md,118,,119539,"eeded"" is withdrawn; the ratio's first decimal is itself inside the bootstrap noise (20 seeds: 3.023–3.163) | `#118` `#142`, labelled DESCRIPTION: direction does not discriminate causali","方向命题从 2.1× 升到 3.1×,但不是因为我预测的理由;而它原来的正对照是一个恒等式",1,0
README.md,142,,119546,"is withdrawn; the ratio's first decimal is itself inside the bootstrap noise (20 seeds: 3.023–3.163) | `#118` `#142`, labelled DESCRIPTION: direction does not discriminate causality | | ","`#118` 宣布的""加强""没有发生,而它的判定压在一个落进噪声带的常数上",1,0
README.md,141,,120210, in the middle band (0.45 < 0.605 < 0.70) → **UNVERIFIED**: neither one construct nor confirmed distinct. ⚠ **`#141` is withdrawn in full** — it re-priced the claim by re-running `A02/R0,"A02 的结论站得住,但它引用错了自己的证据;而我的路标前提是错的",1,0
README.md,143,,120479,"ecommended quoting the **observed** correlation (0.112), which is precisely the attenuated one | `Entry 24` · `#143` | | **""Extreme"" is not one axis; it is two mutually exclusive directi",`#141` 整条撤回:我审计的是一个 118 条之前就已作废的版本,1,0
README.md,26,,121423,"eparable in this release). ⚠ But the step ""85% of that is response style"" was downgraded to **UNVERIFIED** by `#26` — every item is erotic content with no reverse-keying, so general agr",a pre-registered kill that passed while the real problem sat next to it,1,1
README.md,26,,121582,"rse-keying, so general agreeableness and general erotic endorsement are not separable in this release | A06 · `#26` |  ---  # What was retracted (kept here because I once reported it)  ",a pre-registered kill that passed while the real problem sat next to it,1,0
README.md,67,,121923,"f the loader deleted the rival; and within a block base rate ≡ content, so that contrast can never adjudicate `#67` `#69` `#70` | | ""Domain-general beats domain-specific, 186/276"" | **I","the epoch is named after the smaller of the two components, and the loader deleted the larger one first",1,2
README.md,69,,121929,"loader deleted the rival; and within a block base rate ≡ content, so that contrast can never adjudicate `#67` `#69` `#70` | | ""Domain-general beats domain-specific, 186/276"" | **Inverte","the item main effect is 1+1=2, and the algebra was checkable in one line",1,0
README.md,70,,121935," deleted the rival; and within a block base rate ≡ content, so that contrast can never adjudicate `#67` `#69` `#70` | | ""Domain-general beats domain-specific, 186/276"" | **Inverted: 0 g","the epoch title was two questions wearing one sentence, and the answer differs between them",1,0
README.md,82,,122106,"*Inverted: 0 general / 201 specific** | The 186 was a −0.135 estimator handicap I had given the specific side `#82` | | ""The three components are the same size (in predictability), 1.05",#71 inverts: the person-side readout is mostly assembled PER DOMAIN,1,1
README.md,86,,122299,"ithdrawn** | Subtracting a null does not fix an estimator; it charges the estimator's failure to the estimand `#86` `#87` `#88` | | ""A minority concentrates on rare options"" | **Wording","a null correction credits a component with the DAMAGE its estimator does, and 87% of the person effect's correction was that",1,3
README.md,87,,122305,"wn** | Subtracting a null does not fix an estimator; it charges the estimator's failure to the estimand `#86` `#87` `#88` | | ""A minority concentrates on rare options"" | **Wording withd","the −0.19 floor is an estimator artifact, and my own comparison let one arm peek at the test set",1,1
README.md,88,,122311," Subtracting a null does not fix an estimator; it charges the estimator's failure to the estimand `#86` `#87` `#88` | | ""A minority concentrates on rare options"" | **Wording withdrawn, ","with nothing subtracted anywhere, the item effect is 3.5–5.6× the interaction, and `#85`'s tie was the correction machinery",1,0
README.md,99,,122452,"tes on rare options"" | **Wording withdrawn, existence retained** | It is a symmetric widening, not a subgroup `#99` | | ""The earlier something enters the map, the more central it is"" | ","the check eleven rounds never ran: the distribution is symmetrically WIDER, not one-sidedly elevated",1,0
README.md,115,,122618,"e central it is"" | **Withdrawn, 10% remains** | That was not time, it was ""people who rate everything highly"" `#115` | | ""The trait tracks earlier acquisition age"" | **Withdrawn** | −0.0","`#112a` 撤回:那不是""早到来的东西在中心"",是""什么都给高分的人""",1,0
README.md,102,,122753,"cks earlier acquisition age"" | **Withdrawn** | −0.030 against a null of −0.028; the null is 91% of the effect `#102` | | ""The √n accumulation across blocks reflects latent structure"" | *","the onset link does not survive its own matched null, and my gate checked the null against a number instead of against the effect",1,3
README.md,64,,122900,"s blocks reflects latent structure"" | **Inverted** | At fixed budget, more blocks is worse; it is ordinary √N `#64` |  ---  # What this data cannot do (each measured, not guessed)  | Ca","at equal data, fragmenting it across more blocks makes the signal worse, so the accumulation was never about blocks",1,4
README.md,91,,123155,"of people (variance-explained methods) | 5% carriers at **±50 pp** leave skill on the floor; ≈30% is required `#91` | | Distinguish ""a small group unusually intense about a few things"" ","a structure carried by 5% of people is invisible at ANY strength, and that is what a fetish looks like",1,1
README.md,122,,123424,"l sit inside seed jitter at 3000 swaps per block; **the way out is an external anchor, not a stronger plant** `#122` | | Distinguish memory becoming blurry from a story becoming settled ","保边际的两个种植都太弱,问题停在能力边界;而尾部超出本身是真的",1,0
README.md,120,,123683,"ity at all, so this is a **capability boundary, not a null**; pushing it to 2× needs about **48× the sample** `#120` | | Measure the interaction magnitude directly, without a model | **A","机制分不开,而且原因是真实曲率根本不可分辨;我的两个 gate 又各错了一次",1,0
README.md,105,,123888,ible** — the residual's first moment is margin-determined and identically zero under a margin-preserving null `#105` | | Count dimensions | An estimator with an honest floor cannot count,"the direct measurement is algebraically impossible, which is why `#90` had to be indirect",1,0
README.md,89,,124021,ions | An estimator with an honest floor cannot count; the one that can count has a floor that is an artefact `#89` | | Recover presentation-order primacy | The release exports multisel,"the estimator with the honest floor cannot count dimensions, and the one that can count has a dishonest floor",1,7
README.md,69,,124185,"ease exports multiselect answers **alphabetically** (119 pairs, agreement 1.0000); display order is destroyed `#69` | | Separate breadth from acquiescence | Needs reverse-keyed or force","the item main effect is 1+1=2, and the algebra was checkable in one line",1,0
README.md,338,,125333,"y predicts for `humiliation`, `gender`, `bestiality`, `incest`; less for `vore`, `brutal`, `creepy/creature` (`#338` `#339`). **And the thing is stable**: split the respondents in half t","稀有度解释类别层羞耻的 58%,残差是噪声底的 5 倍",1,0
README.md,339,,125340,"cts for `humiliation`, `gender`, `bestiality`, `incest`; less for `vore`, `brutal`, `creepy/creature` (`#338` `#339`). **And the thing is stable**: split the respondents in half twenty t","那四成,这个项目现有的量一个也解释不了",1,0
README.md,343,,125781,"reliability, not validity** — a reproducible category-level quantity can still be a shadow of something else (`#343`). |  **And a transferable methodological result — but a much smaller ",那 42% 是类别的一个高信度性质(分半 0.90),1,0
README.md,169,,126219," correlation — **though it is a single-split direct measurement whose own precision has never been estimated (`#169`, scope stated rather than promised)**. What does **not** stand is the",公开面收窄后是干净的;而收窄途中撞出一条 `#20` 已经杀掉、却还挂在两份 README 上的定律,1,0
README.md,20,,126398," is the law I built on top of it: ~~`corr(deficit, coverage gap) = +0.815` over nine splits~~ was **killed by `#20`** — median r over K ∈ {3,5,8,12} is **+0.127**, the worst leave-one-o","the coverage law was one point, and the point was 7.6× the rest of the range",1,1
README.md,11,,127203,fferent subpopulations. **The hazard is theirs; one correction on one split is mine; the law was nobody's.** (`#11` `#15` `#20`)  --- ## What each big round established (R = one iterati,"**""How much porn you consume reorganises erotic grammar 2.4× more than sex does""** (`r31`, deficit **0.2285**, z=60)",1,0
README.md,15,,127209,"t subpopulations. **The hazard is theirs; one correction on one split is mine; the law was nobody's.** (`#11` `#15` `#20`)  --- ## What each big round established (R = one iteration, on","prior art, which the forecast predicted at p=0.75",1,0
README.md,20,,127215,"opulations. **The hazard is theirs; one correction on one split is mine; the law was nobody's.** (`#11` `#15` `#20`)  --- ## What each big round established (R = one iteration, one beli","the coverage law was one point, and the point was 7.6× the rest of the range",1,0
README.md,321,,129568,"s in the middle band (0.45 < 0.605 < 0.70): **UNVERIFIED**, neither one construct nor confirmed distinct. ⚠ **`#321`: and that is now a resolved intermediate, not a failure to measure** ","UNVERIFIED 从「测不出」升级成「测出来了,答案就在中间」",1,1
README.md,358,,130610,"nce R² = +0.0136 against a −0.0043 null, 31% of the same-domain ceiling after stripping intensity leakage ⚠ **`#358`: the schedule now has its own evidence, and a ceiling.** The 31 categ","那张共享时间表现在有了它自己的证据,以及一个上限",1,0
README.md,20,,133146, different subpopulations. **The hazard is theirs; one correction on one split is mine; the law was nobody's (`#20`).** Drawn-vs-live-action consumers — whose content contains no real b,"the coverage law was one point, and the point was 7.6× the rest of the range",1,0
README.md,60,,136419,"ement = 0.00723 × √(source domains)` — CV **6.4%** across n=1…31, against 11.2% for log and 51.9% for linear (`#60`), with a permuted-label null of exactly 0.0000 at every n. **[MECHANI","the accumulation is √n, and that is the mechanism as well as the curve",1,0
README.md,59,,137259,"factors +0.0409** (fitted on 31 *other* blocks) and **within-block structure +0.0290**, combined **+0.0606** (`#59`). The aggregate cross-domain signal is the *larger* — pairwise block→","the aggregate cross-domain signal is larger than block-internal structure, and my verdict label confused largeness with sameness",1,7
README.md,168,,138648,"`guard_lint.error_bar_scan()` | artifact → precision (**does the real arm have any source of jitter at all**, `#168`) | | `lib/gates.py` | 10 guards + the `Gate` comparison rules every r","不是 `#100` 一处:整个 A11 弧十轮都没有误差棒,而账本 57.5% 的条目不作任何精度陈述",1,0
README_zh.md,144,d,128,"icization Operator  > **中文版。英文版 [`README.md`](README.md) 为准 —— 修正先落英文,这里是镜像。** > (§P16「一个事实一个家」:两份叙述并行是它自己的风险,`#144d` 记过一次代价。)  **「性」——是大脑检测的一个内容类别,还是它赋予普通世界表征的一个价值?** 329 轮自我攻击,针对同一份公开数据","一个不带出处的数字,是一个无法被撤回的数字",1,0
README_zh.md,264,,564,"65 列,重度分箱、去人口学、注入噪声。 数据不提交 —— 原始 release 与人层衍生表都不提交;`E01…/A01…/R001_schema/run.py` 会重新下载并重建。  > ### 这一切到底有多大?(`#264`,先读这一段) > 这个项目建立的**每一个**人层维度,**放进同一个模型**去预测同样那 29 个结局, > 联合解释的**中位是 1.","把所有关于「一个人是谁」的东西加起来,平均只说中百分之一点四",1,0
README_zh.md,301,,1025,"外注意排序:**最不可靠**的那个仍站着的维度(位置分,0.432)贡献了**最大**的增量 R²(0.715%)。 > **信度与解释力是两回事 —— 一个量可以稳定地测到一个几乎不影响任何事的东西。** > ⚠ **`#301` `#302`:**样本内 1.4% / 样本外 0.87%**。留出来算 —— 5 折人层交叉验证,**六个坐标在每一折内部重估** ——",1.4% 是样本内的;换到没见过的人身上是 1.09%,1,0
README_zh.md,302,,1032,"*最不可靠**的那个仍站着的维度(位置分,0.432)贡献了**最大**的增量 R²(0.715%)。 > **信度与解释力是两回事 —— 一个量可以稳定地测到一个几乎不影响任何事的东西。** > ⚠ **`#301` `#302`:**样本内 1.4% / 样本外 0.87%**。留出来算 —— 5 折人层交叉验证,**六个坐标在每一折内部重估** ——同一条流水线的","嵌套 CV:0.869%,已发表数字的 37% 是拟合",1,0
README_zh.md,356,,1362,"个分析旋钮都不超过 0.18pp)。两个数都合法,而且回答的不是同一个问题 —— 1.390% 是这六个坐标在**建造它们的那批人**身上解释了多少,0.869% 是它们交到**从没见过的人**身上时兑现多少。 ⚠ **`#356`:而那 1.4% 里有一部分与「这个人报了多少」共线。**把「你填了多少个起始类别」加进六个坐标、对全部 29 个结局做共同性分解:共享成分","六个坐标解释的东西里,中位 18% 与「你报了多少」共线",1,1
README_zh.md,234,c,1879,"的情欲估值 | `v_i(s,c,t) = w_i(c,t)^T h(s)` —— 普通场景,施加其上的一个读出 | | **C** 递归混合 | 价值回流,重塑它作用过的那个表征 |  > ### 三个模型现在的处境(`#234c`) > **B 已死**(`#179`:位置不是一个不带立场的坐标 —— 它带着羞耻)。 > **C 唯一可分的预测没有支持**(`#234","羞耻改变一个人怎么看自己的欲望,但没有改变它的形状",1,0
README_zh.md,179,,1899,"= w_i(c,t)^T h(s)` —— 普通场景,施加其上的一个读出 | | **C** 递归混合 | 价值回流,重塑它作用过的那个表征 |  > ### 三个模型现在的处境(`#234c`) > **B 已死**(`#179`:位置不是一个不带立场的坐标 —— 它带着羞耻)。 > **C 唯一可分的预测没有支持**(`#234a`:按羞耻分层、匹配勾选数,宽度剖面","「偏爱冷门」不是一个不带立场的坐标:控制内容之后,它仍然预测羞耻",1,0
README_zh.md,234,a,1951,"| 价值回流,重塑它作用过的那个表征 |  > ### 三个模型现在的处境(`#234c`) > **B 已死**(`#179`:位置不是一个不带立场的坐标 —— 它带着羞耻)。 > **C 唯一可分的预测没有支持**(`#234a`:按羞耻分层、匹配勾选数,宽度剖面的两半复现是 > **0.4672 / 0.4611 / 0.4718** —— 平的,而这个设计的正对照","羞耻改变一个人怎么看自己的欲望,但没有改变它的形状",1,0
README_zh.md,229,,2161,"上就能点着)。 > **但诚实的读法不是「A 赢了」。** 这份数据里最可靠的人层结构 —— 分半信度 **0.56–0.72**, > 远高于位置分的 0.432 —— 是**一个人在哪些领域敞开、以什么形状敞开**(`#229`–`#232`)。 > **A、B、C 三个都没有预测它**,因为三个问的都是「什么使一样东西成为性的」, > 而它是关于**这个人**的事","宽度有形状,而它的第一个名字是「体液」",1,0
README_zh.md,232,,2168," > **但诚实的读法不是「A 赢了」。** 这份数据里最可靠的人层结构 —— 分半信度 **0.56–0.72**, > 远高于位置分的 0.432 —— 是**一个人在哪些领域敞开、以什么形状敞开**(`#229`–`#232`)。 > **A、B、C 三个都没有预测它**,因为三个问的都是「什么使一样东西成为性的」, > 而它是关于**这个人**的事实,不是关于刺","两条完全不同的路,通向同一种感觉",1,0
README_zh.md,234,c,2334,"它是关于**这个人**的事实,不是关于刺激的。 > **A/B/C 这个分解没有沿着这份数据的关节切下去。** 这是关于**分解是否完备**的主张,不是对 A 的证伪。   ---  ## 这份数据真正支持的人层维度  `#234c` 发现 A/B/C 那个分解没有沿着这份数据的关节切下去:三个模型问的都是**什么使一样东西成为性的**, 而这里最可靠的结构是关于**人*","羞耻改变一个人怎么看自己的欲望,但没有改变它的形状",1,0
README_zh.md,251,,2493,"一样东西成为性的**, 而这里最可靠的结构是关于**人**的。那些维度散落在十几条账本条目里,这是它们第一次在同一张表上。 **下面每一个数字都在 `RETRACTIONS.md` 里逐字出现过 —— 建这张表的那一轮(`#251`)只要有一个找不到就失败。** 空格写 `UNCOMPUTED`,那是它诚实的部分。  | 维度 | 分半信度 | 仪器 | 跨仪器 | ↔","这个项目花最多力气去证明的那个量,不是它手里最结实的那个",1,0
README_zh.md,259,,2819,"1155)· 性别 · 内容分 | | **跨块对比 D** —— 你在哪些领域敞开 | **+0.6785** | 块 | **已验**(起始仪器 +0.1384) | +0.0830 | ~8–10/31  ⚠ **`#259`:这一行与宽度类型 c3 那一行高度重叠** —— 两者的结局剖面相关 **+0.7826**,而衰减上限是 0.9142 ± 0.0171","大体同一,而「大体」这个词这次是有数字的",1,0
README_zh.md,255,,3136," | 块 | **已验**(维数 ≥2;起始仪器 k=2 复现 0.9379) | 逐人**清晰度**给 +0.0148 ± 0.0116(1.3×,单种子) | **29 里 8,跨六个选项劈半种子读作 3–13**(`#255` —— ⚠ `#254` 的「什么都不预测」**已撤回**:那个读数来自一个不巧的种子) | 勾选数已控 · 块层属性已排除(`#228b`","我说它「什么都不预测」,只是因为我抽到了一个不巧的种子",1,1
README_zh.md,254,,3148,"*(维数 ≥2;起始仪器 k=2 复现 0.9379) | 逐人**清晰度**给 +0.0148 ± 0.0116(1.3×,单种子) | **29 里 8,跨六个选项劈半种子读作 3–13**(`#255` —— ⚠ `#254` 的「什么都不预测」**已撤回**:那个读数来自一个不巧的种子) | 勾选数已控 · 块层属性已排除(`#228b`) | | 宽度类型 c","一个没有功效证明的零,和一个 UNCOMPUTED 只差一点点",1,0
README_zh.md,228,b,3205,"(1.3×,单种子) | **29 里 8,跨六个选项劈半种子读作 3–13**(`#255` —— ⚠ `#254` 的「什么都不预测」**已撤回**:那个读数来自一个不巧的种子) | 勾选数已控 · 块层属性已排除(`#228b`) | | 宽度类型 c1 | **+0.6429** | 块 | 未验 | `UNCOMPUTED` | 13 → **控制后 9,读作 ","「对什么都说是」的人,其实不是对什么都说是",1,0
README_zh.md,257,,3289,"个不巧的种子) | 勾选数已控 · 块层属性已排除(`#228b`) | | 宽度类型 c1 | **+0.6429** | 块 | 未验 | `UNCOMPUTED` | 13 → **控制后 9,读作 6–12**(`#257`) | **勾选数 · 性别 · 位置分 S 三重已控**(`#252`) | | 宽度类型 c2 | **+0.5778** | 块 | ","三个数字一个都没错,但它们此前给出的精度窄了大约一半",1,0
README_zh.md,252,,3325," | 宽度类型 c1 | **+0.6429** | 块 | 未验 | `UNCOMPUTED` | 13 → **控制后 9,读作 6–12**(`#257`) | **勾选数 · 性别 · 位置分 S 三重已控**(`#252`) | | 宽度类型 c2 | **+0.5778** | 块 | 未验 | `UNCOMPUTED` | 11 → **控制后 6,读作 ","一个由特征分解定义的成分,不能用种入强度扫描去做正对照",1,0
README_zh.md,257,,3407,"| **勾选数 · 性别 · 位置分 S 三重已控**(`#252`) | | 宽度类型 c2 | **+0.5778** | 块 | 未验 | `UNCOMPUTED` | 11 → **控制后 6,读作 4–8**(`#257`) | **勾选数 · 性别 · 位置分 S 三重已控**(`#252`) | | **宽度类型 c3 —— *你把开放花在哪儿*** | ","三个数字一个都没错,但它们此前给出的精度窄了大约一半",1,0
README_zh.md,252,,3443,"| | 宽度类型 c2 | **+0.5778** | 块 | 未验 | `UNCOMPUTED` | 11 → **控制后 6,读作 4–8**(`#257`) | **勾选数 · 性别 · 位置分 S 三重已控**(`#252`) | | **宽度类型 c3 —— *你把开放花在哪儿*** | **+0.5631** | 块 | **名字已跨仪器验证**(`#258","一个由特征分解定义的成分,不能用种入强度扫描去做正对照",1,0
README_zh.md,258,,3514,"**(`#257`) | **勾选数 · 性别 · 位置分 S 三重已控**(`#252`) | | **宽度类型 c3 —— *你把开放花在哪儿*** | **+0.5631** | 块 | **名字已跨仪器验证**(`#258`:与起始仪器越轨半 +0.1815、与普通半 **−0.1086**,差 18.6×) | **+0.1286** | 21 → **控制后","c3 有名字了:不是「你有多开放」,是「你把开放花在哪儿」",1,1
README_zh.md,257,,3605,"| 块 | **名字已跨仪器验证**(`#258`:与起始仪器越轨半 +0.1815、与普通半 **−0.1086**,差 18.6×) | **+0.1286** | 21 → **控制后 19,读作 17–21**(`#257`) | 与位置分只相关 +0.2036,同时进回归两个都活;控制总类别数后差**变大**到 +0.4905 ⚠ **`#366`:这条路没有","三个数字一个都没错,但它们此前给出的精度窄了大约一半",1,0
README_zh.md,366,,3669,".6×) | **+0.1286** | 21 → **控制后 19,读作 17–21**(`#257`) | 与位置分只相关 +0.2036,同时进回归两个都活;控制总类别数后差**变大**到 +0.4905 ⚠ **`#366`:这条路没有另外两条干净。** 拿 **20** 个**非坐标**人层量做 panel(年龄 · 生理性别 · 大五全部五个 · 无力感 ·",`c3⁻` 那份羞耻不是独有的;而咬掉它的五个量说的是同一种人,1,0
README_zh.md,367,,4123,"力感 7.3%。**最大的五口方向完全一致**:更年轻 · 性经验更少 · 更不外向 · 更焦虑 · 更觉得没有主动权,合起来带着这条路上约 40% 的羞耻;**剩下的 60%,这二十个量合起来也认不出来。** ⚠ **`#367`:那 40% 是**一个**维度,不是二十个 —— 但上面那句话里有一半是修辞。** 按 `c3⁻` 对齐符号后,五个量之间 **10/10","那 40% 是**一个**维度,不是二十个;而「同一种人」里有一半是我读出来的",1,3
README_zh.md,369,,4617,"部,+3.8 sd),这是「在同一份数据上挑出来的五个」所必需的零。 ⚠ **要收回的是**:「方向一致」本身几乎不含信息 —— 20 个变量里 16 个同号,随机 5 元组全同号的频率是 **28.2%**。 ⚠ **`#369`:而这份共享沿着那条线是**均匀**的 —— 上面两个数并不矛盾。** 五分位分段没有能力这么说(MDE +0.20 对着有意义的 +0.0","换估计量,不换问题:那 92% 真的是摊在整条线上",1,0
README_zh.md,368,,4695,"号,随机 5 元组全同号的频率是 **28.2%**。 ⚠ **`#369`:而这份共享沿着那条线是**均匀**的 —— 上面两个数并不矛盾。** 五分位分段没有能力这么说(MDE +0.20 对着有意义的 +0.05,`#368`),所以换成在全部 6,609 人上的**一个交互系数**:`c3⁻ × PC1` = **−0.00042**(se 0.0120,95%","「均匀」我报不了;而我把标签写反了,又造了一个永远不会开火的判据",1,1
README_zh.md,347,,5098,"** 说成人话 —— **这条线决定的是一个人有多少羞耻,不是他的口味会不会让他羞耻。** ⚠ 作刻度而非检验(k 不同):一个**真是 `c3⁻` 加同幅噪声**的变量保留 54.8%。 ⚠ `c3⁻` 是样本内估的(`#347`),所以绝对 pp 是上界,可迁移的量是**保留比例**。 | | **rho_i** —— 你罕见的兴趣排在前还是后 | **+0.531",把口径注写进页面上那个 `+0.1185`,1,0
README_zh.md,114,,5256,"* —— 你罕见的兴趣排在前还是后 | **+0.5316** | 起始年龄(31 类别) | 不适用(块仪器没有时间) | `UNCOMPUTED` | 11/31 | 当前年龄已控(+0.0226)· 回忆偏差已控(`#114` —— **`#452` 更正这条引用,原文写的是 `#289`,而那一条讲的是按性别的测量不变性**)· 跨半保住 56% | | **`","记忆把心爱的兴趣往前拉,约 0.74 年;这是这个数据集里第一个被直接量出来的回忆偏差",1,0
README_zh.md,452,,5268,"在前还是后 | **+0.5316** | 起始年龄(31 类别) | 不适用(块仪器没有时间) | `UNCOMPUTED` | 11/31 | 当前年龄已控(+0.0226)· 回忆偏差已控(`#114` —— **`#452` 更正这条引用,原文写的是 `#289`,而那一条讲的是按性别的测量不变性**)· 跨半保住 56% | | **`form_i` —— 「","读出来的两件事,比跑出来的那一件更值钱",1,0
README_zh.md,289,,5288,"| 起始年龄(31 类别) | 不适用(块仪器没有时间) | `UNCOMPUTED` | 11/31 | 当前年龄已控(+0.0226)· 回忆偏差已控(`#114` —— **`#452` 更正这条引用,原文写的是 `#289`,而那一条讲的是按性别的测量不变性**)· 跨半保住 56% | | **`form_i` —— 「被画的东西打开」与「被写的东西打开」之间","S 不是性别,但 S 在两个人群里意味着不同的东西",1,0
README_zh.md,277,,5473,"间那份共有** | **+0.3382**(两道题) | 块(`animated`/`written` 扣掉全部六个坐标之后的残差) | **已验** —— 在不相交的起始仪器上 +0.0799,是置换展布的 3.9×(`#277`) | **+0.0454**,但它在六坐标之上的增量是 **+0.21 ± 0.13pp —— 不可分辨**(`#278`) | **27","那个东西现在可以拿在手里了,即使仍然叫不出名字",1,0
README_zh.md,278,,5535,"的残差) | **已验** —— 在不相交的起始仪器上 +0.0799,是置换展布的 3.9×(`#277`) | **+0.0454**,但它在六坐标之上的增量是 **+0.21 ± 0.13pp —— 不可分辨**(`#278`) | **27 里 9–11**(已剔除它自己的两道构成题) | 六坐标按构造已扣掉;它与 `c3⊥D` 的相关是**恒等式**不是证据(","这个项目找到的每一样东西最后都指向羞耻,除了这一个",1,0
README_zh.md,277,,5611,之上的增量是 **+0.21 ± 0.13pp —— 不可分辨**(`#278`) | **27 里 9–11**(已剔除它自己的两道构成题) | 六坐标按构造已扣掉;它与 `c3⊥D` 的相关是**恒等式**不是证据(`#277`);与 `rate⊥rho` 在不相交仪器上只共享 +0.1212 的剖面(`#283`) | ⚠ **`#316`:那是关于**增量**的,"那个东西现在可以拿在手里了,即使仍然叫不出名字",1,0
README_zh.md,283,,5655,"**27 里 9–11**(已剔除它自己的两道构成题) | 六坐标按构造已扣掉;它与 `c3⊥D` 的相关是**恒等式**不是证据(`#277`);与 `rate⊥rho` 在不相交仪器上只共享 +0.1212 的剖面(`#283`) | ⚠ **`#316`:那是关于**增量**的一句话,而更宽的读法是错的。**未正交化的 `form` 与羞耻相关 **+0.0797","同一道题,两条互不相干的路",1,0
README_zh.md,316,,5669,"已剔除它自己的两道构成题) | 六坐标按构造已扣掉;它与 `c3⊥D` 的相关是**恒等式**不是证据(`#277`);与 `rate⊥rho` 在不相交仪器上只共享 +0.1212 的剖面(`#283`) | ⚠ **`#316`:那是关于**增量**的一句话,而更宽的读法是错的。**未正交化的 `form` 与羞耻相关 **+0.0797**,而它的 Spearma","`form` 不是够不到羞耻,它是信度低",1,1
README_zh.md,375,,5817,"的 `form` 与羞耻相关 **+0.0797**,而它的 Spearman–Brown 信度只有 **0.380**(`animated`↔`written` = **+0.2345**,n = 6,478;⚠ **`#375`:本页此处此前印的是 +0.468,那是 Spearman–Brown 的**分子 `2r`**,被当成了 `r` —— SB(0.468)",没有第三个 `form` 指标;而页面上那个 `+0.468` 是 `2r`,1,1
README_zh.md,320,,6012," 而不是 0.380,而 2 × 0.2346 = 0.469。可靠性 0.380 一直是对的,配对相关不是。**),所以去衰减后是 **+0.1293**(自助 95% 区间 **[+0.088, +0.167]**,`#320`) —— 与位置分(+0.1185)和广度型 c3(+0.1286)同量级。它扛住了答题风格的控制(去衰减 **+0.0791**,保留 6","非线性不咬人,但区间该报;纳入规则把不确定性放大近一半",1,0
README_zh.md,419,,6204,"的不是信号,而是它的**独有**部分:六坐标与答题风格都扣掉之后是 **+0.0168**,低于本设计 0.0348 的 MDE。**`form` 不是一个够不到羞耻的维度,它是一个这份问卷量得太粗的维度。** ⚠ **`#419`:这两题的方向现在查过了 —— 而**羞耻题本身**的方向也是第一次被查。** `animated`/`written` 与羞耻题都是 `L",方向是对的;而顺手确认的是整页的羞耻方向,1,0
README_zh.md,392,,6321,"这两题的方向现在查过了 —— 而**羞耻题本身**的方向也是第一次被查。** `animated`/`written` 与羞耻题都是 `LIKERT_PM3`(**对称**,−2…+2 与 −3…+3),在结构上不同于 `#392` 不得不翻转方向的那个**从不为正**的 `RATING_NEG_FIB` 尺度。用一道**措辞把方向锁死**的同族题来标定整个家族 —— ",我把整个尺度读反了;而我审计了三轮**我叫得出名字的**那个担心,1,0
README_zh.md,420,,6671," —— 被画的与写的东西唤起,与**认可的性行为数**是 **−0.076 / −0.062**,与**恋物类别数**是 **+0.095 / +0.035** —— 那是一个**实质的分裂**,不是仪器失灵。 ⚠ **`#420`:而它经得起一次正式的检验。** 控制 `S`、`c3⁻`、羞耻与年龄之后,`form` 分数对**认可的性行为计数**是 **−0.076","想要的种类更多,做过的事更少",1,0
README_zh.md,421,,7002,"反应的人,想要的**种类**更多,而做过的**事**更少 —— 而这不是口味整体上更冷门造成的,那一条已经控掉了。**  ⚠ 两个计数都是自报并各自标准化,所以只比符号与是否越阈;这个分裂是描述,不是因果主张。 ⚠ **`#421`:而本页所说的「广度」**不是一个量**。** 把实际用过的五个广度量列举出来 —— 起始类别数、恋物类别数、认可的性行为数、块覆盖数、总勾",「广度」不是一个东西;而落单的那一个正是 `form` 劈开的那一个,1,1
README_zh.md,422,,7354,"* —— 最弱的一环正是它与恋物类别数的 **+0.2615**。**所以「广度」至少是两个东西 —— 你对多少种东西有兴趣,和你实际做过多少事 —— 而上面那个 `form` 分数把这两者推向相反的方向。** ⚠ **`#422`:而这个歧义原来是**有界**的,所以修它需要的是一条定义,不是九十处标注。** 把两页都审一遍,约 **90** 处广度类措辞没有在紧邻的","分成两步的价值,不在于拖一轮,在于第一步可以改变第二步是什么",1,0
README_zh.md,423,,7548,"的量 —— **但那个落单的量出现的全部 15 处(英文 7、中文 8)**都**明确点了名**,写作 `Totalsexacts` 或「认可的性行为计数」。**所以本页一句裸的「广度」从不指性行为计数。**  ⚠ **`#423`:而把题型逐个列举一遍,找出了一个**尚未触发**的陷阱,外加一句关于人的话。** 问卷里有**两个**斐波那契编码的评分族,值集互为镜像 ","一个没被用过的变量,方向不是安全的假设,是没被检查过的假设",1,0
README_zh.md,392,,7666,"把题型逐个列举一遍,找出了一个**尚未触发**的陷阱,外加一句关于人的话。** 问卷里有**两个**斐波那契编码的评分族,值集互为镜像 —— `{0,−1,−2,−3,−5,−8}` 与 `{0,1,2,3,5,8}`。`#392` 已确定前者**−8 是最色情的一端**。用同样两个「方向由构造固定」的计数锚去标定后者,它对两个锚**都为正**(**+0.166** 与",我把整个尺度读反了;而我审计了三轮**我叫得出名字的**那个担心,1,0
README_zh.md,424,,8146,"色情关系,伴随的是更宽的性生活,不是更窄的。** ⚠ 范围:只有 **2,061** 人答了这一块(全样本的 13%,且题面措辞在身体类型上做了筛选),所以这是关于**他们**的陈述,不是关于这里每一个人的。  ⚠ **`#424`:而这份问卷里**没有一种「专精」的口味**。** 名单上最大的、从未标定的题族 —— **67** 个唤起评分,从 anal 到 span",这份问卷里没有一种「专精」的口味,1,2
README_zh.md,429,,8686,"里没有任何一种口味,它越强、一个人的性生活越窄。更重从来不等于更专精。** ⚠ 「宽」由两个**计数**定义,这是横断面,而最弱的一题弱到接近无关 —— 所以主张是**「从不为负」**,不是「什么都一起来」。  ⚠ **`#429`:而本页有一条带符号的话,靠的是一个在这里根本无法检查的方向。** 把最后一个没查过的题族列举完,发现本项目用到的**八个**有序变量方向从","两个锚是坏的,两种坏法,而都不报错",1,0
README_zh.md,433,,9401,"* ⚠ 文献先验是比羞耻量表用的「措辞锁死同族题」**更弱**的锚,已如实标明。⚠ 以 \|r\| 形式陈述的主张 —— 例如「人格五因素全部 \|r\| ≤ 0.056」—— **对符号免疫**,不受影响。  ⚠ **`#433`:而方向一旦定下,色情使用量这个变量原来只多加了一件事。** 对着本页已有的四个结局 —— 羞耻、能不能停、治疗性、实践了多少 —— 在**","色情使用量多解释的,是羞耻,而且只有羞耻",1,0
README_zh.md,434,,9817,"它疗愈」的感觉,也不是更多地去实践。** ⚠ n = **6,715**,横断面,且原始关联自始至终都小(0.030 至 0.077)—— 这是一句关于**谁在控制之后活下来**的话,不是关于一个大效应的话。  ⚠ **`#434`:而羞耻原来是刹车,不是传递者 —— 与上一段引我写下的话正好相反。** 发现「用量只预测羞耻」之后,我写下这条链必然是「用量 → 羞耻 →","羞耻是刹车,不是传递者;而我预注册的预期也是错的",1,1
README_zh.md,435,,10107,"**+0.0611 × −0.0797 = −0.0049**,越过其置换阈 0.0018,自助 **[−0.0067, −0.0032]** 不含 0)。净值(+0.0122)比直接值小,是因为两条路彼此相反。⚠ **`#435` 撤回我最初写在这里的那个份额。** 我写「间接路抵消掉直接路的 **39.8%**」;对这个比值做自助给出 **[−3.6, +2.2]*","刹车有选择,而我上一轮发布的那个份额不可估",1,0
README_zh.md,435,,10290,"2]** —— 因为它的分母(总效应 +0.0122)几乎贴在零上,**而一个分母近零的比值不是一个估计**。**间接效应本身站得住**(它越过自己的置换阈,自身区间不含 0);**站不住的只是那个分数。**  ⚠ **`#435`:而这个刹车不是一刀切的税 —— 它有选择,而且有一个量是被反向刹的。** 把同一套三路径分解一次跑五个量,每一个的代数恒等式都保持到 2e","刹车有选择,而我上一轮发布的那个份额不可估",1,0
README_zh.md,436,,10687,"见**而不是被藏起来。**不是代数的那部分是大小** —— 而这些大小的差别超过了它们自身的重抽样展布。⚠ 五个里有两个(色情使用量、类别数)的总效应太贴近零,**份额根本不可估**,如实报出来,而不是删掉。  ⚠ **`#436`:而那个唯一指向「做得更少」的坐标,原来指的是别的东西。** `c3⁻`(广度型)是本页唯一一个通往「实践了多少」为负的坐标。把模型分成「控","扫描看不见这个性质,因为页面写的是比值,分母的区间从来不在句子里",1,0
README_zh.md,437,,10970,"42,**几乎没动**)。而通往「做得更少」那条**在这个分辨率上与羞耻分不开**:z 从 −2.82 掉到 **−2.25**,**刚好落在阈下**,而系数本身只掉了五分之一。**那是一次擦阈,不是塌掉。** ⚠ **`#437` 把它解决了,办法是去问「阈本身是不是那个限制」。** 把置换次数提高十倍,阈稳定在 **2.384**,自身自助区间 **[2.323, ","那个指向「做得更少」的坐标,原来指的是「改不了」",1,1
README_zh.md,439,,11244,"这个设计无法把它与羞耻分开**,而这现在是一句**测出来的**话,不是一句悬着的话。⚠ 这同时意味着**本页通用的那套族内阈构造在这个尺度上是稳的** —— 而相反的结果会迫使所有建立在它之上的数字重新陈述。  ⚠ **`#439`:而「觉得自己改不了」有两条路,不是一条。** 本页已经说过,塑造「我停不下来」的是**经验**而不是情绪 —— 一个人实践了多少能预测这个","他们觉得改不了,尽管唯一本该让它显得可改的那一点也为真",1,0
README_zh.md,440,,11808,"而不是「它是否承载了总量」(否);**两种读法都留在记录里**,而不是把前一个悄悄替换掉。⚠ n = 6,715,横断面,羞耻全程在模型里;族内阈在 400 与 4,000 次置换之间移动 **3.3%**。  ⚠ **`#440`:而这不是「你喜欢什么」,是「你的喜欢怎么分布」。** 广度型通往「这件事我改不了」的**直接**那条路,是本页最大的一块没有解释的东西,所","不是「你喜欢什么」,是「你的喜欢怎么分布」",1,2
README_zh.md,441,,12363,"是它把第 11 块点名成答案。改正后的杠是**最大值自己的零分布**。**两者都留在记录里。** ⚠ 抽掉前 k 块的那条曲线是**近似**,不是真正的留 k 块重拟合,作为**旁证**报出,不作为检验本身。  ⚠ **`#441` 把这句话收窄了:那个「形状」不是广度型这个对比,而且它是三个里最弱的。** `c3⁻` 是块×块残差相关矩阵的**第三**个特征向量;接下","那个「形状」不是广度型,而广度型是三个里最弱的",1,2
README_zh.md,442,,12650,"而广度型那个第三个只有 **0.036**。**⇒ 「觉得自己改不了」跟的是**领头的残差结构整体强**,不是某一个特定对比** —— 上面那句话说「与内容无关」是对的,但它留下的「广度型是承载者」的印象是错的。⚠ **`#442` 更正这一句**:第一个成分被判成锚不住,是因为它与**其中一个**方向已固定的计数相关只有 **+0.028** —— 但对**另一个**","卷入度在遮蔽这个关系,不是在制造它;而我的锚定判据判错了自己的正对照",1,0
README_zh.md,442,,13068,"38**,所以它有很大一部分可能就是**整体卷入度**而不是一个独立对比;这是一条注意事项,不是一个结果。⚠ 三个成分**各自单独锚定** —— 特征向量的符号是任意的,而本项目已经四次照着它发布过反的读法。  ⚠ **`#442`:而它不是「卷入度」换了个名字 —— 把卷入度控制掉,它反而更强。** 上一段最显然的泄气解释是:第二个成分与认可的性行为计数相关 **−0","卷入度在遮蔽这个关系,不是在制造它;而我的锚定判据判错了自己的正对照",1,0
README_zh.md,443,,13376,"* —— **没有一个塌掉,两个反而变大**,广度型那个大了 **31%**。**⇒ 卷入度是在**遮蔽**这个关系,而不是在制造它;领头的残差结构跟着的是卷入度里没有的东西。** ⚠ 我预测的是第二个成分会塌。⚠ **`#443` 给了它第一个形状:「更卷入」有两种,而它们落在不同的关于人的事实上。** 第二与第三个成分**都被同一个计数(认可的性行为数)锚定,却符号","「更卷入」有两种,而它们收的费不一样",1,2
README_zh.md,444,,13899,"一种付出的是羞耻,而且若有变化,反而把那种感觉还回来一些。** ⚠ 四个点构成一条剖面,所以**区间才是结果,点估不是**。⚠ 两个成分的符号都在**锚定后的框架**里陈述,绝不用特征分解碰巧给出的那个方向。  ⚠ **`#444`:那个让你付出「可以改」这种感觉的一半,载荷集中在体液题上 —— 而最先这么说的那个检验**不可能失败**。** 问「两半各自是什么做的」,","我的判据不可能失败,而换掉它之后结论只剩一半",1,0
README_zh.md,445,,14407," 个标准差**;而在第二半上,同样这六块**落在零里**(−1.7)。⚠ 这是**描述,不是命名**:本页已经两次把载荷排序变成构念,两次都被杀掉。⚠ 这六块的集合是**先在这份数据里被注意到,然后才被形式化的**。**`#445` 把这件事拿去检验,而它站住了**:在受访者的**二十个**独立随机半样本上**分别重估**载荷,并在每一半**自己的**置换零上评判这个差","20 次劈半,20 次都在",1,0
README_zh.md,446,,14647,"**0.158**,**即效应是半样本分辨率的 2.2 倍,复制失败本来看得见**。⚠ 这是**劈半复制,不是留出数据**:同一批受访者也在最初注意到这个图样的样本里,所以这个担心是**被削弱,不是被消除**。 ⚠ **`#446` 量了那个「二十」到底压在什么上,而答案是内容,不是坐标。** 二十条半样本载荷向量彼此吻合的中位是 **+0.86**,但它们的展布从 *","坐标是脆的那一半,内容是韧的那一半",1,0
README_zh.md,447,,14971,"*0.158**,**尽管只是刚过**。**⇒ 内容图样是两者里更结实的那个:坐标是一个有时重新长不出来的载体,****而体液那批块照样待在一起。** ⚠ 贴着分辨率,所以这只排出了两者的次序,没有把它们分开。 ⚠ **`#447` 指出这个坐标里脆的是哪一部分,而它不是那个显而易见的解释所预测的部分。** 一个坐标重估不出来,最自然的说法是:第二与第三个特征值靠得太近",换标签这个解释被它自己的符号否掉了,1,0
README_zh.md,448,,15416,"5 分位是 **77°**)。**⇒ 这一对方向里,有一个每一次都重新长得出来,另一个大约每二十个半样本里彻底失败一次** —— 这一对在它的两个方向上**并不同样结实**,而压在它上面的结论继承了这个不对称。 ⚠ **`#448`:而体液图样坐在**较难保存**的那一个上,这让它比原先**更**独立于坐标,而不是更少。** 把每一半的平面与全样本平面配对、读出每一半保","体液图样骑在较难保存的那个方向上,却照样每次都在",1,0
README_zh.md,449,,15755,"而**内容并不依赖坐标条件良好**。⚠ 我预测的是相反的。⚠ 一条必须说明的限制:二十条被恢复的方向**按构造都落在同一个二维平面里**,所以它们彼此的一致性**不是**独立重建的证据,本轮也没有把它当证据用。 ⚠ **`#449`:而直接去问内容 —— 完全不用特征向量 —— 要付掉大半个样本,而且没能定案。** 一个**纯按题面**构造的量(一个人在六个体液块里的勾","绕开坐标要付掉三分之二的样本,而那道杠在剩下的人身上不具特异性",1,0
README_zh.md,450,,16150,"的杠上** —— **所以这被记成未决,而不是一个阴性结果。** ⚠ 真正有用的是那道样本量的算术:**那个坐标不是把简单问题装饰复杂了 ——****它正是让分析留住那三分之二从没答过这些块的受访者的东西。** ⚠ **`#450` 把那一臂的杠修好了,而答案随「问哪个零」翻转 —— 这正是要点。** 同一个观测 **0.0497**,越过了**打乱人**建起来的杠(*","同一个数,两个零,相反的判决",1,0
README_zh.md,451,,16509,"n = 2,490 上,**随便哪六块都行**。⚠ 这**不触及**上面那条载荷结果:那一条从一开始就是对着**块标签零**检验的,在全样本上到 **4.3 个标准差**、**20 次复制里 20 次都在**。 ⚠ **`#451` 第一次把本页最强的两条弧接上了:早来的东西,更像是定死的。** 一条弧说:**来得越早,越羞耻**;另一条(最近这几轮建起来的)说:一个人","早来的东西,更像是定死的",1,2
README_zh.md,452,,16925,"— 证明这台仪器量的是对的东西。**⇒ 「这件事我改不了」这种感觉,有一部分是关于**它什么时候来的** ——****越早出现的东西,一个人越觉得自己搬不动它。** ⚠ 起始年龄是**回忆**出来的,不是记录下来的。**`#452` 检查了它能不能造出这个结果,而答案是不能 —— 理由来自本项目自己那次回忆偏差测量的构造。** 这份数据里真正被量出来的偏差(`#114`","读出来的两件事,比跑出来的那一件更值钱",1,0
README_zh.md,114,,16995,"越觉得自己搬不动它。** ⚠ 起始年龄是**回忆**出来的,不是记录下来的。**`#452` 检查了它能不能造出这个结果,而答案是不能 —— 理由来自本项目自己那次回忆偏差测量的构造。** 这份数据里真正被量出来的偏差(`#114`:人把自己评分更高的类别报告得更早)是**先减掉每个人整体早熟度之后**才定义的 —— 而那个整体早熟度与这里用的平均起始年龄相关 **+0","记忆把心爱的兴趣往前拉,约 0.74 年;这是这个数据集里第一个被直接量出来的回忆偏差",1,0
README_zh.md,375,,17916,"关 +0.62 ~ +0.86 —— 而**认可的性行为计数在被指涉时总是被点名**。**  ⚠ 那个 90 是**上界**:用「±120 字窗口内是否出现具体量名」来判「已点名」是一个代理,它会**多算**。 ⚠ **`#375`:而且没有第三个指标可以用来修它。** 93 个数值型人层候选里,`form` 残差最大的相关是 **`biomale`(\|r\| = 0",没有第三个 `form` 指标;而页面上那个 `+0.468` 是 `2r`,1,1
README_zh.md,325,,18201,"w}) —— 该判据在合成的平行第三题上**开火**(α₃ 0.704),在噪声上**沉默**(0.179)。**所以「量得太粗」是最终结论,不是一条待办**;而这个残差有很大一块是性别的,与紧接着那处分歧一致。⚠ **`#325`:而两个指标带得并不一样多** —— `animated` ↔ 羞耻 **+0.0985**,`written` ↔ 羞耻 **+0.051","那个 −0.2075 是 `written` 的,不是 `form` 的",1,1
README_zh.md,285,,18659,"它们是**最后才被找到的**; 承载这个项目最老、被引用最多那条主张的位置分(0.432),是仍然站着的里面**最不可靠**的一个。 ---  > ⚠ **这张表建在合并样本上,而六个坐标在两个性别里不是同一个东西**(`#285` `#286`)。在两组里**各自独立**重建(n = 3,232 / 3,485):块层载荷子空间在**按性别劈**下复现 **0.769","这六个坐标在男性和女性身上,不是完全同一套",1,0
README_zh.md,286,,18666,"才被找到的**; 承载这个项目最老、被引用最多那条主张的位置分(0.432),是仍然站着的里面**最不可靠**的一个。 ---  > ⚠ **这张表建在合并样本上,而六个坐标在两个性别里不是同一个东西**(`#285` `#286`)。在两组里**各自独立**重建(n = 3,232 / 3,485):块层载荷子空间在**按性别劈**下复现 **0.7695**,而在*","它们不是「人的坐标」,至少不是同一套坐标",1,0
README_zh.md,288,,19143,".2% vs 0.6%**、`animated` **6.4% vs 8.9%**。⚠ 这**不**是说哪一列错了 —— 每一列都控制过性别;它说的是**这张表是一个平均,而那个平均掩盖了一个可分辨的分歧。** ⚠ **`#288`:剔掉每一道提到 male/female/gender 的题,这个差**减半但不消失** —— 在 24 道非性别指涉结局上是 **−0.1","不是几道题的问题,是整套结构的问题",1,0
README_zh.md,293,,19392,"性来自几道带性别的题,另一半不是。**⚠ 性别指涉子集本身只有 5 个结局 —— 点太少算不出相关,所以它是 `UNCOMPUTED` 而不是零,而那个「一半」是一个**减法推断**(`D5`),不是直接测量。 ⚠ **`#293`–`#294`:两组眼里什么算冷门,本身就不一样。**稀有度向量 `rar = −log(选项流行度)` 在**合并样本**上算一次给每个人","他们眼里什么算冷门,本身就不一样",1,1
README_zh.md,294,,19399,"别的题,另一半不是。**⚠ 性别指涉子集本身只有 5 个结局 —— 点太少算不出相关,所以它是 `UNCOMPUTED` 而不是零,而那个「一半」是一个**减法推断**(`D5`),不是直接测量。 ⚠ **`#293`–`#294`:两组眼里什么算冷门,本身就不一样。**稀有度向量 `rar = −log(选项流行度)` 在**合并样本**上算一次给每个人用;块内流行度","换成组内的尺子,差一点没动",1,0
README_zh.md,296,,19699,"2061 变成 **−0.2270**(**保留 110.2%**),`SEX × S` 交互扫描在 g=0 处平坦。**两件事都为真,而其中一件不是另一件的原因** —— 差别不在尺子上,在被量的那个东西上。 ⚠ **`#296`:结局侧还没被控制住。**联合 R² 曲线的组间差也可以来自**结局自己**(全距受限、答题风格);把答题风格参考曲线偏出后差保留 **84","看上去是十轮站住了,但正对照说这句不能说",1,0
README_zh.md,381,,19896,"臂的正对照 FAIL** —— 给一组的 6 个结局加噪,偏出反而让人为差**更大**(收回 **−18.5%**),所以按 UNVERIFIED 记,不是确认。**这里的性别非不变性按 D5 报,不是 D6。 ⚠ **`#381`:而它**定位不到**位置分 `S` 上 —— 不是因为它不在那儿,是因为这份数据问不了。** 把羞耻在组内做秩变换后,`S` 的斜率差是 ",合成正对照会让我报出这个零;真实数据上的正对照拦住了它,1,0
README_zh.md,380,,20017,"定位不到**位置分 `S` 上 —— 不是因为它不在那儿,是因为这份数据问不了。** 把羞耻在组内做秩变换后,`S` 的斜率差是 +0.033(|t| 1.16),对着族内阈 2.38;**但在同一个模型、同一次运行里,`#380` 已确认真有差的 `EARLY` 也只有 |t| 1.73,同样不过。** 一个测不到它已知拥有的差的仪器,它的沉默什么也不说 —— 所以按","性兴趣来得早,在非生理男的人身上带来的羞耻大约是两倍(独立确认,五门全过)",1,0
README_zh.md,414,,20269,"让我报「`S` 没有两性差」,是**真实数据上的参照**拦住了它。**要判 `S` 需要宽口径的功率,而 `S` 的定义需要 ≥8 个块 —— 两个要求互相排斥。** 所以这是一堵被命名的墙,不是一件没做的事。 ⚠ **`#414`:而还有**第二堵墙**,种类不同 —— **类别层的分母到 31 就到顶了**。** 起始仪器恰好有 31 个类别,所以任何**类别层**",类别层有一堵结构性的墙:31 个类别就是整个仪器,1,0
README_zh.md,298,,20699,"1 与 0.756,最早的两个是 0.370 与 0.467 —— 读起来像一条清楚的正相关,而 31 个点上的实际相关是 **+0.074**。**一个 31 点排序的两端,是它的噪声,不是它的形状。**** ⚠ **`#298`–`#299`:这两种读法在这份数据上分不开。**把稀有度改在此人自己的参照群体内(性别×年龄)重算,可以分开「内容污名」与「跟像我这样的人","羞耻跟的是东西本身冷门,不是「我跟身边的人不一样」",1,0
README_zh.md,299,,20706,"56,最早的两个是 0.370 与 0.467 —— 读起来像一条清楚的正相关,而 31 个点上的实际相关是 **+0.074**。**一个 31 点排序的两端,是它的噪声,不是它的形状。**** ⚠ **`#298`–`#299`:这两种读法在这份数据上分不开。**把稀有度改在此人自己的参照群体内(性别×年龄)重算,可以分开「内容污名」与「跟像我这样的人不一样」——但","可分性提高了,而差没有;`#298a` 的方向性读法不过规格曲线",1,0
README_zh.md,304,,21034,"*差却停在 +0.0113,而这个设计能测到 +0.0918**,并且符号在四格中的一格翻转。**先前「只有内容带羞耻」的读法成立于全部选项的口径 —— 那正是两种定义九成是同一个量的地方,它不过这张网格。** ⚠ **`#304`:而这两条路不是同样结实的两个东西。**把受访者随机劈半十二次、各自独立估方向:`c3` 在两半之间指向彼此 **|cos| = 0.796","`c3` 是一条真的轴,但比 `S` 软得多",1,0
README_zh.md,308,,21294,"57,三维子空间 0.852,而 **`S` 背后的结构重现到 0.997**。换选项劈分种子只让 c3 这个数动 0.039。⚠ 半样本的 |cos| **低估**了发布版(n=6,717)那个估计的稳定性。 ⚠ **`#308`:而在同一个人身上,两条路是**相加**的。**按中位切开,羞耻均值是**0.383**(两条都低)· **0.700**(只是口味冷门)·","羞耻的两条路在同一个人身上是**相加**,而这是一个有功效的零",1,1
README_zh.md,311,,21655,"了控制勾选数与分性别(−0.024 … −0.008)。**这是一个有功效的零,不是证据的缺席。** ⚠ ** 这个交互零带着它自己的分辨率:**MDE = 0.038**,而有意义的交互约 0.05(主效应的一半)。 `#311`:而且什么也挡不住它。**年龄、开放性、非一夫一妻的关系风格、性开放的成长环境 ——对全部八个(路径 × 调节变量)交互项的联合检验给出 R","四个「本该缓冲」的变量合起来也没有在缓冲,而这次有功效",1,0
README_zh.md,384,,21914,"的三个上抓到 **10%** 的植入缓冲(开放性是 30%),而它取代的单系数检验的 MDE 是 **54.8%**。**这是一个有功效的零**:如果这四样里有任何一样能把羞耻系数削掉哪怕一成,这个设计会看见。 ⚠ **`#384`:而羞耻改变的是一个人**做了什么**,不是他**相信什么**。** 问卷里两题正好切开这件事:「如果非常努力,你能停止被它唤起吗」(*Im","羞耻改变的是你**做了什么**,不是你**相信什么**",1,2
README_zh.md,385,,22289,秩变换版同号 +0.0144)。**两个预注册的读法同时死掉**:羞耻作为被动员的控制(预测正号)与羞耻作为认命(预测负号)。 ⚠ 方向不可识别 —— 「羞耻压住了行动」与「做过了所以不那么羞耻」都合这个相关。 ⚠ **`#385`:不过有一个候选解释可以去掉 —— 它不是「性兴趣什么时候到的」造出来的。** 按起始年龄四分层(中位 12.5 / 14.7 / 16.7,"12 岁到的还是 20 岁到的,「越羞耻越少去碰」都一样成立",1,0
README_zh.md,386,,22655,"耻直接相关(−0.102),排除性限制不成立,这里没有任何东西是因果的 —— 只是少了一个对手解释。 ⚠ 按一个与羞耻相关的变量分层会压窄层内羞耻的方差,所以只比符号与是否越阈,不拿去与 −0.083 比大小。 ⚠ **`#386`:而对手机制留下了它自己的痕迹 —— 但那痕迹属于**经历**,不属于**羞耻**。** 若「做过了所以不那么羞耻」成立,机制是**试过了、","让一个人觉得「这改不掉」的,是他做过什么,不是他有多羞耻",1,0
README_zh.md,384,,22897,"0.0387**(se 0.0122;秩变换版 −0.0399),越过「在分析掩码内打乱实践量」给出的阈 0.0246 达 **−2.97 sd**。**而羞耻本身完全不预测这个判断**(+0.0135,一个有功率的零,`#384`)。 ⚠ 强度不宽裕:设计的 MDE 是 0.05,**恰好等于**有意义的幅度,且**高于**实测的 0.039 —— 同样大小的效应约四","羞耻改变的是你**做了什么**,不是你**相信什么**",1,0
README_zh.md,387,,23049,"义的幅度,且**高于**实测的 0.039 —— 同样大小的效应约四分之一的重复会漏掉:**方向可报,强度不可报**。 ⚠ 仍不是因果:实践与信念同时测量,本轮只说**那条机制预测的痕迹在不在**,不说谁在前。 ⚠ **`#387`:而最显然的下一个检验是**空的**,并且是被**代数**关掉的,不是被功率。** 在羞耻→信念的回归里控制实践量,羞耻的系数移动 **−0","我自己刚注册的分离器,是一个恒等式",1,0
README_zh.md,388,,23305,"**它不可能是别的值**,所以它不携带任何关于世界的信息。**这个区分决定下一步做什么:功率不足可以靠加数据救回来,代数上空的永远不能。** 这条链的方向在这些测量上**不可识别**,而且任何样本量都改变不了。 ⚠ **`#388`:而真正预测这个信念的,是「普通的东西对你也有用」。** 把 112 个数值型人层量对着信念的残差(已去掉实践量、`S`、`c3⁻`、类别数","觉得「我能改」的人,是那些同时也被普通的东西打动的人",1,0
README_zh.md,392,,23540,"19;而头几名是同一个家族 —— 说荤话、常规性行为、口交 —— 五题平均得 **+0.1159**,单变量零 0.0219。**整体稀有度 `S` 已在控制项里**,所以这是**超出**口味有多冷门之外的残差:⚠ **`#392` 把这整条注记的方向翻了过来 —— 连同 `#390` 与 `#391`。** 这五题是 `RATING_NEG_FIB` 的**全部**(",我把整个尺度读反了;而我审计了三轮**我叫得出名字的**那个担心,1,0
README_zh.md,390,,23567,"口交 —— 五题平均得 **+0.1159**,单变量零 0.0219。**整体稀有度 `S` 已在控制项里**,所以这是**超出**口味有多冷门之外的残差:⚠ **`#392` 把这整条注记的方向翻了过来 —— 连同 `#390` 与 `#391`。** 这五题是 `RATING_NEG_FIB` 的**全部**(全问卷恰好五个),而它们的取值只跑遍 {0, −1, ","强度赢,广度塌;而复位的检验是预注册的",1,0
README_zh.md,391,,23576,"均得 **+0.1159**,单变量零 0.0219。**整体稀有度 `S` 已在控制项里**,所以这是**超出**口味有多冷门之外的残差:⚠ **`#392` 把这整条注记的方向翻了过来 —— 连同 `#390` 与 `#391`。** 这五题是 `RATING_NEG_FIB` 的**全部**(全问卷恰好五个),而它们的取值只跑遍 {0, −1, −2, −3, −","是一个家族:五题各自成立,去掉任何一题都还在",1,0
README_zh.md,389,,24142,"通的人觉得能改,是那些**同时也**被普通的东西打动的人觉得能改。**~~ ⚠ 这个家族是**看过头名之后**定义的;预注册的量是「最大值」,它自己过了,而家族分数是对那些头名的**描述**,不是一次独立检验。 ⚠ **`#389`:而那个描述没能站住 —— 换成问卷自己的块结构来定义,它**变号**。** 改用 `#327` 定出的 `c3` 普通端两块(`sex a",复制失败且**变号**;`#388a` 的家族读法退回,1,1
README_zh.md,327,,24190,"过头名之后**定义的;预注册的量是「最大值」,它自己过了,而家族分数是对那些头名的**描述**,不是一次独立检验。 ⚠ **`#389`:而那个描述没能站住 —— 换成问卷自己的块结构来定义,它**变号**。** 改用 `#327` 定出的 `c3` 普通端两块(`sex acts` · `sensations`)而不是我手挑的五题,相关是 **−0.0259**,对着","`c3` 的块载荷,与 `#303` 在另一件仪器上的分界重合",1,0
README_zh.md,395,,24462,"赖那次选择,保留。 ⚠ 两种定义不是同一个构念 —— 手挑的题量的是常规行为**有多色**,块版本数的是**勾了多少项**(与总勾选相关 +0.34)—— **但那是这次复制的限制,不是把结论救回来的理由。** ⚠ **`#395`:而同一个分数也预测羞耻 —— 它是两件**彼此无关**的事的共同前项。** 方向订正之后,五题分数预测羞耻:原始 **+0.0827**,","同一个分数,同时带来更多羞耻和更强的「我能停下来」",1,0
README_zh.md,384,,24677,"*(se 0.0126),越过置换阈 0.0247 达 **+5.10 sd**。所以普通的东西对一个人越不起作用,他**越**羞耻;而同一个分数又独立地预测「我停得下来」这个信念,但**羞耻与那个信念彼此并不相关**(`#384`)。 ⚠ 这里 MDE 0.05 恰等于有意义的幅度,所以强度不宽裕。 ⚠ **`#396`:而一整类后续检验被**代数**关掉了。** 加","羞耻改变的是你**做了什么**,不是你**相信什么**",1,0
README_zh.md,396,,24723,"东西对一个人越不起作用,他**越**羞耻;而同一个分数又独立地预测「我停得下来」这个信念,但**羞耻与那个信念彼此并不相关**(`#384`)。 ⚠ 这里 MDE 0.05 恰等于有意义的幅度,所以强度不宽裕。 ⚠ **`#396`:而一整类后续检验被**代数**关掉了。** 加一个控制 M、读 X 的系数往哪走,只要 `X→M` 与 `M→Y|X` **都已经估过**","「加一个控制,看系数往哪走」是一整类空的分离器",1,1
README_zh.md,397,,24992,"时,它才是一个检验。** 这是本页第二次遇到它,而它之所以一再被提出,是因为它**读起来**像一个中介分析 —— 但中介分析的信息量来自「无未测混淆」这个**假设**,不来自那个算术;把假设拿掉,就只剩恒等式。 ⚠ **`#397`:而那个五题分数原来是**第四条**羞耻路径,与 `c3⁻` 各自独立。** 两者只相关 **+0.2395**,同时进模型时**都活下来*","「我口味偏」和「普通的东西对我没用」是两回事,各自带来羞耻",1,0
README_zh.md,398,,25352," ⚠ `c3⁻` 是特征向量、符号任意,用前已对着羞耻定向(+0.127)。 ⚠ 值得一提:这条路是从**另一扇门**进来的 —— 它是在扫**「能不能改」**那道题的残差时被撞见的,不是在找羞耻路径时找到的。 ⚠ **`#398`–`#399`:换第三个结局去扫 —— 「参与/幻想那些唤起我的东西对我是疗愈的」—— 又找到两条,而它们**不是一个构念**。** 那道题","「治疗性」不是羞耻取反;而最像它的那个人,是能被对方带动的人",1,0
README_zh.md,399,,25359,"` 是特征向量、符号任意,用前已对着羞耻定向(+0.127)。 ⚠ 值得一提:这条路是从**另一扇门**进来的 —— 它是在扫**「能不能改」**那道题的残差时被撞见的,不是在找羞耻路径时找到的。 ⚠ **`#398`–`#399`:换第三个结局去扫 —— 「参与/幻想那些唤起我的东西对我是疗愈的」—— 又找到两条,而它们**不是一个构念**。** 那道题不是羞耻取反:","门检验的是断言,不是我给断言起的名字",1,0
README_zh.md,401,,25785,"们几乎相反的内容一致(**吸收**对方的兴奋 vs **不需要**对方的兴奋)。**所以这是两件各自预测同一结局的不同的事,不是一个构念的两个指标。**  ⚠ 扫描是发现不是检验;两条都只在这份数据内部复制过。 ⚠ **`#401`:而羞耻与疗愈**不是同一条轴的两端** —— 有 1,790 个人两样都报。** 在全部 15,501 名作答者上,两者的线性相关是 **","既深深羞耻、又觉得这件事在治愈自己的人,有 1,790 个",1,0
README_zh.md,402,,26133,"然预期**还要多一点**。 ⚠ 这次比较**刻意不控制任何东西**:问的是这些人存不存在,而控制会把一群人变成一个残差。 ⚠ 同源方差会把相关往「一条轴」的方向抬,所以这个近乎为零的读数方向上是**保守**的。 ⚠ **`#402`:而他们**不是**羞耻者里随机的一群 —— 他们有形状。** 把「都高」(坐标的块覆盖规则生效后 n = **815**)与「只羞耻」(n","他们不是没有偏离,是**两边都有**",1,0
README_zh.md,415,,26505,"的东西对他们更色,而他们的兴趣来得更早。**  ⚠ 值得注意的是,`c3⁻` —— 本页最大的那条羞耻路径 —— **分不开**他们(\|t\| 1.19)**—— 但把它当成关于 `c3⁻` 的证据之前,请先读下面的 `#415`:这一刀的两格**羞耻都高**,`c3⁻` 没有变化的空间,而在另一刀上它是 5.15**。沿**这一刀**区分他们的不是**他们想要什么*",两把刀切出两组几乎不重叠的量,1,0
README_zh.md,415,,26642," 没有变化的空间,而在另一刀上它是 5.15**。沿**这一刀**区分他们的不是**他们想要什么**,而是**他们同时也拥有普通的那一半**。 ⚠ 两格都在高羞耻那一侧,所以这里没有任何东西在测羞耻本身的差异。 ⚠ **`#415`:另一刀 —— 「都高」(815)对「只疗愈」(1,046)—— 隔离的是**羞耻**那一维,而它挑出的量与前一刀**几乎不重叠**。** ",两把刀切出两组几乎不重叠的量,1,0
README_zh.md,416,,27056,"给上面那句话加了限定:`c3⁻` 在前一刀上分不开他们,**不是**它与这些人无关的证据 —— 那一刀的两格**羞耻都高**,`c3⁻` 本来就没有变化的空间。**一把刀给出的零,只是沿着那把刀的方向的零。** ⚠ **`#416`:而把**四个格子**都用上之后,两个维度原来是**相加**的。** 第三把刀(只羞耻 vs 只疗愈)**完全不携带新信息** —— 它按构",第三把刀是空的;而真正的交互说:两维是相加的,1,0
README_zh.md,417,,27438,"着有意义的 0.20。**没有哪个量专门属于「两样都强」那一格。** 所以那 1,790 人所具有的形状,**就是两个维度各自形状的和**,没有多出来的东西 —— 这与更早那条「『两边都有』不是一个构念」一致。 ⚠ **`#417`–`#418`:而第四格 —— 两样都低的那 1,662 人 —— **并不是**「哪儿都更淡」。** 它非常有特点:位置分 `S` 相差 ","判据测了它测的东西,而那不是我给它起的名字(第二次)",1,0
README_zh.md,418,,27445,".20。**没有哪个量专门属于「两样都强」那一格。** 所以那 1,790 人所具有的形状,**就是两个维度各自形状的和**,没有多出来的东西 —— 这与更早那条「『两边都有』不是一个构念」一致。 ⚠ **`#417`–`#418`:而第四格 —— 两样都低的那 1,662 人 —— **并不是**「哪儿都更淡」。** 它非常有特点:位置分 `S` 相差 **d = −",「不羞耻也不疗愈」不是「什么都淡」,1,0
README_zh.md,403,,27851," 6。** MDE 0.05 sd 对着有意义的 0.20,这是一个**有功率**的零。**所以「两样都低」是一个具体的位置,不是一次普遍的变暗**:口味明显更普通、兴趣来得更晚,但**并不是每一样都更少**。 ⚠ **`#403`:而「两边都有」表现得像**一件事**,不是两件。** 合成 `z(S) − z(五题)` 后,它把两格分开到 **d = +0.399、\",「两边都有」是一件事,1,1
README_zh.md,404,,28121,"注册的门槛:两个**已经各自显著**的量合起来,越过普通阈值本来就是被构造保证的。两种构造,同一个判决。 ⚠ 这仍是同一份数据、同一对格子,所以**不是复制**;而「合起来更强」也不等于**存在一个潜变量**。 ⚠ **`#404`:而一检验,它也没有变成潜变量。** 把这个组合与它的两个成分一起放进**「治疗性」**的模型 —— 一个**没有参与构造它**的结局 ——","「潜变量」这个词不能用,而理由不是它被排除了",1,0
README_zh.md,405,,28535,"设计也排除不了它」** —— 那与「已经排除了」是两句话。 ⚠ 一个**不是零**的旁证:在治疗性这个结局上,两半**并不对等**(冷门 +0.047,常规也管用 +0.123),而它们在区分那两格时是对等的。 ⚠ **`#405`:而在四个结局上,这个分工**并不稳定** —— 这一次是个**有功率**的零。** 把羞耻、能不能改、治疗性、实践了多少各自拟合到同样的两","「两边都有」是那群人的好描述,不是一个构念",1,0
README_zh.md,406,,28928,"的**好描述**,不是一个**构念****:它在被发现的地方有效,不作为一件事在别处重现。 ⚠ 四个结局彼此相关,这会**压低**离散度、因而**偏向「稳定」**——这份不稳定是在一个反方向的偏差下仍然成立的。 ⚠ **`#406`:而位置分 `S` 本身**并不朝一个方向** —— 29 个结局里有 8 个它是反号的。** 本页每一句关于 `S` 的话都来自**羞耻*","一个擦线的通过,加上一个偏向通过的偏差,不足以支持那句话",1,0
README_zh.md,409,,29361,"范围:这个设计的 MDE **不可测**,而那与「很小」不是一回事。**所以形如「`S` 高的人如何如何」的句子必须带上「在**羞耻**这个结局上」** —— 反号的那些里就包括「一个人是否相信自己能停下来」。 ⚠ **`#409`:而把 `S` 拆成两半并不能修好它 —— 这是一个**有功率**的零。** 用 `#327` 从载荷(而非从阅读)导出的越轨/普通块分法,",拆开 `S` 没有让它更像一个方向;越轨那一半反而更散,1,0
README_zh.md,327,,29408,"人如何如何」的句子必须带上「在**羞耻**这个结局上」** —— 反号的那些里就包括「一个人是否相信自己能停下来」。 ⚠ **`#409`:而把 `S` 拆成两半并不能修好它 —— 这是一个**有功率**的零。** 用 `#327` 从载荷(而非从阅读)导出的越轨/普通块分法,两半的符号一致性是 **0.621**(越轨)与 **0.759**(普通),而合起来的 `S","`c3` 的块载荷,与 `#303` 在另一件仪器上的分界重合",1,0
README_zh.md,411,,29680,"*所以 `S` 不是两个方向的混合** —— 越轨那一半反而是更散的 —— 而上面那条「结局特定」的限定,现在有了一个**被检验过**而不是被假定的理由。 ⚠ MDE 40% 对着有意义的 50%,扫描未饱和。 ⚠ **`#411`:而在**从没有过性伴**的人身上,羞耻几乎完全不压制行动。** 把「羞耻 → 实践」按性伴数(0 vs ≥1)分层,控制年龄、类别数,窄臂","在从没有过性伴的人身上,羞耻几乎不压制行动",1,0
README_zh.md,390,,30052,"从没有过性伴的人**既没有观众,也没有机会**,而「实践了多少」同时被这两者压低 —— **任何样本量都分不开它们。** ⚠ 宽窄两口径是不同人群,而宽臂去掉了 `S` 与 `c3⁻`(它们需要 ≥8 个块)。 ⚠ **`#390`:放进同一个模型,强度活下来、广度塌掉 —— 那次收回被一个**事先注册**的检验撤销。** 两项同时在场时(它们相关 −0.37,所以「共","强度赢,广度塌;而复位的检验是预注册的",1,0
README_zh.md,389,,30251,"立),评分式的**强度**分数保持 **+0.1255**(se 0.0131,阈 0.0253,由两列**一起**打乱给出),而块计数式的**广度**分数从单独放的 −0.0430 掉到 **−0.0009**。所以 `#389` 的 −0.026 是**广度在替强度说话**。**三个结局与各自的预测都写在跑之前**,而 kill 为「复位」那一个开火 —— 一次收回",复制失败且**变号**;`#388a` 的家族读法退回,1,0
README_zh.md,388,,30390,"。**三个结局与各自的预测都写在跑之前**,而 kill 为「复位」那一个开火 —— 一次收回站了整整一轮,由预注册的检验撤销,不是靠事后重新解释。 ⚠ 这**没有**解决选择本身:那五题仍是看过扫描结果之后挑的,所以 `#388` 的 scope 仍然成立,站得住的预注册量仍是那个最大值 +0.0888。 ⚠ **`#391`:不过在这五题**内部**,它表现得像**","觉得「我能改」的人,是那些同时也被普通的东西打动的人",1,0
README_zh.md,391,,30439,"整整一轮,由预注册的检验撤销,不是靠事后重新解释。 ⚠ 这**没有**解决选择本身:那五题仍是看过扫描结果之后挑的,所以 `#388` 的 scope 仍然成立,站得住的预注册量仍是那个最大值 +0.0888。 ⚠ **`#391`:不过在这五题**内部**,它表现得像**一个家族**,而不是一两题顶着一个名字。** 各自单独放进模型,五题同号且各自越过**它自己的**","是一个家族:五题各自成立,去掉任何一题都还在",1,0
README_zh.md,325,,30652,"69 · +0.064 · +0.063,阈 0.024–0.026);而**去掉任何一题**,五题分数仍保留 **86–104%** —— 最大的单题贡献只有 14%,其中两题反而略微**稀释**而非承载它。这排除了 `#325` 那种「一个构念的两个指标极不等量地带着它」的情形。 ⚠ 它**不触及**选择问题:证明这五题内部一致,不等于证明这五题是被公正挑出来的。 ","那个 −0.2075 是 `written` 的,不是 `form` 的",1,0
README_zh.md,327,,30732," 14%,其中两题反而略微**稀释**而非承载它。这排除了 `#325` 那种「一个构念的两个指标极不等量地带着它」的情形。 ⚠ 它**不触及**选择问题:证明这五题内部一致,不等于证明这五题是被公正挑出来的。 ⚠ **`#327`:而块载荷在另一件仪器上复现了同一条分界。**在人层自助 300 次下(32 块里 23 块的区间不含零),`c3` 朝羞耻那一端是**尿液","`c3` 的块载荷,与 `#303` 在另一件仪器上的分界重合",1,0
README_zh.md,201,,30972,"(+0.244);另一端是**性行为**(−0.287)与**感觉**(−0.268)。换选项劈分种子后载荷向量相关仍 ≥ **+0.975**。⚠ **一个载荷排序是描述,不是名字** —— 这里已经死过四次命名尝试(`#201` `#202` `#303` `#324`)。 ⚠ **`#330`:而它不是冷门度换了件衣服。**把三个与内容无关的块属性 ——平均流行度","⚠ 撤回「媒介偏好」这个名字:`animated` 与 `written` 相关 +0.25,不是二选一",1,0
README_zh.md,202,,30979,");另一端是**性行为**(−0.287)与**感觉**(−0.268)。换选项劈分种子后载荷向量相关仍 ≥ **+0.975**。⚠ **一个载荷排序是描述,不是名字** —— 这里已经死过四次命名尝试(`#201` `#202` `#303` `#324`)。 ⚠ **`#330`:而它不是冷门度换了件衣服。**把三个与内容无关的块属性 ——平均流行度、选项数、流行",不是「表征 vs 实况」的轴;而这一轮的价值在于上一轮没有把名字说出口,1,0
README_zh.md,303,,30986,"*性行为**(−0.287)与**感觉**(−0.268)。换选项劈分种子后载荷向量相关仍 ≥ **+0.975**。⚠ **一个载荷排序是描述,不是名字** —— 这里已经死过四次命名尝试(`#201` `#202` `#303` `#324`)。 ⚠ **`#330`:而它不是冷门度换了件衣服。**把三个与内容无关的块属性 ——平均流行度、选项数、流行度离散度 ——","一个常设相关也不需要嵌套修正,而 `c3` 的下降是仪器的",1,0
README_zh.md,324,,30993,"−0.287)与**感觉**(−0.268)。换选项劈分种子后载荷向量相关仍 ≥ **+0.975**。⚠ **一个载荷排序是描述,不是名字** —— 这里已经死过四次命名尝试(`#201` `#202` `#303` `#324`)。 ⚠ **`#330`:而它不是冷门度换了件衣服。**把三个与内容无关的块属性 ——平均流行度、选项数、流行度离散度 —— 从 c3 的","`form` 偏向反事实半,但只是 PLAUSIBLE",1,0
README_zh.md,330,,31006,"*(−0.268)。换选项劈分种子后载荷向量相关仍 ≥ **+0.975**。⚠ **一个载荷排序是描述,不是名字** —— 这里已经死过四次命名尝试(`#201` `#202` `#303` `#324`)。 ⚠ **`#330`:而它不是冷门度换了件衣服。**把三个与内容无关的块属性 ——平均流行度、选项数、流行度离散度 —— 从 c3 的载荷向量里**全部**减掉","扣掉全部三个结构属性,`c3` 跨仪器反而更锐",1,0
README_zh.md,373,,31292,"*了:越轨半 **+0.174 → +0.208**,普通半 **−0.121 → −0.058**。那三个属性是在给跨仪器的分离添噪声,不是在扛它。⚠ 三个属性是我想到的三个;这是一个下界式的论证,不是证明。 ⚠ **`#373`:而那份卡片描述的并不是这个文件。** 它的抬头写 15,511 × 376,CSV 是 **15,503 × 365**。卡片明写档数的五",数据集卡片描述的不是我手上这个文件,1,0
README_zh.md,366,,31674,"错,**幅度是下界**。 ✅ 有一条后果是反方向的,并且**改进**了一条旧警告:既然卡片把那两个标记记为 None/Any,而行数排除了「删行」,文件里的空白**就是** None 那一档 —— 把它读成 0 是对的,`#366` 里「把没有与没作答并成一档」的警告**撤回**。 ⚠ **`#374`:但卡片是**过时**,不是**假** —— 它的删除属实。** 它",`c3⁻` 那份羞耻不是独有的;而咬掉它的五个量说的是同一种人,1,0
README_zh.md,374,,31710,"条旧警告:既然卡片把那两个标记记为 None/Any,而行数排除了「删行」,文件里的空白**就是** None 那一档 —— 把它读成 0 是对的,`#366` 里「把没有与没作答并成一档」的警告**撤回**。 ⚠ **`#374`:但卡片是**过时**,不是**假** —— 它的删除属实。** 它的 `DROPPED GT QUESTIONS` 一节点名 13 个已删","卡片的**档数**过时,它的**删除**属实",1,2
README_zh.md,332,,32057,"的不健全方向:子串不出现可以推出列不在,子串出现推不出列在。 ⚠ 卡片用的是原始问卷的名字,所以「改名」也会读成「不在」;这个检验能证否,不能证成。**把卡片读成:关于删了什么是准的,关于压了多少是过时的。** ⚠ **`#332`:而还有第三个相关物 —— 它来得多早。**起始年龄均值与羞耻的相关是原样 **−0.1024**,在同时控制此人报了多少类别与其位置分 `",起始越早羞耻越多:每一项检查都过了,1,0
README_zh.md,380,,32357,"34, −0.082]**。去掉所有报过删失档(「26yo+」)的人后仍是 **−0.0684**(占样本 83%),换三套不同的年龄数值编码极差只有 0.004。⚠ 起始年龄是回溯自报 —— 关联,不是因果。 ⚠ **`#380`:而这条路,在非生理男的作答者身上大约强一倍。** 在宽口径上(n = 12,720),把羞耻**在每组内部做秩变换** —— 这不只拿掉量","性兴趣来得早,在非生理男的人身上带来的羞耻大约是两倍(独立确认,五门全过)",1,0
README_zh.md,296,,32451,"—— 关联,不是因果。 ⚠ **`#380`:而这条路,在非生理男的作答者身上大约强一倍。** 在宽口径上(n = 12,720),把羞耻**在每组内部做秩变换** —— 这不只拿掉量表使用的均值与方差差异,还拿掉了让 `#296` 停在 D5 的**作答形状**混淆 —— 起始年龄预测羞耻在组 0 是 **−0.133**,在组 1 是 **−0.068**(差 +0","看上去是十轮站住了,但正对照说这句不能说",1,0
README_zh.md,370,,32848,"宽口径撑不住 c3⁻(它的剖面需要 ≥8 个块),所以「宽 × 全模型」是**不可能**,不是没做。 ⚠ 在窄口径的全模型上,同一个差是 +0.053、|t| 2.14 对着阈 2.42 —— 同号,但在线下。 ⚠ **`#370`:而在一个人**自己**身上,冷门的东西是**后**到的 —— 远比共同时间表能解释的多。** 对每个报了 ≥8 个起始类别的人(n = 6",几乎每个人都是从普通的地方开始的,1,0
README_zh.md,371,,33207,"**),所以零由「把每个起始换成**该类别自己分布**里的一个抽样」构造 —— 保住时间表,只打断个人偏差。**实测是零的 2.5 倍:几乎每个人都是从普通的地方开始的,而这个次序是个人的,不只是人口学的。** ⚠ **`#371`:而反过来的那少数人,更羞耻。** 把羞耻回归到这个人内次序上,控制类别数与 `S`:宽口径(n = 11,535)**−0.0287**(",顺序是有代价的;而我的「宽口径臂」第一版根本没宽,1,0
README_zh.md,372,,33462,"0.057, −0.009])—— 同号,两臂都越阈。**负号的意思是:那些冷门兴趣**早**到、赶在普通的之前就来了的人,今天更羞耻。**宽臂的 MDE 是 0.025 对着 0.029 的效应:够,不宽裕。 ⚠ **`#372`:而这里面大约一半,只是「这些人什么都来得早」。** 把平均起始年龄加进同一个模型,次序的系数从 **−0.0287** 掉到 **−0.0","那个负号有一半是「他整体就来得早」,剩下的一半这个设计看不见",1,0
README_zh.md,346,,33806,"模型**的置换阈 0.0173(−1.65 sd)。**所以次序目前还不是一条独立的路** —— 一半是整体来得早,余下的低于这个设计的分辨率。上面那句描述仍然成立;分不开的是机制。 ⚠ 宽窄两口径是**不同的人群**(`#346`),所以这是**跨人群复制**,不是加功率。 ⚠ 那条宽臂的第一版**根本没宽**:`S` 只在覆盖 ≥8 上有定义,要求它就把窄规则又加了","宽口径对 `c3` 几乎免费,而它把 `S ↔ 羞耻` 抬了 45%",1,0
README_zh.md,334,,33951,"的第一版**根本没宽**:`S` 只在覆盖 ≥8 上有定义,要求它就把窄规则又加了回来,臂只涨了 70 人而不是 5,000 —— **一个不移动 n 的放宽从未发生过**,而它是讨好方向的 scope 主张。 ⚠ **`#334`:三条路,而只有一对是重叠的。**「起始早」的增量是 **0.484pp**,而 `S` 是 **0.491pp**、`c3⁻` 是 **0",次可加过了全族阈:PLAUSIBLE 升到 CONFIRMED,1,0
README_zh.md,337,,34232,"**0.987**)是相加的,而 **`S × EARLY` 次可加(|t| = 3.36,全族 p = 0.004)**,且在三套起始年龄编码下都过阈。「口味冷门」与「来得早」有重叠;另外两对是干干净净地相加。⚠ **`#337`:而这个重叠在人×类别那一层仍然成立**(147,387 格、13,517 人,置换零按**人**打乱):**比该类别自己的人群中位来得更早","格层复现了次可加,而格层的时间表已被中心化掉",1,0
README_zh.md,350,,34419,"*(+0.082)与**该类别的稀有度**(+0.068)各自都带来羞耻,而它们的交互是 **−0.0094(置换 p = 0.010)**——所以那个重叠不是共享的发育时间表,因为时间表已经被逐格中心化掉了。 ⚠ **`#350`:它在一个更大、更杂的样本里复现。**把纳入规则放宽(覆盖 32 块中的 ≥4 而不是 ≥8,n = 6,717 → 8,196),同一个全",那条次可加在更大也更杂的人群里更强了,1,0
README_zh.md,346,,34635,"47,全族 p = 0.000**(原为 3.36 / 0.005),而另两个交互仍为零(全族 p ≥ 0.658)。⚠ **两个口径是**不同的人群**,不是同一个人群加了数据** —— 低覆盖的受访者在系统上不一样(`#346`),所以这是一次**跨人群的复现**,不是功效的提升。 ⚠ **`#357`:那四个调节变量里有两个在发布前就被人为粗化了。**这份数据自己","宽口径对 `c3` 几乎免费,而它把 `S ↔ 羞耻` 抬了 45%",1,0
README_zh.md,357,,34673,"个交互仍为零(全族 p ≥ 0.658)。⚠ **两个口径是**不同的人群**,不是同一个人群加了数据** —— 低覆盖的受访者在系统上不一样(`#346`),所以这是一次**跨人群的复现**,不是功效的提升。 ⚠ **`#357`:那四个调节变量里有两个在发布前就被人为粗化了。**这份数据自己的列说明 ——一个本项目直到现在才读到的文件 —— 记录着「你的成长环境有多","广度共线在 `S` 上,不在特征向量上;而量级不是新的",1,0
README_zh.md,278,,34945,"是发布口径造成的,不是人群造成的**。发布方另外声明匿名化让相关**比原始弱约 25%** —— 所以这一页上每一个相关都是**下界**。  > ⚠ **`form_i` 是唯一一个**不**通向羞耻的仍站着的维度**(`#278`)。这个项目里其它每一样东西最后都指向它 —— 位置分 +0.1185、宽度类型 c3 +0.1286、不相交仪器上的跨块对比 +0.138","这个项目找到的每一样东西最后都指向羞耻,除了这一个",1,0
README_zh.md,346,,35129,"384 —— 而这一个不:它与羞耻的相关是 +0.0454,但**在六坐标之上的增量是 +0.21 ± 0.13pp,与零不可分辨**。**一个项目里所有的量都指向同一个结局时,最有信息的是那个不指向它的。** ⚠ **`#346`:那个 +0.1185 对口径敏感。**它是在覆盖 32 个块中 ≥8 块的受访者上算的(n = 6,717)。放宽到 ≥6 与 ≥4(n ","宽口径对 `c3` 几乎免费,而它把 `S ↔ 羞耻` 抬了 45%",1,0
README_zh.md,270,,35449,"所以低覆盖的受访者不只是更吵 —— **他们在系统上不一样**,而这是本项目尚未处理的开放问题。`c3⁻ ↔ 羞耻` 不受影响(**+0.1278 → +0.1290**)。  > ⚠ **这六列不是六个独立的测量**(`#270`)。它们全部由**同一次**选项劈半构造,因此共享测量误差。 > 两次独立劈分可以把这个误差直接量出来(同劈分异名 − 跨劈分异名): > ","相邻两列的一致,可能只是它们一起抖了一下",1,0
README_zh.md,264,,35833,"一致,可能只是它们一起抖了一下。** > ⚠ 这**不**推翻任何一列自己的结论(每一列都各自控制、各自划过作用域); > 它推翻的是**把这六列当成六个独立坐标去联合解读**。 > ⚠ **那个 1.4% 的口径**(`#264` `#271`):旧 S + 最小二乘; > 替代口径(S 随块子集变化)给 **1.21%**,两者都在 1.2–1.4%。 > 会改变这","把所有关于「一个人是谁」的东西加起来,平均只说中百分之一点四",1,0
README_zh.md,271,,35840,"它们一起抖了一下。** > ⚠ 这**不**推翻任何一列自己的结论(每一列都各自控制、各自划过作用域); > 它推翻的是**把这六列当成六个独立坐标去联合解读**。 > ⚠ **那个 1.4% 的口径**(`#264` `#271`):旧 S + 最小二乘; > 替代口径(S 随块子集变化)给 **1.21%**,两者都在 1.2–1.4%。 > 会改变这个数的旋钮已在","两个我能想到的原因都不是它,那说明还有第三个我没记下来的选择",1,0
README_zh.md,233,,36130,"ple, at the strength it was actually measured. The ledger entry is the receipt. > ⚠ **本页所有「N/M」计数都是区间,不是确定值**(`#233`)。全族阈值是从置换零里重抽估出来的,计数随它移动。25 次独立重抽实测:位置分读作 31 里的 **19–21**,跨块对比 **6–12","一个计数的宽度,不来自分数有多强",1,0
README_zh.md,161,,36599,".4 倍**(平均差 +0.5321,**26.6×**,四个 k 符号一致)。**而这不是仪器不行**:往「何时」里种一个人特异信号,同一个仪器把信度推到 **0.67**。**而「何时」的第二种问法给出同一个数**(`#161`:「共享时间表贴合你多少」= 0.163,与「你偏离多远」= 0.114 分不开,1.3× 展布;两者与「什么」差 **12.2×**) |","关于「何时」,两个完全不同的问法给出同一个小数字",1,1
README_zh.md,159,,36676,"到 **0.67**。**而「何时」的第二种问法给出同一个数**(`#161`:「共享时间表贴合你多少」= 0.163,与「你偏离多远」= 0.114 分不开,1.3× 展布;两者与「什么」差 **12.2×**) | `#159` `#160` `#161` | | **性欲有一个发育顺序,先具体后关系,差 2–3 年** | 外观 14.0 · 身体部位 14.4 ","那 20% 几乎不是关于人的,它是关于东西的",1,0
README_zh.md,160,,36683,"7**。**而「何时」的第二种问法给出同一个数**(`#161`:「共享时间表贴合你多少」= 0.163,与「你偏离多远」= 0.114 分不开,1.3× 展布;两者与「什么」差 **12.2×**) | `#159` `#160` `#161` | | **性欲有一个发育顺序,先具体后关系,差 2–3 年** | 外观 14.0 · 身体部位 14.4 · 衣物 14","性偏好的「什么」是个人的,「何时」不是",1,2
README_zh.md,161,,36690,"「何时」的第二种问法给出同一个数**(`#161`:「共享时间表贴合你多少」= 0.163,与「你偏离多远」= 0.114 分不开,1.3× 展布;两者与「什么」差 **12.2×**) | `#159` `#160` `#161` | | **性欲有一个发育顺序,先具体后关系,差 2–3 年** | 外观 14.0 · 身体部位 14.4 · 衣物 14.7 → 权力","关于「何时」,两个完全不同的问法给出同一个小数字",1,1
README_zh.md,75,,36883," · 束缚 16.9 · 精神改变 17.0。用它猜任意两个兴趣谁先谁后达 **66.852 ± 0.191**,而""全人群共享一个顺序""的理论上限是 66.5% —— 这个时间表几乎榨干了共享顺序能提供的全部信息 | `#75` 8 seeds · 35,438 对 · 6,230 人;全体对上界定 **[60.5%, 66.5%]** `#63` | | **内容",CLOSURE: the cap cost precision and cost no verdict,1,0
README_zh.md,63,,36944,"群共享一个顺序""的理论上限是 66.5% —— 这个时间表几乎榨干了共享顺序能提供的全部信息 | `#75` 8 seeds · 35,438 对 · 6,230 人;全体对上界定 **[60.5%, 66.5%]** `#63` | | **内容与个体化估值,对认可概率的影响一样大** | 选项基率 **±21.5 pp**(账本记 ±22.6,**5% 漂移未解释","66.7% was accuracy on the pairs the release can order; over all pairs it is bounded [60.5, 66.5]",1,0
README_zh.md,157,e,37022,"230 人;全体对上界定 **[60.5%, 66.5%]** `#63` | | **内容与个体化估值,对认可概率的影响一样大** | 选项基率 **±21.5 pp**(账本记 ±22.6,**5% 漂移未解释**,`#157e`)· 人整体率 **±16.7 pp** · 人×选项交互 **±23.7 pp**(`#157` 把两条只写在账本散文里的校正装进了代码,","一条只写在账本散文里的校正,不会到达仪器(两轮之内第二例)",1,0
README_zh.md,157,,37072,"估值,对认可概率的影响一样大** | 选项基率 **±21.5 pp**(账本记 ±22.6,**5% 漂移未解释**,`#157e`)· 人整体率 **±16.7 pp** · 人×选项交互 **±23.7 pp**(`#157` 把两条只写在账本散文里的校正装进了代码,交互逐位复现)。内容在每一个""可预测性""指标上碾压(3.5–5.6×),**纯粹因为它被估计得好 ","一条只写在账本散文里的校正,不会到达仪器(两轮之内第二例)",1,0
README_zh.md,88,,37175,"7 pp**(`#157` 把两条只写在账本散文里的校正装进了代码,交互逐位复现)。内容在每一个""可预测性""指标上碾压(3.5–5.6×),**纯粹因为它被估计得好 179 倍**(3,228 次观测 vs 18) | `#88` `#90` | | **""这是性内容""在问卷里问不出来** | 二元认可矩阵里,一个选项的**基率**和它的**内容**是同一个数。题目主","with nothing subtracted anywhere, the item effect is 3.5–5.6× the interaction, and `#85`'s tie was the correction machinery",1,0
README_zh.md,90,,37181,"(`#157` 把两条只写在账本散文里的校正装进了代码,交互逐位复现)。内容在每一个""可预测性""指标上碾压(3.5–5.6×),**纯粹因为它被估计得好 179 倍**(3,228 次观测 vs 18) | `#88` `#90` | | **""这是性内容""在问卷里问不出来** | 二元认可矩阵里,一个选项的**基率**和它的**内容**是同一个数。题目主效应有闭式解","on the probability scale the three components are the same size, and the item effect wins every skill measure because it is estimated 179× better",1,0
README_zh.md,69,,37312,"卷里问不出来** | 二元认可矩阵里,一个选项的**基率**和它的**内容**是同一个数。题目主效应有闭式解,实测 R² = **0.994**、斜率 0.988,且对基率**形状**在 23/23 块中完全不敏感 | `#69` | | **稀有偏好是一条所有人都在上面的连续维度,不是一群特殊的人** | 分布对称加宽:上尾挑更罕见的,下尾挑更常见的,**中位数纹丝","the item main effect is 1+1=2, and the algebra was checkable in one line",1,0
README_zh.md,99,,37413,"中完全不敏感 | `#69` | | **稀有偏好是一条所有人都在上面的连续维度,不是一群特殊的人** | 分布对称加宽:上尾挑更罕见的,下尾挑更常见的,**中位数纹丝不动**,两侧各 11–13× 自身自助 sd | `#99` | | **它是一个可靠的人格维度,而且不是""你勾了多少""** | 跨不相交块集的分半信度 **+0.432 ± 0.016**(人层自助","the check eleven rounds never ran: the distribution is symmetrically WIDER, not one-sidedly elevated",1,0
README_zh.md,167,,37521,"| `#99` | | **它是一个可靠的人格维度,而且不是""你勾了多少""** | 跨不相交块集的分半信度 **+0.432 ± 0.016**(人层自助,n=7,316,400 次 —— 这个误差棒是它八轮之后才有的,`#167`;原来挂着的 −0.022 是 curveball **零假设地板**,答的是另一个问题),种植天花板 +0.832。**而这个名字本身现在","注册的 kill 没开火;而项目最老的那条声明,八轮以来没有过误差棒",1,0
README_zh.md,163,,37605,"6,400 次 —— 这个误差棒是它八轮之后才有的,`#167`;原来挂着的 −0.022 是 curveball **零假设地板**,答的是另一个问题),种植天花板 +0.832。**而这个名字本身现在被检验过了**(`#163`):把块分到内容最不像的两端,信度**保留 85%**,而纯**位置**种植保留 100%、纯**内容**种植塌到 −2% —— **「偏爱","「偏爱冷门」是一个真的口味位置,不是""喜欢某一类恰好冷门的东西""",1,0
README_zh.md,164,,37727,"内容最不像的两端,信度**保留 85%**,而纯**位置**种植保留 100%、纯**内容**种植塌到 −2% —— **「偏爱冷门」是一个可迁移的位置,不是「喜欢某一族恰好冷门的东西」**。**而它不是性别的影子**(`#164`):把性别从**每一个**块层分数里回归掉,这个倾向保留 **102%**(4.9× 自身展布,方向是**升**);而同样的处理让一个纯**","「偏爱冷门」是这个人自己的口味,不是他的性别",1,1
README_zh.md,165,,37932,"**、让一个纯**个人**的位置种植存活到 **+0.986**;移除勾选数后存活 **67%**,而且它与勾选数的相关(+0.608)**低于**零的(+0.719) 。**而它也不是一个更大的「内容」维度的投影**(`#165`):直接在**选项矩阵**上给人打分 ——「你勾了哪些具体东西」—— 分半信度只有 **+0.26**,而位置侧是 **+0.60**(3.",位置不是内容的投影;而「有没有内容」这个问题被泄漏底噪吃掉了,1,0
README_zh.md,100,,38084,"半信度只有 **+0.26**,而位置侧是 **+0.60**(3.1× 自身展布,预注册的 0.60 阈值也在噪声带外 3.1×)。**挑什么内容很大程度上是共享的;而你站在冷门—常见这条轴的哪儿,是你自己的** | `#100` `#104` `#165` | | **而且「偏爱冷门」不是不带立场的 —— 它带着羞耻** | 两道与块**零 item 重叠**的独立","a reliable person-level trait in WHICH options are endorsed, independent of HOW MANY",1,0
README_zh.md,104,,38091,"*+0.26**,而位置侧是 **+0.60**(3.1× 自身展布,预注册的 0.60 阈值也在噪声带外 3.1×)。**挑什么内容很大程度上是共享的;而你站在冷门—常见这条轴的哪儿,是你自己的** | `#100` `#104` `#165` | | **而且「偏爱冷门」不是不带立场的 —— 它带着羞耻** | 两道与块**零 item 重叠**的独立 Likert",CLOSURE: the arc's three surviving claims re-read through the instrument built from its own failures,1,0
README_zh.md,165,,38098,"*,而位置侧是 **+0.60**(3.1× 自身展布,预注册的 0.60 阈值也在噪声带外 3.1×)。**挑什么内容很大程度上是共享的;而你站在冷门—常见这条轴的哪儿,是你自己的** | `#100` `#104` `#165` | | **而且「偏爱冷门」不是不带立场的 —— 它带着羞耻** | 两道与块**零 item 重叠**的独立 Likert 题(n=15",位置不是内容的投影;而「有没有内容」这个问题被泄漏底噪吃掉了,1,0
README_zh.md,184,,38505," 所以这不是通用的方法学假象。⚠ 最严门槛(≥16 块,n=950)上羞耻衰减到 +0.0156;7 个门槛中 6 个同号。**横断面自报 —— 「因为冷门所以羞耻」与「因为羞耻所以只敢要冷门的」在此不可分。**⚠ **`#184` 补的 scope**:把同一条管道跑遍全部 20 道 Likert 结局、用最大统计量零给全族阈值(\|r\| = 0.0393),羞耻*","⚠ 降级 `#180`/`#182`/`#183`:截距↔羞耻没越过全族阈值,而一个非性的一般特质与它一样大",1,0
README_zh.md,230,,38659,"用最大统计量零给全族阈值(\|r\| = 0.0393),羞耻**排名 1/20** 并越过它 6.3× —— 但 **20 道里有 10 道越过**,所以羞耻是位置分**最大**的那个相关物,不是唯一的一个  ⚠ **`#230` —— 羞耻有第二条路,而且是略强的那条**:第三个**宽度类型**成分(`#229`,人层得分分半信度 **+0.5631**)对**同一","通向羞耻的路不止一条,而新的那条略强一点",1,0
README_zh.md,229,,38702,"并越过它 6.3× —— 但 **20 道里有 10 道越过**,所以羞耻是位置分**最大**的那个相关物,不是唯一的一个  ⚠ **`#230` —— 羞耻有第二条路,而且是略强的那条**:第三个**宽度类型**成分(`#229`,人层得分分半信度 **+0.5631**)对**同一道羞耻题**给 **+0.1286**,而位置分是 +0.1185;两者之间只相关 *","宽度有形状,而它的第一个名字是「体液」",1,0
README_zh.md,231,,39024,"那个相关」变成「两个之一,且不是更大的那个」。⚠ 这个成分的**得分**是明确的,**名字**不是(`D5`):特征向量的旋转不可识别,所以「对越轨类别宽而不是对普通性行为宽」是载荷的读法,不是被检验过的主张  ⚠ **`#231` —— 而「罕见」原来在两个层次上各起一次作用,第二个层次上符号相反**:把 32 个块按**它们自己的平均勾选率**(一个与得分构造无关的","在人人都去的地方敞开的人,羞耻更少",1,0
README_zh.md,232,,39446,"等相关时 −0.0041)。**在普通的事情上敞开,羞耻反而更少;同一份敞开,换到少有人去的地方,就变成羞耻。** ⚠ 「越轨」被操作化为**块的平均勾选率低**,是一个不区分「社会禁忌」与「单纯少见」的粗代理 ⚠ **`#232` —— 通向羞耻的两条路,在别处哪里都不相遇**:把块内位置分 `S`(信度 +0.7282)与跨块对比 `D`(越轨半 − 普通半的宽度,","两条完全不同的路,通向同一种感觉",1,0
README_zh.md,232,d,39967,"指标下是退化的** —— 两个残差正好是 ±同一个数(+0.0333 / −0.0333),因为 2 维空间的第一主成分只留下一根轴。必须用 ≥3 个指标重做。⚠ 另外本页所有「N/31」都应读成 **±2 的区间**(`#232d`):全族阈值是重抽样出来的,同一个分数在一次运行里给过 10 和 8 ⚠ **`#235` —— 主张能换仪器,分数不能**:这份 rele","两条完全不同的路,通向同一种感觉",1,0
README_zh.md,235,,40013,"因为 2 维空间的第一主成分只留下一根轴。必须用 ≥3 个指标重做。⚠ 另外本页所有「N/31」都应读成 **±2 的区间**(`#232d`):全族阈值是重抽样出来的,同一个分数在一次运行里给过 10 和 8 ⚠ **`#235` —— 主张能换仪器,分数不能**:这份 release 带着第二把、**刻意不相交**的仪器(31 个 AGE_ONSET 类别,与块选项","感觉是稳的,地图是随题目走的",1,0
README_zh.md,229,,40419,"0.5452 的 24.5%** —— 注册的 50% 没达到,而同一套算法给块仪器**内部**两个不相交半边算出 95.4%。**所以「在更少人去的领域敞开 ↔ 羞耻」是关于人的;而剖面的维数、体液族、三个成分的身份(`#229`–`#232`)仍然只是**通过块这把仪器**测到的性质,没有被证明能换一把仪器活下来** ⚠ **`#236` 把这条收窄放宽了一步**:","宽度有形状,而它的第一个名字是「体液」",1,0
README_zh.md,232,,40426,"的 24.5%** —— 注册的 50% 没达到,而同一套算法给块仪器**内部**两个不相交半边算出 95.4%。**所以「在更少人去的领域敞开 ↔ 羞耻」是关于人的;而剖面的维数、体液族、三个成分的身份(`#229`–`#232`)仍然只是**通过块这把仪器**测到的性质,没有被证明能换一把仪器活下来** ⚠ **`#236` 把这条收窄放宽了一步**:在不相交的起始","两条完全不同的路,通向同一种感觉",1,0
README_zh.md,236,,40475,"出 95.4%。**所以「在更少人去的领域敞开 ↔ 羞耻」是关于人的;而剖面的维数、体液族、三个成分的身份(`#229`–`#232`)仍然只是**通过块这把仪器**测到的性质,没有被证明能换一把仪器活下来** ⚠ **`#236` 把这条收窄放宽了一步**:在不相交的起始仪器上重建(劈人,判类别×类别残差子空间),形状**仍然是多维的** —— k=2 复现 **0.","一个人真正独特的地方,从第二维才开始",1,0
README_zh.md,237,,40790,"一件事:**k=1 上零就已经是 0.9063** —— 类别的流行度是**题目**的性质、与人无关,它在两个人群半样本里当然完美复现。**第一维是仪器的;人的结构从 k=2 才开始**,而那正是零掉下去的地方 ⚠ **`#237` —— 这两个复现数不能并排读**:减法式正对照(随机把 λ 比例的人换成置换噪声,两端都断言)显示两个统计量的动态范围完全不同。块仪器的剖","一个贴着天花板的统计量,和一个线性响应的统计量,数值上不可比",1,0
README_zh.md,238,,41100,".37 / 0.00)。λ₅₀ ≈ **0.57** vs **0.83**。**所以 0.9379 不是 0.4290 的「两倍强」—— 它问的是「人群里有几个方向」,不是「这个人是谁」,两者数值上不可比** ⚠ **`#238` —— 而扛着它的是**最早**的那些欲望**:在不相交的起始仪器上,按**每个人自己的**起始年龄中位数把类别劈成早/晚两半,各取平均罕见","羞耻贴的不是你后来走进去的地方,是你最早就想要的东西有多冷门",1,0
README_zh.md,114,,41392,"**,而且**解衰减之后早半仍然更强**(+0.2536 vs +0.1716),所以信度差不能解释它。**羞耻贴的是你最早就想要的那些东西有多冷门,而不是你后来走进去的地方。**⚠ 按 `D6`,且有一个对手明确活着:`#114` 测到人**把最爱的兴趣记得更早**(−0.2000 年/评分 sd),所以早半可能只是富集了最被爱的兴趣。**这是关于这份自报时间线的事实","记忆把心爱的兴趣往前拉,约 0.74 年;这是这个数据集里第一个被直接量出来的回忆偏差",1,0
README_zh.md,239,,41489,"`,且有一个对手明确活着:`#114` 测到人**把最爱的兴趣记得更早**(−0.2000 年/评分 sd),所以早半可能只是富集了最被爱的兴趣。**这是关于这份自报时间线的事实,不是关于真实发展顺序的事实** ⚠ **`#239` 把「早 vs 晚」这个不对称降级为 `UNVERIFIED`,而它的理由比结果更值钱**:把每个起始年龄对**这个人自己对该类别的评分**","一个改变了样本的控制,改变的是估计目标本身",1,0
README_zh.md,114,,41569,"份自报时间线的事实,不是关于真实发展顺序的事实** ⚠ **`#239` 把「早 vs 晚」这个不对称降级为 `UNVERIFIED`,而它的理由比结果更值钱**:把每个起始年龄对**这个人自己对该类别的评分**残差化(`#114` 的通路在这份数据上确实存在 —— `corr(起始年龄, 评分)` 均值 **−0.1175**,24 个匹配类别里 23 个为负;正对照","记忆把心爱的兴趣往前拉,约 0.74 年;这是这个数据集里第一个被直接量出来的回忆偏差",1,0
README_zh.md,241,,41961,"主效应**:残差化之后两半仍然都预测羞耻,**早 +0.0985 ± 0.0124、晚 +0.0966 ± 0.0127**(n = 6,301)。**你敞开在多冷门的地方就有多羞耻,不论那是什么时候开始的** ⚠ **`#241` 已在交集样本上重算**:两半是在不同的人身上算的(5,322 与 6,113,因为各自要求 ≥4 块覆盖),所以差值在**两者都有的 4,","我写的第一版扫描,给出的正是我最想听的那个答案",1,0
README_zh.md,290,,42146,",718 人**上重跑了一次 —— 普通半 **−0.0589**、越轨半 **+0.1012**、差 **+0.1601**,2×展布 0.0394,**保留原值的 98.5%**。结论不变,这一行是作用域。 ⚠ **`#290`:这个相关在两个性别里是同一件事** —— +0.1297 ± 0.0188 与 +0.1081 ± 0.0186,差 −0.0216,而随","S 在两组间意味着不同的东西,但不同的地方不在羞耻上",1,0
README_zh.md,286,,42325,"0216,而随机劈同样大小两组之间的差是 0 ± 0.0273(0.8×,不可分辨),且正对照是有效的(一个由 `性别 × S` **交互**驱动的结局能把它推到 +0.3300)。所以尽管六个坐标整体上在两性间不不变(`#286`)、而**位置分 S 正是来源**(`#289`),**羞耻并不是那个非不变性落脚的地方。** | `#179` `#184` `#186`","它们不是「人的坐标」,至少不是同一套坐标",1,0
README_zh.md,289,,42349," 0.0273(0.8×,不可分辨),且正对照是有效的(一个由 `性别 × S` **交互**驱动的结局能把它推到 +0.3300)。所以尽管六个坐标整体上在两性间不不变(`#286`)、而**位置分 S 正是来源**(`#289`),**羞耻并不是那个非不变性落脚的地方。** | `#179` `#184` `#186` `#192` `#201` `#229` `#","S 不是性别,但 S 在两个人群里意味着不同的东西",1,0
README_zh.md,179,,42381,"`性别 × S` **交互**驱动的结局能把它推到 +0.3300)。所以尽管六个坐标整体上在两性间不不变(`#286`)、而**位置分 S 正是来源**(`#289`),**羞耻并不是那个非不变性落脚的地方。** | `#179` `#184` `#186` `#192` `#201` `#229` `#230` `#231` `#232` `#235` `#236`","「偏爱冷门」不是一个不带立场的坐标:控制内容之后,它仍然预测羞耻",1,0
README_zh.md,184,,42388,"` **交互**驱动的结局能把它推到 +0.3300)。所以尽管六个坐标整体上在两性间不不变(`#286`)、而**位置分 S 正是来源**(`#289`),**羞耻并不是那个非不变性落脚的地方。** | `#179` `#184` `#186` `#192` `#201` `#229` `#230` `#231` `#232` `#235` `#236` `#237`","⚠ 降级 `#180`/`#182`/`#183`:截距↔羞耻没越过全族阈值,而一个非性的一般特质与它一样大",1,0
README_zh.md,186,,42395,"*驱动的结局能把它推到 +0.3300)。所以尽管六个坐标整体上在两性间不不变(`#286`)、而**位置分 S 正是来源**(`#289`),**羞耻并不是那个非不变性落脚的地方。** | `#179` `#184` `#186` `#192` `#201` `#229` `#230` `#231` `#232` `#235` `#236` `#237` `#238`",`#179` 的 +0.116 是一个下界;而单题信度在本 release 上不可估,1,0
README_zh.md,192,,42402,"把它推到 +0.3300)。所以尽管六个坐标整体上在两性间不不变(`#286`)、而**位置分 S 正是来源**(`#289`),**羞耻并不是那个非不变性落脚的地方。** | `#179` `#184` `#186` `#192` `#201` `#229` `#230` `#231` `#232` `#235` `#236` `#237` `#238` `#239`",同一把尺下内容侧确实更受性别影响;而 `#188` 的分工图有一部分是控制勾选数造的,1,0
README_zh.md,201,,42409,".3300)。所以尽管六个坐标整体上在两性间不不变(`#286`)、而**位置分 S 正是来源**(`#289`),**羞耻并不是那个非不变性落脚的地方。** | `#179` `#184` `#186` `#192` `#201` `#229` `#230` `#231` `#232` `#235` `#236` `#237` `#238` `#239` `#241`","⚠ 撤回「媒介偏好」这个名字:`animated` 与 `written` 相关 +0.25,不是二选一",1,0
README_zh.md,229,,42416,"所以尽管六个坐标整体上在两性间不不变(`#286`)、而**位置分 S 正是来源**(`#289`),**羞耻并不是那个非不变性落脚的地方。** | `#179` `#184` `#186` `#192` `#201` `#229` `#230` `#231` `#232` `#235` `#236` `#237` `#238` `#239` `#241` `#290`","宽度有形状,而它的第一个名字是「体液」",1,0
README_zh.md,230,,42423,"标整体上在两性间不不变(`#286`)、而**位置分 S 正是来源**(`#289`),**羞耻并不是那个非不变性落脚的地方。** | `#179` `#184` `#186` `#192` `#201` `#229` `#230` `#231` `#232` `#235` `#236` `#237` `#238` `#239` `#241` `#290` | ⚠ **","通向羞耻的路不止一条,而新的那条略强一点",1,0
README_zh.md,231,,42430,"间不不变(`#286`)、而**位置分 S 正是来源**(`#289`),**羞耻并不是那个非不变性落脚的地方。** | `#179` `#184` `#186` `#192` `#201` `#229` `#230` `#231` `#232` `#235` `#236` `#237` `#238` `#239` `#241` `#290` | ⚠ **`#360`:","在人人都去的地方敞开的人,羞耻更少",1,0
README_zh.md,232,,42437,"286`)、而**位置分 S 正是来源**(`#289`),**羞耻并不是那个非不变性落脚的地方。** | `#179` `#184` `#186` `#192` `#201` `#229` `#230` `#231` `#232` `#235` `#236` `#237` `#238` `#239` `#241` `#290` | ⚠ **`#360`:那个 +0.1","两条完全不同的路,通向同一种感觉",1,0
README_zh.md,235,,42444,"**位置分 S 正是来源**(`#289`),**羞耻并不是那个非不变性落脚的地方。** | `#179` `#184` `#186` `#192` `#201` `#229` `#230` `#231` `#232` `#235` `#236` `#237` `#238` `#239` `#241` `#290` | ⚠ **`#360`:那个 +0.1185 是一条","感觉是稳的,地图是随题目走的",1,0
README_zh.md,236,,42451," 正是来源**(`#289`),**羞耻并不是那个非不变性落脚的地方。** | `#179` `#184` `#186` `#192` `#201` `#229` `#230` `#231` `#232` `#235` `#236` `#237` `#238` `#239` `#241` `#290` | ⚠ **`#360`:那个 +0.1185 是一条单调曲线上的一","一个人真正独特的地方,从第二维才开始",1,0
README_zh.md,237,,42458,"(`#289`),**羞耻并不是那个非不变性落脚的地方。** | `#179` `#184` `#186` `#192` `#201` `#229` `#230` `#231` `#232` `#235` `#236` `#237` `#238` `#239` `#241` `#290` | ⚠ **`#360`:那个 +0.1185 是一条单调曲线上的一点。**沿覆盖","一个贴着天花板的统计量,和一个线性响应的统计量,数值上不可比",1,0
README_zh.md,238,,42465,"),**羞耻并不是那个非不变性落脚的地方。** | `#179` `#184` `#186` `#192` `#201` `#229` `#230` `#231` `#232` `#235` `#236` `#237` `#238` `#239` `#241` `#290` | ⚠ **`#360`:那个 +0.1185 是一条单调曲线上的一点。**沿覆盖阈 ≥4/6/","羞耻贴的不是你后来走进去的地方,是你最早就想要的东西有多冷门",1,0
README_zh.md,239,,42472,不是那个非不变性落脚的地方。** | `#179` `#184` `#186` `#192` `#201` `#229` `#230` `#231` `#232` `#235` `#236` `#237` `#238` `#239` `#241` `#290` | ⚠ **`#360`:那个 +0.1185 是一条单调曲线上的一点。**沿覆盖阈 ≥4/6/8/10/12,"一个改变了样本的控制,改变的是估计目标本身",1,0
README_zh.md,241,,42479,性落脚的地方。** | `#179` `#184` `#186` `#192` `#201` `#229` `#230` `#231` `#232` `#235` `#236` `#237` `#238` `#239` `#241` `#290` | ⚠ **`#360`:那个 +0.1185 是一条单调曲线上的一点。**沿覆盖阈 ≥4/6/8/10/12/16(n =,"我写的第一版扫描,给出的正是我最想听的那个答案",1,0
README_zh.md,290,,42486,"** | `#179` `#184` `#186` `#192` `#201` `#229` `#230` `#231` `#232` `#235` `#236` `#237` `#238` `#239` `#241` `#290` | ⚠ **`#360`:那个 +0.1185 是一条单调曲线上的一点。**沿覆盖阈 ≥4/6/8/10/12/16(n = 12,720","S 在两组间意味着不同的东西,但不同的地方不在羞耻上",1,0
README_zh.md,360,,42499,"#184` `#186` `#192` `#201` `#229` `#230` `#231` `#232` `#235` `#236` `#237` `#238` `#239` `#241` `#290` | ⚠ **`#360`:那个 +0.1185 是一条单调曲线上的一点。**沿覆盖阈 ≥4/6/8/10/12/16(n = 12,720 → 950)它是 **+","页面上那个 +0.1185,坐在一条从 +0.172 走到 −0.002 的单调曲线中间",1,0
README_zh.md,363,,42808,"全距受限,约 0.10 不是;控制勾选数后曲线压平到 0.123。**这个关系在 `S` 被测得最差的地方最强、在测得最好的地方消失** —— 与测量误差的方向相反,而本项目在这里分不开「样本」与「估计质量」。 ⚠ **`#363`:而这个下降是羞耻特有的。**把同一条六点覆盖阈曲线跑遍全部 29 个结局,\|两端差\| 的中位是 **+0.0015**,而纯选择基线(",那个下降几乎只发生在羞耻上,1,0
README_zh.md,201,,43411,"道性别身份题 —— **而它完全不预测羞耻**(+0.0029,0.2×)。所以**你的口味有多冷门**贴着**羞耻**,**你具体喜欢哪些**贴着 `animated`/`written` 与**性别身份**。⚠ **`#201` 撤回「媒介(画的还是写的)」这个读法**:`corr(animated, written) = +0.2507`(29.4×)—— **强","⚠ 撤回「媒介偏好」这个名字:`animated` 与 `written` 相关 +0.25,不是二选一",1,3
README_zh.md,192,,43690,"勾选数造出来的**:**边际**评估下位置分对 `animated` = **+0.1193(10.0×)**,与它对羞耻的 **+0.1185** 在同一把尺上不可分 —— 干净的分工只在**给定勾选数**之后才出现(`#192`)。⚠ **正交性是构造出来的,而原始的两个维度根本不正交**:人层 `corr(S, C) = +0.4323`,所以 `corr(S, ",同一把尺下内容侧确实更受性别影响;而 `#188` 的分工图有一部分是控制勾选数造的,1,0
README_zh.md,129,,43784,"在**给定勾选数**之后才出现(`#192`)。⚠ **正交性是构造出来的,而原始的两个维度根本不正交**:人层 `corr(S, C) = +0.4323`,所以 `corr(S, C残差) = 0` 是定义不是发现(`#129` `#189d`)—— 它们是**一个维度、和另一个扣掉它之后的余量**,不是两个独立的东西,而内容分是跨人主成分,完全特异的组合对它不可见","特质链接不是覆盖度;而一次尺度不匹配的残差化,把两轮的 `corr(·,S)` 变成了负的勾选数",1,1
README_zh.md,189,d,43791,"数**之后才出现(`#192`)。⚠ **正交性是构造出来的,而原始的两个维度根本不正交**:人层 `corr(S, C) = +0.4323`,所以 `corr(S, C残差) = 0` 是定义不是发现(`#129` `#189d`)—— 它们是**一个维度、和另一个扣掉它之后的余量**,不是两个独立的东西,而内容分是跨人主成分,完全特异的组合对它不可见  ⚠ **`#","那个 −0.41 的「结局层耦合」是我自己用残差化造出来的,而四道闸全绿",1,0
README_zh.md,227,,43866," `corr(S, C残差) = 0` 是定义不是发现(`#129` `#189d`)—— 它们是**一个维度、和另一个扣掉它之后的余量**,不是两个独立的东西,而内容分是跨人主成分,完全特异的组合对它不可见  ⚠ **`#227` —— 这个「内容」维度的正名是 breadth(你对多少东西说「是」),不是内容口味**:块层主成分被**直接相加而从没对齐符号** ——","尺子装对之后:第三个维度的正名是 breadth,而 `#189` 的三个方向活着",1,1
README_zh.md,188,,44003,"dth(你对多少东西说「是」),不是内容口味**:块层主成分被**直接相加而从没对齐符号** —— `np.linalg.eigh` 的特征向量符号任意,32 个块里 **17 个指向一边、15 个指向另一边**,所以 `#188`/`#189` 背后的每一个内容人分,都是一个部分相消的 ±breadth 混合。用**留一共识法**对齐后(32 个块翻了 15 个),这","⚠ 收窄 `#187`:内容残差不是噪声,它只是不预测羞耻 —— 它预测媒介与性别身份",1,0
README_zh.md,189,,44010,"少东西说「是」),不是内容口味**:块层主成分被**直接相加而从没对齐符号** —— `np.linalg.eigh` 的特征向量符号任意,32 个块里 **17 个指向一边、15 个指向另一边**,所以 `#188`/`#189` 背后的每一个内容人分,都是一个部分相消的 ±breadth 混合。用**留一共识法**对齐后(32 个块翻了 15 个),这个维度与**勾","那个 −0.41 的「结局层耦合」是我自己用残差化造出来的,而四道闸全绿",1,0
README_zh.md,228,,44600,",不是量的**;每半 16 个块时,随机符号和仍会保留强共同信号的 ~1/√16。**原始的 breadth 读数不依赖这一切**:对齐 +0.8320、**未对齐 +0.5154**,两个都过注册的 0.5  ⚠ **`#228` —— 而这个 breadth 不是单一的回答风格**:把每个块**内部的选项**劈成两半 —— 那是对同一个人×块格子的两次独立测量,块层","「对什么都说是」的人,其实不是对什么都说是",1,0
README_zh.md,188,,44972,"我没有事后改它 —— **它要求的增量是对着零定价的,而基线是 +0.429,因为现象本来就在那儿**。作用域也窄:它否掉的是「breadth **只是**一个全局回答风格」,**不是**「全局水平里不含回答风格」 | `#188` `#189` `#192` `#201` `#227` `#228` | | **一个人自己那些别人很少有的兴趣,排在他自己那些大家都有的","⚠ 收窄 `#187`:内容残差不是噪声,它只是不预测羞耻 —— 它预测媒介与性别身份",1,0
README_zh.md,189,,44979," —— **它要求的增量是对着零定价的,而基线是 +0.429,因为现象本来就在那儿**。作用域也窄:它否掉的是「breadth **只是**一个全局回答风格」,**不是**「全局水平里不含回答风格」 | `#188` `#189` `#192` `#201` `#227` `#228` | | **一个人自己那些别人很少有的兴趣,排在他自己那些大家都有的兴趣前面** ","那个 −0.41 的「结局层耦合」是我自己用残差化造出来的,而四道闸全绿",1,0
README_zh.md,192,,44986,"要求的增量是对着零定价的,而基线是 +0.429,因为现象本来就在那儿**。作用域也窄:它否掉的是「breadth **只是**一个全局回答风格」,**不是**「全局水平里不含回答风格」 | `#188` `#189` `#192` `#201` `#227` `#228` | | **一个人自己那些别人很少有的兴趣,排在他自己那些大家都有的兴趣前面** | 扣掉人群共",同一把尺下内容侧确实更受性别影响;而 `#188` 的分工图有一部分是控制勾选数造的,1,0
README_zh.md,201,,44993,"着零定价的,而基线是 +0.429,因为现象本来就在那儿**。作用域也窄:它否掉的是「breadth **只是**一个全局回答风格」,**不是**「全局水平里不含回答风格」 | `#188` `#189` `#192` `#201` `#227` `#228` | | **一个人自己那些别人很少有的兴趣,排在他自己那些大家都有的兴趣前面** | 扣掉人群共享的时间表和这","⚠ 撤回「媒介偏好」这个名字:`animated` 与 `written` 相关 +0.25,不是二选一",1,0
README_zh.md,227,,45000,"基线是 +0.429,因为现象本来就在那儿**。作用域也窄:它否掉的是「breadth **只是**一个全局回答风格」,**不是**「全局水平里不含回答风格」 | `#188` `#189` `#192` `#201` `#227` `#228` | | **一个人自己那些别人很少有的兴趣,排在他自己那些大家都有的兴趣前面** | 扣掉人群共享的时间表和这个人整体的早熟","尺子装对之后:第三个维度的正名是 breadth,而 `#189` 的三个方向活着",1,1
README_zh.md,228,,45007,"429,因为现象本来就在那儿**。作用域也窄:它否掉的是「breadth **只是**一个全局回答风格」,**不是**「全局水平里不含回答风格」 | `#188` `#189` `#192` `#201` `#227` `#228` | | **一个人自己那些别人很少有的兴趣,排在他自己那些大家都有的兴趣前面** | 扣掉人群共享的时间表和这个人整体的早熟之后,人内「起","「对什么都说是」的人,其实不是对什么都说是",1,0
README_zh.md,114,,45187,"后,人内「起始年龄残差 × 类别稀有度」= **−0.0328**,题内跨人置换零 +0.0018,**8.8×**。**离散版本(最早一格 vs 他自己的曲目库)独立复现:扣掉时间表后 +0.0767,14.5×**。`#114` 的回忆偏差实际只贡献 **4%**,且对主量符号相反。⚠ **`#211` 给这条声明补上它一直没有的边界**:用同一条管道把起始年龄截到","记忆把心爱的兴趣往前拉,约 0.74 年;这是这个数据集里第一个被直接量出来的回忆偏差",1,0
README_zh.md,211,,45225,"置换零 +0.0018,**8.8×**。**离散版本(最早一格 vs 他自己的曲目库)独立复现:扣掉时间表后 +0.0767,14.5×**。`#114` 的回忆偏差实际只贡献 **4%**,且对主量符号相反。⚠ **`#211` 给这条声明补上它一直没有的边界**:用同一条管道把起始年龄截到 14 / 16 / 18 岁(种植的效应在**每一档**都仍然开火),Δ ",⚠ `#128` 的 Δ 只由 14 岁之后的起始年龄扛着:三个受限档全部不可分辨,1,0
README_zh.md,213,,45476,"与零不可分辨**,而不截断那一档是 −0.0328(8.9×)。范围受限已排除(人内稀有度 sd **不减反增**,0.473 → 0.533)。**所以 Δ 由较晚的起始年龄扛着,而在最早的那些里不存在** —— 而 `#213` 证明**并没有一个 14 岁的门槛**:把切点在 10–20 岁上扫一遍,曲线是单调的(−0.056 → −0.070 → −0.081 ","没有十四岁这个门槛:曲线是单调的,「越晚的那一段越强」",1,1
README_zh.md,218,,45656,"0.081 → −0.303),最大二阶差分越不过它自身的展布,所以是**越晚的那一段越强**,不是**十四岁之后才有**。(扫描的分辨率是两年一档的起始年龄段,即约 5 个不同切点;右端只有 n=1,944。)⚠ **`#218` 把右端界住了**:c=18 那一点自己的零**强烈依赖置换方案** —— 题内跨人 −0.120、人内 +0.053、**curvebal","⚠ 晚半有多强没有唯一的数;而在项目最常用的那个零下,负对照直接失败",1,0
README_zh.md,212,,45840,"all 固定边际 −0.198** —— 所以它的净值是一个**区间 [−0.356, −0.105]**,不是一个数;而在固定边际那个零下(本项目用得最多的方案),负对照**失败**:光靠边际就能造出它的 65%。**`#212` 把两种读法分开了,而它是窗口不是假象**:在每个人**自己**的时间线上按 14 岁劈开(不需要跨人比较,因而不受截断影响),14 岁后那","分开了:是发育窗口,不是截断假象 —— 这件事发生在十四岁之后",1,0
README_zh.md,243,,46128,"半 g=1 就开火。**全样本的 −0.0328 是被 14 岁前那段(那里没有效应)稀释的结果。**⚠ 14 岁后那一半本身是年龄选择的(贡献者年龄中位 26.5 对 22.5),且它的置换零是效应的 30% ⚠ **`#243` —— 而它根本不是一个人群效应**:按「**14 岁前是否报了 ≥8 个起始年龄**」把人分开,并把其余人按**总类别数**匹配(两组中位","全样本的 Δ 不是一个人群效应,是两群反号的人的混合",1,1
README_zh.md,114,,46528,"vs 3.022)却给出更强的相关,而受限只会衰减。**全样本的 −0.0328,是两群反号的人抵消之后剩下的东西。**⚠ 这里的「早」指**报告**在 14 岁前有 ≥8 个起始年龄,它同时携带「真的早」与「记得早」(`#114`) ⚠ **`#245` 用一条连续的线取代了那两组人**:用 `A8`(一个人**第 8 个起始年龄**)给每个人定位,Δ 对它**单调*","记忆把心爱的兴趣往前拉,约 0.74 年;这是这个数据集里第一个被直接量出来的回忆偏差",1,0
README_zh.md,245,,46540,"更强的相关,而受限只会衰减。**全样本的 −0.0328,是两群反号的人抵消之后剩下的东西。**⚠ 这里的「早」指**报告**在 14 岁前有 ≥8 个起始年龄,它同时携带「真的早」与「记得早」(`#114`) ⚠ **`#245` 用一条连续的线取代了那两组人**:用 `A8`(一个人**第 8 个起始年龄**)给每个人定位,Δ 对它**单调** —— A8≈13.5","不存在两类人,存在一条穿过 17 岁半的线",1,0
README_zh.md,247,,46968,"—— **那个二分有 79% 只是这条线上的位置**。**不存在两类人,只有一条线,而它在 17 岁半左右穿过零。**⚠ 指示变量剩下的 3.0× 不是没有:连续化假设了线性,而这点残留正是这个假设不成立的地方 ⚠ **`#247` —— 那个人群数字是一片地形的平均高度**:用**积累速率**(第一个到最后一个起始年龄之间,每年新增几个兴趣)给每个人定位,Δ 在八层上","那个数字不是一个人群的性质,是一片地形的平均高度",1,0
README_zh.md,128,,47354,"的 19%);正对照两端都精确。**一个跨度是自身均值 13 倍的量,它的人群平均值几乎不携带信息。**⚠ 唯一没被控制的边:`rate` 的分母是**回忆的**年龄跨度,把记忆压缩在一起的人会得到很大的 rate | `#128` `#130` `#211` `#212` `#213` `#218` `#243` `#245` `#247` | | **版图真正的主分",不寻常的东西一开始就在那里;而一遍双向去均值把这个结论的符号弄反了,1,0
README_zh.md,130,,47361,"正对照两端都精确。**一个跨度是自身均值 13 倍的量,它的人群平均值几乎不携带信息。**⚠ 唯一没被控制的边:`rate` 的分母是**回忆的**年龄跨度,把记忆压缩在一起的人会得到很大的 rate | `#128` `#130` `#211` `#212` `#213` `#218` `#243` `#245` `#247` | | **版图真正的主分界线不是""先来","人群从常见处开始,而每个人都在共享曲线上提前了自己那一份",1,0
README_zh.md,211,,47368,"确。**一个跨度是自身均值 13 倍的量,它的人群平均值几乎不携带信息。**⚠ 唯一没被控制的边:`rate` 的分母是**回忆的**年龄跨度,把记忆压缩在一起的人会得到很大的 rate | `#128` `#130` `#211` `#212` `#213` `#218` `#243` `#245` `#247` | | **版图真正的主分界线不是""先来后到"",是""物",⚠ `#128` 的 Δ 只由 14 岁之后的起始年龄扛着:三个受限档全部不可分辨,1,0
README_zh.md,212,,47375,"度是自身均值 13 倍的量,它的人群平均值几乎不携带信息。**⚠ 唯一没被控制的边:`rate` 的分母是**回忆的**年龄跨度,把记忆压缩在一起的人会得到很大的 rate | `#128` `#130` `#211` `#212` `#213` `#218` `#243` `#245` `#247` | | **版图真正的主分界线不是""先来后到"",是""物件 vs 叙事","分开了:是发育窗口,不是截断假象 —— 这件事发生在十四岁之后",1,0
README_zh.md,213,,47382,"13 倍的量,它的人群平均值几乎不携带信息。**⚠ 唯一没被控制的边:`rate` 的分母是**回忆的**年龄跨度,把记忆压缩在一起的人会得到很大的 rate | `#128` `#130` `#211` `#212` `#213` `#218` `#243` `#245` `#247` | | **版图真正的主分界线不是""先来后到"",是""物件 vs 叙事""** | 6","没有十四岁这个门槛:曲线是单调的,「越晚的那一段越强」",1,0
README_zh.md,218,,47389,"它的人群平均值几乎不携带信息。**⚠ 唯一没被控制的边:`rate` 的分母是**回忆的**年龄跨度,把记忆压缩在一起的人会得到很大的 rate | `#128` `#130` `#211` `#212` `#213` `#218` `#243` `#245` `#247` | | **版图真正的主分界线不是""先来后到"",是""物件 vs 叙事""** | 6 个连贯分割 ","⚠ 晚半有多强没有唯一的数;而在项目最常用的那个零下,负对照直接失败",1,0
README_zh.md,243,,47396,"几乎不携带信息。**⚠ 唯一没被控制的边:`rate` 的分母是**回忆的**年龄跨度,把记忆压缩在一起的人会得到很大的 rate | `#128` `#130` `#211` `#212` `#213` `#218` `#243` `#245` `#247` | | **版图真正的主分界线不是""先来后到"",是""物件 vs 叙事""** | 6 个连贯分割 × 11 个非","全样本的 Δ 不是一个人群效应,是两群反号的人的混合",1,0
README_zh.md,245,,47403,"。**⚠ 唯一没被控制的边:`rate` 的分母是**回忆的**年龄跨度,把记忆压缩在一起的人会得到很大的 rate | `#128` `#130` `#211` `#212` `#213` `#218` `#243` `#245` `#247` | | **版图真正的主分界线不是""先来后到"",是""物件 vs 叙事""** | 6 个连贯分割 × 11 个非性变量的整格,","不存在两类人,存在一条穿过 17 岁半的线",1,0
README_zh.md,247,,47410,"没被控制的边:`rate` 的分母是**回忆的**年龄跨度,把记忆压缩在一起的人会得到很大的 rate | `#128` `#130` `#211` `#212` `#213` `#218` `#243` `#245` `#247` | | **版图真正的主分界线不是""先来后到"",是""物件 vs 叙事""** | 6 个连贯分割 × 11 个非性变量的整格,最大统计量零给","那个数字不是一个人群的性质,是一片地形的平均高度",1,0
README_zh.md,139,,47717,"083 · 外向性 +0.088 · 神经质 −0.064 · 无力感 −0.059,两性方向一致)。⚠ 命名是我对载荷的读法(D5);标度小(0.033–0.088)。⚠ **模型方向已撤回**:不依赖命名的结构检验(`#139`)显示 PC4 两侧**并不比别的分割更不同构**(0.8×),所以这条线与模型 A、B 都相容 | `#138` `#139` | | *",`#138f` 降级;真正结构不对称的是早/晚那条线,1,0
README_zh.md,138,,47774,"对载荷的读法(D5);标度小(0.033–0.088)。⚠ **模型方向已撤回**:不依赖命名的结构检验(`#139`)显示 PC4 两侧**并不比别的分割更不同构**(0.8×),所以这条线与模型 A、B 都相容 | `#138` `#139` | | **性别锚住的是""性""本身,不是其中某一族** | 早族 +0.0706 vs 晚族 +0.0816,差 **0.7","版图的主分界线不是""先来后到"",是""物件 vs 叙事""",1,0
README_zh.md,139,,47781,"D5);标度小(0.033–0.088)。⚠ **模型方向已撤回**:不依赖命名的结构检验(`#139`)显示 PC4 两侧**并不比别的分割更不同构**(0.8×),所以这条线与模型 A、B 都相容 | `#138` `#139` | | **性别锚住的是""性""本身,不是其中某一族** | 早族 +0.0706 vs 晚族 +0.0816,差 **0.7×**。而开放",`#138f` 降级;真正结构不对称的是早/晚那条线,1,0
README_zh.md,137,,48005,"晚族 —— **但那个差不是这两族特有的**:同一矩阵的另外五个同样连贯的分割给出 0.0702–0.2106,**早/晚这条线是六个里最弱的一个**。两族在组织度与到达方式上不同,在**外部成因**上不是两样东西 | `#137` | | **关系族同时到达,却装着好几个独立的维度** | 早/晚这条线的**结构不对称是六个连贯分割里最大的**(5.73,3.0×):",两族不是两样东西:早/晚这条线在外部锚上是六个里最弱的,1,0
README_zh.md,139,,48308,"64 vs 5.30)。**而它装的就是 `A02` 早就命名过的三条轴**(谁服从·谁被看·谁接受,留出相关 0.81/0.81/0.91,随机载荷地板 0.349)—— 关系族是三条近乎独立的轴的**交汇处** | `#139` `#140` | | **早来的东西是散的,晚来的东西是一整套** | 人内置换零下的三个块:早×早 **−0.01272(27.9×)*",`#138f` 降级;真正结构不对称的是早/晚那条线,1,0
README_zh.md,140,,48315,".30)。**而它装的就是 `A02` 早就命名过的三条轴**(谁服从·谁被看·谁接受,留出相关 0.81/0.81/0.91,随机载荷地板 0.349)—— 关系族是三条近乎独立的轴的**交汇处** | `#139` `#140` | | **早来的东西是散的,晚来的东西是一整套** | 人内置换零下的三个块:早×早 **−0.01272(27.9×)** · **晚","关系族装的就是 A02 那三条轴;而那个""零""是 0.349,不是 0",1,0
README_zh.md,75,,48683,"得年龄比同样多个随机挑的**靠拢 9.4%**(17.7×,在扣掉人群时间表之后),具体族反而**分散 9.0%**(12.1×)。**发育不是同一种东西按顺序到达,是两种不同组织度的东西以不同方式到达** —— 这是 `#75` 的时间表没有的维度。⚠ 连通度**没有拐点**(1.6×),所以""17 岁关上""只对类别数成立 | `#135` `#136` | | *",CLOSURE: the cap cost precision and cost no verdict,1,0
README_zh.md,135,,48739,"**(12.1×)。**发育不是同一种东西按顺序到达,是两种不同组织度的东西以不同方式到达** —— 这是 `#75` 的时间表没有的维度。⚠ 连通度**没有拐点**(1.6×),所以""17 岁关上""只对类别数成立 | `#135` `#136` | | **三分之一的人,版图在 17 岁就关上了;剩下的人,它是向外开的** | 29–32 岁档里 **33.3% 报告","没有边界,但有两族:早来的东西是散的,晚来的东西是一整套",1,0
README_zh.md,136,,48746,"×)。**发育不是同一种东西按顺序到达,是两种不同组织度的东西以不同方式到达** —— 这是 `#75` 的时间表没有的维度。⚠ 连通度**没有拐点**(1.6×),所以""17 岁关上""只对类别数成立 | `#135` `#136` | | **三分之一的人,版图在 17 岁就关上了;剩下的人,它是向外开的** | 29–32 岁档里 **33.3% 报告 17 岁后一","「一整套」是字面意义的:关系族一起到,具体族一个一个到",1,0
README_zh.md,114,,48881,"7 岁就关上了;剩下的人,它是向外开的** | 29–32 岁档里 **33.3% 报告 17 岁后一个新兴趣都没有**。而在有晚期条目的人身上,晚获得的类别与他早期那些**更不相连**,配对层剥掉稀有度后保留 89%,`#114` 符号相反,**五个年龄档全部同号(5.3–10.9×)且无年龄梯度**(所以不是叙事整理)。**扩张,不是深化** —— 模型 C 不能被","记忆把心爱的兴趣往前拉,约 0.74 年;这是这个数据集里第一个被直接量出来的回忆偏差",1,0
README_zh.md,133,,49082,"*只报方向,不报量级**:切点从 13.5 到 17.5 give −0.0165 → −0.0069(差 2.4 倍),且**人内中位数分割不可分辨(1.0×)—— 现象绑在绝对年龄上,不是""你序列里靠后的""** | `#133` `#134` | | **性版图在青春期结束时就基本定型** | 29–32 岁的人,自己报告的性兴趣有 **68.4% 是 17 岁前获","成年后加进来的不是旁边那一块,是别处;而三分之一的人版图在 17 岁就关上了",1,0
README_zh.md,134,,49089,"报量级**:切点从 13.5 到 17.5 give −0.0165 → −0.0069(差 2.4 倍),且**人内中位数分割不可分辨(1.0×)—— 现象绑在绝对年龄上,不是""你序列里靠后的""** | `#133` `#134` | | **性版图在青春期结束时就基本定型** | 29–32 岁的人,自己报告的性兴趣有 **68.4% 是 17 岁前获得的**,最晚","反向回忆的印记不存在;但那个效应绑在绝对年龄上,而它的量级要降级",1,0
README_zh.md,132,,49283,"**22.6 岁**(人内测量,不依赖横断面假设)。横断面上 15 年里类别数只从 12.4 长到 12.9(+4.5%,队列混淆,较弱)。**这给模型 C 划了时间边界:递归重塑若存在,作用窗口主要在青春期内** | `#132` | | **人群层面,版图确实从大家都有的东西开始** | 一个人最早报告的那批兴趣,在他自己曲目库里按罕见度排落在**第 33 百分位*",审查解释不掉 Δ;而性版图在青春期结束时就基本定型了,1,0
README_zh.md,147,,49454,"度排落在**第 33 百分位**(49.4×)。**以每人自己的置换零展布为单位是 z = −0.5515**,而**五个广度层每一层都可分辨为负(17.5–27.3×)—— 这个效应是普遍的,与他喜欢多少东西无关**(`#147`)。⚠ `#146` 那条「口味越广越明显」已撤回:原始 Δ 的 27 倍变化是 `(k−m)/k` 的算术界,归一化后的残余梯度比一个**",`#130a` 得救而且是普遍的;而 `#146` 的广度联系是一条算术界,1,0
README_zh.md,146,,49464," 百分位**(49.4×)。**以每人自己的置换零展布为单位是 z = −0.5515**,而**五个广度层每一层都可分辨为负(17.5–27.3×)—— 这个效应是普遍的,与他喜欢多少东西无关**(`#147`)。⚠ `#146` 那条「口味越广越明显」已撤回:原始 Δ 的 27 倍变化是 `(k−m)/k` 的算术界,归一化后的残余梯度比一个**按构造与广度无关**","Δ 的量级由""谁够格进入分析""决定,而那就是广度",1,0
README_zh.md,148,,49596,"原始 Δ 的 27 倍变化是 `(k−m)/k` 的算术界,归一化后的残余梯度比一个**按构造与广度无关**的种植效应还小。内容线也不解释它(PC4 只 0.2×),稀有度离散度也不(+0.191)。**机制已定位**(`#148` `#152`):**它是那张所有人共享的发育时间表投影到每个人身上的样子** —— **五种不同的时间表定义下都解释掉大部分,符号一致(6","机制找到了:那不是关于个人的,是共享时间表投影到每个人身上的样子",1,0
README_zh.md,152,,49603,"27 倍变化是 `(k−m)/k` 的算术界,归一化后的残余梯度比一个**按构造与广度无关**的种植效应还小。内容线也不解释它(PC4 只 0.2×),稀有度离散度也不(+0.191)。**机制已定位**(`#148` `#152`):**它是那张所有人共享的发育时间表投影到每个人身上的样子** —— **五种不同的时间表定义下都解释掉大部分,符号一致(61%–104%","方向立住,量级撤回:`#148a` 的分母错了,比值被高估 14 倍",1,0
README_zh.md,148,,49698,"机制已定位**(`#148` `#152`):**它是那张所有人共享的发育时间表投影到每个人身上的样子** —— **五种不同的时间表定义下都解释掉大部分,符号一致(61%–104%)**。⚠ **量级是规格依赖的**:`#148` 报的「80%,超出随机基准 44 个百分点 20.0×」已撤回 —— 那个基准是**一次**随机抽样(20 抽跨 −61%..+118%)","机制找到了:那不是关于个人的,是共享时间表投影到每个人身上的样子",1,0
README_zh.md,159,,49847,"—— 那个基准是**一次**随机抽样(20 抽跨 −61%..+118%),而判它用错了分母,正确读法是 **61 ± 44 个百分点 = 1.4×,不可分辨**。剩下的 **9.4×** 曾被当作""个人的"" —— 而 `#159` 证明**它几乎不是关于人的**:把一个人的兴趣劈两半,他的""提前倾向""分半信度只有 **0.105**;把**人**劈两半,**类别载荷的","那 20% 几乎不是关于人的,它是关于东西的",1,0
README_zh.md,149,,49989,"半,他的""提前倾向""分半信度只有 **0.105**;把**人**劈两半,**类别载荷的图样复现到 0.96(去掉稀有度后仍 0.81)**。**某些性兴趣就是会比共享时间表更早或更晚到来,对不同的人是同一套图样。** `#149` 说**那一部分是真的但不是一个特质**:同一批兴趣上两个独立读数一致(−0.5741,**91.6×**),换到这个人的**另一半**兴趣","那 20% 是真的,但它不是一个特质",1,0
README_zh.md,100,,50110,"一部分是真的但不是一个特质**:同一批兴趣上两个独立读数一致(−0.5741,**91.6×**),换到这个人的**另一半**兴趣上只剩 **−0.0910**(小 6.3 倍)。**喜欢什么罕见的东西是一个稳定的性质(`#100`:+0.4611,23.1×);什么时候得到它们,不是。**⚠ **机制 UNVERIFIED**:题目层 Spearman(稀有度, 起始","a reliable person-level trait in WHICH options are endorsed, independent of HOW MANY",1,0
README_zh.md,130,,50300,"中位数**)= +0.437,但中位数是一个**更差的时间表**(留出成对顺序 63.30% vs 均值 66.70%),而均值序与稀有度无关(+0.011)。左尾解释已死(−0.091)。**效应稳,机制未定** | `#130` `#131` | | **越是最终口味罕见的人,这个提前量越大** | −0.0459;**按答题类别数卡钳 1:1 匹配后 −0.041","人群从常见处开始,而每个人都在共享曲线上提前了自己那一份",1,0
README_zh.md,131,,50307," +0.437,但中位数是一个**更差的时间表**(留出成对顺序 63.30% vs 均值 66.70%),而均值序与稀有度无关(+0.011)。左尾解释已死(−0.091)。**效应稳,机制未定** | `#130` `#131` | | **越是最终口味罕见的人,这个提前量越大** | −0.0459;**按答题类别数卡钳 1:1 匹配后 −0.0417(3.1×,","66.852% 保住了;而""跳过排不出来的对""值 12.9 个百分点",1,0
README_zh.md,114,,50433,"终口味罕见的人,这个提前量越大** | −0.0459;**按答题类别数卡钳 1:1 匹配后 −0.0417(3.1×,保留 91%)**,三个匹配规格 85–100% 一致,置换零 17%,种植正对照 +0.5878。`#114` 的回忆偏差实际贡献 39%。**换成离散统计量后复现:匹配后 +0.0532,5.1×**。**而 `#150` 的预注册点预测命中**:","记忆把心爱的兴趣往前拉,约 0.74 年;这是这个数据集里第一个被直接量出来的回忆偏差",1,0
README_zh.md,150,,50490,"1×,保留 91%)**,三个匹配规格 85–100% 一致,置换零 17%,种植正对照 +0.5878。`#114` 的回忆偏差实际贡献 39%。**换成离散统计量后复现:匹配后 +0.0532,5.1×**。**而 `#150` 的预注册点预测命中**:换成""他最早那个有多罕见""来测,得 **+0.0370**(预测 +0.0404,符号按定义相反,判别量 0.2×","预注册的点预测命中了;而""一致""仍然不等于""证明了相同""",1,1
README_zh.md,151,,50637,"**+0.0370**(预测 +0.0404,符号按定义相反,判别量 0.2×)—— **这句话不依赖我用哪个统计量**。⚠ 但只是 CONSISTENT 不是 PROVEN:等价界只能排除大于效应 86% 的差异,而 `#151` 证明**这个 release 里没有能焊死它的工具**(强制选择更干净但只有 10 块,信度 0.252 vs 0.461,净结果是分辨率","强制选择没放大效应,它更吵;而""更干净""不等于""更好""",1,0
README_zh.md,128,,50719,"ROVEN:等价界只能排除大于效应 86% 的差异,而 `#151` 证明**这个 release 里没有能焊死它的工具**(强制选择更干净但只有 10 块,信度 0.252 vs 0.461,净结果是分辨率损失) | `#128` `#129` `#130` `#150` `#151` | | **它唯一挂得住的外部锚是性别** | +0.093(去衰减 +0.141",不寻常的东西一开始就在那里;而一遍双向去均值把这个结论的符号弄反了,1,0
README_zh.md,129,,50726,"价界只能排除大于效应 86% 的差异,而 `#151` 证明**这个 release 里没有能焊死它的工具**(强制选择更干净但只有 10 块,信度 0.252 vs 0.461,净结果是分辨率损失) | `#128` `#129` `#130` `#150` `#151` | | **它唯一挂得住的外部锚是性别** | +0.093(去衰减 +0.141)。人格五因素","特质链接不是覆盖度;而一次尺度不匹配的残差化,把两轮的 `corr(·,S)` 变成了负的勾选数",1,0
README_zh.md,130,,50733,"于效应 86% 的差异,而 `#151` 证明**这个 release 里没有能焊死它的工具**(强制选择更干净但只有 10 块,信度 0.252 vs 0.461,净结果是分辨率损失) | `#128` `#129` `#130` `#150` `#151` | | **它唯一挂得住的外部锚是性别** | +0.093(去衰减 +0.141)。人格五因素全部 \|r\","人群从常见处开始,而每个人都在共享曲线上提前了自己那一份",1,0
README_zh.md,150,,50740," 的差异,而 `#151` 证明**这个 release 里没有能焊死它的工具**(强制选择更干净但只有 10 块,信度 0.252 vs 0.461,净结果是分辨率损失) | `#128` `#129` `#130` `#150` `#151` | | **它唯一挂得住的外部锚是性别** | +0.093(去衰减 +0.141)。人格五因素全部 \|r\| ≤ 0.0","预注册的点预测命中了;而""一致""仍然不等于""证明了相同""",1,0
README_zh.md,151,,50747,"`#151` 证明**这个 release 里没有能焊死它的工具**(强制选择更干净但只有 10 块,信度 0.252 vs 0.461,净结果是分辨率损失) | `#128` `#129` `#130` `#150` `#151` | | **它唯一挂得住的外部锚是性别** | +0.093(去衰减 +0.141)。人格五因素全部 \|r\| ≤ 0.056,**开放","强制选择没放大效应,它更吵;而""更干净""不等于""更好""",1,0
README_zh.md,154,,50861,"1` | | **它唯一挂得住的外部锚是性别** | +0.093(去衰减 +0.141)。人格五因素全部 \|r\| ≤ 0.056,**开放性只有 +0.023** —— 它不是一般性的求新。**零的强度已量化**(`#154`):单次 curveball 零自己就能在人格上产生高到 **0.054** 的相关,而 `R15` 平均了三次,残余 ≈0.004,余量 ",我重抽的是一个已被取代的轮次;而那 10 抽仍然证明了 `R15` 的三次平均是必要的,1,0
README_zh.md,101,,50969,"*(`#154`):单次 curveball 零自己就能在人格上产生高到 **0.054** 的相关,而 `R15` 平均了三次,残余 ≈0.004,余量 23 倍 —— **这条声明安全,是因为设计而不是运气** | `#101` `#102` `#154` | | **人把最爱的性兴趣记得更早,约九个月** | −0.2000 年/评分标准差(**19.8× SE*","the trait tracks WHEN interests were acquired, more than it tracks personality",1,0
README_zh.md,102,,50976,"`):单次 curveball 零自己就能在人格上产生高到 **0.054** 的相关,而 `R15` 平均了三次,残余 ≈0.004,余量 23 倍 —— **这条声明安全,是因为设计而不是运气** | `#101` `#102` `#154` | | **人把最爱的性兴趣记得更早,约九个月** | −0.2000 年/评分标准差(**19.8× SE**),同类别内","the onset link does not survive its own matched null, and my gate checked the null against a number instead of against the effect",1,0
README_zh.md,154,,50983,"urveball 零自己就能在人格上产生高到 **0.054** 的相关,而 `R15` 平均了三次,残余 ≈0.004,余量 23 倍 —— **这条声明安全,是因为设计而不是运气** | `#101` `#102` `#154` | | **人把最爱的性兴趣记得更早,约九个月** | −0.2000 年/评分标准差(**19.8× SE**),同类别内打乱零 = 效",我重抽的是一个已被取代的轮次;而那 10 抽仍然证明了 `R15` 的三次平均是必要的,1,0
README_zh.md,153,,51072,"运气** | `#101` `#102` `#154` | | **人把最爱的性兴趣记得更早,约九个月** | −0.2000 年/评分标准差(**19.8× SE**),同类别内打乱零 = 效应的 **0–11%**(`#153`:原轮只抽了**一次**,那一抽是 20 抽里最小的;零的实现 sd 是效应的 5.5%),种植阶梯单调。**这是本数据集第一个被直接量出来",单次抽样的零不自动致命;伤害 = 零的实现 sd ÷ 效应,1,1
README_zh.md,162,,51190,"轮只抽了**一次**,那一抽是 20 抽里最小的;零的实现 sd 是效应的 5.5%),种植阶梯单调。**这是本数据集第一个被直接量出来的回忆偏差,而整个成熟时间表建立在它之上**。⚠ **它是人群规律,不是个人的**(`#162`):按人估计的斜率,其分半信度**在它自己零的实现噪声之内**(0.054 vs 零的 sd 0.058),而人特异种植被回收到 **0.4",回忆偏差是所有人共有的;而它的效应比它自己零的噪声还小,1,0
README_zh.md,114,,51323,"在它自己零的实现噪声之内**(0.054 vs 零的 sd 0.058),而人特异种植被回收到 **0.41–0.55** —— 所以这是一个真的缺席,不是没检出力。**「某些人比别人更会把最爱的记早」不成立。** | `#114` `#162` | | **而且这个记忆畸变随时间加深,十五年里几乎翻倍** | 15 岁组 −0.0505 → 30 岁组 −0.0917","记忆把心爱的兴趣往前拉,约 0.74 年;这是这个数据集里第一个被直接量出来的回忆偏差",1,0
README_zh.md,162,,51330,"现噪声之内**(0.054 vs 零的 sd 0.058),而人特异种植被回收到 **0.41–0.55** —— 所以这是一个真的缺席,不是没检出力。**「某些人比别人更会把最爱的记早」不成立。** | `#114` `#162` | | **而且这个记忆畸变随时间加深,十五年里几乎翻倍** | 15 岁组 −0.0505 → 30 岁组 −0.0917,年龄趋势 *",回忆偏差是所有人共有的;而它的效应比它自己零的噪声还小,1,0
README_zh.md,119,,51455,"这个记忆畸变随时间加深,十五年里几乎翻倍** | 15 岁组 −0.0505 → 30 岁组 −0.0917,年龄趋势 **3.5×**;残余伪影**符号相反**,校正只会放大。**它不是在回答问卷那一刻生成的** | `#119` | | **同类兴趣之间,先获得哪一个,预示你其余的整个偏好轮廓** | **+0.0159,6.1× 展布**,在减掉两项各自评分、它们","回忆畸变随年龄增强,所以它不是纯粹的""报告时刻建构"";而""伪影是否为零""一直是错的问题",1,0
README_zh.md,107,,51595,"其余的整个偏好轮廓** | **+0.0159,6.1× 展布**,在减掉两项各自评分、它们的差、以及人均评分之后。**成对设计对""作答水平""结构上免疫** —— 它的兄弟命题(""越早越在中心"")正是死在这个混淆上 | `#107` `#110` `#116` `#117` | | **而其余偏好被拉向先来的那一个** | 位移 **+0.0339 —— 3.1× 自身","顺序的痕迹不是「你是哪一类人」:跨类对的效应被类型吸收殆尽,同类对的存活",1,0
README_zh.md,110,,51602,"轮廓** | **+0.0159,6.1× 展布**,在减掉两项各自评分、它们的差、以及人均评分之后。**成对设计对""作答水平""结构上免疫** —— 它的兄弟命题(""越早越在中心"")正是死在这个混淆上 | `#107` `#110` `#116` `#117` | | **而其余偏好被拉向先来的那一个** | 位移 **+0.0339 —— 3.1× 自身展布**,零是","顺序效应在对的零上是 +0.0285(8.6× SE);剂量再次被自己的对照挡下,而这次机制查清了",1,0
README_zh.md,116,,51609,"**+0.0159,6.1× 展布**,在减掉两项各自评分、它们的差、以及人均评分之后。**成对设计对""作答水平""结构上免疫** —— 它的兄弟命题(""越早越在中心"")正是死在这个混淆上 | `#107` `#110` `#116` `#117` | | **而其余偏好被拉向先来的那一个** | 位移 **+0.0339 —— 3.1× 自身展布**,零是效应的 **6","顺序效应挺过了杀死它兄弟的那个混淆,而且原因是设计结构上的",1,0
README_zh.md,117,,51616,"59,6.1× 展布**,在减掉两项各自评分、它们的差、以及人均评分之后。**成对设计对""作答水平""结构上免疫** —— 它的兄弟命题(""越早越在中心"")正是死在这个混淆上 | `#107` `#110` `#116` `#117` | | **而其余偏好被拉向先来的那一个** | 位移 **+0.0339 —— 3.1× 自身展布**,零是效应的 **6%**,68 ","零修对后效应站得更稳;而""先来的把其余偏好拉向自己""刚过线",1,0
README_zh.md,118,,51799,"68 对里 46 对为正,生成式正对照单调开火。⚠ **加倍样本并没有加强它**(3.093 → 3.048),而源码里那句""加强成功""已撤回;强度的一位小数本身在自助噪声内(20 个种子:3.023–3.163) | `#118` `#142`,标 DESCRIPTION:方向不判别因果 | | ~~**""上/下""一个词盖着三件近乎不相关的事**~~ **降级为:三条","方向命题从 2.1× 升到 3.1×,但不是因为我预测的理由;而它原来的正对照是一个恒等式",1,0
README_zh.md,142,,51806,"6 对为正,生成式正对照单调开火。⚠ **加倍样本并没有加强它**(3.093 → 3.048),而源码里那句""加强成功""已撤回;强度的一位小数本身在自助噪声内(20 个种子:3.023–3.163) | `#118` `#142`,标 DESCRIPTION:方向不判别因果 | | ~~**""上/下""一个词盖着三件近乎不相关的事**~~ **降级为:三条角色轴之间相关","`#118` 宣布的""加强""没有发生,而它的判定压在一个落进噪声带的常数上",1,0
README_zh.md,141,,52127,"CE r_true = +0.605**,即**共享 37% 方差,不是 5%**。预注册判定落在中带(0.45 < 0.605 < 0.70)→ **UNVERIFIED**:既不是一个构念,也不是已确认可分。⚠ **`#141` 整条撤回** —— 它靠重跑 `A02/R034` 来""重新定价"",却没读 `Entry 24`,于是把已撤回的「2.95/3」写回了这一","A02 的结论站得住,但它引用错了自己的证据;而我的路标前提是错的",1,0
README_zh.md,143,,52261,"02/R034` 来""重新定价"",却没读 `Entry 24`,于是把已撤回的「2.95/3」写回了这一行,并推荐引用**原始**相关(0.112),而原始相关正是**被衰减压平**的那个 | `Entry 24` · `#143` | | **""极端""不是一条轴,是两个互斥的方向** | 卑贱污秽 ↔ 血/烧灼/武器 —— 喜欢一端的人系统性地不喜欢另一端 | A02",`#141` 整条撤回:我审计的是一个 118 条之前就已作废的版本,1,0
README_zh.md,26,,52632,"「其中 85% 是作答风格」这一步是 **UNVERIFIED** —— 每一道题都是情色内容且无反向计分,所以一般性同意倾向与一般性情色认可在这个 release 里分不开)。⚠ 但""其中 85% 是作答风格""这一步 `#26` 已降级为 **UNVERIFIED** —— 全部题项都是情欲内容且无反向计分,""泛泛同意""与""泛泛认可情欲事物""在本 release 分",a pre-registered kill that passed while the real problem sat next to it,1,0
README_zh.md,26,,52718,"开)。⚠ 但""其中 85% 是作答风格""这一步 `#26` 已降级为 **UNVERIFIED** —— 全部题项都是情欲内容且无反向计分,""泛泛同意""与""泛泛认可情欲事物""在本 release 分不开 | A06 · `#26` |  ---  # 被撤回的(留在这里,因为它们曾经被我报告过)  | 曾经的说法 | 现在 | 为什么 | |---|---|---| ",a pre-registered kill that passed while the real problem sat next to it,1,0
README_zh.md,67,,52876,"| 现在 | 为什么 | |---|---|---| | ""性是一个价值,不是一个类别""(epoch 标题) | **假,而且问题本身是两个** | 加载器第 1 行就删掉了对手;而块内基率≡内容,那个对比根本无法裁决 `#67` `#69` `#70` | | ""域一般胜过域特异,186/276"" | **反转:0 一般 / 201 特异** | 那 186 是我给","the epoch is named after the smaller of the two components, and the loader deleted the larger one first",1,1
README_zh.md,69,,52882," 为什么 | |---|---|---| | ""性是一个价值,不是一个类别""(epoch 标题) | **假,而且问题本身是两个** | 加载器第 1 行就删掉了对手;而块内基率≡内容,那个对比根本无法裁决 `#67` `#69` `#70` | | ""域一般胜过域特异,186/276"" | **反转:0 一般 / 201 特异** | 那 186 是我给域特异侧的 ","the item main effect is 1+1=2, and the algebra was checkable in one line",1,0
README_zh.md,70,,52888," |---|---|---| | ""性是一个价值,不是一个类别""(epoch 标题) | **假,而且问题本身是两个** | 加载器第 1 行就删掉了对手;而块内基率≡内容,那个对比根本无法裁决 `#67` `#69` `#70` | | ""域一般胜过域特异,186/276"" | **反转:0 一般 / 201 特异** | 那 186 是我给域特异侧的 −0.135","the epoch title was two questions wearing one sentence, and the answer differs between them",1,1
README_zh.md,82,,52969,"基率≡内容,那个对比根本无法裁决 `#67` `#69` `#70` | | ""域一般胜过域特异,186/276"" | **反转:0 一般 / 201 特异** | 那 186 是我给域特异侧的 −0.135 估计器坑 `#82` | | ""三个成分一样大(可预测性上),1.05×"" | **撤回** | 减零不修正估计器,它把估计器的失败记在被估计量头上 `#86`",#71 inverts: the person-side readout is mostly assembled PER DOMAIN,1,0
README_zh.md,86,,53039,"/ 201 特异** | 那 186 是我给域特异侧的 −0.135 估计器坑 `#82` | | ""三个成分一样大(可预测性上),1.05×"" | **撤回** | 减零不修正估计器,它把估计器的失败记在被估计量头上 `#86` `#87` `#88` | | ""少数人集中于稀有选项"" | **措辞撤回,存在性保留** | 是对称加宽,不是子群 `#99` | | ","a null correction credits a component with the DAMAGE its estimator does, and 87% of the person effect's correction was that",1,0
README_zh.md,87,,53045,"特异** | 那 186 是我给域特异侧的 −0.135 估计器坑 `#82` | | ""三个成分一样大(可预测性上),1.05×"" | **撤回** | 减零不修正估计器,它把估计器的失败记在被估计量头上 `#86` `#87` `#88` | | ""少数人集中于稀有选项"" | **措辞撤回,存在性保留** | 是对称加宽,不是子群 `#99` | | ""越早进入版","the −0.19 floor is an estimator artifact, and my own comparison let one arm peek at the test set",1,0
README_zh.md,88,,53051," 那 186 是我给域特异侧的 −0.135 估计器坑 `#82` | | ""三个成分一样大(可预测性上),1.05×"" | **撤回** | 减零不修正估计器,它把估计器的失败记在被估计量头上 `#86` `#87` `#88` | | ""少数人集中于稀有选项"" | **措辞撤回,存在性保留** | 是对称加宽,不是子群 `#99` | | ""越早进入版图的东西越在","with nothing subtracted anywhere, the item effect is 3.5–5.6× the interaction, and `#85`'s tie was the correction machinery",1,0
README_zh.md,99,,53104,",1.05×"" | **撤回** | 减零不修正估计器,它把估计器的失败记在被估计量头上 `#86` `#87` `#88` | | ""少数人集中于稀有选项"" | **措辞撤回,存在性保留** | 是对称加宽,不是子群 `#99` | | ""越早进入版图的东西越在中心"" | **撤回,只剩 10%** | 那不是时间,是""什么都给高分的人"" `#115` | | ""特","the check eleven rounds never ran: the distribution is symmetrically WIDER, not one-sidedly elevated",1,0
README_zh.md,115,,53166," | | ""少数人集中于稀有选项"" | **措辞撤回,存在性保留** | 是对称加宽,不是子群 `#99` | | ""越早进入版图的东西越在中心"" | **撤回,只剩 10%** | 那不是时间,是""什么都给高分的人"" `#115` | | ""特质追踪更早的获取年龄"" | **撤回** | −0.030 对零 −0.028,零是效应的 91% `#102` | | ""跨","`#112a` 撤回:那不是""早到来的东西在中心"",是""什么都给高分的人""",1,2
README_zh.md,102,,53229,"版图的东西越在中心"" | **撤回,只剩 10%** | 那不是时间,是""什么都给高分的人"" `#115` | | ""特质追踪更早的获取年龄"" | **撤回** | −0.030 对零 −0.028,零是效应的 91% `#102` | | ""跨块累积的 √n 反映潜结构"" | **反转** | 等预算下块越多越差;那是普通的 √N `#64` |  ---  # 这套","the onset link does not survive its own matched null, and my gate checked the null against a number instead of against the effect",1,0
README_zh.md,64,,53287,"""特质追踪更早的获取年龄"" | **撤回** | −0.030 对零 −0.028,零是效应的 91% `#102` | | ""跨块累积的 √n 反映潜结构"" | **反转** | 等预算下块越多越差;那是普通的 √N `#64` |  ---  # 这套数据做不到的(每条都量过,不是猜的)  | 做不到 | 量出来的边界 | |---|---| | 看见 ≤30% ","at equal data, fragmenting it across more blocks makes the signal worse, so the accumulation was never about blocks",1,0
README_zh.md,91,,53412," 这套数据做不到的(每条都量过,不是猜的)  | 做不到 | 量出来的边界 | |---|---| | 看见 ≤30% 人携带的结构(方差解释法) | 5% 携带者在 **±50 pp** 下技能不离地板;需 ≈30% `#91` | | 区分""一小群对某几样异常强烈""与""一条重尾连续谱"" | 保边际的集中/弥散种植在 3000 交换/块下都在零抖动内;**出路是外部","a structure carried by 5% of people is invisible at ANY strength, and that is what a fetish looks like",1,0
README_zh.md,122,,53499,"50 pp** 下技能不离地板;需 ≈30% `#91` | | 区分""一小群对某几样异常强烈""与""一条重尾连续谱"" | 保边际的集中/弥散种植在 3000 交换/块下都在零抖动内;**出路是外部锚,不是更强的种植** `#122` | | 区分记忆变模糊与故事被讲实 | 真实曲率是 **0.3× 自身展布** —— 它**根本没通过可分辨性**,所以这是**能力边界,","保边际的两个种植都太弱,问题停在能力边界;而尾部超出本身是真的",1,0
README_zh.md,120,,53601,"更强的种植** `#122` | | 区分记忆变模糊与故事被讲实 | 真实曲率是 **0.3× 自身展布** —— 它**根本没通过可分辨性**,所以这是**能力边界,不是零**;推到 2× 需约 **48 倍**样本 `#120` | | 直接测量交互幅度(不经模型) | **代数上不可能** —— 残差一阶矩是边际决定量,保边际零下恒等于零 `#105` | | 数","机制分不开,而且原因是真实曲率根本不可分辨;我的两个 gate 又各错了一次",1,0
README_zh.md,105,,53665,"通过可分辨性**,所以这是**能力边界,不是零**;推到 2× 需约 **48 倍**样本 `#120` | | 直接测量交互幅度(不经模型) | **代数上不可能** —— 残差一阶矩是边际决定量,保边际零下恒等于零 `#105` | | 数出维度 | 有诚实地板的估计器数不了;能数的地板是伪影 `#89` | | 呈现顺序首因 | release **按字母序**导","the direct measurement is algebraically impossible, which is why `#90` had to be indirect",1,0
README_zh.md,89,,53705,"倍**样本 `#120` | | 直接测量交互幅度(不经模型) | **代数上不可能** —— 残差一阶矩是边际决定量,保边际零下恒等于零 `#105` | | 数出维度 | 有诚实地板的估计器数不了;能数的地板是伪影 `#89` | | 呈现顺序首因 | release **按字母序**导出多选答案(119 对一致性 1.0000),显示顺序已毁 `#69` | |","the estimator with the honest floor cannot count dimensions, and the one that can count has a dishonest floor",1,0
README_zh.md,69,,53771,"等于零 `#105` | | 数出维度 | 有诚实地板的估计器数不了;能数的地板是伪影 `#89` | | 呈现顺序首因 | release **按字母序**导出多选答案(119 对一致性 1.0000),显示顺序已毁 `#69` | | 区分广度与默许 | 需反向计分或强制选择题项,本 release 没有 | | 因果方向 | 横断面,剥离过的 release |","the item main effect is 1+1=2, and the algebra was checkable in one line",1,0
README_zh.md,338,,54333,":比冷门度预测的更羞耻的是 `humiliation` · `gender` · `bestiality` · `incest`;更不羞耻的是 `vore` · `brutal` · `creepy/creature`(`#338` `#339`)。**而这件事本身是稳的**:把受访者随机劈半二十次,两半的 31 维残差向量相关 **+0.905 ± 0.042**(S","稀有度解释类别层羞耻的 58%,残差是噪声底的 5 倍",1,0
README_zh.md,339,,54340,"的更羞耻的是 `humiliation` · `gender` · `bestiality` · `incest`;更不羞耻的是 `vore` · `brutal` · `creepy/creature`(`#338` `#339`)。**而这件事本身是稳的**:把受访者随机劈半二十次,两半的 31 维残差向量相关 **+0.905 ± 0.042**(Spearman","那四成,这个项目现有的量一个也解释不了",1,0
README_zh.md,343,,54535,"0.95**),与一个合成的类别层真信号(**+0.942**)持平,远高于人层噪声对照(**−0.159 ± 0.229**)。⚠ **「稳」是信度,不是「真」** —— 一个可复现的类别层量仍然可以是别的东西的影子(`#343`)。|  **并且这里有一条可迁移的方法学结论 —— 但比我最初发表的那条小得多。**按块数匹配把 pornhabit 的一致性缺口从 0.",那 42% 是类别的一个高信度性质(分半 0.90),1,0
README_zh.md,169,,54722,"285 压到 0.0871 再到 0.0439,**并使它与性别的排序反转** —— 这个校正是**在那一个切分上直接测出来的**,它成立,而且从来不依赖任何相关 —— **但它是单切分的直接测量,自己的精度从未被估过(`#169`,这里是声明范围,不是承诺精度)**。**不**成立的是我架在它上面的那条定律:~~`corr(缺口, 覆盖度差) = +0.815`,9 ",公开面收窄后是干净的;而收窄途中撞出一条 `#20` 已经杀掉、却还挂在两份 README 上的定律,1,0
README_zh.md,20,,54809,"但它是单切分的直接测量,自己的精度从未被估过(`#169`,这里是声明范围,不是承诺精度)**。**不**成立的是我架在它上面的那条定律:~~`corr(缺口, 覆盖度差) = +0.815`,9 次切分~~ **已被 `#20` 杀掉** —— K ∈ {3,5,8,12} 上的中位 r 是 **+0.127**,最差留一是 **−0.294**(去掉 pornha","the coverage law was one point, and the point was 7.6× the rest of the range",1,0
README_zh.md,11,,55205,者自己的 `analysis/swarm/14-missingness.md`(**早五个月**)已写明:门控列上的分组比较是在比不同的子人群。**危害是他们记录的;一个切分上的一次校正是我的;那条定律谁的都不是。**(`#11` `#15` `#20`)  ---   ## 每个大轮确立了什么(R = 一次迭代、一次信念更新、一次提交)  **[R01 · 对象](,"**""How much porn you consume reorganises erotic grammar 2.4× more than sex does""** (`r31`, deficit **0.2285**, z=60)",1,0
README_zh.md,15,,55211,analysis/swarm/14-missingness.md`(**早五个月**)已写明:门控列上的分组比较是在比不同的子人群。**危害是他们记录的;一个切分上的一次校正是我的;那条定律谁的都不是。**(`#11` `#15` `#20`)  ---   ## 每个大轮确立了什么(R = 一次迭代、一次信念更新、一次提交)  **[R01 · 对象](A01_ob,"prior art, which the forecast predicted at p=0.75",1,0
README_zh.md,20,,55217,is/swarm/14-missingness.md`(**早五个月**)已写明:门控列上的分组比较是在比不同的子人群。**危害是他们记录的;一个切分上的一次校正是我的;那条定律谁的都不是。**(`#11` `#15` `#20`)  ---   ## 每个大轮确立了什么(R = 一次迭代、一次信念更新、一次提交)  **[R01 · 对象](A01_object_a,"the coverage law was one point, and the point was 7.6× the rest of the range",1,0
README_zh.md,321,,56335," +0.605** —— 它们共享 **37% 的方差,不是 5%**。 预注册的 kill 落在中间带(0.45 < 0.605 < 0.70):**UNVERIFIED**,既不是一个构念,也没被确认为不同。⚠ **`#321`:而这现在是一个**已判定的中间值**,不是测不出来** —— 自助 95% 区间是 **[+0.561, +0.659]**,整段都在带内","UNVERIFIED 从「测不出」升级成「测出来了,答案就在中间」",1,1
README_zh.md,358,,56688,"ion_and_time)** —— 兴趣按一张**人群共享**的时间表到来 (内容类早:外观 14.0、身体部位 14.4、衣物 14.7;关系类晚:权力动态 16.8、束缚 16.9、精神改变 17.0)。 ⚠ **`#358`:这张时间表现在有了它自己的证据,以及一个上限。**31 个类别均值是**分得开**的 ——全距 **3.37 年**,而自助区间平均宽 *","那张共享时间表现在有了它自己的证据,以及一个上限",1,1
README_zh.md,20,,58128,":探索者自己的 `analysis/swarm/14-missingness.md`,早五个月,就写明了 在受门控的列上做组间比较是在比较不同的子人群。 **危险是他们的;一次劈分上的一处更正是我的;那条定律谁的也不是(`#20`)。** 绘制内容 vs 真人内容的消费者 —— 后者的内容里没有真实身体 —— 相差 **0.0204 ± 0.0265**, 被界在性别","the coverage law was one point, and the point was 7.6× the rest of the range",1,0
README_zh.md,60,,59783,"# 共享信号是怎么累积的  **[RETRACTIONS #60]** `增量 = 0.00723 × √(源领域数)` —— 跨 n=1…31 的 CV **6.4%**, 对数形式 11.2%、线性形式 51.9%(`#60`),而置换标签的零在每一个 n 上都恰好是 0.0000。 **[机制被反转 —— #61、#64]** 块**不是**可互换的(子集方差是","the accumulation is √n, and that is the mechanism as well as the curve",1,0
README_zh.md,59,,60201,"S #59]** 两份大体独立的贡献,87% 可加,各自都对着两个**恰好为零**的对照: **跨块因子 +0.0409**(在另外 31 个块上拟合)与**块内结构 +0.0290**,合起来 **+0.0606**(`#59`)。 聚合起来的跨领域信号是**更大**的那一个 —— 逐对的块→块约等于 0(#49),而它跨块累积。  ## 题目边际  **[RETR","the aggregate cross-domain signal is larger than block-internal structure, and my verdict label confused largeness with sameness",1,0
README_zh.md,168,,61329,"账本 → 轮次(账本的数字现在还跑得出来吗;**账本判为错的旧值还在不在输出里**) | | `guard_lint.error_bar_scan()` | artifact → 精度(**真实臂到底有没有抖动来源**,`#168`) | | `lib/gates.py` | 10 条守卫 + 每轮用来攻自己的 `Gate` 比较规则 |  每个工具都带自己的 `P6`","不是 `#100` 一处:整个 A11 弧十轮都没有误差棒,而账本 57.5% 的条目不作任何精度陈述",1,0
